"country","model","block","year_month","weight","surprise_zscore","cross_mean_w","contrib_var"
"France","factor_midas","Expenditures","2013-01",0.274936757393156,0.581245173475262,1.94107618423689,0.508396659445062
"France","factor_midas","Expenditures","2013-06",0.275505298641831,-0.00844409780028469,-0.353541550128209,0.0328105463438744
"France","factor_midas","Expenditures","2013-07",0.274379620185005,0.0708818876995,0.0979886167664476,0.000201607219764836
"France","factor_midas","Expenditures","2013-08",0.274379620185005,-0.224113385754585,-0.74708391953686,0.0750423265314261
"France","factor_midas","Expenditures","2013-09",0.274379620185005,0.0885835987309651,0.0529113634509861,0.000349150363207219
"France","factor_midas","Expenditures","2013-10",0.275394561632496,0.536894080345008,0.163205991457708,0.0384568643247781
"France","factor_midas","Expenditures","2013-11",0.275394561632496,-0.956279393288787,-0.983325771921598,0.000201452938653231
"France","factor_midas","Expenditures","2013-12",0.275394561632496,0.098102131164838,0.076800887661341,0.000124958347637568
"France","factor_midas","Expenditures","2014-01",0.27414536946221,0.00630722524945684,-0.0706834202270061,0.00162501298663718
"France","factor_midas","Expenditures","2014-02",0.27414536946221,0.0523965386682999,0.476367954812527,0.0492781131247422
"France","factor_midas","Expenditures","2014-03",0.27414536946221,0.180590699881873,0.237549671251581,0.000889416516637794
"France","factor_midas","Expenditures","2014-04",0.274446023440493,0.0791894202983815,-0.621106154421048,0.134592142491585
"France","factor_midas","Expenditures","2014-05",0.274446023440493,-0.0202723042801348,0.49526581583588,0.0729421415129869
"France","factor_midas","Expenditures","2014-06",0.274446023440493,0.0888799856624251,0.469868715507627,0.0398365023400385
"France","factor_midas","Expenditures","2014-07",0.27488328113953,0.112998890890083,-0.225681035884938,0.0315302373890889
"France","factor_midas","Expenditures","2014-08",0.27488328113953,-0.00864566363951006,-0.534242797050158,0.075937151469507
"France","factor_midas","Expenditures","2014-09",0.27488328113953,0.110321686748256,0.0666843550851483,0.000523437338530899
"France","factor_midas","Expenditures","2014-10",0.273198398360045,0.186194360698401,0.690092335794254,0.0693686711768401
"France","factor_midas","Expenditures","2014-11",0.273198398360045,0.00752013679642493,0.2539449583342,0.0165900253775284
"France","factor_midas","Expenditures","2014-12",0.273198398360045,0.106733606172507,0.592226511929144,0.0643937808608126
"France","factor_midas","Expenditures","2015-01",0.273958617682933,0.0145659759528681,-0.462545660534878,0.0623627106611295
"France","factor_midas","Expenditures","2015-02",0.273958617682933,-1.56371107681702,-0.249517469435275,0.473155253925156
"France","factor_midas","Expenditures","2015-03",0.273958617682933,0.171130461237881,0.146066678823949,0.00017209893766694
"France","factor_midas","Expenditures","2015-04",0.272865085964972,0.78024229555241,0.622708056417322,0.00677170279793326
"France","factor_midas","Expenditures","2015-05",0.272865085964972,0.122546116385743,0.624472100680025,0.0687428175312492
"France","factor_midas","Expenditures","2015-06",0.272865085964972,-0.0960298442899378,-0.341613556678614,0.0164568643739276
"France","factor_midas","Expenditures","2015-07",0.272518600589433,-0.455132413908382,0.170931609358637,0.106815344550611
"France","factor_midas","Expenditures","2015-08",0.272518600589433,0.0700756371963877,-0.0676850918198027,0.0051718630324268
"France","factor_midas","Expenditures","2015-09",0.272518600589433,0.088231355761641,-0.147530356585623,0.0151475608023731
"France","factor_midas","Expenditures","2015-10",0.271829635161201,-0.0859423349277938,-0.0503892864792987,0.000343597892646399
"France","factor_midas","Expenditures","2015-11",0.271829635161201,0.0922375252586449,0.768464473397148,0.124303039900675
"France","factor_midas","Expenditures","2015-12",0.271829635161201,0.499151596676026,2.14017284244121,0.732023814185492
"France","factor_midas","Expenditures","2016-01",0.27116748092685,0.062393896503995,0.204728286453332,0.00549360329962446
"France","factor_midas","Expenditures","2016-02",0.27116748092685,0.33189927137486,0.0513548770397758,0.021342279211934
"France","factor_midas","Expenditures","2016-03",0.27116748092685,-0.0024803553377884,-0.132465407778207,0.00458167663231039
"France","factor_midas","Expenditures","2016-04",0.27024149176571,0.059793123092922,0.00896532679502215,0.000698159402149892
"France","factor_midas","Expenditures","2016-05",0.27024149176571,-0.883305601560886,-0.373160658131861,0.0703297708087071
"France","factor_midas","Expenditures","2016-06",0.27024149176571,0.116785561491802,0.0192381520618161,0.00257148212754835
"France","factor_midas","Expenditures","2016-07",0.269542404976246,0.183396359588598,0.218661257595057,0.000335206447344971
"France","factor_midas","Expenditures","2016-08",0.269542404976246,-0.309479455782113,-0.24438686295548,0.00114206347204065
"France","factor_midas","Expenditures","2016-09",0.269542404976246,0.115617037070713,-0.107980706625268,0.013476028867823
"France","factor_midas","Expenditures","2016-10",0.269854454376294,-0.0400564817913811,-0.700294172107267,0.117633282735661
"France","factor_midas","Expenditures","2016-11",0.269854454376294,0.782475077393226,0.654023950083828,0.00445251541092625
"France","factor_midas","Expenditures","2016-12",0.269854454376294,0.0701341099957164,-0.24616643392336,0.0269978679401159
"France","factor_midas","Expenditures","2017-01",0.269323466416481,-0.336468423763974,0.00532591933397445,0.0314632757677581
"France","factor_midas","Expenditures","2017-02",0.269323466416481,0.557766566186211,0.0477035220471561,0.070068353536759
"France","factor_midas","Expenditures","2017-03",0.269323466416481,0.0614374722981026,0.27258128393188,0.0120069004581563
"France","factor_midas","Expenditures","2017-04",0.269412631574325,0.0781199958809214,0.0301875020773173,0.000618981976770139
"France","factor_midas","Expenditures","2017-05",0.269412631574325,0.0869513765310568,-0.21309561260464,0.0242547331165688
"France","factor_midas","Expenditures","2017-06",0.269412631574325,0.0924449796933016,-0.00859877940096579,0.00275066019963058
"France","factor_midas","Expenditures","2017-07",0.269737143813941,0.0898657161626357,-0.00187624298463003,0.00227026615643185
"France","factor_midas","Expenditures","2017-08",0.269737143813941,0.128802274435736,-0.153956241817323,0.021566126221398
"France","factor_midas","Expenditures","2017-09",0.269737143813941,0.0182731527724236,0.0350617688598482,0.0000760274721136835
"France","factor_midas","Expenditures","2017-10",0.269272277455705,0.0976109369414709,0.0864194986502218,0.0000337258925722315
"France","factor_midas","Expenditures","2017-11",0.269272277455705,0.0634441775233626,-0.345484307736666,0.0450283850478354
"France","factor_midas","Expenditures","2017-12",0.269272277455705,0.106629263907862,0.0295128842790688,0.00160134500250226
"France","factor_midas","Expenditures","2018-01",0.269743419302901,0.0883303330580787,0.0210757397323627,0.00122009812655952
"France","factor_midas","Expenditures","2018-02",0.269743419302901,0.353619726654022,0.334607269592437,0.0000975051042213754
"France","factor_midas","Expenditures","2018-03",0.269743419302901,0.0500513883272475,-0.0545760485408928,0.00295285438393804
"France","factor_midas","Expenditures","2018-04",0.268966762356917,0.115274988143315,-0.130620382563301,0.0162629497685219
"France","factor_midas","Expenditures","2018-05",0.268966762356917,-0.0349869441923506,-0.40048063520755,0.0359300965964824
"France","factor_midas","Expenditures","2018-06",0.268966762356917,0.138944646018331,0.0144361418891954,0.00416962162236652
"France","factor_midas","Expenditures","2018-07",0.270524479717079,0.0742748647444516,-0.0184812825648111,0.00232751224083133
"France","factor_midas","Expenditures","2018-08",0.270524479717079,0.173753180663164,-0.377991722113831,0.0823537215839255
"France","factor_midas","Expenditures","2018-09",0.270524479717079,0.0948479628774824,-0.000866990804627132,0.00247837008025244
"France","factor_midas","Expenditures","2018-10",0.271142703463662,0.100979277631281,0.0324877042560346,0.00127195634953977
"France","factor_midas","Expenditures","2018-11",0.271142703463662,0.121389384699389,0.142176190347152,0.000117158400252826
"France","factor_midas","Expenditures","2018-12",0.271142703463662,0.0963370651225941,0.160941084297877,0.00113166268705709
"France","factor_midas","Expenditures","2019-01",0.271946750552855,0.0519435948338742,-0.0600384876911715,0.00341020866404309
"France","factor_midas","Expenditures","2019-02",0.271946750552855,-0.00314985566106641,0.0224434213150603,0.000178129425543847
"France","factor_midas","Expenditures","2019-03",0.271946750552855,0.133735517878453,0.00197350883302711,0.00472132927578988
"France","factor_midas","Expenditures","2019-04",0.272620739257298,0.0272420392966905,-0.0492218033259446,0.001593936918336
"France","factor_midas","Expenditures","2019-05",0.272620739257298,0.0297960540687372,-0.051810006649605,0.00181553121129349
"France","factor_midas","Expenditures","2019-06",0.272620739257298,0.0160092809215731,0.00831338168085539,0.0000161464717538007
"France","factor_midas","Expenditures","2019-07",0.272427948044767,0.13641309561816,0.0155646390913379,0.003978632951807
"France","factor_midas","Expenditures","2019-08",0.272427948044767,-0.119294258617274,0.256291125641441,0.0384298798222835
"France","factor_midas","Expenditures","2019-09",0.272427948044767,0.112150991000223,-0.080367339512604,0.0100970808327103
"France","factor_midas","Expenditures","2019-10",0.271711232612818,0.0360504782849059,0.0179957656534433,0.0000885704300417627
"France","factor_midas","Expenditures","2019-11",0.271711232612818,0.130489831558598,0.076741235940631,0.000784949712971242
"France","factor_midas","Expenditures","2019-12",0.271711232612818,0.111697507660062,0.0522638516343102,0.000959781745241447
"France","factor_midas","Expenditures","2020-01",0.268751107912543,0.125673962078939,0.0206789050575987,0.00296270200079403
"France","factor_midas","Expenditures","2020-02",0.268751107912543,0.398209495798617,0.0443703606104821,0.0336482121155114
"France","factor_midas","Expenditures","2020-03",0.268751107912543,1.01720642022324,0.610830768258164,0.0443818725365486
"France","factor_midas","Expenditures","2020-04",0.267258526083296,0.7670868964644,0.360121639458892,0.0442635496255125
"France","factor_midas","Expenditures","2020-05",0.267258526083296,-1.65738607284135,-0.56878351626274,0.316716193256267
"France","factor_midas","Expenditures","2020-06",0.267258526083296,0.03022748682036,-0.17420794749261,0.0111697618958495
"France","factor_midas","Expenditures","2020-07",0.274080020634986,0.935287035744932,0.311329773808869,0.106705563980879
"France","factor_midas","Expenditures","2020-08",0.274080020634986,-8.93309065268077,-4.52615790933084,5.32292348525785
"France","factor_midas","Expenditures","2020-09",0.274080020634986,1.20065399280853,0.327329538409039,0.209039626513122
"France","factor_midas","Expenditures","2020-10",0.272432256143419,-1.03183521268153,-0.518930230835247,0.0716691678303973
"France","factor_midas","Expenditures","2020-11",0.272432256143419,-0.597737730368035,-0.153225419291349,0.0538302149658505
"France","factor_midas","Expenditures","2020-12",0.272432256143419,-0.371274174436193,-0.520666493953081,0.00608016083629492
"France","factor_midas","Expenditures","2021-01",0.272628381167368,3.48468195803782,-0.0594128416238425,3.42437821161081
"France","factor_midas","Expenditures","2021-02",0.272628381167368,-5.0713107011596,-0.919035659598063,4.70049170518231
"France","factor_midas","Expenditures","2021-03",0.272628381167368,-0.0302738273887545,0.123234306164778,0.00642441884551898
"France","factor_midas","Expenditures","2021-04",0.270643500195637,0.0340960150395189,-0.0155561384882991,0.000667227258910008
"France","factor_midas","Expenditures","2021-05",0.270643500195637,-0.478130359450212,-0.51364952539122,0.000341446857290408
"France","factor_midas","Expenditures","2021-06",0.270643500195637,0.0940667010853863,0.328716249339983,0.0149017422188694
"France","factor_midas","Expenditures","2021-07",0.2744524155833,0.323412380232491,-0.148405951133117,0.0610965487418041
"France","factor_midas","Expenditures","2021-08",0.2744524155833,0.332011193939797,0.62749347353306,0.0239623793536347
"France","factor_midas","Expenditures","2021-09",0.2744524155833,0.108077208628255,-0.0372103826266659,0.00579327447048754
"France","factor_midas","Expenditures","2021-10",0.273354798156717,-0.0447798674074187,-0.360232218237548,0.0272015867113227
"France","factor_midas","Expenditures","2021-11",0.273354798156717,1.03275798548347,0.248603890701069,0.168085221462165
"France","factor_midas","Expenditures","2021-12",0.273354798156717,-0.166916379145408,0.23423149699984,0.0439881498443212
"France","factor_midas","Expenditures","2022-01",0.271503156932644,0.282277180958444,-2.46304716022676,2.0462665511376
"France","factor_midas","Expenditures","2022-02",0.271503156932644,-0.334869727705389,1.60031457785018,1.01676257000918
"France","factor_midas","Expenditures","2022-03",0.271503156932644,0.00478296691748395,-0.421986196525414,0.0494493909502515
"France","factor_midas","Expenditures","2022-04",0.270661407669894,-1.54981555237852,0.495288962907218,1.13202847532758
"France","factor_midas","Expenditures","2022-05",0.270661407669894,-0.556088438262475,-0.221395566504697,0.0303193064058463
"France","factor_midas","Expenditures","2022-06",0.270661407669894,0.658214667488811,-0.28378673138214,0.240175902676915
"France","factor_midas","Expenditures","2022-07",0.271083235349986,-1.34773075392331,0.582347117356712,1.00983942804931
"France","factor_midas","Expenditures","2022-08",0.271083235349986,0.23114798635594,-0.0337638085272262,0.0190241495194428
"France","factor_midas","Expenditures","2022-09",0.271083235349986,0.511991668525567,-0.293850221356988,0.17603634352107
"France","factor_midas","Expenditures","2022-10",0.272057124717422,1.06483760277646,0.430119761100593,0.109602766531934
"France","factor_midas","Expenditures","2022-11",0.272057124717422,0.498505385210839,0.0146439481069987,0.0636945283128311
"France","factor_midas","Expenditures","2022-12",0.272057124717422,-0.170913903511287,0.0213320356957304,0.0100548235544461
"France","factor_midas","Expenditures","2023-01",0.272227859889301,0.958987918931119,-0.0290078499952469,0.265731316080001
"France","factor_midas","Expenditures","2023-02",0.272227859889301,0.971510012962098,0.360596171630191,0.1015997171494
"France","factor_midas","Expenditures","2023-03",0.272227859889301,-0.163678421856526,0.0382793149241747,0.0111033379699712
"France","factor_midas","Expenditures","2023-04",0.273963578603463,-0.13490711692363,0.00109461161239442,0.00506735915787712
"France","factor_midas","Expenditures","2023-05",0.273963578603463,-0.381294449591285,-0.179165620224633,0.0111930734082549
"France","factor_midas","Expenditures","2023-06",0.273963578603463,0.394834687062182,-0.0113272402669257,0.0451950897248629
"France","factor_midas","Expenditures","2023-07",0.274105777340174,-0.0827961735891839,-0.104674830466484,0.000131207754765372
"France","factor_midas","Expenditures","2023-08",0.274105777340174,-0.726383501294923,-0.141685417476241,0.0937090489815103
"France","factor_midas","Expenditures","2023-09",0.274105777340174,-0.111309873175136,0.0251826883677217,0.00510665075873983
"France","factor_midas","Expenditures","2023-10",0.274695234743022,-0.0274016275011327,-0.0345150053518819,0.0000138996185570449
"France","factor_midas","Expenditures","2023-11",0.274695234743022,-0.0936487244052262,0.16134275109642,0.0178608634231974
"France","factor_midas","Expenditures","2023-12",0.274695234743022,-0.188954340140571,-0.122992286497367,0.00119519691187424
"France","factor_midas","Expenditures","2024-01",0.274663950215514,0.336767720509425,-0.151907555739002,0.0655907196712129
"France","factor_midas","Expenditures","2024-02",0.274663950215514,-0.280775587571589,-0.136519701962262,0.00571569103101383
"France","factor_midas","Expenditures","2024-03",0.274663950215514,-0.300821725620317,-0.0771154628845792,0.0137454178557305
"France","factor_midas","Expenditures","2024-04",0.274845715358176,0.269526225379181,-0.119112190422655,0.0415126468909063
"France","factor_midas","Expenditures","2024-05",0.274845715358176,0.327334680975016,0.349569212175497,0.000135876679495122
"France","factor_midas","Expenditures","2024-06",0.274845715358176,0.122307735099455,-0.00762379711268155,0.00464000117767043
"France","factor_midas","Expenditures","2024-07",0.275185511913839,0.105335313892504,0.0419982142453407,0.00110393095012454
"France","factor_midas","Expenditures","2024-08",0.275185511913839,0.404138005185676,0.0496075433060828,0.0345885756455042
"France","factor_midas","Expenditures","2024-09",0.275185511913839,0.086785920629713,0.0650014481935672,0.000130592927948093
"France","factor_midas","Expenditures","2024-10",0.274470951406687,0.276212183862874,-0.0691392569730455,0.0327354964986823
"France","factor_midas","Expenditures","2024-11",0.274470951406687,0.401252083779303,0.111546155074879,0.02303621661258
"France","factor_midas","Expenditures","2024-12",0.274470951406687,0.0112045429328835,-0.0566614199220189,0.00126415526526516
"France","factor_midas","Expenditures","2025-01",0.274060826203008,0.251924144984853,-0.0233356778978848,0.020765032483532
"France","factor_midas","Expenditures","2025-02",0.274060826203008,0.915807336360958,0.378798909257064,0.0790331268557438
"France","factor_midas","Expenditures","2025-03",0.274060826203008,0.487003197781065,0.192579726548634,0.0237570121634215
"France","factor_midas","Expenditures","2025-04",0.274661142396851,-0.0398800699506348,0.17801355321295,0.0130402603729734
"France","factor_midas","Expenditures","2025-05",0.274661142396851,0.809138982285359,-0.00921787181548794,0.183942748052224
"France","factor_midas","Expenditures","2025-06",0.274661142396851,0.223084949933117,-0.00282548114059499,0.0140174750137208
"France","factor_midas","Expenditures","2025-07",0.275442830913898,0.172752654812807,-0.0127466375979932,0.00947798436455477
"France","factor_midas","Expenditures","2025-08",0.275442830913898,-0.199594312753158,-0.166449150759764,0.000302601979804254
"France","factor_midas","Expenditures","2025-09",0.275442830913898,0.1180847367391,0.0219195908220401,0.00254722238761324
"France","factor_midas","Revenues","2013-06",0.275505298641831,-0.0676973491710754,0.664690090869002,0.147778662467201
"France","factor_midas","Revenues","2014-02",0.27414536946221,-0.0676973491710754,-0.175909104758762,0.00321018307398874
"France","factor_midas","Revenues","2014-03",0.27414536946221,0.827391292503795,0.0856179262457546,0.150842383476552
"France","factor_midas","Revenues","2014-04",0.274446023440493,-0.386199959801338,0.045928942962251,0.0512487848378906
"France","factor_midas","Revenues","2014-05",0.274446023440493,-2.92650360282641,-1.00396468793788,1.01439528307932
"France","factor_midas","Revenues","2014-06",0.274446023440493,0.416631881567946,0.714080101085259,0.0242817335841784
"France","factor_midas","Revenues","2014-07",0.27488328113953,0.581088247460654,0.195485444366322,0.0408722636108637
"France","factor_midas","Revenues","2014-08",0.27488328113953,-0.399030877968058,-0.110942733928572,0.0228138770964329
"France","factor_midas","Revenues","2014-09",0.27488328113953,-1.40234253806697,-0.135400787433025,0.441226534587295
"France","factor_midas","Revenues","2014-10",0.273198398360045,0.711929911640987,0.26705776022533,0.0540690313554041
"France","factor_midas","Revenues","2014-11",0.273198398360045,-0.227739170923825,-0.033257521706499,0.0103332135872347
"France","factor_midas","Revenues","2014-12",0.273198398360045,0.0246167495349916,-0.0371492398421689,0.00104226211931323
"France","factor_midas","Revenues","2015-01",0.273958617682933,0.271575971532063,-0.151495811564119,0.0490357800107882
"France","factor_midas","Revenues","2015-02",0.273958617682933,-0.71072811199124,-0.0276529148051337,0.127826824006264
"France","factor_midas","Revenues","2015-03",0.273958617682933,-0.145258136525244,-0.313811258509492,0.00778320677295516
"France","factor_midas","Revenues","2015-04",0.272865085964972,-0.00149354312655819,0.466281069445591,0.059706452112956
"France","factor_midas","Revenues","2015-05",0.272865085964972,-0.134577775496959,-0.000419521650381159,0.00491114507974943
"France","factor_midas","Revenues","2015-06",0.272865085964972,0.0332525924142032,0.33553037548883,0.0249321899262899
"France","factor_midas","Revenues","2015-07",0.272518600589433,0.0758997530565794,0.2006351923732,0.00424009778162721
"France","factor_midas","Revenues","2015-08",0.272518600589433,-0.190082703161924,-0.152821656966682,0.000378360890861022
"France","factor_midas","Revenues","2015-09",0.272518600589433,-0.41498625638112,-0.517511220389558,0.00286454336438894
"France","factor_midas","Revenues","2015-10",0.271829635161201,0.0186448133335667,0.0047074899076327,0.0000528026305270183
"France","factor_midas","Revenues","2015-11",0.271829635161201,0.458067896902307,-0.0391358898079366,0.0671994405358459
"France","factor_midas","Revenues","2015-12",0.271829635161201,-0.210082608794011,0.033088783775937,0.0160739186475041
"France","factor_midas","Revenues","2016-01",0.27116748092685,0.0809454249733781,0.0161881341372998,0.00113714265254372
"France","factor_midas","Revenues","2016-02",0.27116748092685,0.515418758624223,0.290849929757002,0.013675290318808
"France","factor_midas","Revenues","2016-03",0.27116748092685,0.212312064390334,0.0289083058278308,0.00912124392112752
"France","factor_midas","Revenues","2016-04",0.27024149176571,-0.420218405965351,-0.114112861551117,0.0253217910910919
"France","factor_midas","Revenues","2016-05",0.27024149176571,-0.162274204048243,-0.0386566150229281,0.00412964355556422
"France","factor_midas","Revenues","2016-06",0.27024149176571,-0.120888182754788,-0.0291019693806232,0.00227670591854696
"France","factor_midas","Revenues","2016-07",0.269542404976246,-0.409340664785993,-0.0441115661705712,0.035954879858208
"France","factor_midas","Revenues","2016-08",0.269542404976246,0.0452906817882599,0.0408847173453799,0.00000523249804764617
"France","factor_midas","Revenues","2016-09",0.269542404976246,-0.0175560864722435,0.0140593087609845,0.000269416586827762
"France","factor_midas","Revenues","2016-10",0.269854454376294,-0.0254567618990473,0.0323946312472107,0.000903144486300563
"France","factor_midas","Revenues","2016-11",0.269854454376294,-0.139355428808727,0.0559766609603524,0.0102961955905244
"France","factor_midas","Revenues","2016-12",0.269854454376294,0.073011608237603,0.320268839780331,0.0164978593111308
"France","factor_midas","Revenues","2017-01",0.269323466416481,-0.175577368684468,-0.0280606577730057,0.00586079643041095
"France","factor_midas","Revenues","2017-02",0.269323466416481,0.121241514308221,0.0175791896200144,0.00289411699408252
"France","factor_midas","Revenues","2017-03",0.269323466416481,-0.356513697656861,0.00626391342908115,0.0354450137204755
"France","factor_midas","Revenues","2017-04",0.269412631574325,0.338787076238528,0.0355010276681638,0.0247812277860169
"France","factor_midas","Revenues","2017-05",0.269412631574325,0.00390299072832519,0.126280432979971,0.00403478779089969
"France","factor_midas","Revenues","2017-06",0.269412631574325,-0.301716053253721,0.130371078888863,0.050299146968162
"France","factor_midas","Revenues","2017-07",0.269737143813941,-0.0217266255867797,0.0119855047925721,0.00030655835028432
"France","factor_midas","Revenues","2017-08",0.269737143813941,-0.0453804394768268,-0.0977249414777513,0.000739065448236257
"France","factor_midas","Revenues","2017-09",0.269737143813941,-0.0771756953814129,-0.0634347383407509,0.0000509301222044638
"France","factor_midas","Revenues","2017-10",0.269272277455705,-0.352671641875955,-0.000844254517597872,0.0333311985102832
"France","factor_midas","Revenues","2017-11",0.269272277455705,-0.0588799436042911,-0.0140025033823127,0.000542310231009828
"France","factor_midas","Revenues","2017-12",0.269272277455705,-0.0578899681522883,0.142126394981477,0.0107726536256446
"France","factor_midas","Revenues","2018-01",0.269743419302901,0.179793253282192,0.0474933021836148,0.00472139380335547
"France","factor_midas","Revenues","2018-02",0.269743419302901,-0.268808667907891,0.0960924025582194,0.0359170891953808
"France","factor_midas","Revenues","2018-03",0.269743419302901,-0.00907422462974548,-0.0181139481464084,0.000022042515437066
"France","factor_midas","Revenues","2018-04",0.268966762356917,-0.180135689939658,-0.0535162147552737,0.00431220733018556
"France","factor_midas","Revenues","2018-05",0.268966762356917,0.127474065645316,0.325573458998021,0.0105551620778513
"France","factor_midas","Revenues","2018-06",0.268966762356917,0.581608914443947,0.0959852100484516,0.0634305343847723
"France","factor_midas","Revenues","2018-07",0.270524479717079,-0.0645282118691125,-0.011713505427601,0.000754599148620832
"France","factor_midas","Revenues","2018-08",0.270524479717079,-0.0969388584885461,0.0279431012121892,0.00421896556729946
"France","factor_midas","Revenues","2018-09",0.270524479717079,-0.0920604851264434,-0.057195446207899,0.000328841695775802
"France","factor_midas","Revenues","2018-10",0.271142703463662,-0.0370619399701112,0.12995003203754,0.00756298310068245
"France","factor_midas","Revenues","2018-11",0.271142703463662,-0.19274851226263,-0.0975449622763949,0.00245756044068188
"France","factor_midas","Revenues","2018-12",0.271142703463662,-0.112231781318698,-0.0284267007752843,0.00190431425127155
"France","factor_midas","Revenues","2019-01",0.271946750552855,-0.0184115006638555,-0.0870043647806677,0.00127950429646982
"France","factor_midas","Revenues","2019-02",0.271946750552855,-0.00346109291946216,0.0306949255636749,0.000317262216230601
"France","factor_midas","Revenues","2019-03",0.271946750552855,-0.0908643566773677,-0.0164290909456892,0.00150675055504178
"France","factor_midas","Revenues","2019-04",0.272620739257298,0.0247653300264416,-0.0249621073334743,0.000674141478401677
"France","factor_midas","Revenues","2019-05",0.272620739257298,-0.0873773832560402,0.0142314972552641,0.00281463590927598
"France","factor_midas","Revenues","2019-06",0.272620739257298,-0.0167261604986679,0.183604172402797,0.0109408815585388
"France","factor_midas","Revenues","2019-07",0.272427948044767,-0.10679788619667,-0.0173687171299077,0.00217876329528416
"France","factor_midas","Revenues","2019-08",0.272427948044767,-0.0126107025518394,0.0427850353942338,0.000835996315801044
"France","factor_midas","Revenues","2019-09",0.272427948044767,-0.128414273955659,-0.0249365252728162,0.00291706161202778
"France","factor_midas","Revenues","2019-10",0.271711232612818,-0.0400221555515488,-0.00321950688508586,0.000368015189450561
"France","factor_midas","Revenues","2019-11",0.271711232612818,-0.0862430716110488,-0.0308746043203426,0.000832976205574502
"France","factor_midas","Revenues","2019-12",0.271711232612818,-0.0616872207875084,-0.0773430998839431,0.0000665982028986468
"France","factor_midas","Revenues","2020-01",0.268751107912543,-0.0479925325418718,0.0172845561508629,0.00114517489125279
"France","factor_midas","Revenues","2020-02",0.268751107912543,-0.0822753648282648,-0.0251228547323067,0.000877851147905642
"France","factor_midas","Revenues","2020-03",0.268751107912543,1.41435100142737,-0.436482448563781,0.920629618767147
"France","factor_midas","Revenues","2020-04",0.267258526083296,-0.386466952336446,1.57107750321224,1.02412940574204
"France","factor_midas","Revenues","2020-05",0.267258526083296,2.54692563711775,0.129587375056243,1.56173168439449
"France","factor_midas","Revenues","2020-06",0.267258526083296,1.05431116216193,-1.22068680676374,1.38322743922117
"France","factor_midas","Revenues","2020-07",0.274080020634986,3.3828117217065,0.350930084617859,2.51942748978441
"France","factor_midas","Revenues","2020-08",0.274080020634986,5.3270890770318,3.15886687419183,1.28850157273399
"France","factor_midas","Revenues","2020-09",0.274080020634986,-3.00506763381803,-1.21748335171593,0.875811075522939
"France","factor_midas","Revenues","2020-10",0.272432256143419,4.6991077442065,2.52202933820861,1.29123909659663
"France","factor_midas","Revenues","2020-11",0.272432256143419,-0.597946411055694,-1.79167630888171,0.388213531902004
"France","factor_midas","Revenues","2020-12",0.272432256143419,-1.82701374304702,-0.374443042775458,0.574821609767136
"France","factor_midas","Revenues","2021-01",0.272628381167368,-0.624791526593511,-0.370264396380985,0.0176619734071276
"France","factor_midas","Revenues","2021-02",0.272628381167368,0.726533150476549,-0.733446199416074,0.58111821838101
"France","factor_midas","Revenues","2021-03",0.272628381167368,0.806162477635435,-0.313570671166254,0.341822098039228
"France","factor_midas","Revenues","2021-04",0.270643500195637,-2.07520969613038,-0.659559454385774,0.542387330487068
"France","factor_midas","Revenues","2021-05",0.270643500195637,1.5587451231761,0.417038354915862,0.352782271932458
"France","factor_midas","Revenues","2021-06",0.270643500195637,-0.345626069349271,0.0588468295358442,0.0442768235565263
"France","factor_midas","Revenues","2021-07",0.2744524155833,-0.414292679796546,0.243576815294338,0.118780884652934
"France","factor_midas","Revenues","2021-08",0.2744524155833,0.936609953024631,0.427134624073915,0.0712382716627977
"France","factor_midas","Revenues","2021-09",0.2744524155833,-0.664783822674949,-0.0468951958641601,0.104782187405499
"France","factor_midas","Revenues","2021-10",0.273354798156717,0.0281790822155744,-0.629137684139369,0.118107131436588
"France","factor_midas","Revenues","2021-11",0.273354798156717,0.46180522095728,1.14697395854939,0.12832810451384
"France","factor_midas","Revenues","2021-12",0.273354798156717,-1.57661524514818,-0.754516326924362,0.184745919496148
"France","factor_midas","Revenues","2022-01",0.271503156932644,0.678995812394318,0.420863547887192,0.0180908705670307
"France","factor_midas","Revenues","2022-02",0.271503156932644,0.487071063016981,-1.16371135580152,0.739868527249293
"France","factor_midas","Revenues","2022-03",0.271503156932644,0.204450726962922,0.77705388875942,0.0890189294915087
"France","factor_midas","Revenues","2022-04",0.270661407669894,-1.71003526108679,-2.13701442115597,0.0493446068740735
"France","factor_midas","Revenues","2022-05",0.270661407669894,0.0503619265335348,-0.0633745550393555,0.00350127251613529
"France","factor_midas","Revenues","2022-06",0.270661407669894,0.215589903594834,0.0183131402869925,0.0105336335060818
"France","factor_midas","Revenues","2022-07",0.271083235349986,-0.135291973255178,0.0354210170328167,0.00790015841094808
"France","factor_midas","Revenues","2022-08",0.271083235349986,-0.681004874222035,-0.124397352607768,0.0839848211795464
"France","factor_midas","Revenues","2022-09",0.271083235349986,-0.347029837567036,0.226516161152595,0.0891741891130254
"France","factor_midas","Revenues","2022-10",0.272057124717422,1.69922153204565,-0.168869855229029,0.949415549153204
"France","factor_midas","Revenues","2022-11",0.272057124717422,-1.44330422920124,-0.0347691667503173,0.539753451809801
"France","factor_midas","Revenues","2022-12",0.272057124717422,-0.167122042707405,-0.446996674538114,0.0213101827637618
"France","factor_midas","Revenues","2023-01",0.272227859889301,0.54670588740032,1.20173353715348,0.116802418210529
"France","factor_midas","Revenues","2023-02",0.272227859889301,-0.552075997981751,-0.000956648888845465,0.0826844585111731
"France","factor_midas","Revenues","2023-03",0.272227859889301,0.295671446412497,0.064212901697336,0.014584078905739
"France","factor_midas","Revenues","2023-04",0.273963578603463,-0.801640780169831,-0.327313435748692,0.0616380874084067
"France","factor_midas","Revenues","2023-05",0.273963578603463,0.41760388955034,0.088959096011808,0.0295900939073197
"France","factor_midas","Revenues","2023-06",0.273963578603463,-0.382523381010667,-0.0448940580326572,0.0312300835626357
"France","factor_midas","Revenues","2023-07",0.274105777340174,1.12262046789482,0.299170374685242,0.185862919792857
"France","factor_midas","Revenues","2023-08",0.274105777340174,-2.08077868431796,-0.425639719967251,0.7509086630553
"France","factor_midas","Revenues","2023-09",0.274105777340174,1.02257469756915,0.174370092045789,0.19720569009446
"France","factor_midas","Revenues","2023-10",0.274695234743022,-0.499438362648728,-0.282991029721758,0.0128693200970416
"France","factor_midas","Revenues","2023-11",0.274695234743022,0.164234415334461,-0.0221619007750283,0.00954389769316036
"France","factor_midas","Revenues","2023-12",0.274695234743022,0.292540483056487,0.177904870774278,0.00360985897204713
"France","factor_midas","Revenues","2024-01",0.274663950215514,-0.472246696379534,-0.192888103228559,0.0214351107446444
"France","factor_midas","Revenues","2024-02",0.274663950215514,0.232678670389611,0.0858535202822135,0.00592110235848063
"France","factor_midas","Revenues","2024-03",0.274663950215514,-0.975081903577189,-0.315701500758973,0.119419083225023
"France","factor_midas","Revenues","2024-04",0.274845715358176,1.27000716579201,0.534555832713989,0.148660931601028
"France","factor_midas","Revenues","2024-05",0.274845715358176,-1.01790793345576,-0.066700083968474,0.248679406370395
"France","factor_midas","Revenues","2024-06",0.274845715358176,-0.646229188689337,-0.176926408485583,0.0605334219281269
"France","factor_midas","Revenues","2024-07",0.275185511913839,-1.49264733132021,-0.353140750769896,0.357321575585472
"France","factor_midas","Revenues","2024-08",0.275185511913839,0.552568767965563,0.154405288446545,0.0436263029910071
"France","factor_midas","Revenues","2024-09",0.275185511913839,-0.563046719168229,-0.204637212146124,0.0353496084224847
"France","factor_midas","Revenues","2024-10",0.274470951406687,0.755762669672909,0.237371674500158,0.07375836574808
"France","factor_midas","Revenues","2024-11",0.274470951406687,-0.283981921118343,-0.0452831616509948,0.0156385582336671
"France","factor_midas","Revenues","2024-12",0.274470951406687,0.0422153722551406,0.115147296842611,0.00145992900242278
"France","factor_midas","Revenues","2025-01",0.274060826203008,-0.033554909716799,-0.0340650592327203,0.0000000713250230081112
"France","factor_midas","Revenues","2025-02",0.274060826203008,-1.12401976872982,-0.829700093077712,0.0237402645977711
"France","factor_midas","Revenues","2025-03",0.274060826203008,0.351596399139356,0.0991393079326096,0.0174671524474347
"France","factor_midas","Revenues","2025-04",0.274661142396851,0.146627605297178,0.0213007345786713,0.00431405436721433
"France","factor_midas","Revenues","2025-05",0.274661142396851,-0.308533860980661,-0.148679111324442,0.00701856475995337
"France","factor_midas","Revenues","2025-06",0.274661142396851,0.0966250800983304,-0.0311209168800303,0.00448220609890537
"France","factor_midas","Revenues","2025-07",0.275442830913898,-0.250692287524314,-0.0639985169583064,0.0096004397696576
"France","factor_midas","Revenues","2025-08",0.275442830913898,0.236307579019862,0.0941540833136591,0.00556604305112289
"France","factor_midas","Revenues","2025-09",0.275442830913898,-0.198798755023253,-0.0394040586007128,0.00699808490166129
"France","sg_lasso","Expenditures","2013-01",0.274936757393156,-0.298383448167166,0.414212403892069,0.13961091915884
"France","sg_lasso","Expenditures","2013-02",0.274936757393156,-0.331744331198053,-0.225333949354931,0.00311315546835143
"France","sg_lasso","Expenditures","2013-03",0.274936757393156,-0.302867909355517,0.0528805119568797,0.0347951545074688
"France","sg_lasso","Expenditures","2013-04",0.275505298641831,-0.220250399839241,-0.600189482427373,0.0397702110132523
"France","sg_lasso","Expenditures","2013-05",0.275505298641831,0.0363127166212686,-0.440342679489528,0.0625949048631112
"France","sg_lasso","Expenditures","2013-06",0.275505298641831,0.325535592184485,-0.222335783972182,0.0826965093021165
"France","sg_lasso","Expenditures","2013-07",0.274379620185005,0.0100883081739801,0.300706244527692,0.023173769330515
"France","sg_lasso","Expenditures","2013-08",0.274379620185005,-0.562916893089369,0.26257543891059,0.186972587176318
"France","sg_lasso","Expenditures","2013-09",0.274379620185005,0.0204584397059077,0.188775431159105,0.00777334190491064
"France","sg_lasso","Expenditures","2013-10",0.275394561632496,0.153715270568712,-0.0064689910962023,0.00706634841942665
"France","sg_lasso","Expenditures","2013-11",0.275394561632496,-0.0337360119230052,-0.417481909147608,0.0405548547565841
"France","sg_lasso","Expenditures","2013-12",0.275394561632496,0.0189143640733745,-0.11517611441051,0.004951664834836
"France","sg_lasso","Expenditures","2014-01",0.27414536946221,-0.417058466747575,-0.0811272027250866,0.0309372539932757
"France","sg_lasso","Expenditures","2014-02",0.27414536946221,0.4221719860548,0.187312034840064,0.015121638354335
"France","sg_lasso","Expenditures","2014-03",0.27414536946221,0.050452700108173,0.042889568251836,0.0000156813792658154
"France","sg_lasso","Expenditures","2014-04",0.274446023440493,0.0591365823460334,0.103536366019228,0.000541026640723692
"France","sg_lasso","Expenditures","2014-05",0.274446023440493,-0.0987318007871582,-0.169022111263113,0.00135596308301303
"France","sg_lasso","Expenditures","2014-06",0.274446023440493,-0.227975209884562,-0.185354161669258,0.000498545953319977
"France","sg_lasso","Expenditures","2014-07",0.27488328113953,0.112505437550015,0.0612838143520161,0.000721198807850529
"France","sg_lasso","Expenditures","2014-08",0.27488328113953,0.201526705757684,0.0896095663935647,0.00344303571715441
"France","sg_lasso","Expenditures","2014-09",0.27488328113953,0.0548491306901477,0.0167187829318714,0.000399659240261137
"France","sg_lasso","Expenditures","2014-10",0.273198398360045,0.245248270547602,0.157301470770236,0.00211309114817526
"France","sg_lasso","Expenditures","2014-11",0.273198398360045,0.00199267894895382,-0.0179580246414214,0.000108741315247106
"France","sg_lasso","Expenditures","2014-12",0.273198398360045,0.0389085644461517,-0.00787266384954425,0.000597890138094991
"France","sg_lasso","Expenditures","2015-01",0.273958617682933,-0.220463577907104,-0.131511454251483,0.00216769216621086
"France","sg_lasso","Expenditures","2015-02",0.273958617682933,-0.0894509280948309,0.00930304088690862,0.00267173933607266
"France","sg_lasso","Expenditures","2015-03",0.273958617682933,-0.302024819706911,-0.0797163554998138,0.0135393234350286
"France","sg_lasso","Expenditures","2015-04",0.272865085964972,-0.194649543541844,0.0770577926870553,0.0201442312890627
"France","sg_lasso","Expenditures","2015-05",0.272865085964972,-0.0376847779335518,-0.0434085896036425,0.00000893961141314529
"France","sg_lasso","Expenditures","2015-06",0.272865085964972,0.184909817140023,0.0379872876989629,0.00589012841111497
"France","sg_lasso","Expenditures","2015-07",0.272518600589433,-0.112969147095493,-0.008506154128241,0.00297386383440828
"France","sg_lasso","Expenditures","2015-08",0.272518600589433,-0.033128207060962,0.0129290967673443,0.000578086958761461
"France","sg_lasso","Expenditures","2015-09",0.272518600589433,-0.1075178902164,-0.00928081769868593,0.00262994686399706
"France","sg_lasso","Expenditures","2015-10",0.271829635161201,0.221327241048114,0.0427918551066662,0.00866453809756708
"France","sg_lasso","Expenditures","2015-11",0.271829635161201,0.815097614020084,0.232155712753605,0.0923734891943688
"France","sg_lasso","Expenditures","2015-12",0.271829635161201,0.396563010499291,0.117757863710287,0.0211299454338408
"France","sg_lasso","Expenditures","2016-01",0.27116748092685,-0.114616885489495,-0.00575426091281787,0.00321362507741502
"France","sg_lasso","Expenditures","2016-02",0.27116748092685,0.221471030776476,0.0228934913474607,0.0106929578958479
"France","sg_lasso","Expenditures","2016-03",0.27116748092685,0.171228951246512,0.0850233025286615,0.00201515777908743
"France","sg_lasso","Expenditures","2016-04",0.27024149176571,-0.0571901950965657,-0.0741446692584179,0.0000776820502292219
"France","sg_lasso","Expenditures","2016-05",0.27024149176571,-0.287650266265167,-0.0341769227708314,0.0173626742234613
"France","sg_lasso","Expenditures","2016-06",0.27024149176571,-0.211833633346062,-0.0136881227901192,0.0106101250690165
"France","sg_lasso","Expenditures","2016-07",0.269542404976246,0.132410086419589,0.066199941738041,0.0011816154824585
"France","sg_lasso","Expenditures","2016-08",0.269542404976246,-0.100964180575818,-0.00590368046214528,0.00243571958727363
"France","sg_lasso","Expenditures","2016-09",0.269542404976246,-0.0932599391160098,0.0134948963325768,0.00307186559563664
"France","sg_lasso","Expenditures","2016-10",0.269854454376294,0.105830667020027,-0.0509102254318524,0.00662970526669347
"France","sg_lasso","Expenditures","2016-11",0.269854454376294,0.40348313013886,-0.0612393982215894,0.0582796646029033
"France","sg_lasso","Expenditures","2016-12",0.269854454376294,0.0293275811017715,0.133623148519677,0.00293535947137809
"France","sg_lasso","Expenditures","2017-01",0.269323466416481,-0.0217605619053699,0.0090146360908767,0.000255079705536708
"France","sg_lasso","Expenditures","2017-02",0.269323466416481,-0.22379380515712,0.0233872549322348,0.0164552534748306
"France","sg_lasso","Expenditures","2017-03",0.269323466416481,-0.25033450220077,-0.0234429069013247,0.0138647171138539
"France","sg_lasso","Expenditures","2017-04",0.269412631574325,0.267970509710113,0.0989428540026313,0.00769721274581399
"France","sg_lasso","Expenditures","2017-05",0.269412631574325,0.242634595751939,0.0851306243791453,0.00668345412670824
"France","sg_lasso","Expenditures","2017-06",0.269412631574325,0.0840948551707101,0.055485418491373,0.000220514203141071
"France","sg_lasso","Expenditures","2017-07",0.269737143813941,0.0287477489075676,0.0250171373726642,0.00000375405656348329
"France","sg_lasso","Expenditures","2017-08",0.269737143813941,0.0287477489075676,0.0393647436317061,0.0000304049264815905
"France","sg_lasso","Expenditures","2017-09",0.269737143813941,-0.225551943454137,-0.0375987660431453,0.00952884140074369
"France","sg_lasso","Expenditures","2017-10",0.269272277455705,-0.181446535239927,0.145823078533856,0.0288405150126349
"France","sg_lasso","Expenditures","2017-11",0.269272277455705,-0.330339170603311,-0.0676145974060318,0.0185863039002242
"France","sg_lasso","Expenditures","2017-12",0.269272277455705,0.0705724714834773,0.0704534229971964,0.00000000381627268477494
"France","sg_lasso","Expenditures","2018-01",0.269743419302901,0.160661571640739,0.0702507004460913,0.00220491659729491
"France","sg_lasso","Expenditures","2018-02",0.269743419302901,0.528759969479102,0.172097938856695,0.0343134680366294
"France","sg_lasso","Expenditures","2018-03",0.269743419302901,0.306250344894955,0.0831479735620863,0.0134263891664368
"France","sg_lasso","Expenditures","2018-04",0.268966762356917,0.214424849490203,0.0593607830124325,0.00646726941306418
"France","sg_lasso","Expenditures","2018-05",0.268966762356917,-0.669013950207054,-0.149877312697362,0.072487308581425
"France","sg_lasso","Expenditures","2018-06",0.268966762356917,0.115869681991803,0.0299812532138865,0.00198411998306234
"France","sg_lasso","Expenditures","2018-07",0.270524479717079,0.0287477489075676,0.0388792076801395,0.0000277683793369405
"France","sg_lasso","Expenditures","2018-08",0.270524479717079,0.0287477489075676,0.0318883081234678,0.00000266821329320551
"France","sg_lasso","Expenditures","2018-09",0.270524479717079,0.0287477489075676,0.00593377952319302,0.000140801823483334
"France","sg_lasso","Expenditures","2018-10",0.271142703463662,0.0287477489075676,0.0172278352750272,0.0000359829170872014
"France","sg_lasso","Expenditures","2018-11",0.271142703463662,0.0287477489075676,0.00712522766583839,0.000126768276773191
"France","sg_lasso","Expenditures","2018-12",0.271142703463662,0.195392059514392,0.0597538295564559,0.00498841009419167
"France","sg_lasso","Expenditures","2019-01",0.271946750552855,0.0287477489075676,0.0688671083188663,0.000437715427543973
"France","sg_lasso","Expenditures","2019-02",0.271946750552855,0.0287477489075676,0.0225690450828051,0.0000103819427483449
"France","sg_lasso","Expenditures","2019-03",0.271946750552855,0.41007172763041,0.0785586615604392,0.0298871961663741
"France","sg_lasso","Expenditures","2019-04",0.272620739257298,-0.436068836158821,-0.252052556807814,0.00923148103718816
"France","sg_lasso","Expenditures","2019-05",0.272620739257298,-0.112041615241472,0.0274089080784264,0.00530150515351115
"France","sg_lasso","Expenditures","2019-06",0.272620739257298,-0.261790018579243,-0.0658923160919198,0.0104620689102009
"France","sg_lasso","Expenditures","2019-07",0.272427948044767,0.0935129723756028,0.134693220216342,0.0004619868047024
"France","sg_lasso","Expenditures","2019-08",0.272427948044767,-0.02333171335792,0.0430338205664595,0.00119987732087552
"France","sg_lasso","Expenditures","2019-09",0.272427948044767,0.119806259544826,0.000185722309395125,0.00389819137633231
"France","sg_lasso","Expenditures","2019-10",0.271711232612818,0.0289110525595168,0.0467416558408327,0.0000863852645034078
"France","sg_lasso","Expenditures","2019-11",0.271711232612818,0.0293063295726864,0.127005430045683,0.00259351475374182
"France","sg_lasso","Expenditures","2019-12",0.271711232612818,0.0293063295726863,0.18294401204562,0.0064136179727654
"France","sg_lasso","Expenditures","2020-01",0.268751107912543,0.0353418839459783,0.557829068532929,0.0733671330551913
"France","sg_lasso","Expenditures","2020-02",0.268751107912543,0.175314323190728,-0.264541285262283,0.051996071353399
"France","sg_lasso","Expenditures","2020-03",0.268751107912543,0.18808471726538,-0.549212076210565,0.146094865717317
"France","sg_lasso","Expenditures","2020-04",0.267258526083296,0.409110715458196,-0.871883221431644,0.438556666719376
"France","sg_lasso","Expenditures","2020-05",0.267258526083296,2.55920344528374,-0.82033331407854,3.05243144086952
"France","sg_lasso","Expenditures","2020-06",0.267258526083296,2.45381062376347,-0.928187759532956,3.05687978711912
"France","sg_lasso","Expenditures","2020-07",0.274080020634986,1.60304537063613,1.72964884792699,0.00439307529260919
"France","sg_lasso","Expenditures","2020-08",0.274080020634986,-2.15217121842921,0.700419007707117,2.23026340311242
"France","sg_lasso","Expenditures","2020-09",0.274080020634986,-2.11473640054965,-0.567112058433735,0.656460323292911
"France","sg_lasso","Expenditures","2020-10",0.272432256143419,3.33809036286265,-1.79756740447871,7.18539549872655
"France","sg_lasso","Expenditures","2020-11",0.272432256143419,5.80691683723107,-0.792970772608244,11.866744914142
"France","sg_lasso","Expenditures","2020-12",0.272432256143419,-0.658645300079507,-0.0166228928645176,0.112294606669283
"France","sg_lasso","Expenditures","2021-01",0.272628381167368,-4.39537960373143,-1.14912531549308,2.8730033834834
"France","sg_lasso","Expenditures","2021-02",0.272628381167368,-5.84927803978994,-1.56210640859586,5.0108661876151
"France","sg_lasso","Expenditures","2021-03",0.272628381167368,0.462156192702197,0.110217208130572,0.0337680372407504
"France","sg_lasso","Expenditures","2021-04",0.270643500195637,2.76645467050976,0.717638952480542,1.13606556446316
"France","sg_lasso","Expenditures","2021-05",0.270643500195637,-0.23013488449976,-0.76476966265261,0.0773592078804253
"France","sg_lasso","Expenditures","2021-06",0.270643500195637,-1.21863207969145,-0.578661973713069,0.110845221925009
"France","sg_lasso","Expenditures","2021-07",0.2744524155833,-2.50550766714846,-1.19084868177856,0.474343862533352
"France","sg_lasso","Expenditures","2021-08",0.2744524155833,-1.05273939882704,-0.538362444115705,0.0726156222884848
"France","sg_lasso","Expenditures","2021-09",0.2744524155833,0.711374829022163,-0.00369425422832668,0.140334050359307
"France","sg_lasso","Expenditures","2021-10",0.273354798156717,0.747505213540445,0.42116742242947,0.0291112893267264
"France","sg_lasso","Expenditures","2021-11",0.273354798156717,1.31821805397929,0.644945822858193,0.123910499142123
"France","sg_lasso","Expenditures","2021-12",0.273354798156717,-0.952669873782889,-0.113993396370192,0.192271815118761
"France","sg_lasso","Expenditures","2022-01",0.271503156932644,-0.759863224372398,0.0500558797781305,0.178097642205069
"France","sg_lasso","Expenditures","2022-02",0.271503156932644,-1.59281557257385,-0.527772425378149,0.307970620775053
"France","sg_lasso","Expenditures","2022-03",0.271503156932644,-0.537514018916669,0.0929771644788751,0.107927699371303
"France","sg_lasso","Expenditures","2022-04",0.270661407669894,0.0287477489075676,-0.297919923575189,0.0288827574082167
"France","sg_lasso","Expenditures","2022-05",0.270661407669894,0.0287477489075676,-0.0173730548585933,0.000575731604941147
"France","sg_lasso","Expenditures","2022-06",0.270661407669894,0.0287477489075676,2.0807884898181,1.13972032714647
"France","sg_lasso","Expenditures","2022-07",0.271083235349986,0.0287477489075676,0.442567327888836,0.0464220942843145
"France","sg_lasso","Expenditures","2022-08",0.271083235349986,0.0287477489075676,0.321224452903142,0.0231891708351236
"France","sg_lasso","Expenditures","2022-09",0.271083235349986,0.0287477489075676,0.372610756868643,0.0320533610890972
"France","sg_lasso","Expenditures","2022-10",0.272057124717422,0.0287477489075676,0.316529411042092,0.0225313045076989
"France","sg_lasso","Expenditures","2022-11",0.272057124717422,0.0287477489075676,-0.324141598042146,0.0338795161958114
"France","sg_lasso","Expenditures","2022-12",0.272057124717422,0.0287477489075676,0.294011833780914,0.0191433090275698
"France","sg_lasso","Expenditures","2023-01",0.272227859889301,0.0287477489075676,-1.28114319592601,0.46709245141468
"France","sg_lasso","Expenditures","2023-02",0.272227859889301,0.0287477489075676,0.0179091099090337,0.0000319802660227069
"France","sg_lasso","Expenditures","2023-03",0.272227859889301,0.0287477489075676,-0.692151423671687,0.141475625616689
"France","sg_lasso","Expenditures","2023-04",0.273963578603463,0.0456679504718462,0.63313406943336,0.0945493351914444
"France","sg_lasso","Expenditures","2023-05",0.273963578603463,-0.077100944505715,0.226749895134714,0.0252937785559986
"France","sg_lasso","Expenditures","2023-06",0.273963578603463,-0.0414692535565032,0.556991122683509,0.0981213767098472
"France","sg_lasso","Expenditures","2023-07",0.274105777340174,0.0287477489075676,0.516323007219642,0.0651630657181638
"France","sg_lasso","Expenditures","2023-08",0.274105777340174,0.0287477489075676,-0.0860133765234215,0.00361000485922205
"France","sg_lasso","Expenditures","2023-09",0.274105777340174,0.0287477489075676,-0.369739021848927,0.0435257241365671
"France","sg_lasso","Expenditures","2023-10",0.274695234743022,0.0287477489075676,-0.101782392551128,0.00468028977667883
"France","sg_lasso","Expenditures","2023-11",0.274695234743022,0.0287477489075676,0.4028650931127,0.0384473853900685
"France","sg_lasso","Expenditures","2023-12",0.274695234743022,0.0287477489075676,1.03460596241098,0.277923108583871
"France","sg_lasso","Expenditures","2024-01",0.274663950215514,0.0287477489075676,-0.190883810132235,0.0132492455979147
"France","sg_lasso","Expenditures","2024-02",0.274663950215514,0.0287477489075676,0.143042425754736,0.00358801020766102
"France","sg_lasso","Expenditures","2024-03",0.274663950215514,0.0287477489075676,0.235736968819022,0.0117678498213981
"France","sg_lasso","Expenditures","2024-04",0.274845715358176,0.0287477489075676,-0.295643386321482,0.0289219070567031
"France","sg_lasso","Expenditures","2024-05",0.274845715358176,0.0287477489075676,1.39384634164579,0.512173387641129
"France","sg_lasso","Expenditures","2024-06",0.274845715358176,0.0287477489075676,0.662471331746486,0.110379572774724
"France","sg_lasso","Expenditures","2024-07",0.275185511913839,0.0287477489075676,1.14562909037588,0.343272993003807
"France","sg_lasso","Expenditures","2024-08",0.275185511913839,0.0287477489075676,0.0464570738480048,0.0000863037324892846
"France","sg_lasso","Expenditures","2024-09",0.275185511913839,0.0287477489075676,-0.152680045416068,0.00905801857053442
"France","sg_lasso","Expenditures","2024-10",0.274470951406687,0.0287477489075676,-0.0414627194581283,0.0013530072634744
"France","sg_lasso","Expenditures","2024-11",0.274470951406687,0.0287477489075676,-0.124242785896088,0.00642429556210657
"France","sg_lasso","Expenditures","2024-12",0.274470951406687,0.0287477489075676,0.0139072391458868,0.00006044968269791
"France","sg_lasso","Expenditures","2025-01",0.274060826203008,0.0287477489075676,-0.202602578469664,0.01466855046913
"France","sg_lasso","Expenditures","2025-02",0.274060826203008,0.0287477489075676,-0.486511756295851,0.072761054902524
"France","sg_lasso","Expenditures","2025-03",0.274060826203008,0.0287477489075676,-0.41648157325902,0.0543268444393143
"France","sg_lasso","Expenditures","2025-04",0.274661142396851,0.0287477489075676,0.515218397230352,0.0649995733091483
"France","sg_lasso","Expenditures","2025-05",0.274661142396851,0.0287477489075676,1.24006498895441,0.403007398221347
"France","sg_lasso","Expenditures","2025-06",0.274661142396851,0.0287477489075676,-0.136797910166904,0.00752718892418224
"France","sg_lasso","Expenditures","2025-07",0.275442830913898,0.0287477489075676,-0.29775006242391,0.0293624318600664
"France","sg_lasso","Expenditures","2025-08",0.275442830913898,0.0287477489075676,-0.286226677018124,0.0273263772344621
"France","sg_lasso","Expenditures","2025-09",0.275442830913898,0.0287477489075676,-0.112012212493223,0.00545744982302484
"France","sg_lasso","Revenues","2013-01",0.274936757393156,0.0608612449263978,0.53572268120828,0.0619964197192062
"France","sg_lasso","Revenues","2013-02",0.274936757393156,-0.0205016840301279,-0.0928261272409032,0.00143814608756652
"France","sg_lasso","Revenues","2013-03",0.274936757393156,-0.474678320537962,0.199047716219072,0.12479565621863
"France","sg_lasso","Revenues","2013-04",0.275505298641831,0.910098417007487,0.353821046140906,0.0852536030603265
"France","sg_lasso","Revenues","2013-05",0.275505298641831,-0.258700360836364,-0.554357468004658,0.0240827791136094
"France","sg_lasso","Revenues","2013-06",0.275505298641831,0.202393493165084,0.684521011519426,0.0640403647125701
"France","sg_lasso","Revenues","2013-07",0.274379620185005,0.0442423753615341,-0.833048184300217,0.211173181339205
"France","sg_lasso","Revenues","2013-08",0.274379620185005,0.0442423753615343,0.793042459611653,0.153845082763681
"France","sg_lasso","Revenues","2013-09",0.274379620185005,0.0718109649808267,0.454496578541477,0.0401824231211055
"France","sg_lasso","Revenues","2013-10",0.275394561632496,3.10456241136917,0.807959428226778,1.45253701715856
"France","sg_lasso","Revenues","2013-11",0.275394561632496,-1.20563012543489,-0.319259193628653,0.216364681605967
"France","sg_lasso","Revenues","2013-12",0.275394561632496,-2.21957299657905,-0.70571079821159,0.631143405769783
"France","sg_lasso","Revenues","2014-01",0.27414536946221,-0.407645830740123,0.220030376643048,0.108007085726148
"France","sg_lasso","Revenues","2014-02",0.27414536946221,-1.41876193688271,-0.12819811543115,0.456604184594989
"France","sg_lasso","Revenues","2014-03",0.27414536946221,-0.970601099196109,-0.135242717198802,0.191305115871529
"France","sg_lasso","Revenues","2014-04",0.274446023440493,-0.89138270838211,-0.247112297251871,0.113918252723799
"France","sg_lasso","Revenues","2014-05",0.274446023440493,2.01395671236604,0.516389258088635,0.615502369213508
"France","sg_lasso","Revenues","2014-06",0.274446023440493,-1.33661903900195,-0.329687379977875,0.278263942504716
"France","sg_lasso","Revenues","2014-07",0.27488328113953,0.736996012802929,0.329603380731976,0.0456220363989157
"France","sg_lasso","Revenues","2014-08",0.27488328113953,-0.942195431645521,-0.14183249648447,0.176084959830113
"France","sg_lasso","Revenues","2014-09",0.27488328113953,-1.13161469198171,-0.33297327301155,0.175328285355149
"France","sg_lasso","Revenues","2014-10",0.273198398360045,0.0714306716496474,0.00171059536959215,0.0013279870993768
"France","sg_lasso","Revenues","2014-11",0.273198398360045,0.0625178866586821,-0.0196206225236653,0.001843197111659
"France","sg_lasso","Revenues","2014-12",0.273198398360045,0.0618229401458693,0.116371521095747,0.000812914861415854
"France","sg_lasso","Revenues","2015-01",0.273958617682933,0.0759210952919291,-0.00506960004561366,0.00179702956135687
"France","sg_lasso","Revenues","2015-02",0.273958617682933,0.065677092516119,0.267686205212421,0.0111796160453639
"France","sg_lasso","Revenues","2015-03",0.273958617682933,0.039746574007946,-0.388601452807709,0.0502664838774334
"France","sg_lasso","Revenues","2015-04",0.272865085964972,0.070615401997291,0.0610517086325716,0.0000249573951929707
"France","sg_lasso","Revenues","2015-05",0.272865085964972,0.0816018960366951,-0.292912241345576,0.0382722859183188
"France","sg_lasso","Revenues","2015-06",0.272865085964972,0.0888884602799383,0.816865792067931,0.144605123970843
"France","sg_lasso","Revenues","2015-07",0.272518600589433,0.0666527691720861,-0.00632190450739117,0.00145124412090032
"France","sg_lasso","Revenues","2015-08",0.272518600589433,0.0881523460664461,0.0335067055885719,0.00081378033540827
"France","sg_lasso","Revenues","2015-09",0.272518600589433,0.0852137802144877,0.0531516158216657,0.000280144321141311
"France","sg_lasso","Revenues","2015-10",0.271829635161201,0.0858939621655006,0.156726313849165,0.00136382963802549
"France","sg_lasso","Revenues","2015-11",0.271829635161201,-0.0106646362874287,-0.070517339130548,0.00097378781642925
"France","sg_lasso","Revenues","2015-12",0.271829635161201,0.0847095433280549,-0.411258649725222,0.0668658628966654
"France","sg_lasso","Revenues","2016-01",0.27116748092685,0.102381903800336,0.00623459992660728,0.00250675464004179
"France","sg_lasso","Revenues","2016-02",0.27116748092685,0.210216848974502,0.245886264252117,0.000345008334659711
"France","sg_lasso","Revenues","2016-03",0.27116748092685,-0.00515905851475968,0.132547191565048,0.00514215200800277
"France","sg_lasso","Revenues","2016-04",0.27024149176571,0.0119207019038532,0.0189982353186776,0.0000135367960740165
"France","sg_lasso","Revenues","2016-05",0.27024149176571,-0.216130174452191,-0.0855074978107355,0.00461093698731053
"France","sg_lasso","Revenues","2016-06",0.27024149176571,0.138689045666891,0.0664231242971403,0.00141129927343968
"France","sg_lasso","Revenues","2016-07",0.269542404976246,0.0739511214641507,0.0137348777891672,0.000977359682900934
"France","sg_lasso","Revenues","2016-08",0.269542404976246,0.0671958005102341,0.0304364354412745,0.000364219422776764
"France","sg_lasso","Revenues","2016-09",0.269542404976246,0.0321869644154746,0.0530276240724776,0.000117071186970643
"France","sg_lasso","Revenues","2016-10",0.269854454376294,0.119267897862202,-0.0162505826947175,0.00495594683154973
"France","sg_lasso","Revenues","2016-11",0.269854454376294,0.157235220876808,0.199377285836437,0.000479249000266561
"France","sg_lasso","Revenues","2016-12",0.269854454376294,0.0581720510356177,0.0530066268884707,0.00000720015039630404
"France","sg_lasso","Revenues","2017-01",0.269323466416481,0.0535837830943721,0.0312135725547917,0.000134776551076717
"France","sg_lasso","Revenues","2017-02",0.269323466416481,0.106747366139718,0.0623129627812663,0.000531756615623464
"France","sg_lasso","Revenues","2017-03",0.269323466416481,0.138504263095637,-0.0168963946938782,0.00650399054311656
"France","sg_lasso","Revenues","2017-04",0.269412631574325,0.158132584591324,0.0510719141643747,0.00308800412176358
"France","sg_lasso","Revenues","2017-05",0.269412631574325,-0.0327599232751212,0.0860112061083387,0.00380049115687967
"France","sg_lasso","Revenues","2017-06",0.269412631574325,-0.122024676636564,-0.178238701134915,0.000851348374635077
"France","sg_lasso","Revenues","2017-07",0.269737143813941,0.0179921758805156,0.0582430616009815,0.000437010264154231
"France","sg_lasso","Revenues","2017-08",0.269737143813941,0.0452889595489617,0.0861132343063473,0.000449549698808662
"France","sg_lasso","Revenues","2017-09",0.269737143813941,0.284034908967824,-0.0352792063904694,0.027502804939967
"France","sg_lasso","Revenues","2017-10",0.269272277455705,-0.122323885963407,-0.0498902616281129,0.00141277199138875
"France","sg_lasso","Revenues","2017-11",0.269272277455705,0.0538036473879669,0.0870924765601552,0.000298393036932864
"France","sg_lasso","Revenues","2017-12",0.269272277455705,0.032351897528566,0.0657504575516384,0.00030036348097293
"France","sg_lasso","Revenues","2018-01",0.269743419302901,0.131464580550841,-0.0333098126824743,0.00732369585961459
"France","sg_lasso","Revenues","2018-02",0.269743419302901,0.0152562026787712,-0.16011795571637,0.00829625434645093
"France","sg_lasso","Revenues","2018-03",0.269743419302901,0.0840199390434502,0.290107777665934,0.0114565957056114
"France","sg_lasso","Revenues","2018-04",0.268966762356917,0.079641187862848,0.13226095834808,0.000744725996428238
"France","sg_lasso","Revenues","2018-05",0.268966762356917,-0.0000404138293990111,0.241946114971762,0.0157500158399881
"France","sg_lasso","Revenues","2018-06",0.268966762356917,0.134072119757887,-0.249131359222494,0.0394963990168333
"France","sg_lasso","Revenues","2018-07",0.270524479717079,0.0885188497645161,-0.284712090304681,0.0376844210733058
"France","sg_lasso","Revenues","2018-08",0.270524479717079,0.0343000399753886,-0.202225087240773,0.0151342582317668
"France","sg_lasso","Revenues","2018-09",0.270524479717079,-0.133788108860578,-0.0102279643690116,0.00413012680199958
"France","sg_lasso","Revenues","2018-10",0.271142703463662,0.164338246006207,0.295394581007241,0.00465708279866095
"France","sg_lasso","Revenues","2018-11",0.271142703463662,-0.145972141618548,0.113068543918854,0.0181942385017322
"France","sg_lasso","Revenues","2018-12",0.271142703463662,0.305676636316898,0.236819093452517,0.00128558549639279
"France","sg_lasso","Revenues","2019-01",0.271946750552855,-0.227629582291456,-0.214910513859093,0.0000439941044726673
"France","sg_lasso","Revenues","2019-02",0.271946750552855,0.500957047318293,0.0519090367186598,0.0548364620663012
"France","sg_lasso","Revenues","2019-03",0.271946750552855,-0.258250419187561,0.0209359221320253,0.0211968930559418
"France","sg_lasso","Revenues","2019-04",0.272620739257298,0.0608612449263978,0.0844174532946536,0.000151275872212132
"France","sg_lasso","Revenues","2019-05",0.272620739257298,0.0608612449263978,0.253864355014804,0.0101551771988278
"France","sg_lasso","Revenues","2019-06",0.272620739257298,0.0608612449263978,-0.120904649483628,0.00900707308605774
"France","sg_lasso","Revenues","2019-07",0.272427948044767,0.0608612449263978,-0.0187948853093824,0.00172858232363288
"France","sg_lasso","Revenues","2019-08",0.272427948044767,0.0608612449263978,-0.0863575282034265,0.00590443094312381
"France","sg_lasso","Revenues","2019-09",0.272427948044767,0.0608612449263978,0.192093930613958,0.00469175896847476
"France","sg_lasso","Revenues","2019-10",0.271711232612818,0.0608612449263978,0.0359209393964183,0.000169009505705431
"France","sg_lasso","Revenues","2019-11",0.271711232612818,0.0608612449263978,-0.032970569595486,0.00239225693497675
"France","sg_lasso","Revenues","2019-12",0.271711232612818,0.0608612449263978,-0.051271405065753,0.00341642400133523
"France","sg_lasso","Revenues","2020-01",0.268751107912543,0.105773782774542,0.141496148638065,0.000342949908694247
"France","sg_lasso","Revenues","2020-02",0.268751107912543,0.105773782774543,0.0134660166617934,0.00228995393048677
"France","sg_lasso","Revenues","2020-03",0.268751107912543,0.0608612449263978,0.0862915040266301,0.000173800824921867
"France","sg_lasso","Revenues","2020-04",0.267258526083296,-0.0932084313705982,-0.057390534007841,0.000342871781728323
"France","sg_lasso","Revenues","2020-05",0.267258526083296,-0.0932084313705982,0.183555668353453,0.0204715666370298
"France","sg_lasso","Revenues","2020-06",0.267258526083296,0.0574555681740565,-0.335990432195634,0.041371554414653
"France","sg_lasso","Revenues","2020-07",0.274080020634986,1.70178007240057,-3.02015382449282,6.11106895796624
"France","sg_lasso","Revenues","2020-08",0.274080020634986,0.407143187530461,-3.10396647146436,3.37882862994023
"France","sg_lasso","Revenues","2020-09",0.274080020634986,5.61725412489224,3.34310199177308,1.41747825948562
"France","sg_lasso","Revenues","2020-10",0.272432256143419,0.311286760009463,2.76115697062068,1.63510136389162
"France","sg_lasso","Revenues","2020-11",0.272432256143419,-3.76038435660146,0.703776366325213,5.42922913754102
"France","sg_lasso","Revenues","2020-12",0.272432256143419,-4.84706466994902,-3.3451629432474,0.614527836679177
"France","sg_lasso","Revenues","2021-01",0.272628381167368,-2.57970505726264,-2.23149669086627,0.0330559366984372
"France","sg_lasso","Revenues","2021-02",0.272628381167368,1.43507398293611,-0.403659186370632,0.921740108486519
"France","sg_lasso","Revenues","2021-03",0.272628381167368,0.504309650934953,0.274574872827117,0.0143887993142062
"France","sg_lasso","Revenues","2021-04",0.270643500195637,-1.5826487624394,-0.0961852431179299,0.598006785622751
"France","sg_lasso","Revenues","2021-05",0.270643500195637,1.2538781697876,0.536206434002393,0.139395671019445
"France","sg_lasso","Revenues","2021-06",0.270643500195637,-0.248691939334308,-0.133849230546993,0.00356947592174898
"France","sg_lasso","Revenues","2021-07",0.2744524155833,1.72333488636798,0.879316700036937,0.195510761282556
"France","sg_lasso","Revenues","2021-08",0.2744524155833,0.423031333549134,0.132189217611006,0.0232156928180095
"France","sg_lasso","Revenues","2021-09",0.2744524155833,0.393287989418526,0.113516603267652,0.02148194729684
"France","sg_lasso","Revenues","2021-10",0.273354798156717,1.0090682610915,0.360860301110207,0.114856458515961
"France","sg_lasso","Revenues","2021-11",0.273354798156717,0.152155560509242,0.550993695355402,0.0434830555834006
"France","sg_lasso","Revenues","2021-12",0.273354798156717,0.217108945864182,-0.069620009331754,0.0224734529891755
"France","sg_lasso","Revenues","2022-01",0.271503156932644,0.0101437884615262,-0.158887712965181,0.00775729275961465
"France","sg_lasso","Revenues","2022-02",0.271503156932644,-0.360877435016345,-0.999758957400984,0.110819334867419
"France","sg_lasso","Revenues","2022-03",0.271503156932644,0.428750987525973,0.664841026081708,0.0151331804245851
"France","sg_lasso","Revenues","2022-04",0.270661407669894,0.0668707858145251,0.142316279961645,0.00154061084591417
"France","sg_lasso","Revenues","2022-05",0.270661407669894,-0.0106171252208007,0.134911821414237,0.00573224980097599
"France","sg_lasso","Revenues","2022-06",0.270661407669894,0.234830506099189,0.0202331731292608,0.0124645032919529
"France","sg_lasso","Revenues","2022-07",0.271083235349986,0.375426798569644,0.140838622717924,0.0149181474951034
"France","sg_lasso","Revenues","2022-08",0.271083235349986,0.0711893714123037,0.229441561199311,0.00678894228587584
"France","sg_lasso","Revenues","2022-09",0.271083235349986,0.322054037817118,-0.747223026943135,0.309943949995082
"France","sg_lasso","Revenues","2022-10",0.272057124717422,0.28052500974795,0.549427234505976,0.0196720171597973
"France","sg_lasso","Revenues","2022-11",0.272057124717422,-0.0752874053968112,-0.355035417378066,0.0212909049768466
"France","sg_lasso","Revenues","2022-12",0.272057124717422,0.0764824358241163,0.112134065883692,0.000345795141174171
"France","sg_lasso","Revenues","2023-01",0.272227859889301,0.184422039380214,0.210264595332919,0.00018180402732586
"France","sg_lasso","Revenues","2023-02",0.272227859889301,-0.757867452032607,0.364743095683339,0.343076369618931
"France","sg_lasso","Revenues","2023-03",0.272227859889301,-0.655525466919371,-0.0634414279437263,0.0954331538674433
"France","sg_lasso","Revenues","2023-04",0.273963578603463,-0.942065736122105,-0.498040019181721,0.0540143406212172
"France","sg_lasso","Revenues","2023-05",0.273963578603463,1.24299099220601,-0.00854638422815861,0.429121701961948
"France","sg_lasso","Revenues","2023-06",0.273963578603463,0.263552873064709,-0.0706152345832432,0.0305930537059945
"France","sg_lasso","Revenues","2023-07",0.274105777340174,1.92211329020973,0.553418080138196,0.513489637894641
"France","sg_lasso","Revenues","2023-08",0.274105777340174,-1.60463606536606,-0.464043367448484,0.356598377707542
"France","sg_lasso","Revenues","2023-09",0.274105777340174,0.515562095065476,0.154345449866932,0.0357646269057423
"France","sg_lasso","Revenues","2023-10",0.274695234743022,-1.25845639450768,-0.203364651510907,0.305795840840015
"France","sg_lasso","Revenues","2023-11",0.274695234743022,1.5859302212401,0.459668684174445,0.348441304638318
"France","sg_lasso","Revenues","2023-12",0.274695234743022,0.0835003884639616,0.0610449668518858,0.000138513962288911
"France","sg_lasso","Revenues","2024-01",0.274663950215514,0.36409930795333,0.0626691642952849,0.0249560026364593
"France","sg_lasso","Revenues","2024-02",0.274663950215514,-0.0113057612721615,0.114653913142202,0.00435777417213633
"France","sg_lasso","Revenues","2024-03",0.274663950215514,-0.542765838652203,-0.170273676516249,0.0381097359388329
"France","sg_lasso","Revenues","2024-04",0.274845715358176,-0.613341717072027,-0.302653158620536,0.026530136904679
"France","sg_lasso","Revenues","2024-05",0.274845715358176,-2.2875204669259,-0.793070143111982,0.613835410339077
"France","sg_lasso","Revenues","2024-06",0.274845715358176,-1.4775141038998,-0.337362351071707,0.357284593650165
"France","sg_lasso","Revenues","2024-07",0.275185511913839,-0.925920581004975,0.0521116991962831,0.263227914697636
"France","sg_lasso","Revenues","2024-08",0.275185511913839,1.79692561335588,0.880318964902148,0.231201991824009
"France","sg_lasso","Revenues","2024-09",0.275185511913839,-0.683790846663513,-0.243805446519762,0.053272379616531
"France","sg_lasso","Revenues","2024-10",0.274470951406687,0.964157719717906,0.258717490875427,0.13658934815699
"France","sg_lasso","Revenues","2024-11",0.274470951406687,-0.921254234750295,-0.319413566449216,0.0994167244061882
"France","sg_lasso","Revenues","2024-12",0.274470951406687,-0.0298346949444891,0.12717339228518,0.00676613148799593
"France","sg_lasso","Revenues","2025-01",0.274060826203008,0.201528798766718,0.165299441697856,0.000359723008357773
"France","sg_lasso","Revenues","2025-02",0.274060826203008,0.567105131248666,0.195291577268778,0.0378876263227782
"France","sg_lasso","Revenues","2025-03",0.274060826203008,-0.261489760558979,-0.128428671559361,0.00485231637651738
"France","sg_lasso","Revenues","2025-04",0.274661142396851,-0.217675089454026,-0.0846221928249721,0.00486234633689268
"France","sg_lasso","Revenues","2025-05",0.274661142396851,0.206372637877208,-0.060828340471458,0.0196098065780008
"France","sg_lasso","Revenues","2025-06",0.274661142396851,-0.37273708065748,-0.144207489802649,0.0143443907209109
"France","sg_lasso","Revenues","2025-07",0.275442830913898,-0.739156137872151,-0.276049816908537,0.0590735255653382
"France","sg_lasso","Revenues","2025-08",0.275442830913898,0.28580301350779,0.153655522722344,0.00481004695148005
"France","sg_lasso","Revenues","2025-09",0.275442830913898,0.812621518302567,0.374033433509699,0.0529840474704046
"Germany","factor_midas","Expenditures","2013-03",0.384661197252174,-0.0732901093552905,0.331105030495686,0.0629057339642521
"Germany","factor_midas","Expenditures","2013-04",0.386547263171059,2.24286846873006,1.35513080616992,0.304629454957238
"Germany","factor_midas","Expenditures","2013-05",0.386547263171059,-0.644734310860794,0.602439951138427,0.601252481978932
"Germany","factor_midas","Expenditures","2013-06",0.386547263171059,-0.41761837119528,-0.353541550128209,0.00158710082772164
"Germany","factor_midas","Expenditures","2013-07",0.387742528364243,0.171720834860004,0.0979886167664476,0.00210793898508274
"Germany","factor_midas","Expenditures","2013-08",0.387742528364243,-0.576771534283748,-0.74708391953686,0.0112469794236796
"Germany","factor_midas","Expenditures","2013-09",0.387742528364243,-0.0741678899165139,0.0529113634509861,0.00626170707031336
"Germany","factor_midas","Expenditures","2013-10",0.387500200029149,0.0927314130195736,0.163205991457708,0.00192458414831568
"Germany","factor_midas","Expenditures","2013-11",0.387500200029149,-2.64747317827116,-0.983325771921598,1.07313785760629
"Germany","factor_midas","Expenditures","2013-12",0.387500200029149,0.00934606389313215,0.076800887661341,0.00176318529438333
"Germany","factor_midas","Expenditures","2014-01",0.389735672245191,-0.0904066673724567,-0.0706834202270061,0.00015160970119568
"Germany","factor_midas","Expenditures","2014-02",0.389735672245191,-0.595993927504354,0.476367954812527,0.448180436245343
"Germany","factor_midas","Expenditures","2014-03",0.389735672245191,0.13829525548463,0.237549671251581,0.00383945722043757
"Germany","factor_midas","Expenditures","2014-04",0.389133461237677,-1.39441489874166,-0.621106154421048,0.232704305738774
"Germany","factor_midas","Expenditures","2014-05",0.389133461237677,0.664816238791773,0.49526581583588,0.0111865542210062
"Germany","factor_midas","Expenditures","2014-06",0.389133461237677,1.0934164166988,0.469868715507627,0.151299656467515
"Germany","factor_midas","Expenditures","2014-07",0.389334859685148,-0.553887282068049,-0.225681035884938,0.0419388941373618
"Germany","factor_midas","Expenditures","2014-08",0.389334859685148,-0.835716149647718,-0.534242797050158,0.0353851590433726
"Germany","factor_midas","Expenditures","2014-09",0.389334859685148,0.0552772255816422,0.0666843550851483,0.0000506612655793377
"Germany","factor_midas","Expenditures","2014-10",0.391112009327365,1.65129865465882,0.690092335794254,0.361355264070748
"Germany","factor_midas","Expenditures","2014-11",0.391112009327365,-0.531830894491985,0.2539449583342,0.241489642588426
"Germany","factor_midas","Expenditures","2014-12",0.391112009327365,1.48329618290826,0.592226511929144,0.310544952972417
"Germany","factor_midas","Expenditures","2015-01",0.389015803804615,-1.24164150717551,-0.462545660534878,0.236128834337003
"Germany","factor_midas","Expenditures","2015-02",0.389015803804615,1.26826635010457,-0.249517469435275,0.896163150905952
"Germany","factor_midas","Expenditures","2015-03",0.389015803804615,0.244761103246771,0.146066678823949,0.00378924321969905
"Germany","factor_midas","Expenditures","2015-04",0.389275512877758,1.01977695588713,0.622708056417322,0.0613746219329921
"Germany","factor_midas","Expenditures","2015-05",0.389275512877758,1.60805069103172,0.624472100680025,0.376595580635553
"Germany","factor_midas","Expenditures","2015-06",0.389275512877758,-0.445226630091349,-0.341613556678614,0.00417913304906662
"Germany","factor_midas","Expenditures","2015-07",0.389741866690653,0.787985085441862,0.170931609358637,0.148396161468868
"Germany","factor_midas","Expenditures","2015-08",0.389741866690653,0.30239950681828,-0.0676850918198027,0.0533800633463387
"Germany","factor_midas","Expenditures","2015-09",0.389741866690653,-0.39813464659692,-0.147530356585623,0.0244767675473198
"Germany","factor_midas","Expenditures","2015-10",0.389900427397411,-0.0731182049708892,-0.0503892864792987,0.000201424017382492
"Germany","factor_midas","Expenditures","2015-11",0.389900427397411,2.20193788084659,0.768464473397148,0.801185337482117
"Germany","factor_midas","Expenditures","2015-12",0.389900427397411,5.11340152202211,2.14017284244121,3.44675439397508
"Germany","factor_midas","Expenditures","2016-01",0.391117443315624,0.458473028296439,0.204728286453332,0.0251826418106867
"Germany","factor_midas","Expenditures","2016-02",0.391117443315624,-0.486881402956083,0.0513548770397758,0.113306055731651
"Germany","factor_midas","Expenditures","2016-03",0.391117443315624,-0.331155856082669,-0.132465407778207,0.0154404930655386
"Germany","factor_midas","Expenditures","2016-04",0.391426373278095,-0.0673734247570408,0.00896532679502215,0.00228107828555669
"Germany","factor_midas","Expenditures","2016-05",0.391426373278095,-0.118232132688623,-0.373160658131861,0.0254382336385209
"Germany","factor_midas","Expenditures","2016-06",0.391426373278095,0.0523013535763888,0.0192381520618161,0.000427897640841559
"Germany","factor_midas","Expenditures","2016-07",0.391127744570575,0.371904892161029,0.218661257595057,0.00918509201405178
"Germany","factor_midas","Expenditures","2016-08",0.391127744570575,-0.421727129002861,-0.24438686295548,0.0123007993668561
"Germany","factor_midas","Expenditures","2016-09",0.391127744570575,-0.329327384372362,-0.107980706625268,0.0191630502965481
"Germany","factor_midas","Expenditures","2016-10",0.391000821612474,-1.86548370265656,-0.700294172107267,0.530848772537609
"Germany","factor_midas","Expenditures","2016-11",0.391000821612474,0.745539952974826,0.654023950083828,0.00327470178614315
"Germany","factor_midas","Expenditures","2016-12",0.391000821612474,-0.710902417429381,-0.24616643392336,0.0844481753883154
"Germany","factor_midas","Expenditures","2017-01",0.392589860788304,0.234147069792816,0.00532591933397445,0.0205556591988923
"Germany","factor_midas","Expenditures","2017-02",0.392589860788304,-0.100136475015636,0.0477035220471561,0.00858070496424663
"Germany","factor_midas","Expenditures","2017-03",0.392589860788304,0.67422024170422,0.27258128393188,0.0633301828571183
"Germany","factor_midas","Expenditures","2017-04",0.392610077954359,-0.0134326742415367,0.0301875020773173,0.000747026961970837
"Germany","factor_midas","Expenditures","2017-05",0.392610077954359,-0.449657782845341,-0.21309561260464,0.0219711118477768
"Germany","factor_midas","Expenditures","2017-06",0.392610077954359,-0.0723908155290235,-0.00859877940096579,0.00159769682415054
"Germany","factor_midas","Expenditures","2017-07",0.393331868850305,-0.122186668330649,-0.00187624298463003,0.00569332085799262
"Germany","factor_midas","Expenditures","2017-08",0.393331868850305,-0.265184814437781,-0.153956241817323,0.00486622139280825
"Germany","factor_midas","Expenditures","2017-09",0.393331868850305,-0.199928117104655,0.0350617688598482,0.0217198827564262
"Germany","factor_midas","Expenditures","2017-10",0.394327125477423,0.173813324570838,0.0864194986502218,0.00301174471874401
"Germany","factor_midas","Expenditures","2017-11",0.394327125477423,-0.555791568303186,-0.345484307736666,0.0174407511555126
"Germany","factor_midas","Expenditures","2017-12",0.394327125477423,-0.0586842985597834,0.0295128842790688,0.0030673693909572
"Germany","factor_midas","Expenditures","2018-01",0.392911979825488,-0.0395508249200802,0.0210757397323627,0.00144417954900874
"Germany","factor_midas","Expenditures","2018-02",0.392911979825488,0.536062875593658,0.334607269592437,0.0159460817048481
"Germany","factor_midas","Expenditures","2018-03",0.392911979825488,-0.123696636703439,-0.0545760485408928,0.00187719816312981
"Germany","factor_midas","Expenditures","2018-04",0.393973352462854,-0.345029220102783,-0.130620382563301,0.0181114079304055
"Germany","factor_midas","Expenditures","2018-05",0.393973352462854,-0.0628303670956183,-0.40048063520755,0.044915997176572
"Germany","factor_midas","Expenditures","2018-06",0.393973352462854,-0.0363094899550642,0.0144361418891954,0.00101452832501838
"Germany","factor_midas","Expenditures","2018-07",0.391629183391646,-0.0179846500016114,-0.0184812825648111,0.0000000965929502539344
"Germany","factor_midas","Expenditures","2018-08",0.391629183391646,-0.845998375389605,-0.377991722113831,0.0857786291379805
"Germany","factor_midas","Expenditures","2018-09",0.391629183391646,-0.169321596024406,-0.000866990804627132,0.0111132433298976
"Germany","factor_midas","Expenditures","2018-10",0.391374641596125,-0.0405831735525902,0.0324877042560346,0.00208968743863471
"Germany","factor_midas","Expenditures","2018-11",0.391374641596125,0.13016188087792,0.142176190347152,0.0000564924372494774
"Germany","factor_midas","Expenditures","2018-12",0.391374641596125,0.209907738644896,0.160941084297877,0.00093841198664205
"Germany","factor_midas","Expenditures","2019-01",0.391435119654497,-0.291164509677172,-0.0600384876911715,0.0209101658336767
"Germany","factor_midas","Expenditures","2019-02",0.391435119654497,-0.0651885587401939,0.0224434213150603,0.00300597273818543
"Germany","factor_midas","Expenditures","2019-03",0.391435119654497,-0.102297979509431,0.00197350883302711,0.00425589528020618
"Germany","factor_midas","Expenditures","2019-04",0.390541037407636,-0.1848222958168,-0.0492218033259446,0.00718107081171804
"Germany","factor_midas","Expenditures","2019-05",0.390541037407636,-0.0487774002589977,-0.051810006649605,0.00000359168935248678
"Germany","factor_midas","Expenditures","2019-06",0.390541037407636,-0.0083385896595899,0.00831338168085539,0.00010829240157556
"Germany","factor_midas","Expenditures","2019-07",0.391776242484162,-0.0907981844234767,0.0155646390913379,0.00443218430859397
"Germany","factor_midas","Expenditures","2019-08",0.391776242484162,0.996030182172897,0.256291125641441,0.214385394512579
"Germany","factor_midas","Expenditures","2019-09",0.391776242484162,-0.27317972671147,-0.080367339512604,0.0145649151822811
"Germany","factor_midas","Expenditures","2019-10",0.391415415340653,-0.0332898525729247,0.0179957656534433,0.00102950655452192
"Germany","factor_midas","Expenditures","2019-11",0.391415415340653,0.0981969085072,0.076741235940631,0.000180186475888727
"Germany","factor_midas","Expenditures","2019-12",0.391415415340653,-0.0121901189453996,0.0522638516343102,0.0016260626663845
"Germany","factor_midas","Expenditures","2020-01",0.399519130030127,-0.0810757787704121,0.0206789050575987,0.00413662733716681
"Germany","factor_midas","Expenditures","2020-02",0.399519130030127,-0.410664921299326,0.0443703606104821,0.0827232755679137
"Germany","factor_midas","Expenditures","2020-03",0.399519130030127,-0.0199992785900506,0.610830768258164,0.158987258658057
"Germany","factor_midas","Expenditures","2020-04",0.412238662989352,-0.0516596315373332,0.360121639458892,0.0699007604460339
"Germany","factor_midas","Expenditures","2020-05",0.412238662989352,-0.142532158962118,-0.56878351626274,0.0748997332064025
"Germany","factor_midas","Expenditures","2020-06",0.412238662989352,-0.846149796617671,-0.17420794749261,0.186128167361048
"Germany","factor_midas","Expenditures","2020-07",0.398481657904316,-0.159137205825575,0.311329773808869,0.0881996029777543
"Germany","factor_midas","Expenditures","2020-08",0.398481657904316,0.871261781932305,-4.52615790933084,11.6086231759817
"Germany","factor_midas","Expenditures","2020-09",0.398481657904316,-0.778261428919532,0.327329538409039,0.487076637615593
"Germany","factor_midas","Expenditures","2020-10",0.400301839210344,-0.0136740844230996,-0.518930230835247,0.102190564047504
"Germany","factor_midas","Expenditures","2020-11",0.400301839210344,-0.449820902904223,-0.153225419291349,0.0352141048173677
"Germany","factor_midas","Expenditures","2020-12",0.400301839210344,-0.705141292004487,-0.520666493953081,0.013622652321855
"Germany","factor_midas","Expenditures","2021-01",0.396451428454899,-2.52729596769379,-0.0594128416238425,2.41456646221534
"Germany","factor_midas","Expenditures","2021-02",0.396451428454899,0.993923613573173,-0.919035659598063,1.45077958283953
"Germany","factor_midas","Expenditures","2021-03",0.396451428454899,0.456360320877112,0.123234306164778,0.0439953812481337
"Germany","factor_midas","Expenditures","2021-04",0.398040716723166,-0.147531989582182,-0.0155561384882991,0.00693292404686438
"Germany","factor_midas","Expenditures","2021-05",0.398040716723166,-0.0225184082290381,-0.51364952539122,0.0960113114211023
"Germany","factor_midas","Expenditures","2021-06",0.398040716723166,0.798555400394021,0.328716249339983,0.0878670216584588
"Germany","factor_midas","Expenditures","2021-07",0.392199367395243,-0.524658673429467,-0.148405951133117,0.0555221391926943
"Germany","factor_midas","Expenditures","2021-08",0.392199367395243,0.781096069212771,0.62749347353306,0.00925345672657826
"Germany","factor_midas","Expenditures","2021-09",0.392199367395243,-0.342545609147245,-0.0372103826266659,0.0365645903599365
"Germany","factor_midas","Expenditures","2021-10",0.390570191489957,-0.615865254151364,-0.360232218237548,0.0255230781451927
"Germany","factor_midas","Expenditures","2021-11",0.390570191489957,0.655889570973078,0.248603890701069,0.0647884181794243
"Germany","factor_midas","Expenditures","2021-12",0.390570191489957,0.434622753046665,0.23423149699984,0.0156839926282406
"Germany","factor_midas","Expenditures","2022-01",0.390895393455862,-5.82735526031122,-2.46304716022676,4.42437647960004
"Germany","factor_midas","Expenditures","2022-02",0.390895393455862,4.45158690960038,1.60031457785018,3.17788335327225
"Germany","factor_midas","Expenditures","2022-03",0.390895393455862,-1.03169009888546,-0.421986196525414,0.145311003467979
"Germany","factor_midas","Expenditures","2022-04",0.388687197292813,1.70932322321436,0.495288962907218,0.572877969643411
"Germany","factor_midas","Expenditures","2022-05",0.388687197292813,-0.370348954571065,-0.221395566504697,0.00862384630795824
"Germany","factor_midas","Expenditures","2022-06",0.388687197292813,-0.870126981677266,-0.28378673138214,0.13362867189415
"Germany","factor_midas","Expenditures","2022-07",0.388250857422374,1.73672622272377,0.582347117356712,0.517379644509492
"Germany","factor_midas","Expenditures","2022-08",0.388250857422374,-0.331833258499549,-0.0337638085272262,0.0344943015659224
"Germany","factor_midas","Expenditures","2022-09",0.388250857422374,-1.14136355489313,-0.293850221356988,0.278872379583343
"Germany","factor_midas","Expenditures","2022-10",0.386970974637792,0.90841332857358,0.430119761100593,0.0885253131181534
"Germany","factor_midas","Expenditures","2022-11",0.386970974637792,0.0614204304821441,0.0146439481069987,0.000846707701779508
"Germany","factor_midas","Expenditures","2022-12",0.386970974637792,0.137991457404344,0.0213320356957304,0.00526645078223669
"Germany","factor_midas","Expenditures","2023-01",0.385031708350351,-0.485302809509677,-0.0290078499952469,0.0801655615200771
"Germany","factor_midas","Expenditures","2023-02",0.385031708350351,0.0555828680617516,0.360596171630191,0.0358206993378029
"Germany","factor_midas","Expenditures","2023-03",0.385031708350351,-0.110337190489433,0.0382793149241747,0.00850414362539598
"Germany","factor_midas","Expenditures","2023-04",0.38381327786846,0.0829452064430647,0.00109461161239442,0.00257136468303648
"Germany","factor_midas","Expenditures","2023-05",0.38381327786846,0.00618396998380133,-0.179165620224633,0.0131857019667503
"Germany","factor_midas","Expenditures","2023-06",0.38381327786846,-0.366584399456289,-0.0113272402669257,0.0484401715143669
"Germany","factor_midas","Expenditures","2023-07",0.383078512144581,0.0305124462507075,-0.104674830466484,0.00700098957465134
"Germany","factor_midas","Expenditures","2023-08",0.383078512144581,-0.0922745829520185,-0.141685417476241,0.000935259589639354
"Germany","factor_midas","Expenditures","2023-09",0.383078512144581,0.113009550266421,0.0251826883677217,0.00295489819593787
"Germany","factor_midas","Expenditures","2023-10",0.381323036718143,-0.149715068556539,-0.0345150053518819,0.00506055882617014
"Germany","factor_midas","Expenditures","2023-11",0.381323036718143,0.408626011351182,0.16134275109642,0.0233175264914147
"Germany","factor_midas","Expenditures","2023-12",0.381323036718143,-0.12290616133906,-0.122992286497367,0.00000000282847998110507
"Germany","factor_midas","Expenditures","2024-01",0.380241649233956,-0.420757772669494,-0.151907555739002,0.0274840333873068
"Germany","factor_midas","Expenditures","2024-02",0.380241649233956,0.0132417065258932,-0.136519701962262,0.00852824202437856
"Germany","factor_midas","Expenditures","2024-03",0.380241649233956,0.00249482770136007,-0.0771154628845792,0.00240989490364792
"Germany","factor_midas","Expenditures","2024-04",0.378747804308163,-0.273035814274296,-0.119112190422655,0.00897347552839243
"Germany","factor_midas","Expenditures","2024-05",0.378747804308163,0.404948877443762,0.349569212175497,0.00116158441544563
"Germany","factor_midas","Expenditures","2024-06",0.378747804308163,-0.109206391712504,-0.00762379711268155,0.00390830750293735
"Germany","factor_midas","Expenditures","2024-07",0.37806011600387,-0.195031507828964,0.0419982142453407,0.0212405852002277
"Germany","factor_midas","Expenditures","2024-08",0.37806011600387,0.0598522320363922,0.0496075433060828,0.0000396787880282511
"Germany","factor_midas","Expenditures","2024-09",0.37806011600387,0.0157643967839739,0.0650014481935672,0.000916526311971726
"Germany","factor_midas","Expenditures","2024-10",0.378025553307014,-0.306239707235472,-0.0691392569730455,0.0212513202091758
"Germany","factor_midas","Expenditures","2024-11",0.378025553307014,0.0255374316838972,0.111546155074879,0.00279644421935433
"Germany","factor_midas","Expenditures","2024-12",0.378025553307014,-0.184250164204302,-0.0566614199220189,0.00615383551774068
"Germany","factor_midas","Expenditures","2025-01",0.378181508722935,-0.0776838251394076,-0.0233356778978848,0.00111704270519193
"Germany","factor_midas","Expenditures","2025-02",0.378181508722935,-0.0288003195555025,0.378798909257064,0.06282999098075
"Germany","factor_midas","Expenditures","2025-03",0.378181508722935,0.158180708840007,0.192579726548634,0.000447499312398258
"Germany","factor_midas","Expenditures","2025-04",0.376927933398326,0.337216504576283,0.17801355321295,0.00955345698569594
"Germany","factor_midas","Expenditures","2025-05",0.376927933398326,-0.291906303009264,-0.00921787181548794,0.0301213473820506
"Germany","factor_midas","Expenditures","2025-06",0.376927933398326,-0.0267545789442964,-0.00282548114059499,0.000215829583620368
"Germany","factor_midas","Expenditures","2025-07",0.375774041851694,-0.0330471054622163,-0.0127466375979932,0.000154859862924864
"Germany","factor_midas","Expenditures","2025-08",0.375774041851694,-0.268608533648676,-0.166449150759764,0.00392178063546053
"Germany","factor_midas","Expenditures","2025-09",0.375774041851694,-0.0337259750255558,0.0219195908220401,0.00116355764007281
"Germany","factor_midas","Revenues","2013-09",0.387742528364243,0.19366410035955,0.0409112933566895,0.00904735928450683
"Germany","factor_midas","Revenues","2013-10",0.387500200029149,-0.322169925283667,-0.176580313400624,0.0082135840865837
"Germany","factor_midas","Revenues","2013-11",0.387500200029149,0.898947320705921,0.486645984022861,0.065872085992806
"Germany","factor_midas","Revenues","2013-12",0.387500200029149,-0.265539470301951,-0.270686482779438,0.000010265553558441
"Germany","factor_midas","Revenues","2014-01",0.389735672245191,0.959288779832385,0.501705922726559,0.0816036622429255
"Germany","factor_midas","Revenues","2014-02",0.389735672245191,-0.154770028720065,-0.175909104758762,0.000174157491308096
"Germany","factor_midas","Revenues","2014-03",0.389735672245191,-0.436624021759144,0.0856179262457546,0.106295202512876
"Germany","factor_midas","Revenues","2014-04",0.389133461237677,0.219833727681213,0.045928942962251,0.0117685142950444
"Germany","factor_midas","Revenues","2014-05",0.389133461237677,-0.235039401603152,-1.00396468793788,0.230073639766101
"Germany","factor_midas","Revenues","2014-06",0.389133461237677,1.7166698930356,0.714080101085259,0.39115162057554
"Germany","factor_midas","Revenues","2014-07",0.389334859685148,0.0876070804313923,0.195485444366322,0.00453097841707564
"Germany","factor_midas","Revenues","2014-08",0.389334859685148,0.0757579860997759,-0.110942733928572,0.0135711070534319
"Germany","factor_midas","Revenues","2014-09",0.389334859685148,0.449747454596585,-0.135400787433025,0.133307658385719
"Germany","factor_midas","Revenues","2014-10",0.391112009327365,0.167796455709143,0.26705776022533,0.00385355097677079
"Germany","factor_midas","Revenues","2014-11",0.391112009327365,0.0703643672395339,-0.033257521706499,0.00419956358436873
"Germany","factor_midas","Revenues","2014-12",0.391112009327365,0.0223733557920433,-0.0371492398421689,0.00138568614415235
"Germany","factor_midas","Revenues","2015-01",0.389015803804615,0.136423789589487,-0.151495811564119,0.0322485141263696
"Germany","factor_midas","Revenues","2015-02",0.389015803804615,0.127514433565526,-0.0276529148051337,0.00936629694086658
"Germany","factor_midas","Revenues","2015-03",0.389015803804615,-0.269308080856086,-0.313811258509492,0.000770458567420245
"Germany","factor_midas","Revenues","2015-04",0.389275512877758,0.207090563220255,0.466281069445591,0.0261514193808231
"Germany","factor_midas","Revenues","2015-05",0.389275512877758,0.168349789703838,-0.000419521650381159,0.0110877657524498
"Germany","factor_midas","Revenues","2015-06",0.389275512877758,0.802577209193785,0.33553037548883,0.0849137361361906
"Germany","factor_midas","Revenues","2015-07",0.389741866690653,0.14157828227246,0.2006351923732,0.0013593099696001
"Germany","factor_midas","Revenues","2015-08",0.389741866690653,0.153211050621365,-0.152821656966682,0.0365016713264358
"Germany","factor_midas","Revenues","2015-09",0.389741866690653,-0.309714945901617,-0.517511220389558,0.0168287777460571
"Germany","factor_midas","Revenues","2015-10",0.389900427397411,0.150300074178537,0.0047074899076327,0.00826479757149449
"Germany","factor_midas","Revenues","2015-11",0.389900427397411,0.0331272361646173,-0.0391358898079366,0.00203604419229121
"Germany","factor_midas","Revenues","2015-12",0.389900427397411,0.0902748709706291,0.033088783775937,0.00127507131460809
"Germany","factor_midas","Revenues","2016-01",0.391117443315624,0.0782259879565581,0.0161881341372998,0.00150529186837898
"Germany","factor_midas","Revenues","2016-02",0.391117443315624,0.0411006591768253,0.290849929757002,0.0243958324700966
"Germany","factor_midas","Revenues","2016-03",0.391117443315624,0.0086213746314328,0.0289083058278308,0.000160968129671991
"Germany","factor_midas","Revenues","2016-04",0.391426373278095,0.0375530448603373,-0.114112861551117,0.00900380361397512
"Germany","factor_midas","Revenues","2016-05",0.391426373278095,0.0451743139249779,-0.0386566150229281,0.00275079762883163
"Germany","factor_midas","Revenues","2016-06",0.391426373278095,0.127376378957952,-0.0291019693806232,0.00958426008961991
"Germany","factor_midas","Revenues","2016-07",0.391127744570575,0.159437351777446,-0.0441115661705712,0.0162052680748856
"Germany","factor_midas","Revenues","2016-08",0.391127744570575,0.0691819304952897,0.0408847173453799,0.000313188607572349
"Germany","factor_midas","Revenues","2016-09",0.391127744570575,0.0768086431534035,0.0140593087609845,0.00154005726753618
"Germany","factor_midas","Revenues","2016-10",0.391000821612474,0.099222694541418,0.0323946312472107,0.00174620577638207
"Germany","factor_midas","Revenues","2016-11",0.391000821612474,0.143943319334784,0.0559766609603524,0.00302561635510207
"Germany","factor_midas","Revenues","2016-12",0.391000821612474,0.599616228887564,0.320268839780331,0.0305117349607015
"Germany","factor_midas","Revenues","2017-01",0.392589860788304,-0.0320014076831659,-0.0280606577730057,0.0000060967281118603
"Germany","factor_midas","Revenues","2017-02",0.392589860788304,0.0557051088169579,0.0175791896200144,0.000570663013343341
"Germany","factor_midas","Revenues","2017-03",0.392589860788304,0.225098123712634,0.00626391342908115,0.0188005048396584
"Germany","factor_midas","Revenues","2017-04",0.392610077954359,0.123316363331534,0.0355010276681638,0.00302762564203277
"Germany","factor_midas","Revenues","2017-05",0.392610077954359,0.0723434483650464,0.126280432979971,0.00114218057501882
"Germany","factor_midas","Revenues","2017-06",0.392610077954359,0.491518913823714,0.130371078888863,0.0512072525020331
"Germany","factor_midas","Revenues","2017-07",0.393331868850305,0.0772855440650621,0.0119855047925721,0.00167720450604062
"Germany","factor_midas","Revenues","2017-08",0.393331868850305,-0.120111343876697,-0.0977249414777513,0.000197118664270737
"Germany","factor_midas","Revenues","2017-09",0.393331868850305,-0.0467125611980448,-0.0634347383407509,0.000109987865785712
"Germany","factor_midas","Revenues","2017-10",0.394327125477423,0.00559270981005508,-0.000844254517597872,0.0000163387511274433
"Germany","factor_midas","Revenues","2017-11",0.394327125477423,0.16342667355431,-0.0140025033823127,0.0124138567284563
"Germany","factor_midas","Revenues","2017-12",0.394327125477423,0.277342458309227,0.142126394981477,0.00720963417069902
"Germany","factor_midas","Revenues","2018-01",0.392911979825488,0.161906144043129,0.0474933021836148,0.00514333505392349
"Germany","factor_midas","Revenues","2018-02",0.392911979825488,0.415497499486678,0.0960924025582194,0.0400847292815451
"Germany","factor_midas","Revenues","2018-03",0.392911979825488,0.0940490865922646,-0.0181139481464084,0.00494304737829676
"Germany","factor_midas","Revenues","2018-04",0.393973352462854,0.0133123927986888,-0.0535162147552737,0.00175950972874097
"Germany","factor_midas","Revenues","2018-05",0.393973352462854,0.706305277873544,0.325573458998021,0.0571090841147551
"Germany","factor_midas","Revenues","2018-06",0.393973352462854,0.0217197206512162,0.0959852100484516,0.00217290601783373
"Germany","factor_midas","Revenues","2018-07",0.391629183391646,0.271523080842034,-0.011713505427601,0.031417653802908
"Germany","factor_midas","Revenues","2018-08",0.391629183391646,0.107492743773501,0.0279431012121892,0.00247828650609964
"Germany","factor_midas","Revenues","2018-09",0.391629183391646,-0.0369214233249962,-0.057195446207899,0.000160973694534874
"Germany","factor_midas","Revenues","2018-10",0.391374641596125,0.0976914686913052,0.12995003203754,0.00040727028711326
"Germany","factor_midas","Revenues","2018-11",0.391374641596125,0.141466778618618,-0.0975449622763949,0.0223579074089028
"Germany","factor_midas","Revenues","2018-12",0.391374641596125,-0.0334107877231139,-0.0284267007752843,0.0000097221854949376
"Germany","factor_midas","Revenues","2019-01",0.391435119654497,0.0765474975121671,-0.0870043647806677,0.010470580866582
"Germany","factor_midas","Revenues","2019-02",0.391435119654497,0.0787348097316149,0.0306949255636749,0.000903365896506936
"Germany","factor_midas","Revenues","2019-03",0.391435119654497,-0.0257204763976565,-0.0164290909456892,0.0000337925326659858
"Germany","factor_midas","Revenues","2019-04",0.390541037407636,0.0971118871365025,-0.0249621073334743,0.00581986602106274
"Germany","factor_midas","Revenues","2019-05",0.390541037407636,0.107832550370567,0.0142314972552641,0.0034215914000238
"Germany","factor_midas","Revenues","2019-06",0.390541037407636,0.559051949672495,0.183604172402797,0.0550510682402543
"Germany","factor_midas","Revenues","2019-07",0.391776242484162,0.0859147779135008,-0.0173687171299077,0.00417926536766266
"Germany","factor_midas","Revenues","2019-08",0.391776242484162,0.145398179875189,0.0427850353942338,0.00412519126351016
"Germany","factor_midas","Revenues","2019-09",0.391776242484162,0.106647635269962,-0.0249365252728162,0.00678336716666622
"Germany","factor_midas","Revenues","2019-10",0.391415415340653,0.0505032506789081,-0.00321950688508586,0.00112967760461073
"Germany","factor_midas","Revenues","2019-11",0.391415415340653,0.0251083783191222,-0.0308746043203426,0.00122673283984741
"Germany","factor_midas","Revenues","2019-12",0.391415415340653,-0.17540137764303,-0.0773430998839431,0.00376362589769726
"Germany","factor_midas","Revenues","2020-01",0.399519130030127,0.121349699065515,0.0172845561508629,0.00432661398064756
"Germany","factor_midas","Revenues","2020-02",0.399519130030127,0.0656505232717566,-0.0251228547323067,0.00329196018637026
"Germany","factor_midas","Revenues","2020-03",0.399519130030127,-1.22577702023366,-0.436482448563781,0.248894793126018
"Germany","factor_midas","Revenues","2020-04",0.412238662989352,4.27229165158853,1.57107750321224,3.00792326297449
"Germany","factor_midas","Revenues","2020-05",0.412238662989352,-1.21173092183407,0.129587375056243,0.741672913595273
"Germany","factor_midas","Revenues","2020-06",0.412238662989352,-3.83512348672346,-1.22068680676374,2.81776633940558
"Germany","factor_midas","Revenues","2020-07",0.398481657904316,-2.01957037252793,0.350930084617859,2.23917698907301
"Germany","factor_midas","Revenues","2020-08",0.398481657904316,2.57449529841508,3.15886687419183,0.136077556577659
"Germany","factor_midas","Revenues","2020-09",0.398481657904316,-2.58990332036654,-1.21748335171593,0.750554775276856
"Germany","factor_midas","Revenues","2020-10",0.400301839210344,0.615990439108828,2.52202933820861,1.45429029106034
"Germany","factor_midas","Revenues","2020-11",0.400301839210344,-5.65741075008087,-1.79167630888171,5.98207176376088
"Germany","factor_midas","Revenues","2020-12",0.400301839210344,1.6107678696461,-0.374443042775458,1.57761451387177
"Germany","factor_midas","Revenues","2021-01",0.396451428454899,-0.0879349384987712,-0.370264396380985,0.031601112751358
"Germany","factor_midas","Revenues","2021-02",0.396451428454899,-1.40819982105301,-0.733446199416074,0.180501342132406
"Germany","factor_midas","Revenues","2021-03",0.396451428454899,-1.32630154788388,-0.313570671166254,0.406610031928552
"Germany","factor_midas","Revenues","2021-04",0.398040716723166,-0.506806185279157,-0.659559454385774,0.00928770743281068
"Germany","factor_midas","Revenues","2021-05",0.398040716723166,0.308258728510939,0.417038354915862,0.00471001863535136
"Germany","factor_midas","Revenues","2021-06",0.398040716723166,-0.216417999685177,0.0588468295358442,0.0301598341657021
"Germany","factor_midas","Revenues","2021-07",0.392199367395243,0.852879531375644,0.243576815294338,0.145603936636606
"Germany","factor_midas","Revenues","2021-08",0.392199367395243,0.195380907323721,0.427134624073915,0.0210649437891714
"Germany","factor_midas","Revenues","2021-09",0.392199367395243,0.758970570749678,-0.0468951958641601,0.254701969550453
"Germany","factor_midas","Revenues","2021-10",0.390570191489957,-1.08733215100212,-0.629137684139369,0.0819971533292312
"Germany","factor_midas","Revenues","2021-11",0.390570191489957,2.56963412109319,1.14697395854939,0.790499201727862
"Germany","factor_midas","Revenues","2021-12",0.390570191489957,-0.845094568462724,-0.754516326924362,0.00320440104690348
"Germany","factor_midas","Revenues","2022-01",0.390895393455862,-0.590877560735946,0.420863547887192,0.400128370355164
"Germany","factor_midas","Revenues","2022-02",0.390895393455862,-2.41796195243653,-1.16371135580152,0.61493496141551
"Germany","factor_midas","Revenues","2022-03",0.390895393455862,1.21718370511966,0.77705388875942,0.0757220100236854
"Germany","factor_midas","Revenues","2022-04",0.388687197292813,-2.85607757599892,-2.13701442115597,0.200971423024639
"Germany","factor_midas","Revenues","2022-05",0.388687197292813,-0.682934439710962,-0.0633745550393555,0.149199310608738
"Germany","factor_midas","Revenues","2022-06",0.388687197292813,-0.40291628091809,0.0183131402869925,0.0689664117313131
"Germany","factor_midas","Revenues","2022-07",0.388250857422374,0.234721600296707,0.0354210170328167,0.0154216045639173
"Germany","factor_midas","Revenues","2022-08",0.388250857422374,0.136068649198708,-0.124397352607768,0.0263399235858902
"Germany","factor_midas","Revenues","2022-09",0.388250857422374,0.989061217588753,0.226516161152595,0.225758152991364
"Germany","factor_midas","Revenues","2022-10",0.386970974637792,-1.1320504204117,-0.168869855229029,0.358999474727168
"Germany","factor_midas","Revenues","2022-11",0.386970974637792,0.855901552671851,-0.0347691667503173,0.306981880223454
"Germany","factor_midas","Revenues","2022-12",0.386970974637792,-1.22078665800008,-0.446996674538114,0.231699234238989
"Germany","factor_midas","Revenues","2023-01",0.385031708350351,2.93902334591464,1.20173353715348,1.16209341503397
"Germany","factor_midas","Revenues","2023-02",0.385031708350351,0.558056024296207,-0.000956648888845465,0.120320548687171
"Germany","factor_midas","Revenues","2023-03",0.385031708350351,0.0238325475607344,0.064212901697336,0.000627822307855943
"Germany","factor_midas","Revenues","2023-04",0.38381327786846,-0.371537071593305,-0.327313435748692,0.000750635129381492
"Germany","factor_midas","Revenues","2023-05",0.38381327786846,0.0544018111660801,0.088959096011808,0.000458352094711118
"Germany","factor_midas","Revenues","2023-06",0.38381327786846,0.322167948154175,-0.0448940580326572,0.0517128963760947
"Germany","factor_midas","Revenues","2023-07",0.383078512144581,0.021069838762528,0.299170374685242,0.029627256916877
"Germany","factor_midas","Revenues","2023-08",0.383078512144581,0.253571708141655,-0.425639719967251,0.176724906703759
"Germany","factor_midas","Revenues","2023-09",0.383078512144581,-0.278271177819516,0.174370092045789,0.0784867035395487
"Germany","factor_midas","Revenues","2023-10",0.381323036718143,-0.352209789441889,-0.282991029721758,0.00182700892700912
"Germany","factor_midas","Revenues","2023-11",0.381323036718143,-0.173535034155191,-0.0221619007750283,0.00873756952604677
"Germany","factor_midas","Revenues","2023-12",0.381323036718143,0.193383453778115,0.177904870774278,0.000091359863865287
"Germany","factor_midas","Revenues","2024-01",0.380241649233956,-0.143612291890482,-0.192888103228559,0.0009232668714039
"Germany","factor_midas","Revenues","2024-02",0.380241649233956,0.0276407298752224,0.0858535202822135,0.0012885358912069
"Germany","factor_midas","Revenues","2024-03",0.380241649233956,-0.0767262452028432,-0.315701500758973,0.0217152860397359
"Germany","factor_midas","Revenues","2024-04",0.378747804308163,0.416114682289016,0.534555832713989,0.00531319013883688
"Germany","factor_midas","Revenues","2024-05",0.378747804308163,0.521889503318658,-0.066700083968474,0.131212519061614
"Germany","factor_midas","Revenues","2024-06",0.378747804308163,0.0547716715570534,-0.176926408485583,0.0203326972383781
"Germany","factor_midas","Revenues","2024-07",0.37806011600387,0.285515463138318,-0.353140750769896,0.154203825336468
"Germany","factor_midas","Revenues","2024-08",0.37806011600387,0.14685427629579,0.154405288446545,0.0000215561502226772
"Germany","factor_midas","Revenues","2024-09",0.37806011600387,-0.0575997128500718,-0.204637212146124,0.00817366961289004
"Germany","factor_midas","Revenues","2024-10",0.378025553307014,0.0649641324686251,0.237371674500158,0.0112365678433671
"Germany","factor_midas","Revenues","2024-11",0.378025553307014,0.152833819362424,-0.0452831616509948,0.014837630802641
"Germany","factor_midas","Revenues","2024-12",0.378025553307014,0.149782769470584,0.115147296842611,0.000453485488608678
"Germany","factor_midas","Revenues","2025-01",0.378181508722935,-0.136273569168987,-0.0340650592327203,0.00395070319758688
"Germany","factor_midas","Revenues","2025-02",0.378181508722935,-1.34735446689957,-0.829700093077712,0.101339805354206
"Germany","factor_midas","Revenues","2025-03",0.378181508722935,0.0401329902469055,0.0991393079326096,0.00131673177632448
"Germany","factor_midas","Revenues","2025-04",0.376927933398326,-0.00221139968462124,0.0213007345786713,0.000208373472629175
"Germany","factor_midas","Revenues","2025-05",0.376927933398326,-0.181433883994582,-0.148679111324442,0.000404396606552706
"Germany","factor_midas","Revenues","2025-06",0.376927933398326,-0.103837997051793,-0.0311209168800303,0.00199310963137786
"Germany","factor_midas","Revenues","2025-07",0.375774041851694,0.0936100509811807,-0.0639985169583064,0.00933440031416378
"Germany","factor_midas","Revenues","2025-08",0.375774041851694,0.083056593803345,0.0941540833136591,0.0000462781790986752
"Germany","factor_midas","Revenues","2025-09",0.375774041851694,0.013772235961723,-0.0394040586007128,0.00106258313608323
"Germany","sg_lasso","Expenditures","2013-01",0.384661197252174,-0.0201773471672995,0.414212403892069,0.0725834352926537
"Germany","sg_lasso","Expenditures","2013-02",0.384661197252174,0.0903899408514197,-0.225333949354931,0.0383436339246414
"Germany","sg_lasso","Expenditures","2013-03",0.384661197252174,0.0903899408514197,0.0528805119568797,0.000541201862573499
"Germany","sg_lasso","Expenditures","2013-04",0.386547263171059,0.188558720562222,-0.600189482427373,0.240480224303679
"Germany","sg_lasso","Expenditures","2013-05",0.386547263171059,0.0927473235365044,-0.440342679489528,0.10985091516958
"Germany","sg_lasso","Expenditures","2013-06",0.386547263171059,0.122536032862549,-0.222335783972182,0.0459746056425778
"Germany","sg_lasso","Expenditures","2013-07",0.387742528364243,0.092527499808002,0.300706244527692,0.0168041368180888
"Germany","sg_lasso","Expenditures","2013-08",0.387742528364243,0.374289617246249,0.26257543891059,0.00483904910393478
"Germany","sg_lasso","Expenditures","2013-09",0.387742528364243,0.374289617246249,0.188775431159105,0.013344358118466
"Germany","sg_lasso","Expenditures","2013-10",0.387500200029149,0.267521360527378,-0.0064689910962023,0.0290899162196708
"Germany","sg_lasso","Expenditures","2013-11",0.387500200029149,-0.390075685631887,-0.417481909147608,0.000291051821607169
"Germany","sg_lasso","Expenditures","2013-12",0.387500200029149,-0.390075685631886,-0.11517611441051,0.0292833026410149
"Germany","sg_lasso","Expenditures","2014-01",0.389735672245191,-0.0201773471672995,-0.0811272027250866,0.00144782316089788
"Germany","sg_lasso","Expenditures","2014-02",0.389735672245191,-0.0201773471672995,0.187312034840064,0.0167788392246899
"Germany","sg_lasso","Expenditures","2014-03",0.389735672245191,-0.0201773471672995,0.042889568251836,0.00155014862330859
"Germany","sg_lasso","Expenditures","2014-04",0.389133461237677,0.277740383584785,0.103536366019228,0.0118090486107796
"Germany","sg_lasso","Expenditures","2014-05",0.389133461237677,-0.27553540209766,-0.169022111263113,0.00441475068596193
"Germany","sg_lasso","Expenditures","2014-06",0.389133461237677,-0.27553540209766,-0.185354161669258,0.00316468862705691
"Germany","sg_lasso","Expenditures","2014-07",0.389334859685148,-0.0201773471672995,0.0612838143520161,0.0025835953075954
"Germany","sg_lasso","Expenditures","2014-08",0.389334859685148,-0.0201773471672995,0.0896095663935647,0.00469271784490897
"Germany","sg_lasso","Expenditures","2014-09",0.389334859685148,-0.0201773471672995,0.0167187829318714,0.000530011050604158
"Germany","sg_lasso","Expenditures","2014-10",0.391112009327365,0.15368981684203,0.157301470770236,0.00000510168229658227
"Germany","sg_lasso","Expenditures","2014-11",0.391112009327365,-0.124497645572895,-0.0179580246414214,0.00443939149707959
"Germany","sg_lasso","Expenditures","2014-12",0.391112009327365,-0.124497645572895,-0.00787266384954425,0.00531966554966862
"Germany","sg_lasso","Expenditures","2015-01",0.389015803804615,-0.0656173797031876,-0.131511454251483,0.00168911792514307
"Germany","sg_lasso","Expenditures","2015-02",0.389015803804615,-0.00503066965533752,0.00930304088690862,0.0000799253423013144
"Germany","sg_lasso","Expenditures","2015-03",0.389015803804615,-0.00503066965533741,-0.0797163554998138,0.00216991135251161
"Germany","sg_lasso","Expenditures","2015-04",0.389275512877758,-0.0201773471672995,0.0770577926870553,0.0036804724563583
"Germany","sg_lasso","Expenditures","2015-05",0.389275512877758,-0.0201773471672995,-0.0434085896036425,0.00021008834489519
"Germany","sg_lasso","Expenditures","2015-06",0.389275512877758,-0.0201773471672995,0.0379872876989629,0.00131696762184531
"Germany","sg_lasso","Expenditures","2015-07",0.389741866690653,-0.0201773471672995,-0.008506154128241,0.0000530893692327573
"Germany","sg_lasso","Expenditures","2015-08",0.389741866690653,-0.0201773471672995,0.0129290967673443,0.000427171362136643
"Germany","sg_lasso","Expenditures","2015-09",0.389741866690653,-0.0201773471672995,-0.00928081769868593,0.0000462757489476918
"Germany","sg_lasso","Expenditures","2015-10",0.389900427397411,-0.123840626868946,0.0427918551066662,0.0108261250081233
"Germany","sg_lasso","Expenditures","2015-11",0.389900427397411,-0.0547317737345162,0.232155712753605,0.032090532396064
"Germany","sg_lasso","Expenditures","2015-12",0.389900427397411,-0.0547317737345162,0.117757863710287,0.0116005807087911
"Germany","sg_lasso","Expenditures","2016-01",0.391117443315624,-0.0201773471672995,-0.00575426091281787,0.0000813623692824673
"Germany","sg_lasso","Expenditures","2016-02",0.391117443315624,-0.0201773471672995,0.0228934913474607,0.000725560846730332
"Germany","sg_lasso","Expenditures","2016-03",0.391117443315624,-0.0201773471672995,0.0850233025286615,0.00432856585423867
"Germany","sg_lasso","Expenditures","2016-04",0.391426373278095,-0.229151758485218,-0.0741446692584179,0.00940487885988226
"Germany","sg_lasso","Expenditures","2016-05",0.391426373278095,0.0320662556621772,-0.0341769227708314,0.00171764104096779
"Germany","sg_lasso","Expenditures","2016-06",0.391426373278095,0.0320662556621774,-0.0136881227901192,0.000819436687439187
"Germany","sg_lasso","Expenditures","2016-07",0.391127744570575,-0.0201773471672995,0.066199941738041,0.00291821819795173
"Germany","sg_lasso","Expenditures","2016-08",0.391127744570575,-0.0201773471672995,-0.00590368046214528,0.0000796874128003094
"Germany","sg_lasso","Expenditures","2016-09",0.391127744570575,-0.0201773471672995,0.0134948963325768,0.0004434684524319
"Germany","sg_lasso","Expenditures","2016-10",0.391000821612474,-0.0201773471672995,-0.0509102254318524,0.000369304110332757
"Germany","sg_lasso","Expenditures","2016-11",0.391000821612474,-0.0201773471672995,-0.0612393982215894,0.000659263371697229
"Germany","sg_lasso","Expenditures","2016-12",0.391000821612474,-0.0201773471672995,0.133623148519677,0.00924896509207006
"Germany","sg_lasso","Expenditures","2017-01",0.392589860788304,-0.0201773471673036,0.0090146360908767,0.000334554042306753
"Germany","sg_lasso","Expenditures","2017-02",0.392589860788304,0.132322794145621,0.0233872549322348,0.00465884491734154
"Germany","sg_lasso","Expenditures","2017-03",0.392589860788304,0.13232279414562,-0.0234429069013247,0.00952538958502779
"Germany","sg_lasso","Expenditures","2017-04",0.392610077954359,-0.0201773471672995,0.0989428540026313,0.00557098872785404
"Germany","sg_lasso","Expenditures","2017-05",0.392610077954359,-0.0201773471672995,0.0851306243791453,0.00435395502102819
"Germany","sg_lasso","Expenditures","2017-06",0.392610077954359,-0.0201773471672995,0.055485418491373,0.0022476354172734
"Germany","sg_lasso","Expenditures","2017-07",0.393331868850305,-0.0201773471672995,0.0250171373726642,0.000803396638980389
"Germany","sg_lasso","Expenditures","2017-08",0.393331868850305,-0.0201773471672995,0.0393647436317061,0.00139446396820142
"Germany","sg_lasso","Expenditures","2017-09",0.393331868850305,-0.0201773471672995,-0.0375987660431453,0.000119378517542274
"Germany","sg_lasso","Expenditures","2017-10",0.394327125477423,0.337294748894115,0.145823078533856,0.0144565846950739
"Germany","sg_lasso","Expenditures","2017-11",0.394327125477423,0.0162926185776152,-0.0676145974060318,0.00277622893333205
"Germany","sg_lasso","Expenditures","2017-12",0.394327125477423,0.061618740758787,0.0704534229971964,0.0000307778671102124
"Germany","sg_lasso","Expenditures","2018-01",0.392911979825488,-0.0201773471672995,0.0702507004460913,0.00321293233413204
"Germany","sg_lasso","Expenditures","2018-02",0.392911979825488,-0.0201773471672995,0.172097938856695,0.0145258716599528
"Germany","sg_lasso","Expenditures","2018-03",0.392911979825488,-0.0201773471672995,0.0831479735620863,0.00419477619409228
"Germany","sg_lasso","Expenditures","2018-04",0.393973352462854,-0.0201773471672995,0.0593607830124325,0.00249239919538889
"Germany","sg_lasso","Expenditures","2018-05",0.393973352462854,-0.0201773471672995,-0.149877312697362,0.00662745167001885
"Germany","sg_lasso","Expenditures","2018-06",0.393973352462854,-0.0201773471672995,0.0299812532138865,0.000991191723582493
"Germany","sg_lasso","Expenditures","2018-07",0.391629183391646,-0.0201773471672995,0.0388792076801395,0.00136587596638187
"Germany","sg_lasso","Expenditures","2018-08",0.391629183391646,-0.0201773471672995,0.0318883081234678,0.00106164110295699
"Germany","sg_lasso","Expenditures","2018-09",0.391629183391646,-0.0201773471672995,0.00593377952319302,0.000267009227919522
"Germany","sg_lasso","Expenditures","2018-10",0.391374641596125,-0.0201773471672995,0.0172278352750272,0.000547590919273234
"Germany","sg_lasso","Expenditures","2018-11",0.391374641596125,-0.0201773471672995,0.00712522766583839,0.000291742630981947
"Germany","sg_lasso","Expenditures","2018-12",0.391374641596125,-0.0201773471672995,0.0597538295564559,0.0025004898504055
"Germany","sg_lasso","Expenditures","2019-01",0.391435119654497,-0.0201773471672995,0.0688671083188663,0.00310365581243397
"Germany","sg_lasso","Expenditures","2019-02",0.391435119654497,-0.0201773471672995,0.0225690450828051,0.000715251407857409
"Germany","sg_lasso","Expenditures","2019-03",0.391435119654497,-0.0201773471672995,0.0785586615604392,0.00381602246725344
"Germany","sg_lasso","Expenditures","2019-04",0.390541037407636,-0.314558816118544,-0.252052556807814,0.00152585650738781
"Germany","sg_lasso","Expenditures","2019-05",0.390541037407636,0.0386989466229544,0.0274089080784264,0.0000497803017485175
"Germany","sg_lasso","Expenditures","2019-06",0.390541037407636,0.0386989466229527,-0.0658923160919198,0.00427225816010807
"Germany","sg_lasso","Expenditures","2019-07",0.391776242484162,0.0479521910865431,0.134693220216342,0.00294772685180087
"Germany","sg_lasso","Expenditures","2019-08",0.391776242484162,-0.0535452849539933,0.0430338205664595,0.00365430215675243
"Germany","sg_lasso","Expenditures","2019-09",0.391776242484162,-0.127530011164167,0.000185722309395125,0.00639038318417524
"Germany","sg_lasso","Expenditures","2019-10",0.391415415340653,-0.073721983919287,0.0467416558408327,0.00568002030010444
"Germany","sg_lasso","Expenditures","2019-11",0.391415415340653,0.408179746848565,0.127005430045683,0.0309449099238943
"Germany","sg_lasso","Expenditures","2019-12",0.391415415340653,0.409140214387999,0.18294401204562,0.0200266608944588
"Germany","sg_lasso","Expenditures","2020-01",0.399519130030127,1.31419701394377,0.557829068532929,0.22856188544975
"Germany","sg_lasso","Expenditures","2020-02",0.399519130030127,-0.834080003095814,-0.264541285262283,0.129593758560138
"Germany","sg_lasso","Expenditures","2020-03",0.399519130030127,-1.38899740651847,-0.549212076210565,0.28175663195063
"Germany","sg_lasso","Expenditures","2020-04",0.412238662989352,-2.46544336930059,-0.871883221431644,1.0468528541855
"Germany","sg_lasso","Expenditures","2020-05",0.412238662989352,-3.69338669757581,-0.82033331407854,3.40279755501333
"Germany","sg_lasso","Expenditures","2020-06",0.412238662989352,-3.83237663930854,-0.928187759532956,3.47694993472331
"Germany","sg_lasso","Expenditures","2020-07",0.398481657904316,2.68113247548109,1.72964884792699,0.360753850275025
"Germany","sg_lasso","Expenditures","2020-08",0.398481657904316,2.68113247548108,0.700419007707117,1.56333353762256
"Germany","sg_lasso","Expenditures","2020-09",0.398481657904316,-0.0201773471672995,-0.567112058433735,0.119200838177572
"Germany","sg_lasso","Expenditures","2020-10",0.400301839210344,-3.42721859885051,-1.79756740447871,1.06310681953837
"Germany","sg_lasso","Expenditures","2020-11",0.400301839210344,-3.2472663929478,-0.792970772608244,2.4112449455115
"Germany","sg_lasso","Expenditures","2020-12",0.400301839210344,-0.13091716618435,-0.0166228928645176,0.00522921534569499
"Germany","sg_lasso","Expenditures","2021-01",0.396451428454899,-0.0688708436485502,-1.14912531549308,0.462638884991101
"Germany","sg_lasso","Expenditures","2021-02",0.396451428454899,0.0103376767656922,-1.56210640859586,0.980258032179359
"Germany","sg_lasso","Expenditures","2021-03",0.396451428454899,0.194817208242787,0.110217208130572,0.00283746631320758
"Germany","sg_lasso","Expenditures","2021-04",0.398040716723166,-0.270826773719133,0.717638952480542,0.388911450629269
"Germany","sg_lasso","Expenditures","2021-05",0.398040716723166,-0.797190569477985,-0.76476966265261,0.000418386647319683
"Germany","sg_lasso","Expenditures","2021-06",0.398040716723166,-0.69693079885725,-0.578661973713069,0.0055676004961681
"Germany","sg_lasso","Expenditures","2021-07",0.392199367395243,-0.763475064717518,-1.19084868177856,0.0716345118530426
"Germany","sg_lasso","Expenditures","2021-08",0.392199367395243,-0.368598152268965,-0.538362444115705,0.0113031523475423
"Germany","sg_lasso","Expenditures","2021-09",0.392199367395243,-0.0666334545141887,-0.00369425422832668,0.00155363619221069
"Germany","sg_lasso","Expenditures","2021-10",0.390570191489957,0.51154983609014,0.42116742242947,0.00319056035593636
"Germany","sg_lasso","Expenditures","2021-11",0.390570191489957,0.555860434694928,0.644945822858193,0.0030996456471807
"Germany","sg_lasso","Expenditures","2021-12",0.390570191489957,0.356462740973387,-0.113993396370192,0.0864445009933137
"Germany","sg_lasso","Expenditures","2022-01",0.390895393455862,0.00221292650014944,0.0500558797781305,0.00089473929877975
"Germany","sg_lasso","Expenditures","2022-02",0.390895393455862,-0.311250904844136,-0.527772425378149,0.0183257893031535
"Germany","sg_lasso","Expenditures","2022-03",0.390895393455862,-0.333641178511585,0.0929771644788751,0.0711442166083065
"Germany","sg_lasso","Expenditures","2022-04",0.388687197292813,-0.315981419992633,-0.297919923575189,0.000126796625188789
"Germany","sg_lasso","Expenditures","2022-05",0.388687197292813,-0.0219866663618113,-0.0173730548585933,0.00000827336678470488
"Germany","sg_lasso","Expenditures","2022-06",0.388687197292813,5.22382923173994,2.0807884898181,3.83972620029259
"Germany","sg_lasso","Expenditures","2022-07",0.388250857422374,0.517780619128072,0.442567327888836,0.00219635031173352
"Germany","sg_lasso","Expenditures","2022-08",0.388250857422374,0.517780619128073,0.321224452903142,0.0149998103822008
"Germany","sg_lasso","Expenditures","2022-09",0.388250857422374,0.298567823917403,0.372610756868643,0.0021285293866431
"Germany","sg_lasso","Expenditures","2022-10",0.386970974637792,0.00948825331750113,0.316529411042092,0.0364814071268565
"Germany","sg_lasso","Expenditures","2022-11",0.386970974637792,-0.34129924944111,-0.324141598042146,0.000113918450960192
"Germany","sg_lasso","Expenditures","2022-12",0.386970974637792,0.786037185893019,0.294011833780914,0.0936813958164659
"Germany","sg_lasso","Expenditures","2023-01",0.385031708350351,-2.54043230075336,-1.28114319592601,0.610586767460626
"Germany","sg_lasso","Expenditures","2023-02",0.385031708350351,-0.0136800872063674,0.0179091099090337,0.000384214430187724
"Germany","sg_lasso","Expenditures","2023-03",0.385031708350351,-1.24048384192953,-0.692151423671687,0.115766883451575
"Germany","sg_lasso","Expenditures","2023-04",0.38381327786846,1.78333058908387,0.63313406943336,0.507766556561721
"Germany","sg_lasso","Expenditures","2023-05",0.38381327786846,0.297399891570001,0.226749895134714,0.00191577403762694
"Germany","sg_lasso","Expenditures","2023-06",0.38381327786846,1.02441434681851,0.556991122683509,0.0838572407709
"Germany","sg_lasso","Expenditures","2023-07",0.383078512144581,1.09366483065268,0.516323007219642,0.127689101504739
"Germany","sg_lasso","Expenditures","2023-08",0.383078512144581,0.314602509347093,-0.0860133765234215,0.0614814533650561
"Germany","sg_lasso","Expenditures","2023-09",0.383078512144581,-1.26195400687471,-0.369739021848927,0.304948722352899
"Germany","sg_lasso","Expenditures","2023-10",0.381323036718143,0.155721195290601,-0.101782392551128,0.0252848051935533
"Germany","sg_lasso","Expenditures","2023-11",0.381323036718143,1.37866394432047,0.4028650931127,0.363089464844982
"Germany","sg_lasso","Expenditures","2023-12",0.381323036718143,3.42393149411878,1.03460596241098,2.17692612188307
"Germany","sg_lasso","Expenditures","2024-01",0.380241649233956,-0.154636596435162,-0.190883810132235,0.000499584483688011
"Germany","sg_lasso","Expenditures","2024-02",0.380241649233956,-0.0948769300938897,0.143042425754736,0.0215238142619049
"Germany","sg_lasso","Expenditures","2024-03",0.380241649233956,0.244968989521023,0.235736968819022,0.0000324080741860728
"Germany","sg_lasso","Expenditures","2024-04",0.378747804308163,0.261664728378833,-0.295643386321482,0.117636164806669
"Germany","sg_lasso","Expenditures","2024-05",0.378747804308163,2.02141992342192,1.39384634164579,0.149169292685628
"Germany","sg_lasso","Expenditures","2024-06",0.378747804308163,1.14573631189715,0.662471331746486,0.0884546715009664
"Germany","sg_lasso","Expenditures","2024-07",0.37806011600387,0.241073548926139,1.14562909037588,0.309336623180912
"Germany","sg_lasso","Expenditures","2024-08",0.37806011600387,-1.57265392383998,0.0464570738480048,0.991092315163209
"Germany","sg_lasso","Expenditures","2024-09",0.37806011600387,-0.859574792631781,-0.152680045416068,0.188916709394535
"Germany","sg_lasso","Expenditures","2024-10",0.378025553307014,-0.466407031215806,-0.0414627194581283,0.0682629728965808
"Germany","sg_lasso","Expenditures","2024-11",0.378025553307014,-0.268939267055365,-0.124242785896088,0.0079147480988536
"Germany","sg_lasso","Expenditures","2024-12",0.378025553307014,0.21762063778754,0.0139072391458868,0.015687738681648
"Germany","sg_lasso","Expenditures","2025-01",0.378181508722935,-0.162502063838011,-0.202602578469664,0.000608135256800556
"Germany","sg_lasso","Expenditures","2025-02",0.378181508722935,0.815317693510926,-0.486511756295851,0.640926862101337
"Germany","sg_lasso","Expenditures","2025-03",0.378181508722935,1.0370501295012,-0.41648157325902,0.799004650686171
"Germany","sg_lasso","Expenditures","2025-04",0.376927933398326,1.40063228521443,0.515218397230352,0.295495575723107
"Germany","sg_lasso","Expenditures","2025-05",0.376927933398326,0.827137427738385,1.24006498895441,0.0642696693795606
"Germany","sg_lasso","Expenditures","2025-06",0.376927933398326,-0.412608223624304,-0.136797910166904,0.0286734088344032
"Germany","sg_lasso","Expenditures","2025-07",0.375774041851694,-0.462276677890455,-0.29775006242391,0.0101718302432828
"Germany","sg_lasso","Expenditures","2025-08",0.375774041851694,-0.624696799516724,-0.286226677018124,0.0430494347351364
"Germany","sg_lasso","Expenditures","2025-09",0.375774041851694,-0.0490887755619174,-0.112012212493223,0.00148782430272429
"Germany","sg_lasso","Revenues","2013-01",0.384661197252174,0.4244502078789,0.53572268120828,0.00476270697084703
"Germany","sg_lasso","Revenues","2013-02",0.384661197252174,0.641471598302831,-0.0928261272409032,0.20740668252866
"Germany","sg_lasso","Revenues","2013-03",0.384661197252174,0.428981818226529,0.199047716219072,0.0203369187407229
"Germany","sg_lasso","Revenues","2013-04",0.386547263171059,-0.284370710027909,0.353821046140906,0.157436339124902
"Germany","sg_lasso","Revenues","2013-05",0.386547263171059,-1.18165393850419,-0.554357468004658,0.152106681223348
"Germany","sg_lasso","Revenues","2013-06",0.386547263171059,1.72620357341143,0.684521011519426,0.419443424731233
"Germany","sg_lasso","Revenues","2013-07",0.387742528364243,-1.94287770026359,-0.833048184300217,0.477590829783919
"Germany","sg_lasso","Revenues","2013-08",0.387742528364243,1.85420143063162,0.793042459611653,0.436620716280788
"Germany","sg_lasso","Revenues","2013-09",0.387742528364243,0.819785064147394,0.454496578541477,0.0517386870517008
"Germany","sg_lasso","Revenues","2013-10",0.387500200029149,-0.0738116694851466,0.807959428226778,0.301289259671254
"Germany","sg_lasso","Revenues","2013-11",0.387500200029149,0.0607604000673438,-0.319259193628653,0.0559607993794253
"Germany","sg_lasso","Revenues","2013-12",0.387500200029149,-0.32641981945083,-0.70571079821159,0.0557464168221245
"Germany","sg_lasso","Revenues","2014-01",0.389735672245191,0.846496717984178,0.220030376643048,0.152955691874042
"Germany","sg_lasso","Revenues","2014-02",0.389735672245191,0.665741476262423,-0.12819811543115,0.245666012973978
"Germany","sg_lasso","Revenues","2014-03",0.389735672245191,0.350091294291928,-0.135242717198802,0.0918018878913101
"Germany","sg_lasso","Revenues","2014-04",0.389133461237677,0.252644434349361,-0.247112297251871,0.0971887244641262
"Germany","sg_lasso","Revenues","2014-05",0.389133461237677,0.0582285609925551,0.516389258088635,0.081683481289233
"Germany","sg_lasso","Revenues","2014-06",0.389133461237677,0.111811290752252,-0.329687379977875,0.0758503130718529
"Germany","sg_lasso","Revenues","2014-07",0.389334859685148,0.233254487250128,0.329603380731976,0.0036142380470927
"Germany","sg_lasso","Revenues","2014-08",0.389334859685148,0.385352173910892,-0.14183249648447,0.108205375671123
"Germany","sg_lasso","Revenues","2014-09",0.389334859685148,-0.0182929961992907,-0.33297327301155,0.0385533692402685
"Germany","sg_lasso","Revenues","2014-10",0.391112009327365,0.03467105785664,0.00171059536959215,0.000424900992204753
"Germany","sg_lasso","Revenues","2014-11",0.391112009327365,-0.0807793609042253,-0.0196206225236653,0.00146291194930938
"Germany","sg_lasso","Revenues","2014-12",0.391112009327365,0.290914628523353,0.116371521095747,0.0119153432703917
"Germany","sg_lasso","Revenues","2015-01",0.389015803804615,-0.0417724357595214,-0.00506960004561366,0.000524042469408928
"Germany","sg_lasso","Revenues","2015-02",0.389015803804615,0.646718267376564,0.267686205212421,0.0558880737721252
"Germany","sg_lasso","Revenues","2015-03",0.389015803804615,-0.840318740643551,-0.388601452807709,0.0793780944052347
"Germany","sg_lasso","Revenues","2015-04",0.389275512877758,0.0613568185910825,0.0610517086325716,0.0000000362384698271357
"Germany","sg_lasso","Revenues","2015-05",0.389275512877758,-0.395524380885489,-0.292912241345576,0.00409877965368639
"Germany","sg_lasso","Revenues","2015-06",0.389275512877758,0.541404275625481,0.816865792067931,0.0295378549534729
"Germany","sg_lasso","Revenues","2015-07",0.389741866690653,0.0742262241474485,-0.00632190450739117,0.00252864563244381
"Germany","sg_lasso","Revenues","2015-08",0.389741866690653,0.0347599461036415,0.0335067055885719,0.000000612133170339901
"Germany","sg_lasso","Revenues","2015-09",0.389741866690653,0.0608768152097691,0.0531516158216657,0.000023259290116751
"Germany","sg_lasso","Revenues","2015-10",0.389900427397411,0.0826993538126394,0.156726313849165,0.0021366507598299
"Germany","sg_lasso","Revenues","2015-11",0.389900427397411,0.104228334000834,-0.070517339130548,0.0119060190544755
"Germany","sg_lasso","Revenues","2015-12",0.389900427397411,0.0641276461691596,-0.411258649725222,0.0881144282018493
"Germany","sg_lasso","Revenues","2016-01",0.391117443315624,0.0743720850774167,0.00623459992660728,0.00181584755719082
"Germany","sg_lasso","Revenues","2016-02",0.391117443315624,0.0706205047431014,0.245886264252117,0.0120143794383254
"Germany","sg_lasso","Revenues","2016-03",0.391117443315624,0.10093253689628,0.132547191565048,0.000390916561417285
"Germany","sg_lasso","Revenues","2016-04",0.391426373278095,0.0981027228190516,0.0189982353186776,0.00244935833688517
"Germany","sg_lasso","Revenues","2016-05",0.391426373278095,0.101868212253288,-0.0855074978107355,0.0137428455977302
"Germany","sg_lasso","Revenues","2016-06",0.391426373278095,0.106564877559414,0.0664231242971403,0.000630728939789728
"Germany","sg_lasso","Revenues","2016-07",0.391127744570575,0.0856896933450556,0.0137348777891672,0.0020250621302746
"Germany","sg_lasso","Revenues","2016-08",0.391127744570575,0.0955554470209544,0.0304364354412745,0.0016585715956446
"Germany","sg_lasso","Revenues","2016-09",0.391127744570575,0.0688868525639658,0.0530276240724776,0.0000983745448750494
"Germany","sg_lasso","Revenues","2016-10",0.391000821612474,0.110426574187759,-0.0162505826947175,0.00627443009614778
"Germany","sg_lasso","Revenues","2016-11",0.391000821612474,0.13853952407223,0.199377285836437,0.00144718524426247
"Germany","sg_lasso","Revenues","2016-12",0.391000821612474,0.129518332739851,0.0530066268884707,0.00228893489247791
"Germany","sg_lasso","Revenues","2017-01",0.392589860788304,0.127707801040703,0.0312135725547917,0.00365545763748611
"Germany","sg_lasso","Revenues","2017-02",0.392589860788304,0.08890245408513,0.0623129627812663,0.000277561442932298
"Germany","sg_lasso","Revenues","2017-03",0.392589860788304,0.0726804826063818,-0.0168963946938782,0.00315014769613305
"Germany","sg_lasso","Revenues","2017-04",0.392610077954359,0.114970825596829,0.0510719141643747,0.00160305477737438
"Germany","sg_lasso","Revenues","2017-05",0.392610077954359,0.0606222156006118,0.0860112061083387,0.000253076785649803
"Germany","sg_lasso","Revenues","2017-06",0.392610077954359,0.101819187218995,-0.178238701134915,0.0307933588559215
"Germany","sg_lasso","Revenues","2017-07",0.393331868850305,0.01694735465874,0.0582430616009815,0.000670762764563299
"Germany","sg_lasso","Revenues","2017-08",0.393331868850305,0.274199484426107,0.0861132343063473,0.013914680268892
"Germany","sg_lasso","Revenues","2017-09",0.393331868850305,0.208737575114366,-0.0352792063904694,0.023420627396563
"Germany","sg_lasso","Revenues","2017-10",0.394327125477423,0.0908742398650754,-0.0498902616281129,0.0078134519581331
"Germany","sg_lasso","Revenues","2017-11",0.394327125477423,0.0870027872542004,0.0870924765601552,0.000000003172035064925
"Germany","sg_lasso","Revenues","2017-12",0.394327125477423,0.0846993728815252,0.0657504575516384,0.000141587646647953
"Germany","sg_lasso","Revenues","2018-01",0.392911979825488,0.0810708720196397,-0.0333098126824743,0.00514044426318645
"Germany","sg_lasso","Revenues","2018-02",0.392911979825488,0.0696453970770018,-0.16011795571637,0.0207422942362468
"Germany","sg_lasso","Revenues","2018-03",0.392911979825488,0.0939973339228595,0.290107777665934,0.015111122120188
"Germany","sg_lasso","Revenues","2018-04",0.393973352462854,0.0863638318696883,0.13226095834808,0.000829923076006948
"Germany","sg_lasso","Revenues","2018-05",0.393973352462854,0.0874763004627204,0.241946114971762,0.00940056806136848
"Germany","sg_lasso","Revenues","2018-06",0.393973352462854,-0.026351371774257,-0.249131359222494,0.0195532610442709
"Germany","sg_lasso","Revenues","2018-07",0.391629183391646,-0.521820060349216,-0.284712090304681,0.0220174668878107
"Germany","sg_lasso","Revenues","2018-08",0.391629183391646,-0.420575442661768,-0.202225087240773,0.0186716566851999
"Germany","sg_lasso","Revenues","2018-09",0.391629183391646,-0.0826973617757692,-0.0102279643690116,0.00205676345602323
"Germany","sg_lasso","Revenues","2018-10",0.391374641596125,0.659222291851919,0.295394581007241,0.0518064973768398
"Germany","sg_lasso","Revenues","2018-11",0.391374641596125,0.431614883360429,0.113068543918854,0.03971347776132
"Germany","sg_lasso","Revenues","2018-12",0.391374641596125,0.374792262129271,0.236819093452517,0.00745044065284773
"Germany","sg_lasso","Revenues","2019-01",0.391435119654497,-0.33233947984754,-0.214910513859093,0.00539771887224453
"Germany","sg_lasso","Revenues","2019-02",0.391435119654497,-0.164229498273481,0.0519090367186598,0.0182862307182503
"Germany","sg_lasso","Revenues","2019-03",0.391435119654497,0.33887741152967,0.0209359221320253,0.0395689200054686
"Germany","sg_lasso","Revenues","2019-04",0.390541037407636,0.17591115153278,0.0844174532946536,0.00326925683526396
"Germany","sg_lasso","Revenues","2019-05",0.390541037407636,0.610267340927287,0.253864355014804,0.0496077287057001
"Germany","sg_lasso","Revenues","2019-06",0.390541037407636,-0.359614446906932,-0.120904649483628,0.0222539528728225
"Germany","sg_lasso","Revenues","2019-07",0.391776242484162,0.111388586464869,-0.0187948853093824,0.00663972045531458
"Germany","sg_lasso","Revenues","2019-08",0.391776242484162,-0.0867864386624902,-0.0863575282034265,0.0000000720727959342034
"Germany","sg_lasso","Revenues","2019-09",0.391776242484162,0.308680625556309,0.192093930613958,0.00532520190102136
"Germany","sg_lasso","Revenues","2019-10",0.391415415340653,-0.156847506553537,0.0359209393964183,0.0145448691363297
"Germany","sg_lasso","Revenues","2019-11",0.391415415340653,-0.345356463781056,-0.032970569595486,0.0381962525164256
"Germany","sg_lasso","Revenues","2019-12",0.391415415340653,-0.0329303253354059,-0.051271405065753,0.000131670269147865
"Germany","sg_lasso","Revenues","2020-01",0.399519130030127,0.321663231080888,0.141496148638065,0.0129684619137608
"Germany","sg_lasso","Revenues","2020-02",0.399519130030127,-0.00679321668362251,0.0134660166617934,0.000163977247693027
"Germany","sg_lasso","Revenues","2020-03",0.399519130030127,0.228574468809563,0.0862915040266301,0.00808804188272149
"Germany","sg_lasso","Revenues","2020-04",0.412238662989352,0.176938161865789,-0.057390534007841,0.0226359993063315
"Germany","sg_lasso","Revenues","2020-05",0.412238662989352,0.854222000971584,0.183555668353453,0.185422200860129
"Germany","sg_lasso","Revenues","2020-06",0.412238662989352,-0.710247372541828,-0.335990432195634,0.057741551156709
"Germany","sg_lasso","Revenues","2020-07",0.398481657904316,-6.77615665139271,-3.02015382449282,5.62160279625378
"Germany","sg_lasso","Revenues","2020-08",0.398481657904316,-6.68943348762816,-3.10396647146436,5.1227103308501
"Germany","sg_lasso","Revenues","2020-09",0.398481657904316,1.6176180752775,3.34310199177308,1.18639734648974
"Germany","sg_lasso","Revenues","2020-10",0.400301839210344,2.75963829365767,2.76115697062068,0.000000923248043028061
"Germany","sg_lasso","Revenues","2020-11",0.400301839210344,1.64776132966124,0.703776366325213,0.356712015619446
"Germany","sg_lasso","Revenues","2020-12",0.400301839210344,-3.28023303048991,-3.3451629432474,0.00168762995026472
"Germany","sg_lasso","Revenues","2021-01",0.396451428454899,-2.17387409216927,-2.23149669086627,0.00131636300345227
"Germany","sg_lasso","Revenues","2021-02",0.396451428454899,-1.2123932437101,-0.403659186370632,0.259299364229313
"Germany","sg_lasso","Revenues","2021-03",0.396451428454899,-0.142186925101432,0.274574872827117,0.0688598056873972
"Germany","sg_lasso","Revenues","2021-04",0.398040716723166,0.0901709783216217,-0.0961852431179299,0.0138234132616249
"Germany","sg_lasso","Revenues","2021-05",0.398040716723166,0.0901709783216217,0.536206434002393,0.0791892563297751
"Germany","sg_lasso","Revenues","2021-06",0.398040716723166,0.225860415340534,-0.133849230546993,0.051502898057845
"Germany","sg_lasso","Revenues","2021-07",0.392199367395243,1.21922136212177,0.879316700036937,0.0453128242361038
"Germany","sg_lasso","Revenues","2021-08",0.392199367395243,0.722197355286137,0.132189217611006,0.136528365893682
"Germany","sg_lasso","Revenues","2021-09",0.392199367395243,0.122985545912615,0.113516603267652,0.0000351649383819988
"Germany","sg_lasso","Revenues","2021-10",0.390570191489957,0.361014838346054,0.360860301110207,0.00000000932750250740578
"Germany","sg_lasso","Revenues","2021-11",0.390570191489957,0.34093506603576,0.550993695355402,0.0172337643103837
"Germany","sg_lasso","Revenues","2021-12",0.390570191489957,-0.411702611841445,-0.069620009331754,0.0457047218037306
"Germany","sg_lasso","Revenues","2022-01",0.390895393455862,-0.702228861563282,-0.158887712965181,0.115399983167611
"Germany","sg_lasso","Revenues","2022-02",0.390895393455862,-1.78038202120775,-0.999758957400984,0.238200851451616
"Germany","sg_lasso","Revenues","2022-03",0.390895393455862,1.02484346744863,0.664841026081708,0.0506607301039488
"Germany","sg_lasso","Revenues","2022-04",0.388687197292813,0.675606210685675,0.142316279961645,0.110541919921023
"Germany","sg_lasso","Revenues","2022-05",0.388687197292813,0.647711673988072,0.134911821414237,0.102210619189353
"Germany","sg_lasso","Revenues","2022-06",0.388687197292813,-0.434384433714132,0.0202331731292608,0.0803327693500276
"Germany","sg_lasso","Revenues","2022-07",0.388250857422374,0.0899564670573624,0.140838622717924,0.00100517904899262
"Germany","sg_lasso","Revenues","2022-08",0.388250857422374,0.0902183791460005,0.229441561199311,0.00752550302847123
"Germany","sg_lasso","Revenues","2022-09",0.388250857422374,0.0881702105813141,-0.747223026943135,0.270953231029861
"Germany","sg_lasso","Revenues","2022-10",0.386970974637792,0.2597503409469,0.549427234505976,0.0324717803336194
"Germany","sg_lasso","Revenues","2022-11",0.386970974637792,-0.0770691628307517,-0.355035417378066,0.0298994047126146
"Germany","sg_lasso","Revenues","2022-12",0.386970974637792,0.0212565233177004,0.112134065883692,0.00319588792391251
"Germany","sg_lasso","Revenues","2023-01",0.385031708350351,0.00739706590149149,0.210264595332919,0.0158460702461745
"Germany","sg_lasso","Revenues","2023-02",0.385031708350351,0.814657831500061,0.364743095683339,0.0779393772673855
"Germany","sg_lasso","Revenues","2023-03",0.385031708350351,0.307295269364918,-0.0634414279437263,0.0529209521879282
"Germany","sg_lasso","Revenues","2023-04",0.38381327786846,-0.150331176689329,-0.498040019181721,0.0464035776581774
"Germany","sg_lasso","Revenues","2023-05",0.38381327786846,-0.689061871899079,-0.00854638422815861,0.177744439053374
"Germany","sg_lasso","Revenues","2023-06",0.38381327786846,-0.609745684766133,-0.0706152345832432,0.111559797687322
"Germany","sg_lasso","Revenues","2023-07",0.383078512144581,0.0899900718540314,0.553418080138196,0.0822720554257012
"Germany","sg_lasso","Revenues","2023-08",0.383078512144581,0.0896462046172794,-0.464043367448484,0.117441200104457
"Germany","sg_lasso","Revenues","2023-09",0.383078512144581,0.0874832361844327,0.154345449866932,0.00171257379480383
"Germany","sg_lasso","Revenues","2023-10",0.381323036718143,-0.0316381530372776,-0.203364651510907,0.0112452126456006
"Germany","sg_lasso","Revenues","2023-11",0.381323036718143,0.169282584174474,0.459668684174445,0.0321547169512351
"Germany","sg_lasso","Revenues","2023-12",0.381323036718143,0.205019909934997,0.0610449668518858,0.0079043629522647
"Germany","sg_lasso","Revenues","2024-01",0.380241649233956,-0.00707998689911695,0.0626691642952849,0.00184985436510217
"Germany","sg_lasso","Revenues","2024-02",0.380241649233956,0.0680037702333034,0.114653913142202,0.000827495502421891
"Germany","sg_lasso","Revenues","2024-03",0.380241649233956,0.0751255518406984,-0.170273676516249,0.0228984491913745
"Germany","sg_lasso","Revenues","2024-04",0.378747804308163,0.21623537084945,-0.302653158620536,0.10197606847366
"Germany","sg_lasso","Revenues","2024-05",0.378747804308163,0.131789174708089,-0.793070143111982,0.323967523883656
"Germany","sg_lasso","Revenues","2024-06",0.378747804308163,-0.0302232831410462,-0.337362351071707,0.0357289495406405
"Germany","sg_lasso","Revenues","2024-07",0.37806011600387,0.224061392466579,0.0521116991962831,0.0111779889036253
"Germany","sg_lasso","Revenues","2024-08",0.37806011600387,0.198288675685034,0.880318964902148,0.175860453104723
"Germany","sg_lasso","Revenues","2024-09",0.37806011600387,0.23476008379683,-0.243805446519762,0.0865852055189129
"Germany","sg_lasso","Revenues","2024-10",0.378025553307014,0.259243520361909,0.258717490875427,0.000000104602324584306
"Germany","sg_lasso","Revenues","2024-11",0.378025553307014,0.237910243288933,-0.319413566449216,0.117418452432914
"Germany","sg_lasso","Revenues","2024-12",0.378025553307014,0.230077294624808,0.12717339228518,0.00400299314753531
"Germany","sg_lasso","Revenues","2025-01",0.378181508722935,-0.427337102406157,0.165299441697856,0.132824180892029
"Germany","sg_lasso","Revenues","2025-02",0.378181508722935,-0.319535692035173,0.195291577268778,0.100235918672532
"Germany","sg_lasso","Revenues","2025-03",0.378181508722935,-0.0172213308494276,-0.128428671559361,0.00467699818485811
"Germany","sg_lasso","Revenues","2025-04",0.376927933398326,0.128225261251972,-0.0846221928249721,0.0170763576844412
"Germany","sg_lasso","Revenues","2025-05",0.376927933398326,-0.150010567596656,-0.060828340471458,0.00299788487287081
"Germany","sg_lasso","Revenues","2025-06",0.376927933398326,-0.0351485360580422,-0.144207489802649,0.00448312633299548
"Germany","sg_lasso","Revenues","2025-07",0.375774041851694,0.0623066414719634,-0.276049816908537,0.0430205261012443
"Germany","sg_lasso","Revenues","2025-08",0.375774041851694,0.164932641453637,0.153655522722344,0.0000477884651192295
"Germany","sg_lasso","Revenues","2025-09",0.375774041851694,0.106564146342271,0.374033433509699,0.0268828071561105
"Italy","factor_midas","Expenditures","2013-01",0.209699895814756,0.101852728030972,1.94107618423689,0.709360838281736
"Italy","factor_midas","Expenditures","2013-02",0.209699895814756,1.80632197561027,0.234795219703265,0.517895066142361
"Italy","factor_midas","Expenditures","2013-03",0.209699895814756,0.384492277863769,0.331105030495686,0.000597686261720527
"Italy","factor_midas","Expenditures","2013-04",0.208250903771584,-0.160722241537948,1.35513080616992,0.478521105458369
"Italy","factor_midas","Expenditures","2013-05",0.208250903771584,1.14568461523068,0.602439951138427,0.061457916541064
"Italy","factor_midas","Expenditures","2013-06",0.208250903771584,0.0727086834223133,-0.353541550128209,0.0378369529341822
"Italy","factor_midas","Expenditures","2013-07",0.208525255446793,-0.0417868423189034,0.0979886167664476,0.00407399523386933
"Italy","factor_midas","Expenditures","2013-08",0.208525255446793,-1.61741180034695,-0.74708391953686,0.157951754553003
"Italy","factor_midas","Expenditures","2013-09",0.208525255446793,0.218730784500061,0.0529113634509861,0.00573362718858052
"Italy","factor_midas","Expenditures","2013-10",0.207779638643349,0.0820304594575186,0.163205991457708,0.00136915707118011
"Italy","factor_midas","Expenditures","2013-11",0.207779638643349,1.69935559516636,-0.983325771921598,1.49534420594887
"Italy","factor_midas","Expenditures","2013-12",0.207779638643349,0.228745483478407,0.076800887661341,0.00479704180324394
"Italy","factor_midas","Expenditures","2014-01",0.206904573666106,0.0408004843654175,-0.0706834202270061,0.0025715468019639
"Italy","factor_midas","Expenditures","2014-02",0.206904573666106,0.861127382673446,0.476367954812527,0.0306301152898294
"Italy","factor_midas","Expenditures","2014-03",0.206904573666106,0.656042594749868,0.237549671251581,0.0362365070751367
"Italy","factor_midas","Expenditures","2014-04",0.20668203889626,-0.0364891983040389,-0.621106154421048,0.0706391641860559
"Italy","factor_midas","Expenditures","2014-05",0.20668203889626,0.619938641438157,0.49526581583588,0.00321252371373845
"Italy","factor_midas","Expenditures","2014-06",0.20668203889626,0.13171186426366,0.469868715507627,0.0236341027309173
"Italy","factor_midas","Expenditures","2014-07",0.205661836220521,0.0768388627912174,-0.225681035884938,0.0188218193830447
"Italy","factor_midas","Expenditures","2014-08",0.205661836220521,-1.30699168390129,-0.534242797050158,0.122809082074656
"Italy","factor_midas","Expenditures","2014-09",0.205661836220521,0.16657232115262,0.0666843550851483,0.00205201272273417
"Italy","factor_midas","Expenditures","2014-10",0.204709268192204,0.0168026983547614,0.690092335794254,0.0927985876223602
"Italy","factor_midas","Expenditures","2014-11",0.204709268192204,1.83029941113913,0.2539449583342,0.508680701440986
"Italy","factor_midas","Expenditures","2014-12",0.204709268192204,0.0100022930446084,0.592226511929144,0.0693933796826181
"Italy","factor_midas","Expenditures","2015-01",0.204874119304992,0.158214407028089,-0.462545660534878,0.0789468203511639
"Italy","factor_midas","Expenditures","2015-02",0.204874119304992,-1.57409784673513,-0.249517469435275,0.359454341727216
"Italy","factor_midas","Expenditures","2015-03",0.204874119304992,-0.052808144486649,0.146066678823949,0.00810301631413978
"Italy","factor_midas","Expenditures","2015-04",0.204829226509382,0.11301055366357,0.622708056417322,0.0532129010753937
"Italy","factor_midas","Expenditures","2015-05",0.204829226509382,-0.865349783281612,0.624472100680025,0.454632651828059
"Italy","factor_midas","Expenditures","2015-06",0.204829226509382,0.140398540651655,-0.341613556678614,0.0475891339324185
"Italy","factor_midas","Expenditures","2015-07",0.204046139732661,0.0568518940904014,0.170931609358637,0.00265549348373129
"Italy","factor_midas","Expenditures","2015-08",0.204046139732661,-0.174321867456022,-0.0676850918198027,0.00232029066473469
"Italy","factor_midas","Expenditures","2015-09",0.204046139732661,0.029281574108437,-0.147530356585623,0.00637898404398828
"Italy","factor_midas","Expenditures","2015-10",0.204016781969978,0.0493766164485758,-0.0503892864792987,0.00203062705384833
"Italy","factor_midas","Expenditures","2015-11",0.204016781969978,0.159133486638245,0.768464473397148,0.0757482181717748
"Italy","factor_midas","Expenditures","2015-12",0.204016781969978,0.10234176473102,2.14017284244121,0.847231813679574
"Italy","factor_midas","Expenditures","2016-01",0.203288838691812,0.10059757774645,0.204728286453332,0.00220430244964852
"Italy","factor_midas","Expenditures","2016-02",0.203288838691812,0.920756625093017,0.0513548770397758,0.153657779542311
"Italy","factor_midas","Expenditures","2016-03",0.203288838691812,0.0331753542044832,-0.132465407778207,0.0055776078194681
"Italy","factor_midas","Expenditures","2016-04",0.203654496006923,0.139237187056485,0.00896532679502215,0.00345617108099229
"Italy","factor_midas","Expenditures","2016-05",0.203654496006923,-0.163133793408365,-0.373160658131861,0.00898346129200951
"Italy","factor_midas","Expenditures","2016-06",0.203654496006923,-0.0251822828884545,0.0192381520618161,0.000401845968543166
"Italy","factor_midas","Expenditures","2016-07",0.204169143670185,0.0669775548516896,0.218661257595057,0.00469751256667481
"Italy","factor_midas","Expenditures","2016-08",0.204169143670185,-0.249505570391007,-0.24438686295548,0.00000534946958669498
"Italy","factor_midas","Expenditures","2016-09",0.204169143670185,-0.0648966702218313,-0.107980706625268,0.000378985745597877
"Italy","factor_midas","Expenditures","2016-10",0.203886723911051,0.105665097150356,-0.700294172107267,0.132438769327234
"Italy","factor_midas","Expenditures","2016-11",0.203886723911051,0.595059311220677,0.654023950083828,0.000708879200247548
"Italy","factor_midas","Expenditures","2016-12",0.203886723911051,0.0482728629156602,-0.24616643392336,0.0176758574888641
"Italy","factor_midas","Expenditures","2017-01",0.203069947623657,0.0923842506504968,0.00532591933397445,0.00153909821322362
"Italy","factor_midas","Expenditures","2017-02",0.203069947623657,-0.327954391291828,0.0477035220471561,0.0286570011038621
"Italy","factor_midas","Expenditures","2017-03",0.203069947623657,-0.0607053342036782,0.27258128393188,0.0225570036550576
"Italy","factor_midas","Expenditures","2017-04",0.20250657510845,0.0606005525758664,0.0301875020773173,0.000187309193897525
"Italy","factor_midas","Expenditures","2017-05",0.20250657510845,-0.17878431993902,-0.21309561260464,0.000238403863531896
"Italy","factor_midas","Expenditures","2017-06",0.20250657510845,0.0472405637140531,-0.00859877940096579,0.00063142202990228
"Italy","factor_midas","Expenditures","2017-07",0.201432605360771,0.105613705992328,-0.00187624298463003,0.00232737027624182
"Italy","factor_midas","Expenditures","2017-08",0.201432605360771,0.35836163024009,-0.153956241817323,0.052869935764794
"Italy","factor_midas","Expenditures","2017-09",0.201432605360771,0.0621412151916615,0.0350617688598482,0.000147709807100724
"Italy","factor_midas","Expenditures","2017-10",0.201103554039775,0.00961535155385415,0.0864194986502218,0.00118628513179594
"Italy","factor_midas","Expenditures","2017-11",0.201103554039775,-0.908201527564426,-0.345484307736666,0.0636795750236504
"Italy","factor_midas","Expenditures","2017-12",0.201103554039775,0.101754359445401,0.0295128842790688,0.0010495254085812
"Italy","factor_midas","Expenditures","2018-01",0.201204811679074,0.117649202903212,0.0210757397323627,0.00187652335411516
"Italy","factor_midas","Expenditures","2018-02",0.201204811679074,0.648083838094965,0.334607269592437,0.0197719057027814
"Italy","factor_midas","Expenditures","2018-03",0.201204811679074,-0.0285257678324143,-0.0545760485408928,0.000136541030835913
"Italy","factor_midas","Expenditures","2018-04",0.200733560624334,-0.0475408283245202,-0.130620382563301,0.00138550565769083
"Italy","factor_midas","Expenditures","2018-05",0.200733560624334,-1.2418451624884,-0.40048063520755,0.14209813691433
"Italy","factor_midas","Expenditures","2018-06",0.200733560624334,0.0511697564906787,0.0144361418891954,0.000270861524558998
"Italy","factor_midas","Expenditures","2018-07",0.200676608264872,-0.00740843374046316,-0.0184812825648111,0.0000246045537907152
"Italy","factor_midas","Expenditures","2018-08",0.200676608264872,-0.506369161974299,-0.377991722113831,0.00330730443623329
"Italy","factor_midas","Expenditures","2018-09",0.200676608264872,0.164650945219413,-0.000866990804627132,0.00549777391578039
"Italy","factor_midas","Expenditures","2018-10",0.200211659801942,0.14886348998462,0.0324877042560346,0.00271153127795962
"Italy","factor_midas","Expenditures","2018-11",0.200211659801942,0.566383392748895,0.142176190347152,0.0360284386657876
"Italy","factor_midas","Expenditures","2018-12",0.200211659801942,0.248054233645966,0.160941084297877,0.00151934638077456
"Italy","factor_midas","Expenditures","2019-01",0.199384424564197,0.192421144914006,-0.0600384876911715,0.0127079389854805
"Italy","factor_midas","Expenditures","2019-02",0.199384424564197,0.19213357036007,0.0224434213150603,0.00574122399784533
"Italy","factor_midas","Expenditures","2019-03",0.199384424564197,-0.064011615742917,0.00197350883302711,0.000868127095042823
"Italy","factor_midas","Expenditures","2019-04",0.199602036133413,0.117484893404647,-0.0492218033259446,0.00554716468430477
"Italy","factor_midas","Expenditures","2019-05",0.199602036133413,-0.19250488347929,-0.051810006649605,0.00395113195923698
"Italy","factor_midas","Expenditures","2019-06",0.199602036133413,0.00227729371799763,0.00831338168085539,0.00000727237202112662
"Italy","factor_midas","Expenditures","2019-07",0.198388459592404,0.0578256306757449,0.0155646390913379,0.000354320084615116
"Italy","factor_midas","Expenditures","2019-08",0.198388459592404,-0.367047844501698,0.256291125641441,0.0770841279427475
"Italy","factor_midas","Expenditures","2019-09",0.198388459592404,0.0988035021637267,-0.080367339512604,0.00636870412422655
"Italy","factor_midas","Expenditures","2019-10",0.198346611898871,0.129347301868297,0.0179957656534433,0.00245933229223921
"Italy","factor_midas","Expenditures","2019-11",0.198346611898871,-0.259116736276487,0.076741235940631,0.0223736123677169
"Italy","factor_midas","Expenditures","2019-12",0.198346611898871,0.119333156926704,0.0522638516343102,0.000892220920488161
"Italy","factor_midas","Expenditures","2020-01",0.194877598535108,0.122911404537507,0.0206789050575987,0.00203676009328656
"Italy","factor_midas","Expenditures","2020-02",0.194877598535108,-0.283481675546722,0.0443703606104821,0.0209468001733542
"Italy","factor_midas","Expenditures","2020-03",0.194877598535108,1.68509944823931,0.610830768258164,0.224899115571893
"Italy","factor_midas","Expenditures","2020-04",0.193110355407777,1.98088711358798,0.360121639458892,0.507277869864148
"Italy","factor_midas","Expenditures","2020-05",0.193110355407777,-1.13219310928222,-0.56878351626274,0.0612990914725973
"Italy","factor_midas","Expenditures","2020-06",0.193110355407777,-0.409846560661977,-0.17420794749261,0.0107225598565381
"Italy","factor_midas","Expenditures","2020-07",0.19610972850227,-0.438354148073895,0.311329773808869,0.110218762884308
"Italy","factor_midas","Expenditures","2020-08",0.19610972850227,-10.2225188326541,-4.52615790933084,6.36347197103081
"Italy","factor_midas","Expenditures","2020-09",0.19610972850227,1.49060168112167,0.327329538409039,0.265376092127492
"Italy","factor_midas","Expenditures","2020-10",0.195652775549489,-1.16396302962691,-0.518930230835247,0.0814047243137157
"Italy","factor_midas","Expenditures","2020-11",0.195652775549489,1.34499034044301,-0.153225419291349,0.43917209316891
"Italy","factor_midas","Expenditures","2020-12",0.195652775549489,-0.395654804791344,-0.520666493953081,0.00305764639892849
"Italy","factor_midas","Expenditures","2021-01",0.198189403368751,-0.0730822852492319,-0.0594128416238425,0.0000370324211456499
"Italy","factor_midas","Expenditures","2021-02",0.198189403368751,0.26660544266764,-0.919035659598063,0.278603727834756
"Italy","factor_midas","Expenditures","2021-03",0.198189403368751,0.21491004182533,0.123234306164778,0.00166567105010773
"Italy","factor_midas","Expenditures","2021-04",0.199328377448272,-0.0842338452753562,-0.0155561384882991,0.00094015768856946
"Italy","factor_midas","Expenditures","2021-05",0.199328377448272,-1.09174636529539,-0.51364952539122,0.0666147377204846
"Italy","factor_midas","Expenditures","2021-06",0.199328377448272,0.0910966346452372,0.328716249339983,0.011254694378803
"Italy","factor_midas","Expenditures","2021-07",0.200848911448079,-0.0850652466408721,-0.148405951133117,0.000805814839914387
"Italy","factor_midas","Expenditures","2021-08",0.200848911448079,0.217665823056664,0.62749347353306,0.0337343226848625
"Italy","factor_midas","Expenditures","2021-09",0.200848911448079,0.33381593729351,-0.0372103826266659,0.0276489676146298
"Italy","factor_midas","Expenditures","2021-10",0.202165502166925,-0.540113590678591,-0.360232218237548,0.0065415314511721
"Italy","factor_midas","Expenditures","2021-11",0.202165502166925,0.0404319366882272,0.248603890701069,0.00876095574186829
"Italy","factor_midas","Expenditures","2021-12",0.202165502166925,0.238078879976148,0.23423149699984,0.00000299252568676408
"Italy","factor_midas","Expenditures","2022-01",0.202390814255213,-0.695808146724325,-2.46304716022676,0.632093578813654
"Italy","factor_midas","Expenditures","2022-02",0.202390814255213,0.0253562855663119,1.60031457785018,0.502029123999224
"Italy","factor_midas","Expenditures","2022-03",0.202390814255213,0.0792318962425249,-0.421986196525414,0.0508445346483136
"Italy","factor_midas","Expenditures","2022-04",0.204124146403336,1.24463411417735,0.495288962907218,0.114619414228781
"Italy","factor_midas","Expenditures","2022-05",0.204124146403336,-0.0298446215377032,-0.221395566504697,0.00748967511221753
"Italy","factor_midas","Expenditures","2022-06",0.204124146403336,-0.169146996664944,-0.28378673138214,0.00268265439571017
"Italy","factor_midas","Expenditures","2022-07",0.2035819371157,0.945768428791234,0.582347117356712,0.0268880944431949
"Italy","factor_midas","Expenditures","2022-08",0.2035819371157,0.201397893891158,-0.0337638085272262,0.0112582900554466
"Italy","factor_midas","Expenditures","2022-09",0.2035819371157,-0.138683353732014,-0.293850221356988,0.00490159279054751
"Italy","factor_midas","Expenditures","2022-10",0.203125856367955,-0.997745860717723,0.430119761100593,0.414133043488467
"Italy","factor_midas","Expenditures","2022-11",0.203125856367955,-0.853953287136445,0.0146439481069987,0.153250568626721
"Italy","factor_midas","Expenditures","2022-12",0.203125856367955,0.184004569607638,0.0213320356957304,0.00537518817340465
"Italy","factor_midas","Expenditures","2023-01",0.204232691168473,0.223680793799424,-0.0290078499952469,0.013040574035311
"Italy","factor_midas","Expenditures","2023-02",0.204232691168473,0.2874335207425,0.360596171630191,0.00109321133403925
"Italy","factor_midas","Expenditures","2023-03",0.204232691168473,0.255355349197555,0.0382793149241747,0.00962385382411912
"Italy","factor_midas","Expenditures","2023-04",0.203849645427953,0.053777578275391,0.00109461161239442,0.000565783666829141
"Italy","factor_midas","Expenditures","2023-05",0.203849645427953,0.105929680617029,-0.179165620224633,0.0165687627156845
"Italy","factor_midas","Expenditures","2023-06",0.203849645427953,0.300082881749758,-0.0113272402669257,0.0197685770505802
"Italy","factor_midas","Expenditures","2023-07",0.203616360995929,-0.104936497406648,-0.104674830466484,0.0000000139415282608808
"Italy","factor_midas","Expenditures","2023-08",0.203616360995929,-0.0519564890321079,-0.141685417476241,0.00163937245707463
"Italy","factor_midas","Expenditures","2023-09",0.203616360995929,0.00063626231980332,0.0251826883677217,0.000122684361601711
"Italy","factor_midas","Expenditures","2023-10",0.20394080532499,0.216291422492338,-0.0345150053518819,0.0128286647327865
"Italy","factor_midas","Expenditures","2023-11",0.20394080532499,-0.0431128994661646,0.16134275109642,0.0085251565990853
"Italy","factor_midas","Expenditures","2023-12",0.20394080532499,-0.013131703674488,-0.122992286497367,0.00246143248115704
"Italy","factor_midas","Expenditures","2024-01",0.203744291792372,-0.0113116075348522,-0.151907555739002,0.0040274583723279
"Italy","factor_midas","Expenditures","2024-02",0.203744291792372,-0.018497602934004,-0.136519701962262,0.00283799822042233
"Italy","factor_midas","Expenditures","2024-03",0.203744291792372,0.0861751844012955,-0.0771154628845792,0.00543260427859024
"Italy","factor_midas","Expenditures","2024-04",0.20394998844709,-0.0510751651848946,-0.119112190422655,0.000944092002534529
"Italy","factor_midas","Expenditures","2024-05",0.20394998844709,0.398880197973364,0.349569212175497,0.000495919350595152
"Italy","factor_midas","Expenditures","2024-06",0.20394998844709,0.070870835476761,-0.00762379711268155,0.00125661895690227
"Italy","factor_midas","Expenditures","2024-07",0.20349597842287,0.241565748352789,0.0419982142453407,0.00810467516813021
"Italy","factor_midas","Expenditures","2024-08",0.20349597842287,-0.30862975852868,0.0496075433060828,0.0261154456557244
"Italy","factor_midas","Expenditures","2024-09",0.20349597842287,0.100787790815027,0.0650014481935672,0.000260609631475588
"Italy","factor_midas","Expenditures","2024-10",0.203355344842492,-0.0358815070237983,-0.0691392569730455,0.000224926859220809
"Italy","factor_midas","Expenditures","2024-11",0.203355344842492,0.172148908530459,0.111546155074879,0.000746861899232497
"Italy","factor_midas","Expenditures","2024-12",0.203355344842492,0.0898117256099032,-0.0566614199220189,0.00436286332361037
"Italy","factor_midas","Expenditures","2025-01",0.203304659888025,-0.0223031513186988,-0.0233356778978848,0.000000216745362054789
"Italy","factor_midas","Expenditures","2025-02",0.203304659888025,0.0249754428065785,0.378798909257064,0.0254519229083174
"Italy","factor_midas","Expenditures","2025-03",0.203304659888025,-0.0173637951036189,0.192579726548634,0.00896091357882639
"Italy","factor_midas","Expenditures","2025-04",0.203101379053759,0.240757914756824,0.17801355321295,0.000799580660451416
"Italy","factor_midas","Expenditures","2025-05",0.203101379053759,-0.273236171038941,-0.00921787181548794,0.0141573161460316
"Italy","factor_midas","Expenditures","2025-06",0.203101379053759,0.0506242416860001,-0.00282548114059499,0.000580234819726982
"Italy","factor_midas","Expenditures","2025-07",0.203002938093055,-0.111532589984248,-0.0127466375979932,0.00198103754280253
"Italy","factor_midas","Expenditures","2025-08",0.203002938093055,0.0268820445156209,-0.166449150759764,0.00758763088348198
"Italy","factor_midas","Expenditures","2025-09",0.203002938093055,0.0763604878669622,0.0219195908220401,0.00060166239597764
"Italy","factor_midas","Revenues","2013-03",0.209699895814756,3.45772651863801,1.98224265307513,0.456527711274614
"Italy","factor_midas","Revenues","2013-04",0.208250903771584,-0.599826945339207,-0.403775590166999,0.00800435961484245
"Italy","factor_midas","Revenues","2013-05",0.208250903771584,-2.95470305065226,-1.83457572247632,0.261289333372617
"Italy","factor_midas","Revenues","2013-06",0.208250903771584,2.0976311776681,0.664690090869002,0.427605778685264
"Italy","factor_midas","Revenues","2013-07",0.208525255446793,-0.00454439857653323,-0.0556377380056484,0.000544361296227612
"Italy","factor_midas","Revenues","2013-08",0.208525255446793,-0.481376458112202,-0.335514391589573,0.00443652962925896
"Italy","factor_midas","Revenues","2013-09",0.208525255446793,-0.0264623689489041,0.0409112933566895,0.000946540002445658
"Italy","factor_midas","Revenues","2013-10",0.207779638643349,0.00640819095599885,-0.176580313400624,0.00695745813279571
"Italy","factor_midas","Revenues","2013-11",0.207779638643349,0.0541940684361018,0.486645984022861,0.0388578383292529
"Italy","factor_midas","Revenues","2013-12",0.207779638643349,-0.383332352791395,-0.270686482779438,0.00263653495686157
"Italy","factor_midas","Revenues","2014-01",0.206904573666106,-0.0142932798027344,0.501705922726559,0.055089413885827
"Italy","factor_midas","Revenues","2014-02",0.206904573666106,-0.420725180193385,-0.175909104758762,0.0124008071649716
"Italy","factor_midas","Revenues","2014-03",0.206904573666106,0.137140008310349,0.0856179262457546,0.000549233351052784
"Italy","factor_midas","Revenues","2014-04",0.20668203889626,-0.0232276063503884,0.045928942962251,0.000988483370979001
"Italy","factor_midas","Revenues","2014-05",0.20668203889626,-0.488603869712883,-1.00396468793788,0.0548940825599575
"Italy","factor_midas","Revenues","2014-06",0.20668203889626,-0.168019281047039,0.714080101085259,0.160819153912751
"Italy","factor_midas","Revenues","2014-07",0.205661836220521,-0.0154962570506969,0.195485444366322,0.00915468255812297
"Italy","factor_midas","Revenues","2014-08",0.205661836220521,-0.0672302048491938,-0.110942733928572,0.00039297559254968
"Italy","factor_midas","Revenues","2014-09",0.205661836220521,0.387229917394434,-0.135400787433025,0.0561750608277395
"Italy","factor_midas","Revenues","2014-10",0.204709268192204,-0.0158990593850272,0.26705776022533,0.0163899578468397
"Italy","factor_midas","Revenues","2014-11",0.204709268192204,0.0446503984059363,-0.033257521706499,0.00124251238475283
"Italy","factor_midas","Revenues","2014-12",0.204709268192204,0.125798405339367,-0.0371492398421689,0.00543542719730914
"Italy","factor_midas","Revenues","2015-01",0.204874119304992,-0.00993958626221758,-0.151495811564119,0.00410530139082609
"Italy","factor_midas","Revenues","2015-02",0.204874119304992,-0.551280635017212,-0.0276529148051337,0.0561736130988684
"Italy","factor_midas","Revenues","2015-03",0.204874119304992,-0.0621381011123633,-0.313811258509492,0.0129765993166757
"Italy","factor_midas","Revenues","2015-04",0.204829226509382,-0.00284166443003003,0.466281069445591,0.0450780254144481
"Italy","factor_midas","Revenues","2015-05",0.204829226509382,-0.195699941200914,-0.000419521650381159,0.00781104831144812
"Italy","factor_midas","Revenues","2015-06",0.204829226509382,0.217735793781513,0.33553037548883,0.00284212093490869
"Italy","factor_midas","Revenues","2015-07",0.204046139732661,-0.0035674219254329,0.2006351923732,0.0085084603352498
"Italy","factor_midas","Revenues","2015-08",0.204046139732661,-0.241876057309087,-0.152821656966682,0.00161822590869246
"Italy","factor_midas","Revenues","2015-09",0.204046139732661,-0.538547589097719,-0.517511220389558,0.0000902962950797559
"Italy","factor_midas","Revenues","2015-10",0.204016781969978,0.0717254923647213,0.0047074899076327,0.000916323556033328
"Italy","factor_midas","Revenues","2015-11",0.204016781969978,-0.105962028832977,-0.0391358898079366,0.000911084446621514
"Italy","factor_midas","Revenues","2015-12",0.204016781969978,0.217785828081034,0.033088783775937,0.00695962411101923
"Italy","factor_midas","Revenues","2016-01",0.203288838691812,-0.170357515830222,0.0161881341372998,0.00707430512129953
"Italy","factor_midas","Revenues","2016-02",0.203288838691812,0.653876844647714,0.290849929757002,0.0267911394395784
"Italy","factor_midas","Revenues","2016-03",0.203288838691812,-0.0491375246220466,0.0289083058278308,0.00123826314534843
"Italy","factor_midas","Revenues","2016-04",0.203654496006923,-0.0200338158562556,-0.114112861551117,0.00180251882529156
"Italy","factor_midas","Revenues","2016-05",0.203654496006923,-0.0359010064539275,-0.0386566150229281,0.00000154642568882978
"Italy","factor_midas","Revenues","2016-06",0.203654496006923,-0.145199033477805,-0.0291019693806232,0.00274496288621926
"Italy","factor_midas","Revenues","2016-07",0.204169143670185,0.0386658215997987,-0.0441115661705712,0.00139898655757498
"Italy","factor_midas","Revenues","2016-08",0.204169143670185,0.072456329396108,0.0408847173453799,0.000203509001022102
"Italy","factor_midas","Revenues","2016-09",0.204169143670185,0.0632302426493896,0.0140593087609845,0.000493636223157388
"Italy","factor_midas","Revenues","2016-10",0.203886723911051,0.0861995465811096,0.0323946312472107,0.000590245727717742
"Italy","factor_midas","Revenues","2016-11",0.203886723911051,0.238823979505743,0.0559766609603524,0.00681657377188924
"Italy","factor_midas","Revenues","2016-12",0.203886723911051,0.434128527140323,0.320268839780331,0.00264319328033103
"Italy","factor_midas","Revenues","2017-01",0.203069947623657,0.224267199441697,-0.0280606577730057,0.0129293310674516
"Italy","factor_midas","Revenues","2017-02",0.203069947623657,-0.158431981017242,0.0175791896200144,0.00629109320702446
"Italy","factor_midas","Revenues","2017-03",0.203069947623657,0.111090647926651,0.00626391342908115,0.00223146341543463
"Italy","factor_midas","Revenues","2017-04",0.20250657510845,-0.385807035265718,0.0355010276681638,0.0359450150732843
"Italy","factor_midas","Revenues","2017-05",0.20250657510845,0.483148310763322,0.126280432979971,0.0257901605150496
"Italy","factor_midas","Revenues","2017-06",0.20250657510845,-0.24061207024121,0.130371078888863,0.0278706755523325
"Italy","factor_midas","Revenues","2017-07",0.201432605360771,-0.107268450768545,0.0119855047925721,0.00286467498900946
"Italy","factor_midas","Revenues","2017-08",0.201432605360771,-0.0981299856917769,-0.0977249414777513,0.0000000330471974666317
"Italy","factor_midas","Revenues","2017-09",0.201432605360771,0.0517645315648835,-0.0634347383407509,0.00267318627942211
"Italy","factor_midas","Revenues","2017-10",0.201103554039775,0.397057188357213,-0.000844254517597872,0.0318398324577687
"Italy","factor_midas","Revenues","2017-11",0.201103554039775,-0.166130411129642,-0.0140025033823127,0.00465411950425137
"Italy","factor_midas","Revenues","2017-12",0.201103554039775,0.0904922784301234,0.142126394981477,0.000536158563960448
"Italy","factor_midas","Revenues","2018-01",0.201204811679074,-0.0776468439011138,0.0474933021836148,0.0031508786509805
"Italy","factor_midas","Revenues","2018-02",0.201204811679074,-0.202006162964612,0.0960924025582194,0.0178796138381317
"Italy","factor_midas","Revenues","2018-03",0.201204811679074,-0.0524955282827037,-0.0181139481464084,0.000237842810049306
"Italy","factor_midas","Revenues","2018-04",0.200733560624334,-0.0054562854258164,-0.0535162147552737,0.000463645708076
"Italy","factor_midas","Revenues","2018-05",0.200733560624334,-0.196162970742831,0.325573458998021,0.0546414621559336
"Italy","factor_midas","Revenues","2018-06",0.200733560624334,-0.135676695731359,0.0959852100484516,0.0107728158909528
"Italy","factor_midas","Revenues","2018-07",0.200676608264872,-0.00376899903664389,-0.011713505427601,0.0000126657406128338
"Italy","factor_midas","Revenues","2018-08",0.200676608264872,0.0131290786484343,0.0279431012121892,0.0000440395381496315
"Italy","factor_midas","Revenues","2018-09",0.200676608264872,-0.00681171206980751,-0.057195446207899,0.000509421717202537
"Italy","factor_midas","Revenues","2018-10",0.200211659801942,-0.00390507856641924,0.12995003203754,0.00358723047598074
"Italy","factor_midas","Revenues","2018-11",0.200211659801942,0.0733241523514299,-0.0975449622763949,0.00584543054014908
"Italy","factor_midas","Revenues","2018-12",0.200211659801942,0.0130273313975926,-0.0284267007752843,0.000344051080667205
"Italy","factor_midas","Revenues","2019-01",0.199384424564197,-0.00124563745359408,-0.0870043647806677,0.00146638457649778
"Italy","factor_midas","Revenues","2019-02",0.199384424564197,0.0512391981568173,0.0306949255636749,0.0000841536131148525
"Italy","factor_midas","Revenues","2019-03",0.199384424564197,0.0274540226485588,-0.0164290909456892,0.000383960101102376
"Italy","factor_midas","Revenues","2019-04",0.199602036133413,-0.00464957562420691,-0.0249621073334743,0.0000823555894167197
"Italy","factor_midas","Revenues","2019-05",0.199602036133413,0.0603689687336183,0.0142314972552641,0.000424886122621949
"Italy","factor_midas","Revenues","2019-06",0.199602036133413,-0.0107103257226367,0.183604172402797,0.00753659846725337
"Italy","factor_midas","Revenues","2019-07",0.198388459592404,-0.0232730610443426,-0.0173687171299077,0.00000691607505534239
"Italy","factor_midas","Revenues","2019-08",0.198388459592404,0.0222183499798181,0.0427850353942338,0.0000839160466485477
"Italy","factor_midas","Revenues","2019-09",0.198388459592404,-0.103851162951225,-0.0249365252728162,0.00123546810779946
"Italy","factor_midas","Revenues","2019-10",0.198346611898871,0.0158339416934527,-0.00321950688508586,0.0000720065446119145
"Italy","factor_midas","Revenues","2019-11",0.198346611898871,-0.016144243015624,-0.0308746043203426,0.0000430379508234426
"Italy","factor_midas","Revenues","2019-12",0.198346611898871,0.0621744620206678,-0.0773430998839431,0.00386084656843275
"Italy","factor_midas","Revenues","2020-01",0.194877598535108,0.00839430050162527,0.0172845561508629,0.000015402471673026
"Italy","factor_midas","Revenues","2020-02",0.194877598535108,-0.0988399340835718,-0.0251228547323067,0.00105900536368195
"Italy","factor_midas","Revenues","2020-03",0.194877598535108,-1.52854519115815,-0.436482448563781,0.232411225470168
"Italy","factor_midas","Revenues","2020-04",0.193110355407777,0.00403409936878943,1.57107750321224,0.474206622200629
"Italy","factor_midas","Revenues","2020-05",0.193110355407777,0.153192609016354,0.129587375056243,0.000107602455383603
"Italy","factor_midas","Revenues","2020-06",0.193110355407777,-0.184777868630043,-1.22068680676374,0.207228137521101
"Italy","factor_midas","Revenues","2020-07",0.19610972850227,-5.52643398065434,0.350930084617859,6.77429843418975
"Italy","factor_midas","Revenues","2020-08",0.19610972850227,3.97883417131885,3.15886687419183,0.131853663758135
"Italy","factor_midas","Revenues","2020-09",0.19610972850227,1.01096290706177,-1.21748335171593,0.973875563488815
"Italy","factor_midas","Revenues","2020-10",0.195652775549489,5.09152673651125,2.52202933820861,1.29176162260656
"Italy","factor_midas","Revenues","2020-11",0.195652775549489,3.84745115348645,-1.79167630888171,6.22171101953526
"Italy","factor_midas","Revenues","2020-12",0.195652775549489,-1.98321708128673,-0.374443042775458,0.506379495451434
"Italy","factor_midas","Revenues","2021-01",0.198189403368751,-0.966197566019567,-0.370264396380985,0.0703842598694152
"Italy","factor_midas","Revenues","2021-02",0.198189403368751,-1.80264925944412,-0.733446199416074,0.22656917136643
"Italy","factor_midas","Revenues","2021-03",0.198189403368751,-0.0986608682441506,-0.313570671166254,0.00915362005791979
"Italy","factor_midas","Revenues","2021-04",0.199328377448272,0.63202952095946,-0.659559454385774,0.332520014108075
"Italy","factor_midas","Revenues","2021-05",0.199328377448272,-0.645213436420449,0.417038354915862,0.224917928944666
"Italy","factor_midas","Revenues","2021-06",0.199328377448272,1.23491465977954,0.0588468295358442,0.275698163245165
"Italy","factor_midas","Revenues","2021-07",0.200848911448079,0.00317258295409434,0.243576815294338,0.0116079011391265
"Italy","factor_midas","Revenues","2021-08",0.200848911448079,0.539358642439553,0.427134624073915,0.00252953744590603
"Italy","factor_midas","Revenues","2021-09",0.200848911448079,-0.970719900443432,-0.0468951958641601,0.171414922203362
"Italy","factor_midas","Revenues","2021-10",0.202165502166925,-1.08118265277981,-0.629137684139369,0.0413114395249564
"Italy","factor_midas","Revenues","2021-11",0.202165502166925,0.148057484073264,1.14697395854939,0.201727636551509
"Italy","factor_midas","Revenues","2021-12",0.202165502166925,0.0688321141363188,-0.754516326924362,0.137048530748637
"Italy","factor_midas","Revenues","2022-01",0.202390814255213,2.55197060575179,0.420863547887192,0.919181621779682
"Italy","factor_midas","Revenues","2022-02",0.202390814255213,-1.67019312392644,-1.16371135580152,0.0519180570020639
"Italy","factor_midas","Revenues","2022-03",0.202390814255213,-0.101676990266883,0.77705388875942,0.156279701711685
"Italy","factor_midas","Revenues","2022-04",0.204124146403336,-2.31348552242353,-2.13701442115597,0.00635684428829547
"Italy","factor_midas","Revenues","2022-05",0.204124146403336,0.954860521692787,-0.0633745550393555,0.211636460306127
"Italy","factor_midas","Revenues","2022-06",0.204124146403336,0.0686740207094044,0.0183131402869925,0.000517703390868929
"Italy","factor_midas","Revenues","2022-07",0.2035819371157,0.25248487713371,0.0354210170328167,0.00959211299823247
"Italy","factor_midas","Revenues","2022-08",0.2035819371157,0.0442351489060459,-0.124397352607768,0.00578924337459573
"Italy","factor_midas","Revenues","2022-09",0.2035819371157,-0.156922239421893,0.226516161152595,0.0299316357366595
"Italy","factor_midas","Revenues","2022-10",0.203125856367955,-0.940700872055703,-0.168869855229029,0.121006768610752
"Italy","factor_midas","Revenues","2022-11",0.203125856367955,0.156977180588042,-0.0347691667503173,0.00746825964717893
"Italy","factor_midas","Revenues","2022-12",0.203125856367955,0.402408041903215,-0.446996674538114,0.146552943485554
"Italy","factor_midas","Revenues","2023-01",0.204232691168473,-0.649268296882012,1.20173353715348,0.699743637372959
"Italy","factor_midas","Revenues","2023-02",0.204232691168473,-0.327548177988167,-0.000956648888845465,0.0217838727950706
"Italy","factor_midas","Revenues","2023-03",0.204232691168473,0.0390589985692742,0.064212901697336,0.000129221871972281
"Italy","factor_midas","Revenues","2023-04",0.203849645427953,0.279514729590472,-0.327313435748692,0.075065679507677
"Italy","factor_midas","Revenues","2023-05",0.203849645427953,-0.0450556499019886,0.088959096011808,0.0036611298720419
"Italy","factor_midas","Revenues","2023-06",0.203849645427953,-0.202211423085702,-0.0448940580326572,0.00504502459461727
"Italy","factor_midas","Revenues","2023-07",0.203616360995929,-0.278520437047318,0.299170374685242,0.0679522109190557
"Italy","factor_midas","Revenues","2023-08",0.203616360995929,0.111986032638697,-0.425639719967251,0.0588535681985215
"Italy","factor_midas","Revenues","2023-09",0.203616360995929,0.0522740995101666,0.174370092045789,0.00303539693209183
"Italy","factor_midas","Revenues","2023-10",0.20394080532499,-0.0576702576296339,-0.282991029721758,0.0103539625874699
"Italy","factor_midas","Revenues","2023-11",0.20394080532499,-0.0816040822476436,-0.0221619007750283,0.000720598922534794
"Italy","factor_midas","Revenues","2023-12",0.20394080532499,0.115317486659539,0.177904870774278,0.000798872976430955
"Italy","factor_midas","Revenues","2024-01",0.203744291792372,-0.0814087963551915,-0.192888103228559,0.0025320598671461
"Italy","factor_midas","Revenues","2024-02",0.203744291792372,0.0509509239909672,0.0858535202822135,0.000248199508989997
"Italy","factor_midas","Revenues","2024-03",0.203744291792372,0.0962695398616783,-0.315701500758973,0.034579509382887
"Italy","factor_midas","Revenues","2024-04",0.20394998844709,-0.0731911108701082,0.534555832713989,0.0753302227923931
"Italy","factor_midas","Revenues","2024-05",0.20394998844709,-0.0450045879245492,-0.066700083968474,0.0000959981477474378
"Italy","factor_midas","Revenues","2024-06",0.20394998844709,-0.0856583158493623,-0.176926408485583,0.00169887581615371
"Italy","factor_midas","Revenues","2024-07",0.20349597842287,-0.0476373932072401,-0.353140750769896,0.0189927480085494
"Italy","factor_midas","Revenues","2024-08",0.20349597842287,-0.112106499546439,0.154405288446545,0.0144540208471062
"Italy","factor_midas","Revenues","2024-09",0.20349597842287,-0.0306771200929772,-0.204637212146124,0.00615821842169877
"Italy","factor_midas","Revenues","2024-10",0.203355344842492,0.131202872362615,0.237371674500158,0.00229218373427104
"Italy","factor_midas","Revenues","2024-11",0.203355344842492,-0.0803541338278586,-0.0452831616509948,0.000250121601748095
"Italy","factor_midas","Revenues","2024-12",0.203355344842492,0.0825826261871817,0.115147296842611,0.00021564975650499
"Italy","factor_midas","Revenues","2025-01",0.203304659888025,0.185847555404484,-0.0340650592327203,0.0098321301164123
"Italy","factor_midas","Revenues","2025-02",0.203304659888025,-0.124156000392162,-0.829700093077712,0.101203528142037
"Italy","factor_midas","Revenues","2025-03",0.203304659888025,0.0352210133486199,0.0991393079326096,0.000830611024365457
"Italy","factor_midas","Revenues","2025-04",0.203101379053759,-0.0985636930221916,0.0213007345786713,0.00291805520545784
"Italy","factor_midas","Revenues","2025-05",0.203101379053759,-0.00290915018167873,-0.148679111324442,0.00431567715053441
"Italy","factor_midas","Revenues","2025-06",0.203101379053759,-0.0566524975499083,-0.0311209168800303,0.000132393992248361
"Italy","factor_midas","Revenues","2025-07",0.203002938093055,-0.149159369556158,-0.0639985169583064,0.00147225258362451
"Italy","factor_midas","Revenues","2025-08",0.203002938093055,-0.0160231636155831,0.0941540833136591,0.00246425789099138
"Italy","factor_midas","Revenues","2025-09",0.203002938093055,0.0766090854937942,-0.0394040586007128,0.00273222661328681
"Italy","sg_lasso","Expenditures","2013-01",0.209699895814756,0.00523517791425944,0.414212403892069,0.0350749018497044
"Italy","sg_lasso","Expenditures","2013-02",0.209699895814756,0.00523517791425944,-0.225333949354931,0.0111480915389883
"Italy","sg_lasso","Expenditures","2013-03",0.209699895814756,0.00481457131334272,0.0528805119568797,0.000484476935391319
"Italy","sg_lasso","Expenditures","2013-04",0.208250903771584,0.00180298813767674,-0.600189482427373,0.0754690726562369
"Italy","sg_lasso","Expenditures","2013-05",0.208250903771584,0.000668013121588123,-0.440342679489528,0.0405028080301202
"Italy","sg_lasso","Expenditures","2013-06",0.208250903771584,0.00197114691116196,-0.222335783972182,0.0104778525142114
"Italy","sg_lasso","Expenditures","2013-07",0.208525255446793,0.00523517791425944,0.300706244527692,0.0182049119064744
"Italy","sg_lasso","Expenditures","2013-08",0.208525255446793,0.00523517791425944,0.26257543891059,0.0138093785872932
"Italy","sg_lasso","Expenditures","2013-09",0.208525255446793,0.00523517791425944,0.188775431159105,0.0070245954018629
"Italy","sg_lasso","Expenditures","2013-10",0.207779638643349,0.00523517791425944,-0.0064689910962023,0.0000284632282556343
"Italy","sg_lasso","Expenditures","2013-11",0.207779638643349,0.00523517791425944,-0.417481909147608,0.0371280887117896
"Italy","sg_lasso","Expenditures","2013-12",0.207779638643349,0.070393479484619,-0.11517611441051,0.00715511504908417
"Italy","sg_lasso","Expenditures","2014-01",0.206904573666106,0.0341045134845943,-0.0811272027250866,0.00274735101896014
"Italy","sg_lasso","Expenditures","2014-02",0.206904573666106,0.0161932349931409,0.187312034840064,0.0060585059979327
"Italy","sg_lasso","Expenditures","2014-03",0.206904573666106,-0.00624304227507579,0.042889568251836,0.000499470416907792
"Italy","sg_lasso","Expenditures","2014-04",0.20668203889626,-0.0511357651156689,0.103536366019228,0.00494455117467261
"Italy","sg_lasso","Expenditures","2014-05",0.20668203889626,-0.0190986664889948,-0.169022111263113,0.00464560030941577
"Italy","sg_lasso","Expenditures","2014-06",0.20668203889626,0.0227782169366963,-0.185354161669258,0.00895327722928048
"Italy","sg_lasso","Expenditures","2014-07",0.205661836220521,0.00523517791425944,0.0612838143520161,0.000646076302700042
"Italy","sg_lasso","Expenditures","2014-08",0.205661836220521,0.00523517791425944,0.0896095663935647,0.00146411431023488
"Italy","sg_lasso","Expenditures","2014-09",0.205661836220521,0.00523517791425944,0.0167187829318714,0.0000271212812109266
"Italy","sg_lasso","Expenditures","2014-10",0.204709268192204,0.00523517791425944,0.157301470770236,0.0047337293436154
"Italy","sg_lasso","Expenditures","2014-11",0.204709268192204,0.00523517791425944,-0.0179580246414214,0.000110118160377275
"Italy","sg_lasso","Expenditures","2014-12",0.204709268192204,0.00523517791425944,-0.00787266384954425,0.0000351722284840195
"Italy","sg_lasso","Expenditures","2015-01",0.204874119304992,-0.365913127105578,-0.131511454251483,0.0112566331614805
"Italy","sg_lasso","Expenditures","2015-02",0.204874119304992,0.0311758915741907,0.00930304088690862,0.0000980162033804067
"Italy","sg_lasso","Expenditures","2015-03",0.204874119304992,-0.119077088107296,-0.0797163554998138,0.00031740476779566
"Italy","sg_lasso","Expenditures","2015-04",0.204829226509382,0.529471733815707,0.0770577926870553,0.0419241130557458
"Italy","sg_lasso","Expenditures","2015-05",0.204829226509382,-0.267761109049111,-0.0434085896036425,0.0103098851392889
"Italy","sg_lasso","Expenditures","2015-06",0.204829226509382,-0.166908392205161,0.0379872876989629,0.00859918967328359
"Italy","sg_lasso","Expenditures","2015-07",0.204046139732661,0.00207030204066638,-0.008506154128241,0.0000228248919751839
"Italy","sg_lasso","Expenditures","2015-08",0.204046139732661,0.000487864103869812,0.0129290967673443,0.0000315831328229345
"Italy","sg_lasso","Expenditures","2015-09",0.204046139732661,-0.00900676351690948,-0.00928081769868593,0.0000000153250270446964
"Italy","sg_lasso","Expenditures","2015-10",0.204016781969978,0.00523517791425944,0.0427918551066662,0.000287766487389679
"Italy","sg_lasso","Expenditures","2015-11",0.204016781969978,0.0102048789780103,0.232155712753605,0.010050309929493
"Italy","sg_lasso","Expenditures","2015-12",0.204016781969978,0.0071279729516439,0.117757863710287,0.00249695583084384
"Italy","sg_lasso","Expenditures","2016-01",0.203288838691812,0.0163970857222672,-0.00575426091281787,0.0000997502060153218
"Italy","sg_lasso","Expenditures","2016-02",0.203288838691812,-0.290989988578707,0.0228934913474607,0.0200285935189458
"Italy","sg_lasso","Expenditures","2016-03",0.203288838691812,0.0816513714258683,0.0850233025286615,0.00000231137770311735
"Italy","sg_lasso","Expenditures","2016-04",0.203654496006923,0.00523517791425944,-0.0741446692584179,0.00128325959199175
"Italy","sg_lasso","Expenditures","2016-05",0.203654496006923,0.00523517791425944,-0.0341769227708314,0.000316339314724911
"Italy","sg_lasso","Expenditures","2016-06",0.203654496006923,0.00523517791425944,-0.0136881227901192,0.0000729269051705259
"Italy","sg_lasso","Expenditures","2016-07",0.204169143670185,0.0189913295421117,0.066199941738041,0.000455022187914054
"Italy","sg_lasso","Expenditures","2016-08",0.204169143670185,-0.0131063575895437,-0.00590368046214528,0.0000105920007211863
"Italy","sg_lasso","Expenditures","2016-09",0.204169143670185,0.0189913295421119,0.0134948963325768,0.00000616810867935817
"Italy","sg_lasso","Expenditures","2016-10",0.203886723911051,0.010195032774076,-0.0509102254318524,0.000761282970187269
"Italy","sg_lasso","Expenditures","2016-11",0.203886723911051,0.000275323054442841,-0.0612393982215894,0.000771519786845348
"Italy","sg_lasso","Expenditures","2016-12",0.203886723911051,-0.00468453180537368,0.133623148519677,0.003900152085186
"Italy","sg_lasso","Expenditures","2017-01",0.203069947623657,-0.0280429291903363,0.0090146360908767,0.000278868474841605
"Italy","sg_lasso","Expenditures","2017-02",0.203069947623657,0.0118907993351786,0.0233872549322348,0.0000268394486047906
"Italy","sg_lasso","Expenditures","2017-03",0.203069947623657,-0.0213873077694173,-0.0234429069013247,0.000000858069584422793
"Italy","sg_lasso","Expenditures","2017-04",0.20250657510845,0.0224850236709516,0.0989428540026313,0.00118381290012094
"Italy","sg_lasso","Expenditures","2017-05",0.20250657510845,-0.0120146678424327,0.0851306243791453,0.00191109663032995
"Italy","sg_lasso","Expenditures","2017-06",0.20250657510845,0.0525136212974596,0.055485418491373,0.00000178845272734147
"Italy","sg_lasso","Expenditures","2017-07",0.201432605360771,-0.0244430822854423,0.0250171373726642,0.000492767267314347
"Italy","sg_lasso","Expenditures","2017-08",0.201432605360771,0.0467847421938419,0.0393647436317061,0.0000110901497956353
"Italy","sg_lasso","Expenditures","2017-09",0.201432605360771,0.00523517791425944,-0.0375987660431453,0.000369577819026012
"Italy","sg_lasso","Expenditures","2017-10",0.201103554039775,0.157128313922685,0.145823078533856,0.0000257027128572319
"Italy","sg_lasso","Expenditures","2017-11",0.201103554039775,-0.0754144167250476,-0.0676145974060318,0.000012234573399171
"Italy","sg_lasso","Expenditures","2017-12",0.201103554039775,-0.0145487096533006,0.0704534229971964,0.00145304608906309
"Italy","sg_lasso","Expenditures","2018-01",0.201204811679074,0.00523517791425944,0.0702507004460913,0.000850496394876403
"Italy","sg_lasso","Expenditures","2018-02",0.201204811679074,0.0088515817712989,0.172097938856695,0.0053619820962834
"Italy","sg_lasso","Expenditures","2018-03",0.201204811679074,0.00885158177129897,0.0831479735620863,0.00111064127147214
"Italy","sg_lasso","Expenditures","2018-04",0.200733560624334,0.0126548241809077,0.0593607830124325,0.000437889541397201
"Italy","sg_lasso","Expenditures","2018-05",0.200733560624334,0.00523517791425944,-0.149877312697362,0.00482962633282207
"Italy","sg_lasso","Expenditures","2018-06",0.200733560624334,0.0163646473142319,0.0299812532138865,0.0000372184021556703
"Italy","sg_lasso","Expenditures","2018-07",0.200676608264872,0.00523517791425944,0.0388792076801395,0.000227150014704595
"Italy","sg_lasso","Expenditures","2018-08",0.200676608264872,-0.01391150999035,0.0318883081234678,0.000420943937139689
"Italy","sg_lasso","Expenditures","2018-09",0.200676608264872,0.00523517791425944,0.00593377952319302,0.0000000979390563456757
"Italy","sg_lasso","Expenditures","2018-10",0.200211659801942,0.00523517791425944,0.0172278352750272,0.0000287952078380488
"Italy","sg_lasso","Expenditures","2018-11",0.200211659801942,0.00523517791425944,0.00712522766583839,0.000000715213722472724
"Italy","sg_lasso","Expenditures","2018-12",0.200211659801942,0.00523517791425944,0.0597538295564559,0.000595085788287502
"Italy","sg_lasso","Expenditures","2019-01",0.199384424564197,-0.000797085397429138,0.0688671083188663,0.000967632528150898
"Italy","sg_lasso","Expenditures","2019-02",0.199384424564197,0.000710980430493033,0.0225690450828051,0.0000952608915210334
"Italy","sg_lasso","Expenditures","2019-03",0.199384424564197,0.00975937539802584,0.0785586615604392,0.00094375462636468
"Italy","sg_lasso","Expenditures","2019-04",0.199602036133413,0.00523517791425944,-0.252052556807814,0.0132130516821875
"Italy","sg_lasso","Expenditures","2019-05",0.199602036133413,0.00261740345356002,0.0274089080784264,0.000122679144278002
"Italy","sg_lasso","Expenditures","2019-06",0.199602036133413,0.00787262715276145,-0.0658923160919198,0.0010860879427827
"Italy","sg_lasso","Expenditures","2019-07",0.198388459592404,0.00212949753483521,0.134693220216342,0.00348630828811706
"Italy","sg_lasso","Expenditures","2019-08",0.198388459592404,0.00523517791425944,0.0430338205664595,0.000283445009239799
"Italy","sg_lasso","Expenditures","2019-09",0.198388459592404,0.00989369848339567,0.000185722309395125,0.0000186970809733386
"Italy","sg_lasso","Expenditures","2019-10",0.198346611898871,0.0190172484271176,0.0467416558408327,0.000152457688484279
"Italy","sg_lasso","Expenditures","2019-11",0.198346611898871,0.00129744348201425,0.127005430045683,0.00313437191520567
"Italy","sg_lasso","Expenditures","2019-12",0.198346611898871,0.00523517791425944,0.18294401204562,0.00626387123892413
"Italy","sg_lasso","Expenditures","2020-01",0.194877598535108,-0.00184812577427587,0.557829068532929,0.0610431786975507
"Italy","sg_lasso","Expenditures","2020-02",0.194877598535108,0.00523517791425944,-0.264541285262283,0.0141830630185485
"Italy","sg_lasso","Expenditures","2020-03",0.194877598535108,-0.0065703282332994,-0.549212076210565,0.0573836706528155
"Italy","sg_lasso","Expenditures","2020-04",0.193110355407777,0.0240850926062541,-0.871883221431644,0.155021118234707
"Italy","sg_lasso","Expenditures","2020-05",0.193110355407777,0.0240850926062541,-0.82033331407854,0.137695880080621
"Italy","sg_lasso","Expenditures","2020-06",0.193110355407777,0.00523517791425944,-0.928187759532956,0.168252877650378
"Italy","sg_lasso","Expenditures","2020-07",0.19610972850227,0.38021124971229,1.72964884792699,0.357112252578217
"Italy","sg_lasso","Expenditures","2020-08",0.19610972850227,0.380211249712291,0.700419007707117,0.0201077204163261
"Italy","sg_lasso","Expenditures","2020-09",0.19610972850227,-0.0491473145711609,-0.567112058433735,0.0526137840562926
"Italy","sg_lasso","Expenditures","2020-10",0.195652775549489,-4.66159135394613,-1.79756740447871,1.60486794909234
"Italy","sg_lasso","Expenditures","2020-11",0.195652775549489,-3.70013291084207,-0.792970772608244,1.65357737352086
"Italy","sg_lasso","Expenditures","2020-12",0.195652775549489,0.134360293538392,-0.0166228928645176,0.00446008552327918
"Italy","sg_lasso","Expenditures","2021-01",0.198189403368751,0.237027271466875,-1.14912531549308,0.380804884108791
"Italy","sg_lasso","Expenditures","2021-02",0.198189403368751,-0.00521296109026653,-1.56210640859586,0.480394705047956
"Italy","sg_lasso","Expenditures","2021-03",0.198189403368751,-0.284030510138671,0.110217208130572,0.0308048293502695
"Italy","sg_lasso","Expenditures","2021-04",0.199328377448272,-0.0933890160113549,0.717638952480542,0.131111502410263
"Italy","sg_lasso","Expenditures","2021-05",0.199328377448272,-0.159398488357404,-0.76476966265261,0.0730487193567625
"Italy","sg_lasso","Expenditures","2021-06",0.199328377448272,-0.346436489803892,-0.578661973713069,0.0107495153608024
"Italy","sg_lasso","Expenditures","2021-07",0.200848911448079,-0.265186967241591,-1.19084868177856,0.172097311394911
"Italy","sg_lasso","Expenditures","2021-08",0.200848911448079,-0.178781564314406,-0.538362444115705,0.0259694447234544
"Italy","sg_lasso","Expenditures","2021-09",0.200848911448079,0.268931491400378,-0.00369425422832668,0.0149280546071233
"Italy","sg_lasso","Expenditures","2021-10",0.202165502166925,-0.0371105908947128,0.42116742242947,0.042458543530415
"Italy","sg_lasso","Expenditures","2021-11",0.202165502166925,0.0739192876867956,0.644945822858193,0.0659203688890724
"Italy","sg_lasso","Expenditures","2021-12",0.202165502166925,-0.158705063226862,-0.113993396370192,0.000404155757795377
"Italy","sg_lasso","Expenditures","2022-01",0.202390814255213,0.817774486473099,0.0500558797781305,0.119287498271693
"Italy","sg_lasso","Expenditures","2022-02",0.202390814255213,0.468241066572278,-0.527772425378149,0.200780365479532
"Italy","sg_lasso","Expenditures","2022-03",0.202390814255213,1.09993930073731,0.0929771644788751,0.205218769262045
"Italy","sg_lasso","Expenditures","2022-04",0.204124146403336,-1.02714593774462,-0.297919923575189,0.108547215672128
"Italy","sg_lasso","Expenditures","2022-05",0.204124146403336,-0.38587805266744,-0.0173730548585933,0.0277192289923805
"Italy","sg_lasso","Expenditures","2022-06",0.204124146403336,-0.0305494620285409,2.0807884898181,0.909933994543812
"Italy","sg_lasso","Expenditures","2022-07",0.2035819371157,0.998468750686695,0.442567327888836,0.062912191476502
"Italy","sg_lasso","Expenditures","2022-08",0.2035819371157,0.402429255705698,0.321224452903142,0.00134246408100107
"Italy","sg_lasso","Expenditures","2022-09",0.2035819371157,-0.598530216502265,0.372610756868643,0.192001135903198
"Italy","sg_lasso","Expenditures","2022-10",0.203125856367955,1.68945112230323,0.316529411042092,0.382874775559324
"Italy","sg_lasso","Expenditures","2022-11",0.203125856367955,-0.445643897327764,-0.324141598042146,0.00299870816602124
"Italy","sg_lasso","Expenditures","2022-12",0.203125856367955,-0.288904583789828,0.294011833780914,0.0690204495546511
"Italy","sg_lasso","Expenditures","2023-01",0.204232691168473,-0.481145065073005,-1.28114319592601,0.130708311563062
"Italy","sg_lasso","Expenditures","2023-02",0.204232691168473,0.141342922453105,0.0179091099090337,0.00311167010093796
"Italy","sg_lasso","Expenditures","2023-03",0.204232691168473,-0.349232227285246,-0.692151423671687,0.0240164523374957
"Italy","sg_lasso","Expenditures","2023-04",0.203849645427953,-0.430118149583311,0.63313406943336,0.230453100735992
"Italy","sg_lasso","Expenditures","2023-05",0.203849645427953,0.238134562216136,0.226749895134714,0.0000264210839361864
"Italy","sg_lasso","Expenditures","2023-06",0.203849645427953,0.618549167647181,0.556991122683509,0.000772466399001121
"Italy","sg_lasso","Expenditures","2023-07",0.203616360995929,-0.231191136520556,0.516323007219642,0.113776219795344
"Italy","sg_lasso","Expenditures","2023-08",0.203616360995929,0.384273304149868,-0.0860133765234215,0.0450337413813113
"Italy","sg_lasso","Expenditures","2023-09",0.203616360995929,0.515370722655787,-0.369739021848927,0.159516978818102
"Italy","sg_lasso","Expenditures","2023-10",0.20394080532499,0.18781757997507,-0.101782392551128,0.0171041368462508
"Italy","sg_lasso","Expenditures","2023-11",0.20394080532499,-0.592103286506954,0.4028650931127,0.201893663110977
"Italy","sg_lasso","Expenditures","2023-12",0.20394080532499,-0.52443704702137,1.03460596241098,0.495701602001783
"Italy","sg_lasso","Expenditures","2024-01",0.203744291792372,-0.380704180690379,-0.190883810132235,0.00734126808796992
"Italy","sg_lasso","Expenditures","2024-02",0.203744291792372,-0.194337284953612,0.143042425754736,0.0231912081118926
"Italy","sg_lasso","Expenditures","2024-03",0.203744291792372,0.291237767726092,0.235736968819022,0.000627601422699301
"Italy","sg_lasso","Expenditures","2024-04",0.20394998844709,-2.56325724473558,-0.295643386321482,1.04872564958138
"Italy","sg_lasso","Expenditures","2024-05",0.20394998844709,3.04250791496803,1.39384634164579,0.554353400952316
"Italy","sg_lasso","Expenditures","2024-06",0.20394998844709,0.32674428598826,0.662471331746486,0.0229877435131016
"Italy","sg_lasso","Expenditures","2024-07",0.20349597842287,5.08941748398422,1.14562909037588,3.16506796337269
"Italy","sg_lasso","Expenditures","2024-08",0.20349597842287,3.67830174622047,0.0464570738480048,2.68417213409128
"Italy","sg_lasso","Expenditures","2024-09",0.20349597842287,0.365887078657302,-0.152680045416068,0.0547224825017444
"Italy","sg_lasso","Expenditures","2024-10",0.203355344842492,-0.00548699291551443,-0.0414627194581283,0.000263193244847584
"Italy","sg_lasso","Expenditures","2024-11",0.203355344842492,-0.0256956902511412,-0.124242785896088,0.00197489154431058
"Italy","sg_lasso","Expenditures","2024-12",0.203355344842492,-0.0141797930934044,0.0139072391458868,0.000160423245071954
"Italy","sg_lasso","Expenditures","2025-01",0.203304659888025,0.104847046781393,-0.202602578469664,0.0192174282884075
"Italy","sg_lasso","Expenditures","2025-02",0.203304659888025,-3.87574792170907,-0.486511756295851,2.33534472664856
"Italy","sg_lasso","Expenditures","2025-03",0.203304659888025,-3.85544121374779,-0.41648157325902,2.40437105493355
"Italy","sg_lasso","Expenditures","2025-04",0.203101379053759,-0.260554051347541,0.515218397230352,0.122231059305744
"Italy","sg_lasso","Expenditures","2025-05",0.203101379053759,4.37266324905295,1.24006498895441,1.99306873748945
"Italy","sg_lasso","Expenditures","2025-06",0.203101379053759,0.000799714469587695,-0.136797910166904,0.00384534000043979
"Italy","sg_lasso","Expenditures","2025-07",0.203002938093055,0.359700903552073,-0.29775006242391,0.0877463498170891
"Italy","sg_lasso","Expenditures","2025-08",0.203002938093055,0.046061120922504,-0.286226677018124,0.0224146060841024
"Italy","sg_lasso","Expenditures","2025-09",0.203002938093055,-0.178126949151294,-0.112012212493223,0.000887357998753466
"Italy","sg_lasso","Revenues","2013-01",0.209699895814756,0.948331249046098,0.53572268120828,0.0357005328669875
"Italy","sg_lasso","Revenues","2013-02",0.209699895814756,-1.23813661560427,-0.0928261272409032,0.275070926600602
"Italy","sg_lasso","Revenues","2013-03",0.209699895814756,1.0325706317415,0.199047716219072,0.145691194128213
"Italy","sg_lasso","Revenues","2013-04",0.208250903771584,1.02693808829862,0.353821046140906,0.0943556840330363
"Italy","sg_lasso","Revenues","2013-05",0.208250903771584,-0.122280845268126,-0.554357468004658,0.0388784045236884
"Italy","sg_lasso","Revenues","2013-06",0.208250903771584,-0.254621054707553,0.684521011519426,0.183674760746541
"Italy","sg_lasso","Revenues","2013-07",0.208525255446793,-0.436395043280219,-0.833048184300217,0.0328080529608447
"Italy","sg_lasso","Revenues","2013-08",0.208525255446793,0.301173079918658,0.793042459611653,0.0504496591615021
"Italy","sg_lasso","Revenues","2013-09",0.208525255446793,0.489763044611671,0.454496578541477,0.000259347787459156
"Italy","sg_lasso","Revenues","2013-10",0.207779638643349,-0.0578739806396739,0.807959428226778,0.15576564057158
"Italy","sg_lasso","Revenues","2013-11",0.207779638643349,-0.0517914222300613,-0.319259193628653,0.0148643493842626
"Italy","sg_lasso","Revenues","2013-12",0.207779638643349,-0.0408038248267988,-0.70571079821159,0.0918596448786351
"Italy","sg_lasso","Revenues","2014-01",0.206904573666106,0.0131722889742142,0.220030376643048,0.00885350224739649
"Italy","sg_lasso","Revenues","2014-02",0.206904573666106,0.0103259142815637,-0.12819811543115,0.00397027258219659
"Italy","sg_lasso","Revenues","2014-03",0.206904573666106,-0.0229536029719461,-0.135242717198802,0.00260882773511776
"Italy","sg_lasso","Revenues","2014-04",0.20668203889626,-0.177077987185591,-0.247112297251871,0.00101373501231725
"Italy","sg_lasso","Revenues","2014-05",0.20668203889626,-0.180635976405992,0.516389258088635,0.100415265196183
"Italy","sg_lasso","Revenues","2014-06",0.20668203889626,-0.178326789981019,-0.329687379977875,0.00473509134041413
"Italy","sg_lasso","Revenues","2014-07",0.205661836220521,0.0252500989752555,0.329603380731976,0.0190506451218706
"Italy","sg_lasso","Revenues","2014-08",0.205661836220521,0.0143367561619869,-0.14183249648447,0.00501585268648318
"Italy","sg_lasso","Revenues","2014-09",0.205661836220521,0.0362520703275223,-0.33297327301155,0.028037333984424
"Italy","sg_lasso","Revenues","2014-10",0.204709268192204,-0.0796681929780351,0.00171059536959215,0.00135568860106188
"Italy","sg_lasso","Revenues","2014-11",0.204709268192204,-0.0839116199191446,-0.0196206225236653,0.000846131439766429
"Italy","sg_lasso","Revenues","2014-12",0.204709268192204,-0.0883361370811429,0.116371521095747,0.00857838800792233
"Italy","sg_lasso","Revenues","2015-01",0.204874119304992,-0.0497983222290667,-0.00506960004561366,0.000409883166280175
"Italy","sg_lasso","Revenues","2015-02",0.204874119304992,-0.0497983222290667,0.267686205212421,0.0206505788347186
"Italy","sg_lasso","Revenues","2015-03",0.204874119304992,-0.369980272401897,-0.388601452807709,0.0000710397648151774
"Italy","sg_lasso","Revenues","2015-04",0.204829226509382,0.0880699160799864,0.0610517086325716,0.000149521962566527
"Italy","sg_lasso","Revenues","2015-05",0.204829226509382,-0.783033810821011,-0.292912241345576,0.0492039032740898
"Italy","sg_lasso","Revenues","2015-06",0.204829226509382,2.84125445121597,0.816865792067931,0.839420780588367
"Italy","sg_lasso","Revenues","2015-07",0.204046139732661,-0.240377822691195,-0.00632190450739117,0.0111780908935294
"Italy","sg_lasso","Revenues","2015-08",0.204046139732661,0.0863011027030588,0.0335067055885719,0.000568727269697654
"Italy","sg_lasso","Revenues","2015-09",0.204046139732661,0.0762076845260614,0.0531516158216657,0.000108467317102169
"Italy","sg_lasso","Revenues","2015-10",0.204016781969978,0.65807392581816,0.156726313849165,0.051279501456066
"Italy","sg_lasso","Revenues","2015-11",0.204016781969978,-0.362144839818347,-0.070517339130548,0.0173509334775859
"Italy","sg_lasso","Revenues","2015-12",0.204016781969978,-1.56270909099156,-0.411258649725222,0.270493226388763
"Italy","sg_lasso","Revenues","2016-01",0.203288838691812,-0.190353704243663,0.00623459992660728,0.00785649588907316
"Italy","sg_lasso","Revenues","2016-02",0.203288838691812,0.734446219225859,0.245886264252117,0.0485231815565712
"Italy","sg_lasso","Revenues","2016-03",0.203288838691812,0.564562141743325,0.132547191565048,0.0379412021500419
"Italy","sg_lasso","Revenues","2016-04",0.203654496006923,-0.198915988489235,0.0189982353186776,0.00967086141030653
"Italy","sg_lasso","Revenues","2016-05",0.203654496006923,-0.438196852220655,-0.0855074978107355,0.0253325380997387
"Italy","sg_lasso","Revenues","2016-06",0.203654496006923,0.00147160259478896,0.0664231242971403,0.000859157257221177
"Italy","sg_lasso","Revenues","2016-07",0.204169143670185,-0.0220389362342978,0.0137348777891672,0.000261288681315513
"Italy","sg_lasso","Revenues","2016-08",0.204169143670185,0.0079498350387948,0.0304364354412745,0.000103237555345635
"Italy","sg_lasso","Revenues","2016-09",0.204169143670185,-0.0889953714445658,0.0530276240724776,0.00411820009383552
"Italy","sg_lasso","Revenues","2016-10",0.203886723911051,-0.570438367109533,-0.0162505826947175,0.0626185266635841
"Italy","sg_lasso","Revenues","2016-11",0.203886723911051,0.548890637587386,0.199377285836437,0.0249067171828495
"Italy","sg_lasso","Revenues","2016-12",0.203886723911051,0.127846260001705,0.0530066268884707,0.00114196356358935
"Italy","sg_lasso","Revenues","2017-01",0.203069947623657,-0.0430060372656392,0.0312135725547917,0.00111862105784109
"Italy","sg_lasso","Revenues","2017-02",0.203069947623657,-0.0430060372656393,0.0623129627812663,0.00225247049494942
"Italy","sg_lasso","Revenues","2017-03",0.203069947623657,0.0396784953200027,-0.0168963946938782,0.000649969673187484
"Italy","sg_lasso","Revenues","2017-04",0.20250657510845,-0.252510276580009,0.0510719141643747,0.0186634406498832
"Italy","sg_lasso","Revenues","2017-05",0.20250657510845,0.484598840030543,0.0860112061083387,0.0321726452392292
"Italy","sg_lasso","Revenues","2017-06",0.20250657510845,-0.638690693755839,-0.178238701134915,0.042934641623927
"Italy","sg_lasso","Revenues","2017-07",0.201432605360771,0.325446075341915,0.0582430616009815,0.014381774480854
"Italy","sg_lasso","Revenues","2017-08",0.201432605360771,-0.477046389496236,0.0861132343063473,0.0638841013927267
"Italy","sg_lasso","Revenues","2017-09",0.201432605360771,-0.548980691850128,-0.0352792063904694,0.0531558923384176
"Italy","sg_lasso","Revenues","2017-10",0.201103554039775,-0.166723899676738,-0.0498902616281129,0.0027450834178078
"Italy","sg_lasso","Revenues","2017-11",0.201103554039775,0.726248327872337,0.0870924765601552,0.0821548645728608
"Italy","sg_lasso","Revenues","2017-12",0.201103554039775,0.137540067047839,0.0657504575516384,0.00103643704578366
"Italy","sg_lasso","Revenues","2018-01",0.201204811679074,-0.388093861431004,-0.0333098126824743,0.0253259959691026
"Italy","sg_lasso","Revenues","2018-02",0.201204811679074,-1.22234928263706,-0.16011795571637,0.227026510036401
"Italy","sg_lasso","Revenues","2018-03",0.201204811679074,1.31160766844153,0.290107777665934,0.209949580607533
"Italy","sg_lasso","Revenues","2018-04",0.200733560624334,0.111945469987375,0.13226095834808,0.0000828465679234987
"Italy","sg_lasso","Revenues","2018-05",0.200733560624334,0.764526932506669,0.241946114971762,0.0548184707634454
"Italy","sg_lasso","Revenues","2018-06",0.200733560624334,-0.966559930727559,-0.249131359222494,0.10331831745038
"Italy","sg_lasso","Revenues","2018-07",0.200676608264872,-0.10157244521835,-0.284712090304681,0.00673071944936331
"Italy","sg_lasso","Revenues","2018-08",0.200676608264872,0.0497317032544782,-0.202225087240773,0.0127393974529516
"Italy","sg_lasso","Revenues","2018-09",0.200676608264872,-0.0274084756246709,-0.0102279643690116,0.0000592337078403852
"Italy","sg_lasso","Revenues","2018-10",0.200211659801942,-0.0277217052265377,0.295394581007241,0.0209029250443172
"Italy","sg_lasso","Revenues","2018-11",0.200211659801942,-0.0666848322845568,0.113068543918854,0.00646909424963792
"Italy","sg_lasso","Revenues","2018-12",0.200211659801942,0.0496944601542971,0.236819093452517,0.00701053707836794
"Italy","sg_lasso","Revenues","2019-01",0.199384424564197,-0.056283644512603,-0.214910513859093,0.00501700732887727
"Italy","sg_lasso","Revenues","2019-02",0.199384424564197,-0.0418460403072612,0.0519090367186598,0.00175259197664033
"Italy","sg_lasso","Revenues","2019-03",0.199384424564197,-0.203519676824379,0.0209359221320253,0.0100450502956578
"Italy","sg_lasso","Revenues","2019-04",0.199602036133413,-0.0454315607338939,0.0844174532946536,0.00336544331302943
"Italy","sg_lasso","Revenues","2019-05",0.199602036133413,-0.0463685005268453,0.253864355014804,0.0179920811389124
"Italy","sg_lasso","Revenues","2019-06",0.199602036133413,-0.0449254360669995,-0.120904649483628,0.00115227079220754
"Italy","sg_lasso","Revenues","2019-07",0.198388459592404,-0.0482935052267451,-0.0187948853093824,0.000172631403582502
"Italy","sg_lasso","Revenues","2019-08",0.198388459592404,-0.0425420494793417,-0.0863575282034265,0.000380865406052461
"Italy","sg_lasso","Revenues","2019-09",0.198388459592404,-0.0411671402163914,0.192093930613958,0.0107944603475513
"Italy","sg_lasso","Revenues","2019-10",0.198346611898871,-0.0497983222290667,0.0359209393964183,0.00145740961116946
"Italy","sg_lasso","Revenues","2019-11",0.198346611898871,-0.0497983222290667,-0.032970569595486,0.0000561664564429091
"Italy","sg_lasso","Revenues","2019-12",0.198346611898871,-0.0497983222290667,-0.051271405065753,0.000000430406801137681
"Italy","sg_lasso","Revenues","2020-01",0.194877598535108,-0.0534534391488993,0.141496148638065,0.00740638973726256
"Italy","sg_lasso","Revenues","2020-02",0.194877598535108,-0.0370610866599325,0.0134660166617934,0.000497520203674582
"Italy","sg_lasso","Revenues","2020-03",0.194877598535108,-0.0764363138540206,0.0862915040266301,0.00516042559613984
"Italy","sg_lasso","Revenues","2020-04",0.193110355407777,-0.0497983222290667,-0.057390534007841,0.0000111312052519632
"Italy","sg_lasso","Revenues","2020-05",0.193110355407777,-0.0497983222290667,0.183555668353453,0.0105156476924584
"Italy","sg_lasso","Revenues","2020-06",0.193110355407777,-0.0536602837881489,-0.335990432195634,0.015392886815122
"Italy","sg_lasso","Revenues","2020-07",0.19610972850227,-1.97482542914807,-3.02015382449282,0.214291346597624
"Italy","sg_lasso","Revenues","2020-08",0.19610972850227,-3.25242006718796,-3.10396647146436,0.00432195838463444
"Italy","sg_lasso","Revenues","2020-09",0.19610972850227,0.191120599901456,3.34310199177308,1.94834754337226
"Italy","sg_lasso","Revenues","2020-10",0.195652775549489,6.79342192446996,2.76115697062068,3.1811499108508
"Italy","sg_lasso","Revenues","2020-11",0.195652775549489,4.18157417306946,0.703776366325213,2.36643549991244
"Italy","sg_lasso","Revenues","2020-12",0.195652775549489,-3.01363341990236,-3.3451629432474,0.0215045535974934
"Italy","sg_lasso","Revenues","2021-01",0.198189403368751,-3.34183662712866,-2.23149669086627,0.244338752111103
"Italy","sg_lasso","Revenues","2021-02",0.198189403368751,-1.56623944533912,-0.403659186370632,0.267871382232151
"Italy","sg_lasso","Revenues","2021-03",0.198189403368751,0.984242085243386,0.274574872827117,0.0998136441259947
"Italy","sg_lasso","Revenues","2021-04",0.199328377448272,1.49939853914768,-0.0961852431179299,0.507467645715297
"Italy","sg_lasso","Revenues","2021-05",0.199328377448272,0.780401514968019,0.536206434002393,0.0118861978296238
"Italy","sg_lasso","Revenues","2021-06",0.199328377448272,-0.772696313699557,-0.133849230546993,0.0813510127765301
"Italy","sg_lasso","Revenues","2021-07",0.200848911448079,-0.354176258426136,0.879316700036937,0.30559259862533
"Italy","sg_lasso","Revenues","2021-08",0.200848911448079,-1.27511768989385,0.132189217611006,0.397783826313363
"Italy","sg_lasso","Revenues","2021-09",0.200848911448079,-0.231731459984475,0.113516603267652,0.0239404320759915
"Italy","sg_lasso","Revenues","2021-10",0.202165502166925,-0.308986662506758,0.360860301110207,0.0907106408299928
"Italy","sg_lasso","Revenues","2021-11",0.202165502166925,1.28168759776488,0.550993695355402,0.107938906815994
"Italy","sg_lasso","Revenues","2021-12",0.202165502166925,0.132355376726734,-0.069620009331754,0.00824715093260255
"Italy","sg_lasso","Revenues","2022-01",0.202390814255213,-0.213083843654068,-0.158887712965181,0.000594466465166691
"Italy","sg_lasso","Revenues","2022-02",0.202390814255213,-0.743760060815401,-0.999758957400984,0.0132637700629536
"Italy","sg_lasso","Revenues","2022-03",0.202390814255213,0.532635193940269,0.664841026081708,0.00353746397541055
"Italy","sg_lasso","Revenues","2022-04",0.204124146403336,-0.420041840503198,0.142316279961645,0.0645535786380274
"Italy","sg_lasso","Revenues","2022-05",0.204124146403336,-0.430466559680876,0.134911821414237,0.0652488373519212
"Italy","sg_lasso","Revenues","2022-06",0.204124146403336,0.0424058445024751,0.0202331731292608,0.000100353014356217
"Italy","sg_lasso","Revenues","2022-07",0.2035819371157,0.00767677210799021,0.140838622717924,0.0036099308815392
"Italy","sg_lasso","Revenues","2022-08",0.2035819371157,-0.172061029147577,0.229441561199311,0.0328182897840887
"Italy","sg_lasso","Revenues","2022-09",0.2035819371157,-0.248798066720172,-0.747223026943135,0.0505753396660329
"Italy","sg_lasso","Revenues","2022-10",0.203125856367955,1.2042633224381,0.549427234505976,0.0871024598249834
"Italy","sg_lasso","Revenues","2022-11",0.203125856367955,-0.250344997141163,-0.355035417378066,0.00222627646651996
"Italy","sg_lasso","Revenues","2022-12",0.203125856367955,-0.00694700762157164,0.112134065883692,0.00288038600094939
"Italy","sg_lasso","Revenues","2023-01",0.204232691168473,1.05571171937389,0.210264595332919,0.145981614456783
"Italy","sg_lasso","Revenues","2023-02",0.204232691168473,1.02612408824189,0.364743095683339,0.0893364476246793
"Italy","sg_lasso","Revenues","2023-03",0.204232691168473,0.0160438684421205,-0.0634414279437263,0.00129032424008043
"Italy","sg_lasso","Revenues","2023-04",0.203849645427953,-0.718113347057497,-0.498040019181721,0.00987290099385763
"Italy","sg_lasso","Revenues","2023-05",0.203849645427953,-0.385762452280354,-0.00854638422815861,0.0290061660002869
"Italy","sg_lasso","Revenues","2023-06",0.203849645427953,0.352020750416934,-0.0706152345832432,0.0364118633562337
"Italy","sg_lasso","Revenues","2023-07",0.203616360995929,-0.244816316642366,0.553418080138196,0.129739896657813
"Italy","sg_lasso","Revenues","2023-08",0.203616360995929,-0.181873240968054,-0.464043367448484,0.0162119306467704
"Italy","sg_lasso","Revenues","2023-09",0.203616360995929,-0.15418554544628,0.154345449866932,0.0193825213897405
"Italy","sg_lasso","Revenues","2023-10",0.20394080532499,0.540716343504278,-0.203364651510907,0.112913158018938
"Italy","sg_lasso","Revenues","2023-11",0.20394080532499,-0.203711934540307,0.459668684174445,0.0897490144101669
"Italy","sg_lasso","Revenues","2023-12",0.20394080532499,-0.265675329968903,0.0610449668518858,0.0217698962765543
"Italy","sg_lasso","Revenues","2024-01",0.203744291792372,-0.0577199686157808,0.0626691642952849,0.00295297671992263
"Italy","sg_lasso","Revenues","2024-02",0.203744291792372,0.523148078022208,0.114653913142202,0.0339982970942436
"Italy","sg_lasso","Revenues","2024-03",0.203744291792372,0.0468711517010656,-0.170273676516249,0.00960692566818547
"Italy","sg_lasso","Revenues","2024-04",0.20394998844709,-0.832999654695752,-0.302653158620536,0.0573644841836968
"Italy","sg_lasso","Revenues","2024-05",0.20394998844709,-1.41722397905379,-0.793070143111982,0.0794523913266672
"Italy","sg_lasso","Revenues","2024-06",0.20394998844709,-0.0340308893190389,-0.337362351071707,0.0187654334787906
"Italy","sg_lasso","Revenues","2024-07",0.20349597842287,1.3259537384014,0.0521116991962831,0.33020753985541
"Italy","sg_lasso","Revenues","2024-08",0.20349597842287,1.56185792175239,0.880318964902148,0.0945229356609949
"Italy","sg_lasso","Revenues","2024-09",0.20349597842287,-0.0783847312983871,-0.243805446519762,0.00556846660396651
"Italy","sg_lasso","Revenues","2024-10",0.203355344842492,-0.844167361689868,0.258717490875427,0.247352290072833
"Italy","sg_lasso","Revenues","2024-11",0.203355344842492,-0.972929437386733,-0.319413566449216,0.0868496094332261
"Italy","sg_lasso","Revenues","2024-12",0.203355344842492,0.122743295731404,0.12717339228518,0.00000399100227257202
"Italy","sg_lasso","Revenues","2025-01",0.203304659888025,0.970638527770065,0.165299441697856,0.131857515423297
"Italy","sg_lasso","Revenues","2025-02",0.203304659888025,0.765757054645391,0.195291577268778,0.066161610487976
"Italy","sg_lasso","Revenues","2025-03",0.203304659888025,-0.236661054758264,-0.128428671559361,0.00238156136262104
"Italy","sg_lasso","Revenues","2025-04",0.203101379053759,-0.0331862800617641,-0.0846221928249721,0.000537335797532282
"Italy","sg_lasso","Revenues","2025-05",0.203101379053759,0.205023083582744,-0.060828340471458,0.0143545920386661
"Italy","sg_lasso","Revenues","2025-06",0.203101379053759,0.0101916000714575,-0.144207489802649,0.0048417498109192
"Italy","sg_lasso","Revenues","2025-07",0.203002938093055,-0.572362122779961,-0.276049816908537,0.0178238574374579
"Italy","sg_lasso","Revenues","2025-08",0.203002938093055,-0.262881364639043,0.153655522722344,0.0352216144100369
"Italy","sg_lasso","Revenues","2025-09",0.203002938093055,0.235592226470728,0.374033433509699,0.00389074777609759
"Spain","factor_midas","Expenditures","2013-01",0.130702149539914,7.75239985811377,1.94107618423689,4.41400540067315
"Spain","factor_midas","Expenditures","2013-02",0.130702149539914,-2.28657874502378,0.234795219703265,0.830916261096868
"Spain","factor_midas","Expenditures","2013-03",0.130702149539914,1.43559963104568,0.331105030495686,0.159444640011215
"Spain","factor_midas","Expenditures","2013-04",0.129696534415526,1.14329170938729,1.35513080616992,0.0058202361185748
"Spain","factor_midas","Expenditures","2013-05",0.129696534415526,3.44723921327441,0.602439951138427,1.04961885801874
"Spain","factor_midas","Expenditures","2013-06",0.129696534415526,-1.58005430110164,-0.353541550128209,0.195106845225644
"Spain","factor_midas","Expenditures","2013-07",0.129352596003958,0.159797431728835,0.0979886167664476,0.000494169552263299
"Spain","factor_midas","Expenditures","2013-08",0.129352596003958,-0.9638902960217,-0.74708391953686,0.00608021940698703
"Spain","factor_midas","Expenditures","2013-09",0.129352596003958,0.0908600375049335,0.0529113634509861,0.000186280914418397
"Spain","factor_midas","Expenditures","2013-10",0.129325599695006,-0.290966512806686,0.163205991457708,0.026676335924609
"Spain","factor_midas","Expenditures","2013-11",0.129325599695006,-0.364713042570199,-0.983325771921598,0.0494905414978182
"Spain","factor_midas","Expenditures","2013-12",0.129325599695006,-0.0105637342935231,0.076800887661341,0.000987087619640247
"Spain","factor_midas","Expenditures","2014-01",0.129214384626493,-0.353053729229245,-0.0706834202270061,0.0103026494189583
"Spain","factor_midas","Expenditures","2014-02",0.129214384626493,3.99423475844692,0.476367954812527,1.59907799609369
"Spain","factor_midas","Expenditures","2014-03",0.129214384626493,-0.0123456891563254,0.237549671251581,0.00806913998373154
"Spain","factor_midas","Expenditures","2014-04",0.12973847642557,-0.714392681509363,-0.621106154421048,0.00112903302119268
"Spain","factor_midas","Expenditures","2014-05",0.12973847642557,0.878667961742751,0.49526581583588,0.0190711934785694
"Spain","factor_midas","Expenditures","2014-06",0.12973847642557,-0.0557385501745545,0.469868715507627,0.0358419404192758
"Spain","factor_midas","Expenditures","2014-07",0.1301200229548,-0.437271181293006,-0.225681035884938,0.00582552412684638
"Spain","factor_midas","Expenditures","2014-08",0.1301200229548,0.478830924093364,-0.534242797050158,0.133544569143975
"Spain","factor_midas","Expenditures","2014-09",0.1301200229548,-0.149247994316608,0.0666843550851483,0.00606707762121168
"Spain","factor_midas","Expenditures","2014-10",0.130980324120387,-0.0767906806370348,0.690092335794254,0.077030780903769
"Spain","factor_midas","Expenditures","2014-11",0.130980324120387,0.650606618348728,0.2539449583342,0.0206085060886423
"Spain","factor_midas","Expenditures","2014-12",0.130980324120387,-0.145941392884892,0.592226511929144,0.0713701118698233
"Spain","factor_midas","Expenditures","2015-01",0.132151459207461,-0.120558665169971,-0.462545660534878,0.0154557877873422
"Spain","factor_midas","Expenditures","2015-02",0.132151459207461,0.0604678306119165,-0.249517469435275,0.0126985508338608
"Spain","factor_midas","Expenditures","2015-03",0.132151459207461,0.111895086763657,0.146066678823949,0.000154312955488213
"Spain","factor_midas","Expenditures","2015-04",0.133030174647889,-0.0775379456396371,0.622708056417322,0.0652306096032954
"Spain","factor_midas","Expenditures","2015-05",0.133030174647889,1.06974010790599,0.624472100680025,0.0263750411027111
"Spain","factor_midas","Expenditures","2015-06",0.133030174647889,-1.28431211281604,-0.341613556678614,0.118221331133114
"Spain","factor_midas","Expenditures","2015-07",0.133693392987253,-0.17762680144236,0.170931609358637,0.0162428068138802
"Spain","factor_midas","Expenditures","2015-08",0.133693392987253,-1.26461036536334,-0.0676850918198027,0.1915331803614
"Spain","factor_midas","Expenditures","2015-09",0.133693392987253,-0.167398653658547,-0.147530356585623,0.0000527753637476883
"Spain","factor_midas","Expenditures","2015-10",0.13425315547141,-0.0640018621873491,-0.0503892864792987,0.0000248774074027932
"Spain","factor_midas","Expenditures","2015-11",0.13425315547141,-1.09949625851251,0.768464473397148,0.468446487296905
"Spain","factor_midas","Expenditures","2015-12",0.13425315547141,-0.0752923112340501,2.14017284244121,0.658952862935465
"Spain","factor_midas","Expenditures","2016-01",0.134426237065714,-0.0889563894642161,0.204728286453332,0.0115943555489578
"Spain","factor_midas","Expenditures","2016-02",0.134426237065714,-0.263320231108926,0.0513548770397758,0.0133109429490839
"Spain","factor_midas","Expenditures","2016-03",0.134426237065714,-0.0670714566265577,-0.132465407778207,0.000574856172437407
"Spain","factor_midas","Expenditures","2016-04",0.134677638949272,-0.0681464265781618,0.00896532679502215,0.000800823208083075
"Spain","factor_midas","Expenditures","2016-05",0.134677638949272,-0.408031576201135,-0.373160658131861,0.000163765440254901
"Spain","factor_midas","Expenditures","2016-06",0.134677638949272,-0.205422344245538,0.0192381520618161,0.00679749539503985
"Spain","factor_midas","Expenditures","2016-07",0.135160706782993,0.0746599386977262,0.218661257595057,0.00280274375585874
"Spain","factor_midas","Expenditures","2016-08",0.135160706782993,0.406342158107651,-0.24438686295548,0.0572335659527048
"Spain","factor_midas","Expenditures","2016-09",0.135160706782993,0.0215637656606101,-0.107980706625268,0.00226823593479441
"Spain","factor_midas","Expenditures","2016-10",0.135258000100181,0.135867733301066,-0.700294172107267,0.0945678939144866
"Spain","factor_midas","Expenditures","2016-11",0.135258000100181,0.222080300854291,0.654023950083828,0.0252358041250612
"Spain","factor_midas","Expenditures","2016-12",0.135258000100181,0.0223927421360422,-0.24616643392336,0.00975535219840542
"Spain","factor_midas","Expenditures","2017-01",0.135016725171558,-0.109167726400503,0.00532591933397445,0.00176990656017606
"Spain","factor_midas","Expenditures","2017-02",0.135016725171558,0.0251386843752507,0.0477035220471561,0.0000687467223738904
"Spain","factor_midas","Expenditures","2017-03",0.135016725171558,0.0271827740298559,0.27258128393188,0.00813076506638873
"Spain","factor_midas","Expenditures","2017-04",0.135470715362866,0.0158173028909626,0.0301875020773173,0.0000279750582863915
"Spain","factor_midas","Expenditures","2017-05",0.135470715362866,-0.17550829506996,-0.21309561260464,0.000191393899021944
"Spain","factor_midas","Expenditures","2017-06",0.135470715362866,-0.108139871060907,-0.00859877940096579,0.00134230195511381
"Spain","factor_midas","Expenditures","2017-07",0.135498381974982,0.00494103357068267,-0.00187624298463003,0.00000629732248195118
"Spain","factor_midas","Expenditures","2017-08",0.135498381974982,-1.1555789474765,-0.153956241817323,0.135938486748232
"Spain","factor_midas","Expenditures","2017-09",0.135498381974982,0.71036755184624,0.0350617688598482,0.0617923976417419
"Spain","factor_midas","Expenditures","2017-10",0.135297043027097,-0.0764052963155878,0.0864194986502218,0.00358698354965965
"Spain","factor_midas","Expenditures","2017-11",0.135297043027097,0.290015063770444,-0.345484307736666,0.054640989544003
"Spain","factor_midas","Expenditures","2017-12",0.135297043027097,0.0257080783406641,0.0295128842790688,0.00000195863416861203
"Spain","factor_midas","Expenditures","2018-01",0.136139789192537,-0.0799353311084607,0.0210757397323627,0.00138906645698989
"Spain","factor_midas","Expenditures","2018-02",0.136139789192537,-0.747778717512172,0.334607269592437,0.159495853156979
"Spain","factor_midas","Expenditures","2018-03",0.136139789192537,-0.100893861236201,-0.0545760485408928,0.000292066104425931
"Spain","factor_midas","Expenditures","2018-04",0.136326324555895,-0.118466955457091,-0.130620382563301,0.0000201361875243929
"Spain","factor_midas","Expenditures","2018-05",0.136326324555895,-0.858504906613632,-0.40048063520755,0.0285993861141827
"Spain","factor_midas","Expenditures","2018-06",0.136326324555895,-0.138651619132255,0.0144361418891954,0.00319492500758691
"Spain","factor_midas","Expenditures","2018-07",0.137169728626403,-0.21903111464471,-0.0184812825648111,0.00551699874044191
"Spain","factor_midas","Expenditures","2018-08",0.137169728626403,0.057869094201652,-0.377991722113831,0.0260587713508898
"Spain","factor_midas","Expenditures","2018-09",0.137169728626403,0.0491653559471297,-0.000866990804627132,0.000343368164604432
"Spain","factor_midas","Expenditures","2018-10",0.137270995138271,-0.0642019931129195,0.0324877042560346,0.00128333247388173
"Spain","factor_midas","Expenditures","2018-11",0.137270995138271,-0.401222954354915,0.142176190347152,0.0405337405306938
"Spain","factor_midas","Expenditures","2018-12",0.137270995138271,0.0218842749278472,0.160941084297877,0.00265438126157633
"Spain","factor_midas","Expenditures","2019-01",0.137233705228452,0.0105065727933655,-0.0600384876911715,0.000682958020290103
"Spain","factor_midas","Expenditures","2019-02",0.137233705228452,0.0765749509872156,0.0224434213150603,0.000402125291456561
"Spain","factor_midas","Expenditures","2019-03",0.137233705228452,0.134154436053767,0.00197350883302711,0.00239771951079911
"Spain","factor_midas","Expenditures","2019-04",0.137236187201653,-0.0576967429179638,-0.0492218033259446,0.00000985693440064822
"Spain","factor_midas","Expenditures","2019-05",0.137236187201653,-0.0179186392425282,-0.051810006649605,0.000157632885980494
"Spain","factor_midas","Expenditures","2019-06",0.137236187201653,0.0491920448380375,0.00831338168085539,0.000229330603098123
"Spain","factor_midas","Expenditures","2019-07",0.137407349878667,0.0182125125835783,0.0155646390913379,0.000000963395087566388
"Spain","factor_midas","Expenditures","2019-08",0.137407349878667,-0.208232601824491,0.256291125641441,0.029650073083928
"Spain","factor_midas","Expenditures","2019-09",0.137407349878667,-0.170999234214588,-0.080367339512604,0.00112868325527595
"Spain","factor_midas","Expenditures","2019-10",0.138526740147657,-0.0319432323700845,0.0179957656534433,0.000345472325366221
"Spain","factor_midas","Expenditures","2019-11",0.138526740147657,0.39158379028342,0.076741235940631,0.0137315786519137
"Spain","factor_midas","Expenditures","2019-12",0.138526740147657,0.0217752706189233,0.0522638516343102,0.000128768026167735
"Spain","factor_midas","Expenditures","2020-01",0.136852163522222,-0.0340328286742441,0.0206789050575987,0.000409649681847898
"Spain","factor_midas","Expenditures","2020-02",0.136852163522222,1.14476697811591,0.0443703606104821,0.16571055090964
"Spain","factor_midas","Expenditures","2020-03",0.136852163522222,0.124640897346579,0.610830768258164,0.0323491952351263
"Spain","factor_midas","Expenditures","2020-04",0.127392455519574,-1.61801254336062,0.360121639458892,0.498488569619546
"Spain","factor_midas","Expenditures","2020-05",0.127392455519574,1.1897291913004,-0.56878351626274,0.393944218193151
"Spain","factor_midas","Expenditures","2020-06",0.127392455519574,1.92848763114782,-0.17420794749261,0.56324391929789
"Spain","factor_midas","Expenditures","2020-07",0.131328592958428,1.55613526138368,0.311329773808869,0.203499000111862
"Spain","factor_midas","Expenditures","2020-08",0.131328592958428,-3.19978061056986,-4.52615790933084,0.231043338713821
"Spain","factor_midas","Expenditures","2020-09",0.131328592958428,0.122255789176986,0.327329538409039,0.00552305584034717
"Spain","factor_midas","Expenditures","2020-10",0.131613129096747,-0.0350928313938657,-0.518930230835247,0.0308104530928728
"Spain","factor_midas","Expenditures","2020-11",0.131613129096747,-0.558221962933809,-0.153225419291349,0.0215874750310211
"Spain","factor_midas","Expenditures","2020-12",0.131613129096747,-0.454659170896118,-0.520666493953081,0.000573434020381729
"Spain","factor_midas","Expenditures","2021-01",0.132730787008982,0.0527246802475141,-0.0594128416238425,0.00166906626099291
"Spain","factor_midas","Expenditures","2021-02",0.132730787008982,0.125568134101409,-0.919035659598063,0.144835447981645
"Spain","factor_midas","Expenditures","2021-03",0.132730787008982,-0.693356721718532,0.123234306164778,0.0885076637561978
"Spain","factor_midas","Expenditures","2021-04",0.131987405632924,0.384354332849162,-0.0155561384882991,0.0211085326344786
"Spain","factor_midas","Expenditures","2021-05",0.131987405632924,-1.19456379700335,-0.51364952539122,0.0611952010718125
"Spain","factor_midas","Expenditures","2021-06",0.131987405632924,-0.248190348369691,0.328716249339983,0.0439282096948391
"Spain","factor_midas","Expenditures","2021-07",0.132499305573378,-0.108009608414116,-0.148405951133117,0.00021622091371175
"Spain","factor_midas","Expenditures","2021-08",0.132499305573378,1.40611206005052,0.62749347353306,0.0803272936893459
"Spain","factor_midas","Expenditures","2021-09",0.132499305573378,0.0032239412584597,-0.0372103826266659,0.000216627692274184
"Spain","factor_midas","Expenditures","2021-10",0.133909508186402,0.0129902568927166,-0.360232218237548,0.0186529270776586
"Spain","factor_midas","Expenditures","2021-11",0.133909508186402,-2.22575918706231,0.248603890701069,0.819857300187272
"Spain","factor_midas","Expenditures","2021-12",0.133909508186402,0.462826447206917,0.23423149699984,0.00699752856021031
"Spain","factor_midas","Expenditures","2022-01",0.135210635356281,-0.894713651783907,-2.46304716022676,0.33257354261559
"Spain","factor_midas","Expenditures","2022-02",0.135210635356281,-0.399405931255245,1.60031457785018,0.5406913914214
"Spain","factor_midas","Expenditures","2022-03",0.135210635356281,-0.26652998053901,-0.421986196525414,0.0032675860847816
"Spain","factor_midas","Expenditures","2022-04",0.136527248633957,-0.027010777217329,0.495288962907218,0.0372442263760169
"Spain","factor_midas","Expenditures","2022-05",0.136527248633957,0.579796479055057,-0.221395566504697,0.0876380278480456
"Spain","factor_midas","Expenditures","2022-06",0.136527248633957,-0.653392173491254,-0.28378673138214,0.0186507393435756
"Spain","factor_midas","Expenditures","2022-07",0.13708397011194,0.589912274704818,0.582347117356712,0.00000784553572545616
"Spain","factor_midas","Expenditures","2022-08",0.13708397011194,-0.0626665447600339,-0.0337638085272262,0.000114515584116879
"Spain","factor_midas","Expenditures","2022-09",0.13708397011194,0.28250002718487,-0.293850221356988,0.0455364995911654
"Spain","factor_midas","Expenditures","2022-10",0.137846044276832,-0.0612168755530315,0.430119761100593,0.0332776465801022
"Spain","factor_midas","Expenditures","2022-11",0.137846044276832,0.208305398986962,0.0146439481069987,0.00516988247078473
"Spain","factor_midas","Expenditures","2022-12",0.137846044276832,-0.166449416824005,0.0213320356957304,0.00486070983234004
"Spain","factor_midas","Expenditures","2023-01",0.138507740591876,-1.0750087963092,-0.0290078499952469,0.151543809307768
"Spain","factor_midas","Expenditures","2023-02",0.138507740591876,0.115658458898674,0.360596171630191,0.00830970030467196
"Spain","factor_midas","Expenditures","2023-03",0.138507740591876,0.528263242771928,0.0382793149241747,0.0332535269567437
"Spain","factor_midas","Expenditures","2023-04",0.138373498100125,-0.0342823138322391,0.00109461161239442,0.000173178148742484
"Spain","factor_midas","Expenditures","2023-05",0.138373498100125,-0.713084855781922,-0.179165620224633,0.0394460985235996
"Spain","factor_midas","Expenditures","2023-06",0.138373498100125,-0.288851504897747,-0.0113272402669257,0.0106574877274682
"Spain","factor_midas","Expenditures","2023-07",0.139199349519316,-0.519411879205713,-0.104674830466484,0.0239432374007784
"Spain","factor_midas","Expenditures","2023-08",0.139199349519316,0.742446701963957,-0.141685417476241,0.108810684489925
"Spain","factor_midas","Expenditures","2023-09",0.139199349519316,0.0881633709497999,0.0251826883677217,0.000552143459713015
"Spain","factor_midas","Expenditures","2023-10",0.140040923213845,-0.100033267670312,-0.0345150053518819,0.00060114564634678
"Spain","factor_midas","Expenditures","2023-11",0.140040923213845,0.28592768754976,0.16134275109642,0.00217363208058449
"Spain","factor_midas","Expenditures","2023-12",0.140040923213845,-0.153829239957236,-0.122992286497367,0.000133167392424389
"Spain","factor_midas","Expenditures","2024-01",0.141350108758159,-0.580906544795132,-0.151907555739002,0.0260140927604565
"Spain","factor_midas","Expenditures","2024-02",0.141350108758159,-0.429196962119054,-0.136519701962262,0.0121080472931531
"Spain","factor_midas","Expenditures","2024-03",0.141350108758159,-0.0919484169122998,-0.0771154628845792,0.0000310993597639827
"Spain","factor_midas","Expenditures","2024-04",0.142456491886571,-0.557095174045853,-0.119112190422655,0.0273272997649676
"Spain","factor_midas","Expenditures","2024-05",0.142456491886571,0.174632741088878,0.349569212175497,0.00435956310182289
"Spain","factor_midas","Expenditures","2024-06",0.142456491886571,-0.100606008679016,-0.00762379711268155,0.00123163490492298
"Spain","factor_midas","Expenditures","2024-07",0.14325839365942,0.262375119312803,0.0419982142453407,0.00695748432242693
"Spain","factor_midas","Expenditures","2024-08",0.14325839365942,-0.149577327317234,0.0496075433060828,0.00568372128234535
"Spain","factor_midas","Expenditures","2024-09",0.14325839365942,0.102258723151184,0.0650014481935672,0.000198857626240294
"Spain","factor_midas","Expenditures","2024-10",0.144148150443807,-0.15184618598336,-0.0691392569730455,0.000986036212954664
"Spain","factor_midas","Expenditures","2024-11",0.144148150443807,-0.30001833795028,0.111546155074879,0.0244165823084422
"Spain","factor_midas","Expenditures","2024-12",0.144148150443807,-0.0579207268164085,-0.0566614199220189,0.00000022859789996537
"Spain","factor_midas","Expenditures","2025-01",0.144453005186032,-0.404735757139545,-0.0233356778978848,0.0210130038058116
"Spain","factor_midas","Expenditures","2025-02",0.144453005186032,0.925049072083848,0.378798909257064,0.0431032224892654
"Spain","factor_midas","Expenditures","2025-03",0.144453005186032,0.0195243368979796,0.192579726548634,0.00432610285111316
"Spain","factor_midas","Expenditures","2025-04",0.145309545151064,0.0892059368021434,0.17801355321295,0.00114602626467032
"Spain","factor_midas","Expenditures","2025-05",0.145309545151064,-0.453752892108077,-0.00921787181548794,0.028714820364442
"Spain","factor_midas","Expenditures","2025-06",0.145309545151064,-0.442473021462483,-0.00282548114059499,0.0280868761278854
"Spain","factor_midas","Expenditures","2025-07",0.145780189141354,-0.173346119149665,-0.0127466375979932,0.00375999084310714
"Spain","factor_midas","Expenditures","2025-08",0.145780189141354,-0.109708650870336,-0.166449150759764,0.000469337034230055
"Spain","factor_midas","Expenditures","2025-09",0.145780189141354,-0.0921528561095772,0.0219195908220401,0.0018969680858626
"Spain","factor_midas","Revenues","2013-01",0.130702149539914,-1.60797847954137,-1.60797847954137,0
"Spain","factor_midas","Revenues","2013-02",0.130702149539914,-0.457273060103833,-0.457273060103833,0
"Spain","factor_midas","Revenues","2013-03",0.130702149539914,-0.385039093813046,1.98224265307513,0.732457835068734
"Spain","factor_midas","Revenues","2013-04",0.129696534415526,-0.0889801942510975,-0.403775590166999,0.0128524260992448
"Spain","factor_midas","Revenues","2013-05",0.129696534415526,-0.0360116399192761,-1.83457572247632,0.41954659826445
"Spain","factor_midas","Revenues","2013-06",0.129696534415526,-0.0803927012276531,0.664690090869002,0.072000819296526
"Spain","factor_midas","Revenues","2013-07",0.129352596003958,-0.138003705023117,-0.0556377380056484,0.000877547740500986
"Spain","factor_midas","Revenues","2013-08",0.129352596003958,-0.100374737487094,-0.335514391589573,0.00715199000884515
"Spain","factor_midas","Revenues","2013-09",0.129352596003958,-0.308363872778994,0.0409112933566895,0.0157801295708715
"Spain","factor_midas","Revenues","2013-10",0.129325599695006,-0.0343446040041838,-0.176580313400624,0.00261638582301043
"Spain","factor_midas","Revenues","2013-11",0.129325599695006,-0.0539441841310646,0.486645984022861,0.0377938196734312
"Spain","factor_midas","Revenues","2013-12",0.129325599695006,-0.105127228836942,-0.270686482779438,0.00354479743120755
"Spain","factor_midas","Revenues","2014-01",0.129214384626493,-0.0522089344894647,0.501705922726559,0.0396457731556776
"Spain","factor_midas","Revenues","2014-02",0.129214384626493,-0.0772423655645302,-0.175909104758762,0.00125791824082343
"Spain","factor_midas","Revenues","2014-03",0.129214384626493,0.00453120107996381,0.0856179262457546,0.000849591943895221
"Spain","factor_midas","Revenues","2014-04",0.12973847642557,0.54861177526812,0.045928942962251,0.0327836194865157
"Spain","factor_midas","Revenues","2014-05",0.12973847642557,-0.0643607965040081,-1.00396468793788,0.114540323944747
"Spain","factor_midas","Revenues","2014-06",0.12973847642557,-0.258597084478723,0.714080101085259,0.122745690260114
"Spain","factor_midas","Revenues","2014-07",0.1301200229548,0.0371387775331624,0.195485444366322,0.003262586112221
"Spain","factor_midas","Revenues","2014-08",0.1301200229548,-0.130067256689786,-0.110942733928572,0.0000475910562899055
"Spain","factor_midas","Revenues","2014-09",0.1301200229548,-0.0358211377601153,-0.135400787433025,0.00129028402218505
"Spain","factor_midas","Revenues","2014-10",0.130980324120387,0.0777759907837841,0.26705776022533,0.00469270912050975
"Spain","factor_midas","Revenues","2014-11",0.130980324120387,-0.058789321650024,-0.033257521706499,0.0000853825117237597
"Spain","factor_midas","Revenues","2014-12",0.130980324120387,-0.59838822777619,-0.0371492398421689,0.041257387717004
"Spain","factor_midas","Revenues","2015-01",0.132151459207461,-2.09555790882107,-0.151495811564119,0.499450243326279
"Spain","factor_midas","Revenues","2015-02",0.132151459207461,1.74341760889345,-0.0276529148051337,0.41451826629125
"Spain","factor_midas","Revenues","2015-03",0.132151459207461,-1.1844057785857,-0.313811258509492,0.100162192233947
"Spain","factor_midas","Revenues","2015-04",0.133030174647889,2.90652385415659,0.466281069445591,0.792166068364483
"Spain","factor_midas","Revenues","2015-05",0.133030174647889,0.0815805249642579,-0.000419521650381159,0.000894495911321878
"Spain","factor_midas","Revenues","2015-06",0.133030174647889,-0.22976294691272,0.33553037548883,0.0425106623728728
"Spain","factor_midas","Revenues","2015-07",0.133693392987253,0.938715292789832,0.2006351923732,0.0728311115191397
"Spain","factor_midas","Revenues","2015-08",0.133693392987253,-0.83309629066329,-0.152821656966682,0.061869769727542
"Spain","factor_midas","Revenues","2015-09",0.133693392987253,-1.3001563119719,-0.517511220389558,0.0818916604592476
"Spain","factor_midas","Revenues","2015-10",0.13425315547141,-0.548188159433532,0.0047074899076327,0.0410403302812692
"Spain","factor_midas","Revenues","2015-11",0.13425315547141,-1.15416736361561,-0.0391358898079366,0.166916302115265
"Spain","factor_midas","Revenues","2015-12",0.13425315547141,0.078696758095359,0.033088783775937,0.000279258286570276
"Spain","factor_midas","Revenues","2016-01",0.134426237065714,-0.0128352897306864,0.0161881341372998,0.000113235168509922
"Spain","factor_midas","Revenues","2016-02",0.134426237065714,0.015503478131887,0.290849929757002,0.0101916150166642
"Spain","factor_midas","Revenues","2016-03",0.134426237065714,-0.16400579240795,0.0289083058278308,0.00500278658035157
"Spain","factor_midas","Revenues","2016-04",0.134677638949272,-0.0829513215907356,-0.114112861551117,0.000130777586333152
"Spain","factor_midas","Revenues","2016-05",0.134677638949272,-0.038420695340903,-0.0386566150229281,0.00000000749590100709609
"Spain","factor_midas","Revenues","2016-06",0.134677638949272,-0.124155759929937,-0.0291019693806232,0.00121684251419066
"Spain","factor_midas","Revenues","2016-07",0.135160706782993,-0.0298284798288676,-0.0441115661705712,0.0000275736702222508
"Spain","factor_midas","Revenues","2016-08",0.135160706782993,-0.0974792262217488,0.0408847173453799,0.00258759508273031
"Spain","factor_midas","Revenues","2016-09",0.135160706782993,-0.178751930944008,0.0140593087609845,0.00502475797449046
"Spain","factor_midas","Revenues","2016-10",0.135258000100181,-0.126475671612789,0.0323946312472107,0.00341388123665811
"Spain","factor_midas","Revenues","2016-11",0.135258000100181,-0.0842290343196637,0.0559766609603524,0.0026588526658211
"Spain","factor_midas","Revenues","2016-12",0.135258000100181,-0.165588351220296,0.320268839780331,0.0319286261401884
"Spain","factor_midas","Revenues","2017-01",0.135016725171558,-0.101854436582669,-0.0280606577730057,0.000735236519072452
"Spain","factor_midas","Revenues","2017-02",0.135016725171558,-0.0353325272077289,0.0175791896200144,0.000377999544606837
"Spain","factor_midas","Revenues","2017-03",0.135016725171558,-0.064058691914058,0.00626391342908115,0.000667694001472783
"Spain","factor_midas","Revenues","2017-04",0.135470715362866,-0.192360951745654,0.0355010276681638,0.00703378607521683
"Spain","factor_midas","Revenues","2017-05",0.135470715362866,-0.0074891359703936,0.126280432979971,0.00242415329369471
"Spain","factor_midas","Revenues","2017-06",0.135470715362866,0.497579434828727,0.130371078888863,0.0182671390407066
"Spain","factor_midas","Revenues","2017-07",0.135498381974982,0.0668235193674481,0.0119855047925721,0.000407471796923166
"Spain","factor_midas","Revenues","2017-08",0.135498381974982,-0.136340766878005,-0.0977249414777513,0.000202052744347227
"Spain","factor_midas","Revenues","2017-09",0.135498381974982,-0.255878421977751,-0.0634347383407509,0.00501812449801289
"Spain","factor_midas","Revenues","2017-10",0.135297043027097,0.0891776530789579,-0.000844254517597872,0.00109643963940042
"Spain","factor_midas","Revenues","2017-11",0.135297043027097,-0.215687797126693,-0.0140025033823127,0.00550347209787431
"Spain","factor_midas","Revenues","2017-12",0.135297043027097,0.222862116641154,0.142126394981477,0.000881900864224678
"Spain","factor_midas","Revenues","2018-01",0.136139789192537,-0.359899850089533,0.0474933021836148,0.022595009248322
"Spain","factor_midas","Revenues","2018-02",0.136139789192537,0.337832450690541,0.0960924025582194,0.0079557711543609
"Spain","factor_midas","Revenues","2018-03",0.136139789192537,-0.308924348629697,-0.0181139481464084,0.0115134357763098
"Spain","factor_midas","Revenues","2018-04",0.136326324555895,-0.0675964080759112,-0.0535162147552737,0.0000270269452216586
"Spain","factor_midas","Revenues","2018-05",0.136326324555895,0.384358676443678,0.325573458998021,0.000471103123810086
"Spain","factor_midas","Revenues","2018-06",0.136326324555895,-0.306399968569155,0.0959852100484516,0.022073117607384
"Spain","factor_midas","Revenues","2018-07",0.137169728626403,-0.727835929715042,-0.011713505427601,0.0703449338963578
"Spain","factor_midas","Revenues","2018-08",0.137169728626403,0.0687866129524469,0.0279431012121892,0.000228825505838221
"Spain","factor_midas","Revenues","2018-09",0.137169728626403,-0.120029203165789,-0.057195446207899,0.000541557201209049
"Spain","factor_midas","Revenues","2018-10",0.137270995138271,0.747040445424983,0.12995003203754,0.0522728743317406
"Spain","factor_midas","Revenues","2018-11",0.137270995138271,-0.840159055321243,-0.0975449622763949,0.0757016169240554
"Spain","factor_midas","Revenues","2018-12",0.137270995138271,0.0908570615527548,-0.0284267007752843,0.00195317627160127
"Spain","factor_midas","Revenues","2019-01",0.137233705228452,-0.814030598076403,-0.0870043647806677,0.0725372276194426
"Spain","factor_midas","Revenues","2019-02",0.137233705228452,-0.0684941731753496,0.0306949255636749,0.00135017069487345
"Spain","factor_midas","Revenues","2019-03",0.137233705228452,0.0938192903914922,-0.0164290909456892,0.00166803528372928
"Spain","factor_midas","Revenues","2019-04",0.137236187201653,-0.500682536432059,-0.0249621073334743,0.0310579114609432
"Spain","factor_midas","Revenues","2019-05",0.137236187201653,-0.117391931546235,0.0142314972552641,0.00237757947908825
"Spain","factor_midas","Revenues","2019-06",0.137236187201653,-0.204252650096575,0.183604172402797,0.0206448396511989
"Spain","factor_midas","Revenues","2019-07",0.137407349878667,-0.126021281156695,-0.0173687171299077,0.00162214593471056
"Spain","factor_midas","Revenues","2019-08",0.137407349878667,-0.110262468508877,0.0427850353942338,0.00321856634332922
"Spain","factor_midas","Revenues","2019-09",0.137407349878667,-0.0810147761408766,-0.0249365252728162,0.000432114541965418
"Spain","factor_midas","Revenues","2019-10",0.138526740147657,-0.110111572542113,-0.00321950688508586,0.00158279457812849
"Spain","factor_midas","Revenues","2019-11",0.138526740147657,-0.101547495004092,-0.0308746043203426,0.00069189361852566
"Spain","factor_midas","Revenues","2019-12",0.138526740147657,-0.0307469871140769,-0.0773430998839431,0.000300768943096565
"Spain","factor_midas","Revenues","2020-01",0.136852163522222,-0.14566656724396,0.0172845561508629,0.00363384488820365
"Spain","factor_midas","Revenues","2020-02",0.136852163522222,-0.0729123308975784,-0.0251228547323067,0.000312547628425555
"Spain","factor_midas","Revenues","2020-03",0.136852163522222,-0.211836346525381,-0.436482448563781,0.00690636365242307
"Spain","factor_midas","Revenues","2020-04",0.127392455519574,-0.687785890328819,1.57107750321224,0.650015396590117
"Spain","factor_midas","Revenues","2020-05",0.127392455519574,-0.637093935318617,0.129587375056243,0.0748813148684494
"Spain","factor_midas","Revenues","2020-06",0.127392455519574,0.896507128200603,-1.22068680676374,0.571037975950878
"Spain","factor_midas","Revenues","2020-07",0.131328592958428,9.99263120389094,0.350930084617859,12.2086212522084
"Spain","factor_midas","Revenues","2020-08",0.131328592958428,-0.817484231112161,3.15886687419183,2.07648472698237
"Spain","factor_midas","Revenues","2020-09",0.131328592958428,3.34972716254947,-1.21748335171593,2.739437212353
"Spain","factor_midas","Revenues","2020-10",0.131613129096747,-0.00693418587459282,2.52202933820861,0.841752365401491
"Spain","factor_midas","Revenues","2020-11",0.131613129096747,-0.887973627038335,-1.79167630888171,0.107485617743216
"Spain","factor_midas","Revenues","2020-12",0.131613129096747,-1.01416159586453,-0.374443042775458,0.0538613342043787
"Spain","factor_midas","Revenues","2021-01",0.132730787008982,0.199076324351136,-0.370264396380985,0.0430245328026063
"Spain","factor_midas","Revenues","2021-02",0.132730787008982,-0.120325846294372,-0.733446199416074,0.0498957018423204
"Spain","factor_midas","Revenues","2021-03",0.132730787008982,0.0905158456641239,-0.313570671166254,0.0216730677511338
"Spain","factor_midas","Revenues","2021-04",0.131987405632924,-0.167965724932776,-0.659559454385774,0.0318966565084532
"Spain","factor_midas","Revenues","2021-05",0.131987405632924,0.00821245798604075,0.417038354915862,0.0220601920430051
"Spain","factor_midas","Revenues","2021-06",0.131987405632924,-0.0577485478596746,0.0588468295358442,0.00179430041406357
"Spain","factor_midas","Revenues","2021-07",0.132499305573378,0.167128570406188,0.243576815294338,0.000774370215947202
"Spain","factor_midas","Revenues","2021-08",0.132499305573378,-0.112288169332224,0.427134624073915,0.0385542438189655
"Spain","factor_midas","Revenues","2021-09",0.132499305573378,0.247975546535258,-0.0468951958641601,0.0115206496212918
"Spain","factor_midas","Revenues","2021-10",0.133909508186402,0.0479188444475639,-0.629137684139369,0.0613848607999527
"Spain","factor_midas","Revenues","2021-11",0.133909508186402,-0.095716285859229,1.14697395854939,0.206793647224129
"Spain","factor_midas","Revenues","2021-12",0.133909508186402,-0.0551694678302115,-0.754516326924362,0.0654932696477313
"Spain","factor_midas","Revenues","2022-01",0.135210635356281,-0.362471863682344,0.420863547887192,0.0829671884283565
"Spain","factor_midas","Revenues","2022-02",0.135210635356281,-0.0943028775337282,-1.16371135580152,0.154631546466761
"Spain","factor_midas","Revenues","2022-03",0.135210635356281,1.9697552324959,0.77705388875942,0.192342063353882
"Spain","factor_midas","Revenues","2022-04",0.136527248633957,-0.672501829463973,-2.13701442115597,0.292823251204074
"Spain","factor_midas","Revenues","2022-05",0.136527248633957,-0.0473736975687771,-0.0633745550393555,0.000034954721929839
"Spain","factor_midas","Revenues","2022-06",0.136527248633957,0.751144175562,0.0183131402869925,0.0733207746773149
"Spain","factor_midas","Revenues","2022-07",0.13708397011194,-0.5138151458031,0.0354210170328167,0.0413528001260535
"Spain","factor_midas","Revenues","2022-08",0.13708397011194,-0.0118365045586296,-0.124397352607768,0.00173684629501422
"Spain","factor_midas","Revenues","2022-09",0.13708397011194,-0.229546897314579,0.226516161152595,0.0285125765604799
"Spain","factor_midas","Revenues","2022-10",0.137846044276832,-0.014536904251273,-0.168869855229029,0.00328330802754745
"Spain","factor_midas","Revenues","2022-11",0.137846044276832,-0.0377460982448061,-0.0347691667503173,0.00000122160834069105
"Spain","factor_midas","Revenues","2022-12",0.137846044276832,-0.0787865000337775,-0.446996674538114,0.0186889919781499
"Spain","factor_midas","Revenues","2023-01",0.138507740591876,0.389072805684652,1.20173353715348,0.0914729308513572
"Spain","factor_midas","Revenues","2023-02",0.138507740591876,0.00982327789076835,-0.000956648888845465,0.0000160955442698536
"Spain","factor_midas","Revenues","2023-03",0.138507740591876,-0.241362064970914,0.064212901697336,0.0129333071311943
"Spain","factor_midas","Revenues","2023-04",0.138373498100125,-0.159504358731725,-0.327313435748692,0.00389658197748523
"Spain","factor_midas","Revenues","2023-05",0.138373498100125,-0.268438102141777,0.088959096011808,0.0176748284423843
"Spain","factor_midas","Revenues","2023-06",0.138373498100125,-0.16280713639895,-0.0448940580326572,0.00192387510748725
"Spain","factor_midas","Revenues","2023-07",0.139199349519316,0.288029607779698,0.299170374685242,0.0000172769621288112
"Spain","factor_midas","Revenues","2023-08",0.139199349519316,0.177972653830699,-0.425639719967251,0.0507169903727681
"Spain","factor_midas","Revenues","2023-09",0.139199349519316,-0.0716073279005657,0.174370092045789,0.00842224148712343
"Spain","factor_midas","Revenues","2023-10",0.140040923213845,0.0019232506873683,-0.282991029721758,0.0113679825941773
"Spain","factor_midas","Revenues","2023-11",0.140040923213845,0.110960396772705,-0.0221619007750283,0.0024817416772351
"Spain","factor_midas","Revenues","2023-12",0.140040923213845,0.00204145445177884,0.177904870774278,0.00433117743883846
"Spain","factor_midas","Revenues","2024-01",0.141350108758159,0.0567031198168092,-0.192888103228559,0.00880551508329251
"Spain","factor_midas","Revenues","2024-02",0.141350108758159,0.00745638551591969,0.0858535202822135,0.00086875342147712
"Spain","factor_midas","Revenues","2024-03",0.141350108758159,-0.271110569919704,-0.315701500758973,0.000281053646087855
"Spain","factor_midas","Revenues","2024-04",0.142456491886571,0.300615353598678,0.534555832713989,0.0077963799385791
"Spain","factor_midas","Revenues","2024-05",0.142456491886571,0.172556066482179,-0.066700083968474,0.00815470898087473
"Spain","factor_midas","Revenues","2024-06",0.142456491886571,-0.0181650033164903,-0.176926408485583,0.00359064205741072
"Spain","factor_midas","Revenues","2024-07",0.14325839365942,-0.283640078116944,-0.353140750769896,0.000691987250520459
"Spain","factor_midas","Revenues","2024-08",0.14325839365942,-0.211925828409892,0.154405288446545,0.019225059704542
"Spain","factor_midas","Revenues","2024-09",0.14325839365942,-0.151307628518683,-0.204637212146124,0.000407433245115595
"Spain","factor_midas","Revenues","2024-10",0.144148150443807,-0.1477794331195,0.237371674500158,0.0213831349415386
"Spain","factor_midas","Revenues","2024-11",0.144148150443807,-0.060861135482866,-0.0452831616509948,0.0000349809028461897
"Spain","factor_midas","Revenues","2024-12",0.144148150443807,0.209125615775686,0.115147296842611,0.00127310557137001
"Spain","factor_midas","Revenues","2025-01",0.144453005186032,-0.0769558445211531,-0.0340650592327203,0.000265738559779724
"Spain","factor_midas","Revenues","2025-02",0.144453005186032,0.0909342931386598,-0.829700093077712,0.122433697475515
"Spain","factor_midas","Revenues","2025-03",0.144453005186032,-0.135391040298734,0.0991393079326096,0.00794556304739461
"Spain","factor_midas","Revenues","2025-04",0.145309545151064,0.0129364474258048,0.0213007345786713,0.0000101660446195089
"Spain","factor_midas","Revenues","2025-05",0.145309545151064,0.0346949180224798,-0.148679111324442,0.00488618379861625
"Spain","factor_midas","Revenues","2025-06",0.145309545151064,-0.048272326092226,-0.0311209168800303,0.0000427458306612841
"Spain","factor_midas","Revenues","2025-07",0.145780189141354,0.00107311875131546,-0.0639985169583064,0.000617279645967488
"Spain","factor_midas","Revenues","2025-08",0.145780189141354,0.00759425628496781,0.0941540833136591,0.00109227317802164
"Spain","factor_midas","Revenues","2025-09",0.145780189141354,-0.0368601864158194,-0.0394040586007128,0.00000094338525232408
"Spain","sg_lasso","Expenditures","2013-01",0.130702149539914,3.84777610480624,0.414212403892069,1.54089465295158
"Spain","sg_lasso","Expenditures","2013-02",0.130702149539914,-1.3006102683148,-0.225333949354931,0.151120329827785
"Spain","sg_lasso","Expenditures","2013-03",0.130702149539914,0.767936221834036,0.0528805119568797,0.0668286192071823
"Spain","sg_lasso","Expenditures","2013-04",0.129696534415526,-4.72465717218,-0.600189482427373,2.20629806011111
"Spain","sg_lasso","Expenditures","2013-05",0.129696534415526,-3.74981001562002,-0.440342679489528,1.42051089707365
"Spain","sg_lasso","Expenditures","2013-06",0.129696534415526,-2.77416067750393,-0.222335783972182,0.844559227027479
"Spain","sg_lasso","Expenditures","2013-07",0.129352596003958,2.01750651238545,0.300706244527692,0.381254250179593
"Spain","sg_lasso","Expenditures","2013-08",0.129352596003958,2.09356983357692,0.26257543891059,0.433659813429629
"Spain","sg_lasso","Expenditures","2013-09",0.129352596003958,0.285594445266984,0.188775431159105,0.00121254107983378
"Spain","sg_lasso","Expenditures","2013-10",0.129325599695006,-1.18734175681004,-0.0064689910962023,0.180339438965652
"Spain","sg_lasso","Expenditures","2013-11",0.129325599695006,-1.99592774135967,-0.417481909147608,0.322213599423921
"Spain","sg_lasso","Expenditures","2013-12",0.129325599695006,0.124824838266493,-0.11517611441051,0.00744921368120164
"Spain","sg_lasso","Expenditures","2014-01",0.129214384626493,0.263243887024231,-0.0811272027250866,0.01532372090488
"Spain","sg_lasso","Expenditures","2014-02",0.129214384626493,0.588857947559479,0.187312034840064,0.020834413671317
"Spain","sg_lasso","Expenditures","2014-03",0.129214384626493,0.295739055782772,0.042889568251836,0.00826104559448952
"Spain","sg_lasso","Expenditures","2014-04",0.12973847642557,-0.0786402516955416,0.103536366019228,0.00430580207737243
"Spain","sg_lasso","Expenditures","2014-05",0.12973847642557,-0.237078204981704,-0.169022111263113,0.000600900865062488
"Spain","sg_lasso","Expenditures","2014-06",0.12973847642557,-0.156276503618263,-0.185354161669258,0.000109695204855853
"Spain","sg_lasso","Expenditures","2014-07",0.1301200229548,0.285405873856485,0.0612838143520161,0.00653601951909063
"Spain","sg_lasso","Expenditures","2014-08",0.1301200229548,0.315034624742593,0.0896095663935647,0.00661223854242957
"Spain","sg_lasso","Expenditures","2014-09",0.1301200229548,0.0647151918229306,0.0167187829318714,0.000299751676148827
"Spain","sg_lasso","Expenditures","2014-10",0.130980324120387,0.222311356562014,0.157301470770236,0.000553560211956655
"Spain","sg_lasso","Expenditures","2014-11",0.130980324120387,0.222311356562014,-0.0179580246414214,0.00756141232000515
"Spain","sg_lasso","Expenditures","2014-12",0.130980324120387,0.222311356562014,-0.00787266384954425,0.00693995098587152
"Spain","sg_lasso","Expenditures","2015-01",0.132151459207461,0.222311356562014,-0.131511454251483,0.0165441180179074
"Spain","sg_lasso","Expenditures","2015-02",0.132151459207461,0.222311356562014,0.00930304088690862,0.005996047705505
"Spain","sg_lasso","Expenditures","2015-03",0.132151459207461,0.222311356562014,-0.0797163554998138,0.0120549537494466
"Spain","sg_lasso","Expenditures","2015-04",0.133030174647889,0.222311356562014,0.0770577926870553,0.00280675015260421
"Spain","sg_lasso","Expenditures","2015-05",0.133030174647889,0.222311356562014,-0.0434085896036425,0.00939287348618001
"Spain","sg_lasso","Expenditures","2015-06",0.133030174647889,0.222311356562014,0.0379872876989629,0.00451974838877286
"Spain","sg_lasso","Expenditures","2015-07",0.133693392987253,0.222311356562014,-0.008506154128241,0.00712274589736499
"Spain","sg_lasso","Expenditures","2015-08",0.133693392987253,0.222311356562014,0.0129290967673443,0.0058612427792377
"Spain","sg_lasso","Expenditures","2015-09",0.133693392987253,0.222311356562014,-0.00928081769868593,0.00717063646670492
"Spain","sg_lasso","Expenditures","2015-10",0.13425315547141,0.222311356562014,0.0427918551066662,0.00432661019299318
"Spain","sg_lasso","Expenditures","2015-11",0.13425315547141,0.222311356562014,0.232155712753605,0.0000130106543810048
"Spain","sg_lasso","Expenditures","2015-12",0.13425315547141,0.222311356562014,0.117757863710287,0.00146757935628524
"Spain","sg_lasso","Expenditures","2016-01",0.134426237065714,0.222311356562014,-0.00575426091281787,0.0069920363302805
"Spain","sg_lasso","Expenditures","2016-02",0.134426237065714,0.222311356562014,0.0228934913474607,0.00534579336164482
"Spain","sg_lasso","Expenditures","2016-03",0.134426237065714,0.222311356562014,0.0850233025286615,0.00253366703093876
"Spain","sg_lasso","Expenditures","2016-04",0.134677638949272,0.222311356562014,-0.0741446692584179,0.0118363025783115
"Spain","sg_lasso","Expenditures","2016-05",0.134677638949272,0.222311356562014,-0.0341769227708314,0.00885993513311866
"Spain","sg_lasso","Expenditures","2016-06",0.134677638949272,0.222311356562014,-0.0136881227901192,0.00750097268249195
"Spain","sg_lasso","Expenditures","2016-07",0.135160706782993,0.255431376635332,0.066199941738041,0.00483990702831059
"Spain","sg_lasso","Expenditures","2016-08",0.135160706782993,0.23585465362026,-0.00590368046214528,0.00789975027741691
"Spain","sg_lasso","Expenditures","2016-09",0.135160706782993,0.315527215150688,0.0134948963325768,0.0123298356561284
"Spain","sg_lasso","Expenditures","2016-10",0.135258000100181,-0.544576844211526,-0.0509102254318524,0.0329632849780262
"Spain","sg_lasso","Expenditures","2016-11",0.135258000100181,-1.19983951729482,-0.0612393982215894,0.175349855175245
"Spain","sg_lasso","Expenditures","2016-12",0.135258000100181,0.994791015591324,0.133623148519677,0.100308698341235
"Spain","sg_lasso","Expenditures","2017-01",0.135016725171558,0.211020998291757,0.0090146360908767,0.00550956949679059
"Spain","sg_lasso","Expenditures","2017-02",0.135016725171558,0.216987391239954,0.0233872549322348,0.00506056360144847
"Spain","sg_lasso","Expenditures","2017-03",0.135016725171558,-0.0268664409136109,-0.0234429069013247,0.00000158247502178996
"Spain","sg_lasso","Expenditures","2017-04",0.135470715362866,0.222311356562014,0.0989428540026313,0.0020618354899654
"Spain","sg_lasso","Expenditures","2017-05",0.135470715362866,0.222311356562014,0.0851306243791453,0.00254936287523762
"Spain","sg_lasso","Expenditures","2017-06",0.135470715362866,0.222311356562014,0.055485418491373,0.00377027106696115
"Spain","sg_lasso","Expenditures","2017-07",0.135498381974982,0.222311356562014,0.0250171373726642,0.00527427572777175
"Spain","sg_lasso","Expenditures","2017-08",0.135498381974982,0.222311356562014,0.0393647436317061,0.00453505810682327
"Spain","sg_lasso","Expenditures","2017-09",0.135498381974982,0.222311356562014,-0.0375987660431453,0.00915335903043735
"Spain","sg_lasso","Expenditures","2017-10",0.135297043027097,0.222311356562014,0.145823078533856,0.000791549488582081
"Spain","sg_lasso","Expenditures","2017-11",0.135297043027097,0.222311356562014,-0.0676145974060318,0.0113726714990682
"Spain","sg_lasso","Expenditures","2017-12",0.135297043027097,0.222311356562014,0.0704534229971964,0.00312006237752851
"Spain","sg_lasso","Expenditures","2018-01",0.136139789192537,0.248185173477391,0.0702507004460913,0.00431027785066807
"Spain","sg_lasso","Expenditures","2018-02",0.136139789192537,0.261608729453143,0.172097938856695,0.00109077671851633
"Spain","sg_lasso","Expenditures","2018-03",0.136139789192537,0.0491105428240859,0.0831479735620863,0.000157724302315693
"Spain","sg_lasso","Expenditures","2018-04",0.136326324555895,0.0520568180041615,0.0593607830124325,0.00000727272378987379
"Spain","sg_lasso","Expenditures","2018-05",0.136326324555895,0.271141063810922,-0.149877312697362,0.0241647235165911
"Spain","sg_lasso","Expenditures","2018-06",0.136326324555895,0.0255311157850463,0.0299812532138865,0.00000269976878759411
"Spain","sg_lasso","Expenditures","2018-07",0.137169728626403,0.276691501037346,0.0388792076801395,0.00775759105075797
"Spain","sg_lasso","Expenditures","2018-08",0.137169728626403,0.253737404678053,0.0318883081234678,0.00675108550244469
"Spain","sg_lasso","Expenditures","2018-09",0.137169728626403,0.0365114810952138,0.00593377952319302,0.000128253124738077
"Spain","sg_lasso","Expenditures","2018-10",0.137270995138271,0.118611009250165,0.0172278352750272,0.00141094650776948
"Spain","sg_lasso","Expenditures","2018-11",0.137270995138271,0.0450149258312858,0.00712522766583839,0.000197070252649308
"Spain","sg_lasso","Expenditures","2018-12",0.137270995138271,0.0992449763116991,0.0597538295564559,0.00021408107272006
"Spain","sg_lasso","Expenditures","2019-01",0.137233705228452,0.503566525575771,0.0688671083188663,0.0259321726982175
"Spain","sg_lasso","Expenditures","2019-02",0.137233705228452,0.164008922027912,0.0225690450828051,0.00274539304316555
"Spain","sg_lasso","Expenditures","2019-03",0.137233705228452,-0.196793909793425,0.0785586615604392,0.0104049275872379
"Spain","sg_lasso","Expenditures","2019-04",0.137236187201653,-0.0828351060859461,-0.252052556807814,0.00392969586434936
"Spain","sg_lasso","Expenditures","2019-05",0.137236187201653,0.308357519227289,0.0274089080784264,0.0108323434856279
"Spain","sg_lasso","Expenditures","2019-06",0.137236187201653,-0.0816683055345824,-0.0658923160919198,0.000034155595182631
"Spain","sg_lasso","Expenditures","2019-07",0.137407349878667,0.655049938286113,0.134693220216342,0.0372059412039779
"Spain","sg_lasso","Expenditures","2019-08",0.137407349878667,0.504552362606965,0.0430338205664595,0.0292676782220108
"Spain","sg_lasso","Expenditures","2019-09",0.137407349878667,0.113149564768377,0.000185722309395125,0.00175343179175562
"Spain","sg_lasso","Expenditures","2019-10",0.138526740147657,0.46178890954853,0.0467416558408327,0.0238632012299808
"Spain","sg_lasso","Expenditures","2019-11",0.138526740147657,-0.295846256884025,0.127005430045683,0.0247690727890986
"Spain","sg_lasso","Expenditures","2019-12",0.138526740147657,0.099612438364864,0.18294401204562,0.000961950624965103
"Spain","sg_lasso","Expenditures","2020-01",0.136852163522222,0.172771902700444,0.557829068532929,0.0202909363015535
"Spain","sg_lasso","Expenditures","2020-02",0.136852163522222,0.150187574173525,-0.264541285262283,0.0235385758001559
"Spain","sg_lasso","Expenditures","2020-03",0.136852163522222,-0.318216431382379,-0.549212076210565,0.0073022929415205
"Spain","sg_lasso","Expenditures","2020-04",0.127392455519574,0.239248463097943,-0.871883221431644,0.15728046071628
"Spain","sg_lasso","Expenditures","2020-05",0.127392455519574,0.10678386290806,-0.82033331407854,0.10949970867669
"Spain","sg_lasso","Expenditures","2020-06",0.127392455519574,-0.0404004720215958,-0.928187759532956,0.100406436221247
"Spain","sg_lasso","Expenditures","2020-07",0.131328592958428,1.12192552664801,1.72964884792699,0.0485032786749398
"Spain","sg_lasso","Expenditures","2020-08",0.131328592958428,1.12192552664801,0.700419007707117,0.0233328550318811
"Spain","sg_lasso","Expenditures","2020-09",0.131328592958428,0.22975580911404,-0.567112058433735,0.0833934461835523
"Spain","sg_lasso","Expenditures","2020-10",0.131613129096747,-3.21393238481726,-1.79756740447871,0.264027750237382
"Spain","sg_lasso","Expenditures","2020-11",0.131613129096747,-2.66792718029666,-0.792970772608244,0.46268089227886
"Spain","sg_lasso","Expenditures","2020-12",0.131613129096747,1.43550838418933,-0.0166228928645176,0.277530663479623
"Spain","sg_lasso","Expenditures","2021-01",0.132730787008982,0.222311356562014,-1.14912531549308,0.249645180375408
"Spain","sg_lasso","Expenditures","2021-02",0.132730787008982,0.222311356562014,-1.56210640859586,0.422634305488
"Spain","sg_lasso","Expenditures","2021-03",0.132730787008982,-0.27667589797656,0.110217208130572,0.0198679771586228
"Spain","sg_lasso","Expenditures","2021-04",0.131987405632924,0.722274530786395,0.717638952480542,0.000002836222747177
"Spain","sg_lasso","Expenditures","2021-05",0.131987405632924,-2.67751459018273,-0.76476966265261,0.482888219163363
"Spain","sg_lasso","Expenditures","2021-06",0.131987405632924,0.739573108527247,-0.578661973713069,0.22936028684804
"Spain","sg_lasso","Expenditures","2021-07",0.132499305573378,-1.13592368285199,-1.19084868177856,0.000399718009773248
"Spain","sg_lasso","Expenditures","2021-08",0.132499305573378,-0.520482187487713,-0.538362444115705,0.0000423605019528017
"Spain","sg_lasso","Expenditures","2021-09",0.132499305573378,-1.71181118309376,-0.00369425422832668,0.386588380051492
"Spain","sg_lasso","Expenditures","2021-10",0.133909508186402,0.183255467060844,0.42116742242947,0.0075795591734339
"Spain","sg_lasso","Expenditures","2021-11",0.133909508186402,0.392490026753527,0.644945822858193,0.00853457908541495
"Spain","sg_lasso","Expenditures","2021-12",0.133909508186402,0.293365669267576,-0.113993396370192,0.0222211323808816
"Spain","sg_lasso","Expenditures","2022-01",0.135210635356281,0.665525140280175,0.0500558797781305,0.0512181146148179
"Spain","sg_lasso","Expenditures","2022-02",0.135210635356281,-0.506018736257962,-0.527772425378149,0.0000639847811887646
"Spain","sg_lasso","Expenditures","2022-03",0.135210635356281,1.08508554939881,0.0929771644788751,0.133084995370675
"Spain","sg_lasso","Expenditures","2022-04",0.136527248633957,0.196168829398069,-0.297919923575189,0.0333295365159299
"Spain","sg_lasso","Expenditures","2022-05",0.136527248633957,0.455286423913114,-0.0173730548585933,0.0305011406972291
"Spain","sg_lasso","Expenditures","2022-06",0.136527248633957,0.357495838802749,2.0807884898181,0.40545009837419
"Spain","sg_lasso","Expenditures","2022-07",0.13708397011194,0.222311356562014,0.442567327888836,0.00665031254425548
"Spain","sg_lasso","Expenditures","2022-08",0.13708397011194,0.222311356562014,0.321224452903142,0.00134120223284104
"Spain","sg_lasso","Expenditures","2022-09",0.13708397011194,2.70453541027554,0.372610756868643,0.745445163485894
"Spain","sg_lasso","Expenditures","2022-10",0.137846044276832,-0.276645613672775,0.316529411042092,0.048502041833641
"Spain","sg_lasso","Expenditures","2022-11",0.137846044276832,-0.793406347251928,-0.324141598042146,0.0303549953712547
"Spain","sg_lasso","Expenditures","2022-12",0.137846044276832,0.295265773848773,0.294011833780914,0.000000216744391044306
"Spain","sg_lasso","Expenditures","2023-01",0.138507740591876,-1.53461888115191,-1.28114319592601,0.00889911166803431
"Spain","sg_lasso","Expenditures","2023-02",0.138507740591876,-0.0975859275280551,0.0179091099090337,0.00184756911121187
"Spain","sg_lasso","Expenditures","2023-03",0.138507740591876,-1.09038751717193,-0.692151423671687,0.0219662176798771
"Spain","sg_lasso","Expenditures","2023-04",0.138373498100125,0.17225977508116,0.63313406943336,0.0293912388038421
"Spain","sg_lasso","Expenditures","2023-05",0.138373498100125,0.615602508295797,0.226749895134714,0.0209229522434144
"Spain","sg_lasso","Expenditures","2023-06",0.138373498100125,0.354672907826813,0.556991122683509,0.00566399535943295
"Spain","sg_lasso","Expenditures","2023-07",0.139199349519316,0.981023872824554,0.516323007219642,0.0300596672442749
"Spain","sg_lasso","Expenditures","2023-08",0.139199349519316,-2.10241710619785,-0.0860133765234215,0.565968408166453
"Spain","sg_lasso","Expenditures","2023-09",0.139199349519316,0.00625438502717137,-0.369739021848927,0.0196787570892578
"Spain","sg_lasso","Expenditures","2023-10",0.140040923213845,-1.48073152483347,-0.101782392551128,0.266287914839269
"Spain","sg_lasso","Expenditures","2023-11",0.140040923213845,-0.0713654056881032,0.4028650931127,0.0314944426474169
"Spain","sg_lasso","Expenditures","2023-12",0.140040923213845,-1.22793212453618,1.03460596241098,0.716880492432136
"Spain","sg_lasso","Expenditures","2024-01",0.141350108758159,-0.441557511470965,-0.190883810132235,0.00888205983120262
"Spain","sg_lasso","Expenditures","2024-02",0.141350108758159,1.49145784320235,0.143042425754736,0.257006179654484
"Spain","sg_lasso","Expenditures","2024-03",0.141350108758159,0.533112806853241,0.235736968819022,0.0124999278094742
"Spain","sg_lasso","Expenditures","2024-04",0.142456491886571,0.843252284164744,-0.295643386321482,0.184777943476506
"Spain","sg_lasso","Expenditures","2024-05",0.142456491886571,-0.00128225575380436,1.39384634164579,0.277275008480417
"Spain","sg_lasso","Expenditures","2024-06",0.142456491886571,1.08093024258959,0.662471331746486,0.0249452514464819
"Spain","sg_lasso","Expenditures","2024-07",0.14325839365942,0.0760991500713161,1.14562909037588,0.163872458961138
"Spain","sg_lasso","Expenditures","2024-08",0.14325839365942,-0.805647579203524,0.0464570738480048,0.104017389657354
"Spain","sg_lasso","Expenditures","2024-09",0.14325839365942,0.627700653624072,-0.152680045416068,0.087243507264497
"Spain","sg_lasso","Expenditures","2024-10",0.144148150443807,0.888505634877766,-0.0414627194581283,0.124665250768258
"Spain","sg_lasso","Expenditures","2024-11",0.144148150443807,-0.17511106889169,-0.124242785896088,0.000372995190402095
"Spain","sg_lasso","Expenditures","2024-12",0.144148150443807,-0.508961148083058,0.0139072391458868,0.0394088575022186
"Spain","sg_lasso","Expenditures","2025-01",0.144453005186032,-1.17921968865017,-0.202602578469664,0.137776528835446
"Spain","sg_lasso","Expenditures","2025-02",0.144453005186032,-0.102253673986198,-0.486511756295851,0.0213291035819024
"Spain","sg_lasso","Expenditures","2025-03",0.144453005186032,-0.226538886821843,-0.41648157325902,0.00521160789749405
"Spain","sg_lasso","Expenditures","2025-04",0.145309545151064,0.222311356562014,0.515218397230352,0.0124667647807311
"Spain","sg_lasso","Expenditures","2025-05",0.145309545151064,0.222311356562014,1.24006498895441,0.150514889974644
"Spain","sg_lasso","Expenditures","2025-06",0.145309545151064,0.0734111595212551,-0.136797910166904,0.00642091681760406
"Spain","sg_lasso","Expenditures","2025-07",0.145780189141354,-1.40607025909252,-0.29775006242391,0.179072544249579
"Spain","sg_lasso","Expenditures","2025-08",0.145780189141354,-0.471605506601955,-0.286226677018124,0.00500978145844978
"Spain","sg_lasso","Expenditures","2025-09",0.145780189141354,-0.448099241644335,-0.112012212493223,0.0164665270861979
"Spain","sg_lasso","Revenues","2013-01",0.130702149539914,1.20009654906195,0.53572268120828,0.0576909663537804
"Spain","sg_lasso","Revenues","2013-02",0.130702149539914,-0.568480125873175,-0.0928261272409032,0.0295709334687922
"Spain","sg_lasso","Revenues","2013-03",0.130702149539914,-0.397762235788739,0.199047716219072,0.0465537685568755
"Spain","sg_lasso","Revenues","2013-04",0.129696534415526,-0.00658425726175113,0.353821046140906,0.0168465400072442
"Spain","sg_lasso","Revenues","2013-05",0.129696534415526,-0.00658425726175113,-0.554357468004658,0.0389161572382159
"Spain","sg_lasso","Revenues","2013-06",0.129696534415526,0.112002449341521,0.684521011519426,0.0425116063331328
"Spain","sg_lasso","Revenues","2013-07",0.129352596003958,-0.00658425726175113,-0.833048184300217,0.0883533364270593
"Spain","sg_lasso","Revenues","2013-08",0.129352596003958,-0.00658425726175113,0.793042459611653,0.0827084232402104
"Spain","sg_lasso","Revenues","2013-09",0.129352596003958,0.11441297838865,0.454496578541477,0.0149605144519212
"Spain","sg_lasso","Revenues","2013-10",0.129325599695006,-0.049434177408745,0.807959428226778,0.0950703256364631
"Spain","sg_lasso","Revenues","2013-11",0.129325599695006,-0.000144425603154207,-0.319259193628653,0.0131697735330971
"Spain","sg_lasso","Revenues","2013-12",0.129325599695006,0.31326731595771,-0.70571079821159,0.134280890735361
"Spain","sg_lasso","Revenues","2014-01",0.129214384626493,-0.00658425726175113,0.220030376643048,0.00663570035601005
"Spain","sg_lasso","Revenues","2014-02",0.129214384626493,-0.00658425726175113,-0.12819811543115,0.00191107176807707
"Spain","sg_lasso","Revenues","2014-03",0.129214384626493,-0.00658425726175113,-0.135242717198802,0.00213888562000034
"Spain","sg_lasso","Revenues","2014-04",0.12973847642557,-0.494760098213793,-0.247112297251871,0.00795678723914587
"Spain","sg_lasso","Revenues","2014-05",0.12973847642557,-0.166932919042359,0.516389258088635,0.0605786827158719
"Spain","sg_lasso","Revenues","2014-06",0.12973847642557,0.23500992872982,-0.329687379977875,0.041371401124841
"Spain","sg_lasso","Revenues","2014-07",0.1301200229548,0.238306242631588,0.329603380731976,0.00108457217671491
"Spain","sg_lasso","Revenues","2014-08",0.1301200229548,-0.275271108184477,-0.14183249648447,0.0023168993143164
"Spain","sg_lasso","Revenues","2014-09",0.1301200229548,-0.170956623205697,-0.33297327301155,0.00341557185578794
"Spain","sg_lasso","Revenues","2014-10",0.130980324120387,-0.114945503769885,0.00171059536959215,0.00178246479403367
"Spain","sg_lasso","Revenues","2014-11",0.130980324120387,0.0921577764850828,-0.0196206225236653,0.00163652193501307
"Spain","sg_lasso","Revenues","2014-12",0.130980324120387,0.0288945226217544,0.116371521095747,0.00100229094506145
"Spain","sg_lasso","Revenues","2015-01",0.132151459207461,0.0044168011624602,-0.00506960004561366,0.0000118925487281315
"Spain","sg_lasso","Revenues","2015-02",0.132151459207461,0.0628987418984664,0.267686205212421,0.00554215535910816
"Spain","sg_lasso","Revenues","2015-03",0.132151459207461,0.0242621878771729,-0.388601452807709,0.0225260601146438
"Spain","sg_lasso","Revenues","2015-04",0.133030174647889,-0.00105817284870776,0.0610517086325716,0.000513182174072821
"Spain","sg_lasso","Revenues","2015-05",0.133030174647889,-0.00618193352518055,-0.292912241345576,0.0109369786198608
"Spain","sg_lasso","Revenues","2015-06",0.133030174647889,-0.000873064439552871,0.816865792067931,0.0889568570714222
"Spain","sg_lasso","Revenues","2015-07",0.133693392987253,-0.0326637251785509,-0.00632190450739117,0.0000927687111754114
"Spain","sg_lasso","Revenues","2015-08",0.133693392987253,-0.162111687478293,0.0335067055885719,0.00511598567027922
"Spain","sg_lasso","Revenues","2015-09",0.133693392987253,-0.0699125928964777,0.0531516158216657,0.00202475962691129
"Spain","sg_lasso","Revenues","2015-10",0.13425315547141,-0.24673422738802,0.156726313849165,0.0218537834679524
"Spain","sg_lasso","Revenues","2015-11",0.13425315547141,-0.256034370036109,-0.070517339130548,0.00462053295599372
"Spain","sg_lasso","Revenues","2015-12",0.13425315547141,-1.0463048726083,-0.411258649725222,0.054142109973042
"Spain","sg_lasso","Revenues","2016-01",0.134426237065714,-0.0886692923402327,0.00623459992660728,0.0012107433449973
"Spain","sg_lasso","Revenues","2016-02",0.134426237065714,0.0889458849664752,0.245886264252117,0.00331095621454759
"Spain","sg_lasso","Revenues","2016-03",0.134426237065714,-0.151008448344968,0.132547191565048,0.0108083804040988
"Spain","sg_lasso","Revenues","2016-04",0.134677638949272,0.132812763681949,0.0189982353186776,0.001744580043534
"Spain","sg_lasso","Revenues","2016-05",0.134677638949272,0.165333290208514,-0.0855074978107355,0.00847406531389588
"Spain","sg_lasso","Revenues","2016-06",0.134677638949272,-0.0970347596235725,0.0664231242971403,0.00359838177791073
"Spain","sg_lasso","Revenues","2016-07",0.135160706782993,-0.260534529093177,0.0137348777891672,0.0101672894795104
"Spain","sg_lasso","Revenues","2016-08",0.135160706782993,-0.197344186445489,0.0304364354412745,0.00701267969307152
"Spain","sg_lasso","Revenues","2016-09",0.135160706782993,0.2632305100084,0.0530276240724776,0.00597211005943816
"Spain","sg_lasso","Revenues","2016-10",0.135258000100181,0.182557574506862,-0.0162505826947175,0.00534602962720395
"Spain","sg_lasso","Revenues","2016-11",0.135258000100181,-0.0675296138966126,0.199377285836437,0.00963568431665272
"Spain","sg_lasso","Revenues","2016-12",0.135258000100181,-0.291289903781676,0.0530066268884707,0.016033496997194
"Spain","sg_lasso","Revenues","2017-01",0.135016725171558,-0.182357790990149,0.0312135725547917,0.00615848106975987
"Spain","sg_lasso","Revenues","2017-02",0.135016725171558,0.0547667243025405,0.0623129627812663,0.00000768862397585899
"Spain","sg_lasso","Revenues","2017-03",0.135016725171558,-0.672435013838314,-0.0168963946938782,0.0580208562833337
"Spain","sg_lasso","Revenues","2017-04",0.135470715362866,0.10677794727139,0.0510719141643747,0.000420387592895651
"Spain","sg_lasso","Revenues","2017-05",0.135470715362866,-0.200029953840495,0.0860112061083387,0.0110841523168593
"Spain","sg_lasso","Revenues","2017-06",0.135470715362866,-0.413372630538032,-0.178238701134915,0.00748990013652672
"Spain","sg_lasso","Revenues","2017-07",0.135498381974982,-0.138979387045779,0.0582430616009815,0.00527043913508092
"Spain","sg_lasso","Revenues","2017-08",0.135498381974982,0.458591610266192,0.0861132343063473,0.0187990645605477
"Spain","sg_lasso","Revenues","2017-09",0.135498381974982,-0.615612524149467,-0.0352792063904694,0.0456340610101051
"Spain","sg_lasso","Revenues","2017-10",0.135297043027097,-0.142333038876804,-0.0498902616281129,0.00115620348464959
"Spain","sg_lasso","Revenues","2017-11",0.135297043027097,-0.796425631733048,0.0870924765601552,0.105613446485767
"Spain","sg_lasso","Revenues","2017-12",0.135297043027097,-0.0297129045118046,0.0657504575516384,0.00123299625042685
"Spain","sg_lasso","Revenues","2018-01",0.136139789192537,-0.165556908965018,-0.0333098126824743,0.00238098886297508
"Spain","sg_lasso","Revenues","2018-02",0.136139789192537,0.399184035009821,-0.16011795571637,0.0425870741647544
"Spain","sg_lasso","Revenues","2018-03",0.136139789192537,-0.245266286034856,0.290107777665934,0.0390211199109165
"Spain","sg_lasso","Revenues","2018-04",0.136326324555895,0.39863074806583,0.13226095834808,0.00967274328502139
"Spain","sg_lasso","Revenues","2018-05",0.136326324555895,0.396309666639979,0.241946114971762,0.00324839812350874
"Spain","sg_lasso","Revenues","2018-06",0.136326324555895,-0.592618841061221,-0.249131359222494,0.0160842773867155
"Spain","sg_lasso","Revenues","2018-07",0.137169728626403,-0.611763462763739,-0.284712090304681,0.0146720308463605
"Spain","sg_lasso","Revenues","2018-08",0.137169728626403,-0.413899339497543,-0.202225087240773,0.00614602536135864
"Spain","sg_lasso","Revenues","2018-09",0.137169728626403,0.46549581310096,-0.0102279643690116,0.0310433082194043
"Spain","sg_lasso","Revenues","2018-10",0.137270995138271,-0.0117811842589498,0.295394581007241,0.0129524725299811
"Spain","sg_lasso","Revenues","2018-11",0.137270995138271,-0.0213024921747184,0.113068543918854,0.00247850679483388
"Spain","sg_lasso","Revenues","2018-12",0.137270995138271,-0.0196435795901869,0.236819093452517,0.00902873925604761
"Spain","sg_lasso","Revenues","2019-01",0.137233705228452,-0.0852266028393048,-0.214910513859093,0.00230798503358473
"Spain","sg_lasso","Revenues","2019-02",0.137233705228452,-0.0852266028393049,0.0519090367186598,0.00258084226170835
"Spain","sg_lasso","Revenues","2019-03",0.137233705228452,-0.00658425726175113,0.0209359221320253,0.000103935356575416
"Spain","sg_lasso","Revenues","2019-04",0.137236187201653,0.0597009017357851,0.0844174532946536,0.000083838673804142
"Spain","sg_lasso","Revenues","2019-05",0.137236187201653,0.0597009017357846,0.253864355014804,0.00517372830951883
"Spain","sg_lasso","Revenues","2019-06",0.137236187201653,0.086819087955798,-0.120904649483628,0.00592162497737612
"Spain","sg_lasso","Revenues","2019-07",0.137407349878667,-0.505312977741138,-0.0187948853093824,0.0325242996910053
"Spain","sg_lasso","Revenues","2019-08",0.137407349878667,-0.440275689951897,-0.0863575282034265,0.0172113787921797
"Spain","sg_lasso","Revenues","2019-09",0.137407349878667,0.456649346078347,0.192093930613958,0.00961708103763266
"Spain","sg_lasso","Revenues","2019-10",0.138526740147657,0.654416005441758,0.0359209393964183,0.0529914853941039
"Spain","sg_lasso","Revenues","2019-11",0.138526740147657,0.689743500996208,-0.032970569595486,0.0723546812516351
"Spain","sg_lasso","Revenues","2019-12",0.138526740147657,-0.325145336086021,-0.051271405065753,0.0103904655141965
"Spain","sg_lasso","Revenues","2020-01",0.136852163522222,-0.0367141368518701,0.141496148638065,0.0043462749772738
"Spain","sg_lasso","Revenues","2020-02",0.136852163522222,-0.0367141368518703,0.0134660166617934,0.000344600290193104
"Spain","sg_lasso","Revenues","2020-03",0.136852163522222,-0.0474173769008036,0.0862915040266301,0.00244665185278947
"Spain","sg_lasso","Revenues","2020-04",0.127392455519574,-0.752037985337826,-0.057390534007841,0.0614713289243615
"Spain","sg_lasso","Revenues","2020-05",0.127392455519574,-1.05234134145059,0.183555668353453,0.194584513008658
"Spain","sg_lasso","Revenues","2020-06",0.127392455519574,-0.378296648279545,-0.335990432195634,0.000228009044892558
"Spain","sg_lasso","Revenues","2020-07",0.131328592958428,-3.03910304257191,-3.02015382449282,0.0000471565342362545
"Spain","sg_lasso","Revenues","2020-08",0.131328592958428,0.669248609600222,-3.10396647146436,1.86974514619552
"Spain","sg_lasso","Revenues","2020-09",0.131328592958428,8.53929139570711,3.34310199177308,3.54592248228678
"Spain","sg_lasso","Revenues","2020-10",0.131613129096747,1.84261462697767,2.76115697062068,0.111044634159773
"Spain","sg_lasso","Revenues","2020-11",0.131613129096747,1.90321344313804,0.703776366325213,0.189345136208163
"Spain","sg_lasso","Revenues","2020-12",0.131613129096747,-0.926633400033042,-3.3451629432474,0.769842721754983
"Spain","sg_lasso","Revenues","2021-01",0.132730787008982,-0.0304660350363099,-2.23149669086627,0.643019069058505
"Spain","sg_lasso","Revenues","2021-02",0.132730787008982,-0.0288854512054339,-0.403659186370632,0.0186427494861968
"Spain","sg_lasso","Revenues","2021-03",0.132730787008982,-0.0121327766630395,0.274574872827117,0.0109106400932788
"Spain","sg_lasso","Revenues","2021-04",0.131987405632924,-0.019820385542674,-0.0961852431179299,0.000769696629164924
"Spain","sg_lasso","Revenues","2021-05",0.131987405632924,0.0409476094385125,0.536206434002393,0.0323740428739376
"Spain","sg_lasso","Revenues","2021-06",0.131987405632924,-0.0183632122704188,-0.133849230546993,0.00176031872376297
"Spain","sg_lasso","Revenues","2021-07",0.132499305573378,-0.00527288317465181,0.879316700036937,0.103680538433305
"Spain","sg_lasso","Revenues","2021-08",0.132499305573378,-0.0834125099412616,0.132189217611006,0.00615911162256672
"Spain","sg_lasso","Revenues","2021-09",0.132499305573378,0.0293278724404769,0.113516603267652,0.000939120945856484
"Spain","sg_lasso","Revenues","2021-10",0.133909508186402,0.0484764644880959,0.360860301110207,0.0130673801027924
"Spain","sg_lasso","Revenues","2021-11",0.133909508186402,0.874688836960313,0.550993695355402,0.0140308433890795
"Spain","sg_lasso","Revenues","2021-12",0.133909508186402,0.0378859978324967,-0.069620009331754,0.00154766470833961
"Spain","sg_lasso","Revenues","2022-01",0.135210635356281,1.15362564336645,-0.158887712965181,0.232926186622064
"Spain","sg_lasso","Revenues","2022-02",0.135210635356281,-0.40903779042143,-0.999758957400984,0.047181953633808
"Spain","sg_lasso","Revenues","2022-03",0.135210635356281,0.296032322334645,0.664841026081708,0.0183913316862084
"Spain","sg_lasso","Revenues","2022-04",0.136527248633957,-0.385577706606212,0.142316279961645,0.0380463297669257
"Spain","sg_lasso","Revenues","2022-05",0.136527248633957,-0.19119369177576,0.134911821414237,0.0145189637332271
"Spain","sg_lasso","Revenues","2022-06",0.136527248633957,0.855926053079099,0.0202331731292608,0.0953482534517898
"Spain","sg_lasso","Revenues","2022-07",0.13708397011194,0.0188073333462951,0.140838622717924,0.00204140452754832
"Spain","sg_lasso","Revenues","2022-08",0.13708397011194,1.53296166181958,0.229441561199311,0.232928236468881
"Spain","sg_lasso","Revenues","2022-09",0.13708397011194,-5.96793224100416,-0.747223026943135,3.73633391656758
"Spain","sg_lasso","Revenues","2022-10",0.137846044276832,0.928394763538766,0.549427234505976,0.0197969509875653
"Spain","sg_lasso","Revenues","2022-11",0.137846044276832,-1.84174941459802,-0.355035417378066,0.304683663130537
"Spain","sg_lasso","Revenues","2022-12",0.137846044276832,0.613089291550078,0.112134065883692,0.0345933109271712
"Spain","sg_lasso","Revenues","2023-01",0.138507740591876,-0.421631108709736,0.210264595332919,0.0553050577968882
"Spain","sg_lasso","Revenues","2023-02",0.138507740591876,0.345240991064434,0.364743095683339,0.0000526789377079338
"Spain","sg_lasso","Revenues","2023-03",0.138507740591876,-0.0475369673452045,-0.0634414279437263,0.0000350357915669617
"Spain","sg_lasso","Revenues","2023-04",0.138373498100125,-0.259168601362884,-0.498040019181721,0.00789553012171449
"Spain","sg_lasso","Revenues","2023-05",0.138373498100125,-0.0431586241748046,-0.00854638422815861,0.00016577244066514
"Spain","sg_lasso","Revenues","2023-06",0.138373498100125,0.140562045537909,-0.0706152345832432,0.00617088288510551
"Spain","sg_lasso","Revenues","2023-07",0.139199349519316,0.301230339133735,0.553418080138196,0.00885289164474255
"Spain","sg_lasso","Revenues","2023-08",0.139199349519316,-0.154544677638765,-0.464043367448484,0.0133338275987757
"Spain","sg_lasso","Revenues","2023-09",0.139199349519316,0.0783671245330474,0.154345449866932,0.000803556909105691
"Spain","sg_lasso","Revenues","2023-10",0.140040923213845,0.315033293307777,-0.203364651510907,0.0376340976452727
"Spain","sg_lasso","Revenues","2023-11",0.140040923213845,0.007248143364852,0.459668684174445,0.028664184745754
"Spain","sg_lasso","Revenues","2023-12",0.140040923213845,0.100763646957997,0.0610449668518858,0.000220924856291741
"Spain","sg_lasso","Revenues","2024-01",0.141350108758159,-0.161892835286663,0.0626691642952849,0.0071280162400763
"Spain","sg_lasso","Revenues","2024-02",0.141350108758159,-0.103905843033591,0.114653913142202,0.00675206387342321
"Spain","sg_lasso","Revenues","2024-03",0.141350108758159,-0.419603925963871,-0.170273676516249,0.00878711054550015
"Spain","sg_lasso","Revenues","2024-04",0.142456491886571,-0.3235178474065,-0.302653158620536,0.0000620163308193353
"Spain","sg_lasso","Revenues","2024-05",0.142456491886571,0.524883131889552,-0.793070143111982,0.247447045370577
"Spain","sg_lasso","Revenues","2024-06",0.142456491886571,0.611510716183505,-0.337362351071707,0.12826214096187
"Spain","sg_lasso","Revenues","2024-07",0.14325839365942,-0.332429394740253,0.0521116991962831,0.0211838841176076
"Spain","sg_lasso","Revenues","2024-08",0.14325839365942,-0.0486238563660745,0.880318964902148,0.123622648293382
"Spain","sg_lasso","Revenues","2024-09",0.14325839365942,-0.896551720161972,-0.243805446519762,0.061039206554312
"Spain","sg_lasso","Revenues","2024-10",0.144148150443807,0.469998912541809,0.258717490875427,0.0064347502483372
"Spain","sg_lasso","Revenues","2024-11",0.144148150443807,0.286914605655972,-0.319413566449216,0.0529937398479073
"Spain","sg_lasso","Revenues","2024-12",0.144148150443807,0.162517156723198,0.12717339228518,0.000180067229410583
"Spain","sg_lasso","Revenues","2025-01",0.144453005186032,0.514658361500672,0.165299441697856,0.0176307283304027
"Spain","sg_lasso","Revenues","2025-02",0.144453005186032,0.0348264752365414,0.195291577268778,0.00371952750443003
"Spain","sg_lasso","Revenues","2025-03",0.144453005186032,-0.0147971141546272,-0.128428671559361,0.00186519610293687
"Spain","sg_lasso","Revenues","2025-04",0.145309545151064,-0.457140014457363,-0.0846221928249721,0.0201645369122251
"Spain","sg_lasso","Revenues","2025-05",0.145309545151064,-0.706135186267245,-0.060828340471458,0.0605099352366886
"Spain","sg_lasso","Revenues","2025-06",0.145309545151064,-0.210946640529878,-0.144207489802649,0.000647225314235025
"Spain","sg_lasso","Revenues","2025-07",0.145780189141354,0.139411372638786,-0.276049816908537,0.0251628268902375
"Spain","sg_lasso","Revenues","2025-08",0.145780189141354,0.454941210242605,0.153655522722344,0.0132329146581947
"Spain","sg_lasso","Revenues","2025-09",0.145780189141354,0.427580100293997,0.374033433509699,0.000417987594760933
"France","factor_midas","Total","2013-01",0.274936757393156,-0.311723955328374,-1.78030226746959,0.592962224457284
"France","factor_midas","Total","2013-06",0.275505298641831,-0.0443934888073339,0.694331541151111,0.150347283100475
"France","factor_midas","Total","2013-07",0.274379620185005,-0.0803552295814671,-0.0949427260538443,0.0000583866259103774
"France","factor_midas","Total","2013-08",0.274379620185005,0.053378294013763,0.35502035321867,0.0249652341910313
"France","factor_midas","Total","2013-09",0.274379620185005,-0.0883801452426017,-0.0213337585682289,0.00123339619818445
"France","factor_midas","Total","2013-10",0.275394561632496,-0.291617775693153,-0.13533564842677,0.00672626522237055
"France","factor_midas","Total","2013-11",0.275394561632496,0.385299341079084,1.10197927147308,0.141450942462808
"France","factor_midas","Total","2013-12",0.275394561632496,-0.0926952885563655,-0.159563755851547,0.00123139701725672
"France","factor_midas","Total","2014-01",0.27414536946221,-0.0510808719170179,0.192403844720395,0.0162526553832094
"France","factor_midas","Total","2014-02",0.27414536946221,-0.0719750584964045,-0.423475321570533,0.0338713279249058
"France","factor_midas","Total","2014-03",0.27414536946221,0.543665284780391,0.0163900734757484,0.0762176621711365
"France","factor_midas","Total","2014-04",0.274446023440493,-0.32386641291118,0.553265898404787,0.211148092166967
"France","factor_midas","Total","2014-05",0.274446023440493,-2.19092763581809,-1.10478090571944,0.323768013507194
"France","factor_midas","Total","2014-06",0.274446023440493,0.276052451717504,-0.103687577118929,0.0395757998136853
"France","factor_midas","Total","2014-07",0.27488328113953,0.388908857178145,0.359442913546236,0.00023866516418518
"France","factor_midas","Total","2014-08",0.27488328113953,-0.293705306150644,0.236334315480811,0.077226258907128
"France","factor_midas","Total","2014-09",0.27488328113953,-1.10285638145685,-0.18339421264789,0.23238926159331
"France","factor_midas","Total","2014-10",0.273198398360045,0.454214188823227,-0.425867816017222,0.211604271847502
"France","factor_midas","Total","2014-11",0.273198398360045,-0.172098294715554,-0.0408754316725597,0.00470432336997401
"France","factor_midas","Total","2014-12",0.273198398360045,-0.0271211162386684,-0.534397209770135,0.0703018802322624
"France","factor_midas","Total","2015-01",0.273958617682933,0.200554775050662,0.363589660993363,0.00728192252794573
"France","factor_midas","Total","2015-02",0.273958617682933,0.176647523662589,-0.254982132247077,0.0510396301040167
"France","factor_midas","Total","2015-03",0.273958617682933,-0.184184024681404,-0.283166656892608,0.00268412639957598
"France","factor_midas","Total","2015-04",0.272865085964972,-0.35210426489606,-0.213976648011381,0.00520605806606617
"France","factor_midas","Total","2015-05",0.272865085964972,-0.154119357380397,-0.680368941582101,0.0755668816828467
"France","factor_midas","Total","2015-06",0.272865085964972,0.0713003373187665,0.458568619076539,0.0409234111564509
"France","factor_midas","Total","2015-07",0.272518600589433,0.266197947396792,-0.10033859328196,0.0366126111866262
"France","factor_midas","Total","2015-08",0.272518600589433,-0.172112299501701,-0.074950218343242,0.00257270367740601
"France","factor_midas","Total","2015-09",0.272518600589433,-0.34963367458959,-0.173743623291825,0.0084309924668612
"France","factor_midas","Total","2015-10",0.271829635161201,0.0557316055153674,0.0399449533731234,0.0000677449429038465
"France","factor_midas","Total","2015-11",0.271829635161201,0.305720285823146,-0.674530791888273,0.261198969455839
"France","factor_midas","Total","2015-12",0.271829635161201,-0.381684566728115,-1.85069159775122,0.586603366559969
"France","factor_midas","Total","2016-01",0.27116748092685,0.0353799330720826,-0.168700200558925,0.0112937733185483
"France","factor_midas","Total","2016-02",0.27116748092685,0.240241188172374,0.329867253901161,0.00217824272541496
"France","factor_midas","Total","2016-03",0.27116748092685,0.163673126032535,0.1475641782716,0.0000703674726471011
"France","factor_midas","Total","2016-04",0.27024149176571,-0.34067982327786,-0.0738096307573826,0.0192465178781207
"France","factor_midas","Total","2016-05",0.27024149176571,0.281026901535762,0.173891315961611,0.0031018409486296
"France","factor_midas","Total","2016-06",0.27024149176571,-0.141203354757693,-0.0468443576196519,0.00240612764303948
"France","factor_midas","Total","2016-07",0.269542404976246,-0.388526314856524,-0.221639243262767,0.0075071049457438
"France","factor_midas","Total","2016-08",0.269542404976246,0.177127226074562,0.181166972517313,0.00000439881111138821
"France","factor_midas","Total","2016-09",0.269542404976246,-0.0628929108170792,0.110580781371245,0.00811137244516916
"France","factor_midas","Total","2016-10",0.269854454376294,0.00173327569573699,0.6585577636888,0.11642017910611
"France","factor_midas","Total","2016-11",0.269854454376294,-0.45688863353687,-0.395905924184782,0.00100355925849193
"France","factor_midas","Total","2016-12",0.269854454376294,0.0258989889228061,0.407250844304075,0.0392447275636468
"France","factor_midas","Total","2017-01",0.269323466416481,0.0231094250612976,-0.043647392750447,0.00120023268211257
"France","factor_midas","Total","2017-02",0.269323466416481,-0.158861034249507,-0.0111054403030428,0.00587979330771724
"France","factor_midas","Total","2017-03",0.269323466416481,-0.293473116305249,-0.269711415134522,0.000152064996144023
"France","factor_midas","Total","2017-04",0.269412631574325,0.222334628992504,-0.00488526280728759,0.013909472218455
"France","factor_midas","Total","2017-05",0.269412631574325,-0.0337447900994377,0.277996527442225,0.0261822332273224
"France","factor_midas","Total","2017-06",0.269412631574325,-0.266282514043337,0.0319959934680914,0.0239696601628774
"France","factor_midas","Total","2017-07",0.269737143813941,-0.0543580461501181,0.0187814979782601,0.00144292996611344
"France","factor_midas","Total","2017-08",0.269737143813941,-0.0898144226681807,0.13804042852869,0.014004168044139
"France","factor_midas","Total","2017-09",0.269737143813941,-0.0636401132305837,-0.0516764936638822,0.0000386069900159604
"France","factor_midas","Total","2017-10",0.269272277455705,-0.306980026336346,-0.0603095501124401,0.0163842281953465
"France","factor_midas","Total","2017-11",0.269272277455705,-0.0703463228181244,0.18399116696649,0.0174185662568749
"France","factor_midas","Total","2017-12",0.269272277455705,-0.0891787237422016,0.0610224937261819,0.00607489183096843
"France","factor_midas","Total","2018-01",0.269743419302901,0.098027157501582,0.0261806745610718,0.00139239317165799
"France","factor_midas","Total","2018-02",0.269743419302901,-0.359913570138792,-0.188904430865323,0.00788841046490221
"France","factor_midas","Total","2018-03",0.269743419302901,-0.0267847845168196,0.0323858250321431,0.000944415148948003
"France","factor_midas","Total","2018-04",0.268966762356917,-0.185115658908063,0.0861225448864014,0.0197879286013412
"France","factor_midas","Total","2018-05",0.268966762356917,0.114549978540403,0.337594563682598,0.0133807970568287
"France","factor_midas","Total","2018-06",0.268966762356917,0.377538495642918,0.0841893198269053,0.0231455955546091
"France","factor_midas","Total","2018-07",0.270524479717079,-0.0795079155547609,-0.00283702992854674,0.00159025778425611
"France","factor_midas","Total","2018-08",0.270524479717079,-0.149001858941828,0.30896210736438,0.0567373681500508
"France","factor_midas","Total","2018-09",0.270524479717079,-0.109558793507546,-0.00241819425672061,0.00310537972143326
"France","factor_midas","Total","2018-10",0.271142703463662,-0.0709395640626355,0.0624755979991913,0.00482623314717562
"France","factor_midas","Total","2018-11",0.271142703463662,-0.197381559999313,-0.117414045726722,0.00173390426543782
"France","factor_midas","Total","2018-12",0.271142703463662,-0.125417313939131,-0.123700788356247,0.00000079891115084312
"France","factor_midas","Total","2019-01",0.271946750552855,-0.0346710055165615,0.0301896161027077,0.00114405284930813
"France","factor_midas","Total","2019-02",0.271946750552855,0.00155868086026545,0.0169985814744793,0.0000648295302617108
"France","factor_midas","Total","2019-03",0.271946750552855,-0.126287769600129,-0.00271438437775627,0.00415273063823174
"France","factor_midas","Total","2019-04",0.272620739257298,0.00902752972650777,0.043105737187616,0.000316601068399496
"France","factor_midas","Total","2019-05",0.272620739257298,-0.0765429901988453,0.0283767218333262,0.00300104889298801
"France","factor_midas","Total","2019-06",0.272620739257298,-0.0171119005089769,0.0587259629869199,0.0015679458870826
"France","factor_midas","Total","2019-07",0.272427948044767,-0.1394951999592,-0.012661953633251,0.00438245914560255
"France","factor_midas","Total","2019-08",0.272427948044767,0.0473245842589295,-0.274982084128267,0.0283002479911046
"France","factor_midas","Total","2019-09",0.272427948044767,-0.144767393562584,0.0634082820222227,0.0118062404705176
"France","factor_midas","Total","2019-10",0.271711232612818,-0.0437328912854095,-0.00301225821852812,0.000450543402997893
"France","factor_midas","Total","2019-11",0.271711232612818,-0.121337807030653,-0.105777607873495,0.0000657866687030375
"France","factor_midas","Total","2019-12",0.271711232612818,-0.0943346565392981,-0.0502443717671593,0.000528193923180791
"France","factor_midas","Total","2020-01",0.268751107912543,-0.0903624187126635,0.0100849637752735,0.0027116117778115
"France","factor_midas","Total","2020-02",0.268751107912543,-0.239719578009913,-0.0475594120272787,0.00992377693394691
"France","factor_midas","Total","2020-03",0.268751107912543,0.606212414380522,-0.414219934760813,0.279845739302628
"France","factor_midas","Total","2020-04",0.267258526083296,-0.63591968108196,0.536764708117697,0.367530898813951
"France","factor_midas","Total","2020-05",0.267258526083296,2.67123330313271,0.493843943993312,1.2670791989598
"France","factor_midas","Total","2020-06",0.267258526083296,0.782639502395093,-0.242711933453617,0.280981066639828
"France","factor_midas","Total","2020-07",0.274080020634986,2.12506042573479,-0.0468907871021887,1.29293743454725
"France","factor_midas","Total","2020-08",0.274080020634986,8.06231016207797,3.92527407674479,4.69089807312449
"France","factor_midas","Total","2020-09",0.274080020634986,-2.80356102884569,-0.583597179443734,1.35073198184009
"France","factor_midas","Total","2020-10",0.272432256143419,4.00764764761067,2.13133120963964,0.95911502325619
"France","factor_midas","Total","2020-11",0.272432256143419,-0.176374370773903,-0.190636238659044,0.0000554129594339582
"France","factor_midas","Total","2020-12",0.272432256143419,-1.20418995993134,-0.155557390583916,0.299574754152712
"France","factor_midas","Total","2021-01",0.272628381167368,-2.04731058485886,0.182724447451357,1.35579627361881
"France","factor_midas","Total","2021-02",0.272628381167368,2.84865029260311,-0.14581195332333,2.44460529755433
"France","factor_midas","Total","2021-03",0.272628381167368,0.62327940118389,-0.140762969592467,0.159149746718897
"France","factor_midas","Total","2021-04",0.270643500195637,-1.57478440739409,-0.39318141302603,0.37786856753099
"France","factor_midas","Total","2021-05",0.270643500195637,1.39279938419353,0.529616176222788,0.201652480145594
"France","factor_midas","Total","2021-06",0.270643500195637,-0.300069895963598,-0.171096743281659,0.00450190404037981
"France","factor_midas","Total","2021-07",0.2744524155833,-0.455728859492945,0.220350377783575,0.125447570544106
"France","factor_midas","Total","2021-08",0.2744524155833,0.557231800594913,-0.187171361639821,0.152083982409357
"France","factor_midas","Total","2021-09",0.2744524155833,-0.546659615648052,-0.0872654923028661,0.0579212503186662
"France","factor_midas","Total","2021-10",0.273354798156717,0.0442476486655866,-0.0860468178341409,0.00464064818754026
"France","factor_midas","Total","2021-11",0.273354798156717,-0.117843248450936,0.399070633677473,0.0730403915534464
"France","factor_midas","Total","2021-12",0.273354798156717,-1.10835244260487,-0.646293670776071,0.0583607870606983
"France","factor_midas","Total","2022-01",0.271503156932644,0.385865547515126,2.65119238488218,1.39327429259508
"France","factor_midas","Total","2022-02",0.271503156932644,0.521177040922947,-2.05374525684217,1.80012697510509
"France","factor_midas","Total","2022-03",0.271503156932644,0.154462933372076,0.743400611149625,0.0941702151995562
"France","factor_midas","Total","2022-04",0.270661407669894,-0.581855862049675,-1.72568799599147,0.354120380687293
"France","factor_midas","Total","2022-05",0.270661407669894,0.292742503659383,0.204808603036004,0.00209285438669317
"France","factor_midas","Total","2022-06",0.270661407669894,-0.133379862924779,0.36662550480261,0.0676668047619232
"France","factor_midas","Total","2022-07",0.271083235349986,0.511880189944219,-0.56455639885055,0.314108408856944
"France","factor_midas","Total","2022-08",0.271083235349986,-0.614662673956475,-0.0289354606340291,0.0930022519251734
"France","factor_midas","Total","2022-09",0.271083235349986,-0.490589171816311,0.346383597522428,0.189900154214301
"France","factor_midas","Total","2022-10",0.272057124717422,0.799048546943918,-0.363852840705401,0.36791363339155
"France","factor_midas","Total","2022-11",0.272057124717422,-1.3096689707235,-0.194855319649979,0.338115172780766
"France","factor_midas","Total","2022-12",0.272057124717422,-0.0455787272806072,-0.170462934721219,0.00424302067373633
"France","factor_midas","Total","2023-01",0.272227859889301,-0.0204933384472107,0.629170436310876,0.114897312736424
"France","factor_midas","Total","2023-02",0.272227859889301,-0.853251261917685,-0.259660770780737,0.0959193969148189
"France","factor_midas","Total","2023-03",0.272227859889301,0.299497590026642,0.0308008159249081,0.0196542951626044
"France","factor_midas","Total","2023-04",0.273963578603463,-0.539520521240657,-0.194169137420847,0.0326749725641511
"France","factor_midas","Total","2023-05",0.273963578603463,0.489933569254458,0.190828521476597,0.0245098309144839
"France","factor_midas","Total","2023-06",0.273963578603463,-0.464193975515808,0.014626818489345,0.0628114523494415
"France","factor_midas","Total","2023-07",0.274105777340174,0.885295945131262,0.277573367449912,0.101234590809389
"France","factor_midas","Total","2023-08",0.274105777340174,-1.2342195984959,-0.323205130963402,0.227493366278893
"France","factor_midas","Total","2023-09",0.274105777340174,0.822915378823944,0.137767741384161,0.128672730884094
"France","factor_midas","Total","2023-10",0.274695234743022,-0.360781728106449,-0.111725106656854,0.0170391258438811
"France","factor_midas","Total","2023-11",0.274695234743022,0.16881423535336,-0.158975720367729,0.029514974259161
"France","factor_midas","Total","2023-12",0.274695234743022,0.308599450258159,0.195375045560863,0.00352152858101647
"France","factor_midas","Total","2024-01",0.274663950215514,-0.505406852029481,0.0471994628147697,0.0838751575023315
"France","factor_midas","Total","2024-02",0.274663950215514,0.305166295845066,0.146685589933056,0.00689849661878443
"France","factor_midas","Total","2024-03",0.274663950215514,-0.594858142481751,-0.174164126386962,0.0486109749219694
"France","factor_midas","Total","2024-04",0.274845715358176,0.836515396831928,0.467017133801874,0.0375244014324356
"France","factor_midas","Total","2024-05",0.274845715358176,-0.911863592563032,-0.356679260585713,0.0847155965801145
"France","factor_midas","Total","2024-06",0.274845715358176,-0.539144354083996,-0.111906486545795,0.0501681918367144
"France","factor_midas","Total","2024-07",0.275185511913839,-1.16857057346311,-0.293029806351741,0.210949407761421
"France","factor_midas","Total","2024-08",0.275185511913839,0.235456150160224,0.0680365693561034,0.00771326168213413
"France","factor_midas","Total","2024-09",0.275185511913839,-0.460427284810032,-0.177671104856687,0.0220013726316509
"France","factor_midas","Total","2024-10",0.274470951406687,0.446399431701063,0.269408525115651,0.00859801691844984
"France","factor_midas","Total","2024-11",0.274470951406687,-0.392928576646574,-0.0872599687441593,0.0256447261558753
"France","factor_midas","Total","2024-12",0.274470951406687,0.0294330799694132,0.124801722197469,0.00249636213703157
"France","factor_midas","Total","2025-01",0.274060826203008,-0.136729266579531,0.0481068544588661,0.00936312139972438
"France","factor_midas","Total","2025-02",0.274060826203008,-1.25851560097091,-0.66521715916218,0.0964702442568644
"France","factor_midas","Total","2025-03",0.274060826203008,0.0466129144474971,-0.0418425024899269,0.0021443507814047
"France","factor_midas","Total","2025-04",0.274661142396851,0.131185591919937,-0.123476301068838,0.0178125111050575
"France","factor_midas","Total","2025-05",0.274661142396851,-0.59632140089111,-0.0130151463097623,0.0934524063169894
"France","factor_midas","Total","2025-06",0.274661142396851,-0.0256654724253357,0.0256709021498007,0.000723848389251448
"France","factor_midas","Total","2025-07",0.275442830913898,-0.264282405742803,-0.0451733758584391,0.0132236706847939
"France","factor_midas","Total","2025-08",0.275442830913898,0.271095047963024,0.187649057687728,0.00191797269054464
"France","factor_midas","Total","2025-09",0.275442830913898,-0.200437598783963,-0.0249622502362173,0.00848132490714673
"France","sg_lasso","Total","2013-01",0.274936757393156,0.208550103229991,-0.0193977508685647,0.0142857755517077
"France","sg_lasso","Total","2013-02",0.274936757393156,0.167991932589655,0.198712223980936,0.000259467799026453
"France","sg_lasso","Total","2013-03",0.274936757393156,-0.176963365324896,0.119468330016068,0.0241591740122094
"France","sg_lasso","Total","2013-04",0.275505298641831,0.780737399731999,0.744560750177386,0.000360567552158119
"France","sg_lasso","Total","2013-05",0.275505298641831,-0.207436187780155,-0.0825026399144141,0.004300194529105
"France","sg_lasso","Total","2013-06",0.275505298641831,-0.0327938064092014,0.841092862134353,0.210397310511438
"France","sg_lasso","Total","2013-07",0.274379620185005,0.0264922108388693,-0.94379654962699,0.258317513685236
"France","sg_lasso","Total","2013-08",0.274379620185005,0.342310947007962,0.508097597899731,0.00754138247208817
"France","sg_lasso","Total","2013-09",0.274379620185005,0.0407493470799068,0.296792551282544,0.0179878127291898
"France","sg_lasso","Total","2013-10",0.275394561632496,2.16445644451067,0.661779952031515,0.621851010911932
"France","sg_lasso","Total","2013-11",0.275394561632496,-0.854855115202379,0.0295367788960508,0.215399587140539
"France","sg_lasso","Total","2013-12",0.275394561632496,-1.61845046951034,-0.53059354801862,0.325910924581114
"France","sg_lasso","Total","2014-01",0.27414536946221,-0.0654624842620527,0.244508426235566,0.0263404258908257
"France","sg_lasso","Total","2014-02",0.27414536946221,-1.2605430253424,-0.178456972415756,0.320999616496952
"France","sg_lasso","Total","2014-03",0.27414536946221,-0.730984039827803,-0.11210088274349,0.105002162104184
"France","sg_lasso","Total","2014-04",0.274446023440493,-0.678378506904503,-0.16221565363924,0.0731190323486554
"France","sg_lasso","Total","2014-05",0.274446023440493,1.51347891510287,0.456511828261782,0.306605450020045
"France","sg_lasso","Total","2014-06",0.274446023440493,-0.842696054932885,-0.162532213602192,0.126965001824398
"France","sg_lasso","Total","2014-07",0.27488328113953,0.471926602856097,0.197426880490357,0.0207124820566631
"France","sg_lasso","Total","2014-08",0.27488328113953,-0.793671100716464,-0.13216962349223,0.120284581872013
"France","sg_lasso","Total","2014-09",0.27488328113953,-0.850057540377687,-0.250777934120696,0.0987204948306737
"France","sg_lasso","Total","2014-10",0.273198398360045,-0.0834217957911417,-0.0674398688660309,0.0000697808780929916
"France","sg_lasso","Total","2014-11",0.273198398360045,0.0441943693390744,-0.0343839943457736,0.00168687969478008
"France","sg_lasso","Total","2014-12",0.273198398360045,0.0233442617452005,0.084298211235668,0.00101503694675111
"France","sg_lasso","Total","2015-01",0.273958617682933,0.176514113888802,0.0566198642198223,0.00393805406686836
"France","sg_lasso","Total","2015-02",0.273958617682933,0.0968833839090278,0.218346691706547,0.00404180330147289
"France","sg_lasso","Total","2015-03",0.273958617682933,0.195260033702037,-0.291112333351328,0.0648071244432196
"France","sg_lasso","Total","2015-04",0.272865085964972,0.158442553915681,-0.0148905860729054,0.00819806162700925
"France","sg_lasso","Total","2015-05",0.272865085964972,0.0798889703367188,-0.204991683999168,0.0221449082930362
"France","sg_lasso","Total","2015-06",0.272865085964972,-0.0375177936612872,0.544924150922985,0.0925663748845314
"France","sg_lasso","Total","2015-07",0.272518600589433,0.110552587852322,-0.00042045642195648,0.00335607107794084
"France","sg_lasso","Total","2015-08",0.272518600589433,0.0821231998677375,0.0131731699703783,0.00129558248391115
"France","sg_lasso","Total","2015-09",0.272518600589433,0.120995053971715,0.0381111557060649,0.00187213209246541
"France","sg_lasso","Total","2015-10",0.271829635161201,-0.059759136236191,0.0694175767459447,0.00453591869024076
"France","sg_lasso","Total","2015-11",0.271829635161201,-0.456977157419263,-0.17125937626655,0.0221907172529105
"France","sg_lasso","Total","2015-12",0.271829635161201,-0.157200528753735,-0.305694424732479,0.00599396228371199
"France","sg_lasso","Total","2016-01",0.27116748092685,0.137345630701177,0.00813337160583847,0.00452736017042286
"France","sg_lasso","Total","2016-02",0.27116748092685,0.0302304605332714,0.147019505434948,0.00369863793986877
"France","sg_lasso","Total","2016-03",0.27116748092685,-0.0981125141514148,0.0390238332562193,0.00509967808804462
"France","sg_lasso","Total","2016-04",0.27024149176571,0.0401573195336254,0.0234404760017701,0.0000755197571345348
"France","sg_lasso","Total","2016-05",0.27024149176571,0.00196096661839692,-0.0397467583189056,0.000470094349464652
"France","sg_lasso","Total","2016-06",0.27024149176571,0.217231439096243,0.0614000321347683,0.0065623896445693
"France","sg_lasso","Total","2016-07",0.269542404976246,-0.0194036646163007,-0.0231505119827234,0.0000037840694857137
"France","sg_lasso","Total","2016-08",0.269542404976246,0.104329318322501,0.0275809462494549,0.00158768902854158
"France","sg_lasso","Total","2016-09",0.269542404976246,0.0747199990955432,0.0121738210249686,0.00105445646273949
"France","sg_lasso","Total","2016-10",0.269854454376294,0.0280767839718509,0.0445733403732073,0.0000734372124796894
"France","sg_lasso","Total","2016-11",0.269854454376294,-0.108471581553118,0.222547653336575,0.029568960166641
"France","sg_lasso","Total","2016-12",0.269854454376294,0.025979957797192,-0.0582759674042365,0.00191571321426714
"France","sg_lasso","Total","2017-01",0.269323466416481,0.0508137184137005,0.0234715061484123,0.000201345300133637
"France","sg_lasso","Total","2017-02",0.269323466416481,0.200682477572912,0.0440075899297424,0.00661108862917189
"France","sg_lasso","Total","2017-03",0.269323466416481,0.238317787503918,0.0474996799382612,0.00980648491071214
"France","sg_lasso","Total","2017-04",0.269412631574325,-0.0331320466252847,-0.0210632248587567,0.0000392416898797855
"France","sg_lasso","Total","2017-05",0.269412631574325,-0.157464739402132,0.00751523105484139,0.00733297825276899
"France","sg_lasso","Total","2017-06",0.269412631574325,-0.134753746881105,-0.137604178518387,0.00000218896699481224
"France","sg_lasso","Total","2017-07",0.269737143813941,-0.00280978375309054,0.0185150989069691,0.000122663133511931
"France","sg_lasso","Total","2017-08",0.269737143813941,0.0169660590388958,0.0372994154747962,0.000111521576989562
"France","sg_lasso","Total","2017-09",0.269737143813941,0.330091924673019,0.0308514016974235,0.0241535830310694
"France","sg_lasso","Total","2017-10",0.269272277455705,0.0113858273301233,-0.0725283179067478,0.00189610329886779
"France","sg_lasso","Total","2017-11",0.269272277455705,0.221049831157246,0.11815226678535,0.00285103030359352
"France","sg_lasso","Total","2017-12",0.269272277455705,-0.015458722462813,0.012063837561472,0.000203971410274794
"France","sg_lasso","Total","2018-01",0.269743419302901,0.00669226288666668,-0.0563865387293941,0.00107329158962521
"France","sg_lasso","Total","2018-02",0.269743419302901,-0.280379701896656,-0.212584592724903,0.00123978845320024
"France","sg_lasso","Total","2018-03",0.269743419302901,-0.107923213710373,0.151884380231586,0.0182076769914469
"France","sg_lasso","Total","2018-04",0.268966762356917,-0.0604847796870929,0.0465377496954513,0.00308069736493193
"France","sg_lasso","Total","2018-05",0.268966762356917,0.368705838714181,0.221612627843282,0.00581947586871717
"France","sg_lasso","Total","2018-06",0.268966762356917,0.0332689512513569,-0.162196545640067,0.01027634866511
"France","sg_lasso","Total","2018-07",0.270524479717079,0.0482850423741327,-0.247941170374627,0.0237385147412353
"France","sg_lasso","Total","2018-08",0.270524479717079,0.00900485933931465,-0.187195869494883,0.0104137657216679
"France","sg_lasso","Total","2018-09",0.270524479717079,-0.112770835810388,-0.0373854802253361,0.00153737758887636
"France","sg_lasso","Total","2018-10",0.271142703463662,0.103214314586969,0.239741652932518,0.00505402247712605
"France","sg_lasso","Total","2018-11",0.271142703463662,-0.121597865372576,0.102840516065031,0.0136581594365396
"France","sg_lasso","Total","2018-12",0.271142703463662,0.113762448941053,0.155709014158031,0.000477079473168861
"France","sg_lasso","Total","2019-01",0.271946750552855,-0.180756655988998,-0.231925778219618,0.000712032485086833
"France","sg_lasso","Total","2019-02",0.271946750552855,0.347086287799323,0.0102033927973158,0.0308632598207421
"France","sg_lasso","Total","2019-03",0.271946750552855,-0.413112008568934,0.0019750968438524,0.0468556922455106
"France","sg_lasso","Total","2019-04",0.272620739257298,0.28443706748198,0.175141697263232,0.00325658502985244
"France","sg_lasso","Total","2019-05",0.272620739257298,0.105845551787398,0.198219217435421,0.00232624389897826
"France","sg_lasso","Total","2019-06",0.272620739257298,0.188381192617888,-0.0687212382812151,0.0180206834083086
"France","sg_lasso","Total","2019-07",0.272427948044767,-0.00744834141261784,-0.0798101221442306,0.00142649466173635
"France","sg_lasso","Total","2019-08",0.272427948044767,0.0569520181217735,-0.0997165536033196,0.00668675525411699
"France","sg_lasso","Total","2019-09",0.272427948044767,-0.021940204148256,0.121601873626946,0.00561319482295077
"France","sg_lasso","Total","2019-10",0.271711232612818,0.0281577868134967,-0.0614159803200387,0.00218006414079943
"France","sg_lasso","Total","2019-11",0.271711232612818,0.0279399251144044,-0.0815049958239069,0.00325460896478341
"France","sg_lasso","Total","2019-12",0.271711232612818,0.0279399251144045,-0.0814112941106196,0.00324903845706038
"France","sg_lasso","Total","2020-01",0.268751107912543,0.0571513762518806,-0.0282086238572784,0.0019582091576243
"France","sg_lasso","Total","2020-02",0.268751107912543,-0.0199961239162113,0.0495659509887814,0.00130045496980071
"France","sg_lasso","Total","2020-03",0.268751107912543,-0.0595727006375326,0.225779773494206,0.0218833369829468
"France","sg_lasso","Total","2020-04",0.267258526083296,-0.293013508067268,0.159321150912596,0.0546828700259688
"France","sg_lasso","Total","2020-05",0.267258526083296,-1.4780630801876,0.21113240130211,0.762590500551911
"France","sg_lasso","Total","2020-06",0.267258526083296,-1.31082222278771,-0.245397964116757,0.303372863623411
"France","sg_lasso","Total","2020-07",0.274080020634986,0.349359643266015,-3.14685413566779,3.35022008900883
"France","sg_lasso","Total","2020-08",0.274080020634986,1.48116029819621,-2.75065548275616,4.90829758699451
"France","sg_lasso","Total","2020-09",0.274080020634986,5.23512380666267,2.50626075017645,2.04098993035806
"France","sg_lasso","Total","2020-10",0.272432256143419,-1.6143092760458,2.74994193036142,5.18893234535048
"France","sg_lasso","Total","2020-11",0.272432256143419,-5.92485754465276,0.665119648440672,11.8311333713819
"France","sg_lasso","Total","2020-12",0.272432256143419,-3.14855783260606,-2.60864333977791,0.0794160893786215
"France","sg_lasso","Total","2021-01",0.272628381167368,0.553634210465317,-1.08160825646842,0.729013178286176
"France","sg_lasso","Total","2021-02",0.272628381167368,4.26357573629113,0.513243439781949,3.83451609121526
"France","sg_lasso","Total","2021-03",0.272628381167368,0.110636868424596,0.150438981490507,0.00043190011822806
"France","sg_lasso","Total","2021-04",0.270643500195637,-2.67135467658371,-0.543455726605768,1.22546130340272
"France","sg_lasso","Total","2021-05",0.270643500195637,1.03524525777091,0.804798697289097,0.0143726901293141
"France","sg_lasso","Total","2021-06",0.270643500195637,0.49149264432618,0.143901247328544,0.0326990879536224
"France","sg_lasso","Total","2021-07",0.2744524155833,2.62945419222901,1.33121076000474,0.462571984067155
"France","sg_lasso","Total","2021-08",0.2744524155833,0.886705742065702,0.441600578075261,0.0543741302661557
"France","sg_lasso","Total","2021-09",0.2744524155833,-0.107155432864206,0.146438123421727,0.0176499502571134
"France","sg_lasso","Total","2021-10",0.273354798156717,0.319048404530605,0.110326598236154,0.0119086450394787
"France","sg_lasso","Total","2021-11",0.273354798156717,-0.616318868936148,0.0592988722092434,0.124775348606723
"France","sg_lasso","Total","2021-12",0.273354798156717,0.68236555203355,0.016788703586708,0.121094136681494
"France","sg_lasso","Total","2022-01",0.271503156932644,0.426156715233284,-0.264578630005774,0.129538314830544
"France","sg_lasso","Total","2022-02",0.271503156932644,0.616452785633749,-0.54106137395459,0.363770526330866
"France","sg_lasso","Total","2022-03",0.271503156932644,0.606876799628063,0.375851216519071,0.0144908891382036
"France","sg_lasso","Total","2022-04",0.270661407669894,0.0326015569266965,0.30282016639435,0.0197631808930432
"France","sg_lasso","Total","2022-05",0.270661407669894,-0.0235365128740105,0.148817517945431,0.00804024394171957
"France","sg_lasso","Total","2022-06",0.270661407669894,0.154284208776081,-0.586083875319627,0.148361670226877
"France","sg_lasso","Total","2022-07",0.271083235349986,0.256142735802688,-0.0997261554495683,0.0343307041100351
"France","sg_lasso","Total","2022-08",0.271083235349986,0.0357302650889013,-0.0150460075612672,0.000698914893075288
"France","sg_lasso","Total","2022-09",0.271083235349986,0.217475494312389,-0.563823469941053,0.165476816582465
"France","sg_lasso","Total","2022-10",0.272057124717422,0.187388743419858,0.167416807910617,0.000108517658376919
"France","sg_lasso","Total","2022-11",0.272057124717422,-0.0703885270016989,-0.00967496389009284,0.00100283976435227
"France","sg_lasso","Total","2022-12",0.272057124717422,0.0395649589842434,-0.017353925654874,0.000881399634910503
"France","sg_lasso","Total","2023-01",0.272227859889301,0.117764524796908,0.624493499045813,0.0699011054623325
"France","sg_lasso","Total","2023-02",0.272227859889301,-0.564900842414887,0.272444035802469,0.190871596212259
"France","sg_lasso","Total","2023-03",0.272227859889301,-0.490756612339946,0.257845276058426,0.152557795922102
"France","sg_lasso","Total","2023-04",0.273963578603463,-0.707673704432252,-0.486780246965139,0.0133677568144939
"France","sg_lasso","Total","2023-05",0.273963578603463,0.943011263587196,-0.157523251278354,0.33181817111511
"France","sg_lasso","Total","2023-06",0.273963578603463,0.213793800145652,-0.31073040161163,0.0753744044148098
"France","sg_lasso","Total","2023-07",0.274105777340174,1.37667874028883,0.207745739087906,0.374539329614208
"France","sg_lasso","Total","2023-08",0.274105777340174,-1.17836370243043,-0.161095033324432,0.283654401521129
"France","sg_lasso","Total","2023-09",0.274105777340174,0.357667282678643,0.164775809846145,0.0101986866300883
"France","sg_lasso","Total","2023-10",0.274695234743022,-0.927565116346811,-0.042188252830049,0.215331449269098
"France","sg_lasso","Total","2023-11",0.274695234743022,1.13312244435218,0.297278401246569,0.191911777952773
"France","sg_lasso","Total","2023-12",0.274695234743022,0.0446492916225833,-0.0575788323428366,0.00287072708906697
"France","sg_lasso","Total","2024-01",0.274663950215514,0.247936249779396,0.163113518381358,0.0019761784913314
"France","sg_lasso","Total","2024-02",0.274663950215514,-0.0240354126146546,-0.0639555010451354,0.0004377081681219
"France","sg_lasso","Total","2024-03",0.274663950215514,-0.409065058163473,-0.229884572841225,0.00881826364256029
"France","sg_lasso","Total","2024-04",0.274845715358176,-0.4601955317566,0.0213017595832019,0.0637201321350209
"France","sg_lasso","Total","2024-05",0.274845715358176,-1.67309651543792,-1.14355179107039,0.0770715800226987
"France","sg_lasso","Total","2024-06",0.274845715358176,-1.08626699404528,-0.551069664384508,0.0787257572572092
"France","sg_lasso","Total","2024-07",0.275185511913839,-0.686651166541925,-0.644411712498708,0.000490978141479465
"France","sg_lasso","Total","2024-08",0.275185511913839,1.285983373134,0.391775827712766,0.220040298579073
"France","sg_lasso","Total","2024-09",0.275185511913839,-0.511234178967039,-0.170518095968273,0.0319455841387326
"France","sg_lasso","Total","2024-10",0.274470951406687,0.682663687311994,0.132378054050007,0.0831137230300972
"France","sg_lasso","Total","2024-11",0.274470951406687,-0.683270514408458,-0.166287176168947,0.0733583375497309
"France","sg_lasso","Total","2024-12",0.274470951406687,-0.0374591655321334,0.135428916007218,0.00820401598783756
"France","sg_lasso","Total","2025-01",0.274060826203008,0.130157947715041,0.194226839295473,0.00112497114671569
"France","sg_lasso","Total","2025-02",0.274060826203008,0.395008934096671,0.533198603901632,0.00523357100696136
"France","sg_lasso","Total","2025-03",0.274060826203008,-0.205287515392086,0.328835867778502,0.0781862070081252
"France","sg_lasso","Total","2025-04",0.274661142396851,-0.17354487280538,-0.161845113560569,0.0000375968164479929
"France","sg_lasso","Total","2025-05",0.274661142396851,0.133667189020618,-0.69244888058069,0.187447374735182
"France","sg_lasso","Total","2025-06",0.274661142396851,-0.285883439806466,-0.0731969800417995,0.0124244423926578
"France","sg_lasso","Total","2025-07",0.275442830913898,-0.5513449593569,-0.0288157694471258,0.075206016550073
"France","sg_lasso","Total","2025-08",0.275442830913898,0.191212526246359,0.211756935822455,0.000116256917196534
"France","sg_lasso","Total","2025-09",0.275442830913898,0.5728794675708,0.332603818315573,0.0159019722828543
"Germany","factor_midas","Total","2013-03",0.384661197252174,0.100449917378674,0.619016680026513,0.103439814668551
"Germany","factor_midas","Total","2013-04",0.386547263171059,-1.99794654400014,-1.38812368473969,0.143750711368313
"Germany","factor_midas","Total","2013-05",0.386547263171059,0.618167703051987,-1.05621467295109,1.08370703078636
"Germany","factor_midas","Total","2013-06",0.386547263171059,0.412404898800991,0.694331541151111,0.0307237937404398
"Germany","factor_midas","Total","2013-07",0.387742528364243,-0.121525427144352,-0.0949427260538443,0.000273994379183713
"Germany","factor_midas","Total","2013-08",0.387742528364243,0.556594695390031,0.35502035321867,0.015754837940696
"Germany","factor_midas","Total","2013-09",0.387742528364243,0.140400157863339,-0.0213337585682289,0.0101425146660947
"Germany","factor_midas","Total","2013-10",0.387500200029149,-0.209546732229531,-0.13533564842677,0.00213407402329991
"Germany","factor_midas","Total","2013-11",0.387500200029149,2.7434964857092,1.10197927147308,1.04414981028979
"Germany","factor_midas","Total","2013-12",0.387500200029149,-0.112182722376087,-0.159563755851547,0.000869923353173944
"Germany","factor_midas","Total","2014-01",0.389735672245191,0.450090137115753,0.192403844720395,0.0258793159113769
"Germany","factor_midas","Total","2014-02",0.389735672245191,0.478920988281543,-0.423475321570533,0.317369201874101
"Germany","factor_midas","Total","2014-03",0.389735672245191,-0.294923309730346,0.0163900734757484,0.0377716312050085
"Germany","factor_midas","Total","2014-04",0.389133461237677,1.34660188542601,0.553265898404787,0.244913591548971
"Germany","factor_midas","Total","2014-05",0.389133461237677,-0.69427548263547,-1.10478090571944,0.0655747094070925
"Germany","factor_midas","Total","2014-06",0.389133461237677,-0.330629602230918,-0.103687577118929,0.020041417206176
"Germany","factor_midas","Total","2014-07",0.389334859685148,0.534155595736796,0.359442913546236,0.0118842602243854
"Germany","factor_midas","Total","2014-08",0.389334859685148,0.7849221027049,0.236334315480811,0.117169765493508
"Germany","factor_midas","Total","2014-09",0.389334859685148,0.12178844844837,-0.18339421264789,0.0362612692750902
"Germany","factor_midas","Total","2014-10",0.391112009327365,-1.43280656217009,-0.425867816017222,0.396558493783792
"Germany","factor_midas","Total","2014-11",0.391112009327365,0.507529690930286,-0.0408754316725597,0.117626224393523
"Germany","factor_midas","Total","2014-12",0.391112009327365,-1.33662770300819,-0.534397209770135,0.251709428098305
"Germany","factor_midas","Total","2015-01",0.389015803804615,1.17605607176625,0.363589660993363,0.256789981216494
"Germany","factor_midas","Total","2015-02",0.389015803804615,-1.10130619623577,-0.254982132247077,0.278638179583353
"Germany","factor_midas","Total","2015-03",0.389015803804615,-0.326916316906785,-0.283166656892608,0.000744588989277154
"Germany","factor_midas","Total","2015-04",0.389275512877758,-0.845520549923224,-0.213976648011381,0.155261642993978
"Germany","factor_midas","Total","2015-05",0.389275512877758,-1.39341152683101,-0.680368941582101,0.19791924327682
"Germany","factor_midas","Total","2015-06",0.389275512877758,0.711172964226436,0.458568619076539,0.0248392637572394
"Germany","factor_midas","Total","2015-07",0.389741866690653,-0.660761846363442,-0.10033859328196,0.12240787379337
"Germany","factor_midas","Total","2015-08",0.389741866690653,-0.216348527522682,-0.074950218343242,0.00779229693350132
"Germany","factor_midas","Total","2015-09",0.389741866690653,0.239967383275673,-0.173743623291825,0.066706969542071
"Germany","factor_midas","Total","2015-10",0.389900427397411,0.122741980003223,0.0399449533731234,0.00267290296652227
"Germany","factor_midas","Total","2015-11",0.389900427397411,-1.98356044635799,-0.674530791888273,0.668117244656529
"Germany","factor_midas","Total","2015-12",0.389900427397411,-4.59927449192922,-1.85069159775122,2.94558384927547
"Germany","factor_midas","Total","2016-01",0.391117443315624,-0.386638282511874,-0.168700200558925,0.0185769081640948
"Germany","factor_midas","Total","2016-02",0.391117443315624,0.455531642377758,0.329867253901161,0.00617634617634201
"Germany","factor_midas","Total","2016-03",0.391117443315624,0.301933665117576,0.1475641782716,0.00932030460839915
"Germany","factor_midas","Total","2016-04",0.391426373278095,0.0740984245742073,-0.0738096307573826,0.0085631536771753
"Germany","factor_midas","Total","2016-05",0.391426373278095,0.123111768504164,0.173891315961611,0.00100931734415368
"Germany","factor_midas","Total","2016-06",0.391426373278095,0.000282216185156753,-0.0468443576196519,0.000869324296169698
"Germany","factor_midas","Total","2016-07",0.391127744570575,-0.276920256306322,-0.221639243262767,0.00119528263380229
"Germany","factor_midas","Total","2016-08",0.391127744570575,0.407322167245071,0.181166972517313,0.0200046869378108
"Germany","factor_midas","Total","2016-09",0.391127744570575,0.3265481230844,0.110580781371245,0.018242938289031
"Germany","factor_midas","Total","2016-10",0.391000821612474,1.72691271815756,0.6585577636888,0.446281420490482
"Germany","factor_midas","Total","2016-11",0.391000821612474,-0.621396152678948,-0.395905924184782,0.0198807664458023
"Germany","factor_midas","Total","2016-12",0.391000821612474,0.873673975349045,0.407250844304075,0.0850624387771883
"Germany","factor_midas","Total","2017-01",0.392589860788304,-0.225871282750658,-0.043647392750447,0.0130361607156199
"Germany","factor_midas","Total","2017-02",0.392589860788304,0.11077471840136,-0.0111054403030428,0.00583183329780018
"Germany","factor_midas","Total","2017-03",0.392589860788304,-0.525514706005439,-0.269711415134522,0.0256892445907669
"Germany","factor_midas","Total","2017-04",0.392610077954359,0.0582717864473916,-0.00488526280728759,0.00156604813205512
"Germany","factor_midas","Total","2017-05",0.392610077954359,0.433844880199694,0.277996527442225,0.00953599195636448
"Germany","factor_midas","Total","2017-06",0.392610077954359,0.253546914607502,0.0319959934680914,0.0192711913387029
"Germany","factor_midas","Total","2017-07",0.393331868850305,0.139066237960962,0.0187814979782601,0.00569089015584421
"Germany","factor_midas","Total","2017-08",0.393331868850305,0.192567314312644,0.13804042852869,0.00116944694665637
"Germany","factor_midas","Total","2017-09",0.393331868850305,0.161724862244859,-0.0516764936638822,0.0179123878640242
"Germany","factor_midas","Total","2017-10",0.394327125477423,-0.156725868185841,-0.0603095501124401,0.00366570691122877
"Germany","factor_midas","Total","2017-11",0.394327125477423,0.565092425579347,0.18399116696649,0.0572713498161011
"Germany","factor_midas","Total","2017-12",0.394327125477423,0.158611700132779,0.0610224937261819,0.0037554347931875
"Germany","factor_midas","Total","2018-01",0.392911979825488,0.096802117302854,0.0261806745610718,0.0019596045619703
"Germany","factor_midas","Total","2018-02",0.392911979825488,-0.326990117417613,-0.188904430865323,0.00749191079595089
"Germany","factor_midas","Total","2018-03",0.392911979825488,0.146892856616442,0.0323858250321431,0.00515180698269313
"Germany","factor_midas","Total","2018-04",0.393973352462854,0.31631001777228,0.0861225448864014,0.020875179479724
"Germany","factor_midas","Total","2018-05",0.393973352462854,0.327637676522736,0.337594563682598,0.0000390583613279785
"Germany","factor_midas","Total","2018-06",0.393973352462854,0.0398548558668275,0.0841893198269053,0.000774372232757949
"Germany","factor_midas","Total","2018-07",0.391629183391646,0.11949650272747,-0.00283702992854674,0.00586092388570818
"Germany","factor_midas","Total","2018-08",0.391629183391646,0.806464294978025,0.30896210736438,0.0969315230233814
"Germany","factor_midas","Total","2018-09",0.391629183391646,0.137768230103426,-0.00241819425672061,0.00769638818675331
"Germany","factor_midas","Total","2018-10",0.391374641596125,0.0729969373797032,0.0624755979991913,0.0000433246179963093
"Germany","factor_midas","Total","2018-11",0.391374641596125,-0.0648292552572016,-0.117414045726722,0.0010822135778175
"Germany","factor_midas","Total","2018-12",0.391374641596125,-0.204453903335893,-0.123700788356247,0.00255217970377302
"Germany","factor_midas","Total","2019-01",0.391435119654497,0.291872657043507,0.0301896161027077,0.0268046995709212
"Germany","factor_midas","Total","2019-02",0.391435119654497,0.0879853834604632,0.0169985814744793,0.00197249091076168
"Germany","factor_midas","Total","2019-03",0.391435119654497,0.081361556581907,-0.00271438437775627,0.00276696242275021
"Germany","factor_midas","Total","2019-04",0.390541037407636,0.203451591496104,0.043105737187616,0.010041119768418
"Germany","factor_midas","Total","2019-05",0.390541037407636,0.0843278843333838,0.0283767218333262,0.00122260144342643
"Germany","factor_midas","Total","2019-06",0.390541037407636,0.221535751037562,0.0587259629869199,0.0103520818564053
"Germany","factor_midas","Total","2019-07",0.391776242484162,0.113953506627978,-0.012661953633251,0.00628075094967651
"Germany","factor_midas","Total","2019-08",0.391776242484162,-0.847775102166682,-0.274982084128267,0.128538588857891
"Germany","factor_midas","Total","2019-09",0.391776242484162,0.287175684530516,0.0634082820222227,0.0196169614138565
"Germany","factor_midas","Total","2019-10",0.391415415340653,0.048208766749026,-0.00301225821852812,0.00102691489984765
"Germany","factor_midas","Total","2019-11",0.391415415340653,-0.0806998582833013,-0.105777607873495,0.000246158620100519
"Germany","factor_midas","Total","2019-12",0.391415415340653,-0.0579431649954486,-0.0502443717671593,0.0000231997463701892
"Germany","factor_midas","Total","2020-01",0.399519130030127,0.11879746573818,0.0100849637752735,0.0047216801156751
"Germany","factor_midas","Total","2020-02",0.399519130030127,0.39593944175438,-0.0475594120272787,0.078581910414824
"Germany","factor_midas","Total","2020-03",0.399519130030127,-0.455554296374365,-0.414219934760813,0.000682590199494784
"Germany","factor_midas","Total","2020-04",0.412238662989352,1.69141145484325,0.536764708117697,0.549600340877805
"Germany","factor_midas","Total","2020-05",0.412238662989352,-0.339130147291935,0.493843943993312,0.286030080063572
"Germany","factor_midas","Total","2020-06",0.412238662989352,-0.712399779988577,-0.242711933453617,0.0909425999993441
"Germany","factor_midas","Total","2020-07",0.398481657904316,-0.635328635270393,-0.0468907871021887,0.137977900693431
"Germany","factor_midas","Total","2020-08",0.398481657904316,0.201139165824766,3.92527407674479,5.52661417279928
"Germany","factor_midas","Total","2020-09",0.398481657904316,-0.294150082471019,-0.583597179443734,0.0333846426516119
"Germany","factor_midas","Total","2020-10",0.400301839210344,0.248306727679562,2.13133120963964,1.41938273566177
"Germany","factor_midas","Total","2020-11",0.400301839210344,-1.77355261484037,-0.190636238659044,1.00300599723945
"Germany","factor_midas","Total","2020-12",0.400301839210344,1.25802846280335,-0.155557390583916,0.799893128604135
"Germany","factor_midas","Total","2021-01",0.396451428454899,2.25439466160021,0.182724447451357,1.70149716910383
"Germany","factor_midas","Total","2021-02",0.396451428454899,-1.44443291851621,-0.14581195332333,0.668582195205282
"Germany","factor_midas","Total","2021-03",0.396451428454899,-0.925857043549074,-0.140762969592467,0.244361839342709
"Germany","factor_midas","Total","2021-04",0.398040716723166,-0.0630087654557678,-0.39318141302603,0.0433920016189465
"Germany","factor_midas","Total","2021-05",0.398040716723166,0.13775742098889,0.529616176222788,0.0611204592398352
"Germany","factor_midas","Total","2021-06",0.398040716723166,-0.808266261132249,-0.171096743281659,0.161598558180855
"Germany","factor_midas","Total","2021-07",0.392199367395243,0.802517265708209,0.220350377783575,0.132923537130934
"Germany","factor_midas","Total","2021-08",0.392199367395243,-0.633791586195141,-0.187171361639821,0.0782318607324458
"Germany","factor_midas","Total","2021-09",0.392199367395243,0.601345218948625,-0.0872654923028661,0.185974943937737
"Germany","factor_midas","Total","2021-10",0.390570191489957,0.137628851803614,-0.0860468178341409,0.0195405411626341
"Germany","factor_midas","Total","2021-11",0.390570191489957,0.394389468793913,0.399070633677473,0.00000855868359999926
"Germany","factor_midas","Total","2021-12",0.390570191489957,-0.720764998547756,-0.646293670776071,0.00216609394726577
"Germany","factor_midas","Total","2022-01",0.390895393455862,5.05041434679484,2.65119238488218,2.25009787171116
"Germany","factor_midas","Total","2022-02",0.390895393455862,-4.96604997131719,-2.05374525684217,3.31538660886631
"Germany","factor_midas","Total","2022-03",0.390895393455862,1.40223647326477,0.743400611149625,0.16967388903723
"Germany","factor_midas","Total","2022-04",0.388687197292813,-2.65040631619276,-1.72568799599147,0.332367966160201
"Germany","factor_midas","Total","2022-05",0.388687197292813,0.0710009972956749,0.204808603036004,0.0069592403443287
"Germany","factor_midas","Total","2022-06",0.388687197292813,0.631675257530695,0.36662550480261,0.0273058086636899
"Germany","factor_midas","Total","2022-07",0.388250857422374,-1.48441759380512,-0.56455639885055,0.328516373435327
"Germany","factor_midas","Total","2022-08",0.388250857422374,0.351649944296487,-0.0289354606340291,0.0562362926792666
"Germany","factor_midas","Total","2022-09",0.388250857422374,1.41370812040399,0.346383597522428,0.442288247381116
"Germany","factor_midas","Total","2022-10",0.386970974637792,-1.26056804943572,-0.363852840705401,0.311162650834409
"Germany","factor_midas","Total","2022-11",0.386970974637792,0.27270484824456,-0.194855319649979,0.0845966962955037
"Germany","factor_midas","Total","2022-12",0.386970974637792,-0.59676828149926,-0.170462934721219,0.0703266532831833
"Germany","factor_midas","Total","2023-01",0.385031708350351,1.57060582634994,0.629170436310876,0.341253831672671
"Germany","factor_midas","Total","2023-02",0.385031708350351,0.163240395241084,-0.259660770780737,0.0688611484381889
"Germany","factor_midas","Total","2023-03",0.385031708350351,0.107736596121416,0.0308008159249081,0.00227904668101067
"Germany","factor_midas","Total","2023-04",0.38381327786846,-0.21970066154194,-0.194169137420847,0.000250192033544851
"Germany","factor_midas","Total","2023-05",0.38381327786846,0.0139482475120273,0.190828521476597,0.0120082245195397
"Germany","factor_midas","Total","2023-06",0.38381327786846,0.454833699270883,0.014626818489345,0.0743761421823939
"Germany","factor_midas","Total","2023-07",0.383078512144581,-0.0209349565609861,0.277573367449912,0.0341350610688545
"Germany","factor_midas","Total","2023-08",0.383078512144581,0.179885536324208,-0.323205130963402,0.0969572555140826
"Germany","factor_midas","Total","2023-09",0.383078512144581,-0.21100514731256,0.137767741384161,0.0465986385975515
"Germany","factor_midas","Total","2023-10",0.381323036718143,-0.00146842628305202,-0.111725106656854,0.00463556705839994
"Germany","factor_midas","Total","2023-11",0.381323036718143,-0.438475668155682,-0.158975720367729,0.0297890398296836
"Germany","factor_midas","Total","2023-12",0.381323036718143,0.184447995699961,0.195375045560863,0.0000455301302298518
"Germany","factor_midas","Total","2024-01",0.380241649233956,0.324459125982834,0.0471994628147697,0.0292302861940542
"Germany","factor_midas","Total","2024-02",0.380241649233956,-0.00275637218167192,0.146685589933056,0.00849189874365278
"Germany","factor_midas","Total","2024-03",0.380241649233956,-0.0332301459816962,-0.174164126386962,0.00755250672705405
"Germany","factor_midas","Total","2024-04",0.378747804308163,0.406275987655403,0.467017133801874,0.00139738503785095
"Germany","factor_midas","Total","2024-05",0.378747804308163,-0.167212837659776,-0.356679260585713,0.0135961089315391
"Germany","factor_midas","Total","2024-06",0.378747804308163,0.118632261361397,-0.111906486545795,0.020129731589175
"Germany","factor_midas","Total","2024-07",0.37806011600387,0.285288602763878,-0.293029806351741,0.126443030846411
"Germany","factor_midas","Total","2024-08",0.37806011600387,0.000945656440546806,0.0680365693561034,0.00170172063881986
"Germany","factor_midas","Total","2024-09",0.37806011600387,-0.0378831057594656,-0.177671104856687,0.00738755352130314
"Germany","factor_midas","Total","2024-10",0.378025553307014,0.301067695053032,0.269408525115651,0.000378896161702201
"Germany","factor_midas","Total","2024-11",0.378025553307014,0.0343380086866491,-0.0872599687441593,0.00558951158050763
"Germany","factor_midas","Total","2024-12",0.378025553307014,0.223226155929393,0.124801722197469,0.00366207308507823
"Germany","factor_midas","Total","2025-01",0.378181508722935,0.0164679745471358,0.0481068544588661,0.000378566770571918
"Germany","factor_midas","Total","2025-02",0.378181508722935,-0.49442177015664,-0.66521715916218,0.0110319573370369
"Germany","factor_midas","Total","2025-03",0.378181508722935,-0.12925541764973,-0.0418425024899269,0.00288969161585709
"Germany","factor_midas","Total","2025-04",0.376927933398326,-0.307772848480372,-0.123476301068838,0.0128024391974127
"Germany","factor_midas","Total","2025-05",0.376927933398326,0.193150290501299,-0.0130151463097623,0.0160210154931436
"Germany","factor_midas","Total","2025-06",0.376927933398326,-0.0171762767652819,0.0256709021498007,0.000691994733663791
"Germany","factor_midas","Total","2025-07",0.375774041851694,0.0645969219385212,-0.0451733758584391,0.00452789618585277
"Germany","factor_midas","Total","2025-08",0.375774041851694,0.273945171806129,0.187649057687728,0.00279839654659389
"Germany","factor_midas","Total","2025-09",0.375774041851694,0.034452252637384,-0.0249622502362173,0.00132651361399333
"Germany","sg_lasso","Total","2013-01",0.384661197252174,0.380453463637341,-0.0193977508685647,0.0615000144706065
"Germany","sg_lasso","Total","2013-02",0.384661197252174,0.545280214005449,0.198712223980936,0.0462014147230331
"Germany","sg_lasso","Total","2013-03",0.384661197252174,0.357297945522106,0.119468330016068,0.0217575628397659
"Germany","sg_lasso","Total","2013-04",0.386547263171059,-0.297898434995164,0.744560750177386,0.42006908742585
"Germany","sg_lasso","Total","2013-05",0.386547263171059,-1.06815428317838,-0.0825026399144141,0.375534207666054
"Germany","sg_lasso","Total","2013-06",0.386547263171059,1.49700687221881,0.841092862134353,0.166301596115748
"Germany","sg_lasso","Total","2013-07",0.387742528364243,-1.74152828541876,-0.94379654962699,0.246750009098599
"Germany","sg_lasso","Total","2013-08",0.387742528364243,1.54839058253643,0.508097597899731,0.419618645378499
"Germany","sg_lasso","Total","2013-09",0.387742528364243,0.63327864134953,0.296792551282544,0.0439013291753379
"Germany","sg_lasso","Total","2013-10",0.387500200029149,-0.131023982526149,0.661779952031515,0.243558631202856
"Germany","sg_lasso","Total","2013-11",0.387500200029149,0.149587464770381,0.0295367788960508,0.00558471766467614
"Germany","sg_lasso","Total","2013-12",0.387500200029149,-0.192937319013431,-0.53059354801862,0.044179567787746
"Germany","sg_lasso","Total","2014-01",0.389735672245191,0.753823233922667,0.244508426235566,0.101098046562974
"Germany","sg_lasso","Total","2014-02",0.389735672245191,0.593915400393406,-0.178456972415756,0.232500354965924
"Germany","sg_lasso","Total","2014-03",0.389735672245191,0.314670736331508,-0.11210088274349,0.07098412271546
"Germany","sg_lasso","Total","2014-04",0.389133461237677,0.155269664595475,-0.16221565363924,0.0392234572002695
"Germany","sg_lasso","Total","2014-05",0.389133461237677,0.119207063810445,0.456511828261782,0.0442734665894274
"Germany","sg_lasso","Total","2014-06",0.389133461237677,0.166609828725261,-0.162532213602192,0.0421565727410136
"Germany","sg_lasso","Total","2014-07",0.389334859685148,0.211309303973766,0.197426880490357,0.0000750332689312586
"Germany","sg_lasso","Total","2014-08",0.389334859685148,0.345864801933678,-0.13216962349223,0.0889695998272636
"Germany","sg_lasso","Total","2014-09",0.389334859685148,-0.0112259471480426,-0.250777934120696,0.022342041060686
"Germany","sg_lasso","Total","2014-10",0.391112009327365,-0.00708666555099522,-0.0674398688660309,0.0014246290728008
"Germany","sg_lasso","Total","2014-11",0.391112009327365,-0.0408757486033513,-0.0343839943457736,0.0000164825838711403
"Germany","sg_lasso","Total","2014-12",0.391112009327365,0.287948909641999,0.084298211235668,0.0162208257527213
"Germany","sg_lasso","Total","2015-01",0.389015803804615,-0.0208335531884244,0.0566198642198223,0.00233371820426358
"Germany","sg_lasso","Total","2015-02",0.389015803804615,0.573364956206469,0.218346691706547,0.0490307614814228
"Germany","sg_lasso","Total","2015-03",0.389015803804615,-0.742164618843805,-0.291112333351328,0.0791445511475039
"Germany","sg_lasso","Total","2015-04",0.389275512877758,0.059237455200983,-0.0148905860729054,0.00213905590374164
"Germany","sg_lasso","Total","2015-05",0.389275512877758,-0.344949345096689,-0.204991683999168,0.00762518593077901
"Germany","sg_lasso","Total","2015-06",0.389275512877758,0.483918632434928,0.544924150922985,0.00144875627716976
"Germany","sg_lasso","Total","2015-07",0.389741866690653,0.0706225676974481,-0.00042045642195648,0.00196707057011549
"Germany","sg_lasso","Total","2015-08",0.389741866690653,0.0357081333533345,0.0131731699703783,0.000197920497683731
"Germany","sg_lasso","Total","2015-09",0.389741866690653,0.0588128130159962,0.0381111557060649,0.000167027234743718
"Germany","sg_lasso","Total","2015-10",0.389900427397411,0.103586728230961,0.0694175767459447,0.000455220802058693
"Germany","sg_lasso","Total","2015-11",0.389900427397411,0.10565381027785,-0.17125937626655,0.0298979207059832
"Germany","sg_lasso","Total","2015-12",0.389900427397411,0.070178135807136,-0.305694424732479,0.0550852032535839
"Germany","sg_lasso","Total","2016-01",0.391117443315624,0.070751605755131,0.00813337160583847,0.00153358841027821
"Germany","sg_lasso","Total","2016-02",0.391117443315624,0.0674327139882476,0.147019505434948,0.00247736032545643
"Germany","sg_lasso","Total","2016-03",0.391117443315624,0.0942487075124938,0.0390238332562193,0.00119282479108523
"Germany","sg_lasso","Total","2016-04",0.391426373278095,0.143086677645846,0.0234404760017701,0.00560335212956684
"Germany","sg_lasso","Total","2016-05",0.391426373278095,0.0822411148481898,-0.0397467583189056,0.0058248319874519
"Germany","sg_lasso","Total","2016-06",0.391426373278095,0.0863960901991718,0.0614000321347683,0.000244564340503417
"Germany","sg_lasso","Total","2016-07",0.391127744570575,0.0807638975236699,-0.0231505119827234,0.00422347737269462
"Germany","sg_lasso","Total","2016-08",0.391127744570575,0.0894917843689919,0.0275809462494549,0.00149917382256696
"Germany","sg_lasso","Total","2016-09",0.391127744570575,0.0658990126061013,0.0121738210249686,0.00112894963972231
"Germany","sg_lasso","Total","2016-10",0.391000821612474,0.102647749887504,0.0445733403732073,0.00131870385381047
"Germany","sg_lasso","Total","2016-11",0.391000821612474,0.127518292325563,0.222547653336575,0.00353096398621374
"Germany","sg_lasso","Total","2016-12",0.391000821612474,0.119537560214711,-0.0582759674042365,0.0123625273637352
"Germany","sg_lasso","Total","2017-01",0.392589860788304,0.11793584621301,0.0234715061484123,0.00350328015473896
"Germany","sg_lasso","Total","2017-02",0.392589860788304,0.0461394607225756,0.0440075899297424,0.0000017842710887315
"Germany","sg_lasso","Total","2017-03",0.392589860788304,0.0317884505386876,0.0474996799382612,0.0000969079527113023
"Germany","sg_lasso","Total","2017-04",0.392610077954359,0.106667890000262,-0.0210632248587567,0.00640552674646886
"Germany","sg_lasso","Total","2017-05",0.392610077954359,0.0585875776561254,0.00751523105484139,0.00102407807617902
"Germany","sg_lasso","Total","2017-06",0.392610077954359,0.0950330960085223,-0.137604178518387,0.0212480972685413
"Germany","sg_lasso","Total","2017-07",0.393331868850305,0.0199499573781079,0.0185150989069691,0.00000080979905889298
"Germany","sg_lasso","Total","2017-08",0.393331868850305,0.247531909359402,0.0372994154747962,0.0173843645239597
"Germany","sg_lasso","Total","2017-09",0.393331868850305,0.189620050223151,0.0308514016974235,0.00991490669424432
"Germany","sg_lasso","Total","2017-10",0.394327125477423,-0.00247424247562454,-0.0725283179067478,0.00193518934521585
"Germany","sg_lasso","Total","2017-11",0.394327125477423,0.0729655043375866,0.11815226678535,0.000805154278231094
"Germany","sg_lasso","Total","2017-12",0.394327125477423,0.0597919080530465,0.012063837561472,0.000898264854465137
"Germany","sg_lasso","Total","2018-01",0.392911979825488,0.0766777880168543,-0.0563865387293941,0.00695694472026908
"Germany","sg_lasso","Total","2018-02",0.392911979825488,0.0665700703777028,-0.212584592724903,0.0306185799144205
"Germany","sg_lasso","Total","2018-03",0.392911979825488,0.0881133762656549,0.151884380231586,0.00159787123685353
"Germany","sg_lasso","Total","2018-04",0.393973352462854,0.0813602842726559,0.0465377496954513,0.00047773559922487
"Germany","sg_lasso","Total","2018-05",0.393973352462854,0.0823444462858104,0.221612627843282,0.00764135995368921
"Germany","sg_lasso","Total","2018-06",0.393973352462854,-0.0183549098695861,-0.162196545640067,0.00815147262673051
"Germany","sg_lasso","Total","2018-07",0.391629183391646,-0.456678710700584,-0.247941170374627,0.0170638164263901
"Germany","sg_lasso","Total","2018-08",0.391629183391646,-0.367111142331973,-0.187195869494883,0.012676842966611
"Germany","sg_lasso","Total","2018-09",0.391629183391646,-0.0682022343697129,-0.0373854802253361,0.000371919401435346
"Germany","sg_lasso","Total","2018-10",0.391374641596125,0.588148106203032,0.239741652932518,0.0475078158027546
"Germany","sg_lasso","Total","2018-11",0.391374641596125,0.386791801177534,0.102840516065031,0.0315558846630755
"Germany","sg_lasso","Total","2018-12",0.391374641596125,0.33652281771693,0.155709014158031,0.0127954583332673
"Germany","sg_lasso","Total","2019-01",0.391435119654497,-0.289051875454882,-0.231925778219618,0.0012774058408232
"Germany","sg_lasso","Total","2019-02",0.391435119654497,-0.140330860827088,0.0102033927973158,0.00887013960777099
"Germany","sg_lasso","Total","2019-03",0.391435119654497,0.304750206885817,0.0019750968438524,0.0358839406218385
"Germany","sg_lasso","Total","2019-04",0.390541037407636,0.232904110796,0.175141697263232,0.00130303877205302
"Germany","sg_lasso","Total","2019-05",0.390541037407636,0.53037448555881,0.198219217435421,0.0430872687355827
"Germany","sg_lasso","Total","2019-06",0.390541037407636,-0.327645973459442,-0.0687212382812151,0.0261826594498598
"Germany","sg_lasso","Total","2019-07",0.391776242484162,0.0867605563098109,-0.0798101221442306,0.0108701417116394
"Germany","sg_lasso","Total","2019-08",0.391776242484162,-0.0636217708799489,-0.0997165536033196,0.000510419150468481
"Germany","sg_lasso","Total","2019-09",0.391776242484162,0.30441086508282,0.121601873626946,0.0130928201430697
"Germany","sg_lasso","Total","2019-10",0.391415415340653,-0.120645277739161,-0.0614159803200387,0.00137312820462501
"Germany","sg_lasso","Total","2019-11",0.391415415340653,-0.405807493218805,-0.0815049958239069,0.0411659850461047
"Germany","sg_lasso","Total","2019-12",0.391415415340653,-0.129650997883353,-0.0814112941106196,0.000910850687021384
"Germany","sg_lasso","Total","2020-01",0.399519130030127,-0.0383113352998026,-0.0282086238572784,0.0000407768315094057
"Germany","sg_lasso","Total","2020-02",0.399519130030127,0.198909345994655,0.0495659509887814,0.00891065479359959
"Germany","sg_lasso","Total","2020-03",0.399519130030127,0.543464528777503,0.225779773494206,0.0403209103654737
"Germany","sg_lasso","Total","2020-04",0.412238662989352,0.762247897838618,0.159321150912596,0.149857271737346
"Germany","sg_lasso","Total","2020-05",0.412238662989352,1.6631016872927,0.21113240130211,0.869087653521677
"Germany","sg_lasso","Total","2020-06",0.412238662989352,0.313217840430742,-0.245397964116757,0.12863974141295
"Germany","sg_lasso","Total","2020-07",0.398481657904316,-6.65333652792352,-3.14685413566779,4.89949885498147
"Germany","sg_lasso","Total","2020-08",0.398481657904316,-6.57661558139772,-2.75065548275616,5.83296282348557
"Germany","sg_lasso","Total","2020-09",0.398481657904316,1.43600729928289,2.50626075017645,0.4564378061711
"Germany","sg_lasso","Total","2020-10",0.400301839210344,3.28336385684492,2.74994193036142,0.113901465673827
"Germany","sg_lasso","Total","2020-11",0.400301839210344,2.25551408478691,0.665119648440672,1.01250524361827
"Germany","sg_lasso","Total","2020-12",0.400301839210344,-2.86974322146691,-2.60864333977791,0.0272898366164302
"Germany","sg_lasso","Total","2021-01",0.396451428454899,-1.90622991692081,-1.08160825646842,0.269587321371243
"Germany","sg_lasso","Total","2021-02",0.396451428454899,-1.07510164175851,0.513243439781949,1.00018356063671
"Germany","sg_lasso","Total","2021-03",0.396451428454899,-0.173651021231671,0.150438981490507,0.0416410101115688
"Germany","sg_lasso","Total","2021-04",0.398040716723166,0.146308573256952,-0.543455726605768,0.189377738157701
"Germany","sg_lasso","Total","2021-05",0.398040716723166,0.275627076876231,0.804798697289097,0.111460397935292
"Germany","sg_lasso","Total","2021-06",0.398040716723166,0.371034674956072,0.143901247328544,0.0205347589496551
"Germany","sg_lasso","Total","2021-07",0.392199367395243,1.26617510189258,1.33121076000474,0.001658860887501
"Germany","sg_lasso","Total","2021-08",0.392199367395243,0.729460920608818,0.441600578075261,0.0324990424024542
"Germany","sg_lasso","Total","2021-09",0.392199367395243,0.125171696541841,0.146438123421727,0.000177376443677161
"Germany","sg_lasso","Total","2021-10",0.390570191489957,0.193698217891023,0.110326598236154,0.00271478581829464
"Germany","sg_lasso","Total","2021-11",0.390570191489957,0.165047996769074,0.0592988722092434,0.00436769854611194
"Germany","sg_lasso","Total","2021-12",0.390570191489957,-0.451795631310947,0.016788703586708,0.0857579964501506
"Germany","sg_lasso","Total","2022-01",0.390895393455862,-0.621780964398527,-0.264578630005774,0.0498757143930978
"Germany","sg_lasso","Total","2022-02",0.390895393455862,-1.49857265974683,-0.54106137395459,0.358383788011771
"Germany","sg_lasso","Total","2022-03",0.390895393455862,0.988613014062699,0.375851216519071,0.146772237673278
"Germany","sg_lasso","Total","2022-04",0.388687197292813,0.67531634292712,0.30282016639435,0.0539316707561358
"Germany","sg_lasso","Total","2022-05",0.388687197292813,0.578409584113745,0.148817517945431,0.0717319670152437
"Germany","sg_lasso","Total","2022-06",0.388687197292813,-1.66768941835654,-0.586083875319627,0.454713705557937
"Germany","sg_lasso","Total","2022-07",0.388250857422374,-0.0476284284602308,-0.0997261554495683,0.00105378005557491
"Germany","sg_lasso","Total","2022-08",0.388250857422374,-0.0473967240057969,-0.0150460075612672,0.000406331255101224
"Germany","sg_lasso","Total","2022-09",0.388250857422374,0.00464813483111461,-0.563823469941053,0.125467133663653
"Germany","sg_lasso","Total","2022-10",0.386970974637792,0.227460931795734,0.167416807910617,0.00139514522163596
"Germany","sg_lasso","Total","2022-11",0.386970974637792,0.0156709474652293,-0.00967496389009284,0.000248596044746606
"Germany","sg_lasso","Total","2022-12",0.386970974637792,-0.174310873685853,-0.017353925654874,0.00953321707428935
"Germany","sg_lasso","Total","2023-01",0.385031708350351,0.630684313142309,0.624493499045813,0.0000147567942432054
"Germany","sg_lasso","Total","2023-02",0.385031708350351,0.724060221152349,0.272444035802469,0.0785299810106254
"Germany","sg_lasso","Total","2023-03",0.385031708350351,0.576618844145194,0.257845276058426,0.0391256083630108
"Germany","sg_lasso","Total","2023-04",0.38381327786846,-0.571126287580416,-0.486780246965139,0.00273054536513285
"Germany","sg_lasso","Total","2023-05",0.38381327786846,-0.682654934317778,-0.157523251278354,0.10584161015193
"Germany","sg_lasso","Total","2023-06",0.38381327786846,-0.791101589641631,-0.31073040161163,0.0885674003216192
"Germany","sg_lasso","Total","2023-07",0.383078512144581,-0.189083514903904,0.207745739087906,0.0603246975422856
"Germany","sg_lasso","Total","2023-08",0.383078512144581,0.00201444950094916,-0.161095033324432,0.0101916901897557
"Germany","sg_lasso","Total","2023-09",0.383078512144581,0.387433683832986,0.164775809846145,0.018991702908515
"Germany","sg_lasso","Total","2023-10",0.381323036718143,-0.0662471773690619,-0.042188252830049,0.000220721918781234
"Germany","sg_lasso","Total","2023-11",0.381323036718143,-0.188955570870888,0.297278401246569,0.0901537176829301
"Germany","sg_lasso","Total","2023-12",0.381323036718143,-0.659826961416492,-0.0575788323428366,0.138306936543678
"Germany","sg_lasso","Total","2024-01",0.380241649233956,0.0317281273869259,0.163113518381358,0.00656377734567676
"Germany","sg_lasso","Total","2024-02",0.380241649233956,0.0834701793713816,-0.0639555010451354,0.00826429795807994
"Germany","sg_lasso","Total","2024-03",0.380241649233956,0.00627629088546229,-0.229884572841225,0.0212068196011843
"Germany","sg_lasso","Total","2024-04",0.378747804308163,0.127009352057132,0.0213017595832019,0.00423216398676839
"Germany","sg_lasso","Total","2024-05",0.378747804308163,-0.380038732491939,-1.14355179107039,0.220791862213893
"Germany","sg_lasso","Total","2024-06",0.378747804308163,-0.308225125599822,-0.551069664384508,0.0223360722815792
"Germany","sg_lasso","Total","2024-07",0.37806011600387,0.138991656913466,-0.644411712498708,0.232023371664344
"Germany","sg_lasso","Total","2024-08",0.37806011600387,0.561792985807372,0.391775827712766,0.0109281429728333
"Germany","sg_lasso","Total","2024-09",0.37806011600387,0.418866723316909,-0.170518095968273,0.131328430611741
"Germany","sg_lasso","Total","2024-10",0.378025553307014,0.343931826479873,0.132378054050007,0.0169185331200986
"Germany","sg_lasso","Total","2024-11",0.378025553307014,0.276544600323607,-0.166287176168947,0.0741308043016988
"Germany","sg_lasso","Total","2024-12",0.378025553307014,0.150075690566316,0.135428916007218,0.000081097067784318
"Germany","sg_lasso","Total","2025-01",0.378181508722935,-0.338126218506505,0.194226839295473,0.107176555672934
"Germany","sg_lasso","Total","2025-02",0.378181508722935,-0.482991529942663,0.533198603901632,0.390526256311416
"Germany","sg_lasso","Total","2025-03",0.378181508722935,-0.270020433722099,0.328835867778502,0.135626807070332
"Germany","sg_lasso","Total","2025-04",0.376927933398326,-0.230674789264301,-0.161845113560569,0.00178570522779668
"Germany","sg_lasso","Total","2025-05",0.376927933398326,-0.335922492753186,-0.69244888058069,0.047911711124427
"Germany","sg_lasso","Total","2025-06",0.376927933398326,0.0702760429064595,-0.0731969800417995,0.00775887617878338
"Germany","sg_lasso","Total","2025-07",0.375774041851694,0.168693908565195,-0.0288157694471258,0.0146589727697679
"Germany","sg_lasso","Total","2025-08",0.375774041851694,0.299387359241909,0.211756935822455,0.00288560310365342
"Germany","sg_lasso","Total","2025-09",0.375774041851694,0.106333834375846,0.332603818315573,0.0192389190885183
"Italy","factor_midas","Total","2013-01",0.209699895814756,-0.0404848355737983,-1.78030226746959,0.634754181455022
"Italy","factor_midas","Total","2013-02",0.209699895814756,-0.593239384885828,0.307694198632951,0.170209488639727
"Italy","factor_midas","Total","2013-03",0.209699895814756,2.86985960940933,0.619016680026513,1.06240130147716
"Italy","factor_midas","Total","2013-04",0.208250903771584,-0.467239951011886,-1.38812368473969,0.17660235815258
"Italy","factor_midas","Total","2013-05",0.208250903771584,-2.93026720266409,-1.05621467295109,0.731392352230436
"Italy","factor_midas","Total","2013-06",0.208250903771584,1.79310418872693,0.694331541151111,0.251421593318041
"Italy","factor_midas","Total","2013-07",0.208525255446793,0.00971455952616428,-0.0949427260538443,0.0022840078647394
"Italy","factor_midas","Total","2013-08",0.208525255446793,0.107740506178018,0.35502035321867,0.0127507610968417
"Italy","factor_midas","Total","2013-09",0.208525255446793,-0.0937519082754445,-0.0213337585682289,0.00109358743223536
"Italy","factor_midas","Total","2013-10",0.207779638643349,-0.0209539098377498,-0.13533564842677,0.00271841885374871
"Italy","factor_midas","Total","2013-11",0.207779638643349,-0.504064478736992,1.10197927147308,0.535941922827545
"Italy","factor_midas","Total","2013-12",0.207779638643349,-0.4060551905286,-0.159563755851547,0.0126242809714451
"Italy","factor_midas","Total","2014-01",0.206904573666106,-0.0255109754110188,0.192403844720395,0.0098252503506108
"Italy","factor_midas","Total","2014-02",0.206904573666106,-0.643517680943138,-0.423475321570533,0.0100180380497808
"Italy","factor_midas","Total","2014-03",0.206904573666106,-0.0938884172435172,0.0163900734757484,0.00251623800905332
"Italy","factor_midas","Total","2014-04",0.20668203889626,-0.00818343068373682,0.553265898404787,0.065151417870791
"Italy","factor_midas","Total","2014-05",0.20668203889626,-0.624084967850186,-1.10478090571944,0.0477577262073634
"Italy","factor_midas","Total","2014-06",0.20668203889626,-0.188122639396755,-0.103687577118929,0.00147349407290949
"Italy","factor_midas","Total","2014-07",0.205661836220521,-0.0382399184471767,0.359442913546236,0.0325257556270583
"Italy","factor_midas","Total","2014-08",0.205661836220521,0.365729919778055,0.236334315480811,0.0034434418653872
"Italy","factor_midas","Total","2014-09",0.205661836220521,0.281427568636735,-0.18339421264789,0.0444351499759197
"Italy","factor_midas","Total","2014-10",0.204709268192204,-0.0191191941139692,-0.425867816017222,0.0338680105295962
"Italy","factor_midas","Total","2014-11",0.204709268192204,-0.554794169762069,-0.0408754316725597,0.0540662703230221
"Italy","factor_midas","Total","2014-12",0.204709268192204,0.105798599543251,-0.534397209770135,0.0839002315963418
"Italy","factor_midas","Total","2015-01",0.204874119304992,-0.0598176044871625,0.363589660993363,0.0367285439551264
"Italy","factor_midas","Total","2015-02",0.204874119304992,0.0331556942355546,-0.254982132247077,0.0170093474010963
"Italy","factor_midas","Total","2015-03",0.204874119304992,-0.0365884003352433,-0.283166656892608,0.0124565178528391
"Italy","factor_midas","Total","2015-04",0.204829226509382,-0.0390112004924854,-0.213976648011381,0.00627041823109755
"Italy","factor_midas","Total","2015-05",0.204829226509382,0.111249701093172,-0.680368941582101,0.128358298534851
"Italy","factor_midas","Total","2015-06",0.204829226509382,0.143130825376768,0.458568619076539,0.0203807132139274
"Italy","factor_midas","Total","2015-07",0.204046139732661,-0.0214276247278626,-0.10033859328196,0.00127058326485283
"Italy","factor_midas","Total","2015-08",0.204046139732661,-0.152838005489264,-0.074950218343242,0.00123784741387583
"Italy","factor_midas","Total","2015-09",0.204046139732661,-0.475788673830024,-0.173743623291825,0.0186153767449007
"Italy","factor_midas","Total","2015-10",0.204016781969978,0.0462015453610187,0.0399449533731234,0.00000798622536307446
"Italy","factor_midas","Total","2015-11",0.204016781969978,-0.143272746137737,-0.674530791888273,0.0575806991407971
"Italy","factor_midas","Total","2015-12",0.204016781969978,0.15551586058109,-1.85069159775122,0.821140691857196
"Italy","factor_midas","Total","2016-01",0.203288838691812,-0.180057315943266,-0.168700200558925,0.0000262210217702097
"Italy","factor_midas","Total","2016-02",0.203288838691812,0.267768559999634,0.329867253901161,0.000783932133773248
"Italy","factor_midas","Total","2016-03",0.203288838691812,-0.0532138825893726,0.1475641782716,0.00819494504994953
"Italy","factor_midas","Total","2016-04",0.203654496006923,-0.0624051222377516,-0.0738096307573826,0.0000264878769513785
"Italy","factor_midas","Total","2016-05",0.203654496006923,0.0219116703481387,0.173891315961611,0.00470397340036994
"Italy","factor_midas","Total","2016-06",0.203654496006923,-0.117479584981095,-0.0468443576196519,0.00101610057497387
"Italy","factor_midas","Total","2016-07",0.204169143670185,0.0118633674203785,-0.221639243262767,0.0111320100156434
"Italy","factor_midas","Total","2016-08",0.204169143670185,0.143761109448538,0.181166972517313,0.00028567317833682
"Italy","factor_midas","Total","2016-09",0.204169143670185,0.0759030162031491,0.110580781371245,0.000245523072279241
"Italy","factor_midas","Total","2016-10",0.203886723911051,0.0404821303865387,0.6585577636888,0.077888294203321
"Italy","factor_midas","Total","2016-11",0.203886723911051,0.0139483567746696,-0.395905924184782,0.0342490002729994
"Italy","factor_midas","Total","2016-12",0.203886723911051,0.360406750515124,0.407250844304075,0.000447402731521285
"Italy","factor_midas","Total","2017-01",0.203069947623657,0.164358033264179,-0.043647392750447,0.00878607659393905
"Italy","factor_midas","Total","2017-02",0.203069947623657,-0.030751407946656,-0.0111054403030428,0.0000783776983324814
"Italy","factor_midas","Total","2017-03",0.203069947623657,0.115991711915054,-0.269711415134522,0.0302100870411005
"Italy","factor_midas","Total","2017-04",0.20250657510845,-0.353669383268925,-0.00488526280728759,0.0246349983082827
"Italy","factor_midas","Total","2017-05",0.20250657510845,0.476492727504742,0.277996527442225,0.00797890920559787
"Italy","factor_midas","Total","2017-06",0.20250657510845,-0.223595439832357,0.0319959934680914,0.0132291431392403
"Italy","factor_midas","Total","2017-07",0.201432605360771,-0.127047816726864,0.0187814979782601,0.00428370386187703
"Italy","factor_midas","Total","2017-08",0.201432605360771,-0.201099184759173,0.13804042852869,0.0231679075360826
"Italy","factor_midas","Total","2017-09",0.201432605360771,0.0247754867855841,-0.0516764936638822,0.00117735450561608
"Italy","factor_midas","Total","2017-10",0.201103554039775,0.340838854989231,-0.0603095501124401,0.0323615925465632
"Italy","factor_midas","Total","2017-11",0.201103554039775,0.150754121994216,0.18399116696649,0.000222159329123989
"Italy","factor_midas","Total","2017-12",0.201103554039775,0.0454679511586642,0.0610224937261819,0.0000486557569487459
"Italy","factor_midas","Total","2018-01",0.201204811679074,-0.10529807328314,0.0261806745610718,0.00347815939816362
"Italy","factor_midas","Total","2018-02",0.201204811679074,-0.385013832230563,-0.188904430865323,0.0077381151894025
"Italy","factor_midas","Total","2018-03",0.201204811679074,-0.0361124723965965,0.0323858250321431,0.000944056346706791
"Italy","factor_midas","Total","2018-04",0.200733560624334,0.0107908511955707,0.0861225448864014,0.00113913567169921
"Italy","factor_midas","Total","2018-05",0.200733560624334,0.232945094650994,0.337594563682598,0.00219833587123627
"Italy","factor_midas","Total","2018-06",0.200733560624334,-0.133993826833837,0.0841893198269053,0.00955569743331503
"Italy","factor_midas","Total","2018-07",0.200676608264872,-0.00076275166616637,-0.00283702992854674,0.000000863437257185031
"Italy","factor_midas","Total","2018-08",0.200676608264872,0.175682825163265,0.30896210736438,0.00356469225377638
"Italy","factor_midas","Total","2018-09",0.200676608264872,-0.059196162745707,-0.00241819425672061,0.000646928748722746
"Italy","factor_midas","Total","2018-10",0.200211659801942,-0.0515591411243735,0.0624755979991913,0.0026035367528931
"Italy","factor_midas","Total","2018-11",0.200211659801942,-0.120077820798103,-0.117414045726722,0.00000142064140013727
"Italy","factor_midas","Total","2018-12",0.200211659801942,-0.0690626601036123,-0.123700788356247,0.000597696885100984
"Italy","factor_midas","Total","2019-01",0.199384424564197,-0.0633816435039467,0.0301896161027077,0.00174572640451662
"Italy","factor_midas","Total","2019-02",0.199384424564197,-0.0178356135763025,0.0169985814744793,0.000241937276717136
"Italy","factor_midas","Total","2019-03",0.199384424564197,0.0446331737139948,-0.00271438437775627,0.000446978259820186
"Italy","factor_midas","Total","2019-04",0.199602036133413,-0.0420278983856,0.043105737187616,0.00144666284417751
"Italy","factor_midas","Total","2019-05",0.199602036133413,0.114808085908079,0.0283767218333262,0.00149110319757792
"Italy","factor_midas","Total","2019-06",0.199602036133413,-0.00991511393993058,0.0587259629869199,0.00094044444279987
"Italy","factor_midas","Total","2019-07",0.198388459592404,-0.0388088271346512,-0.012661953633251,0.000135630054685961
"Italy","factor_midas","Total","2019-08",0.198388459592404,0.138372781813088,-0.274982084128267,0.0338970976272108
"Italy","factor_midas","Total","2019-09",0.198388459592404,-0.12187985689121,0.0634082820222227,0.00681101197157842
"Italy","factor_midas","Total","2019-10",0.198346611898871,-0.0281357655628783,-0.00301225821852812,0.000125194521193553
"Italy","factor_midas","Total","2019-11",0.198346611898871,0.0701483637916148,-0.105777607873495,0.00613881722632508
"Italy","factor_midas","Total","2019-12",0.198346611898871,0.0152434808822512,-0.0502443717671593,0.000850640951422668
"Italy","factor_midas","Total","2020-01",0.194877598535108,-0.0324914795122635,0.0100849637752735,0.000353265053301581
"Italy","factor_midas","Total","2020-02",0.194877598535108,0.00643395385584173,-0.0475594120272787,0.000568123459102516
"Italy","factor_midas","Total","2020-03",0.194877598535108,-1.87012067067702,-0.414219934760813,0.413071707911982
"Italy","factor_midas","Total","2020-04",0.193110355407777,-0.638803748664388,0.536764708117697,0.266871017831516
"Italy","factor_midas","Total","2020-05",0.193110355407777,0.499933184935745,0.493843943993312,0.00000716031091640679
"Italy","factor_midas","Total","2020-06",0.193110355407777,-0.0270100011584703,-0.242711933453617,0.00898490799576914
"Italy","factor_midas","Total","2020-07",0.19610972850227,-4.64373113434313,-0.0468907871021887,4.14398313741938
"Italy","factor_midas","Total","2020-08",0.19610972850227,6.76097145927319,3.92527407674479,1.57695355707353
"Italy","factor_midas","Total","2020-09",0.19610972850227,0.392212093837387,-0.583597179443734,0.186736416503007
"Italy","factor_midas","Total","2020-10",0.195652775549489,4.78691836790516,2.13133120963964,1.37977138187639
"Italy","factor_midas","Total","2020-11",0.195652775549489,2.89588104476653,-0.190636238659044,1.86390356780318
"Italy","factor_midas","Total","2020-12",0.195652775549489,-1.58909163653138,-0.155557390583916,0.402070451782529
"Italy","factor_midas","Total","2021-01",0.198189403368751,-0.812944599248843,0.182724447451357,0.196476422737393
"Italy","factor_midas","Total","2021-02",0.198189403368751,-1.64748591975614,-0.14581195332333,0.446922000164558
"Italy","factor_midas","Total","2021-03",0.198189403368751,-0.155037994364326,-0.140762969592467,0.0000403863097067569
"Italy","factor_midas","Total","2021-04",0.199328377448272,0.574763964979338,-0.39318141302603,0.18675439553134
"Italy","factor_midas","Total","2021-05",0.199328377448272,-0.204616946546005,0.529616176222788,0.107457585152677
"Italy","factor_midas","Total","2021-06",0.199328377448272,1.04001368605439,-0.171096743281659,0.292372566192871
"Italy","factor_midas","Total","2021-07",0.200848911448079,0.0304326621958427,0.220350377783575,0.00724436690400774
"Italy","factor_midas","Total","2021-08",0.200848911448079,0.39660418300384,-0.187171361639821,0.0684480811365062
"Italy","factor_midas","Total","2021-09",0.200848911448079,-0.948816959725183,-0.0872654923028661,0.149084308494427
"Italy","factor_midas","Total","2021-10",0.202165502166925,-0.761066732439735,-0.0860468178341409,0.0921170921674066
"Italy","factor_midas","Total","2021-11",0.202165502166925,0.115207097310254,0.399070633677473,0.0162901943879007
"Italy","factor_midas","Total","2021-12",0.202165502166925,-0.0174997795358113,-0.646293670776071,0.0799325515851909
"Italy","factor_midas","Total","2022-01",0.202390814255213,2.43579777883301,2.65119238488218,0.00938988869904588
"Italy","factor_midas","Total","2022-02",0.202390814255213,-1.45454020997003,-2.05374525684217,0.0726677515798383
"Italy","factor_midas","Total","2022-03",0.202390814255213,-0.113649969587103,0.743400611149625,0.148663278005833
"Italy","factor_midas","Total","2022-04",0.204124146403336,-2.40705083729933,-1.72568799599147,0.0947657212174774
"Italy","factor_midas","Total","2022-05",0.204124146403336,0.836702892709188,0.204808603036004,0.0815048107038192
"Italy","factor_midas","Total","2022-06",0.204124146403336,0.114425507220114,0.36662550480261,0.012983283423214
"Italy","factor_midas","Total","2022-07",0.2035819371157,-0.0879550444207203,-0.56455639885055,0.0462434031092139
"Italy","factor_midas","Total","2022-08",0.2035819371157,-0.0269056345698397,-0.0289354606340291,0.000000838797045450822
"Italy","factor_midas","Total","2022-09",0.2035819371157,-0.0908240071554618,0.346383597522428,0.0389147869509757
"Italy","factor_midas","Total","2022-10",0.203125856367955,-0.490998245223551,-0.363852840705401,0.00328372322792822
"Italy","factor_midas","Total","2022-11",0.203125856367955,0.412978302761561,-0.194855319649979,0.0750472267536264
"Italy","factor_midas","Total","2022-12",0.203125856367955,0.288918856707242,-0.170462934721219,0.0428659806246052
"Italy","factor_midas","Total","2023-01",0.204232691168473,-0.634717827369868,0.629170436310876,0.326244066810136
"Italy","factor_midas","Total","2023-02",0.204232691168473,-0.376777499987499,-0.259660770780737,0.00280132263350838
"Italy","factor_midas","Total","2023-03",0.204232691168473,-0.0488865197137017,0.0308008159249081,0.001296892183629
"Italy","factor_midas","Total","2023-04",0.203849645427953,0.22472337906681,-0.194169137420847,0.0357696889772038
"Italy","factor_midas","Total","2023-05",0.203849645427953,-0.0732729308673212,0.190828521476597,0.0142184265667342
"Italy","factor_midas","Total","2023-06",0.203849645427953,-0.272335866548404,0.014626818489345,0.0167865255156896
"Italy","factor_midas","Total","2023-07",0.203616360995929,-0.207074147563953,0.277573367449912,0.0478260652548406
"Italy","factor_midas","Total","2023-08",0.203616360995929,0.113929904765997,-0.323205130963402,0.0389084476087671
"Italy","factor_midas","Total","2023-09",0.203616360995929,0.0451626634020592,0.137767741384161,0.00174615292229973
"Italy","factor_midas","Total","2023-10",0.20394080532499,-0.119987398420959,-0.111725106656854,0.0000139221139477933
"Italy","factor_midas","Total","2023-11",0.20394080532499,-0.056590415289408,-0.158975720367729,0.00213786061895946
"Italy","factor_midas","Total","2023-12",0.20394080532499,0.104224233319488,0.195375045560863,0.00169443617952617
"Italy","factor_midas","Total","2024-01",0.203744291792372,-0.0667343632483422,0.0471994628147697,0.00264478768421321
"Italy","factor_midas","Total","2024-02",0.203744291792372,0.0502218289531456,0.146685589933056,0.00189589303457179
"Italy","factor_midas","Total","2024-03",0.203744291792372,0.0555234412612043,-0.174164126386962,0.0107488110223082
"Italy","factor_midas","Total","2024-04",0.20394998844709,-0.046722497162982,0.467017133801874,0.0538281958489145
"Italy","factor_midas","Total","2024-05",0.20394998844709,-0.168231733352711,-0.356679260585713,0.00724276795232915
"Italy","factor_midas","Total","2024-06",0.20394998844709,-0.0970660537149346,-0.111906486545795,0.0000449176286411577
"Italy","factor_midas","Total","2024-07",0.20349597842287,-0.119495157568476,-0.293029806351741,0.00612813371893849
"Italy","factor_midas","Total","2024-08",0.20349597842287,0.00310033207863182,0.0680365693561034,0.000858084526698114
"Italy","factor_midas","Total","2024-09",0.20349597842287,-0.059153376460309,-0.177671104856687,0.00285839648176246
"Italy","factor_midas","Total","2024-10",0.203355344842492,0.125358947338226,0.269408525115651,0.00421968051942755
"Italy","factor_midas","Total","2024-11",0.203355344842492,-0.125316733093707,-0.0872599687441593,0.000294523066577045
"Italy","factor_midas","Total","2024-12",0.203355344842492,0.0424910186067849,0.124801722197469,0.00137774302065484
"Italy","factor_midas","Total","2025-01",0.203304659888025,0.168278760378637,0.0481068544588661,0.00293598093626716
"Italy","factor_midas","Total","2025-02",0.203304659888025,-0.115521964792152,-0.66521715916218,0.0614315132590195
"Italy","factor_midas","Total","2025-03",0.203304659888025,0.036231765133395,-0.0418425024899269,0.00123926210893059
"Italy","factor_midas","Total","2025-04",0.203101379053759,-0.163336230931902,-0.123476301068838,0.000322690316224548
"Italy","factor_midas","Total","2025-05",0.203101379053759,0.0861890745154831,-0.0130151463097623,0.00199881763786684
"Italy","factor_midas","Total","2025-06",0.203101379053759,-0.0653806031819963,0.0256709021498007,0.00168378692504417
"Italy","factor_midas","Total","2025-07",0.203002938093055,-0.0929061441223063,-0.0451733758584391,0.000462525378926456
"Italy","factor_midas","Total","2025-08",0.203002938093055,-0.0224953739236593,0.187649057687728,0.00896474822205988
"Italy","factor_midas","Total","2025-09",0.203002938093055,0.0416800279298648,-0.0249622502362173,0.000901575276189599
"Italy","sg_lasso","Total","2013-01",0.209699895814756,0.599595286441565,-0.0193977508685647,0.0803470142171721
"Italy","sg_lasso","Total","2013-02",0.209699895814756,-0.790397996200735,0.198712223980936,0.205157592173454
"Italy","sg_lasso","Total","2013-03",0.209699895814756,0.653412172946251,0.119468330016068,0.0597846072436207
"Italy","sg_lasso","Total","2013-04",0.208250903771584,0.651720014407769,0.744560750177386,0.00179499830192004
"Italy","sg_lasso","Total","2013-05",0.208250903771584,-0.0781559636905222,-0.0825026399144141,0.00000393460806667459
"Italy","sg_lasso","Total","2013-06",0.208250903771584,-0.163105211533888,0.841092862134353,0.210003079219574
"Italy","sg_lasso","Total","2013-07",0.208525255446793,-0.280710468676197,-0.94379654962699,0.0916850413259367
"Italy","sg_lasso","Total","2013-08",0.208525255446793,0.188180363570939,0.508097597899731,0.0213419419972345
"Italy","sg_lasso","Total","2013-09",0.208525255446793,0.308071805075822,0.296792551282544,0.0000265289095762653
"Italy","sg_lasso","Total","2013-10",0.207779638643349,-0.0400749931151977,0.661779952031515,0.10235232563309
"Italy","sg_lasso","Total","2013-11",0.207779638643349,-0.0362081558900401,0.0295367788960508,0.000898105972459975
"Italy","sg_lasso","Total","2013-12",0.207779638643349,-0.0700844568478952,-0.53059354801862,0.0440635418651059
"Italy","sg_lasso","Total","2014-01",0.206904573666106,-0.0130133083307725,0.244508426235566,0.013721382430697
"Italy","sg_lasso","Total","2014-02",0.206904573666106,-0.00359048651918767,-0.178456972415756,0.00632678761928156
"Italy","sg_lasso","Total","2014-03",0.206904573666106,-0.0106771180061572,-0.11210088274349,0.00212838184136515
"Italy","sg_lasso","Total","2014-04",0.20668203889626,-0.0805052552094543,-0.16221565363924,0.00137993107111682
"Italy","sg_lasso","Total","2014-05",0.20668203889626,-0.102857931590986,0.456511828261782,0.0646696790556601
"Italy","sg_lasso","Total","2014-06",0.20668203889626,-0.127651318548619,-0.162532213602192,0.000251465249914981
"Italy","sg_lasso","Total","2014-07",0.205661836220521,0.0127691003922328,0.197426880490357,0.00701275924846047
"Italy","sg_lasso","Total","2014-08",0.205661836220521,0.00583121054401321,-0.13216962349223,0.00391667135124806
"Italy","sg_lasso","Total","2014-09",0.205661836220521,0.0197633336589171,-0.250777934120696,0.0150529199011294
"Italy","sg_lasso","Total","2014-10",0.204709268192204,-0.0539301287156682,-0.0674398688660309,0.0000373621188233324
"Italy","sg_lasso","Total","2014-11",0.204709268192204,-0.0566277832473843,-0.0343839943457736,0.00010128730959306
"Italy","sg_lasso","Total","2014-12",0.204709268192204,-0.0594405614425472,0.084298211235668,0.00422946436621957
"Italy","sg_lasso","Total","2015-01",0.204874119304992,0.197809573078331,0.0566198642198223,0.00408407007396741
"Italy","sg_lasso","Total","2015-02",0.204874119304992,-0.0512087620099863,0.218346691706547,0.0148861827295534
"Italy","sg_lasso","Total","2015-03",0.204874119304992,-0.160531492864623,-0.291112333351328,0.00349338152342217
"Italy","sg_lasso","Total","2015-04",0.204829226509382,-0.276048518775838,-0.0148905860729054,0.013970063147873
"Italy","sg_lasso","Total","2015-05",0.204829226509382,-0.329878965692093,-0.204991683999168,0.00319468726573689
"Italy","sg_lasso","Total","2015-06",0.204829226509382,1.91092763950407,0.544924150922985,0.382204276370148
"Italy","sg_lasso","Total","2015-07",0.204046139732661,-0.15411260748347,-0.00042045642195648,0.0048198304481943
"Italy","sg_lasso","Total","2015-08",0.204046139732661,0.0545578636999613,0.0131731699703783,0.000349468369710029
"Italy","sg_lasso","Total","2015-09",0.204046139732661,0.0540953929314447,0.0381111557060649,0.000052132939803891
"Italy","sg_lasso","Total","2015-10",0.204016781969978,0.415071316962102,0.0694175767459447,0.0243752127087579
"Italy","sg_lasso","Total","2015-11",0.204016781969978,-0.236624271381172,-0.17125937626655,0.000871675882855786
"Italy","sg_lasso","Total","2015-12",0.204016781969978,-0.997923971407432,-0.305694424732479,0.097761117652785
"Italy","sg_lasso","Total","2016-01",0.203288838691812,-0.13129546548138,0.00813337160583847,0.00395201646401426
"Italy","sg_lasso","Total","2016-02",0.203288838691812,0.64938877333325,0.147019505434948,0.0513049965402904
"Italy","sg_lasso","Total","2016-03",0.203288838691812,0.307702166853997,0.0390238332562193,0.0146750242308544
"Italy","sg_lasso","Total","2016-04",0.203654496006923,-0.129738988022629,0.0234404760017701,0.00477853854475961
"Italy","sg_lasso","Total","2016-05",0.203654496006923,-0.281855924488423,-0.0397467583189056,0.0119375847068688
"Italy","sg_lasso","Total","2016-06",0.203654496006923,-0.00234749508787874,0.0614000321347683,0.000827600393414648
"Italy","sg_lasso","Total","2016-07",0.204169143670185,-0.0259203578559389,-0.0231505119827234,0.00000156639509496483
"Italy","sg_lasso","Total","2016-08",0.204169143670185,0.0132730351600173,0.0275809462494549,0.0000417967556972915
"Italy","sg_lasso","Total","2016-09",0.204169143670185,-0.0684862682343334,0.0121738210249686,0.00132833465703628
"Italy","sg_lasso","Total","2016-10",0.203886723911051,-0.369035594575858,0.0445733403732073,0.0348793812113622
"Italy","sg_lasso","Total","2016-11",0.203886723911051,0.348771093736209,0.222547653336575,0.00324839605381121
"Italy","sg_lasso","Total","2016-12",0.203886723911051,0.0842128369351694,-0.0582759674042365,0.00413952425870475
"Italy","sg_lasso","Total","2017-01",0.203069947623657,-0.00975404263143797,0.0234715061484123,0.000224176447395841
"Italy","sg_lasso","Total","2017-02",0.203069947623657,-0.0347968670952192,0.0440075899297424,0.00126109330144754
"Italy","sg_lasso","Total","2017-03",0.203069947623657,0.0386368155625944,0.0474996799382612,0.0000159512184944821
"Italy","sg_lasso","Total","2017-04",0.20250657510845,-0.174627785163263,-0.0210632248587567,0.00477552507645228
"Italy","sg_lasso","Total","2017-05",0.20250657510845,0.315606332605368,0.00751523105484139,0.0192219497981881
"Italy","sg_lasso","Total","2017-06",0.20250657510845,-0.438963729189366,-0.137604178518387,0.0183911568385041
"Italy","sg_lasso","Total","2017-07",0.201432605360771,0.222222846520209,0.0185150989069691,0.0083588178921936
"Italy","sg_lasso","Total","2017-08",0.201432605360771,-0.332609694905049,0.0372994154747962,0.0275625773194977
"Italy","sg_lasso","Total","2017-09",0.201432605360771,-0.352284031573782,0.0308514016974235,0.0295688481408077
"Italy","sg_lasso","Total","2017-10",0.201103554039775,-0.204527301190991,-0.0725283179067478,0.00350397434699673
"Italy","sg_lasso","Total","2017-11",0.201103554039775,0.508987654785596,0.11815226678535,0.0307190305209769
"Italy","sg_lasso","Total","2017-12",0.201103554039775,0.0965613574605291,0.012063837561472,0.0014358453630172
"Italy","sg_lasso","Total","2018-01",0.201204811679074,-0.250004177767673,-0.0563865387293941,0.00754272375674294
"Italy","sg_lasso","Total","2018-02",0.201204811679074,-0.78262946830505,-0.212584592724903,0.0653817369879445
"Italy","sg_lasso","Total","2018-03",0.201204811679074,0.828271472636622,0.151884380231586,0.0920511004937187
"Italy","sg_lasso","Total","2018-04",0.200733560624334,0.0632306233639269,0.0465377496954513,0.0000559348144203981
"Italy","sg_lasso","Total","2018-05",0.200733560624334,0.482746203296535,0.221612627843282,0.0136881708907104
"Italy","sg_lasso","Total","2018-06",0.200733560624334,-0.624729181162991,-0.162196545640067,0.0429442231324611
"Italy","sg_lasso","Total","2018-07",0.200676608264872,-0.0678552194831049,-0.247941170374627,0.00650813299031116
"Italy","sg_lasso","Total","2018-08",0.200676608264872,0.0403397512278581,-0.187195869494883,0.0103895214129842
"Italy","sg_lasso","Total","2018-09",0.200676608264872,-0.0207072960144076,-0.0373854802253361,0.0000558205723069171
"Italy","sg_lasso","Total","2018-10",0.200211659801942,-0.0209064240462249,0.239741652932518,0.0136018636274119
"Italy","sg_lasso","Total","2018-11",0.200211659801942,-0.0456762758043917,0.102840516065031,0.00441611612395078
"Italy","sg_lasso","Total","2018-12",0.200211659801942,0.0283090030757709,0.155709014158031,0.00324958796479666
"Italy","sg_lasso","Total","2019-01",0.199384424564197,-0.0352810857302355,-0.231925778219618,0.00771002324716711
"Italy","sg_lasso","Total","2019-02",0.199384424564197,-0.0270484557535941,0.0102033927973158,0.000276685809924012
"Italy","sg_lasso","Total","2019-03",0.199384424564197,-0.135502837561489,0.0019750968438524,0.00376840200162445
"Italy","sg_lasso","Total","2019-04",0.199602036133413,-0.0321650300334331,0.175141697263232,0.00857811290984854
"Italy","sg_lasso","Total","2019-05",0.199602036133413,-0.0311190350204486,0.198219217435421,0.010498275486829
"Italy","sg_lasso","Total","2019-06",0.199602036133413,-0.0334972434313556,-0.0687212382812151,0.000247652197002742
"Italy","sg_lasso","Total","2019-07",0.198388459592404,-0.0320368390283546,-0.0798101221442306,0.000452779318889077
"Italy","sg_lasso","Total","2019-08",0.198388459592404,-0.0303280941703994,-0.0997165536033196,0.000955192482937554
"Italy","sg_lasso","Total","2019-09",0.198388459592404,-0.0323754323146633,0.121601873626946,0.00470359412016745
"Italy","sg_lasso","Total","2019-10",0.198346611898871,-0.0435839601872524,-0.0614159803200387,0.0000630704424973044
"Italy","sg_lasso","Total","2019-11",0.198346611898871,-0.0324717004219481,-0.0815049958239069,0.000476877630009723
"Italy","sg_lasso","Total","2019-12",0.198346611898871,-0.0349410914809046,-0.0814112941106196,0.000428325488395097
"Italy","sg_lasso","Total","2020-01",0.194877598535108,-0.0328227346229969,-0.0282086238572784,0.00000414894761146211
"Italy","sg_lasso","Total","2020-02",0.194877598535108,-0.0268437065768003,0.0495659509887814,0.0011377803419206
"Italy","sg_lasso","Total","2020-03",0.194877598535108,-0.0444721946615922,0.225779773494206,0.0142331048981079
"Italy","sg_lasso","Total","2020-04",0.193110355407777,-0.0467620539158864,0.159321150912596,0.00820145227716377
"Italy","sg_lasso","Total","2020-05",0.193110355407777,-0.0467620539158864,0.21113240130211,0.012843682844727
"Italy","sg_lasso","Total","2020-06",0.193110355407777,-0.0373962387582717,-0.245397964116757,0.00835486502172652
"Italy","sg_lasso","Total","2020-07",0.19610972850227,-1.49388092276229,-3.14685413566779,0.53583462017618
"Italy","sg_lasso","Total","2020-08",0.19610972850227,-2.30608035799124,-2.75065548275616,0.0387605076595587
"Italy","sg_lasso","Total","2020-09",0.19610972850227,0.152320983439436,2.50626075017645,1.08665036457255
"Italy","sg_lasso","Total","2020-10",0.195652775549489,7.24207994058446,2.74994193036142,3.94813681725717
"Italy","sg_lasso","Total","2020-11",0.195652775549489,4.97872201673949,0.665119648440672,3.64054355401273
"Italy","sg_lasso","Total","2020-12",0.195652775549489,-2.00010211307484,-2.60864333977791,0.0724546102206731
"Italy","sg_lasso","Total","2021-01",0.198189403368751,-2.2731326943153,-1.08160825646842,0.281375537962056
"Italy","sg_lasso","Total","2021-02",0.198189403368751,-0.992429189346074,0.513243439781949,0.449305300008495
"Italy","sg_lasso","Total","2021-03",0.198189403368751,0.803826008702993,0.150438981490507,0.0846099513160519
"Italy","sg_lasso","Total","2021-04",0.199328377448272,1.01177096998128,-0.543455726605768,0.482121541888632
"Italy","sg_lasso","Total","2021-05",0.199328377448272,0.596081431849251,0.804798697289097,0.0086833215545657
"Italy","sg_lasso","Total","2021-06",0.199328377448272,-0.273969069169515,0.143901247328544,0.034805844506247
"Italy","sg_lasso","Total","2021-07",0.200848911448079,-0.0588575712097906,1.33121076000474,0.388098336161785
"Italy","sg_lasso","Total","2021-08",0.200848911448079,-0.698509141213355,0.441600578075261,0.261073492095086
"Italy","sg_lasso","Total","2021-09",0.200848911448079,-0.315967107924549,0.146438123421727,0.042945232650915
"Italy","sg_lasso","Total","2021-10",0.202165502166925,-0.173158279495758,0.110326598236154,0.0162467628948448
"Italy","sg_lasso","Total","2021-11",0.202165502166925,0.768445939095404,0.0592988722092434,0.101666920931909
"Italy","sg_lasso","Total","2021-12",0.202165502166925,0.183667150852625,0.016788703586708,0.00562998903792063
"Italy","sg_lasso","Total","2022-01",0.202390814255213,-0.648297053810199,-0.264578630005774,0.0297999888349416
"Italy","sg_lasso","Total","2022-02",0.202390814255213,-0.766465671895983,-0.54106137395459,0.0102828898391323
"Italy","sg_lasso","Total","2022-03",0.202390814255213,-0.351172741178325,0.375851216519071,0.106976464964863
"Italy","sg_lasso","Total","2022-04",0.204124146403336,0.377101785613492,0.30282016639435,0.00112630783650739
"Italy","sg_lasso","Total","2022-05",0.204124146403336,-0.0316707197170364,0.148817517945431,0.00664954899636221
"Italy","sg_lasso","Total","2022-06",0.204124146403336,0.0461163357474211,-0.586083875319627,0.0815837482774508
"Italy","sg_lasso","Total","2022-07",0.2035819371157,-0.621269017939132,-0.0997261554495683,0.0553757032992508
"Italy","sg_lasso","Total","2022-08",0.2035819371157,-0.361750825385988,-0.0150460075612672,0.0244714101359934
"Italy","sg_lasso","Total","2022-09",0.2035819371157,0.21717677909797,-0.563823469941053,0.124177121138203
"Italy","sg_lasso","Total","2022-10",0.203125856367955,-0.293890163958165,0.167416807910617,0.0432260195797511
"Italy","sg_lasso","Total","2022-11",0.203125856367955,0.120316877809466,-0.00967496389009284,0.0034323961240795
"Italy","sg_lasso","Total","2022-12",0.203125856367955,0.176758447960821,-0.017353925654874,0.00765370377822843
"Italy","sg_lasso","Total","2023-01",0.204232691168473,0.972873503938806,0.624493499045813,0.0247874414809062
"Italy","sg_lasso","Total","2023-02",0.204232691168473,0.563695701661009,0.272444035802469,0.0173245553222775
"Italy","sg_lasso","Total","2023-03",0.204232691168473,0.229206377448231,0.257845276058426,0.000167508898933636
"Italy","sg_lasso","Total","2023-04",0.203849645427953,-0.186791715682984,-0.486780246965139,0.0183450653788886
"Italy","sg_lasso","Total","2023-05",0.203849645427953,-0.394575481009153,-0.157523251278354,0.0114550779738706
"Italy","sg_lasso","Total","2023-06",0.203849645427953,-0.164109567739627,-0.31073040161163,0.00438229218795434
"Italy","sg_lasso","Total","2023-07",0.203616360995929,-0.0106537839886768,0.207745739087906,0.0097121647946017
"Italy","sg_lasso","Total","2023-08",0.203616360995929,-0.356602926739251,-0.161095033324432,0.00778289666034606
"Italy","sg_lasso","Total","2023-09",0.203616360995929,-0.421213603336901,0.164775809846145,0.0699185175025845
"Italy","sg_lasso","Total","2023-10",0.20394080532499,0.225964937447432,-0.042188252830049,0.014664594764821
"Italy","sg_lasso","Total","2023-11",0.20394080532499,0.241808791596721,0.297278401246569,0.000627500894550876
"Italy","sg_lasso","Total","2023-12",0.20394080532499,0.159982935437327,-0.0575788323428366,0.00965315518230314
"Italy","sg_lasso","Total","2024-01",0.203744291792372,0.202049192483849,0.163113518381358,0.000308873640187941
"Italy","sg_lasso","Total","2024-02",0.203744291792372,0.454449327768728,-0.0639555010451354,0.0547549676379453
"Italy","sg_lasso","Total","2024-03",0.203744291792372,-0.152840815259003,-0.229884572841225,0.00120937326122191
"Italy","sg_lasso","Total","2024-04",0.20394998844709,1.07788413546935,0.0213017595832019,0.227682897461644
"Italy","sg_lasso","Total","2024-05",0.20394998844709,-2.80895127897239,-1.14355179107039,0.565666602862712
"Italy","sg_lasso","Total","2024-06",0.20394998844709,-0.226538780677981,-0.551069664384508,0.0214800728423054
"Italy","sg_lasso","Total","2024-07",0.20349597842287,-2.348680008766,-0.644411712498708,0.591060260829048
"Italy","sg_lasso","Total","2024-08",0.20349597842287,-1.31378549017807,0.391775827712766,0.591957471224709
"Italy","sg_lasso","Total","2024-09",0.20349597842287,-0.279282468139848,-0.170518095968273,0.00240729406705861
"Italy","sg_lasso","Total","2024-10",0.203355344842492,-0.533217735936609,0.132378054050007,0.0900900284711269
"Italy","sg_lasso","Total","2024-11",0.203355344842492,-0.602401997290244,-0.166287176168947,0.0386774010683536
"Italy","sg_lasso","Total","2024-12",0.203355344842492,0.0869233221363319,0.135428916007218,0.0004784529579927
"Italy","sg_lasso","Total","2025-01",0.203304659888025,0.551309032309598,0.194226839295473,0.0259229080705987
"Italy","sg_lasso","Total","2025-02",0.203304659888025,2.91732997679493,0.533198603901632,1.15560043976095
"Italy","sg_lasso","Total","2025-03",0.203304659888025,2.26733273453329,0.328835867778502,0.763972172609507
"Italy","sg_lasso","Total","2025-04",0.203101379053759,0.142298583477137,-0.161845113560569,0.0187875657608864
"Italy","sg_lasso","Total","2025-05",0.203101379053759,-2.61180070113537,-0.69244888058069,0.748207487899499
"Italy","sg_lasso","Total","2025-06",0.203101379053759,0.00597755099382,-0.0731969800417995,0.00127316259741783
"Italy","sg_lasso","Total","2025-07",0.203002938093055,-0.589437061339187,-0.0288157694471258,0.063803058714892
"Italy","sg_lasso","Total","2025-08",0.203002938093055,-0.19600574674252,0.211756935822455,0.0337533807923175
"Italy","sg_lasso","Total","2025-09",0.203002938093055,0.261477095428401,0.332603818315573,0.00102699403770395
"Spain","factor_midas","Total","2013-01",0.130702149539914,-7.66089180657694,-1.78030226746959,4.51985459985513
"Spain","factor_midas","Total","2013-02",0.130702149539914,1.75316146344031,0.307694198632951,0.273085883897675
"Spain","factor_midas","Total","2013-03",0.130702149539914,-1.46609834655099,0.619016680026513,0.568254346464284
"Spain","factor_midas","Total","2013-04",0.129696534415526,-1.04925196664042,-1.38812368473969,0.0148935771931133
"Spain","factor_midas","Total","2013-05",0.129696534415526,-3.03741481122501,-1.05621467295109,0.509078869277473
"Spain","factor_midas","Total","2013-06",0.129696534415526,1.3395317809901,0.694331541151111,0.0539905077635177
"Spain","factor_midas","Total","2013-07",0.129352596003958,-0.214916779140657,-0.0949427260538443,0.00186187195740367
"Spain","factor_midas","Total","2013-08",0.129352596003958,0.789256569234463,0.35502035321867,0.0243908666649574
"Spain","factor_midas","Total","2013-09",0.129352596003958,-0.247181119230095,-0.0213337585682289,0.00659789178607698
"Spain","factor_midas","Total","2013-10",0.129325599695006,0.236051467111956,-0.13533564842677,0.0178376716984572
"Spain","factor_midas","Total","2013-11",0.129325599695006,0.289956719173069,1.10197927147308,0.0852747948127911
"Spain","factor_midas","Total","2013-12",0.129325599695006,-0.0479035039539152,-0.159563755851547,0.00161243311000264
"Spain","factor_midas","Total","2014-01",0.129214384626493,0.280693087390104,0.192403844720395,0.00100722488398286
"Spain","factor_midas","Total","2014-02",0.129214384626493,-3.53868910018645,-0.423475321570533,1.2539683461591
"Spain","factor_midas","Total","2014-03",0.129214384626493,0.0132712038314951,0.0163900734757484,0.00000125691326749922
"Spain","factor_midas","Total","2014-04",0.12973847642557,0.923652461548843,0.553265898404787,0.0177983293734997
"Spain","factor_midas","Total","2014-05",0.12973847642557,-0.804206709433372,-1.10478090571944,0.0117212028640499
"Spain","factor_midas","Total","2014-06",0.12973847642557,-0.0917882104450965,-0.103687577118929,0.0000183703101294896
"Spain","factor_midas","Total","2014-07",0.1301200229548,0.40299307945592,0.359442913546236,0.00024678784116948
"Spain","factor_midas","Total","2014-08",0.1301200229548,-0.489895624144453,0.236334315480811,0.0686265915746692
"Spain","factor_midas","Total","2014-09",0.1301200229548,0.111183265782546,-0.18339421264789,0.0112912809026154
"Spain","factor_midas","Total","2014-10",0.130980324120387,0.109507476970003,-0.425867816017222,0.037542458636163
"Spain","factor_midas","Total","2014-11",0.130980324120387,-0.601524713338665,-0.0408754316725597,0.0411707331589344
"Spain","factor_midas","Total","2014-12",0.130980324120387,-0.197545483780601,-0.534397209770135,0.0148622175705166
"Spain","factor_midas","Total","2015-01",0.132151459207461,-1.03368791996449,0.363589660993363,0.258010478878629
"Spain","factor_midas","Total","2015-02",0.132151459207461,0.894856012711641,-0.254982132247077,0.17472111269011
"Spain","factor_midas","Total","2015-03",0.132151459207461,-0.741847472481619,-0.283166656892608,0.0278030931712607
"Spain","factor_midas","Total","2015-04",0.133030174647889,1.64798244323526,-0.213976648011381,0.461201202679343
"Spain","factor_midas","Total","2015-05",0.133030174647889,-0.892138596849608,-0.680368941582101,0.00596592268058534
"Spain","factor_midas","Total","2015-06",0.133030174647889,0.999424755406188,0.458568619076539,0.0389146997570656
"Spain","factor_midas","Total","2015-07",0.133693392987253,0.665824183033381,-0.10033859328196,0.0784787436026023
"Spain","factor_midas","Total","2015-08",0.133693392987253,0.654180933731839,-0.074950218343242,0.0710757175760847
"Spain","factor_midas","Total","2015-09",0.133693392987253,-0.560270298922437,-0.173743623291825,0.0199741767425577
"Spain","factor_midas","Total","2015-10",0.13425315547141,-0.241987531514233,0.0399449533731234,0.0106712363857336
"Spain","factor_midas","Total","2015-11",0.13425315547141,0.335086982586608,-0.674530791888273,0.136848007244927
"Spain","factor_midas","Total","2015-12",0.13425315547141,0.10869631643344,-1.85069159775122,0.515424848504443
"Spain","factor_midas","Total","2016-01",0.134426237065714,0.0708978509155036,-0.168700200558925,0.00771703740790221
"Spain","factor_midas","Total","2016-02",0.134426237065714,0.238948332364777,0.329867253901161,0.00111120092157693
"Spain","factor_midas","Total","2016-03",0.134426237065714,-0.0304433558300908,0.1475641782716,0.0042595214528351
"Spain","factor_midas","Total","2016-04",0.134677638949272,0.0145621725765522,-0.0738096307573826,0.00105177520630232
"Spain","factor_midas","Total","2016-05",0.134677638949272,0.336318515700252,0.173891315961611,0.00355314563290201
"Spain","factor_midas","Total","2016-06",0.134677638949272,0.112338072920031,-0.0468443576196519,0.00341260291443526
"Spain","factor_midas","Total","2016-07",0.135160706782993,-0.0815759588306268,-0.221639243262767,0.00265154539345581
"Spain","factor_midas","Total","2016-08",0.135160706782993,-0.408720185753678,0.181166972517313,0.0470314466661356
"Spain","factor_midas","Total","2016-09",0.135160706782993,-0.116054415964878,0.110580781371245,0.00694232867554841
"Spain","factor_midas","Total","2016-10",0.135258000100181,-0.187700757468259,0.6585577636888,0.096865488095956
"Spain","factor_midas","Total","2016-11",0.135258000100181,-0.240207379743351,-0.395905924184782,0.00327892940796717
"Spain","factor_midas","Total","2016-12",0.135258000100181,-0.109623881991995,0.407250844304075,0.0361354573355878
"Spain","factor_midas","Total","2017-01",0.135016725171558,0.0401972053679177,-0.043647392750447,0.000949156322101794
"Spain","factor_midas","Total","2017-02",0.135016725171558,-0.0412154890318948,-0.0111054403030428,0.000122408192943257
"Spain","factor_midas","Total","2017-03",0.135016725171558,-0.0586216539586095,-0.269711415134522,0.00601619503693008
"Spain","factor_midas","Total","2017-04",0.135470715362866,-0.118422164852607,-0.00488526280728759,0.00174630261371245
"Spain","factor_midas","Total","2017-05",0.135470715362866,0.149574891844275,0.277996527442225,0.00223419881870095
"Spain","factor_midas","Total","2017-06",0.135470715362866,0.36517367615137,0.0319959934680914,0.015038247585778
"Spain","factor_midas","Total","2017-07",0.135498381974982,0.0320023861866008,0.0187814979782601,0.0000236840176022204
"Spain","factor_midas","Total","2017-08",0.135498381974982,0.937515146858723,0.13804042852869,0.0866051221446361
"Spain","factor_midas","Total","2017-09",0.135498381974982,-0.760987127261323,-0.0516764936638822,0.0681721593403162
"Spain","factor_midas","Total","2017-10",0.135297043027097,0.115368498526079,-0.0603095501124401,0.0041756424370515
"Spain","factor_midas","Total","2017-11",0.135297043027097,-0.371146174972449,0.18399116696649,0.0416955002041303
"Spain","factor_midas","Total","2017-12",0.135297043027097,0.0986510060889109,0.0610224937261819,0.000191567751945568
"Spain","factor_midas","Total","2018-01",0.136139789192537,-0.125677722472534,0.0261806745610718,0.0031395159687076
"Spain","factor_midas","Total","2018-02",0.136139789192537,0.838291706635001,-0.188904430865323,0.143645435102805
"Spain","factor_midas","Total","2018-03",0.136139789192537,-0.0796175429597162,0.0323858250321431,0.00170784022514066
"Spain","factor_midas","Total","2018-04",0.136326324555895,0.0669621238027534,0.0861225448864014,0.0000500483569474605
"Spain","factor_midas","Total","2018-05",0.136326324555895,0.960518925167489,0.337594563682598,0.0528993526486365
"Spain","factor_midas","Total","2018-06",0.136326324555895,-0.0451906867370063,0.0841893198269053,0.00228199171686261
"Spain","factor_midas","Total","2018-07",0.137169728626403,-0.20393306951781,-0.00283702992854674,0.00554709130864183
"Spain","factor_midas","Total","2018-08",0.137169728626403,-0.0132655291196041,0.30896210736438,0.01424242204438
"Spain","factor_midas","Total","2018-09",0.137169728626403,-0.108293812957319,-0.00241819425672061,0.001537624186953
"Spain","factor_midas","Total","2018-10",0.137270995138271,0.462325884179822,0.0624755979991913,0.0219469212069701
"Spain","factor_midas","Total","2018-11",0.137270995138271,-0.105499122895021,-0.117414045726722,0.0000194877298231304
"Spain","factor_midas","Total","2018-12",0.137270995138271,0.030235259479794,-0.123700788356247,0.00325281561874716
"Spain","factor_midas","Total","2019-01",0.137233705228452,-0.45173751172277,0.0301896161027077,0.0318730435624032
"Spain","factor_midas","Total","2019-02",0.137233705228452,-0.104272651167075,0.0169985814744793,0.00201825656115358
"Spain","factor_midas","Total","2019-03",0.137233705228452,-0.0664396991876658,-0.00271438437775627,0.000557294514666746
"Spain","factor_midas","Total","2019-04",0.137236187201653,-0.221681298303179,0.043105737187616,0.00962192745868609
"Spain","factor_midas","Total","2019-05",0.137236187201653,-0.0481323393645264,0.0283767218333262,0.000803330747028146
"Spain","factor_midas","Total","2019-06",0.137236187201653,-0.154104420850267,0.0587259629869199,0.00621635632083671
"Spain","factor_midas","Total","2019-07",0.137407349878667,-0.084454112296691,-0.012661953633251,0.000708213151972342
"Spain","factor_midas","Total","2019-08",0.137407349878667,0.122351224078784,-0.274982084128267,0.021693014676163
"Spain","factor_midas","Total","2019-09",0.137407349878667,0.105656010780305,0.0634082820222227,0.000245254336990983
"Spain","factor_midas","Total","2019-10",0.138526740147657,-0.0318968099912708,-0.00301225821852812,0.000115575260127674
"Spain","factor_midas","Total","2019-11",0.138526740147657,-0.39801185276082,-0.105777607873495,0.0118303018944968
"Spain","factor_midas","Total","2019-12",0.138526740147657,-0.0357781519233836,-0.0502443717671593,0.0000289897009959836
"Spain","factor_midas","Total","2020-01",0.136852163522222,-0.0493966231103248,0.0100849637752735,0.000484191053237663
"Spain","factor_midas","Total","2020-02",0.136852163522222,-1.04180833514168,-0.0475594120272787,0.135282595263086
"Spain","factor_midas","Total","2020-03",0.136852163522222,-0.224277866893615,-0.414219934760813,0.0049373508701158
"Spain","factor_midas","Total","2020-04",0.127392455519574,1.04255849752074,0.536764708117697,0.0325904752481033
"Spain","factor_midas","Total","2020-05",0.127392455519574,-1.38788162320537,0.493843943993312,0.451082813262076
"Spain","factor_midas","Total","2020-06",0.127392455519574,-1.20089034279672,-0.242711933453617,0.116959760458603
"Spain","factor_midas","Total","2020-07",0.131328592958428,4.0700981820557,-0.0468907871021887,2.22596687916153
"Spain","factor_midas","Total","2020-08",0.131328592958428,2.35678604809061,3.92527407674479,0.323088654689881
"Spain","factor_midas","Total","2020-09",0.131328592958428,1.71401890038506,-0.583597179443734,0.693288849444053
"Spain","factor_midas","Total","2020-10",0.131613129096747,0.0269518277518447,2.13133120963964,0.582837236968782
"Spain","factor_midas","Total","2020-11",0.131613129096747,0.00594954841762835,-0.190636238659044,0.0050863172598621
"Spain","factor_midas","Total","2020-12",0.131613129096747,-0.153313892484328,-0.155557390583916,0.000000662446220396872
"Spain","factor_midas","Total","2021-01",0.132730787008982,0.0620687885483884,0.182724447451357,0.00193226666170925
"Spain","factor_midas","Total","2021-02",0.132730787008982,-0.175340825472343,-0.14581195332333,0.000115735179199686
"Spain","factor_midas","Total","2021-03",0.132730787008982,0.656197505289575,-0.140762969592467,0.0843034282497241
"Spain","factor_midas","Total","2021-04",0.131987405632924,-0.427790538633834,-0.39318141302603,0.000158093402517679
"Spain","factor_midas","Total","2021-05",0.131987405632924,1.05022881932326,0.529616176222788,0.0357735396425295
"Spain","factor_midas","Total","2021-06",0.131987405632924,0.18588034870931,-0.171096743281659,0.0168195041017368
"Spain","factor_midas","Total","2021-07",0.132499305573378,0.185413297127124,0.220350377783575,0.000161728600018524
"Spain","factor_midas","Total","2021-08",0.132499305573378,-1.29200552318394,-0.187171361639821,0.161736406840447
"Spain","factor_midas","Total","2021-09",0.132499305573378,0.131987097625726,-0.0872654923028661,0.0063694666279604
"Spain","factor_midas","Total","2021-10",0.133909508186402,0.014678466565431,-0.0860468178341409,0.00135859001873
"Spain","factor_midas","Total","2021-11",0.133909508186402,1.896474593044,0.399070633677473,0.300254392319374
"Spain","factor_midas","Total","2021-12",0.133909508186402,-0.435167286556471,-0.646293670776071,0.0059689293014463
"Spain","factor_midas","Total","2022-01",0.135210635356281,0.58621033284009,2.65119238488218,0.5765585490984
"Spain","factor_midas","Total","2022-02",0.135210635356281,0.298387519904846,-2.05374525684217,0.748056707058114
"Spain","factor_midas","Total","2022-03",0.135210635356281,1.30416789030835,0.743400611149625,0.0425183284674235
"Spain","factor_midas","Total","2022-04",0.136527248633957,-0.341952756932845,-1.72568799599147,0.261411892004354
"Spain","factor_midas","Total","2022-05",0.136527248633957,-0.533328974465678,0.204808603036004,0.0743864732119231
"Spain","factor_midas","Total","2022-06",0.136527248633957,0.980355153707113,0.36662550480261,0.0514249107671104
"Spain","factor_midas","Total","2022-07",0.13708397011194,-0.795760984111799,-0.56455639885055,0.00732790042305583
"Spain","factor_midas","Total","2022-08",0.13708397011194,0.0484257530983295,-0.0289354606340291,0.000820414303197668
"Spain","factor_midas","Total","2022-09",0.13708397011194,-0.372101603789151,0.346383597522428,0.0707656220108671
"Spain","factor_midas","Total","2022-10",0.137846044276832,0.0456886148604469,-0.363852840705401,0.023120118027032
"Spain","factor_midas","Total","2022-11",0.137846044276832,-0.202878346009191,-0.194855319649979,0.00000887300540201682
"Spain","factor_midas","Total","2022-12",0.137846044276832,0.102884316924758,-0.170462934721219,0.0102996799830034
"Spain","factor_midas","Total","2023-01",0.138507740591876,1.15261702232643,0.629170436310876,0.0379506123787239
"Spain","factor_midas","Total","2023-02",0.138507740591876,-0.0959112552234069,-0.259660770780737,0.0037139332380548
"Spain","factor_midas","Total","2023-03",0.138507740591876,-0.593674778551413,0.0308008159249081,0.0540138314781917
"Spain","factor_midas","Total","2023-04",0.138373498100125,-0.0567009932200542,-0.194169137420847,0.00261491188932374
"Spain","factor_midas","Total","2023-05",0.138373498100125,0.47832646318188,0.190828521476597,0.0114372706851965
"Spain","factor_midas","Total","2023-06",0.138373498100125,0.164362528454537,0.014626818489345,0.00310244215154524
"Spain","factor_midas","Total","2023-07",0.139199349519316,0.611296323739616,0.277573367449912,0.015502772363728
"Spain","factor_midas","Total","2023-08",0.139199349519316,-0.553211527234861,-0.323205130963402,0.00736405515940694
"Spain","factor_midas","Total","2023-09",0.139199349519316,-0.11611000738753,0.137767741384161,0.00897194252991206
"Spain","factor_midas","Total","2023-10",0.140040923213845,0.0886182837402473,-0.111725106656854,0.00562088892504758
"Spain","factor_midas","Total","2023-11",0.140040923213845,-0.189988880318342,-0.158975720367729,0.000134693613222652
"Spain","factor_midas","Total","2023-12",0.140040923213845,0.135777476896198,0.195375045560863,0.000497407180646886
"Spain","factor_midas","Total","2024-01",0.141350108758159,0.539372614103501,0.0471994628147697,0.0342398603185426
"Spain","factor_midas","Total","2024-02",0.141350108758159,0.379788078317987,0.146685589933056,0.00768050836196477
"Spain","factor_midas","Total","2024-03",0.141350108758159,-0.0668916206956234,-0.174164126386962,0.00162657089548872
"Spain","factor_midas","Total","2024-04",0.142456491886571,0.651127754250231,0.467017133801874,0.00482880789770467
"Spain","factor_midas","Total","2024-05",0.142456491886571,-0.0590713970118965,-0.356679260585713,0.0126174342329185
"Spain","factor_midas","Total","2024-06",0.142456491886571,0.0781989013574566,-0.111906486545795,0.00514838595188804
"Spain","factor_midas","Total","2024-07",0.14325839365942,-0.383890756627451,-0.293029806351741,0.00118270008046416
"Spain","factor_midas","Total","2024-08",0.14325839365942,0.0157340033629657,0.0680365693561034,0.000391891703501694
"Spain","factor_midas","Total","2024-09",0.14325839365942,-0.171777866418255,-0.177671104856687,0.00000497540115757682
"Spain","factor_midas","Total","2024-10",0.144148150443807,0.0525927970325528,0.269408525115651,0.00677626904505904
"Spain","factor_midas","Total","2024-11",0.144148150443807,0.229560311114604,-0.0872599687441593,0.0144688835351797
"Spain","factor_midas","Total","2024-12",0.144148150443807,0.164394963190145,0.124801722197469,0.000225970205751606
"Spain","factor_midas","Total","2025-01",0.144453005186032,0.312483984397888,0.0481068544588661,0.0100965813425656
"Spain","factor_midas","Total","2025-02",0.144453005186032,-0.760385766182535,-0.66521715916218,0.00130832007861055
"Spain","factor_midas","Total","2025-03",0.144453005186032,-0.0906963074147586,-0.0418425024899269,0.000344765157686498
"Spain","factor_midas","Total","2025-04",0.145309545151064,-0.0710613202684307,-0.123476301068838,0.000399213303530117
"Spain","factor_midas","Total","2025-05",0.145309545151064,0.416093183035022,-0.0130151463097623,0.0267564217293375
"Spain","factor_midas","Total","2025-06",0.145309545151064,0.361114056519771,0.0256709021498007,0.0163505365964633
"Spain","factor_midas","Total","2025-07",0.145780189141354,0.152336830172918,-0.0451733758584391,0.00568692621356659
"Spain","factor_midas","Total","2025-08",0.145780189141354,0.100171448951495,0.187649057687728,0.00111555841073636
"Spain","factor_midas","Total","2025-09",0.145780189141354,0.0606352556714139,-0.0249622502362173,0.00106812168113277
"Spain","sg_lasso","Total","2013-01",0.130702149539914,-2.66879003254185,-0.0193977508685647,0.917434913929602
"Spain","sg_lasso","Total","2013-02",0.130702149539914,0.830310018976494,0.198712223980936,0.0521391492312528
"Spain","sg_lasso","Total","2013-03",0.130702149539914,-0.813583071201508,0.119468330016068,0.113787320049979
"Spain","sg_lasso","Total","2013-04",0.129696534415526,3.92372860802,0.744560750177386,1.31085691536615
"Spain","sg_lasso","Total","2013-05",0.129696534415526,3.11353958415004,-0.0825026399144141,1.32480936111412
"Spain","sg_lasso","Total","2013-06",0.129696534415526,2.3549636792261,0.841092862134353,0.297239146710903
"Spain","sg_lasso","Total","2013-07",0.129352596003958,-1.67963903542194,-0.94379654962699,0.0700397952436926
"Spain","sg_lasso","Total","2013-08",0.129352596003958,-1.74285475855733,0.508097597899731,0.655401988600811
"Spain","sg_lasso","Total","2013-09",0.129352596003958,-0.186915865968539,0.296792551282544,0.0302651226851398
"Spain","sg_lasso","Total","2013-10",0.129325599695006,0.96499846621856,0.661779952031515,0.0118903854013343
"Spain","sg_lasso","Total","2013-11",0.129325599695006,1.65873867307641,0.0295367788960508,0.343268785631754
"Spain","sg_lasso","Total","2013-12",0.129325599695006,0.0343650630326237,-0.53059354801862,0.0412779162889799
"Spain","sg_lasso","Total","2014-01",0.129214384626493,-0.221682970731393,0.244508426235566,0.0280827331583315
"Spain","sg_lasso","Total","2014-02",0.129214384626493,-0.492298662727982,-0.178456972415756,0.0127271784067786
"Spain","sg_lasso","Total","2014-03",0.129214384626493,-0.248689490553305,-0.11210088274349,0.00241068141965137
"Spain","sg_lasso","Total","2014-04",0.12973847642557,-0.152761172310104,-0.16221565363924,0.0000115969613718361
"Spain","sg_lasso","Total","2014-05",0.12973847642557,0.123440544126434,0.456511828261782,0.0143927299361573
"Spain","sg_lasso","Total","2014-06",0.12973847642557,0.233486194188932,-0.162532213602192,0.0203469604165433
"Spain","sg_lasso","Total","2014-07",0.1301200229548,-0.132139904494749,0.197426880490357,0.0141328907546151
"Spain","sg_lasso","Total","2014-08",0.1301200229548,-0.38317845054282,-0.13216962349223,0.00819826816147864
"Spain","sg_lasso","Total","2014-09",0.1301200229548,-0.129151830864122,-0.250777934120696,0.0019248536577867
"Spain","sg_lasso","Total","2014-10",0.130980324120387,-0.235436054145448,-0.0674398688660309,0.00369662078635815
"Spain","sg_lasso","Total","2014-11",0.130980324120387,-0.144133076136333,-0.0343839943457736,0.00157763979172299
"Spain","sg_lasso","Total","2014-12",0.130980324120387,-0.172023138858456,0.084298211235668,0.00860549040356857
"Spain","sg_lasso","Total","2015-01",0.132151459207461,-0.182814319284762,0.0566198642198223,0.00757607509016948
"Spain","sg_lasso","Total","2015-02",0.132151459207461,-0.15703213301337,0.218346691706547,0.0186213645955038
"Spain","sg_lasso","Total","2015-03",0.132151459207461,-0.174065337112365,-0.291112333351328,0.00181047490241096
"Spain","sg_lasso","Total","2015-04",0.133030174647889,-0.185228001149805,-0.0148905860729054,0.00385984856411454
"Spain","sg_lasso","Total","2015-05",0.133030174647889,-0.187486848077734,-0.204991683999168,0.0000407630104185309
"Spain","sg_lasso","Total","2015-06",0.133030174647889,-0.185146394769695,0.544924150922985,0.0709054824024045
"Spain","sg_lasso","Total","2015-07",0.133693392987253,-0.199161537334191,-0.00042045642195648,0.00528062394137381
"Spain","sg_lasso","Total","2015-08",0.133693392987253,-0.256229607142779,0.0131731699703783,0.009703179866665
"Spain","sg_lasso","Total","2015-09",0.133693392987253,-0.215582969896376,0.0381111557060649,0.00860460161009831
"Spain","sg_lasso","Total","2015-10",0.13425315547141,-0.293536065499892,0.0694175767459447,0.0176858859439397
"Spain","sg_lasso","Total","2015-11",0.13425315547141,-0.297636100606215,-0.17125937626655,0.00214416741033521
"Spain","sg_lasso","Total","2015-12",0.13425315547141,-0.646032563611396,-0.305694424732479,0.0155505495465269
"Spain","sg_lasso","Total","2016-01",0.134426237065714,-0.223851996416518,0.00813337160583847,0.00723444516093826
"Spain","sg_lasso","Total","2016-02",0.134426237065714,-0.145549061727339,0.147019505434948,0.0115063974539358
"Spain","sg_lasso","Total","2016-03",0.134426237065714,-0.251334663918452,0.0390238332562193,0.0113332148409068
"Spain","sg_lasso","Total","2016-04",0.134677638949272,-0.126210031182981,0.0234404760017701,0.0030161426664333
"Spain","sg_lasso","Total","2016-05",0.134677638949272,-0.111873122010686,-0.0397467583189056,0.000700621675183024
"Spain","sg_lasso","Total","2016-06",0.134677638949272,-0.227539973132611,0.0614000321347683,0.0112437413569499
"Spain","sg_lasso","Total","2016-07",0.135160706782993,-0.327145857869598,-0.0231505119827234,0.0124906294166273
"Spain","sg_lasso","Total","2016-08",0.135160706782993,-0.283017853572684,0.0275809462494549,0.0130391715936872
"Spain","sg_lasso","Total","2016-09",0.135160706782993,-0.146185508590689,0.0121738210249686,0.0033895165851433
"Spain","sg_lasso","Total","2016-10",0.135258000100181,0.533076039438632,0.0445733403732073,0.032277277568969
"Spain","sg_lasso","Total","2016-11",0.135258000100181,0.967407768326784,0.222547653336575,0.0750433825079712
"Spain","sg_lasso","Total","2016-12",0.135258000100181,-0.955181492673967,-0.0582759674042365,0.10880688084709
"Spain","sg_lasso","Total","2017-01",0.135016725171558,-0.255771906131099,0.0234715061484123,0.0105281834224539
"Spain","sg_lasso","Total","2017-02",0.135016725171558,-0.156192479382654,0.0440075899297424,0.00541147949262215
"Spain","sg_lasso","Total","2017-03",0.135016725171558,-0.274119314760993,0.0474996799382612,0.0139659650277371
"Spain","sg_lasso","Total","2017-04",0.135470715362866,-0.137687668172981,-0.0210632248587567,0.00184257252748033
"Spain","sg_lasso","Total","2017-05",0.135470715362866,-0.272946148935598,0.00751523105484139,0.0106559348696234
"Spain","sg_lasso","Total","2017-06",0.135470715362866,-0.366999809963759,-0.137604178518387,0.00712878817431034
"Spain","sg_lasso","Total","2017-07",0.135498381974982,-0.246031565300613,0.0185150989069691,0.00948284579974531
"Spain","sg_lasso","Total","2017-08",0.135498381974982,0.0174119280100227,0.0372994154747962,0.0000535912574145703
"Spain","sg_lasso","Total","2017-09",0.135498381974982,-0.456158728819308,0.0308514016974235,0.0321373527477718
"Spain","sg_lasso","Total","2017-10",0.135297043027097,-0.247510046949968,-0.0725283179067478,0.00414260678562183
"Spain","sg_lasso","Total","2017-11",0.135297043027097,-0.535871494185165,0.11815226678535,0.057872915075842
"Spain","sg_lasso","Total","2017-12",0.135297043027097,-0.197860646715205,0.012063837561472,0.00596230920633481
"Spain","sg_lasso","Total","2018-01",0.136139789192537,-0.279252016037472,-0.0563865387293941,0.00676193004503932
"Spain","sg_lasso","Total","2018-02",0.136139789192537,-0.0414381176145877,-0.212584592724903,0.00398768634965142
"Spain","sg_lasso","Total","2018-03",0.136139789192537,-0.148942862251611,0.151884380231586,0.0123202465622516
"Spain","sg_lasso","Total","2018-04",0.136326324555895,0.132475169399797,0.0465377496954513,0.00100680263953754
"Spain","sg_lasso","Total","2018-05",0.136326324555895,-0.0506275637207772,0.221612627843282,0.0101037876324959
"Spain","sg_lasso","Total","2018-06",0.136326324555895,-0.282479040892202,-0.162196545640067,0.00197235272239467
"Spain","sg_lasso","Total","2018-07",0.137169728626403,-0.499656820673017,-0.247941170374627,0.00869117943512759
"Spain","sg_lasso","Total","2018-08",0.137169728626403,-0.393349994142956,-0.187195869494883,0.00582964805166979
"Spain","sg_lasso","Total","2018-09",0.137169728626403,0.17487274329357,-0.0373854802253361,0.00617998370058395
"Spain","sg_lasso","Total","2018-10",0.137270995138271,-0.103770645490164,0.239741652932518,0.0161980734017528
"Spain","sg_lasso","Total","2018-11",0.137270995138271,-0.0468029647616041,0.102840516065031,0.00307393291605325
"Spain","sg_lasso","Total","2018-12",0.137270995138271,-0.0911418574179507,0.155709014158031,0.00836465651765864
"Spain","sg_lasso","Total","2019-01",0.137233705228452,-0.456083572523636,-0.231925778219618,0.00689554311478857
"Spain","sg_lasso","Total","2019-02",0.137233705228452,-0.173879494156263,0.0102033927973158,0.00465037122426568
"Spain","sg_lasso","Total","2019-03",0.137233705228452,0.160651399368451,0.0019750968438524,0.0034552934203884
"Spain","sg_lasso","Total","2019-04",0.137236187201653,0.0951632828090674,0.175141697263232,0.000877837691152366
"Spain","sg_lasso","Total","2019-05",0.137236187201653,-0.229954320617164,0.198219217435421,0.0251598640890525
"Spain","sg_lasso","Total","2019-06",0.137236187201653,0.106148810989334,-0.0687212382812151,0.00419661867066261
"Spain","sg_lasso","Total","2019-07",0.137407349878667,-0.767178549559295,-0.0798101221442306,0.0649215864145024
"Spain","sg_lasso","Total","2019-08",0.137407349878667,-0.613428851450072,-0.0997165536033196,0.036261844284734
"Spain","sg_lasso","Total","2019-09",0.137407349878667,0.10727930993356,0.121601873626946,0.0000281871708686696
"Spain","sg_lasso","Total","2019-10",0.138526740147657,-0.0952856822969665,-0.0614159803200387,0.000158911879752682
"Spain","sg_lasso","Total","2019-11",0.138526740147657,0.549954275043361,-0.0815049958239069,0.0552362646790014
"Spain","sg_lasso","Total","2019-12",0.138526740147657,-0.226129910167856,-0.0814112941106196,0.00290123171163251
"Spain","sg_lasso","Total","2020-01",0.136852163522222,-0.159775278161334,-0.0282086238572784,0.0023688814623173
"Spain","sg_lasso","Total","2020-02",0.136852163522222,-0.141005592102495,0.0495659509887814,0.00497013023274913
"Spain","sg_lasso","Total","2020-03",0.136852163522222,0.243563278006114,0.225779773494206,0.0000432799117488882
"Spain","sg_lasso","Total","2020-04",0.127392455519574,-0.530379196659805,0.159321150912596,0.060598880138834
"Spain","sg_lasso","Total","2020-05",0.127392455519574,-0.552679648690667,0.21113240130211,0.0743218856821534
"Spain","sg_lasso","Total","2020-06",0.127392455519574,-0.133198246584814,-0.245397964116757,0.00160371516487644
"Spain","sg_lasso","Total","2020-07",0.131328592958428,-2.272235426886,-3.14685413566779,0.100460842808149
"Spain","sg_lasso","Total","2020-08",0.131328592958428,-0.637381797665327,-2.75065548275616,0.586503734248156
"Spain","sg_lasso","Total","2020-09",0.131328592958428,3.57365979912501,2.50626075017645,0.149628014931242
"Spain","sg_lasso","Total","2020-10",0.131613129096747,3.48340792347852,2.74994193036142,0.0708042260697988
"Spain","sg_lasso","Total","2020-11",0.131613129096747,3.056342035555,0.665119648440672,0.752556568256793
"Spain","sg_lasso","Total","2020-12",0.131613129096747,-1.6015545551534,-2.60864333977791,0.1334856970225
"Spain","sg_lasso","Total","2021-01",0.132730787008982,-0.198192669750438,-1.08160825646842,0.103586172111183
"Spain","sg_lasso","Total","2021-02",0.132730787008982,-0.197495857944394,0.513243439781949,0.0670490034247695
"Spain","sg_lasso","Total","2021-03",0.132730787008982,0.224594686500899,0.150438981490507,0.000729895701181497
"Spain","sg_lasso","Total","2021-04",0.131987405632924,-0.609015545409666,-0.543455726605768,0.000567293727369997
"Spain","sg_lasso","Total","2021-05",0.131987405632924,2.24331671555717,0.804798697289097,0.273126037779294
"Spain","sg_lasso","Total","2021-06",0.131987405632924,-0.622749873582546,0.143901247328544,0.0775761178487528
"Spain","sg_lasso","Total","2021-07",0.132499305573378,0.941734070801136,1.33121076000474,0.0200990967758459
"Spain","sg_lasso","Total","2021-08",0.132499305573378,0.395796295487819,0.441600578075261,0.000277987823264422
"Spain","sg_lasso","Total","2021-09",0.132499305573378,1.43560435635177,0.146438123421727,0.220207164734804
"Spain","sg_lasso","Total","2021-10",0.133909508186402,-0.130931206815168,0.110326598236154,0.00779424691301949
"Spain","sg_lasso","Total","2021-11",0.133909508186402,0.0594170307002947,0.0592988722092434,0.00000000186956809197651
"Spain","sg_lasso","Total","2021-12",0.133909508186402,-0.227111951336808,0.016788703586708,0.00796594581483568
"Spain","sg_lasso","Total","2022-01",0.135210635356281,-0.04452933899735,-0.264578630005774,0.00654712753392143
"Spain","sg_lasso","Total","2022-02",0.135210635356281,0.240221558370537,-0.54106137395459,0.0825329802039091
"Spain","sg_lasso","Total","2022-03",0.135210635356281,-0.77129943403221,0.375851216519071,0.177931059602324
"Spain","sg_lasso","Total","2022-04",0.136527248633957,-0.33301933544022,0.30282016639435,0.0551968569419611
"Spain","sg_lasso","Total","2022-05",0.136527248633957,-0.462674656442108,0.148817517945431,0.0510506346117455
"Spain","sg_lasso","Total","2022-06",0.136527248633957,0.0802287599551995,-0.586083875319627,0.0606143477069202
"Spain","sg_lasso","Total","2022-07",0.13708397011194,-0.176470149159101,-0.0997261554495683,0.000807375311934948
"Spain","sg_lasso","Total","2022-08",0.13708397011194,0.491055730608742,-0.0150460075612672,0.0351125468228136
"Spain","sg_lasso","Total","2022-09",0.13708397011194,-4.87872755451549,-0.563823469941053,2.55228381339557
"Spain","sg_lasso","Total","2022-10",0.137846044276832,0.639207881493878,0.167416807910617,0.0306827122471765
"Spain","sg_lasso","Total","2022-11",0.137846044276832,-0.152553773928892,-0.00967496389009284,0.00281403799473001
"Spain","sg_lasso","Total","2022-12",0.137846044276832,0.0248914138245884,-0.017353925654874,0.000246009521705917
"Spain","sg_lasso","Total","2023-01",0.138507740591876,1.08953247991576,0.624493499045813,0.029953857631509
"Spain","sg_lasso","Total","2023-02",0.138507740591876,0.233305005160716,0.272444035802469,0.000212174982693154
"Spain","sg_lasso","Total","2023-03",0.138507740591876,0.885256837710533,0.257845276058426,0.054522916623082
"Spain","sg_lasso","Total","2023-04",0.138373498100125,-0.257420310828569,-0.486780246965139,0.00727927351572982
"Spain","sg_lasso","Total","2023-05",0.138373498100125,-0.530649964266138,-0.157523251278354,0.0192648487935755
"Spain","sg_lasso","Total","2023-06",0.138373498100125,-0.232798514041299,-0.31073040161163,0.000840394711393207
"Spain","sg_lasso","Total","2023-07",0.139199349519316,-0.682522879651853,0.207745739087906,0.110326371764163
"Spain","sg_lasso","Total","2023-08",0.139199349519316,1.6791728127494,-0.161095033324432,0.471410532836205
"Spain","sg_lasso","Total","2023-09",0.139199349519316,0.0293507352475777,0.164775809846145,0.00255290922575609
"Spain","sg_lasso","Total","2023-10",0.140040923213845,1.36951088062701,-0.042188252830049,0.279086777721955
"Spain","sg_lasso","Total","2023-11",0.140040923213845,0.062506713024838,0.297278401246569,0.00771873997795692
"Spain","sg_lasso","Total","2023-12",0.140040923213845,1.06494864883568,-0.0575788323428366,0.176461078470152
"Spain","sg_lasso","Total","2024-01",0.141350108758159,0.295603900611533,0.163113518381358,0.00248121759966569
"Spain","sg_lasso","Total","2024-02",0.141350108758159,-1.285348390428,-0.0639555010451354,0.210866175675205
"Spain","sg_lasso","Total","2024-03",0.141350108758159,-0.628051951189094,-0.229884572841225,0.0224092591100723
"Spain","sg_lasso","Total","2024-04",0.142456491886571,-0.843446577195697,0.0213017595832019,0.106527495331089
"Spain","sg_lasso","Total","2024-05",0.142456491886571,0.232464196738874,-1.14355179107039,0.269729970683635
"Spain","sg_lasso","Total","2024-06",0.142456491886571,-0.628765055872964,-0.551069664384508,0.000859949134902414
"Spain","sg_lasso","Total","2024-07",0.14325839365942,-0.209799401697111,-0.644411712498708,0.02705977150569
"Spain","sg_lasso","Total","2024-08",0.14325839365942,0.648132195744179,0.391775827712766,0.0094147392688248
"Spain","sg_lasso","Total","2024-09",0.14325839365942,-0.916929167379491,-0.170518095968273,0.0798134754431623
"Spain","sg_lasso","Total","2024-10",0.144148150443807,-0.531228738620472,0.132378054050007,0.0634790940399681
"Spain","sg_lasso","Total","2024-11",0.144148150443807,0.272022028791342,-0.166287176168947,0.0276930160344811
"Spain","sg_lasso","Total","2024-12",0.144148150443807,0.494641106930929,0.135428916007218,0.0185999256827783
"Spain","sg_lasso","Total","2025-01",0.144453005186032,1.20693254203985,0.194226839295473,0.148147078828763
"Spain","sg_lasso","Total","2025-02",0.144453005186032,0.100335855439937,0.533198603901632,0.0270661825505742
"Spain","sg_lasso","Total","2025-03",0.144453005186032,0.181751555711681,0.328835867778502,0.00312506668055189
"Spain","sg_lasso","Total","2025-04",0.145309545151064,-0.386294977508105,-0.161845113560569,0.00732036669235974
"Spain","sg_lasso","Total","2025-05",0.145309545151064,-0.496066298696961,-0.69244888058069,0.00560402513272827
"Spain","sg_lasso","Total","2025-06",0.145309545151064,-0.154008880279007,-0.0731969800417995,0.000948953171070969
"Spain","sg_lasso","Total","2025-07",0.145780189141354,1.2300362034094,-0.0288157694471258,0.231019074186621
"Spain","sg_lasso","Total","2025-08",0.145780189141354,0.592512337965367,0.211756935822455,0.0211344357260367
"Spain","sg_lasso","Total","2025-09",0.145780189141354,0.560914093554469,0.332603818315573,0.00759887717094202
