"country","model","block","year_month","mensual_surprise","surprise_zscore","climate_index_country"
"France","factor_midas","Expenditures","2013-01",1286.44488703546,0.581245173475262,105.812451734753
"France","factor_midas","Expenditures","2013-06",-253.360096468331,-0.00844409780028469,99.9155590219972
"France","factor_midas","Expenditures","2013-07",-46.2229587522161,0.0708818876995,100.708818876995
"France","factor_midas","Expenditures","2013-08",-816.51879810523,-0.224113385754585,97.7588661424542
"France","factor_midas","Expenditures","2013-09",0,0.0885835987309651,100.88583598731
"France","factor_midas","Expenditures","2013-10",1170.63468401433,0.536894080345008,105.36894080345
"France","factor_midas","Expenditures","2013-11",-2728.36105481544,-0.956279393288787,90.4372060671121
"France","factor_midas","Expenditures","2013-12",24.8549268085144,0.098102131164838,100.981021311648
"France","factor_midas","Expenditures","2014-01",-214.841232633257,0.00630722524945684,100.063072252495
"France","factor_midas","Expenditures","2014-02",-94.4921641567494,0.0523965386682999,100.523965386683
"France","factor_midas","Expenditures","2014-03",240.250246648468,0.180590699881873,101.805906998819
"France","factor_midas","Expenditures","2014-04",-24.5302118777345,0.0791894202983815,100.791894202984
"France","factor_midas","Expenditures","2014-05",-284.246076883386,-0.0202723042801348,99.7972769571986
"France","factor_midas","Expenditures","2014-06",0.773929756463531,0.0888799856624251,100.888799856624
"France","factor_midas","Expenditures","2014-07",63.7535569521051,0.112998890890083,101.129988908901
"France","factor_midas","Expenditures","2014-08",-253.886428044742,-0.00864566363951006,99.9135433636049
"France","factor_midas","Expenditures","2014-09",56.7628035498515,0.110321686748256,101.103216867483
"France","factor_midas","Expenditures","2014-10",254.882605199763,0.186194360698401,101.861943606984
"France","factor_midas","Expenditures","2014-11",-211.674060809814,0.00752013679642493,100.075201367964
"France","factor_midas","Expenditures","2014-12",47.3935566924338,0.106733606172507,101.067336061725
"France","factor_midas","Expenditures","2015-01",-193.27586573567,0.0145659759528681,100.145659759529
"France","factor_midas","Expenditures","2015-02",-4314.49527667722,-1.56371107681702,84.3628892318298
"France","factor_midas","Expenditures","2015-03",215.547537410357,0.171130461237881,101.711304612379
"France","factor_midas","Expenditures","2015-04",1806.06899282002,0.78024229555241,107.802422955524
"France","factor_midas","Expenditures","2015-05",88.6834074902586,0.122546116385743,101.225461163857
"France","factor_midas","Expenditures","2015-06",-482.065239156349,-0.0960298442899378,99.0397015571006
"France","factor_midas","Expenditures","2015-07",-1419.7589589207,-0.455132413908382,95.4486758609162
"France","factor_midas","Expenditures","2015-08",-48.3282514938653,0.0700756371963877,100.700756371964
"France","factor_midas","Expenditures","2015-09",-0.919781834246578,0.088231355761641,100.882313557616
"France","factor_midas","Expenditures","2015-10",-455.724591727964,-0.0859423349277938,99.1405766507221
"France","factor_midas","Expenditures","2015-11",9.54118474041047,0.0922375252586449,100.922375252586
"France","factor_midas","Expenditures","2015-12",1072.08097568994,0.499151596676026,104.99151596676
"France","factor_midas","Expenditures","2016-01",-68.3869216720499,0.062393896503995,100.62393896504
"France","factor_midas","Expenditures","2016-02",635.349333202602,0.33189927137486,103.318992713749
"France","factor_midas","Expenditures","2016-03",-237.78748761923,-0.0024803553377884,99.9751964466221
"France","factor_midas","Expenditures","2016-04",-75.1780980668177,0.059793123092922,100.597931230929
"France","factor_midas","Expenditures","2016-05",-2537.81085551347,-0.883305601560886,91.1669439843911
"France","factor_midas","Expenditures","2016-06",73.6413649001809,0.116785561491802,101.167855614918
"France","factor_midas","Expenditures","2016-07",247.576425042533,0.183396359588598,101.833963595886
"France","factor_midas","Expenditures","2016-08",-1039.4278901533,-0.309479455782113,96.9052054421789
"France","factor_midas","Expenditures","2016-09",70.5900973689832,0.115617037070713,101.156170370707
"France","factor_midas","Expenditures","2016-10",-335.906801624817,-0.0400564817913811,99.5994351820862
"France","factor_midas","Expenditures","2016-11",1811.89926441057,0.782475077393226,107.824750773932
"France","factor_midas","Expenditures","2016-12",-48.1755664914554,0.0701341099957164,100.701341099957
"France","factor_midas","Expenditures","2017-01",-1109.90186589344,-0.336468423763974,96.6353157623603
"France","factor_midas","Expenditures","2017-02",1225.1372148928,0.557766566186211,105.577665661862
"France","factor_midas","Expenditures","2017-03",-70.884350114984,0.0614374722981026,100.614374722981
"France","factor_midas","Expenditures","2017-04",-27.3227080747974,0.0781199958809214,100.781199958809
"France","factor_midas","Expenditures","2017-05",-4.26208174377643,0.0869513765310568,100.869513765311
"France","factor_midas","Expenditures","2017-06",10.0828927006783,0.0924449796933016,100.924449796933
"France","factor_midas","Expenditures","2017-07",3.34788321051383,0.0898657161626357,100.898657161626
"France","factor_midas","Expenditures","2017-08",105.019576066173,0.128802274435736,101.288022744357
"France","factor_midas","Expenditures","2017-09",-183.595633078335,0.0182731527724236,100.182731527724
"France","factor_midas","Expenditures","2017-10",23.5723134901937,0.0976109369414709,100.976109369415
"France","factor_midas","Expenditures","2017-11",-65.6444129874276,0.0634441775233626,100.634441775234
"France","factor_midas","Expenditures","2017-12",47.1210966920275,0.106629263907862,101.066292639079
"France","factor_midas","Expenditures","2018-01",-0.661330914868813,0.0883303330580787,100.883303330581
"France","factor_midas","Expenditures","2018-02",692.066093896721,0.353619726654022,103.53619726654
"France","factor_midas","Expenditures","2018-03",-100.615853967838,0.0500513883272475,100.500513883272
"France","factor_midas","Expenditures","2018-04",69.6969343615078,0.115274988143315,101.152749881433
"France","factor_midas","Expenditures","2018-05",-322.6691531898,-0.0349869441923506,99.6501305580765
"France","factor_midas","Expenditures","2018-06",131.503480502226,0.138944646018331,101.389446460183
"France","factor_midas","Expenditures","2018-07",-37.3631689998449,0.0742748647444516,100.742748647445
"France","factor_midas","Expenditures","2018-08",222.396019548494,0.173753180663164,101.737531806632
"France","factor_midas","Expenditures","2018-09",16.357596451475,0.0948479628774824,100.948479628775
"France","factor_midas","Expenditures","2018-10",32.3677724428201,0.100979277631281,101.009792776313
"France","factor_midas","Expenditures","2018-11",85.6629333151513,0.121389384699389,101.213893846994
"France","factor_midas","Expenditures","2018-12",20.2459613406818,0.0963370651225941,100.963370651226
"France","factor_midas","Expenditures","2019-01",-95.6748975172995,0.0519435948338742,100.519435948339
"France","factor_midas","Expenditures","2019-02",-239.535696352978,-0.00314985566106641,99.9685014433893
"France","factor_midas","Expenditures","2019-03",117.901331268371,0.133735517878453,101.337355178785
"France","factor_midas","Expenditures","2019-04",-160.175949459752,0.0272420392966905,100.272420392967
"France","factor_midas","Expenditures","2019-05",-153.506869885974,0.0297960540687372,100.297960540687
"France","factor_midas","Expenditures","2019-06",-189.507087343754,0.0160092809215731,100.160092809216
"France","factor_midas","Expenditures","2019-07",124.893060214705,0.13641309561816,101.364130956182
"France","factor_midas","Expenditures","2019-08",-542.813607601382,-0.119294258617274,98.8070574138273
"France","factor_midas","Expenditures","2019-09",61.5395087414357,0.112150991000223,101.121509910002
"France","factor_midas","Expenditures","2019-10",-137.175228721515,0.0360504782849059,100.360504782849
"France","factor_midas","Expenditures","2019-11",109.426149145094,0.130489831558598,101.304898315586
"France","factor_midas","Expenditures","2019-12",60.355366615863,0.111697507660062,101.116975076601
"France","factor_midas","Expenditures","2020-01",96.8508824989106,0.125673962078939,101.256739620789
"France","factor_midas","Expenditures","2020-02",808.499531109535,0.398209495798617,103.982094957986
"France","factor_midas","Expenditures","2020-03",2424.83307392752,1.01720642022324,110.172064202232
"France","factor_midas","Expenditures","2020-04",1771.7174282547,0.7670868964644,107.670868964644
"France","factor_midas","Expenditures","2020-05",-4559.10075406016,-1.65738607284135,83.4261392715865
"France","factor_midas","Expenditures","2020-06",-152.380306569741,0.03022748682036,100.302274868204
"France","factor_midas","Expenditures","2020-07",2210.92401603943,0.935287035744932,109.352870357449
"France","factor_midas","Expenditures","2020-08",-23557.5236799254,-8.93309065268077,10.6690934731923
"France","factor_midas","Expenditures","2020-09",2903.85397567717,1.20065399280853,112.006539928085
"France","factor_midas","Expenditures","2020-10",-2925.65348135392,-1.03183521268153,89.6816478731847
"France","factor_midas","Expenditures","2020-11",-1792.13198257048,-0.597737730368035,94.0226226963196
"France","factor_midas","Expenditures","2020-12",-1200.78713539096,-0.371274174436193,96.2872582556381
"France","factor_midas","Expenditures","2021-01",8867.94017265784,3.48468195803782,134.846819580378
"France","factor_midas","Expenditures","2021-02",-13473.5891330329,-5.0713107011596,49.286892988404
"France","factor_midas","Expenditures","2021-03",-310.362195787786,-0.0302738273887545,99.6972617261125
"France","factor_midas","Expenditures","2021-04",-142.278750850742,0.0340960150395189,100.340960150395
"France","factor_midas","Expenditures","2021-05",-1479.81152029605,-0.478130359450212,95.2186964054979
"France","factor_midas","Expenditures","2021-06",14.3175545862255,0.0940667010853863,100.940667010854
"France","factor_midas","Expenditures","2021-07",613.18824275711,0.323412380232491,103.234123802325
"France","factor_midas","Expenditures","2021-08",635.641586990575,0.332011193939797,103.320111939398
"France","factor_midas","Expenditures","2021-09",50.9019904693155,0.108077208628255,101.080772086283
"France","factor_midas","Expenditures","2021-10",-348.24057309543,-0.0447798674074187,99.5522013259258
"France","factor_midas","Expenditures","2021-11",2465.44154156538,1.03275798548347,110.327579854835
"France","factor_midas","Expenditures","2021-12",-667.16516372792,-0.166916379145408,98.3308362085459
"France","factor_midas","Expenditures","2022-01",505.775427355892,0.282277180958444,102.822771809584
"France","factor_midas","Expenditures","2022-02",-1105.72732808509,-0.334869727705389,96.6513027229461
"France","factor_midas","Expenditures","2022-03",-218.821397594784,0.00478296691748395,100.047829669175
"France","factor_midas","Expenditures","2022-04",-4278.21108630603,-1.54981555237852,84.5018444762148
"France","factor_midas","Expenditures","2022-05",-1683.37676068078,-0.556088438262475,94.4391156173753
"France","factor_midas","Expenditures","2022-06",1487.42872078143,0.658214667488811,106.582146674888
"France","factor_midas","Expenditures","2022-07",-3750.52439619785,-1.34773075392331,86.5226924607669
"France","factor_midas","Expenditures","2022-08",372.266149696535,0.23114798635594,102.311479863559
"France","factor_midas","Expenditures","2022-09",1105.60915330067,0.511991668525567,105.119916685256
"France","factor_midas","Expenditures","2022-10",2549.20829294241,1.06483760277646,110.648376027765
"France","factor_midas","Expenditures","2022-11",1070.39357915254,0.498505385210839,104.985053852108
"France","factor_midas","Expenditures","2022-12",-677.603556013647,-0.170913903511287,98.2908609648871
"France","factor_midas","Expenditures","2023-01",2272.81209815527,0.958987918931119,109.589879189311
"France","factor_midas","Expenditures","2023-02",2305.50996757911,0.971510012962098,109.715100129621
"France","factor_midas","Expenditures","2023-03",-658.710163759873,-0.163678421856526,98.3632157814347
"France","factor_midas","Expenditures","2023-04",-583.582124510064,-0.13490711692363,98.6509288307637
"France","factor_midas","Expenditures","2023-05",-1226.9522199049,-0.381294449591285,96.1870555040871
"France","factor_midas","Expenditures","2023-06",799.687182701882,0.394834687062182,103.948346870622
"France","factor_midas","Expenditures","2023-07",-447.509290646397,-0.0827961735891839,99.1720382641082
"France","factor_midas","Expenditures","2023-08",-2128.05364306029,-0.726383501294923,92.7361649870508
"France","factor_midas","Expenditures","2023-09",-521.964667162928,-0.111309873175136,98.8869012682486
"France","factor_midas","Expenditures","2023-10",-302.862266730212,-0.0274016275011327,99.7259837249887
"France","factor_midas","Expenditures","2023-11",-475.84762516302,-0.0936487244052262,99.0635127559477
"France","factor_midas","Expenditures","2023-12",-724.710999848037,-0.188954340140571,98.1104565985943
"France","factor_midas","Expenditures","2024-01",648.061896588946,0.336767720509425,103.367677205094
"France","factor_midas","Expenditures","2024-02",-964.47594262881,-0.280775587571589,97.1922441242841
"France","factor_midas","Expenditures","2024-03",-1016.82070243878,-0.300821725620317,96.9917827437968
"France","factor_midas","Expenditures","2024-04",472.479951413256,0.269526225379181,102.695262253792
"France","factor_midas","Expenditures","2024-05",623.430210051303,0.327334680975016,103.27334680975
"France","factor_midas","Expenditures","2024-06",88.0609428966482,0.122307735099455,101.223077350995
"France","factor_midas","Expenditures","2024-07",43.7423160712742,0.105335313892504,101.053353138925
"France","factor_midas","Expenditures","2024-08",823.980138852654,0.404138005185676,104.041380051857
"France","factor_midas","Expenditures","2024-09",-4.69412253856353,0.086785920629713,100.867859206297
"France","factor_midas","Expenditures","2024-10",489.93842097371,0.276212183862874,102.762121838629
"France","factor_midas","Expenditures","2024-11",816.444379970827,0.401252083779303,104.012520837793
"France","factor_midas","Expenditures","2024-12",-202.053287282937,0.0112045429328835,100.112045429329
"France","factor_midas","Expenditures","2025-01",426.517149592914,0.251924144984853,102.519241449849
"France","factor_midas","Expenditures","2025-02",2160.05834889965,0.915807336360958,109.15807336361
"France","factor_midas","Expenditures","2025-03",1040.35890430209,0.487003197781065,104.870031977811
"France","factor_midas","Expenditures","2025-04",-335.446152525771,-0.0398800699506348,99.6011993004936
"France","factor_midas","Expenditures","2025-05",1881.52443080331,0.809138982285359,108.091389822854
"France","factor_midas","Expenditures","2025-06",351.211834702503,0.223084949933117,102.230849499331
"France","factor_midas","Expenditures","2025-07",219.783432266432,0.172752654812807,101.727526548128
"France","factor_midas","Expenditures","2025-08",-752.494247146681,-0.199594312753158,98.0040568724684
"France","factor_midas","Expenditures","2025-09",77.0337897206432,0.1180847367391,101.180847367391
"France","factor_midas","Revenues","2013-06",0,-0.0676973491710754,99.3230265082892
"France","factor_midas","Revenues","2014-02",0,-0.0676973491710754,99.3230265082892
"France","factor_midas","Revenues","2014-03",3880.78817566003,0.827391292503795,108.273912925038
"France","factor_midas","Revenues","2014-04",-1380.91481413273,-0.386199959801338,96.1380004019866
"France","factor_midas","Revenues","2014-05",-12394.7740917916,-2.92650360282641,70.7349639717359
"France","factor_midas","Revenues","2014-06",2099.8804635276,0.416631881567946,104.166318815679
"France","factor_midas","Revenues","2014-07",2812.90517466036,0.581088247460654,105.810882474607
"France","factor_midas","Revenues","2014-08",-1436.54514300284,-0.399030877968058,96.0096912203194
"France","factor_midas","Revenues","2014-09",-5786.55009863271,-1.40234253806697,85.9765746193303
"France","factor_midas","Revenues","2014-10",3380.18841298253,0.711929911640987,107.11929911641
"France","factor_midas","Revenues","2014-11",-693.884807103567,-0.227739170923825,97.7226082907618
"France","factor_midas","Revenues","2014-12",400.241323624513,0.0246167495349916,100.24616749535
"France","factor_midas","Revenues","2015-01",1470.96927611322,0.271575971532063,102.715759715321
"France","factor_midas","Revenues","2015-02",-2787.95424804931,-0.71072811199124,92.8927188800876
"France","factor_midas","Revenues","2015-03",-336.276176955751,-0.145258136525244,98.5474186347476
"France","factor_midas","Revenues","2015-04",287.036317655091,-0.00149354312655819,99.9850645687344
"France","factor_midas","Revenues","2015-05",-289.969904190637,-0.134577775496959,98.6542222450304
"France","factor_midas","Revenues","2015-06",437.683287886054,0.0332525924142032,100.332525924142
"France","factor_midas","Revenues","2015-07",622.58631205662,0.0758997530565794,100.758997530566
"France","factor_midas","Revenues","2015-08",-530.619664386461,-0.190082703161924,98.0991729683808
"France","factor_midas","Revenues","2015-09",-1505.72202783933,-0.41498625638112,95.8501374361888
"France","factor_midas","Revenues","2015-10",374.349117738714,0.0186448133335667,100.186448133336
"France","factor_midas","Revenues","2015-11",2279.53238945882,0.458067896902307,104.580678969023
"France","factor_midas","Revenues","2015-12",-617.33219058508,-0.210082608794011,97.8991739120599
"France","factor_midas","Revenues","2016-01",644.462563191181,0.0809454249733781,100.809454249734
"France","factor_midas","Revenues","2016-02",2528.18546768118,0.515418758624223,105.154187586242
"France","factor_midas","Revenues","2016-03",1214.0219087009,0.212312064390334,102.123120643903
"France","factor_midas","Revenues","2016-04",-1528.40678026985,-0.420218405965351,95.7978159403465
"France","factor_midas","Revenues","2016-05",-410.051835102769,-0.162274204048243,98.3772579595176
"France","factor_midas","Revenues","2016-06",-230.616665673379,-0.120888182754788,98.7911181724521
"France","factor_midas","Revenues","2016-07",-1481.24473689083,-0.409340664785993,95.9065933521401
"France","factor_midas","Revenues","2016-08",489.876191164283,0.0452906817882599,100.452906817883
"France","factor_midas","Revenues","2016-09",217.394803524913,-0.0175560864722435,99.8244391352776
"France","factor_midas","Revenues","2016-10",183.140265651775,-0.0254567618990473,99.7454323810095
"France","factor_midas","Revenues","2016-11",-310.684121326739,-0.139355428808727,98.6064457119127
"France","factor_midas","Revenues","2016-12",610.064336308939,0.073011608237603,100.730116082376
"France","factor_midas","Revenues","2017-01",-467.729657851718,-0.175577368684468,98.2442263131553
"France","factor_midas","Revenues","2017-02",819.172172647719,0.121241514308221,101.212415143082
"France","factor_midas","Revenues","2017-03",-1252.20566763495,-0.356513697656861,96.4348630234314
"France","factor_midas","Revenues","2017-04",1762.37288495562,0.338787076238528,103.387870762385
"France","factor_midas","Revenues","2017-05",310.433782217252,0.00390299072832519,100.039029907283
"France","factor_midas","Revenues","2017-06",-1014.62243782678,-0.301716053253721,96.9828394674628
"France","factor_midas","Revenues","2017-07",199.312819095377,-0.0217266255867797,99.7827337441322
"France","factor_midas","Revenues","2017-08",96.7582373703847,-0.0453804394768268,99.5461956052317
"France","factor_midas","Revenues","2017-09",-41.0947611055165,-0.0771756953814129,99.2282430461859
"France","factor_midas","Revenues","2017-10",-1235.54787090896,-0.352671641875955,96.4732835812405
"France","factor_midas","Revenues","2017-11",38.229155940965,-0.0588799436042911,99.4112005639571
"France","factor_midas","Revenues","2017-12",42.5213398090759,-0.0578899681522883,99.4211003184771
"France","factor_midas","Revenues","2018-01",1073.03183044579,0.179793253282192,101.797932532822
"France","factor_midas","Revenues","2018-02",-871.947638934208,-0.268808667907891,97.3119133209211
"France","factor_midas","Revenues","2018-03",254.169160402413,-0.00907422462974548,99.9092577537025
"France","factor_midas","Revenues","2018-04",-487.492928665769,-0.180135689939658,98.1986431006034
"France","factor_midas","Revenues","2018-05",846.194313703973,0.127474065645316,101.274740656453
"France","factor_midas","Revenues","2018-06",2815.16260278327,0.581608914443947,105.816089144439
"France","factor_midas","Revenues","2018-07",13.7402598981566,-0.0645282118691125,99.3547178813089
"France","factor_midas","Revenues","2018-08",-126.780855341156,-0.0969388584885461,99.0306114151145
"France","factor_midas","Revenues","2018-09",-105.629951644424,-0.0920604851264434,99.0793951487356
"France","factor_midas","Revenues","2018-10",132.824312864863,-0.0370619399701112,99.6293806002989
"France","factor_midas","Revenues","2018-11",-542.177670995985,-0.19274851226263,98.0725148773737
"France","factor_midas","Revenues","2018-12",-193.085566771167,-0.112231781318698,98.877682186813
"France","factor_midas","Revenues","2019-01",213.68602975041,-0.0184115006638555,99.8158849933615
"France","factor_midas","Revenues","2019-02",278.505716756127,-0.00346109291946216,99.9653890708054
"France","factor_midas","Revenues","2019-03",-100.443961201,-0.0908643566773677,99.0913564332263
"France","factor_midas","Revenues","2019-04",400.885516151941,0.0247653300264416,100.247653300264
"France","factor_midas","Revenues","2019-05",-85.3256761594121,-0.0873773832560402,99.1262261674396
"France","factor_midas","Revenues","2019-06",220.993069389285,-0.0167261604986679,99.8327383950133
"France","factor_midas","Revenues","2019-07",-169.526116951894,-0.10679788619667,98.9320211380333
"France","factor_midas","Revenues","2019-08",238.836241332114,-0.0126107025518394,99.8738929744816
"France","factor_midas","Revenues","2019-09",-263.247138658297,-0.128414273955659,98.7158572604434
"France","factor_midas","Revenues","2019-10",119.989863748905,-0.0400221555515488,99.5997784444845
"France","factor_midas","Revenues","2019-11",-80.4077015427761,-0.0862430716110488,99.1375692838895
"France","factor_midas","Revenues","2019-12",26.0577936968364,-0.0616872207875084,99.3831277921249
"France","factor_midas","Revenues","2020-01",85.4331245172243,-0.0479925325418718,99.5200746745813
"France","factor_midas","Revenues","2020-02",-63.2051264566908,-0.0822753648282648,99.1772463517174
"France","factor_midas","Revenues","2020-03",6425.63814014755,1.41435100142737,114.143510014274
"France","factor_midas","Revenues","2020-04",-1382.07239945445,-0.386466952336446,96.1353304766355
"France","factor_midas","Revenues","2020-05",11336.0816980228,2.54692563711775,125.469256371177
"France","factor_midas","Revenues","2020-06",4864.63257496309,1.05431116216193,110.543111621619
"France","factor_midas","Revenues","2020-07",14960.1884984408,3.3828117217065,133.828117217065
"France","factor_midas","Revenues","2020-08",23389.8883286512,5.3270890770318,153.270890770318
"France","factor_midas","Revenues","2020-09",-12735.3999787808,-3.00506763381803,69.9493236618196
"France","factor_midas","Revenues","2020-10",20667.1830931078,4.6991077442065,146.991077442065
"France","factor_midas","Revenues","2020-11",-2298.97263098565,-0.597946411055694,94.0205358894431
"France","factor_midas","Revenues","2020-12",-7627.7744356392,-1.82701374304702,81.7298625695298
"France","factor_midas","Revenues","2021-01",-2415.36356938305,-0.624791526593511,93.7520847340649
"France","factor_midas","Revenues","2021-02",3443.50289823099,0.726533150476549,107.265331504765
"France","factor_midas","Revenues","2021-03",3788.74753310394,0.806162477635435,108.061624776354
"France","factor_midas","Revenues","2021-04",-8703.86441726414,-2.07520969613038,79.2479030386962
"France","factor_midas","Revenues","2021-05",7051.68004731414,1.5587451231761,115.587451231761
"France","factor_midas","Revenues","2021-06",-1205.00075716037,-0.345626069349271,96.5437393065073
"France","factor_midas","Revenues","2021-07",-1502.71492476259,-0.414292679796546,95.8570732020345
"France","factor_midas","Revenues","2021-08",4354.32170806815,0.936609953024631,109.366099530246
"France","factor_midas","Revenues","2021-09",-2588.75603860255,-0.664783822674949,93.3521617732505
"France","factor_midas","Revenues","2021-10",415.686339794872,0.0281790822155744,100.281790822156
"France","factor_midas","Revenues","2021-11",2295.73610641585,0.46180522095728,104.618052209573
"France","factor_midas","Revenues","2021-12",-6542.13499770541,-1.57661524514818,84.2338475485182
"France","factor_midas","Revenues","2022-01",3237.39779205215,0.678995812394318,106.789958123943
"France","factor_midas","Revenues","2022-02",2405.27987286328,0.487071063016981,104.87071063017
"France","factor_midas","Revenues","2022-03",1179.93792649765,0.204450726962922,102.044507269629
"France","factor_midas","Revenues","2022-04",-7120.59705849313,-1.71003526108679,82.8996473891321
"France","factor_midas","Revenues","2022-05",511.863317049956,0.0503619265335348,100.503619265335
"France","factor_midas","Revenues","2022-06",1228.23346165137,0.215589903594834,102.155899035948
"France","factor_midas","Revenues","2022-07",-293.066413392221,-0.135291973255178,98.6470802674482
"France","factor_midas","Revenues","2022-08",-2659.08478830372,-0.681004874222035,93.1899512577796
"France","factor_midas","Revenues","2022-09",-1211.08700029566,-0.347029837567036,96.5297016243296
"France","factor_midas","Revenues","2022-10",7660.73613530118,1.69922153204565,116.992215320457
"France","factor_midas","Revenues","2022-11",-5964.1455223792,-1.44330422920124,85.5669577079876
"France","factor_midas","Revenues","2022-12",-431.070351113409,-0.167122042707405,98.328779572926
"France","factor_midas","Revenues","2023-01",2663.8354064151,0.54670588740032,105.467058874003
"France","factor_midas","Revenues","2023-02",-2100.09472283021,-0.552075997981751,94.4792400201825
"France","factor_midas","Revenues","2023-03",1575.43874388339,0.295671446412497,102.956714464125
"France","factor_midas","Revenues","2023-04",-3182.11946393788,-0.801640780169831,91.9835921983017
"France","factor_midas","Revenues","2023-05",2104.09474679418,0.41760388955034,104.176038895503
"France","factor_midas","Revenues","2023-06",-1364.9744671845,-0.382523381010667,96.1747661898933
"France","factor_midas","Revenues","2023-07",5160.79759553549,1.12262046789482,111.226204678948
"France","factor_midas","Revenues","2023-08",-8728.00958289635,-2.08077868431796,79.1922131568204
"France","factor_midas","Revenues","2023-09",4727.03447484817,1.02257469756915,110.225746975692
"France","factor_midas","Revenues","2023-10",-1871.87652936407,-0.499438362648728,95.0056163735127
"France","factor_midas","Revenues","2023-11",1005.57420499588,0.164234415334461,101.642344153345
"France","factor_midas","Revenues","2023-12",1561.8639927306,0.292540483056487,102.925404830565
"France","factor_midas","Revenues","2024-01",-1753.98306940849,-0.472246696379534,95.2775330362047
"France","factor_midas","Revenues","2024-02",1302.32431816106,0.232678670389611,102.326786703896
"France","factor_midas","Revenues","2024-03",-3934.09890994336,-0.975081903577189,90.2491809642281
"France","factor_midas","Revenues","2024-04",5799.81425580581,1.27000716579201,112.70007165792
"France","factor_midas","Revenues","2024-05",-4119.77744793961,-1.01790793345576,89.8209206654423
"France","factor_midas","Revenues","2024-06",-2508.30969974574,-0.646229188689337,93.5377081131066
"France","factor_midas","Revenues","2024-07",-6178.07978356631,-1.49264733132021,85.0735266867978
"France","factor_midas","Revenues","2024-08",2689.25478558444,0.552568767965563,105.525687679656
"France","factor_midas","Revenues","2024-09",-2147.65989467652,-0.563046719168229,94.3695328083177
"France","factor_midas","Revenues","2024-10",3570.23176864231,0.755762669672909,107.557626696729
"France","factor_midas","Revenues","2024-11",-937.733505164431,-0.283981921118343,97.1601807888166
"France","factor_midas","Revenues","2024-12",476.54273532879,0.0422153722551406,100.422153722551
"France","factor_midas","Revenues","2025-01",148.029557245206,-0.033554909716799,99.664450902832
"France","factor_midas","Revenues","2025-02",-4579.84088351019,-1.12401976872982,88.7598023127018
"France","factor_midas","Revenues","2025-03",1817.90958438097,0.351596399139356,103.515963991394
"France","factor_midas","Revenues","2025-04",929.237295976541,0.146627605297178,101.466276052972
"France","factor_midas","Revenues","2025-05",-1044.18204385767,-0.308533860980661,96.9146613901934
"France","factor_midas","Revenues","2025-06",712.444009244928,0.0966250800983304,100.966250800983
"France","factor_midas","Revenues","2025-07",-793.40141289028,-0.250692287524314,97.4930771247569
"France","factor_midas","Revenues","2025-08",1318.05798413237,0.236307579019862,102.363075790199
"France","factor_midas","Revenues","2025-09",-568.40938646202,-0.198798755023253,98.0120124497675
"France","sg_lasso","Expenditures","2013-01",-630.070797854723,-0.298383448167166,97.0161655183283
"France","sg_lasso","Expenditures","2013-02",-694.325501705566,-0.331744331198053,96.6825566880195
"France","sg_lasso","Expenditures","2013-03",-638.708090977968,-0.302867909355517,96.9713209064448
"France","sg_lasso","Expenditures","2013-04",-479.582698465196,-0.220250399839241,97.7974960016076
"France","sg_lasso","Expenditures","2013-05",14.5705004161614,0.0363127166212686,100.363127166213
"France","sg_lasso","Expenditures","2013-06",571.628003930026,0.325535592184485,103.255355921845
"France","sg_lasso","Expenditures","2013-07",-35.9390018917961,0.0100883081739801,100.10088308174
"France","sg_lasso","Expenditures","2013-08",-1139.57524191823,-0.562916893089369,94.3708310691063
"France","sg_lasso","Expenditures","2013-09",-15.965617798174,0.0204584397059077,100.204584397059
"France","sg_lasso","Expenditures","2013-10",240.693601781358,0.153715270568712,101.537152705687
"France","sg_lasso","Expenditures","2013-11",-120.34680089068,-0.0337360119230052,99.6626398807699
"France","sg_lasso","Expenditures","2013-12",-18.9395835172429,0.0189143640733745,100.189143640734
"France","sg_lasso","Expenditures","2014-01",-858.644728776083,-0.417058466747575,95.8294153325242
"France","sg_lasso","Expenditures","2014-02",757.754458184899,0.4221719860548,104.221719860548
"France","sg_lasso","Expenditures","2014-03",41.8048050526927,0.050452700108173,100.504527001082
"France","sg_lasso","Expenditures","2014-04",58.5303899526104,0.0591365823460334,100.59136582346
"France","sg_lasso","Expenditures","2014-05",-245.531891499688,-0.0987318007871582,99.0126819921284
"France","sg_lasso","Expenditures","2014-06",-494.461063084819,-0.227975209884562,97.7202479011544
"France","sg_lasso","Expenditures","2014-07",161.321433667356,0.112505437550015,101.1250543755
"France","sg_lasso","Expenditures","2014-08",332.780780825957,0.201526705757684,102.015267057577
"France","sg_lasso","Expenditures","2014-09",50.2725468922608,0.0548491306901477,100.548491306901
"France","sg_lasso","Expenditures","2014-10",416.99066804239,0.245248270547602,102.452482705476
"France","sg_lasso","Expenditures","2014-11",-51.5315825155972,0.00199267894895382,100.01992678949
"France","sg_lasso","Expenditures","2014-12",19.5702311809405,0.0389085644461517,100.389085644462
"France","sg_lasso","Expenditures","2015-01",-479.993289923623,-0.220463577907104,97.795364220929
"France","sg_lasso","Expenditures","2015-02",-227.656473580722,-0.0894509280948309,99.1054907190517
"France","sg_lasso","Expenditures","2015-03",-637.084258789812,-0.302024819706911,96.9797518029309
"France","sg_lasso","Expenditures","2015-04",-430.274188309926,-0.194649543541844,98.0535045645816
"France","sg_lasso","Expenditures","2015-05",-127.952318716723,-0.0376847779335518,99.6231522206645
"France","sg_lasso","Expenditures","2015-06",300.775834911853,0.184909817140023,101.8490981714
"France","sg_lasso","Expenditures","2015-07",-272.953721725734,-0.112969147095493,98.8703085290451
"France","sg_lasso","Expenditures","2015-08",-119.176138789994,-0.033128207060962,99.6687179293904
"France","sg_lasso","Expenditures","2015-09",-262.454332484247,-0.1075178902164,98.924821097836
"France","sg_lasso","Expenditures","2015-10",370.917587036895,0.221327241048114,102.213272410481
"France","sg_lasso","Expenditures","2015-11",1514.54857052722,0.815097614020084,108.150976140201
"France","sg_lasso","Expenditures","2015-12",708.430309938605,0.396563010499291,103.965630104993
"France","sg_lasso","Expenditures","2016-01",-276.127347029124,-0.114616885489495,98.853831145105
"France","sg_lasso","Expenditures","2016-02",371.194533135839,0.221471030776476,102.214710307765
"France","sg_lasso","Expenditures","2016-03",274.42581337325,0.171228951246512,101.712289512465
"France","sg_lasso","Expenditures","2016-04",-165.520712878719,-0.0571901950965657,99.4280980490343
"France","sg_lasso","Expenditures","2016-05",-609.398160866917,-0.287650266265167,97.1234973373483
"France","sg_lasso","Expenditures","2016-06",-463.371591645866,-0.211833633346062,97.8816636665394
"France","sg_lasso","Expenditures","2016-07",199.658767759663,0.132410086419589,101.324100864196
"France","sg_lasso","Expenditures","2016-08",-249.831564924703,-0.100964180575818,98.9903581942418
"France","sg_lasso","Expenditures","2016-09",-234.992816413849,-0.0932599391160098,99.0674006088399
"France","sg_lasso","Expenditures","2016-10",148.465496872169,0.105830667020027,101.0583066702
"France","sg_lasso","Expenditures","2016-11",721.758801203098,0.40348313013886,104.034831301389
"France","sg_lasso","Expenditures","2016-12",1.11678536468185,0.0293275811017715,100.293275811018
"France","sg_lasso","Expenditures","2017-01",-97.2814943263625,-0.0217605619053699,99.7823943809463
"France","sg_lasso","Expenditures","2017-02",-486.407471631813,-0.22379380515712,97.7620619484288
"France","sg_lasso","Expenditures","2017-03",-537.526161354618,-0.25033450220077,97.4966549779923
"France","sg_lasso","Expenditures","2017-04",460.754819814497,0.267970509710113,102.679705097101
"France","sg_lasso","Expenditures","2017-05",411.956601653852,0.242634595751939,102.426345957519
"France","sg_lasso","Expenditures","2017-06",106.601252690069,0.0840948551707101,100.840948551707
"France","sg_lasso","Expenditures","2017-07",0,0.0287477489075676,100.287477489076
"France","sg_lasso","Expenditures","2017-08",0,0.0287477489075676,100.287477489076
"France","sg_lasso","Expenditures","2017-09",-489.793732585969,-0.225551943454137,97.7444805654586
"France","sg_lasso","Expenditures","2017-10",-404.844544028795,-0.181446535239927,98.1855346476007
"France","sg_lasso","Expenditures","2017-11",-691.619093191307,-0.330339170603311,96.6966082939669
"France","sg_lasso","Expenditures","2017-12",80.5564756865288,0.0705724714834773,100.705724714835
"France","sg_lasso","Expenditures","2018-01",254.072519774284,0.160661571640739,101.606615716407
"France","sg_lasso","Expenditures","2018-02",963.048164069311,0.528759969479102,105.287599694791
"France","sg_lasso","Expenditures","2018-03",534.48366778845,0.306250344894955,103.06250344895
"France","sg_lasso","Expenditures","2018-04",357.623240930844,0.214424849490203,102.144248494902
"France","sg_lasso","Expenditures","2018-05",-1343.92339955636,-0.669013950207054,93.3098604979295
"France","sg_lasso","Expenditures","2018-06",167.801134162357,0.115869681991803,101.158696819918
"France","sg_lasso","Expenditures","2018-07",0,0.0287477489075676,100.287477489076
"France","sg_lasso","Expenditures","2018-08",0,0.0287477489075676,100.287477489076
"France","sg_lasso","Expenditures","2018-09",0,0.0287477489075676,100.287477489076
"France","sg_lasso","Expenditures","2018-10",0,0.0287477489075676,100.287477489076
"France","sg_lasso","Expenditures","2018-11",0,0.0287477489075676,100.287477489076
"France","sg_lasso","Expenditures","2018-12",320.965150009845,0.195392059514392,101.953920595144
"France","sg_lasso","Expenditures","2019-01",0,0.0287477489075676,100.287477489076
"France","sg_lasso","Expenditures","2019-02",0,0.0287477489075676,100.287477489076
"France","sg_lasso","Expenditures","2019-03",734.448764481948,0.41007172763041,104.100717276304
"France","sg_lasso","Expenditures","2019-04",-895.259636585444,-0.436068836158821,95.6393116384118
"France","sg_lasso","Expenditures","2019-05",-271.16724969089,-0.112041615241472,98.8795838475853
"France","sg_lasso","Expenditures","2019-06",-559.590050121464,-0.261790018579243,97.3820998142076
"France","sg_lasso","Expenditures","2019-07",124.741010299981,0.0935129723756028,100.935129723756
"France","sg_lasso","Expenditures","2019-08",-100.307609408357,-0.02333171335792,99.7666828664208
"France","sg_lasso","Expenditures","2019-09",175.383176418889,0.119806259544826,101.198062595448
"France","sg_lasso","Expenditures","2019-10",0.314530876896697,0.0289110525595168,100.289110525595
"France","sg_lasso","Expenditures","2019-11",1.07585387295603,0.0293063295726864,100.293063295727
"France","sg_lasso","Expenditures","2019-12",1.0758538729558,0.0293063295726863,100.293063295727
"France","sg_lasso","Expenditures","2020-01",12.7006288668458,0.0353418839459783,100.35341883946
"France","sg_lasso","Expenditures","2020-02",282.294440955833,0.175314323190728,101.753143231907
"France","sg_lasso","Expenditures","2020-03",306.890848927578,0.18808471726538,101.880847172654
"France","sg_lasso","Expenditures","2020-04",732.597807705249,0.409110715458196,104.091107154582
"France","sg_lasso","Expenditures","2020-05",4873.78230449701,2.55920344528374,125.592034452837
"France","sg_lasso","Expenditures","2020-06",4670.79053930543,2.45381062376347,124.538106237635
"France","sg_lasso","Expenditures","2020-07",3032.17475879166,1.60304537063613,116.030453706361
"France","sg_lasso","Expenditures","2020-08",-4200.55734853211,-2.15217121842921,78.4782878157079
"France","sg_lasso","Expenditures","2020-09",-4128.45604550802,-2.11473640054965,78.8526359945035
"France","sg_lasso","Expenditures","2020-10",6373.95687049977,3.33809036286265,133.380903628626
"France","sg_lasso","Expenditures","2020-11",11129.0382579677,5.80691683723107,158.069168372311
"France","sg_lasso","Expenditures","2020-12",-1323.95286872054,-0.658645300079507,93.4135469992049
"France","sg_lasso","Expenditures","2021-01",-8521.08718402465,-4.39537960373143,56.0462039626857
"France","sg_lasso","Expenditures","2021-02",-11321.3671811594,-5.84927803978994,41.5072196021006
"France","sg_lasso","Expenditures","2021-03",834.766009541643,0.462156192702197,104.621561927022
"France","sg_lasso","Expenditures","2021-04",5272.9583720877,2.76645467050976,127.664546705098
"France","sg_lasso","Expenditures","2021-05",-498.620702764778,-0.23013488449976,97.6986511550024
"France","sg_lasso","Expenditures","2021-06",-2402.51498744623,-1.21863207969145,87.8136792030855
"France","sg_lasso","Expenditures","2021-07",-4881.10075174912,-2.50550766714846,74.9449233285154
"France","sg_lasso","Expenditures","2021-08",-2082.99751334051,-1.05273939882704,89.4726060117296
"France","sg_lasso","Expenditures","2021-09",1314.77337793248,0.711374829022163,107.113748290222
"France","sg_lasso","Expenditures","2021-10",1384.36227805511,0.747505213540445,107.475052135404
"France","sg_lasso","Expenditures","2021-11",2483.58331822724,1.31821805397929,113.182180539793
"France","sg_lasso","Expenditures","2021-12",-1890.25867935181,-0.952669873782889,90.4733012621711
"France","sg_lasso","Expenditures","2022-01",-1518.90357622475,-0.759863224372398,92.401367756276
"France","sg_lasso","Expenditures","2022-02",-3123.21082450704,-1.59281557257385,84.0718442742615
"France","sg_lasso","Expenditures","2022-03",-1090.64805508639,-0.537514018916669,94.6248598108333
"France","sg_lasso","Expenditures","2022-04",0,0.0287477489075676,100.287477489076
"France","sg_lasso","Expenditures","2022-05",0,0.0287477489075676,100.287477489076
"France","sg_lasso","Expenditures","2022-06",0,0.0287477489075676,100.287477489076
"France","sg_lasso","Expenditures","2022-07",0,0.0287477489075676,100.287477489076
"France","sg_lasso","Expenditures","2022-08",0,0.0287477489075676,100.287477489076
"France","sg_lasso","Expenditures","2022-09",0,0.0287477489075676,100.287477489076
"France","sg_lasso","Expenditures","2022-10",0,0.0287477489075676,100.287477489076
"France","sg_lasso","Expenditures","2022-11",0,0.0287477489075676,100.287477489076
"France","sg_lasso","Expenditures","2022-12",0,0.0287477489075676,100.287477489076
"France","sg_lasso","Expenditures","2023-01",0,0.0287477489075676,100.287477489076
"France","sg_lasso","Expenditures","2023-02",0,0.0287477489075676,100.287477489076
"France","sg_lasso","Expenditures","2023-03",0,0.0287477489075676,100.287477489076
"France","sg_lasso","Expenditures","2023-04",32.5891415884503,0.0456679504718462,100.456679504718
"France","sg_lasso","Expenditures","2023-05",-203.869796910721,-0.077100944505715,99.2289905549429
"France","sg_lasso","Expenditures","2023-06",-135.241405164415,-0.0414692535565032,99.585307464435
"France","sg_lasso","Expenditures","2023-07",0,0.0287477489075676,100.287477489076
"France","sg_lasso","Expenditures","2023-08",0,0.0287477489075676,100.287477489076
"France","sg_lasso","Expenditures","2023-09",0,0.0287477489075676,100.287477489076
"France","sg_lasso","Expenditures","2023-10",0,0.0287477489075676,100.287477489076
"France","sg_lasso","Expenditures","2023-11",0,0.0287477489075676,100.287477489076
"France","sg_lasso","Expenditures","2023-12",0,0.0287477489075676,100.287477489076
"France","sg_lasso","Expenditures","2024-01",0,0.0287477489075676,100.287477489076
"France","sg_lasso","Expenditures","2024-02",0,0.0287477489075676,100.287477489076
"France","sg_lasso","Expenditures","2024-03",0,0.0287477489075676,100.287477489076
"France","sg_lasso","Expenditures","2024-04",0,0.0287477489075676,100.287477489076
"France","sg_lasso","Expenditures","2024-05",0,0.0287477489075676,100.287477489076
"France","sg_lasso","Expenditures","2024-06",0,0.0287477489075676,100.287477489076
"France","sg_lasso","Expenditures","2024-07",0,0.0287477489075676,100.287477489076
"France","sg_lasso","Expenditures","2024-08",0,0.0287477489075676,100.287477489076
"France","sg_lasso","Expenditures","2024-09",0,0.0287477489075676,100.287477489076
"France","sg_lasso","Expenditures","2024-10",0,0.0287477489075676,100.287477489076
"France","sg_lasso","Expenditures","2024-11",0,0.0287477489075676,100.287477489076
"France","sg_lasso","Expenditures","2024-12",0,0.0287477489075676,100.287477489076
"France","sg_lasso","Expenditures","2025-01",0,0.0287477489075676,100.287477489076
"France","sg_lasso","Expenditures","2025-02",0,0.0287477489075676,100.287477489076
"France","sg_lasso","Expenditures","2025-03",0,0.0287477489075676,100.287477489076
"France","sg_lasso","Expenditures","2025-04",0,0.0287477489075676,100.287477489076
"France","sg_lasso","Expenditures","2025-05",0,0.0287477489075676,100.287477489076
"France","sg_lasso","Expenditures","2025-06",0,0.0287477489075676,100.287477489076
"France","sg_lasso","Expenditures","2025-07",0,0.0287477489075676,100.287477489076
"France","sg_lasso","Expenditures","2025-08",0,0.0287477489075676,100.287477489076
"France","sg_lasso","Expenditures","2025-09",0,0.0287477489075676,100.287477489076
"France","sg_lasso","Revenues","2013-01",0,0.0608612449263978,100.608612449264
"France","sg_lasso","Revenues","2013-02",-205.986215700998,-0.0205016840301279,99.7949831596987
"France","sg_lasso","Revenues","2013-03",-1355.82346730787,-0.474678320537962,95.2532167946204
"France","sg_lasso","Revenues","2013-04",2150.01049683292,0.910098417007487,109.100984170075
"France","sg_lasso","Revenues","2013-05",-809.032893709836,-0.258700360836364,97.4129963916364
"France","sg_lasso","Revenues","2013-06",358.316650939628,0.202393493165084,102.023934931651
"France","sg_lasso","Revenues","2013-07",-42.0739284437991,0.0442423753615341,100.442423753615
"France","sg_lasso","Revenues","2013-08",-42.0739284437986,0.0442423753615343,100.442423753615
"France","sg_lasso","Revenues","2013-09",27.7213643353757,0.0718109649808267,100.718109649808
"France","sg_lasso","Revenues","2013-10",7705.72658876701,3.10456241136917,131.045624113692
"France","sg_lasso","Revenues","2013-11",-3206.37135295472,-1.20563012543489,87.943698745651
"France","sg_lasso","Revenues","2013-12",-5773.36663744832,-2.21957299657905,77.8042700342095
"France","sg_lasso","Revenues","2014-01",-1186.11756955374,-0.407645830740123,95.9235416925988
"France","sg_lasso","Revenues","2014-02",-3745.95634391655,-1.41876193688271,85.8123806311729
"France","sg_lasso","Revenues","2014-03",-2611.34926715093,-0.970601099196109,90.2939890080389
"France","sg_lasso","Revenues","2014-04",-2410.79237045394,-0.89138270838211,91.0861729161789
"France","sg_lasso","Revenues","2014-05",4944.64431652442,2.01395671236604,120.13956712366
"France","sg_lasso","Revenues","2014-06",-3537.99548387655,-1.33661903900195,86.6338096099805
"France","sg_lasso","Revenues","2014-07",1711.76780291646,0.736996012802929,107.369960128029
"France","sg_lasso","Revenues","2014-08",-2539.43474737826,-0.942195431645521,90.5780456835448
"France","sg_lasso","Revenues","2014-09",-3018.98676348601,-1.13161469198171,88.6838530801829
"France","sg_lasso","Revenues","2014-10",26.7585771649701,0.0714306716496474,100.714306716496
"France","sg_lasso","Revenues","2014-11",4.19411353035139,0.0625178866586821,100.625178866587
"France","sg_lasso","Revenues","2014-12",2.43472010480991,0.0618229401458693,100.618229401459
"France","sg_lasso","Revenues","2015-01",38.1269655063256,0.0759210952919291,100.759210952919
"France","sg_lasso","Revenues","2015-02",12.1922629030414,0.065677092516119,100.656770925161
"France","sg_lasso","Revenues","2015-03",-53.4559315162778,0.039746574007946,100.397465740079
"France","sg_lasso","Revenues","2015-04",24.6945621077627,0.070615401997291,100.706154019973
"France","sg_lasso","Revenues","2015-05",52.5090270000928,0.0816018960366951,100.816018960367
"France","sg_lasso","Revenues","2015-06",70.9563937944945,0.0888884602799383,100.888884602799
"France","sg_lasso","Revenues","2015-07",14.6623797570924,0.0666527691720861,100.666527691721
"France","sg_lasso","Revenues","2015-08",69.0927762587739,0.0881523460664461,100.881523460664
"France","sg_lasso","Revenues","2015-09",61.6532203431243,0.0852137802144877,100.852137802145
"France","sg_lasso","Revenues","2015-10",63.3752343840906,0.0858939621655006,100.858939621655
"France","sg_lasso","Revenues","2015-11",-181.081799596812,-0.0106646362874287,99.8933536371257
"France","sg_lasso","Revenues","2015-12",60.3766457484628,0.0847095433280549,100.847095433281
"France","sg_lasso","Revenues","2016-01",105.11769308876,0.102381903800336,101.023819038003
"France","sg_lasso","Revenues","2016-02",378.123010886743,0.210216848974502,102.102168489745
"France","sg_lasso","Revenues","2016-03",-167.143349430575,-0.00515905851475968,99.9484094148524
"France","sg_lasso","Revenues","2016-04",-123.902585377088,0.0119207019038532,100.119207019039
"France","sg_lasso","Revenues","2016-05",-701.258115842049,-0.216130174452191,97.8386982554781
"France","sg_lasso","Revenues","2016-06",197.036345132456,0.138689045666891,101.386890456669
"France","sg_lasso","Revenues","2016-07",33.1395903095588,0.0739511214641507,100.739511214642
"France","sg_lasso","Revenues","2016-08",16.0371701166175,0.0671958005102341,100.671958005102
"France","sg_lasso","Revenues","2016-09",-72.5945661758315,0.0321869644154746,100.321869644155
"France","sg_lasso","Revenues","2016-10",147.867899598801,0.119267897862202,101.192678978622
"France","sg_lasso","Revenues","2016-11",243.989625898193,0.157235220876808,101.572352208768
"France","sg_lasso","Revenues","2016-12",-6.80822187637841,0.0581720510356177,100.581720510356
"France","sg_lasso","Revenues","2017-01",-18.4243222547755,0.0535837830943721,100.535837830944
"France","sg_lasso","Revenues","2017-02",116.169717378041,0.106747366139718,101.067473661397
"France","sg_lasso","Revenues","2017-03",196.568531804345,0.138504263095637,101.385042630956
"France","sg_lasso","Revenues","2017-04",246.261478178232,0.158132584591324,101.581325845913
"France","sg_lasso","Revenues","2017-05",-237.020353060813,-0.0327599232751212,99.6724007672488
"France","sg_lasso","Revenues","2017-06",-463.011587351694,-0.122024676636564,98.7797532336344
"France","sg_lasso","Revenues","2017-07",-108.531457958014,0.0179921758805156,100.179921758805
"France","sg_lasso","Revenues","2017-08",-39.4242952638542,0.0452889595489617,100.45288959549
"France","sg_lasso","Revenues","2017-09",565.007910722864,0.284034908967824,102.840349089678
"France","sg_lasso","Revenues","2017-10",-463.769094458791,-0.122323885963407,98.7767611403659
"France","sg_lasso","Revenues","2017-11",-17.8676926645408,0.0538036473879669,100.53803647388
"France","sg_lasso","Revenues","2017-12",-72.1770056449459,0.032351897528566,100.323518975286
"France","sg_lasso","Revenues","2018-01",178.746194460593,0.131464580550841,101.314645805508
"France","sg_lasso","Revenues","2018-02",-115.458110836843,0.0152562026787712,100.152562026788
"France","sg_lasso","Revenues","2018-03",58.6307772216205,0.0840199390434502,100.840199390435
"France","sg_lasso","Revenues","2018-04",47.5451096239058,0.079641187862848,100.796411878628
"France","sg_lasso","Revenues","2018-05",-154.184496279912,-0.0000404138293990111,99.999595861706
"France","sg_lasso","Revenues","2018-06",185.347691486816,0.134072119757887,101.340721197579
"France","sg_lasso","Revenues","2018-07",70.0206522678368,0.0885188497645161,100.885188497645
"France","sg_lasso","Revenues","2018-08",-67.2449008717526,0.0343000399753886,100.343000399754
"France","sg_lasso","Revenues","2018-09",-492.79302367111,-0.133788108860578,98.6621189113942
"France","sg_lasso","Revenues","2018-10",261.972327420846,0.164338246006207,101.643382460062
"France","sg_lasso","Revenues","2018-11",-523.639292751863,-0.145972141618548,98.5402785838145
"France","sg_lasso","Revenues","2018-12",619.798188986452,0.305676636316898,103.056766363169
"France","sg_lasso","Revenues","2019-01",-730.371122637541,-0.227629582291456,97.7237041770854
"France","sg_lasso","Revenues","2019-02",1114.18885779099,0.500957047318293,105.009570473183
"France","sg_lasso","Revenues","2019-03",-807.893778160384,-0.258250419187561,97.4174958081244
"France","sg_lasso","Revenues","2019-04",0,0.0608612449263978,100.608612449264
"France","sg_lasso","Revenues","2019-05",0,0.0608612449263978,100.608612449264
"France","sg_lasso","Revenues","2019-06",0,0.0608612449263978,100.608612449264
"France","sg_lasso","Revenues","2019-07",0,0.0608612449263978,100.608612449264
"France","sg_lasso","Revenues","2019-08",0,0.0608612449263978,100.608612449264
"France","sg_lasso","Revenues","2019-09",0,0.0608612449263978,100.608612449264
"France","sg_lasso","Revenues","2019-10",0,0.0608612449263978,100.608612449264
"France","sg_lasso","Revenues","2019-11",0,0.0608612449263978,100.608612449264
"France","sg_lasso","Revenues","2019-12",0,0.0608612449263978,100.608612449264
"France","sg_lasso","Revenues","2020-01",113.704900100271,0.105773782774542,101.057737827745
"France","sg_lasso","Revenues","2020-02",113.704900100272,0.105773782774543,101.057737827745
"France","sg_lasso","Revenues","2020-03",0,0.0608612449263978,100.608612449264
"France","sg_lasso","Revenues","2020-04",-390.057609549104,-0.0932084313705982,99.067915686294
"France","sg_lasso","Revenues","2020-05",-390.057609549104,-0.0932084313705982,99.067915686294
"France","sg_lasso","Revenues","2020-06",-8.62213879358387,0.0574555681740565,100.574555681741
"France","sg_lasso","Revenues","2020-07",4154.30791244659,1.70178007240057,117.017800724006
"France","sg_lasso","Revenues","2020-08",876.680668178924,0.407143187530461,104.071431875305
"France","sg_lasso","Revenues","2020-09",14067.0985788097,5.61725412489224,156.172541248922
"France","sg_lasso","Revenues","2020-10",634.001317657784,0.311286760009463,103.112867600095
"France","sg_lasso","Revenues","2020-11",-9674.23285785826,-3.76038435660146,62.3961564339854
"France","sg_lasso","Revenues","2020-12",-12425.3772462669,-4.84706466994902,51.5293533005098
"France","sg_lasso","Revenues","2021-01",-6685.11159653717,-2.57970505726264,74.2029494273736
"France","sg_lasso","Revenues","2021-02",3479.08912696566,1.43507398293611,114.350739829361
"France","sg_lasso","Revenues","2021-03",1122.67663153019,0.504309650934953,105.04309650935
"France","sg_lasso","Revenues","2021-04",-4160.86799265659,-1.5826487624394,84.173512375606
"France","sg_lasso","Revenues","2021-05",3020.35638061543,1.2538781697876,112.538781697876
"France","sg_lasso","Revenues","2021-06",-783.694611315274,-0.248691939334308,97.5130806066569
"France","sg_lasso","Revenues","2021-07",4208.87815243462,1.72333488636798,117.23334886368
"France","sg_lasso","Revenues","2021-08",916.904626618769,0.423031333549134,104.230313335491
"France","sg_lasso","Revenues","2021-09",841.60351617042,0.393287989418526,103.932879894185
"France","sg_lasso","Revenues","2021-10",2400.5720721454,1.0090682610915,110.090682610915
"France","sg_lasso","Revenues","2021-11",231.12946919562,0.152155560509242,101.521555605092
"France","sg_lasso","Revenues","2021-12",395.571706192542,0.217108945864182,102.171089458642
"France","sg_lasso","Revenues","2022-01",-128.401190335235,0.0101437884615262,100.101437884615
"France","sg_lasso","Revenues","2022-02",-1067.7142011758,-0.360877435016345,96.3912256498366
"France","sg_lasso","Revenues","2022-03",931.385052691407,0.428750987525973,104.28750987526
"France","sg_lasso","Revenues","2022-04",15.2143316559705,0.0668707858145251,100.668707858145
"France","sg_lasso","Revenues","2022-05",-180.96151601135,-0.0106171252208007,99.893828747792
"France","sg_lasso","Revenues","2022-06",440.437312383746,0.234830506099189,102.348305060992
"France","sg_lasso","Revenues","2022-07",796.384407688714,0.375426798569644,103.754267985696
"France","sg_lasso","Revenues","2022-08",26.1476782780246,0.0711893714123037,100.711893714123
"France","sg_lasso","Revenues","2022-09",661.260793655571,0.322054037817118,103.220540378171
"France","sg_lasso","Revenues","2022-10",556.121912307295,0.28052500974795,102.80525009748
"France","sg_lasso","Revenues","2022-11",-344.687016710785,-0.0752874053968112,99.2471259460319
"France","sg_lasso","Revenues","2022-12",39.548109182294,0.0764824358241163,100.764824358241
"France","sg_lasso","Revenues","2023-01",312.818390205079,0.184422039380214,101.844220393802
"France","sg_lasso","Revenues","2023-02",-2072.77230718313,-0.757867452032607,92.4213254796739
"France","sg_lasso","Revenues","2023-03",-1813.67349533889,-0.655525466919371,93.4447453308063
"France","sg_lasso","Revenues","2023-04",-2539.10639771823,-0.942065736122105,90.579342638779
"France","sg_lasso","Revenues","2023-05",2992.79335481906,1.24299099220601,112.42990992206
"France","sg_lasso","Revenues","2023-06",513.153618852557,0.263552873064709,102.635528730647
"France","sg_lasso","Revenues","2023-07",4712.12467631927,1.92211329020973,119.221132902097
"France","sg_lasso","Revenues","2023-08",-4216.53316328675,-1.60463606536606,83.9536393463394
"France","sg_lasso","Revenues","2023-09",1151.16440124988,0.515562095065476,105.155620950655
"France","sg_lasso","Revenues","2023-10",-3340.11141609479,-1.25845639450768,87.4154360549232
"France","sg_lasso","Revenues","2023-11",3861.01128785211,1.5859302212401,115.859302212401
"France","sg_lasso","Revenues","2023-12",57.3154330088855,0.0835003884639616,100.83500388464
"France","sg_lasso","Revenues","2024-01",767.706643068297,0.36409930795333,103.640993079533
"France","sg_lasso","Revenues","2024-02",-182.704933265796,-0.0113057612721615,99.8869423872784
"France","sg_lasso","Revenues","2024-03",-1528.20037621094,-0.542765838652203,94.572341613478
"France","sg_lasso","Revenues","2024-04",-1706.87705737173,-0.613341717072027,93.8665828292797
"France","sg_lasso","Revenues","2024-05",-5945.38898795494,-2.2875204669259,77.124795330741
"France","sg_lasso","Revenues","2024-06",-3894.69898019197,-1.4775141038998,85.224858961002
"France","sg_lasso","Revenues","2024-07",-2498.23177032791,-0.925920581004975,90.7407941899503
"France","sg_lasso","Revenues","2024-08",4395.18751417135,1.79692561335588,117.969256133559
"France","sg_lasso","Revenues","2024-09",-1885.23284900914,-0.683790846663513,93.1620915333649
"France","sg_lasso","Revenues","2024-10",2286.87222651209,0.964157719717906,109.641577197179
"France","sg_lasso","Revenues","2024-11",-2486.41799938235,-0.921254234750295,90.7874576524971
"France","sg_lasso","Revenues","2024-12",-229.614563696836,-0.0298346949444891,99.7016530505551
"France","sg_lasso","Revenues","2025-01",356.127507442195,0.201528798766718,102.015287987667
"France","sg_lasso","Revenues","2025-02",1281.65570859684,0.567105131248666,105.671051312487
"France","sg_lasso","Revenues","2025-03",-816.09480630698,-0.261489760558979,97.3851023944102
"France","sg_lasso","Revenues","2025-04",-705.169371236723,-0.217675089454026,97.8232491054597
"France","sg_lasso","Revenues","2025-05",368.390636371189,0.206372637877208,102.063726378772
"France","sg_lasso","Revenues","2025-06",-1097.73922063494,-0.37273708065748,96.2726291934252
"France","sg_lasso","Revenues","2025-07",-2025.40094476863,-0.739156137872151,92.6084386212785
"France","sg_lasso","Revenues","2025-08",569.484214216633,0.28580301350779,102.858030135078
"France","sg_lasso","Revenues","2025-09",1903.22860562022,0.812621518302567,108.126215183026
"Germany","factor_midas","Expenditures","2013-03",0,-0.0732901093552905,99.2670989064471
"Germany","factor_midas","Expenditures","2013-04",21754.3385751598,2.24286846873006,122.428684687301
"Germany","factor_midas","Expenditures","2013-05",-5367.24503839412,-0.644734310860794,93.5526568913921
"Germany","factor_midas","Expenditures","2013-06",-3234.07631063653,-0.41761837119528,95.8238162880472
"Germany","factor_midas","Expenditures","2013-07",2301.24616056522,0.171720834860004,101.7172083486
"Germany","factor_midas","Expenditures","2013-08",-4728.90996662749,-0.576771534283748,94.2322846571625
"Germany","factor_midas","Expenditures","2013-09",-8.24448537514741,-0.0741678899165139,99.2583211008349
"Germany","factor_midas","Expenditures","2013-10",1559.34418423624,0.0927314130195736,100.927314130196
"Germany","factor_midas","Expenditures","2013-11",-24177.8134560769,-2.64747317827116,73.5252682172884
"Germany","factor_midas","Expenditures","2013-12",776.153804152656,0.00934606389313215,100.093460638931
"Germany","factor_midas","Expenditures","2014-01",-160.765934539168,-0.0904066673724567,99.0959333262754
"Germany","factor_midas","Expenditures","2014-02",-4909.45479386967,-0.595993927504354,94.0400607249565
"Germany","factor_midas","Expenditures","2014-03",1987.29901649538,0.13829525548463,101.382952554846
"Germany","factor_midas","Expenditures","2014-04",-12408.5614172868,-1.39441489874166,86.0558510125834
"Germany","factor_midas","Expenditures","2014-05",6932.60623602876,0.664816238791773,106.648162387918
"Germany","factor_midas","Expenditures","2014-06",10958.1999375062,1.0934164166988,110.934164166988
"Germany","factor_midas","Expenditures","2014-07",-4513.97141472955,-0.553887282068049,94.4611271793195
"Germany","factor_midas","Expenditures","2014-08",-7161.02704537216,-0.835716149647718,91.6428385035228
"Germany","factor_midas","Expenditures","2014-09",1207.55865353402,0.0552772255816422,100.552772255816
"Germany","factor_midas","Expenditures","2014-10",16198.065292357,1.65129865465882,116.512986546588
"Germany","factor_midas","Expenditures","2014-11",-4306.80851681118,-0.531830894491985,94.6816910550802
"Germany","factor_midas","Expenditures","2014-12",14620.1151958025,1.48329618290826,114.832961829083
"Germany","factor_midas","Expenditures","2015-01",-10973.649267121,-1.24164150717551,87.5835849282449
"Germany","factor_midas","Expenditures","2015-02",12600.464282937,1.26826635010457,112.682663501046
"Germany","factor_midas","Expenditures","2015-03",2987.27117765182,0.244761103246771,102.447611032468
"Germany","factor_midas","Expenditures","2015-04",10266.5470523597,1.01977695588713,110.197769558871
"Germany","factor_midas","Expenditures","2015-05",15791.8621712357,1.60805069103172,116.080506910317
"Germany","factor_midas","Expenditures","2015-06",-3493.38472638077,-0.445226630091349,95.5477336990865
"Germany","factor_midas","Expenditures","2015-07",8089.46000989814,0.787985085441862,107.879850854419
"Germany","factor_midas","Expenditures","2015-08",3528.63538219727,0.30239950681828,103.023995068183
"Germany","factor_midas","Expenditures","2015-09",-3051.07694883624,-0.39813464659692,96.0186535340308
"Germany","factor_midas","Expenditures","2015-10",1.61459850642495,-0.0731182049708892,99.2688179502911
"Germany","factor_midas","Expenditures","2015-11",21369.901224746,2.20193788084659,122.019378808466
"Germany","factor_midas","Expenditures","2015-12",48715.5961174322,5.11340152202211,151.134015220221
"Germany","factor_midas","Expenditures","2016-01",4994.54374485353,0.458473028296439,104.584730282964
"Germany","factor_midas","Expenditures","2016-02",-3884.62392767928,-0.486881402956083,95.1311859704392
"Germany","factor_midas","Expenditures","2016-03",-2421.98388932464,-0.331155856082669,96.6884414391733
"Germany","factor_midas","Expenditures","2016-04",55.5719980534141,-0.0673734247570408,99.3262657524296
"Germany","factor_midas","Expenditures","2016-05",-422.114444622459,-0.118232132688623,98.8176786731138
"Germany","factor_midas","Expenditures","2016-06",1179.6080081114,0.0523013535763888,100.523013535764
"Germany","factor_midas","Expenditures","2016-07",4181.45928633299,0.371904892161029,103.71904892161
"Germany","factor_midas","Expenditures","2016-08",-3272.66749749012,-0.421727129002861,95.7827287099714
"Germany","factor_midas","Expenditures","2016-09",-2404.81011157148,-0.329327384372362,96.7067261562764
"Germany","factor_midas","Expenditures","2016-10",-16833.0383721556,-1.86548370265656,81.3451629734344
"Germany","factor_midas","Expenditures","2016-11",7690.79741775443,0.745539952974826,107.455399529748
"Germany","factor_midas","Expenditures","2016-12",-5988.7238122526,-0.710902417429381,92.8909758257062
"Germany","factor_midas","Expenditures","2017-01",2887.57969728855,0.234147069792816,102.341470697928
"Germany","factor_midas","Expenditures","2017-02",-252.152393024183,-0.100136475015636,98.9986352498436
"Germany","factor_midas","Expenditures","2017-03",7020.93259902256,0.67422024170422,106.742202417042
"Germany","factor_midas","Expenditures","2017-04",562.206285021161,-0.0134326742415367,99.8656732575846
"Germany","factor_midas","Expenditures","2017-05",-3535.00398259261,-0.449657782845341,95.5034221715466
"Germany","factor_midas","Expenditures","2017-06",8.44654703709284,-0.0723908155290235,99.2760918447098
"Germany","factor_midas","Expenditures","2017-07",-459.257111829334,-0.122186668330649,98.7781333166935
"Germany","factor_midas","Expenditures","2017-08",-1802.35603237315,-0.265184814437781,97.3481518556222
"Germany","factor_midas","Expenditures","2017-09",-1189.43759858651,-0.199928117104655,98.0007188289535
"Germany","factor_midas","Expenditures","2017-10",2320.89970677109,0.173813324570838,101.738133245708
"Germany","factor_midas","Expenditures","2017-11",-4531.8572744868,-0.555791568303186,94.4420843169681
"Germany","factor_midas","Expenditures","2017-12",137.183937324725,-0.0586842985597834,99.4131570144022
"Germany","factor_midas","Expenditures","2018-01",316.893594347035,-0.0395508249200802,99.6044917507992
"Germany","factor_midas","Expenditures","2018-02",5723.30032657859,0.536062875593658,105.360628755937
"Germany","factor_midas","Expenditures","2018-03",-473.43937185689,-0.123696636703439,98.7630336329656
"Germany","factor_midas","Expenditures","2018-04",-2552.28837750847,-0.345029220102783,96.5497077989722
"Germany","factor_midas","Expenditures","2018-05",98.2423123696117,-0.0628303670956183,99.3716963290438
"Germany","factor_midas","Expenditures","2018-06",347.337579889144,-0.0363094899550642,99.6369051004494
"Germany","factor_midas","Expenditures","2018-07",519.45220815979,-0.0179846500016114,99.8201534999839
"Germany","factor_midas","Expenditures","2018-08",-7257.60204771079,-0.845998375389605,91.5400162461039
"Germany","factor_midas","Expenditures","2018-09",-901.968239412536,-0.169321596024406,98.3067840397559
"Germany","factor_midas","Expenditures","2018-10",307.197340432595,-0.0405831735525902,99.5941682644741
"Germany","factor_midas","Expenditures","2018-11",1910.90693063947,0.13016188087792,101.301618808779
"Germany","factor_midas","Expenditures","2018-12",2659.91367233823,0.209907738644896,102.099077386449
"Germany","factor_midas","Expenditures","2019-01",-2046.36829114706,-0.291164509677172,97.0883549032283
"Germany","factor_midas","Expenditures","2019-02",76.0931814998162,-0.0651885587401939,99.3481144125981
"Germany","factor_midas","Expenditures","2019-03",-272.454155189625,-0.102297979509431,98.9770202049057
"Germany","factor_midas","Expenditures","2019-04",-1047.55735175838,-0.1848222958168,98.151777041832
"Germany","factor_midas","Expenditures","2019-05",230.233705982243,-0.0487774002589977,99.51222599741
"Germany","factor_midas","Expenditures","2019-06",610.052076658528,-0.0083385896595899,99.9166141034041
"Germany","factor_midas","Expenditures","2019-07",-164.44322786719,-0.0907981844234767,99.0920181557652
"Germany","factor_midas","Expenditures","2019-08",10043.5073346414,0.996030182172897,109.960301821729
"Germany","factor_midas","Expenditures","2019-09",-1877.44762157871,-0.27317972671147,97.2682027328853
"Germany","factor_midas","Expenditures","2019-10",375.699288196515,-0.0332898525729247,99.6671014742708
"Germany","factor_midas","Expenditures","2019-11",1610.67842380161,0.0981969085072,100.981969085072
"Germany","factor_midas","Expenditures","2019-12",573.87688860862,-0.0121901189453996,99.878098810546
"Germany","factor_midas","Expenditures","2020-01",-73.1262919963074,-0.0810757787704121,99.1892422122959
"Germany","factor_midas","Expenditures","2020-02",-3168.76657548573,-0.410664921299326,95.8933507870067
"Germany","factor_midas","Expenditures","2020-03",500.529966465816,-0.0199992785900506,99.8000072140995
"Germany","factor_midas","Expenditures","2020-04",203.162573774768,-0.0516596315373332,99.4834036846267
"Germany","factor_midas","Expenditures","2020-05",-650.350543800038,-0.142532158962118,98.5746784103788
"Germany","factor_midas","Expenditures","2020-06",-7259.02425977087,-0.846149796617671,91.5385020338233
"Germany","factor_midas","Expenditures","2020-07",-806.31214977205,-0.159137205825575,98.4086279417443
"Germany","factor_midas","Expenditures","2020-08",8871.62987858282,0.871261781932305,108.712617819323
"Germany","factor_midas","Expenditures","2020-09",-6621.38806758876,-0.778261428919532,92.2173857108047
"Germany","factor_midas","Expenditures","2020-10",559.938858742624,-0.0136740844230996,99.863259155769
"Germany","factor_midas","Expenditures","2020-11",-3536.53607500757,-0.449820902904223,95.5017909709578
"Germany","factor_midas","Expenditures","2020-12",-5934.61289158727,-0.705141292004487,92.9485870799551
"Germany","factor_midas","Expenditures","2021-01",-23049.0583904027,-2.52729596769379,74.7270403230621
"Germany","factor_midas","Expenditures","2021-02",10023.721553571,0.993923613573173,109.939236135732
"Germany","factor_midas","Expenditures","2021-03",4974.70030539944,0.456360320877112,104.563603208771
"Germany","factor_midas","Expenditures","2021-04",-697.311062460742,-0.147531989582182,98.5246801041782
"Germany","factor_midas","Expenditures","2021-05",476.869238051202,-0.0225184082290381,99.7748159177096
"Germany","factor_midas","Expenditures","2021-06",8188.74086764728,0.798555400394021,107.98555400394
"Germany","factor_midas","Expenditures","2021-07",-4239.44399056234,-0.524658673429467,94.7534132657053
"Germany","factor_midas","Expenditures","2021-08",8024.75546293171,0.781096069212771,107.810960692128
"Germany","factor_midas","Expenditures","2021-09",-2528.9612555545,-0.342545609147245,96.5745439085275
"Germany","factor_midas","Expenditures","2021-10",-5096.09467764395,-0.615865254151364,93.8413474584864
"Germany","factor_midas","Expenditures","2021-11",6848.76320562779,0.655889570973078,106.558895709731
"Germany","factor_midas","Expenditures","2021-12",4770.53189704506,0.434622753046665,104.346227530467
"Germany","factor_midas","Expenditures","2022-01",-54044.607593708,-5.82735526031122,41.7264473968878
"Germany","factor_midas","Expenditures","2022-02",42499.5540515595,4.45158690960038,144.515869096004
"Germany","factor_midas","Expenditures","2022-03",-9001.69705992408,-1.03169009888546,89.6830990111454
"Germany","factor_midas","Expenditures","2022-04",16743.0565213593,1.70932322321436,117.093232232144
"Germany","factor_midas","Expenditures","2022-05",-2790.10200627628,-0.370348954571065,96.2965104542893
"Germany","factor_midas","Expenditures","2022-06",-7484.22809805766,-0.870126981677266,91.2987301832273
"Germany","factor_midas","Expenditures","2022-07",17000.4370543431,1.73672622272377,117.367262227238
"Germany","factor_midas","Expenditures","2022-08",-2428.34633862663,-0.331833258499549,96.6816674150045
"Germany","factor_midas","Expenditures","2022-09",-10031.7964310436,-1.14136355489313,88.5863644510687
"Germany","factor_midas","Expenditures","2022-10",9220.57287923576,0.90841332857358,109.084133285736
"Germany","factor_midas","Expenditures","2022-11",1265.2582258373,0.0614204304821441,100.614204304821
"Germany","factor_midas","Expenditures","2022-12",1984.44561674997,0.137991457404344,101.379914574043
"Germany","factor_midas","Expenditures","2023-01",-3869.79711200674,-0.485302809509677,95.1469719049032
"Germany","factor_midas","Expenditures","2023-02",1210.42937666073,0.0555828680617516,100.555828680618
"Germany","factor_midas","Expenditures","2023-03",-347.961816534931,-0.110337190489433,98.8966280951057
"Germany","factor_midas","Expenditures","2023-04",1467.42800317414,0.0829452064430647,100.829452064431
"Germany","factor_midas","Expenditures","2023-05",746.454084038112,0.00618396998380133,100.061839699838
"Germany","factor_midas","Expenditures","2023-06",-2754.74371633596,-0.366584399456289,96.3341560054371
"Germany","factor_midas","Expenditures","2023-07",974.957397557138,0.0305124462507075,100.305124462507
"Germany","factor_midas","Expenditures","2023-08",-178.310185754123,-0.0922745829520185,99.0772541704798
"Germany","factor_midas","Expenditures","2023-09",1749.80500480153,0.113009550266421,101.130095502664
"Germany","factor_midas","Expenditures","2023-10",-717.815461250111,-0.149715068556539,98.5028493144346
"Germany","factor_midas","Expenditures","2023-11",4526.35953076347,0.408626011351182,104.086260113512
"Germany","factor_midas","Expenditures","2023-12",-466.014893725411,-0.12290616133906,98.7709383866094
"Germany","factor_midas","Expenditures","2024-01",-3263.5628938263,-0.420757772669494,95.792422273305
"Germany","factor_midas","Expenditures","2024-02",812.743323368981,0.0132417065258932,100.132417065259
"Germany","factor_midas","Expenditures","2024-03",711.804103236492,0.00249482770136007,100.024948277014
"Germany","factor_midas","Expenditures","2024-04",-1876.09593525072,-0.273035814274296,97.269641857257
"Germany","factor_midas","Expenditures","2024-05",4491.8223376865,0.404948877443762,104.049488774438
"Germany","factor_midas","Expenditures","2024-06",-337.34087732704,-0.109206391712504,98.907936082875
"Germany","factor_midas","Expenditures","2024-07",-1143.44657834224,-0.195031507828964,98.0496849217104
"Germany","factor_midas","Expenditures","2024-08",1250.52904439665,0.0598522320363922,100.598522320364
"Germany","factor_midas","Expenditures","2024-09",836.437494620377,0.0157643967839739,100.15764396784
"Germany","factor_midas","Expenditures","2024-10",-2187.96090698676,-0.306239707235472,96.9376029276453
"Germany","factor_midas","Expenditures","2024-11",928.229961738728,0.0255374316838972,100.255374316839
"Germany","factor_midas","Expenditures","2024-12",-1042.18365026591,-0.184250164204302,98.157498357957
"Germany","factor_midas","Expenditures","2025-01",-41.2676323957576,-0.0776838251394076,99.2231617486059
"Germany","factor_midas","Expenditures","2025-02",417.866876473695,-0.0288003195555025,99.711996804445
"Germany","factor_midas","Expenditures","2025-03",2174.07158427484,0.158180708840007,101.5818070884
"Germany","factor_midas","Expenditures","2025-04",3855.65131476969,0.337216504576283,103.372165045763
"Germany","factor_midas","Expenditures","2025-05",-2053.33552709187,-0.291906303009264,97.0809369699074
"Germany","factor_midas","Expenditures","2025-06",437.08133541196,-0.0267545789442964,99.732454210557
"Germany","factor_midas","Expenditures","2025-07",377.97927147765,-0.0330471054622163,99.6695289453778
"Germany","factor_midas","Expenditures","2025-08",-1834.51304770223,-0.268608533648676,97.3139146635132
"Germany","factor_midas","Expenditures","2025-09",371.603042117109,-0.0337259750255558,99.6627402497444
"Germany","factor_midas","Revenues","2013-09",405.924654564871,0.19366410035955,101.936641003595
"Germany","factor_midas","Revenues","2013-10",-1654.42985554214,-0.322169925283667,96.7783007471633
"Germany","factor_midas","Revenues","2013-11",3222.98090077017,0.898947320705921,108.989473207059
"Germany","factor_midas","Revenues","2013-12",-1428.23536752732,-0.265539470301951,97.3446052969805
"Germany","factor_midas","Revenues","2014-01",3463.9979552435,0.959288779832385,109.592887798324
"Germany","factor_midas","Revenues","2014-02",-985.797863989843,-0.154770028720065,98.4522997127993
"Germany","factor_midas","Revenues","2014-03",-2111.58468083585,-0.436624021759144,95.6337597824086
"Germany","factor_midas","Revenues","2014-04",510.451899763119,0.219833727681213,102.198337276812
"Germany","factor_midas","Revenues","2014-05",-1306.41138737443,-0.235039401603152,97.6496059839685
"Germany","factor_midas","Revenues","2014-06",6489.14463980408,1.7166698930356,117.166698930356
"Germany","factor_midas","Revenues","2014-07",-17.6904008107654,0.0876070804313923,100.876070804314
"Germany","factor_midas","Revenues","2014-08",-65.0182887227488,0.0757579860997759,100.757579860998
"Germany","factor_midas","Revenues","2014-09",1428.77787408193,0.449747454596585,104.497474545966
"Germany","factor_midas","Revenues","2014-10",302.603594549777,0.167796455709143,101.677964557091
"Germany","factor_midas","Revenues","2014-11",-86.5615882959805,0.0703643672395339,100.703643672395
"Germany","factor_midas","Revenues","2014-12",-278.248239360029,0.0223733557920433,100.22373355792
"Germany","factor_midas","Revenues","2015-01",177.294268448004,0.136423789589487,101.364237895895
"Germany","factor_midas","Revenues","2015-02",141.708341670049,0.127514433565526,101.275144335655
"Germany","factor_midas","Revenues","2015-03",-1443.28802665032,-0.269308080856086,97.3069191914391
"Germany","factor_midas","Revenues","2015-04",459.552899183562,0.207090563220255,102.070905632203
"Germany","factor_midas","Revenues","2015-05",304.813732181051,0.168349789703838,101.683497897038
"Germany","factor_midas","Revenues","2015-06",2838.05748737967,0.802577209193785,108.025772091938
"Germany","factor_midas","Revenues","2015-07",197.882445494749,0.14157828227246,101.415782822725
"Germany","factor_midas","Revenues","2015-08",244.346279870175,0.153211050621365,101.532110506214
"Germany","factor_midas","Revenues","2015-09",-1604.68192952835,-0.309714945901617,96.9028505409838
"Germany","factor_midas","Revenues","2015-10",232.719199947874,0.150300074178537,101.503000741785
"Germany","factor_midas","Revenues","2015-11",-235.294876795092,0.0331272361646173,100.331272361646
"Germany","factor_midas","Revenues","2015-12",-7.03465885445803,0.0902748709706291,100.902748709706
"Germany","factor_midas","Revenues","2016-01",-55.1605466898673,0.0782259879565581,100.782259879566
"Germany","factor_midas","Revenues","2016-02",-203.447272241071,0.0411006591768253,100.411006591768
"Germany","factor_midas","Revenues","2016-03",-333.176675637259,0.0086213746314328,100.086213746314
"Germany","factor_midas","Revenues","2016-04",-217.61722380249,0.0375530448603373,100.375530448603
"Germany","factor_midas","Revenues","2016-05",-187.176199539907,0.0451743139249779,100.45174313925
"Germany","factor_midas","Revenues","2016-06",141.156921214603,0.127376378957952,101.27376378958
"Germany","factor_midas","Revenues","2016-07",269.215495607194,0.159437351777446,101.594373517774
"Germany","factor_midas","Revenues","2016-08",-91.284500623995,0.0691819304952897,100.691819304953
"Germany","factor_midas","Revenues","2016-09",-60.8217334522465,0.0768086431534035,100.768086431534
"Germany","factor_midas","Revenues","2016-10",28.7049157630336,0.099222694541418,100.992226945414
"Germany","factor_midas","Revenues","2016-11",207.32892350064,0.143943319334784,101.439433193348
"Germany","factor_midas","Revenues","2016-12",2027.38670887059,0.599616228887564,105.996162288876
"Germany","factor_midas","Revenues","2017-01",-495.432999559693,-0.0320014076831659,99.6799859231683
"Germany","factor_midas","Revenues","2017-02",-145.113889432217,0.0557051088169579,100.55705108817
"Germany","factor_midas","Revenues","2017-03",531.479054947004,0.225098123712634,102.250981237126
"Germany","factor_midas","Revenues","2017-04",124.940326164352,0.123316363331534,101.233163633315
"Germany","factor_midas","Revenues","2017-05",-78.656703158299,0.0723434483650464,100.72343448365
"Germany","factor_midas","Revenues","2017-06",1595.62226614205,0.491518913823714,104.915189138237
"Germany","factor_midas","Revenues","2017-07",-58.9168863592604,0.0772855440650621,100.772855440651
"Germany","factor_midas","Revenues","2017-08",-847.363456638819,-0.120111343876697,98.798886561233
"Germany","factor_midas","Revenues","2017-09",-554.192581104284,-0.0467125611980448,99.5328743880196
"Germany","factor_midas","Revenues","2017-10",-345.27382881855,0.00559270981005508,100.055927098101
"Germany","factor_midas","Revenues","2017-11",285.149723879519,0.16342667355431,101.634266735543
"Germany","factor_midas","Revenues","2017-12",740.154413807652,0.277342458309227,102.773424583092
"Germany","factor_midas","Revenues","2018-01",279.076394707008,0.161906144043129,101.619061440431
"Germany","factor_midas","Revenues","2018-02",1291.97602315,0.415497499486678,104.154974994867
"Germany","factor_midas","Revenues","2018-03",8.04038814046726,0.0940490865922646,100.940490865923
"Germany","factor_midas","Revenues","2018-04",-314.439717706173,0.0133123927986888,100.133123927987
"Germany","factor_midas","Revenues","2018-05",2453.52622726159,0.706305277873544,107.063052778735
"Germany","factor_midas","Revenues","2018-06",-280.859001821245,0.0217197206512162,100.217197206512
"Germany","factor_midas","Revenues","2018-07",716.910540750624,0.271523080842034,102.71523080842
"Germany","factor_midas","Revenues","2018-08",61.737310655717,0.107492743773501,101.074927437735
"Germany","factor_midas","Revenues","2018-09",-515.0846237518,-0.0369214233249962,99.63078576675
"Germany","factor_midas","Revenues","2018-10",22.5888630611234,0.0976914686913052,100.976914686913
"Germany","factor_midas","Revenues","2018-11",197.437075386018,0.141466778618618,101.414667786186
"Germany","factor_midas","Revenues","2018-12",-501.062373306686,-0.0334107877231139,99.6658921227689
"Germany","factor_midas","Revenues","2019-01",-61.8648065590378,0.0765474975121671,100.765474975122
"Germany","factor_midas","Revenues","2019-02",-53.1282006503216,0.0787348097316149,100.787348097316
"Germany","factor_midas","Revenues","2019-03",-470.345579074713,-0.0257204763976565,99.7427952360234
"Germany","factor_midas","Revenues","2019-04",20.2738869039699,0.0971118871365025,100.971118871365
"Germany","factor_midas","Revenues","2019-05",63.0945729145528,0.107832550370567,101.078325503706
"Germany","factor_midas","Revenues","2019-06",1865.36405919021,0.559051949672495,105.590519496725
"Germany","factor_midas","Revenues","2019-07",-24.4498291382306,0.0859147779135008,100.859147779135
"Germany","factor_midas","Revenues","2019-08",213.139956365841,0.145398179875189,101.453981798752
"Germany","factor_midas","Revenues","2019-09",58.3617614863388,0.106647635269962,101.0664763527
"Germany","factor_midas","Revenues","2019-10",-165.891254520345,0.0505032506789081,100.505032506789
"Germany","factor_midas","Revenues","2019-11",-267.3239580626,0.0251083783191222,100.251083783191
"Germany","factor_midas","Revenues","2019-12",-1068.2040076133,-0.17540137764303,98.2459862235697
"Germany","factor_midas","Revenues","2020-01",117.08503669347,0.121349699065515,101.213496990655
"Germany","factor_midas","Revenues","2020-02",-105.389717492848,0.0656505232717566,100.656505232718
"Germany","factor_midas","Revenues","2020-03",-5263.63526056253,-1.22577702023366,87.7422297976634
"Germany","factor_midas","Revenues","2020-04",16696.8598245409,4.27229165158853,142.722916515885
"Germany","factor_midas","Revenues","2020-05",-5207.53205536795,-1.21173092183407,87.8826907816593
"Germany","factor_midas","Revenues","2020-06",-15685.9387407571,-3.83512348672346,61.6487651327654
"Germany","factor_midas","Revenues","2020-07",-8434.22043367725,-2.01957037252793,79.8042962747207
"Germany","factor_midas","Revenues","2020-08",9915.48791108035,2.57449529841508,125.744952984151
"Germany","factor_midas","Revenues","2020-09",-10712.25562121,-2.58990332036654,74.1009667963345
"Germany","factor_midas","Revenues","2020-10",2092.78890454148,0.615990439108828,106.159904391088
"Germany","factor_midas","Revenues","2020-11",-22964.5547201649,-5.65741075008087,43.4258924991913
"Germany","factor_midas","Revenues","2020-12",6066.14867468151,1.6107678696461,116.107678696461
"Germany","factor_midas","Revenues","2021-01",-718.843819228753,-0.0879349384987712,99.1206506150123
"Germany","factor_midas","Revenues","2021-02",-5992.2720346602,-1.40819982105301,85.9180017894699
"Germany","factor_midas","Revenues","2021-03",-5665.15232540184,-1.32630154788388,86.7369845211612
"Germany","factor_midas","Revenues","2021-04",-2391.90767224228,-0.506806185279157,94.9319381472084
"Germany","factor_midas","Revenues","2021-05",863.640794269578,0.308258728510939,103.082587285109
"Germany","factor_midas","Revenues","2021-06",-1232.03341399749,-0.216417999685177,97.8358200031482
"Germany","factor_midas","Revenues","2021-07",3038.97602168345,0.852879531375644,108.528795313756
"Germany","factor_midas","Revenues","2021-08",412.781959038344,0.195380907323721,101.953809073237
"Germany","factor_midas","Revenues","2021-09",2663.88298604295,0.758970570749678,107.589705707497
"Germany","factor_midas","Revenues","2021-10",-4710.65601425031,-1.08733215100212,89.1266784899788
"Germany","factor_midas","Revenues","2021-11",9896.07130007434,2.56963412109319,125.696341210932
"Germany","factor_midas","Revenues","2021-12",-3743.10585103624,-0.845094568462724,91.5490543153728
"Germany","factor_midas","Revenues","2022-01",-2727.70722981761,-0.590877560735946,94.0912243926405
"Germany","factor_midas","Revenues","2022-02",-10025.4839945286,-2.41796195243653,75.8203804756347
"Germany","factor_midas","Revenues","2022-03",4494.08698782871,1.21718370511966,112.171837051197
"Germany","factor_midas","Revenues","2022-04",-11775.4141194938,-2.85607757599892,71.4392242400108
"Germany","factor_midas","Revenues","2022-05",-3095.40264414403,-0.682934439710962,93.1706556028904
"Germany","factor_midas","Revenues","2022-06",-1976.94855290539,-0.40291628091809,95.9708371908191
"Germany","factor_midas","Revenues","2022-07",569.917336249174,0.234721600296707,102.347216002967
"Germany","factor_midas","Revenues","2022-08",175.87575964578,0.136068649198708,101.360686491987
"Germany","factor_midas","Revenues","2022-09",3582.91561743479,0.989061217588753,109.890612175888
"Germany","factor_midas","Revenues","2022-10",-4889.2706140672,-1.1320504204117,88.679495795883
"Germany","factor_midas","Revenues","2022-11",3051.04663916455,0.855901552671851,108.559015526719
"Germany","factor_midas","Revenues","2022-12",-5243.70265661652,-1.22078665800008,87.7921334199992
"Germany","factor_midas","Revenues","2023-01",11371.4930782263,2.93902334591464,129.390233459146
"Germany","factor_midas","Revenues","2023-02",1861.38611427236,0.558056024296207,105.580560242962
"Germany","factor_midas","Revenues","2023-03",-272.419906616788,0.0238325475607344,100.238325475607
"Germany","factor_midas","Revenues","2023-04",-1851.61309180374,-0.371537071593305,96.284629284067
"Germany","factor_midas","Revenues","2023-05",-150.319546793903,0.0544018111660801,100.544018111661
"Germany","factor_midas","Revenues","2023-06",919.197275616993,0.322167948154175,103.221679481542
"Germany","factor_midas","Revenues","2023-07",-283.454772968226,0.021069838762528,100.210698387625
"Germany","factor_midas","Revenues","2023-08",645.208811381921,0.253571708141655,102.535717081417
"Germany","factor_midas","Revenues","2023-09",-1479.08860655604,-0.278271177819516,97.2172882218048
"Germany","factor_midas","Revenues","2023-10",-1774.41567757902,-0.352209789441889,96.4779021055811
"Germany","factor_midas","Revenues","2023-11",-1060.74942138708,-0.173535034155191,98.2646496584481
"Germany","factor_midas","Revenues","2023-12",404.803690415437,0.193383453778115,101.933834537781
"Germany","factor_midas","Revenues","2024-01",-941.231409943402,-0.143612291890482,98.5638770810952
"Germany","factor_midas","Revenues","2024-02",-257.209189182666,0.0276407298752224,100.276407298752
"Germany","factor_midas","Revenues","2024-03",-674.073833852402,-0.0767262452028432,99.2327375479716
"Germany","factor_midas","Revenues","2024-04",1294.44118695685,0.416114682289016,104.16114682289
"Germany","factor_midas","Revenues","2024-05",1716.92907788734,0.521889503318658,105.218895033187
"Germany","factor_midas","Revenues","2024-06",-148.84224307455,0.0547716715570534,100.547716715571
"Germany","factor_midas","Revenues","2024-07",772.799192018523,0.285515463138318,102.855154631383
"Germany","factor_midas","Revenues","2024-08",218.95592560826,0.14685427629579,101.468542762958
"Germany","factor_midas","Revenues","2024-09",-597.678258460488,-0.0575997128500718,99.4240028714993
"Germany","factor_midas","Revenues","2024-10",-108.131313270995,0.0649641324686251,100.649641324686
"Germany","factor_midas","Revenues","2024-11",242.839535283596,0.152833819362424,101.528338193624
"Germany","factor_midas","Revenues","2024-12",230.652971209277,0.149782769470584,101.497827694706
"Germany","factor_midas","Revenues","2025-01",-911.918937896212,-0.136273569168987,98.6372643083101
"Germany","factor_midas","Revenues","2025-02",-5749.24231266235,-1.34735446689957,86.5264553310043
"Germany","factor_midas","Revenues","2025-03",-207.312354699648,0.0401329902469055,100.401329902469
"Germany","factor_midas","Revenues","2025-04",-376.445157958142,-0.00221139968462124,99.9778860031538
"Germany","factor_midas","Revenues","2025-05",-1092.29916429315,-0.181433883994582,98.1856611600542
"Germany","factor_midas","Revenues","2025-06",-782.364131548896,-0.103837997051793,98.9616200294821
"Germany","factor_midas","Revenues","2025-07",6.28678338307191,0.0936100509811807,100.936100509812
"Germany","factor_midas","Revenues","2025-08",-35.8660448768737,0.083056593803345,100.830565938033
"Germany","factor_midas","Revenues","2025-09",-312.603003011523,0.013772235961723,100.137722359617
"Germany","sg_lasso","Expenditures","2013-01",0,-0.0201773471672995,99.798226528327
"Germany","sg_lasso","Expenditures","2013-02",122.121308654172,0.0903899408514197,100.903899408514
"Germany","sg_lasso","Expenditures","2013-03",122.121308654172,0.0903899408514197,100.903899408514
"Germany","sg_lasso","Expenditures","2013-04",230.548494145387,0.188558720562222,101.885587205622
"Germany","sg_lasso","Expenditures","2013-05",124.725032265919,0.0927473235365044,100.927473235365
"Germany","sg_lasso","Expenditures","2013-06",157.626591408796,0.122536032862549,101.225360328625
"Germany","sg_lasso","Expenditures","2013-07",124.48223747662,0.092527499808002,100.92527499808
"Germany","sg_lasso","Expenditures","2013-08",435.687831168161,0.374289617246249,103.742896172462
"Germany","sg_lasso","Expenditures","2013-09",435.687831168161,0.374289617246249,103.742896172462
"Germany","sg_lasso","Expenditures","2013-10",317.762543618143,0.267521360527378,102.675213605274
"Germany","sg_lasso","Expenditures","2013-11",-408.551841794758,-0.390075685631887,96.0992431436811
"Germany","sg_lasso","Expenditures","2013-12",-408.551841794757,-0.390075685631886,96.0992431436811
"Germany","sg_lasso","Expenditures","2014-01",0,-0.0201773471672995,99.798226528327
"Germany","sg_lasso","Expenditures","2014-02",0,-0.0201773471672995,99.798226528327
"Germany","sg_lasso","Expenditures","2014-03",0,-0.0201773471672995,99.798226528327
"Germany","sg_lasso","Expenditures","2014-04",329.049430465964,0.277740383584785,102.777403835848
"Germany","sg_lasso","Expenditures","2014-05",-282.04236897083,-0.27553540209766,97.2446459790234
"Germany","sg_lasso","Expenditures","2014-06",-282.04236897083,-0.27553540209766,97.2446459790234
"Germany","sg_lasso","Expenditures","2014-07",0,-0.0201773471672995,99.798226528327
"Germany","sg_lasso","Expenditures","2014-08",0,-0.0201773471672995,99.798226528327
"Germany","sg_lasso","Expenditures","2014-09",0,-0.0201773471672995,99.798226528327
"Germany","sg_lasso","Expenditures","2014-10",192.035872284523,0.15368981684203,101.53689816842
"Germany","sg_lasso","Expenditures","2014-11",-115.221523370711,-0.124497645572895,98.7550235442711
"Germany","sg_lasso","Expenditures","2014-12",-115.221523370711,-0.124497645572895,98.7550235442711
"Germany","sg_lasso","Expenditures","2015-01",-50.1884086876701,-0.0656173797031876,99.3438262029681
"Germany","sg_lasso","Expenditures","2015-02",16.7294695625559,-0.00503066965533752,99.9496933034466
"Germany","sg_lasso","Expenditures","2015-03",16.729469562556,-0.00503066965533741,99.9496933034466
"Germany","sg_lasso","Expenditures","2015-04",0,-0.0201773471672995,99.798226528327
"Germany","sg_lasso","Expenditures","2015-05",0,-0.0201773471672995,99.798226528327
"Germany","sg_lasso","Expenditures","2015-06",0,-0.0201773471672995,99.798226528327
"Germany","sg_lasso","Expenditures","2015-07",0,-0.0201773471672995,99.798226528327
"Germany","sg_lasso","Expenditures","2015-08",0,-0.0201773471672995,99.798226528327
"Germany","sg_lasso","Expenditures","2015-09",0,-0.0201773471672995,99.798226528327
"Germany","sg_lasso","Expenditures","2015-10",-114.495847762905,-0.123840626868946,98.7615937313105
"Germany","sg_lasso","Expenditures","2015-11",-38.1652825876363,-0.0547317737345162,99.4526822626548
"Germany","sg_lasso","Expenditures","2015-12",-38.1652825876363,-0.0547317737345162,99.4526822626548
"Germany","sg_lasso","Expenditures","2016-01",0,-0.0201773471672995,99.798226528327
"Germany","sg_lasso","Expenditures","2016-02",0,-0.0201773471672995,99.798226528327
"Germany","sg_lasso","Expenditures","2016-03",0,-0.0201773471672995,99.798226528327
"Germany","sg_lasso","Expenditures","2016-04",-230.81174407623,-0.229151758485218,97.7084824151478
"Germany","sg_lasso","Expenditures","2016-05",57.7029360190543,0.0320662556621772,100.320662556622
"Germany","sg_lasso","Expenditures","2016-06",57.7029360190545,0.0320662556621774,100.320662556622
"Germany","sg_lasso","Expenditures","2016-07",0,-0.0201773471672995,99.798226528327
"Germany","sg_lasso","Expenditures","2016-08",0,-0.0201773471672995,99.798226528327
"Germany","sg_lasso","Expenditures","2016-09",0,-0.0201773471672995,99.798226528327
"Germany","sg_lasso","Expenditures","2016-10",0,-0.0201773471672995,99.798226528327
"Germany","sg_lasso","Expenditures","2016-11",0,-0.0201773471672995,99.798226528327
"Germany","sg_lasso","Expenditures","2016-12",0,-0.0201773471672995,99.798226528327
"Germany","sg_lasso","Expenditures","2017-01",-0.00000000000454747350886464,-0.0201773471673036,99.798226528327
"Germany","sg_lasso","Expenditures","2017-02",168.436046147094,0.132322794145621,101.323227941456
"Germany","sg_lasso","Expenditures","2017-03",168.436046147093,0.13232279414562,101.323227941456
"Germany","sg_lasso","Expenditures","2017-04",0,-0.0201773471672995,99.798226528327
"Germany","sg_lasso","Expenditures","2017-05",0,-0.0201773471672995,99.798226528327
"Germany","sg_lasso","Expenditures","2017-06",0,-0.0201773471672995,99.798226528327
"Germany","sg_lasso","Expenditures","2017-07",0,-0.0201773471672995,99.798226528327
"Germany","sg_lasso","Expenditures","2017-08",0,-0.0201773471672995,99.798226528327
"Germany","sg_lasso","Expenditures","2017-09",0,-0.0201773471672995,99.798226528327
"Germany","sg_lasso","Expenditures","2017-10",394.82708638905,0.337294748894115,103.372947488941
"Germany","sg_lasso","Expenditures","2017-11",40.2809910883207,0.0162926185776152,100.162926185776
"Germany","sg_lasso","Expenditures","2017-12",90.3435860580594,0.061618740758787,100.616187407588
"Germany","sg_lasso","Expenditures","2018-01",0,-0.0201773471672995,99.798226528327
"Germany","sg_lasso","Expenditures","2018-02",0,-0.0201773471672995,99.798226528327
"Germany","sg_lasso","Expenditures","2018-03",0,-0.0201773471672995,99.798226528327
"Germany","sg_lasso","Expenditures","2018-04",0,-0.0201773471672995,99.798226528327
"Germany","sg_lasso","Expenditures","2018-05",0,-0.0201773471672995,99.798226528327
"Germany","sg_lasso","Expenditures","2018-06",0,-0.0201773471672995,99.798226528327
"Germany","sg_lasso","Expenditures","2018-07",0,-0.0201773471672995,99.798226528327
"Germany","sg_lasso","Expenditures","2018-08",0,-0.0201773471672995,99.798226528327
"Germany","sg_lasso","Expenditures","2018-09",0,-0.0201773471672995,99.798226528327
"Germany","sg_lasso","Expenditures","2018-10",0,-0.0201773471672995,99.798226528327
"Germany","sg_lasso","Expenditures","2018-11",0,-0.0201773471672995,99.798226528327
"Germany","sg_lasso","Expenditures","2018-12",0,-0.0201773471672995,99.798226528327
"Germany","sg_lasso","Expenditures","2019-01",0,-0.0201773471672995,99.798226528327
"Germany","sg_lasso","Expenditures","2019-02",0,-0.0201773471672995,99.798226528327
"Germany","sg_lasso","Expenditures","2019-03",0,-0.0201773471672995,99.798226528327
"Germany","sg_lasso","Expenditures","2019-04",-325.143637653273,-0.314558816118544,96.8544118388146
"Germany","sg_lasso","Expenditures","2019-05",65.02872753066,0.0386989466229544,100.38698946623
"Germany","sg_lasso","Expenditures","2019-06",65.0287275306582,0.0386989466229527,100.38698946623
"Germany","sg_lasso","Expenditures","2019-07",75.2489142010531,0.0479521910865431,100.479521910865
"Germany","sg_lasso","Expenditures","2019-08",-36.8548085299167,-0.0535452849539933,99.4645471504601
"Germany","sg_lasso","Expenditures","2019-09",-118.570764009238,-0.127530011164167,98.7246998883583
"Germany","sg_lasso","Expenditures","2019-10",-59.1399249157485,-0.073721983919287,99.2627801608071
"Germany","sg_lasso","Expenditures","2019-11",473.119399325948,0.408179746848565,104.081797468486
"Germany","sg_lasso","Expenditures","2019-12",474.180233456344,0.409140214387999,104.09140214388
"Germany","sg_lasso","Expenditures","2020-01",1473.81333243762,1.31419701394377,113.141970139438
"Germany","sg_lasso","Expenditures","2020-02",-898.95356248829,-0.834080003095814,91.6591999690419
"Germany","sg_lasso","Expenditures","2020-03",-1511.85852484458,-1.38899740651847,86.1100259348153
"Germany","sg_lasso","Expenditures","2020-04",-2700.79055009418,-2.46544336930059,75.3455663069941
"Germany","sg_lasso","Expenditures","2020-05",-4057.05105796466,-3.69338669757581,63.0661330242419
"Germany","sg_lasso","Expenditures","2020-06",-4210.5651205624,-3.83237663930854,61.6762336069146
"Germany","sg_lasso","Expenditures","2020-07",2983.59032344485,2.68113247548109,126.811324754811
"Germany","sg_lasso","Expenditures","2020-08",2983.59032344485,2.68113247548108,126.811324754811
"Germany","sg_lasso","Expenditures","2020-09",0,-0.0201773471672995,99.798226528327
"Germany","sg_lasso","Expenditures","2020-10",-3763.06902113634,-3.42721859885051,65.7278140114949
"Germany","sg_lasso","Expenditures","2020-11",-3564.31223444258,-3.2472663929478,67.527336070522
"Germany","sg_lasso","Expenditures","2020-12",-122.311868734619,-0.13091716618435,98.6908283381565
"Germany","sg_lasso","Expenditures","2021-01",-53.7818519364507,-0.0688708436485502,99.3112915635145
"Germany","sg_lasso","Expenditures","2021-02",33.703771911991,0.0103376767656922,100.103376767657
"Germany","sg_lasso","Expenditures","2021-03",237.460979017198,0.194817208242787,101.948172082428
"Germany","sg_lasso","Expenditures","2021-04",-276.841700040119,-0.270826773719133,97.2917322628087
"Germany","sg_lasso","Expenditures","2021-05",-858.20927012437,-0.797190569477985,92.0280943052202
"Germany","sg_lasso","Expenditures","2021-06",-747.472590108321,-0.69693079885725,93.0306920114275
"Germany","sg_lasso","Expenditures","2021-07",-820.970574692253,-0.763475064717518,92.3652493528248
"Germany","sg_lasso","Expenditures","2021-08",-384.829956886994,-0.368598152268965,96.3140184773104
"Germany","sg_lasso","Expenditures","2021-09",-51.3106609182664,-0.0666334545141887,99.3336654548581
"Germany","sg_lasso","Expenditures","2021-10",587.291418917696,0.51154983609014,105.115498360901
"Germany","sg_lasso","Expenditures","2021-11",636.232370494173,0.555860434694928,105.558604346949
"Germany","sg_lasso","Expenditures","2021-12",415.998088400035,0.356462740973387,103.564627409734
"Germany","sg_lasso","Expenditures","2022-01",24.7300044198514,0.00221292650014944,100.022129265001
"Germany","sg_lasso","Expenditures","2022-02",-321.490057458069,-0.311250904844136,96.8874909515586
"Germany","sg_lasso","Expenditures","2022-03",-346.22006187792,-0.333641178511585,96.6635882148842
"Germany","sg_lasso","Expenditures","2022-04",-326.714900274554,-0.315981419992633,96.8401858000737
"Germany","sg_lasso","Expenditures","2022-05",-1.99838877995717,-0.0219866663618113,99.7801333363819
"Germany","sg_lasso","Expenditures","2022-06",5791.99288942331,5.22382923173994,152.238292317399
"Germany","sg_lasso","Expenditures","2022-07",594.173304077109,0.517780619128072,105.177806191281
"Germany","sg_lasso","Expenditures","2022-08",594.17330407711,0.517780619128073,105.177806191281
"Germany","sg_lasso","Expenditures","2022-09",352.053289156117,0.298567823917403,102.985678239174
"Germany","sg_lasso","Expenditures","2022-10",32.7655857182854,0.00948825331750113,100.094882533175
"Germany","sg_lasso","Expenditures","2022-11",-354.678383144892,-0.34129924944111,96.5870075055889
"Germany","sg_lasso","Expenditures","2022-12",890.462048925986,0.786037185893019,107.86037185893
"Germany","sg_lasso","Expenditures","2023-01",-2783.61564789381,-2.54043230075336,74.5956769924664
"Germany","sg_lasso","Expenditures","2023-02",7.1762082919231,-0.0136800872063674,99.8631991279363
"Germany","sg_lasso","Expenditures","2023-03",-1347.82564327995,-1.24048384192953,87.5951615807047
"Germany","sg_lasso","Expenditures","2023-04",1991.97025892405,1.78333058908387,117.833305890839
"Germany","sg_lasso","Expenditures","2023-05",350.763310634982,0.297399891570001,102.9739989157
"Germany","sg_lasso","Expenditures","2023-06",1153.74906054699,1.02441434681851,110.244143468185
"Germany","sg_lasso","Expenditures","2023-07",1230.23605649584,1.09366483065268,110.936648306527
"Germany","sg_lasso","Expenditures","2023-08",369.763561367914,0.314602509347093,103.146025093471
"Germany","sg_lasso","Expenditures","2023-09",-1371.5393897877,-1.26195400687471,87.3804599312529
"Germany","sg_lasso","Expenditures","2023-10",194.279524986481,0.155721195290601,101.557211952906
"Germany","sg_lasso","Expenditures","2023-11",1545.01690488291,1.37866394432047,113.786639443205
"Germany","sg_lasso","Expenditures","2023-12",3804.01008636525,3.42393149411878,134.239314941188
"Germany","sg_lasso","Expenditures","2024-01",-148.5099234637,-0.154636596435162,98.4536340356484
"Germany","sg_lasso","Expenditures","2024-02",-82.505513035389,-0.0948769300938897,99.0512306990611
"Germany","sg_lasso","Expenditures","2024-03",292.853503070055,0.244968989521023,102.44968989521
"Germany","sg_lasso","Expenditures","2024-04",311.293907232984,0.261664728378833,102.616647283788
"Germany","sg_lasso","Expenditures","2024-05",2254.93936675855,2.02141992342192,120.214199234219
"Germany","sg_lasso","Expenditures","2024-06",1287.74888463049,1.14573631189715,111.457363118971
"Germany","sg_lasso","Expenditures","2024-07",288.550998127081,0.241073548926139,102.410735489261
"Germany","sg_lasso","Expenditures","2024-08",-1714.70671475744,-1.57265392383998,84.2734607616002
"Germany","sg_lasso","Expenditures","2024-09",-927.112497357597,-0.859574792631781,91.4042520736822
"Germany","sg_lasso","Expenditures","2024-10",-492.859632833858,-0.466407031215806,95.3359296878419
"Germany","sg_lasso","Expenditures","2024-11",-274.756953384908,-0.268939267055365,97.3106073294463
"Germany","sg_lasso","Expenditures","2024-12",262.647313128396,0.21762063778754,102.176206377875
"Germany","sg_lasso","Expenditures","2025-01",-157.197313645957,-0.162502063838011,98.3749793616199
"Germany","sg_lasso","Expenditures","2025-02",922.802300481689,0.815317693510926,108.153176935109
"Germany","sg_lasso","Expenditures","2025-03",1167.70525269686,1.0370501295012,110.370501295012
"Germany","sg_lasso","Expenditures","2025-04",1569.28088555029,1.40063228521443,114.006322852144
"Germany","sg_lasso","Expenditures","2025-05",935.857169038811,0.827137427738385,108.271374277384
"Germany","sg_lasso","Expenditures","2025-06",-433.438976825762,-0.412608223624304,95.873917763757
"Germany","sg_lasso","Expenditures","2025-07",-488.297667334527,-0.462276677890455,95.3772332210955
"Germany","sg_lasso","Expenditures","2025-08",-667.690308324434,-0.624696799516724,93.7530320048328
"Germany","sg_lasso","Expenditures","2025-09",-31.9326044246864,-0.0490887755619174,99.5091122443808
"Germany","sg_lasso","Revenues","2013-01",1329.46945367426,0.4244502078789,104.244502078789
"Germany","sg_lasso","Revenues","2013-02",2192.59011404151,0.641471598302831,106.414715983028
"Germany","sg_lasso","Revenues","2013-03",1347.49222326454,0.428981818226529,104.289818182265
"Germany","sg_lasso","Revenues","2013-04",-1489.59818546837,-0.284370710027909,97.1562928997209
"Germany","sg_lasso","Revenues","2013-05",-5058.20352518191,-1.18165393850419,88.1834606149582
"Germany","sg_lasso","Revenues","2013-06",6506.70208636053,1.72620357341143,117.262035734114
"Germany","sg_lasso","Revenues","2013-07",-8085.6836950102,-1.94287770026359,80.5712229973641
"Germany","sg_lasso","Revenues","2013-08",7015.76524752486,1.85420143063162,118.542014306316
"Germany","sg_lasso","Revenues","2013-09",2901.76461564935,0.819785064147394,108.197850641474
"Germany","sg_lasso","Revenues","2013-10",-652.179082381088,-0.0738116694851466,99.2618833051485
"Germany","sg_lasso","Revenues","2013-11",-116.969473262649,0.0607604000673438,100.607604000673
"Germany","sg_lasso","Revenues","2013-12",-1656.83264573088,-0.32641981945083,96.7358018054917
"Germany","sg_lasso","Revenues","2014-01",3008.0001358166,0.846496717984178,108.464967179842
"Germany","sg_lasso","Revenues","2014-02",2289.11439236539,0.665741476262423,106.657414762624
"Germany","sg_lasso","Revenues","2014-03",1033.73494347687,0.350091294291928,103.500912942919
"Germany","sg_lasso","Revenues","2014-04",646.176841761436,0.252644434349361,102.526444343494
"Germany","sg_lasso","Revenues","2014-05",-127.038907477896,0.0582285609925551,100.582285609926
"Germany","sg_lasso","Revenues","2014-06",86.0661740264077,0.111811290752252,101.118112907523
"Germany","sg_lasso","Revenues","2014-07",569.060646385098,0.233254487250128,102.332544872501
"Germany","sg_lasso","Revenues","2014-08",1173.97178207789,0.385352173910892,103.853521739109
"Germany","sg_lasso","Revenues","2014-09",-431.374516270829,-0.0182929961992907,99.8170700380071
"Germany","sg_lasso","Revenues","2014-10",-220.729983843944,0.03467105785664,100.346710578566
"Germany","sg_lasso","Revenues","2014-11",-679.89044487454,-0.0807793609042253,99.1922063909578
"Germany","sg_lasso","Revenues","2014-12",798.38209306553,0.290914628523353,102.909146285234
"Germany","sg_lasso","Revenues","2015-01",-524.755124231603,-0.0417724357595214,99.5822756424048
"Germany","sg_lasso","Revenues","2015-02",2213.45675979842,0.646718267376564,106.467182673766
"Germany","sg_lasso","Revenues","2015-03",-3700.67162102926,-0.840318740643551,91.5968125935645
"Germany","sg_lasso","Revenues","2015-04",-114.597443717271,0.0613568185910825,100.613568185911
"Germany","sg_lasso","Revenues","2015-05",-1931.66995362648,-0.395524380885489,96.0447561911451
"Germany","sg_lasso","Revenues","2015-06",1794.61011095637,0.541404275625481,105.414042756255
"Germany","sg_lasso","Revenues","2015-07",-63.4142409894366,0.0742262241474485,100.742262241474
"Germany","sg_lasso","Revenues","2015-08",-220.376464394544,0.0347599461036415,100.347599461036
"Germany","sg_lasso","Revenues","2015-09",-116.506475977402,0.0608768152097691,100.608768152098
"Germany","sg_lasso","Revenues","2015-10",-29.7155661366446,0.0826993538126394,100.826993538126
"Germany","sg_lasso","Revenues","2015-11",55.9078259205594,0.104228334000834,101.042283340008
"Germany","sg_lasso","Revenues","2015-12",-103.577522942263,0.0641276461691596,100.641276461692
"Germany","sg_lasso","Revenues","2016-01",-62.8341341992718,0.0743720850774167,100.743720850774
"Germany","sg_lasso","Revenues","2016-02",-77.7546288530466,0.0706205047431014,100.706205047431
"Germany","sg_lasso","Revenues","2016-03",42.8000370166087,0.10093253689628,101.009325368963
"Germany","sg_lasso","Revenues","2016-04",31.5455197071255,0.0981027228190516,100.981027228191
"Germany","sg_lasso","Revenues","2016-05",46.5213325555055,0.101868212253288,101.018682122533
"Germany","sg_lasso","Revenues","2016-06",65.2005459391676,0.106564877559414,101.065648775594
"Germany","sg_lasso","Revenues","2016-07",-17.8226194234217,0.0856896933450556,100.856896933451
"Germany","sg_lasso","Revenues","2016-08",21.4146917518888,0.0955554470209544,100.95555447021
"Germany","sg_lasso","Revenues","2016-09",-84.6495759860441,0.0688868525639658,100.68886852564
"Germany","sg_lasso","Revenues","2016-10",80.5589865863485,0.110426574187759,101.104265741878
"Germany","sg_lasso","Revenues","2016-11",192.36763282973,0.13853952407223,101.385395240722
"Germany","sg_lasso","Revenues","2016-12",156.489249575011,0.129518332739851,101.295183327399
"Germany","sg_lasso","Revenues","2017-01",149.288543171224,0.127707801040703,101.277078010407
"Germany","sg_lasso","Revenues","2017-02",-5.04507631507568,0.08890245408513,100.889024540851
"Germany","sg_lasso","Revenues","2017-03",-69.5618444909919,0.0726804826063818,100.726804826064
"Germany","sg_lasso","Revenues","2017-04",98.6320312268326,0.114970825596829,101.149708255968
"Germany","sg_lasso","Revenues","2017-05",-117.519049817961,0.0606222156006118,100.606222156006
"Germany","sg_lasso","Revenues","2017-06",46.3263539873083,0.101819187218995,101.01819187219
"Germany","sg_lasso","Revenues","2017-07",-291.219323067336,0.01694735465874,100.169473546587
"Germany","sg_lasso","Revenues","2017-08",731.903916959632,0.274199484426107,102.741994844261
"Germany","sg_lasso","Revenues","2017-09",471.553882874604,0.208737575114366,102.087375751144
"Germany","sg_lasso","Revenues","2017-10",2.79695732577738,0.0908742398650754,100.908742398651
"Germany","sg_lasso","Revenues","2017-11",-12.6002840592841,0.0870027872542004,100.870027872542
"Germany","sg_lasso","Revenues","2017-12",-21.7612452463782,0.0846993728815252,100.846993728815
"Germany","sg_lasso","Revenues","2018-01",-36.1922377579272,0.0810708720196397,100.810708720196
"Germany","sg_lasso","Revenues","2018-02",-81.6327515166649,0.0696453970770018,100.69645397077
"Germany","sg_lasso","Revenues","2018-03",15.2178850522014,0.0939973339228595,100.939973339229
"Germany","sg_lasso","Revenues","2018-04",-15.1414879118074,0.0863638318696883,100.863638318697
"Germany","sg_lasso","Revenues","2018-05",-10.7170640115642,0.0874763004627204,100.874763004627
"Germany","sg_lasso","Revenues","2018-06",-463.423663288851,-0.026351371774257,99.7364862822574
"Germany","sg_lasso","Revenues","2018-07",-2433.96334529318,-0.521820060349216,94.7817993965078
"Germany","sg_lasso","Revenues","2018-08",-2031.30109570425,-0.420575442661768,95.7942455733823
"Germany","sg_lasso","Revenues","2018-09",-687.518569344659,-0.0826973617757692,99.1730263822423
"Germany","sg_lasso","Revenues","2018-10",2263.18679719858,0.659222291851919,106.592222918519
"Germany","sg_lasso","Revenues","2018-11",1357.96424591965,0.431614883360429,104.316148833604
"Germany","sg_lasso","Revenues","2018-12",1131.97371906406,0.374792262129271,103.747922621293
"Germany","sg_lasso","Revenues","2019-01",-1680.37586043786,-0.33233947984754,96.6766052015246
"Germany","sg_lasso","Revenues","2019-02",-1011.78186596068,-0.164229498273481,98.3577050172652
"Germany","sg_lasso","Revenues","2019-03",989.135957744938,0.33887741152967,103.388774115297
"Germany","sg_lasso","Revenues","2019-04",340.999174217146,0.17591115153278,101.759111515328
"Germany","sg_lasso","Revenues","2019-05",2068.48695914217,0.610267340927287,106.102673409273
"Germany","sg_lasso","Revenues","2019-06",-1788.85174631165,-0.359614446906932,96.4038555309307
"Germany","sg_lasso","Revenues","2019-07",84.385027283437,0.111388586464869,101.113885864649
"Germany","sg_lasso","Revenues","2019-08",-703.781329139279,-0.0867864386624902,99.1321356133751
"Germany","sg_lasso","Revenues","2019-09",869.039640053013,0.308680625556309,103.086806255563
"Germany","sg_lasso","Revenues","2019-10",-982.422780408344,-0.156847506553537,98.4315249344646
"Germany","sg_lasso","Revenues","2019-11",-1732.14600045374,-0.345356463781056,96.5464353621894
"Germany","sg_lasso","Revenues","2019-12",-489.588967691021,-0.0329303253354059,99.6706967466459
"Germany","sg_lasso","Revenues","2020-01",920.673052924308,0.321663231080888,103.216632310809
"Germany","sg_lasso","Revenues","2020-02",-385.638484120946,-0.00679321668362251,99.9320678331638
"Germany","sg_lasso","Revenues","2020-03",550.44763962544,0.228574468809563,102.285744688096
"Germany","sg_lasso","Revenues","2020-04",345.083720146461,0.176938161865789,101.769381618658
"Germany","sg_lasso","Revenues","2020-05",3038.72453280156,0.854222000971584,108.542220009716
"Germany","sg_lasso","Revenues","2020-06",-3183.36185303115,-0.710247372541828,92.8975262745817
"Germany","sg_lasso","Revenues","2020-07",-27308.2262835018,-6.77615665139271,32.2384334860729
"Germany","sg_lasso","Revenues","2020-08",-26963.3176354124,-6.68943348762816,33.1056651237184
"Germany","sg_lasso","Revenues","2020-09",6074.84425579097,1.6176180752775,116.176180752775
"Germany","sg_lasso","Revenues","2020-10",10616.7985908709,2.75963829365767,127.596382936577
"Germany","sg_lasso","Revenues","2020-11",6194.727671792,1.64776132966124,116.477613296612
"Germany","sg_lasso","Revenues","2020-12",-13404.5097034317,-3.28023303048991,67.1976696951009
"Germany","sg_lasso","Revenues","2021-01",-9004.38464856421,-2.17387409216927,78.2612590783073
"Germany","sg_lasso","Revenues","2021-02",-5180.45750833415,-1.2123932437101,87.876067562899
"Germany","sg_lasso","Revenues","2021-03",-924.11585167846,-0.142186925101432,98.5781307489857
"Germany","sg_lasso","Revenues","2021-04",0,0.0901709783216217,100.901709783216
"Germany","sg_lasso","Revenues","2021-05",0,0.0901709783216217,100.901709783216
"Germany","sg_lasso","Revenues","2021-06",539.653516438389,0.225860415340534,102.258604153405
"Germany","sg_lasso","Revenues","2021-07",4490.37171381987,1.21922136212177,112.192213621218
"Germany","sg_lasso","Revenues","2021-08",2513.6463405267,0.722197355286137,107.221973552861
"Germany","sg_lasso","Revenues","2021-09",130.507555930213,0.122985545912615,101.229855459126
"Germany","sg_lasso","Revenues","2021-10",1077.17921659267,0.361014838346054,103.610148383461
"Germany","sg_lasso","Revenues","2021-11",997.319501830775,0.34093506603576,103.409350660358
"Germany","sg_lasso","Revenues","2021-12",-1996.01276038392,-0.411702611841445,95.8829738815856
"Germany","sg_lasso","Revenues","2022-01",-3151.47125239752,-0.702228861563282,92.9777113843672
"Germany","sg_lasso","Revenues","2022-02",-7439.41846954312,-1.78038202120775,82.1961797879225
"Germany","sg_lasso","Revenues","2022-03",3717.30701045881,1.02484346744863,110.248434674486
"Germany","sg_lasso","Revenues","2022-04",2328.34764984804,0.675606210685675,106.756062106857
"Germany","sg_lasso","Revenues","2022-05",2217.40765961001,0.647711673988072,106.477116739881
"Germany","sg_lasso","Revenues","2022-06",-2086.22114507283,-0.434384433714132,95.6561556628587
"Germany","sg_lasso","Revenues","2022-07",-0.853137581056217,0.0899564670573624,100.899564670574
"Germany","sg_lasso","Revenues","2022-08",0.188518886363454,0.0902183791460005,100.90218379146
"Germany","sg_lasso","Revenues","2022-09",-7.95729844824245,0.0881702105813141,100.881702105813
"Germany","sg_lasso","Revenues","2022-10",674.437902954505,0.2597503409469,102.597503409469
"Germany","sg_lasso","Revenues","2022-11",-665.134532542515,-0.0770691628307517,99.2293083716925
"Germany","sg_lasso","Revenues","2022-12",-274.081231327667,0.0212565233177004,100.212565233177
"Germany","sg_lasso","Revenues","2023-01",-329.201991608682,0.00739706590149149,100.073970659015
"Germany","sg_lasso","Revenues","2023-02",2881.37298319423,0.814657831500061,108.146578315001
"Germany","sg_lasso","Revenues","2023-03",863.529908738409,0.307295269364918,103.072952693649
"Germany","sg_lasso","Revenues","2023-04",-956.506538121909,-0.150331176689329,98.4966882331067
"Germany","sg_lasso","Revenues","2023-05",-3099.10452121118,-0.689061871899079,93.1093812810092
"Germany","sg_lasso","Revenues","2023-06",-2783.6543267291,-0.609745684766133,93.9025431523387
"Germany","sg_lasso","Revenues","2023-07",-0.719487187259347,0.0899900718540314,100.89990071854
"Germany","sg_lasso","Revenues","2023-08",-2.08708932032232,0.0896462046172794,100.896462046173
"Germany","sg_lasso","Revenues","2023-09",-10.6894797965115,0.0874832361844327,100.874832361844
"Germany","sg_lasso","Revenues","2023-10",-484.449840137327,-0.0316381530372776,99.6836184696272
"Germany","sg_lasso","Revenues","2023-11",314.636549664724,0.169282584174474,101.692825841745
"Germany","sg_lasso","Revenues","2023-12",456.768272947521,0.205019909934997,102.05019909935
"Germany","sg_lasso","Revenues","2024-01",-386.779004404627,-0.00707998689911695,99.9292001310088
"Germany","sg_lasso","Revenues","2024-02",-88.1617026151798,0.0680037702333034,100.680037702333
"Germany","sg_lasso","Revenues","2024-03",-59.8375045628195,0.0751255518406984,100.751255518407
"Germany","sg_lasso","Revenues","2024-04",501.373535184101,0.21623537084945,102.162353708495
"Germany","sg_lasso","Revenues","2024-05",165.520666318708,0.131789174708089,101.317891747081
"Germany","sg_lasso","Revenues","2024-06",-478.822729202393,-0.0302232831410462,99.6977671685895
"Germany","sg_lasso","Revenues","2024-07",532.49858204252,0.224061392466579,102.240613924666
"Germany","sg_lasso","Revenues","2024-08",429.997329587675,0.198288675685034,101.98288675685
"Germany","sg_lasso","Revenues","2024-09",575.048588325281,0.23476008379683,102.347600837968
"Germany","sg_lasso","Revenues","2024-10",672.422215389555,0.259243520361909,102.592435203619
"Germany","sg_lasso","Revenues","2024-11",587.577158600197,0.237910243288933,102.379102432889
"Germany","sg_lasso","Revenues","2024-12",556.42456202713,0.230077294624808,102.300772946248
"Germany","sg_lasso","Revenues","2025-01",-2058.19304498333,-0.427337102406157,95.7266289759384
"Germany","sg_lasso","Revenues","2025-02",-1629.45362751776,-0.319535692035173,96.8046430796483
"Germany","sg_lasso","Revenues","2025-03",-427.112371868106,-0.0172213308494276,99.8277866915057
"Germany","sg_lasso","Revenues","2025-04",151.346545833503,0.128225261251972,101.28225261252
"Germany","sg_lasso","Revenues","2025-05",-955.231436477563,-0.150010567596656,98.4998943240334
"Germany","sg_lasso","Revenues","2025-06",-498.411063522292,-0.0351485360580422,99.6485146394196
"Germany","sg_lasso","Revenues","2025-07",-110.819881742498,0.0623066414719634,100.62306641472
"Germany","sg_lasso","Revenues","2025-08",297.336294485115,0.164932641453637,101.649326414536
"Germany","sg_lasso","Revenues","2025-09",65.1976377989949,0.106564146342271,101.065641463423
"Italy","factor_midas","Expenditures","2013-01",35.7125625914173,0.101852728030972,101.01852728031
"Italy","factor_midas","Expenditures","2013-02",2243.50009832535,1.80632197561027,118.063219756103
"Italy","factor_midas","Expenditures","2013-03",401.813667737502,0.384492277863769,103.844922778638
"Italy","factor_midas","Expenditures","2013-04",-304.399026886237,-0.160722241537948,98.3927775846205
"Italy","factor_midas","Expenditures","2013-05",1387.78097522726,1.14568461523068,111.456846152307
"Italy","factor_midas","Expenditures","2013-06",-2.0375220869962,0.0727086834223133,100.727086834223
"Italy","factor_midas","Expenditures","2013-07",-150.34280538135,-0.0417868423189034,99.582131576811
"Italy","factor_midas","Expenditures","2013-08",-2191.2392007056,-1.61741180034695,83.8258819965305
"Italy","factor_midas","Expenditures","2013-09",187.103921889765,0.218730784500061,102.187307845001
"Italy","factor_midas","Expenditures","2013-10",10.036911623473,0.0820304594575186,100.820304594575
"Italy","factor_midas","Expenditures","2013-11",2104.94726622114,1.69935559516636,116.993555951664
"Italy","factor_midas","Expenditures","2013-12",200.075894021218,0.228745483478407,102.287454834784
"Italy","factor_midas","Expenditures","2014-01",-43.3679974039198,0.0408004843654175,100.408004843654
"Italy","factor_midas","Expenditures","2014-02",1019.19590856498,0.861127382673446,108.611273826734
"Italy","factor_midas","Expenditures","2014-03",753.550964140578,0.656042594749868,106.560425947499
"Italy","factor_midas","Expenditures","2014-04",-143.480802771807,-0.0364891983040389,99.6351080169596
"Italy","factor_midas","Expenditures","2014-05",706.785756598394,0.619938641438157,106.199386414382
"Italy","factor_midas","Expenditures","2014-06",74.3889006338509,0.13171186426366,101.317118642637
"Italy","factor_midas","Expenditures","2014-07",3.3122714302304,0.0768388627912174,100.768388627912
"Italy","factor_midas","Expenditures","2014-08",-1789.15411474518,-1.30699168390129,86.9300831609871
"Italy","factor_midas","Expenditures","2014-09",119.543415635363,0.16657232115262,101.665723211526
"Italy","factor_midas","Expenditures","2014-10",-74.452167983578,0.0168026983547614,100.168026983548
"Italy","factor_midas","Expenditures","2014-11",2274.557909063,1.83029941113913,118.302994111391
"Italy","factor_midas","Expenditures","2014-12",-83.2606871768796,0.0100022930446084,100.100022930446
"Italy","factor_midas","Expenditures","2015-01",108.717465765584,0.158214407028089,101.582144070281
"Italy","factor_midas","Expenditures","2015-02",-2135.13492833849,-1.57409784673513,84.2590215326487
"Italy","factor_midas","Expenditures","2015-03",-164.618623843937,-0.052808144486649,99.4719185551335
"Italy","factor_midas","Expenditures","2015-04",50.1652189784579,0.11301055366357,101.130105536636
"Italy","factor_midas","Expenditures","2015-05",-1217.09833560411,-0.865349783281612,91.3465021671839
"Italy","factor_midas","Expenditures","2015-06",85.6406940490784,0.140398540651655,101.403985406517
"Italy","factor_midas","Expenditures","2015-07",-22.5767145033294,0.0568518940904014,100.568518940904
"Italy","factor_midas","Expenditures","2015-08",-322.014530736018,-0.174321867456022,98.2567813254398
"Italy","factor_midas","Expenditures","2015-09",-58.2883642727952,0.029281574108437,100.292815741084
"Italy","factor_midas","Expenditures","2015-10",-32.2593912821635,0.0493766164485758,100.493766164486
"Italy","factor_midas","Expenditures","2015-11",109.907943394049,0.159133486638245,101.591334866382
"Italy","factor_midas","Expenditures","2015-12",36.3460085350241,0.10234176473102,101.02341764731
"Italy","factor_midas","Expenditures","2016-01",34.0867748820899,0.10059757774645,101.005975777464
"Italy","factor_midas","Expenditures","2016-02",1096.43326463119,0.920756625093017,109.20756625093
"Italy","factor_midas","Expenditures","2016-03",-53.2447771414061,0.0331753542044832,100.331753542045
"Italy","factor_midas","Expenditures","2016-04",84.1364005596893,0.139237187056485,101.392371870565
"Italy","factor_midas","Expenditures","2016-05",-307.522693780693,-0.163133793408365,98.3686620659164
"Italy","factor_midas","Expenditures","2016-06",-128.835031393076,-0.0251822828884545,99.7481771711155
"Italy","factor_midas","Expenditures","2016-07",-9.46101432182627,0.0669775548516896,100.669775548517
"Italy","factor_midas","Expenditures","2016-08",-419.399474738923,-0.249505570391007,97.5049442960899
"Italy","factor_midas","Expenditures","2016-09",-180.276809805015,-0.0648966702218313,99.3510332977817
"Italy","factor_midas","Expenditures","2016-10",40.6506986330899,0.105665097150356,101.056650971504
"Italy","factor_midas","Expenditures","2016-11",674.559727745383,0.595059311220677,105.950593112207
"Italy","factor_midas","Expenditures","2016-12",-33.6890757988858,0.0482728629156602,100.482728629157
"Italy","factor_midas","Expenditures","2017-01",23.4481076165443,0.0923842506504968,100.923842506505
"Italy","factor_midas","Expenditures","2017-02",-521.013704050383,-0.327954391291828,96.7204560870817
"Italy","factor_midas","Expenditures","2017-03",-174.847800491944,-0.0607053342036782,99.3929466579632
"Italy","factor_midas","Expenditures","2017-04",-17.7211024166421,0.0606005525758664,100.606005525759
"Italy","factor_midas","Expenditures","2017-05",-327.794715379866,-0.17878431993902,98.2121568006098
"Italy","factor_midas","Expenditures","2017-06",-35.0262060015532,0.0472405637140531,100.472405637141
"Italy","factor_midas","Expenditures","2017-07",40.5841320122472,0.105613705992328,101.056137059923
"Italy","factor_midas","Expenditures","2017-08",367.966815876639,0.35836163024009,103.583616302401
"Italy","factor_midas","Expenditures","2017-09",-15.7254925077191,0.0621412151916615,100.621412151917
"Italy","factor_midas","Expenditures","2017-10",-83.7618898835631,0.00961535155385415,100.096153515539
"Italy","factor_midas","Expenditures","2017-11",-1272.60391134061,-0.908201527564426,90.9179847243557
"Italy","factor_midas","Expenditures","2017-12",35.5851464251006,0.101754359445401,101.017543594454
"Italy","factor_midas","Expenditures","2018-01",56.173630094393,0.117649202903212,101.176492029032
"Italy","factor_midas","Expenditures","2018-02",743.242040252635,0.648083838094965,106.48083838095
"Italy","factor_midas","Expenditures","2018-03",-133.165824920546,-0.0285257678324143,99.7147423216759
"Italy","factor_midas","Expenditures","2018-04",-157.795904697767,-0.0475408283245202,99.5245917167548
"Italy","factor_midas","Expenditures","2018-05",-1704.77026436121,-1.2418451624884,87.581548375116
"Italy","factor_midas","Expenditures","2018-06",-29.9367490635359,0.0511697564906787,100.511697564907
"Italy","factor_midas","Expenditures","2018-07",-105.81268430956,-0.00740843374046316,99.9259156625954
"Italy","factor_midas","Expenditures","2018-08",-752.113154781459,-0.506369161974299,94.936308380257
"Italy","factor_midas","Expenditures","2018-09",117.054670330737,0.164650945219413,101.646509452194
"Italy","factor_midas","Expenditures","2018-10",96.6052859033937,0.14886348998462,101.488634899846
"Italy","factor_midas","Expenditures","2018-11",637.416003698947,0.566383392748895,105.663833927489
"Italy","factor_midas","Expenditures","2018-12",225.086388056872,0.248054233645966,102.48054233646
"Italy","factor_midas","Expenditures","2019-01",153.025222945657,0.192421144914006,101.92421144914
"Italy","factor_midas","Expenditures","2019-02",152.652729562936,0.19213357036007,101.921335703601
"Italy","factor_midas","Expenditures","2019-03",-179.130404699867,-0.064011615742917,99.3598838425708
"Italy","factor_midas","Expenditures","2019-04",55.9608011076281,0.117484893404647,101.174848934046
"Italy","factor_midas","Expenditures","2019-05",-345.566868917088,-0.19250488347929,98.0749511652071
"Italy","factor_midas","Expenditures","2019-06",-93.2668267719858,0.00227729371799763,100.02277293718
"Italy","factor_midas","Expenditures","2019-07",-21.3154400630526,0.0578256306757449,100.578256306757
"Italy","factor_midas","Expenditures","2019-08",-571.65119067452,-0.367047844501698,96.329521554983
"Italy","factor_midas","Expenditures","2019-09",31.7629208639983,0.0988035021637267,100.988035021637
"Italy","factor_midas","Expenditures","2019-10",71.3260988899287,0.129347301868297,101.293473018683
"Italy","factor_midas","Expenditures","2019-11",-431.848753173232,-0.259116736276487,97.4088326372351
"Italy","factor_midas","Expenditures","2019-12",58.3548443985486,0.119333156926704,101.193331569267
"Italy","factor_midas","Expenditures","2020-01",62.9897244271087,0.122911404537507,101.229114045375
"Italy","factor_midas","Expenditures","2020-02",-463.408494897019,-0.283481675546722,97.1651832445328
"Italy","factor_midas","Expenditures","2020-03",2086.4813751305,1.68509944823931,116.850994482393
"Italy","factor_midas","Expenditures","2020-04",2469.6131457436,1.98088711358798,119.80887113588
"Italy","factor_midas","Expenditures","2020-05",-1562.7386984177,-1.13219310928222,88.6780689071778
"Italy","factor_midas","Expenditures","2020-06",-627.088079441081,-0.409846560661977,95.9015343933802
"Italy","factor_midas","Expenditures","2020-07",-664.01376539949,-0.438354148073895,95.616458519261
"Italy","factor_midas","Expenditures","2020-08",-13337.3763789302,-10.2225188326541,-2.22518832654139
"Italy","factor_midas","Expenditures","2020-09",1834.54972744589,1.49060168112167,114.906016811217
"Italy","factor_midas","Expenditures","2020-10",-1603.8900622501,-1.16396302962691,88.3603697037309
"Italy","factor_midas","Expenditures","2020-11",1645.94033864734,1.34499034044301,113.44990340443
"Italy","factor_midas","Expenditures","2020-12",-608.705593652111,-0.395654804791344,96.0434519520866
"Italy","factor_midas","Expenditures","2021-01",-190.879581814822,-0.0730822852492319,99.2691771475077
"Italy","factor_midas","Expenditures","2021-02",249.11564414877,0.26660544266764,102.666054426676
"Italy","factor_midas","Expenditures","2021-03",182.154939638252,0.21491004182533,102.149100418253
"Italy","factor_midas","Expenditures","2021-04",-205.324122404001,-0.0842338452753562,99.1576615472464
"Italy","factor_midas","Expenditures","2021-05",-1510.34830336542,-1.09174636529539,89.0825363470461
"Italy","factor_midas","Expenditures","2021-06",21.7802672778225,0.0910966346452372,100.910966346452
"Italy","factor_midas","Expenditures","2021-07",-206.401030992751,-0.0850652466408721,99.1493475335913
"Italy","factor_midas","Expenditures","2021-08",185.724484505306,0.217665823056664,102.176658230567
"Italy","factor_midas","Expenditures","2021-09",336.172945133371,0.33381593729351,103.338159372935
"Italy","factor_midas","Expenditures","2021-10",-795.822085992512,-0.540113590678591,94.5988640932141
"Italy","factor_midas","Expenditures","2021-11",-43.8453747277877,0.0404319366882272,100.404319366882
"Italy","factor_midas","Expenditures","2021-12",212.165379638539,0.238078879976148,102.380788799761
"Italy","factor_midas","Expenditures","2022-01",-997.492195739333,-0.695808146724325,93.0419185327568
"Italy","factor_midas","Expenditures","2022-02",-63.3727640821617,0.0253562855663119,100.253562855663
"Italy","factor_midas","Expenditures","2022-03",6.41195154114735,0.0792318962425249,100.792318962425
"Italy","factor_midas","Expenditures","2022-04",1515.94959472674,1.24463411417735,112.446341141773
"Italy","factor_midas","Expenditures","2022-05",-134.874127241711,-0.0298446215377032,99.701553784623
"Italy","factor_midas","Expenditures","2022-06",-315.311555456293,-0.169146996664944,98.3085300333506
"Italy","factor_midas","Expenditures","2022-07",1128.83088549151,0.945768428791234,109.457684287912
"Italy","factor_midas","Expenditures","2022-08",164.6527454318,0.201397893891158,102.013978938912
"Italy","factor_midas","Expenditures","2022-09",-275.852203956763,-0.138683353732014,98.6131664626799
"Italy","factor_midas","Expenditures","2022-10",-1388.59008293756,-0.997745860717723,90.0225413928228
"Italy","factor_midas","Expenditures","2022-11",-1202.33653090973,-0.853953287136445,91.4604671286355
"Italy","factor_midas","Expenditures","2022-12",142.123289642163,0.184004569607638,101.840045696076
"Italy","factor_midas","Expenditures","2023-01",193.515635593852,0.223680793799424,102.236807937994
"Italy","factor_midas","Expenditures","2023-02",276.094113389136,0.2874335207425,102.874335207425
"Italy","factor_midas","Expenditures","2023-03",234.543473853312,0.255355349197555,102.553553491976
"Italy","factor_midas","Expenditures","2023-04",-26.5588550710921,0.053777578275391,100.537775782754
"Italy","factor_midas","Expenditures","2023-05",40.9934118153368,0.105929680617029,101.05929680617
"Italy","factor_midas","Expenditures","2023-06",292.47874550056,0.300082881749758,103.000828817498
"Italy","factor_midas","Expenditures","2023-07",-232.140128264485,-0.104936497406648,98.9506350259335
"Italy","factor_midas","Expenditures","2023-08",-163.515480270097,-0.0519564890321079,99.4804351096789
"Italy","factor_midas","Expenditures","2023-09",-95.3924436887046,0.00063626231980332,100.006362623198
"Italy","factor_midas","Expenditures","2023-10",183.944232711774,0.216291422492338,102.162914224923
"Italy","factor_midas","Expenditures","2023-11",-152.060438272381,-0.0431128994661646,99.5688710053384
"Italy","factor_midas","Expenditures","2023-12",-113.225997305336,-0.013131703674488,99.8686829632551
"Italy","factor_midas","Expenditures","2024-01",-110.86843903514,-0.0113116075348522,99.8868839246515
"Italy","factor_midas","Expenditures","2024-02",-120.176410473534,-0.018497602934004,99.81502397066
"Italy","factor_midas","Expenditures","2024-03",15.4055459258589,0.0861751844012955,100.861751844013
"Italy","factor_midas","Expenditures","2024-04",-162.373907427063,-0.0510751651848946,99.4892483481511
"Italy","factor_midas","Expenditures","2024-05",420.450243743911,0.398880197973364,103.988801979734
"Italy","factor_midas","Expenditures","2024-06",-4.41807415182643,0.070870835476761,100.708708354768
"Italy","factor_midas","Expenditures","2024-07",216.681896760585,0.241565748352789,102.415657483528
"Italy","factor_midas","Expenditures","2024-08",-495.982637395643,-0.30862975852868,96.9137024147132
"Italy","factor_midas","Expenditures","2024-09",34.3331565886155,0.100787790815027,101.00787790815
"Italy","factor_midas","Expenditures","2024-10",-142.693664349689,-0.0358815070237983,99.641184929762
"Italy","factor_midas","Expenditures","2024-11",126.76673170411,0.172148908530459,101.721489085305
"Italy","factor_midas","Expenditures","2024-12",20.1159332590122,0.0898117256099032,100.898117256099
"Italy","factor_midas","Expenditures","2025-01",-125.105711663505,-0.0223031513186988,99.776968486813
"Italy","factor_midas","Expenditures","2025-02",-63.8660671436326,0.0249754428065785,100.249754428066
"Italy","factor_midas","Expenditures","2025-03",-118.707796827734,-0.0173637951036189,99.8263620489638
"Italy","factor_midas","Expenditures","2025-04",215.63551534499,0.240757914756824,102.407579147568
"Italy","factor_midas","Expenditures","2025-05",-450.137561917906,-0.273236171038941,97.2676382896106
"Italy","factor_midas","Expenditures","2025-06",-30.6433507156562,0.0506242416860001,100.50624241686
"Italy","factor_midas","Expenditures","2025-07",-240.684002551484,-0.111532589984248,98.8846741001575
"Italy","factor_midas","Expenditures","2025-08",-61.3964587920527,0.0268820445156209,100.268820445156
"Italy","factor_midas","Expenditures","2025-09",2.69263561299385,0.0763604878669622,100.76360487867
"Italy","factor_midas","Revenues","2013-03",11990.4689160008,3.45772651863801,134.57726518638
"Italy","factor_midas","Revenues","2013-04",-2044.63781336413,-0.599826945339207,94.0017305466079
"Italy","factor_midas","Revenues","2013-05",-10190.1712649686,-2.95470305065226,70.4529694934774
"Italy","factor_midas","Revenues","2013-06",7285.88931104999,2.0976311776681,120.976311776681
"Italy","factor_midas","Revenues","2013-07",14.4488141113447,-0.00454439857653323,99.9545560142347
"Italy","factor_midas","Revenues","2013-08",-1634.91672277701,-0.481376458112202,95.186235418878
"Italy","factor_midas","Revenues","2013-09",-61.3656036648667,-0.0264623689489041,99.735376310511
"Italy","factor_midas","Revenues","2013-10",52.3339003872838,0.00640819095599885,100.06408190956
"Italy","factor_midas","Revenues","2013-11",217.625595627745,0.0541940684361018,100.541940684361
"Italy","factor_midas","Revenues","2013-12",-1295.78145454722,-0.383332352791395,96.1666764720861
"Italy","factor_midas","Revenues","2014-01",-19.2726364416487,-0.0142932798027344,99.8570672019727
"Italy","factor_midas","Revenues","2014-02",-1425.12351452472,-0.420725180193385,95.7927481980661
"Italy","factor_midas","Revenues","2014-03",504.536200561942,0.137140008310349,101.371400083103
"Italy","factor_midas","Revenues","2014-04",-50.176536480075,-0.0232276063503884,99.7677239364961
"Italy","factor_midas","Revenues","2014-05",-1659.91639168912,-0.488603869712883,95.1139613028712
"Italy","factor_midas","Revenues","2014-06",-551.011984720613,-0.168019281047039,98.3198071895296
"Italy","factor_midas","Revenues","2014-07",-23.4337434284195,-0.0154962570506969,99.845037429493
"Italy","factor_midas","Revenues","2014-08",-202.381842407153,-0.0672302048491938,99.3276979515081
"Italy","factor_midas","Revenues","2014-09",1369.599001852,0.387229917394434,103.872299173944
"Italy","factor_midas","Revenues","2014-10",-24.8270396112927,-0.0158990593850272,99.8410094061497
"Italy","factor_midas","Revenues","2014-11",184.613972083562,0.0446503984059363,100.446503984059
"Italy","factor_midas","Revenues","2014-12",465.30551399354,0.125798405339367,101.257984053394
"Italy","factor_midas","Revenues","2015-01",-4.21317904926104,-0.00993958626221758,99.9006041373778
"Italy","factor_midas","Revenues","2015-02",-1876.71577543288,-0.551280635017212,94.4871936498279
"Italy","factor_midas","Revenues","2015-03",-184.768218814042,-0.0621381011123633,99.3786189888764
"Italy","factor_midas","Revenues","2015-04",20.3385838186505,-0.00284166443003003,99.9715833556997
"Italy","factor_midas","Revenues","2015-05",-646.759588060412,-0.195699941200914,98.0430005879909
"Italy","factor_midas","Revenues","2015-06",783.317604446637,0.217735793781513,102.177357937815
"Italy","factor_midas","Revenues","2015-07",17.8281834017373,-0.0035674219254329,99.9643257807457
"Italy","factor_midas","Revenues","2015-08",-806.483107092121,-0.241876057309087,97.5812394269091
"Italy","factor_midas","Revenues","2015-09",-1832.6720776587,-0.538547589097719,94.6145241090228
"Italy","factor_midas","Revenues","2015-10",278.266917582067,0.0717254923647213,100.717254923647
"Italy","factor_midas","Revenues","2015-11",-336.355501229266,-0.105962028832977,98.9403797116702
"Italy","factor_midas","Revenues","2015-12",783.490673449953,0.217785828081034,102.17785828081
"Italy","factor_midas","Revenues","2016-01",-559.09995571881,-0.170357515830222,98.2964248416978
"Italy","factor_midas","Revenues","2016-02",2291.93264853885,0.653876844647714,106.538768446477
"Italy","factor_midas","Revenues","2016-03",-139.799130863686,-0.0491375246220466,99.5086247537795
"Italy","factor_midas","Revenues","2016-04",-39.1291921001819,-0.0200338158562556,99.7996618414374
"Italy","factor_midas","Revenues","2016-05",-94.0139189461992,-0.0359010064539275,99.6409899354607
"Italy","factor_midas","Revenues","2016-06",-472.076583605579,-0.145199033477805,98.548009665222
"Italy","factor_midas","Revenues","2016-07",163.913277699638,0.0386658215997987,100.386658215998
"Italy","factor_midas","Revenues","2016-08",280.794888150625,0.072456329396108,100.724563293961
"Italy","factor_midas","Revenues","2016-09",248.881787476987,0.0632302426493896,100.632302426494
"Italy","factor_midas","Revenues","2016-10",328.332775626116,0.0861995465811096,100.861995465811
"Italy","factor_midas","Revenues","2016-11",856.261791133489,0.238823979505743,102.388239795057
"Italy","factor_midas","Revenues","2016-12",1531.82163159331,0.434128527140323,104.341285271403
"Italy","factor_midas","Revenues","2017-01",805.909783785072,0.224267199441697,102.242671994417
"Italy","factor_midas","Revenues","2017-02",-517.849444692675,-0.158431981017242,98.4156801898276
"Italy","factor_midas","Revenues","2017-03",414.431274905945,0.111090647926651,101.110906479267
"Italy","factor_midas","Revenues","2017-04",-1304.34139909429,-0.385807035265718,96.1419296473428
"Italy","factor_midas","Revenues","2017-05",1701.38141709144,0.483148310763322,104.831483107633
"Italy","factor_midas","Revenues","2017-06",-802.110966697747,-0.24061207024121,97.5938792975879
"Italy","factor_midas","Revenues","2017-07",-340.874424137384,-0.107268450768545,98.9273154923145
"Italy","factor_midas","Revenues","2017-08",-309.264407452776,-0.0981299856917769,99.0187001430822
"Italy","factor_midas","Revenues","2017-09",209.221810047788,0.0517645315648835,100.517645315649
"Italy","factor_midas","Revenues","2017-10",1403.59160306982,0.397057188357213,103.970571883572
"Italy","factor_midas","Revenues","2017-11",-544.478370037797,-0.166130411129642,98.3386958887036
"Italy","factor_midas","Revenues","2017-12",343.181366087422,0.0904922784301234,100.904922784301
"Italy","factor_midas","Revenues","2018-01",-238.413072100837,-0.0776468439011138,99.2235315609889
"Italy","factor_midas","Revenues","2018-02",-668.572854674967,-0.202006162964612,97.9799383703539
"Italy","factor_midas","Revenues","2018-03",-151.414489772284,-0.0524955282827037,99.475044717173
"Italy","factor_midas","Revenues","2018-04",11.2945909154171,-0.0054562854258164,99.9454371457418
"Italy","factor_midas","Revenues","2018-05",-648.361210589195,-0.196162970742831,98.0383702925717
"Italy","factor_midas","Revenues","2018-06",-439.138748584811,-0.135676695731359,98.6432330426864
"Italy","factor_midas","Revenues","2018-07",17.1309267185758,-0.00376899903664389,99.9623100096336
"Italy","factor_midas","Revenues","2018-08",75.5814994434268,0.0131290786484343,100.131290786484
"Italy","factor_midas","Revenues","2018-09",6.60616036702618,-0.00681171206980751,99.9318828793019
"Italy","factor_midas","Revenues","2018-10",16.6602266425239,-0.00390507856641924,99.9609492143358
"Italy","factor_midas","Revenues","2018-11",283.796694019178,0.0733241523514299,100.733241523514
"Italy","factor_midas","Revenues","2018-12",75.2295549681019,0.0130273313975926,100.130273313976
"Italy","factor_midas","Revenues","2019-01",25.859252654217,-0.00124563745359408,99.9875436254641
"Italy","factor_midas","Revenues","2019-02",207.40467799613,0.0512391981568173,100.512391981568
"Italy","factor_midas","Revenues","2019-03",125.131584172773,0.0274540226485588,100.274540226486
"Italy","factor_midas","Revenues","2019-04",14.0850059440131,-0.00464957562420691,99.9535042437579
"Italy","factor_midas","Revenues","2019-05",238.984620342575,0.0603689687336183,100.603689687336
"Italy","factor_midas","Revenues","2019-06",-6.8791724079565,-0.0107103257226367,99.8928967427736
"Italy","factor_midas","Revenues","2019-07",-50.3337645946672,-0.0232730610443426,99.7672693895566
"Italy","factor_midas","Revenues","2019-08",107.02135460755,0.0222183499798181,100.222183499798
"Italy","factor_midas","Revenues","2019-09",-329.054000902829,-0.103851162951225,98.9614883704878
"Italy","factor_midas","Revenues","2019-10",84.9376402465446,0.0158339416934527,100.158339416935
"Italy","factor_midas","Revenues","2019-11",-25.6751315598694,-0.016144243015624,99.8385575698438
"Italy","factor_midas","Revenues","2019-12",245.229834659,0.0621744620206678,100.621744620207
"Italy","factor_midas","Revenues","2020-01",59.2038676462621,0.00839430050162527,100.083943005016
"Italy","factor_midas","Revenues","2020-02",-311.72012406616,-0.0988399340835718,99.0116006591643
"Italy","factor_midas","Revenues","2020-03",-5257.08093143972,-1.52854519115815,84.7145480884185
"Italy","factor_midas","Revenues","2020-04",44.121900445055,0.00403409936878943,100.040340993688
"Italy","factor_midas","Revenues","2020-05",560.062262311432,0.153192609016354,101.531926090164
"Italy","factor_midas","Revenues","2020-06",-608.980060175205,-0.184777868630043,98.1522213136996
"Italy","factor_midas","Revenues","2020-07",-19085.8071209674,-5.52643398065434,44.7356601934566
"Italy","factor_midas","Revenues","2020-08",13792.9840492691,3.97883417131885,139.788341713188
"Italy","factor_midas","Revenues","2020-09",3527.09591676045,1.01096290706177,110.109629070618
"Italy","factor_midas","Revenues","2020-10",17641.7956664397,5.09152673651125,150.915267365112
"Italy","factor_midas","Revenues","2020-11",13338.5292419389,3.84745115348645,138.474511534864
"Italy","factor_midas","Revenues","2020-12",-6829.79428234201,-1.98321708128673,80.1678291871327
"Italy","factor_midas","Revenues","2021-01",-3311.9164356678,-0.966197566019567,90.3380243398043
"Italy","factor_midas","Revenues","2021-02",-6205.20888280277,-1.80264925944412,81.9735074055588
"Italy","factor_midas","Revenues","2021-03",-311.100734034661,-0.0986608682441506,99.0133913175585
"Italy","factor_midas","Revenues","2021-04",2216.3625981531,0.63202952095946,106.320295209595
"Italy","factor_midas","Revenues","2021-05",-2201.63001372622,-0.645213436420449,93.5478656357955
"Italy","factor_midas","Revenues","2021-06",4301.74664644947,1.23491465977954,112.349146597795
"Italy","factor_midas","Revenues","2021-07",41.141908946066,0.00317258295409434,100.031725829541
"Italy","factor_midas","Revenues","2021-08",1895.81336022488,0.539358642439553,105.393586424396
"Italy","factor_midas","Revenues","2021-09",-3327.55922309335,-0.970719900443432,90.2928009955657
"Italy","factor_midas","Revenues","2021-10",-3709.65068101855,-1.08118265277981,89.1881734722019
"Italy","factor_midas","Revenues","2021-11",542.299828055234,0.148057484073264,101.480574840733
"Italy","factor_midas","Revenues","2021-12",268.258701398454,0.0688321141363188,100.688321141363
"Italy","factor_midas","Revenues","2022-01",8857.45267333842,2.55197060575179,125.519706057518
"Italy","factor_midas","Revenues","2022-02",-5747.04215365076,-1.67019312392644,83.2980687607356
"Italy","factor_midas","Revenues","2022-03",-321.533521889129,-0.101676990266883,98.9832300973312
"Italy","factor_midas","Revenues","2022-04",-7972.19520492956,-2.31348552242353,76.8651447757647
"Italy","factor_midas","Revenues","2022-05",3333.03736068319,0.954860521692787,109.548605216928
"Italy","factor_midas","Revenues","2022-06",267.711855093248,0.0686740207094044,100.686740207094
"Italy","factor_midas","Revenues","2022-07",903.514934666813,0.25248487713371,102.524848771337
"Italy","factor_midas","Revenues","2022-08",183.177621065141,0.0442351489060459,100.44235148906
"Italy","factor_midas","Revenues","2022-09",-512.627237613309,-0.156922239421893,98.4307776057811
"Italy","factor_midas","Revenues","2022-10",-3223.72318714852,-0.940700872055703,90.592991279443
"Italy","factor_midas","Revenues","2022-11",573.153122704307,0.156977180588042,101.56977180588
"Italy","factor_midas","Revenues","2022-12",1422.10024412115,0.402408041903215,104.024080419032
"Italy","factor_midas","Revenues","2023-01",-2215.65580534079,-0.649268296882012,93.5073170311799
"Italy","factor_midas","Revenues","2023-02",-1102.82359111456,-0.327548177988167,96.7245182201183
"Italy","factor_midas","Revenues","2023-03",165.273279675978,0.0390589985692742,100.390589985693
"Italy","factor_midas","Revenues","2023-04",997.011389483155,0.279514729590472,102.795147295905
"Italy","factor_midas","Revenues","2023-05",-125.679896733926,-0.0450556499019886,99.5494435009801
"Italy","factor_midas","Revenues","2023-06",-669.28285091589,-0.202211423085702,97.977885769143
"Italy","factor_midas","Revenues","2023-07",-933.23628119653,-0.278520437047318,97.2147956295268
"Italy","factor_midas","Revenues","2023-08",417.528417090018,0.111986032638697,101.119860326387
"Italy","factor_midas","Revenues","2023-09",210.984409249845,0.0522740995101666,100.522740995102
"Italy","factor_midas","Revenues","2023-10",-169.313915947325,-0.0576702576296339,99.4232974237037
"Italy","factor_midas","Revenues","2023-11",-252.101188114628,-0.0816040822476436,99.1839591775236
"Italy","factor_midas","Revenues","2023-12",429.051940602791,0.115317486659539,101.153174866595
"Italy","factor_midas","Revenues","2024-01",-251.425692802579,-0.0814087963551915,99.1859120364481
"Italy","factor_midas","Revenues","2024-02",206.407535574977,0.0509509239909672,100.50950923991
"Italy","factor_midas","Revenues","2024-03",363.164955093749,0.0962695398616783,100.962695398617
"Italy","factor_midas","Revenues","2024-04",-223.000659374075,-0.0731911108701082,99.2680888912989
"Italy","factor_midas","Revenues","2024-05",-125.503272985272,-0.0450045879245492,99.5499541207545
"Italy","factor_midas","Revenues","2024-06",-266.12481141647,-0.0856583158493623,99.1434168415064
"Italy","factor_midas","Revenues","2024-07",-134.610165468207,-0.0476373932072401,99.5236260679276
"Italy","factor_midas","Revenues","2024-08",-357.609269793134,-0.112106499546439,98.8789350045356
"Italy","factor_midas","Revenues","2024-09",-75.9444583047255,-0.0306771200929772,99.6932287990702
"Italy","factor_midas","Revenues","2024-10",483.999604449781,0.131202872362615,101.312028723626
"Italy","factor_midas","Revenues","2024-11",-247.777607505369,-0.0803541338278586,99.1964586617214
"Italy","factor_midas","Revenues","2024-12",315.821821867632,0.0825826261871817,100.825826261872
"Italy","factor_midas","Revenues","2025-01",673.01595765223,0.185847555404484,101.858475554045
"Italy","factor_midas","Revenues","2025-02",-399.288580221623,-0.124156000392162,98.7584399960784
"Italy","factor_midas","Revenues","2025-03",151.997661085655,0.0352210133486199,100.352210133486
"Italy","factor_midas","Revenues","2025-04",-310.764604240253,-0.0985636930221916,99.0143630697781
"Italy","factor_midas","Revenues","2025-05",20.1051501164184,-0.00290915018167873,99.9709084981832
"Italy","factor_midas","Revenues","2025-06",-165.793476482841,-0.0566524975499083,99.4334750245009
"Italy","factor_midas","Revenues","2025-07",-485.775414696116,-0.149159369556158,98.5084063044384
"Italy","factor_midas","Revenues","2025-08",-25.2563170408771,-0.0160231636155831,99.8397683638442
"Italy","factor_midas","Revenues","2025-09",295.159301477398,0.0766090854937942,100.766090854938
"Italy","sg_lasso","Expenditures","2013-01",0,0.00523517791425944,100.052351779143
"Italy","sg_lasso","Expenditures","2013-02",0,0.00523517791425944,100.052351779143
"Italy","sg_lasso","Expenditures","2013-03",-1.29874223687244,0.00481457131334272,100.048145713133
"Italy","sg_lasso","Expenditures","2013-04",-10.5978598959088,0.00180298813767674,100.018029881377
"Italy","sg_lasso","Expenditures","2013-05",-14.1024173326599,0.000668013121588123,100.006680131216
"Italy","sg_lasso","Expenditures","2013-06",-10.0786219639554,0.00197114691116196,100.019711469112
"Italy","sg_lasso","Expenditures","2013-07",0,0.00523517791425944,100.052351779143
"Italy","sg_lasso","Expenditures","2013-08",0,0.00523517791425944,100.052351779143
"Italy","sg_lasso","Expenditures","2013-09",0,0.00523517791425944,100.052351779143
"Italy","sg_lasso","Expenditures","2013-10",0,0.00523517791425944,100.052351779143
"Italy","sg_lasso","Expenditures","2013-11",0,0.00523517791425944,100.052351779143
"Italy","sg_lasso","Expenditures","2013-12",201.194746225713,0.070393479484619,100.703934794846
"Italy","sg_lasso","Expenditures","2014-01",89.1422658938779,0.0341045134845943,100.341045134846
"Italy","sg_lasso","Expenditures","2014-02",33.8361108251377,0.0161932349931409,100.161932349931
"Italy","sg_lasso","Expenditures","2014-03",-35.4422620365949,-0.00624304227507579,99.9375695772492
"Italy","sg_lasso","Expenditures","2014-04",-174.061283122361,-0.0511357651156689,99.4886423488433
"Italy","sg_lasso","Expenditures","2014-05",-75.1376498683297,-0.0190986664889948,99.8090133351101
"Italy","sg_lasso","Expenditures","2014-06",54.169111211956,0.0227782169366963,100.227782169367
"Italy","sg_lasso","Expenditures","2014-07",0,0.00523517791425944,100.052351779143
"Italy","sg_lasso","Expenditures","2014-08",0,0.00523517791425944,100.052351779143
"Italy","sg_lasso","Expenditures","2014-09",0,0.00523517791425944,100.052351779143
"Italy","sg_lasso","Expenditures","2014-10",0,0.00523517791425944,100.052351779143
"Italy","sg_lasso","Expenditures","2014-11",0,0.00523517791425944,100.052351779143
"Italy","sg_lasso","Expenditures","2014-12",0,0.00523517791425944,100.052351779143
"Italy","sg_lasso","Expenditures","2015-01",-1146.02571339181,-0.365913127105578,96.3408687289442
"Italy","sg_lasso","Expenditures","2015-02",80.099314683456,0.0311758915741907,100.311758915742
"Italy","sg_lasso","Expenditures","2015-03",-383.84939773089,-0.119077088107296,98.809229118927
"Italy","sg_lasso","Expenditures","2015-04",1618.72913020823,0.529471733815707,105.294717338157
"Italy","sg_lasso","Expenditures","2015-05",-842.953504809321,-0.267761109049111,97.3223889095089
"Italy","sg_lasso","Expenditures","2015-06",-531.54212233672,-0.166908392205161,98.3309160779484
"Italy","sg_lasso","Expenditures","2015-07",-9.77245236412205,0.00207030204066638,100.020703020407
"Italy","sg_lasso","Expenditures","2015-08",-14.6586785461832,0.000487864103869812,100.004878641039
"Italy","sg_lasso","Expenditures","2015-09",-43.9760356385497,-0.00900676351690948,99.9099323648309
"Italy","sg_lasso","Expenditures","2015-10",0,0.00523517791425944,100.052351779143
"Italy","sg_lasso","Expenditures","2015-11",15.3453622982993,0.0102048789780103,100.10204878978
"Italy","sg_lasso","Expenditures","2015-12",5.8445418009037,0.0071279729516439,100.071279729516
"Italy","sg_lasso","Expenditures","2016-01",34.4655577985247,0.0163970857222672,100.163970857223
"Italy","sg_lasso","Expenditures","2016-02",-914.679262071704,-0.290989988578707,97.0901001142129
"Italy","sg_lasso","Expenditures","2016-03",235.956682273268,0.0816513714258683,100.816513714259
"Italy","sg_lasso","Expenditures","2016-04",0,0.00523517791425944,100.052351779143
"Italy","sg_lasso","Expenditures","2016-05",0,0.00523517791425944,100.052351779143
"Italy","sg_lasso","Expenditures","2016-06",0,0.00523517791425944,100.052351779143
"Italy","sg_lasso","Expenditures","2016-07",42.4760217670739,0.0189913295421117,100.189913295421
"Italy","sg_lasso","Expenditures","2016-08",-56.6346956894324,-0.0131063575895437,99.8689364241046
"Italy","sg_lasso","Expenditures","2016-09",42.4760217670746,0.0189913295421119,100.189913295421
"Italy","sg_lasso","Expenditures","2016-10",15.3149593495714,0.010195032774076,100.101950327741
"Italy","sg_lasso","Expenditures","2016-11",-15.3149593495714,0.000275323054442841,100.002753230544
"Italy","sg_lasso","Expenditures","2016-12",-30.6299186991425,-0.00468453180537368,99.9531546819463
"Italy","sg_lasso","Expenditures","2017-01",-102.755599093561,-0.0280429291903363,99.7195707080966
"Italy","sg_lasso","Expenditures","2017-02",20.5511198187122,0.0118907993351786,100.118907993352
"Italy","sg_lasso","Expenditures","2017-03",-82.2044792748495,-0.0213873077694173,99.7861269223058
"Italy","sg_lasso","Expenditures","2017-04",53.2637938038142,0.0224850236709516,100.22485023671
"Italy","sg_lasso","Expenditures","2017-05",-53.2637938038142,-0.0120146678424327,99.8798533215757
"Italy","sg_lasso","Expenditures","2017-06",145.985610262696,0.0525136212974596,100.525136212975
"Italy","sg_lasso","Expenditures","2017-07",-91.6400502375268,-0.0244430822854423,99.7555691771456
"Italy","sg_lasso","Expenditures","2017-08",128.296070332538,0.0467847421938419,100.467847421938
"Italy","sg_lasso","Expenditures","2017-09",0,0.00523517791425944,100.052351779143
"Italy","sg_lasso","Expenditures","2017-10",469.013160504856,0.157128313922685,101.571283139227
"Italy","sg_lasso","Expenditures","2017-11",-249.028509577409,-0.0754144167250476,99.2458558327495
"Italy","sg_lasso","Expenditures","2017-12",-61.08836698598,-0.0145487096533006,99.854512903467
"Italy","sg_lasso","Expenditures","2018-01",0,0.00523517791425944,100.052351779143
"Italy","sg_lasso","Expenditures","2018-02",11.1666731441896,0.0088515817712989,100.088515817713
"Italy","sg_lasso","Expenditures","2018-03",11.1666731441899,0.00885158177129897,100.088515817713
"Italy","sg_lasso","Expenditures","2018-04",22.9102633390606,0.0126548241809077,100.126548241809
"Italy","sg_lasso","Expenditures","2018-05",0,0.00523517791425944,100.052351779143
"Italy","sg_lasso","Expenditures","2018-06",34.365395008591,0.0163646473142319,100.163646473142
"Italy","sg_lasso","Expenditures","2018-07",0,0.00523517791425944,100.052351779143
"Italy","sg_lasso","Expenditures","2018-08",-59.1208322069463,-0.01391150999035,99.8608849000965
"Italy","sg_lasso","Expenditures","2018-09",0,0.00523517791425944,100.052351779143
"Italy","sg_lasso","Expenditures","2018-10",0,0.00523517791425944,100.052351779143
"Italy","sg_lasso","Expenditures","2018-11",0,0.00523517791425944,100.052351779143
"Italy","sg_lasso","Expenditures","2018-12",0,0.00523517791425944,100.052351779143
"Italy","sg_lasso","Expenditures","2019-01",-18.6263247646399,-0.000797085397429138,99.9920291460257
"Italy","sg_lasso","Expenditures","2019-02",-13.9697435734798,0.000710980430493033,100.007109804305
"Italy","sg_lasso","Expenditures","2019-03",13.9697435734798,0.00975937539802584,100.09759375398
"Italy","sg_lasso","Expenditures","2019-04",0,0.00523517791425944,100.052351779143
"Italy","sg_lasso","Expenditures","2019-05",-8.0831214995352,0.00261740345356002,100.026174034536
"Italy","sg_lasso","Expenditures","2019-06",8.14387295915952,0.00787262715276145,100.078726271528
"Italy","sg_lasso","Expenditures","2019-07",-9.58966947782869,0.00212949753483521,100.021294975348
"Italy","sg_lasso","Expenditures","2019-08",0,0.00523517791425944,100.052351779143
"Italy","sg_lasso","Expenditures","2019-09",14.3845042167427,0.00989369848339567,100.098936984834
"Italy","sg_lasso","Expenditures","2019-10",42.5560536795938,0.0190172484271176,100.190172484271
"Italy","sg_lasso","Expenditures","2019-11",-12.1588724798839,0.00129744348201425,100.01297443482
"Italy","sg_lasso","Expenditures","2019-12",0,0.00523517791425944,100.052351779143
"Italy","sg_lasso","Expenditures","2020-01",-21.8717101843981,-0.00184812577427587,99.9815187422572
"Italy","sg_lasso","Expenditures","2020-02",0,0.00523517791425944,100.052351779143
"Italy","sg_lasso","Expenditures","2020-03",-36.4528503073302,-0.0065703282332994,99.934296717667
"Italy","sg_lasso","Expenditures","2020-04",58.204460696953,0.0240850926062541,100.240850926063
"Italy","sg_lasso","Expenditures","2020-05",58.204460696953,0.0240850926062541,100.240850926063
"Italy","sg_lasso","Expenditures","2020-06",0,0.00523517791425944,100.052351779143
"Italy","sg_lasso","Expenditures","2020-07",1157.84502953402,0.38021124971229,103.802112497123
"Italy","sg_lasso","Expenditures","2020-08",1157.84502953402,0.380211249712291,103.802112497123
"Italy","sg_lasso","Expenditures","2020-09",-167.921377798822,-0.0491473145711609,99.5085268542884
"Italy","sg_lasso","Expenditures","2020-10",-14410.1512336565,-4.66159135394613,53.3840864605387
"Italy","sg_lasso","Expenditures","2020-11",-11441.3754552085,-3.70013291084207,62.9986708915793
"Italy","sg_lasso","Expenditures","2020-12",398.7104366327,0.134360293538392,101.343602935384
"Italy","sg_lasso","Expenditures","2021-01",715.723865041008,0.237027271466875,102.370272714669
"Italy","sg_lasso","Expenditures","2021-02",-32.2615940698925,-0.00521296109026653,99.9478703890973
"Italy","sg_lasso","Expenditures","2021-03",-893.189897480233,-0.284030510138671,97.1596948986133
"Italy","sg_lasso","Expenditures","2021-04",-304.530185568954,-0.0933890160113549,99.0661098398865
"Italy","sg_lasso","Expenditures","2021-05",-508.353163103377,-0.159398488357404,98.406015116426
"Italy","sg_lasso","Expenditures","2021-06",-1085.88606879086,-0.346436489803892,96.5356351019611
"Italy","sg_lasso","Expenditures","2021-07",-835.005111508219,-0.265186967241591,97.3481303275841
"Italy","sg_lasso","Expenditures","2021-08",-568.203910502491,-0.178781564314406,98.2121843568559
"Italy","sg_lasso","Expenditures","2021-09",814.237197622566,0.268931491400378,102.689314914004
"Italy","sg_lasso","Expenditures","2021-10",-130.754577757894,-0.0371105908947128,99.6288940910529
"Italy","sg_lasso","Expenditures","2021-11",212.081679576968,0.0739192876867956,100.739192876868
"Italy","sg_lasso","Expenditures","2021-12",-506.21201623792,-0.158705063226862,98.4129493677314
"Italy","sg_lasso","Expenditures","2022-01",2508.94569140025,0.817774486473099,108.177744864731
"Italy","sg_lasso","Expenditures","2022-02",1429.66206952111,0.468241066572278,104.682410665723
"Italy","sg_lasso","Expenditures","2022-03",3380.20962602588,1.09993930073731,110.999393007373
"Italy","sg_lasso","Expenditures","2022-04",-3187.76965585754,-1.02714593774462,89.7285406225538
"Italy","sg_lasso","Expenditures","2022-05",-1207.67308655878,-0.38587805266744,96.1412194733256
"Italy","sg_lasso","Expenditures","2022-06",-110.495230516342,-0.0305494620285409,99.6945053797146
"Italy","sg_lasso","Expenditures","2022-07",3066.89050820368,0.998468750686695,109.984687506867
"Italy","sg_lasso","Expenditures","2022-08",1226.44942789542,0.402429255705698,104.024292557057
"Italy","sg_lasso","Expenditures","2022-09",-1864.29698721243,-0.598530216502265,94.0146978349773
"Italy","sg_lasso","Expenditures","2022-10",5200.49466229155,1.68945112230323,116.894511223032
"Italy","sg_lasso","Expenditures","2022-11",-1392.21709184435,-0.445643897327764,95.5435610267224
"Italy","sg_lasso","Expenditures","2022-12",-908.239983005731,-0.288904583789828,97.1109541621017
"Italy","sg_lasso","Expenditures","2023-01",-1501.83702150914,-0.481145065073005,95.1885493492699
"Italy","sg_lasso","Expenditures","2023-02",420.271284884201,0.141342922453105,101.413429224531
"Italy","sg_lasso","Expenditures","2023-03",-1094.51870161765,-0.349232227285246,96.5076777271475
"Italy","sg_lasso","Expenditures","2023-04",-1344.27693990474,-0.430118149583311,95.6988185041669
"Italy","sg_lasso","Expenditures","2023-05",719.142939447898,0.238134562216136,102.381345622161
"Italy","sg_lasso","Expenditures","2023-06",1893.78098487956,0.618549167647181,106.185491676472
"Italy","sg_lasso","Expenditures","2023-07",-730.033337078752,-0.231191136520556,97.6880886347944
"Italy","sg_lasso","Expenditures","2023-08",1170.38777530895,0.384273304149868,103.842733041499
"Italy","sg_lasso","Expenditures","2023-09",1575.18825677428,0.515370722655787,105.153707226558
"Italy","sg_lasso","Expenditures","2023-10",563.774978208094,0.18781757997507,101.878175799751
"Italy","sg_lasso","Expenditures","2023-11",-1844.45201706659,-0.592103286506954,94.0789671349305
"Italy","sg_lasso","Expenditures","2023-12",-1635.51330084408,-0.52443704702137,94.7556295297863
"Italy","sg_lasso","Expenditures","2024-01",-1191.69728862757,-0.380704180690379,96.1929581930962
"Italy","sg_lasso","Expenditures","2024-02",-616.236612260125,-0.194337284953612,98.0566271504639
"Italy","sg_lasso","Expenditures","2024-03",883.114155683643,0.291237767726092,102.912377677261
"Italy","sg_lasso","Expenditures","2024-04",-7930.94922217523,-2.56325724473558,74.3674275526442
"Italy","sg_lasso","Expenditures","2024-05",9378.44146980946,3.04250791496803,130.42507914968
"Italy","sg_lasso","Expenditures","2024-06",992.750606587779,0.32674428598826,103.267442859883
"Italy","sg_lasso","Expenditures","2024-07",15698.8556205757,5.08941748398422,150.894174839842
"Italy","sg_lasso","Expenditures","2024-08",11341.635344539,3.67830174622047,136.783017462205
"Italy","sg_lasso","Expenditures","2024-09",1113.61508659743,0.365887078657302,103.658870786573
"Italy","sg_lasso","Expenditures","2024-10",-33.1077450930125,-0.00548699291551443,99.9451300708449
"Italy","sg_lasso","Expenditures","2024-11",-95.5078327871834,-0.0256956902511412,99.7430430974886
"Italy","sg_lasso","Expenditures","2024-12",-59.949232418965,-0.0141797930934044,99.858202069066
"Italy","sg_lasso","Expenditures","2025-01",307.579912225777,0.104847046781393,101.048470467814
"Italy","sg_lasso","Expenditures","2025-02",-11983.6366359524,-3.87574792170907,61.2425207829093
"Italy","sg_lasso","Expenditures","2025-03",-11920.9339126388,-3.85544121374779,61.4455878625221
"Italy","sg_lasso","Expenditures","2025-04",-820.699668991706,-0.260554051347541,97.3944594865246
"Italy","sg_lasso","Expenditures","2025-05",13485.6735251602,4.37266324905295,143.726632490529
"Italy","sg_lasso","Expenditures","2025-06",-13.6957520475044,0.000799714469587695,100.007997144696
"Italy","sg_lasso","Expenditures","2025-07",1094.51351549432,0.359700903552073,103.597009035521
"Italy","sg_lasso","Expenditures","2025-08",126.061684313541,0.046061120922504,100.460611209225
"Italy","sg_lasso","Expenditures","2025-09",-566.18260042467,-0.178126949151294,98.2187305084871
"Italy","sg_lasso","Revenues","2013-01",3124.35200371502,0.948331249046098,109.483312490461
"Italy","sg_lasso","Revenues","2013-02",-3719.74464523159,-1.23813661560427,87.6186338439573
"Italy","sg_lasso","Revenues","2013-03",3388.03869499283,1.0325706317415,110.325706317415
"Italy","sg_lasso","Revenues","2013-04",3370.40766902364,1.02693808829862,110.269380882986
"Italy","sg_lasso","Revenues","2013-05",-226.885288852919,-0.122280845268126,98.7771915473187
"Italy","sg_lasso","Revenues","2013-06",-641.137516653263,-0.254621054707553,97.4537894529245
"Italy","sg_lasso","Revenues","2013-07",-1210.12769765223,-0.436395043280219,95.6360495671978
"Italy","sg_lasso","Revenues","2013-08",1098.61308101112,0.301173079918658,103.011730799187
"Italy","sg_lasso","Revenues","2013-09",1688.93867703208,0.489763044611671,104.897630446117
"Italy","sg_lasso","Revenues","2013-10",-25.2784811337315,-0.0578739806396739,99.4212601936033
"Italy","sg_lasso","Revenues","2013-11",-6.23881524094759,-0.0517914222300613,99.4820857776994
"Italy","sg_lasso","Revenues","2013-12",28.1546372233852,-0.0408038248267988,99.591961751732
"Italy","sg_lasso","Revenues","2014-01",197.11103743453,0.0131722889742142,100.131722889742
"Italy","sg_lasso","Revenues","2014-02",188.201295923771,0.0103259142815637,100.103259142816
"Italy","sg_lasso","Revenues","2014-03",84.0295236348928,-0.0229536029719461,99.7704639702805
"Italy","sg_lasso","Revenues","2014-04",-398.411676883848,-0.177077987185591,98.2292201281441
"Italy","sg_lasso","Revenues","2014-05",-409.548919051469,-0.180635976405992,98.1936402359401
"Italy","sg_lasso","Revenues","2014-06",-402.320687926526,-0.178326789981019,98.2167321001898
"Italy","sg_lasso","Revenues","2014-07",234.917080821296,0.0252500989752555,100.252500989753
"Italy","sg_lasso","Revenues","2014-08",200.756060581905,0.0143367561619869,100.14336756162
"Italy","sg_lasso","Revenues","2014-09",269.355526719012,0.0362520703275223,100.362520703275
"Italy","sg_lasso","Revenues","2014-10",-93.4988735039899,-0.0796681929780351,99.2033180702197
"Italy","sg_lasso","Revenues","2014-11",-106.78167750822,-0.0839116199191446,99.1608838008085
"Italy","sg_lasso","Revenues","2014-12",-120.631331359172,-0.0883361370811429,99.1166386291886
"Italy","sg_lasso","Revenues","2015-01",0,-0.0497983222290667,99.5020167777093
"Italy","sg_lasso","Revenues","2015-02",0,-0.0497983222290667,99.5020167777093
"Italy","sg_lasso","Revenues","2015-03",-1002.2357280707,-0.369980272401897,96.300197275981
"Italy","sg_lasso","Revenues","2015-04",431.556101538245,0.0880699160799864,100.8806991608
"Italy","sg_lasso","Revenues","2015-05",-2295.17873621405,-0.783033810821011,92.1696618917899
"Italy","sg_lasso","Revenues","2015-06",9049.59314452446,2.84125445121597,128.41254451216
"Italy","sg_lasso","Revenues","2015-07",-596.553254478931,-0.240377822691195,97.596221773088
"Italy","sg_lasso","Revenues","2015-08",426.019349820388,0.0863011027030588,100.863011027031
"Italy","sg_lasso","Revenues","2015-09",394.424863279581,0.0762076845260614,100.762076845261
"Italy","sg_lasso","Revenues","2015-10",2215.78654736691,0.65807392581816,106.580739258182
"Italy","sg_lasso","Revenues","2015-11",-977.709203462168,-0.362144839818347,96.3785516018165
"Italy","sg_lasso","Revenues","2015-12",-4735.72362532682,-1.56270909099156,84.3729090900844
"Italy","sg_lasso","Revenues","2016-01",-439.967417125218,-0.190353704243663,98.0964629575634
"Italy","sg_lasso","Revenues","2016-02",2454.84762200456,0.734446219225859,107.344462192259
"Italy","sg_lasso","Revenues","2016-03",1923.07532193761,0.564562141743325,105.645621417433
"Italy","sg_lasso","Revenues","2016-04",-466.769137772421,-0.198915988489235,98.0108401151077
"Italy","sg_lasso","Revenues","2016-05",-1215.76773230842,-0.438196852220655,95.6180314777935
"Italy","sg_lasso","Revenues","2016-06",160.48546898484,0.00147160259478896,100.014716025948
"Italy","sg_lasso","Revenues","2016-07",86.8926197065302,-0.0220389362342978,99.779610637657
"Italy","sg_lasso","Revenues","2016-08",180.76367644352,0.0079498350387948,100.079498350388
"Italy","sg_lasso","Revenues","2016-09",-122.69487126777,-0.0889953714445658,99.1100462855543
"Italy","sg_lasso","Revenues","2016-10",-1629.71102575231,-0.570438367109533,94.2956163289047
"Italy","sg_lasso","Revenues","2016-11",1874.0202725533,0.548890637587386,105.488906375874
"Italy","sg_lasso","Revenues","2016-12",556.06428505345,0.127846260001705,101.278462600017
"Italy","sg_lasso","Revenues","2017-01",21.2612568007344,-0.0430060372656392,99.5699396273436
"Italy","sg_lasso","Revenues","2017-02",21.2612568007339,-0.0430060372656393,99.5699396273436
"Italy","sg_lasso","Revenues","2017-03",280.080945641485,0.0396784953200027,100.3967849532
"Italy","sg_lasso","Revenues","2017-04",-634.530344536554,-0.252510276580009,97.4748972341999
"Italy","sg_lasso","Revenues","2017-05",1672.77364856786,0.484598840030543,104.845988400305
"Italy","sg_lasso","Revenues","2017-06",-1843.35492495386,-0.638690693755839,93.6130930624416
"Italy","sg_lasso","Revenues","2017-07",1174.59257712997,0.325446075341915,103.254460753419
"Italy","sg_lasso","Revenues","2017-08",-1337.37481932749,-0.477046389496236,95.2295361050376
"Italy","sg_lasso","Revenues","2017-09",-1562.54406404599,-0.548980691850128,94.5101930814987
"Italy","sg_lasso","Revenues","2017-10",-366.001241419445,-0.166723899676738,98.3327610032326
"Italy","sg_lasso","Revenues","2017-11",2429.18652647776,0.726248327872337,107.262483278723
"Italy","sg_lasso","Revenues","2017-12",586.407906102088,0.137540067047839,101.375400670478
"Italy","sg_lasso","Revenues","2018-01",-1058.93500821052,-0.388093861431004,96.11906138569
"Italy","sg_lasso","Revenues","2018-02",-3670.32702771086,-1.22234928263706,87.7765071736294
"Italy","sg_lasso","Revenues","2018-03",4261.4823337888,1.31160766844153,113.116076684415
"Italy","sg_lasso","Revenues","2018-04",506.291523508617,0.111945469987375,101.119454699874
"Italy","sg_lasso","Revenues","2018-05",2549.0064762423,0.764526932506669,107.645269325067
"Italy","sg_lasso","Revenues","2018-06",-2869.65345068576,-0.966559930727559,90.3344006927244
"Italy","sg_lasso","Revenues","2018-07",-162.063713527189,-0.10157244521835,98.9842755478165
"Italy","sg_lasso","Revenues","2018-08",311.549565806415,0.0497317032544782,100.497317032545
"Italy","sg_lasso","Revenues","2018-09",70.0848508194645,-0.0274084756246709,99.7259152437533
"Italy","sg_lasso","Revenues","2018-10",69.1043773795632,-0.0277217052265377,99.7227829477346
"Italy","sg_lasso","Revenues","2018-11",-52.8582691525926,-0.0666848322845568,99.3331516771544
"Italy","sg_lasso","Revenues","2018-12",311.432987199765,0.0496944601542971,100.496944601543
"Italy","sg_lasso","Revenues","2019-01",-20.3004001228196,-0.056283644512603,99.437163554874
"Italy","sg_lasso","Revenues","2019-02",24.8922872055159,-0.0418460403072612,99.5815395969274
"Italy","sg_lasso","Revenues","2019-03",-481.179634453739,-0.203519676824379,97.9648032317562
"Italy","sg_lasso","Revenues","2019-04",13.6688666680407,-0.0454315607338939,99.5456843926611
"Italy","sg_lasso","Revenues","2019-05",10.736051326513,-0.0463685005268453,99.5363149947315
"Italy","sg_lasso","Revenues","2019-06",15.2531415584449,-0.0449254360669995,99.55074563933
"Italy","sg_lasso","Revenues","2019-07",4.71038846231295,-0.0482935052267451,99.5170649477325
"Italy","sg_lasso","Revenues","2019-08",22.7136345395943,-0.0425420494793417,99.5745795052066
"Italy","sg_lasso","Revenues","2019-09",27.017384908534,-0.0411671402163914,99.5883285978361
"Italy","sg_lasso","Revenues","2019-10",0,-0.0497983222290667,99.5020167777093
"Italy","sg_lasso","Revenues","2019-11",0,-0.0497983222290667,99.5020167777093
"Italy","sg_lasso","Revenues","2019-12",0,-0.0497983222290667,99.5020167777093
"Italy","sg_lasso","Revenues","2020-01",-11.4412719560067,-0.0534534391488993,99.465465608511
"Italy","sg_lasso","Revenues","2020-02",39.8701818055281,-0.0370610866599325,99.6293891334007
"Italy","sg_lasso","Revenues","2020-03",-83.3824233882203,-0.0764363138540206,99.2356368614598
"Italy","sg_lasso","Revenues","2020-04",0,-0.0497983222290667,99.5020167777093
"Italy","sg_lasso","Revenues","2020-05",0,-0.0497983222290667,99.5020167777093
"Italy","sg_lasso","Revenues","2020-06",-12.0887384590496,-0.0536602837881489,99.4633971621185
"Italy","sg_lasso","Revenues","2020-07",-6025.73300280475,-1.97482542914807,80.2517457085193
"Italy","sg_lasso","Revenues","2020-08",-10024.8684679488,-3.25242006718796,67.4757993281204
"Italy","sg_lasso","Revenues","2020-09",754.126056128893,0.191120599901456,101.911205999015
"Italy","sg_lasso","Revenues","2020-10",21420.6947724456,6.79342192446996,167.9342192447
"Italy","sg_lasso","Revenues","2020-11",13245.0710955903,4.18157417306946,141.815741730695
"Italy","sg_lasso","Revenues","2020-12",-9277.41687310819,-3.01363341990236,69.8636658009764
"Italy","sg_lasso","Revenues","2021-01",-10304.7607948128,-3.34183662712866,66.5816337287134
"Italy","sg_lasso","Revenues","2021-02",-4746.77436462668,-1.56623944533912,84.3376055466088
"Italy","sg_lasso","Revenues","2021-03",3236.76034854018,0.984242085243386,109.842420852434
"Italy","sg_lasso","Revenues","2021-04",4849.30660035229,1.49939853914768,114.993985391477
"Italy","sg_lasso","Revenues","2021-05",2598.69720272573,0.780401514968019,107.80401514968
"Italy","sg_lasso","Revenues","2021-06",-2262.82023209364,-0.772696313699557,92.2730368630044
"Italy","sg_lasso","Revenues","2021-07",-952.765895543023,-0.354176258426136,96.4582374157386
"Italy","sg_lasso","Revenues","2021-08",-3835.50305664564,-1.27511768989385,87.2488231010615
"Italy","sg_lasso","Revenues","2021-09",-569.488350858175,-0.231731459984475,97.6826854001553
"Italy","sg_lasso","Revenues","2021-10",-811.313113638761,-0.308986662506758,96.9101333749324
"Italy","sg_lasso","Revenues","2021-11",4167.82632412821,1.28168759776488,112.816875977649
"Italy","sg_lasso","Revenues","2021-12",570.178753034626,0.132355376726734,101.323553767267
"Italy","sg_lasso","Revenues","2022-01",-511.117454811098,-0.213083843654068,97.8691615634593
"Italy","sg_lasso","Revenues","2022-02",-2172.24377560902,-0.743760060815401,92.562399391846
"Italy","sg_lasso","Revenues","2022-03",1823.13737178396,0.532635193940269,105.326351939403
"Italy","sg_lasso","Revenues","2022-04",-1158.93879058652,-0.420041840503198,95.799581594968
"Italy","sg_lasso","Revenues","2022-05",-1191.57031778327,-0.430466559680876,95.6953344031912
"Italy","sg_lasso","Revenues","2022-06",288.618112687044,0.0424058445024751,100.424058445025
"Italy","sg_lasso","Revenues","2022-07",179.908932991816,0.00767677210799021,100.07676772108
"Italy","sg_lasso","Revenues","2022-08",-382.707560554944,-0.172061029147577,98.2793897085242
"Italy","sg_lasso","Revenues","2022-09",-622.910359869661,-0.248798066720172,97.5120193327983
"Italy","sg_lasso","Revenues","2022-10",3925.4723284998,1.2042633224381,112.042633224381
"Italy","sg_lasso","Revenues","2022-11",-627.752572042832,-0.250344997141163,97.4965500285884
"Italy","sg_lasso","Revenues","2022-12",134.133477765525,-0.00694700762157164,99.9305299237843
"Italy","sg_lasso","Revenues","2023-01",3460.47508561098,1.05571171937389,110.557117193739
"Italy","sg_lasso","Revenues","2023-02",3367.85968048443,1.02612408824189,110.261240882419
"Italy","sg_lasso","Revenues","2023-03",206.099675105006,0.0160438684421205,100.160438684421
"Italy","sg_lasso","Revenues","2023-04",-2091.96425697313,-0.718113347057497,92.818866529425
"Italy","sg_lasso","Revenues","2023-05",-1051.63721535782,-0.385762452280354,96.1423754771965
"Italy","sg_lasso","Revenues","2023-06",1257.77680662098,0.352020750416934,103.520207504169
"Italy","sg_lasso","Revenues","2023-07",-610.446658570847,-0.244816316642366,97.5518368335763
"Italy","sg_lasso","Revenues","2023-08",-413.421813037231,-0.181873240968054,98.1812675903195
"Italy","sg_lasso","Revenues","2023-09",-326.753599339095,-0.15418554544628,98.4581445455372
"Italy","sg_lasso","Revenues","2023-10",1848.43304136358,0.540716343504278,105.407163435043
"Italy","sg_lasso","Revenues","2023-11",-481.781440869737,-0.203711934540307,97.9628806545969
"Italy","sg_lasso","Revenues","2023-12",-675.739684604556,-0.265675329968903,97.343246700311
"Italy","sg_lasso","Revenues","2024-01",-24.7963916442559,-0.0577199686157808,99.4228003138422
"Italy","sg_lasso","Revenues","2024-02",1793.44073671662,0.523148078022208,105.231480780222
"Italy","sg_lasso","Revenues","2024-03",302.595447789236,0.0468711517010656,100.468711517011
"Italy","sg_lasso","Revenues","2024-04",-2451.58216210185,-0.832999654695752,91.6700034530425
"Italy","sg_lasso","Revenues","2024-05",-4280.32513391375,-1.41722397905379,85.8277602094621
"Italy","sg_lasso","Revenues","2024-06",49.3553262257838,-0.0340308893190389,99.6596911068096
"Italy","sg_lasso","Revenues","2024-07",4306.38849999656,1.3259537384014,113.259537384014
"Italy","sg_lasso","Revenues","2024-08",5044.81738653463,1.56185792175239,115.618579217524
"Italy","sg_lasso","Revenues","2024-09",-89.4813729851176,-0.0783847312983871,99.2161526870161
"Italy","sg_lasso","Revenues","2024-10",-2486.53939483807,-0.844167361689868,91.5583263831013
"Italy","sg_lasso","Revenues","2024-11",-2889.59132394989,-0.972929437386733,90.2707056261327
"Italy","sg_lasso","Revenues","2024-12",540.090951428604,0.122743295731404,101.227432957314
"Italy","sg_lasso","Revenues","2025-01",3194.17839999103,0.970638527770065,109.706385277701
"Italy","sg_lasso","Revenues","2025-02",2552.85701296572,0.765757054645391,107.657570546454
"Italy","sg_lasso","Revenues","2025-03",-584.919002100492,-0.236661054758264,97.6333894524174
"Italy","sg_lasso","Revenues","2025-04",51.9991278936891,-0.0331862800617641,99.6681371993824
"Italy","sg_lasso","Revenues","2025-05",797.64370553663,0.205023083582744,102.050230835827
"Italy","sg_lasso","Revenues","2025-06",187.780864665596,0.0101916000714575,100.101916000715
"Italy","sg_lasso","Revenues","2025-07",-1635.73277889593,-0.572362122779961,94.2763787722004
"Italy","sg_lasso","Revenues","2025-08",-666.993995239291,-0.262881364639043,97.3711863536096
"Italy","sg_lasso","Revenues","2025-09",893.331445467935,0.235592226470728,102.355922264707
"Spain","factor_midas","Expenditures","2013-01",30864.8324405283,7.75239985811377,177.523998581138
"Spain","factor_midas","Expenditures","2013-02",-8818.51156678395,-2.28657874502378,77.1342125497622
"Spain","factor_midas","Expenditures","2013-03",5894.98577127983,1.43559963104568,114.355996310457
"Spain","factor_midas","Expenditures","2013-04",4739.51405749342,1.14329170938729,111.432917093873
"Spain","factor_midas","Expenditures","2013-05",13846.849074919,3.44723921327441,134.472392132744
"Spain","factor_midas","Expenditures","2013-06",-6025.6724079302,-1.58005430110164,84.1994569889836
"Spain","factor_midas","Expenditures","2013-07",851.83351822563,0.159797431728835,101.597974317288
"Spain","factor_midas","Expenditures","2013-08",-3590.02141741324,-0.9638902960217,90.361097039783
"Spain","factor_midas","Expenditures","2013-09",579.329069506137,0.0908600375049335,100.908600375049
"Spain","factor_midas","Expenditures","2013-10",-930.003198858865,-0.290966512806686,97.0903348719331
"Spain","factor_midas","Expenditures","2013-11",-1221.51780663344,-0.364713042570199,96.352869574298
"Spain","factor_midas","Expenditures","2013-12",178.408359749929,-0.0105637342935231,99.8943626570648
"Spain","factor_midas","Expenditures","2014-01",-1175.42939859026,-0.353053729229245,96.4694627077075
"Spain","factor_midas","Expenditures","2014-02",16009.0822310654,3.99423475844692,139.942347584469
"Spain","factor_midas","Expenditures","2014-03",171.364423247865,-0.0123456891563254,99.8765431084367
"Spain","factor_midas","Expenditures","2014-04",-2603.7756988894,-0.714392681509363,92.8560731849064
"Spain","factor_midas","Expenditures","2014-05",3693.47584729139,0.878667961742751,108.786679617428
"Spain","factor_midas","Expenditures","2014-06",-0.164364622018638,-0.0557385501745545,99.4426144982545
"Spain","factor_midas","Expenditures","2014-07",-1508.33479203548,-0.437271181293006,95.6272881870699
"Spain","factor_midas","Expenditures","2014-08",2112.9494472305,0.478830924093364,104.788309240934
"Spain","factor_midas","Expenditures","2014-09",-369.800319285964,-0.149247994316608,98.5075200568339
"Spain","factor_midas","Expenditures","2014-10",-83.3818878637085,-0.0767906806370348,99.2320931936297
"Spain","factor_midas","Expenditures","2014-11",2791.96613176652,0.650606618348728,106.506066183487
"Spain","factor_midas","Expenditures","2014-12",-356.729567041424,-0.145941392884892,98.5405860711511
"Spain","factor_midas","Expenditures","2015-01",-256.393511395249,-0.120558665169971,98.7944133483003
"Spain","factor_midas","Expenditures","2015-02",459.190911138107,0.0604678306119165,100.604678306119
"Spain","factor_midas","Expenditures","2015-03",662.479072005774,0.111895086763657,101.118950867637
"Spain","factor_midas","Expenditures","2015-04",-86.3357714543779,-0.0775379456396371,99.2246205436036
"Spain","factor_midas","Expenditures","2015-05",4448.7699868806,1.06974010790599,110.69740107906
"Spain","factor_midas","Expenditures","2015-06",-4856.62529077181,-1.28431211281604,87.1568788718396
"Spain","factor_midas","Expenditures","2015-07",-481.979656468376,-0.17762680144236,98.2237319855764
"Spain","factor_midas","Expenditures","2015-08",-4778.7457322412,-1.26461036536334,87.3538963463666
"Spain","factor_midas","Expenditures","2015-09",-441.548540604076,-0.167398653658547,98.3260134634145
"Spain","factor_midas","Expenditures","2015-10",-32.828629205768,-0.0640018621873491,99.3599813781265
"Spain","factor_midas","Expenditures","2015-11",-4126.06181272634,-1.09949625851251,89.0050374148749
"Spain","factor_midas","Expenditures","2015-12",-77.4589438253487,-0.0752923112340501,99.2470768876595
"Spain","factor_midas","Expenditures","2016-01",-131.472040016333,-0.0889563894642161,99.1104361053578
"Spain","factor_midas","Expenditures","2016-02",-820.719480812849,-0.263320231108926,97.3667976889107
"Spain","factor_midas","Expenditures","2016-03",-44.9625102418306,-0.0670714566265577,99.3292854337344
"Spain","factor_midas","Expenditures","2016-04",-49.2117873917684,-0.0681464265781618,99.3185357342184
"Spain","factor_midas","Expenditures","2016-05",-1392.75278380846,-0.408031576201135,95.9196842379886
"Spain","factor_midas","Expenditures","2016-06",-591.853392685299,-0.205422344245538,97.9457765575446
"Spain","factor_midas","Expenditures","2016-07",515.29127050954,0.0746599386977262,100.746599386977
"Spain","factor_midas","Expenditures","2016-08",1826.40668715553,0.406342158107651,104.063421581077
"Spain","factor_midas","Expenditures","2016-09",305.406003950138,0.0215637656606101,100.215637656606
"Spain","factor_midas","Expenditures","2016-10",757.241180474893,0.135867733301066,101.358677333011
"Spain","factor_midas","Expenditures","2016-11",1098.03311870046,0.222080300854291,102.220803008543
"Spain","factor_midas","Expenditures","2016-12",308.682886982667,0.0223927421360422,100.22392742136
"Spain","factor_midas","Expenditures","2017-01",-211.36596829303,-0.109167726400503,98.908322735995
"Spain","factor_midas","Expenditures","2017-02",319.537394678168,0.0251386843752507,100.251386843753
"Spain","factor_midas","Expenditures","2017-03",327.617530731066,0.0271827740298559,100.271827740299
"Spain","factor_midas","Expenditures","2017-04",282.690659299253,0.0158173028909626,100.15817302891
"Spain","factor_midas","Expenditures","2017-05",-473.605356603709,-0.17550829506996,98.2449170493004
"Spain","factor_midas","Expenditures","2017-06",-207.302931738875,-0.108139871060907,98.9186012893909
"Spain","factor_midas","Expenditures","2017-07",239.69756667348,0.00494103357068267,100.049410335707
"Spain","factor_midas","Expenditures","2017-08",-4347.75255707333,-1.1555789474765,88.444210525235
"Spain","factor_midas","Expenditures","2017-09",3028.19670620352,0.71036755184624,107.103675518462
"Spain","factor_midas","Expenditures","2017-10",-81.8584919877348,-0.0764052963155878,99.2359470368441
"Spain","factor_midas","Expenditures","2017-11",1366.57423960836,0.290015063770444,102.900150637704
"Spain","factor_midas","Expenditures","2017-12",321.788167142024,0.0257080783406641,100.257080783407
"Spain","factor_midas","Expenditures","2018-01",-95.8124598744255,-0.0799353311084607,99.2006466889154
"Spain","factor_midas","Expenditures","2018-02",-2735.74824351918,-0.747778717512172,92.5222128248783
"Spain","factor_midas","Expenditures","2018-03",-178.659987877603,-0.100893861236201,98.991061387638
"Spain","factor_midas","Expenditures","2018-04",-248.125136754657,-0.118466955457091,98.8153304454291
"Spain","factor_midas","Expenditures","2018-05",-3173.44072464058,-0.858504906613632,91.4149509338637
"Spain","factor_midas","Expenditures","2018-06",-327.913627592069,-0.138651619132255,98.6134838086774
"Spain","factor_midas","Expenditures","2018-07",-645.647861088497,-0.21903111464471,97.8096888535529
"Spain","factor_midas","Expenditures","2018-08",448.918297256788,0.057869094201652,100.578690942017
"Spain","factor_midas","Expenditures","2018-09",414.51306013477,0.0491653559471297,100.491653559471
"Spain","factor_midas","Expenditures","2018-10",-33.6197320340409,-0.0642019931129195,99.3579800688708
"Spain","factor_midas","Expenditures","2018-11",-1365.83880245434,-0.401222954354915,95.9877704564508
"Spain","factor_midas","Expenditures","2018-12",306.672953508665,0.0218842749278472,100.218842749278
"Spain","factor_midas","Expenditures","2019-01",261.697733850934,0.0105065727933655,100.105065727934
"Spain","factor_midas","Expenditures","2019-02",522.861173232342,0.0765749509872156,100.765749509872
"Spain","factor_midas","Expenditures","2019-03",750.468642476844,0.134154436053767,101.341544360538
"Spain","factor_midas","Expenditures","2019-04",-7.90495650305388,-0.0576967429179638,99.4230325708204
"Spain","factor_midas","Expenditures","2019-05",149.334961472017,-0.0179186392425282,99.8208136075747
"Spain","factor_midas","Expenditures","2019-06",414.618559357444,0.0491920448380375,100.49192044838
"Spain","factor_midas","Expenditures","2019-07",292.158747035989,0.0182125125835783,100.182125125836
"Spain","factor_midas","Expenditures","2019-08",-602.962134188135,-0.208232601824491,97.9176739817551
"Spain","factor_midas","Expenditures","2019-09",-455.781370703621,-0.170999234214588,98.2900076578541
"Spain","factor_midas","Expenditures","2019-10",93.8967764091002,-0.0319432323700845,99.6805676762991
"Spain","factor_midas","Expenditures","2019-11",1768.067944689,0.39158379028342,103.915837902834
"Spain","factor_midas","Expenditures","2019-12",306.242067493234,0.0217752706189233,100.217752706189
"Spain","factor_midas","Expenditures","2020-01",85.636755917727,-0.0340328286742441,99.6596717132576
"Spain","factor_midas","Expenditures","2020-02",4745.34568626518,1.14476697811591,111.447669781159
"Spain","factor_midas","Expenditures","2020-03",712.862323729812,0.124640897346579,101.246408973466
"Spain","factor_midas","Expenditures","2020-04",-6175.71854758482,-1.61801254336062,83.8198745663938
"Spain","factor_midas","Expenditures","2020-05",4923.07800781557,1.1897291913004,111.897291913004
"Spain","factor_midas","Expenditures","2020-06",7843.33578161021,1.92848763114782,119.284876311478
"Spain","factor_midas","Expenditures","2020-07",6371.45425208184,1.55613526138368,115.561352613837
"Spain","factor_midas","Expenditures","2020-08",-12428.3313712866,-3.19978061056986,68.0021938943014
"Spain","factor_midas","Expenditures","2020-09",703.434166570574,0.122255789176986,101.22255789177
"Spain","factor_midas","Expenditures","2020-10",81.4466431349101,-0.0350928313938657,99.6490716860613
"Spain","factor_midas","Expenditures","2020-11",-1986.44433540129,-0.558221962933809,94.4177803706619
"Spain","factor_midas","Expenditures","2020-12",-1577.06823597371,-0.454659170896118,95.4534082910388
"Spain","factor_midas","Expenditures","2021-01",428.582807290282,0.0527246802475141,100.527246802475
"Spain","factor_midas","Expenditures","2021-02",716.527622419327,0.125568134101409,101.255681341014
"Spain","factor_midas","Expenditures","2021-03",-2520.62209712332,-0.693356721718532,93.0664327828147
"Spain","factor_midas","Expenditures","2021-04",1739.49043120967,0.384354332849162,103.843543328492
"Spain","factor_midas","Expenditures","2021-05",-4501.85679974636,-1.19456379700335,88.0543620299665
"Spain","factor_midas","Expenditures","2021-06",-760.912167213865,-0.248190348369691,97.5180965163031
"Spain","factor_midas","Expenditures","2021-07",-206.788013077497,-0.108009608414116,98.9199039158588
"Spain","factor_midas","Expenditures","2021-08",5778.4235720761,1.40611206005052,114.061120600505
"Spain","factor_midas","Expenditures","2021-09",232.910027062931,0.0032239412584597,100.032239412585
"Spain","factor_midas","Expenditures","2021-10",271.515554409814,0.0129902568927166,100.129902568927
"Spain","factor_midas","Expenditures","2021-11",-8578.09632770741,-2.22575918706231,77.7424081293769
"Spain","factor_midas","Expenditures","2021-12",2049.68492729782,0.462826447206917,104.628264472069
"Spain","factor_midas","Expenditures","2022-01",-3316.57123098672,-0.894713651783907,91.0528634821609
"Spain","factor_midas","Expenditures","2022-02",-1358.65624379136,-0.399405931255245,96.0059406874475
"Spain","factor_midas","Expenditures","2022-03",-833.407384218829,-0.26652998053901,97.3347001946099
"Spain","factor_midas","Expenditures","2022-04",113.394408824241,-0.027010777217329,99.7298922278267
"Spain","factor_midas","Expenditures","2022-05",2512.05885953484,0.579796479055057,105.797964790551
"Spain","factor_midas","Expenditures","2022-06",-2362.64517754863,-0.653392173491254,93.4660782650875
"Spain","factor_midas","Expenditures","2022-07",2552.04585567722,0.589912274704818,105.899122747048
"Spain","factor_midas","Expenditures","2022-08",-27.5502176340424,-0.0626665447600339,99.3733345523997
"Spain","factor_midas","Expenditures","2022-09",1336.86785274947,0.28250002718487,102.825000271849
"Spain","factor_midas","Expenditures","2022-10",-21.8197818882877,-0.0612168755530315,99.3878312444697
"Spain","factor_midas","Expenditures","2022-11",1043.58194482334,0.208305398986962,102.08305398987
"Spain","factor_midas","Expenditures","2022-12",-437.796277217662,-0.166449416824005,98.3355058317599
"Spain","factor_midas","Expenditures","2023-01",-4029.26467579687,-1.0750087963092,89.249912036908
"Spain","factor_midas","Expenditures","2023-02",677.355405242977,0.115658458898674,101.156584588987
"Spain","factor_midas","Expenditures","2023-03",2308.3517670031,0.528263242771928,105.282632427719
"Spain","factor_midas","Expenditures","2023-04",84.6505594389,-0.0342823138322391,99.6571768616776
"Spain","factor_midas","Expenditures","2023-05",-2598.60595998514,-0.713084855781922,92.8691514421808
"Spain","factor_midas","Expenditures","2023-06",-921.642728162935,-0.288851504897747,97.1114849510225
"Spain","factor_midas","Expenditures","2023-07",-1833.03092907594,-0.519411879205713,94.8058812079429
"Spain","factor_midas","Expenditures","2023-08",3155.00322705672,0.742446701963957,107.42446701964
"Spain","factor_midas","Expenditures","2023-09",568.669344965342,0.0881633709497999,100.881633709498
"Spain","factor_midas","Expenditures","2023-10",-175.258124812072,-0.100033267670312,98.9996673232969
"Spain","factor_midas","Expenditures","2023-11",1350.41714205243,0.28592768754976,102.859276875498
"Spain","factor_midas","Expenditures","2023-12",-387.909646332661,-0.153829239957236,98.4617076004276
"Spain","factor_midas","Expenditures","2024-01",-2076.11481894865,-0.580906544795132,94.1909345520487
"Spain","factor_midas","Expenditures","2024-02",-1476.41799753506,-0.429196962119054,95.7080303788095
"Spain","factor_midas","Expenditures","2024-03",-143.299304441871,-0.0919484169122998,99.080515830877
"Spain","factor_midas","Expenditures","2024-04",-1981.99022180746,-0.557095174045853,94.4290482595415
"Spain","factor_midas","Expenditures","2024-05",910.476404923833,0.174632741088878,101.746327410889
"Spain","factor_midas","Expenditures","2024-06",-177.522127891867,-0.100606008679016,98.9939399132098
"Spain","factor_midas","Expenditures","2024-07",1257.3155722064,0.262375119312803,102.623751193128
"Spain","factor_midas","Expenditures","2024-08",-371.102148413552,-0.149577327317234,98.5042267268277
"Spain","factor_midas","Expenditures","2024-09",624.387235442462,0.102258723151184,101.022587231512
"Spain","factor_midas","Expenditures","2024-10",-380.070779836246,-0.15184618598336,98.4815381401664
"Spain","factor_midas","Expenditures","2024-11",-965.784397850067,-0.30001833795028,96.9998166204972
"Spain","factor_midas","Expenditures","2024-12",-8.79034837860831,-0.0579207268164085,99.4207927318359
"Spain","factor_midas","Expenditures","2025-01",-1379.72465347993,-0.404735757139545,95.9526424286045
"Spain","factor_midas","Expenditures","2025-02",3876.81696493573,0.925049072083848,109.250490720838
"Spain","factor_midas","Expenditures","2025-03",297.344292060387,0.0195243368979796,100.19524336898
"Spain","factor_midas","Expenditures","2025-04",572.790531094367,0.0892059368021434,100.892059368021
"Spain","factor_midas","Expenditures","2025-05",-1573.48578258536,-0.453752892108077,95.4624710789192
"Spain","factor_midas","Expenditures","2025-06",-1528.89728360726,-0.442473021462483,95.5752697853752
"Spain","factor_midas","Expenditures","2025-07",-465.0584342283,-0.173346119149665,98.2665388085034
"Spain","factor_midas","Expenditures","2025-08",-213.504202934913,-0.109708650870336,98.9029134912966
"Spain","factor_midas","Expenditures","2025-09",-144.107437551309,-0.0921528561095772,99.0784714389042
"Spain","factor_midas","Revenues","2013-01",-3783.49443159546,-1.60797847954137,83.9202152045863
"Spain","factor_midas","Revenues","2013-02",-958.809858465643,-0.457273060103833,95.4272693989617
"Spain","factor_midas","Revenues","2013-03",-781.49412953017,-0.385039093813046,96.1496090618695
"Spain","factor_midas","Revenues","2013-04",-54.7460042461216,-0.0889801942510975,99.110198057489
"Spain","factor_midas","Revenues","2013-05",75.2781146593216,-0.0360116399192761,99.6398836008072
"Spain","factor_midas","Revenues","2013-06",-33.6659270556969,-0.0803927012276531,99.1960729877235
"Spain","factor_midas","Revenues","2013-07",-175.086060232017,-0.138003705023117,98.6199629497688
"Spain","factor_midas","Revenues","2013-08",-82.716664636609,-0.100374737487094,98.9962526251291
"Spain","factor_midas","Revenues","2013-09",-593.276267392986,-0.308363872778994,96.9163612722101
"Spain","factor_midas","Revenues","2013-10",79.3702572291517,-0.0343446040041838,99.6565539599582
"Spain","factor_midas","Revenues","2013-11",31.2583506638006,-0.0539441841310646,99.4605581586894
"Spain","factor_midas","Revenues","2013-12",-94.3828033138809,-0.105127228836942,98.9487277116306
"Spain","factor_midas","Revenues","2014-01",35.5179403123417,-0.0522089344894647,99.4779106551053
"Spain","factor_midas","Revenues","2014-02",-25.9326667464221,-0.0772423655645302,99.2275763443547
"Spain","factor_midas","Revenues","2014-03",174.800316942322,0.00453120107996381,100.0453120108
"Spain","factor_midas","Revenues","2014-04",1510.3775884912,0.54861177526812,105.486117752681
"Spain","factor_midas","Revenues","2014-05",5.68825793884525,-0.0643607965040081,99.3563920349599
"Spain","factor_midas","Revenues","2014-06",-471.111657066647,-0.258597084478723,97.4140291552128
"Spain","factor_midas","Revenues","2014-07",254.843494473825,0.0371387775331624,100.371387775332
"Spain","factor_midas","Revenues","2014-08",-155.604129588499,-0.130067256689786,98.6993274331021
"Spain","factor_midas","Revenues","2014-09",75.7457482526286,-0.0358211377601153,99.6417886223988
"Spain","factor_midas","Revenues","2014-10",354.597356257256,0.0777759907837841,100.777759907838
"Spain","factor_midas","Revenues","2014-11",19.3647895722168,-0.058789321650024,99.4121067834998
"Spain","factor_midas","Revenues","2014-12",-1305.2111445164,-0.59838822777619,94.0161177222381
"Spain","factor_midas","Revenues","2015-01",-4980.37598685485,-2.09555790882107,79.0444209117893
"Spain","factor_midas","Revenues","2015-02",4443.31728714722,1.74341760889345,117.434176088934
"Spain","factor_midas","Revenues","2015-03",-2743.73286119003,-1.1844057785857,88.155942214143
"Spain","factor_midas","Revenues","2015-04",7298.44268449838,2.90652385415659,129.065238541566
"Spain","factor_midas","Revenues","2015-05",363.936504944661,0.0815805249642579,100.815805249643
"Spain","factor_midas","Revenues","2015-06",-400.331297309584,-0.22976294691272,97.7023705308728
"Spain","factor_midas","Revenues","2015-07",2467.98095878373,0.938715292789832,109.387152927898
"Spain","factor_midas","Revenues","2015-08",-1881.3588129183,-0.83309629066329,91.6690370933671
"Spain","factor_midas","Revenues","2015-09",-3027.87052184983,-1.3001563119719,86.998436880281
"Spain","factor_midas","Revenues","2015-10",-1181.98294360388,-0.548188159433532,94.5181184056647
"Spain","factor_midas","Revenues","2015-11",-2669.50536313614,-1.15416736361561,88.4583263638439
"Spain","factor_midas","Revenues","2015-12",356.857602169472,0.078696758095359,100.786967580954
"Spain","factor_midas","Revenues","2016-01",132.170067832848,-0.0128352897306864,99.8716471026931
"Spain","factor_midas","Revenues","2016-02",201.734422923872,0.015503478131887,100.155034781319
"Spain","factor_midas","Revenues","2016-03",-238.914468323649,-0.16400579240795,98.3599420759205
"Spain","factor_midas","Revenues","2016-04",-39.9466791456869,-0.0829513215907356,99.1704867840926
"Spain","factor_midas","Revenues","2016-05",69.3645058674117,-0.038420695340903,99.615793046591
"Spain","factor_midas","Revenues","2016-06",-141.092932005182,-0.124155759929937,98.7584424007006
"Spain","factor_midas","Revenues","2016-07",90.4561755474905,-0.0298284798288676,99.7017152017113
"Spain","factor_midas","Revenues","2016-08",-75.608932401766,-0.0974792262217488,99.0252077377825
"Spain","factor_midas","Revenues","2016-09",-275.112429445964,-0.178751930944008,98.2124806905599
"Spain","factor_midas","Revenues","2016-10",-146.787715944568,-0.126475671612789,98.7352432838721
"Spain","factor_midas","Revenues","2016-11",-43.0831338571445,-0.0842290343196637,99.1577096568034
"Spain","factor_midas","Revenues","2016-12",-242.799241426994,-0.165588351220296,98.344116487797
"Spain","factor_midas","Revenues","2017-01",-86.3489437043361,-0.101854436582669,98.9814556341733
"Spain","factor_midas","Revenues","2017-02",76.945160948772,-0.0353325272077289,99.6466747279227
"Spain","factor_midas","Revenues","2017-03",6.42984667240728,-0.064058691914058,99.3594130808594
"Spain","factor_midas","Revenues","2017-04",-308.519060252139,-0.192360951745654,98.0763904825435
"Spain","factor_midas","Revenues","2017-05",145.293494382504,-0.0074891359703936,99.9251086402961
"Spain","factor_midas","Revenues","2017-06",1385.10637456026,0.497579434828727,104.975794348287
"Spain","factor_midas","Revenues","2017-07",327.711867995203,0.0668235193674481,100.668235193674
"Spain","factor_midas","Revenues","2017-08",-171.00397662902,-0.136340766878005,98.6365923312199
"Spain","factor_midas","Revenues","2017-09",-464.438042867633,-0.255878421977751,97.4412157802225
"Spain","factor_midas","Revenues","2017-10",382.585492099143,0.0891776530789579,100.89177653079
"Spain","factor_midas","Revenues","2017-11",-365.780440249647,-0.215687797126693,97.8431220287331
"Spain","factor_midas","Revenues","2017-12",710.746318938605,0.222862116641154,102.228621166412
"Spain","factor_midas","Revenues","2018-01",-719.783779751279,-0.359899850089533,96.4010014991047
"Spain","factor_midas","Revenues","2018-02",992.968791754995,0.337832450690541,103.378324506905
"Spain","factor_midas","Revenues","2018-03",-594.652090833416,-0.308924348629697,96.910756513703
"Spain","factor_midas","Revenues","2018-04",-2.25433269939344,-0.0675964080759112,99.3240359192409
"Spain","factor_midas","Revenues","2018-05",1107.17865807776,0.384358676443678,103.843586764437
"Spain","factor_midas","Revenues","2018-06",-588.455389841764,-0.306399968569155,96.9360003143084
"Spain","factor_midas","Revenues","2018-07",-1622.9718159422,-0.727835929715042,92.7216407028496
"Spain","factor_midas","Revenues","2018-08",332.53075567183,0.0687866129524469,100.687866129524
"Spain","factor_midas","Revenues","2018-09",-130.963301054515,-0.120029203165789,98.7997079683421
"Spain","factor_midas","Revenues","2018-10",1997.4687188456,0.747040445424983,107.47040445425
"Spain","factor_midas","Revenues","2018-11",-1898.69607581458,-0.840159055321243,91.5984094467876
"Spain","factor_midas","Revenues","2018-12",386.708006104714,0.0908570615527548,100.908570615528
"Spain","factor_midas","Revenues","2019-01",-1834.55746235845,-0.814030598076403,91.859694019236
"Spain","factor_midas","Revenues","2019-02",-4.45811412237276,-0.0684941731753496,99.3150582682465
"Spain","factor_midas","Revenues","2019-03",393.979512748832,0.0938192903914922,100.938192903915
"Spain","factor_midas","Revenues","2019-04",-1065.36891001849,-0.500682536432059,94.9931746356794
"Spain","factor_midas","Revenues","2019-05",-124.489480445808,-0.117391931546235,98.8260806845376
"Spain","factor_midas","Revenues","2019-06",-337.710108032705,-0.204252650096575,97.9574734990343
"Spain","factor_midas","Revenues","2019-07",-145.67230474564,-0.126021281156695,98.7397871884331
"Spain","factor_midas","Revenues","2019-08",-106.988490256531,-0.110262468508877,98.8973753149112
"Spain","factor_midas","Revenues","2019-09",-35.1929602833429,-0.0810147761408766,99.1898522385912
"Spain","factor_midas","Revenues","2019-10",-106.618079635127,-0.110111572542113,98.8988842745789
"Spain","factor_midas","Revenues","2019-11",-85.5954814131085,-0.101547495004092,98.9845250499591
"Spain","factor_midas","Revenues","2019-12",88.2014774162292,-0.0307469871140769,99.6925301288592
"Spain","factor_midas","Revenues","2020-01",-193.896407637711,-0.14566656724396,98.5433343275604
"Spain","factor_midas","Revenues","2020-02",-15.3035501034897,-0.0729123308975784,99.2708766910242
"Spain","factor_midas","Revenues","2020-03",-356.326123867774,-0.211836346525381,97.8816365347462
"Spain","factor_midas","Revenues","2020-04",-1524.65931432662,-0.687785890328819,93.1221410967118
"Spain","factor_midas","Revenues","2020-05",-1400.22365870148,-0.637093935318617,93.6290606468138
"Spain","factor_midas","Revenues","2020-06",2364.37081724672,0.896507128200603,108.965071282006
"Spain","factor_midas","Revenues","2020-07",24693.0058595986,9.99263120389094,199.926312038909
"Spain","factor_midas","Revenues","2020-08",-1843.03523937468,-0.817484231112161,91.8251576888784
"Spain","factor_midas","Revenues","2020-09",8386.39232550155,3.34972716254947,133.497271625495
"Spain","factor_midas","Revenues","2020-10",146.655753521973,-0.00693418587459282,99.9306581412541
"Spain","factor_midas","Revenues","2020-11",-2016.06849869419,-0.887973627038335,91.1202637296167
"Spain","factor_midas","Revenues","2020-12",-2325.82736732989,-1.01416159586453,89.8583840413547
"Spain","factor_midas","Revenues","2021-01",652.358342827286,0.199076324351136,101.990763243511
"Spain","factor_midas","Revenues","2021-02",-131.691483311138,-0.120325846294372,98.7967415370563
"Spain","factor_midas","Revenues","2021-03",385.870409235488,0.0905158456641239,100.905158456641
"Spain","factor_midas","Revenues","2021-04",-248.635079806454,-0.167965724932776,98.3203427506722
"Spain","factor_midas","Revenues","2021-05",183.836851764072,0.00821245798604075,100.08212457986
"Spain","factor_midas","Revenues","2021-06",21.9196203916933,-0.0577485478596746,99.4225145214033
"Spain","factor_midas","Revenues","2021-07",573.934859118871,0.167128570406188,101.671285704062
"Spain","factor_midas","Revenues","2021-08",-111.961062531615,-0.112288169332224,98.8771183066778
"Spain","factor_midas","Revenues","2021-09",772.393302434106,0.247975546535258,102.479755465353
"Spain","factor_midas","Revenues","2021-10",281.305774216369,0.0479188444475639,100.479188444476
"Spain","factor_midas","Revenues","2021-11",-71.2813691859851,-0.095716285859229,99.0428371414077
"Spain","factor_midas","Revenues","2021-12",28.2505956778377,-0.0551694678302115,99.4483053216979
"Spain","factor_midas","Revenues","2022-01",-726.097408760729,-0.362471863682344,96.3752813631766
"Spain","factor_midas","Revenues","2022-02",-67.8118168356305,-0.0943028775337282,99.0569712246627
"Spain","factor_midas","Revenues","2022-03",4998.91768922165,1.9697552324959,119.697552324959
"Spain","factor_midas","Revenues","2022-04",-1487.14089283452,-0.672501829463973,93.2749817053603
"Spain","factor_midas","Revenues","2022-05",47.3871979925307,-0.0473736975687771,99.5262630243122
"Spain","factor_midas","Revenues","2022-06",2007.54231632286,0.751144175562,107.51144175562
"Spain","factor_midas","Revenues","2022-07",-1097.60607382141,-0.5138151458031,94.861848541969
"Spain","factor_midas","Revenues","2022-08",134.621827440236,-0.0118365045586296,99.8816349544137
"Spain","factor_midas","Revenues","2022-09",-399.800951352581,-0.229546897314579,97.7045310268542
"Spain","factor_midas","Revenues","2022-10",127.993043718315,-0.014536904251273,99.8546309574873
"Spain","factor_midas","Revenues","2022-11",71.0204674873321,-0.0377460982448061,99.6225390175519
"Spain","factor_midas","Revenues","2022-12",-29.7231180126139,-0.0787865000337775,99.2121349996622
"Spain","factor_midas","Revenues","2023-01",1118.75062768683,0.389072805684652,103.890728056847
"Spain","factor_midas","Revenues","2023-02",187.790998549266,0.00982327789076835,100.098232778908
"Spain","factor_midas","Revenues","2023-03",-428.804136046111,-0.241362064970914,97.5863793502909
"Spain","factor_midas","Revenues","2023-04",-227.864611385967,-0.159504358731725,98.4049564126828
"Spain","factor_midas","Revenues","2023-05",-495.268813457128,-0.268438102141777,97.3156189785822
"Spain","factor_midas","Revenues","2023-06",-235.972077438964,-0.16280713639895,98.3719286360105
"Spain","factor_midas","Revenues","2023-07",870.715676672746,0.288029607779698,102.880296077797
"Spain","factor_midas","Revenues","2023-08",600.554282858026,0.177972653830699,101.779726538307
"Spain","factor_midas","Revenues","2023-09",-12.1001048330643,-0.0716073279005657,99.2839267209943
"Spain","factor_midas","Revenues","2023-10",168.398472372013,0.0019232506873683,100.019232506874
"Spain","factor_midas","Revenues","2023-11",436.056501301693,0.110960396772705,101.109603967727
"Spain","factor_midas","Revenues","2023-12",168.688632081158,0.00204145445177884,100.020414544518
"Spain","factor_midas","Revenues","2024-01",302.868901236106,0.0567031198168092,100.567031198168
"Spain","factor_midas","Revenues","2024-02",181.980889146321,0.00745638551591969,100.074563855159
"Spain","factor_midas","Revenues","2024-03",-501.82903154334,-0.271110569919704,97.288894300803
"Spain","factor_midas","Revenues","2024-04",901.610431712295,0.300615353598678,103.006153535987
"Spain","factor_midas","Revenues","2024-05",587.257960042537,0.172556066482179,101.725560664822
"Spain","factor_midas","Revenues","2024-06",119.086997665003,-0.0181650033164903,99.8183499668351
"Spain","factor_midas","Revenues","2024-07",-532.585737747911,-0.283640078116944,97.1635992188306
"Spain","factor_midas","Revenues","2024-08",-356.545778780736,-0.211925828409892,97.8807417159011
"Spain","factor_midas","Revenues","2024-09",-207.743755959558,-0.151307628518683,98.4869237148132
"Spain","factor_midas","Revenues","2024-10",-199.082947600865,-0.1477794331195,98.522205668805
"Spain","factor_midas","Revenues","2024-11",14.2790217699878,-0.060861135482866,99.3913886451713
"Spain","factor_midas","Revenues","2024-12",677.026757504334,0.209125615775686,102.091256157757
"Spain","factor_midas","Revenues","2025-01",-25.2293315944071,-0.0769558445211531,99.2304415547885
"Spain","factor_midas","Revenues","2025-02",386.897589698899,0.0909342931386598,100.909342931387
"Spain","factor_midas","Revenues","2025-03",-168.672643194899,-0.135391040298734,98.6460895970127
"Spain","factor_midas","Revenues","2025-04",195.433025614241,0.0129364474258048,100.129364474258
"Spain","factor_midas","Revenues","2025-05",248.844450633312,0.0346949180224798,100.346949180225
"Spain","factor_midas","Revenues","2025-06",45.1812970866313,-0.048272326092226,99.5172767390777
"Spain","factor_midas","Revenues","2025-07",166.311618061317,0.00107311875131546,100.010731187513
"Spain","factor_midas","Revenues","2025-08",182.31932627179,0.00759425628496781,100.07594256285
"Spain","factor_midas","Revenues","2025-09",73.1951521930973,-0.0368601864158194,99.6313981358418
"Spain","sg_lasso","Expenditures","2013-01",6444.36150758042,3.84777610480624,138.477761048062
"Spain","sg_lasso","Expenditures","2013-02",-2707.03431971609,-1.3006102683148,86.993897316852
"Spain","sg_lasso","Expenditures","2013-03",969.86293441155,0.767936221834036,107.67936221834
"Spain","sg_lasso","Expenditures","2013-04",-8793.37016896273,-4.72465717218,52.7534282782
"Spain","sg_lasso","Expenditures","2013-05",-7060.55301922992,-3.74981001562002,62.5018998437998
"Spain","sg_lasso","Expenditures","2013-06",-5326.30997011558,-2.77416067750393,72.2583932249607
"Spain","sg_lasso","Expenditures","2013-07",3191.00787461416,2.01750651238545,120.175065123854
"Spain","sg_lasso","Expenditures","2013-08",3326.21248237167,2.09356983357692,120.935698335769
"Spain","sg_lasso","Expenditures","2013-09",112.487399340625,0.285594445266984,102.85594445267
"Spain","sg_lasso","Expenditures","2013-10",-2505.69648132841,-1.18734175681004,88.1265824318996
"Spain","sg_lasso","Expenditures","2013-11",-3942.97990738412,-1.99592774135967,80.0407225864033
"Spain","sg_lasso","Expenditures","2013-12",-173.284919213719,0.124824838266493,101.248248382665
"Spain","sg_lasso","Expenditures","2014-01",72.7586784139389,0.263243887024231,102.632438870242
"Spain","sg_lasso","Expenditures","2014-02",651.546465291893,0.588857947559479,105.888579475595
"Spain","sg_lasso","Expenditures","2014-03",130.519718520945,0.295739055782772,102.957390557828
"Spain","sg_lasso","Expenditures","2014-04",-534.949611863876,-0.0786402516955416,99.2135974830446
"Spain","sg_lasso","Expenditures","2014-05",-816.57735296704,-0.237078204981704,97.629217950183
"Spain","sg_lasso","Expenditures","2014-06",-672.950146478341,-0.156276503618263,98.4372349638174
"Spain","sg_lasso","Expenditures","2014-07",112.152208565473,0.285405873856485,102.854058738565
"Spain","sg_lasso","Expenditures","2014-08",164.818113487205,0.315034624742593,103.150346247426
"Spain","sg_lasso","Expenditures","2014-09",-280.131439225467,0.0647151918229306,100.647151918229
"Spain","sg_lasso","Expenditures","2014-10",0,0.222311356562014,102.22311356562
"Spain","sg_lasso","Expenditures","2014-11",0,0.222311356562014,102.22311356562
"Spain","sg_lasso","Expenditures","2014-12",0,0.222311356562014,102.22311356562
"Spain","sg_lasso","Expenditures","2015-01",0,0.222311356562014,102.22311356562
"Spain","sg_lasso","Expenditures","2015-02",0,0.222311356562014,102.22311356562
"Spain","sg_lasso","Expenditures","2015-03",0,0.222311356562014,102.22311356562
"Spain","sg_lasso","Expenditures","2015-04",0,0.222311356562014,102.22311356562
"Spain","sg_lasso","Expenditures","2015-05",0,0.222311356562014,102.22311356562
"Spain","sg_lasso","Expenditures","2015-06",0,0.222311356562014,102.22311356562
"Spain","sg_lasso","Expenditures","2015-07",0,0.222311356562014,102.22311356562
"Spain","sg_lasso","Expenditures","2015-08",0,0.222311356562014,102.22311356562
"Spain","sg_lasso","Expenditures","2015-09",0,0.222311356562014,102.22311356562
"Spain","sg_lasso","Expenditures","2015-10",0,0.222311356562014,102.22311356562
"Spain","sg_lasso","Expenditures","2015-11",0,0.222311356562014,102.22311356562
"Spain","sg_lasso","Expenditures","2015-12",0,0.222311356562014,102.22311356562
"Spain","sg_lasso","Expenditures","2016-01",0,0.222311356562014,102.22311356562
"Spain","sg_lasso","Expenditures","2016-02",0,0.222311356562014,102.22311356562
"Spain","sg_lasso","Expenditures","2016-03",0,0.222311356562014,102.22311356562
"Spain","sg_lasso","Expenditures","2016-04",0,0.222311356562014,102.22311356562
"Spain","sg_lasso","Expenditures","2016-05",0,0.222311356562014,102.22311356562
"Spain","sg_lasso","Expenditures","2016-06",0,0.222311356562014,102.22311356562
"Spain","sg_lasso","Expenditures","2016-07",58.8717301951838,0.255431376635332,102.554313766353
"Spain","sg_lasso","Expenditures","2016-08",24.0735763022263,0.23585465362026,102.358546536203
"Spain","sg_lasso","Expenditures","2016-09",165.693706241615,0.315527215150688,103.155272151507
"Spain","sg_lasso","Expenditures","2016-10",-1363.16448920818,-0.544576844211526,94.5542315578847
"Spain","sg_lasso","Expenditures","2016-11",-2527.91158813315,-1.19983951729482,88.0016048270518
"Spain","sg_lasso","Expenditures","2016-12",1373.1034572735,0.994791015591324,109.947910155913
"Spain","sg_lasso","Expenditures","2017-01",-20.0689167585683,0.211020998291757,102.110209982918
"Spain","sg_lasso","Expenditures","2017-02",-9.46349215112173,0.216987391239954,102.1698739124
"Spain","sg_lasso","Expenditures","2017-03",-442.920264877283,-0.0268664409136109,99.7313355908639
"Spain","sg_lasso","Expenditures","2017-04",0,0.222311356562014,102.22311356562
"Spain","sg_lasso","Expenditures","2017-05",0,0.222311356562014,102.22311356562
"Spain","sg_lasso","Expenditures","2017-06",0,0.222311356562014,102.22311356562
"Spain","sg_lasso","Expenditures","2017-07",0,0.222311356562014,102.22311356562
"Spain","sg_lasso","Expenditures","2017-08",0,0.222311356562014,102.22311356562
"Spain","sg_lasso","Expenditures","2017-09",0,0.222311356562014,102.22311356562
"Spain","sg_lasso","Expenditures","2017-10",0,0.222311356562014,102.22311356562
"Spain","sg_lasso","Expenditures","2017-11",0,0.222311356562014,102.22311356562
"Spain","sg_lasso","Expenditures","2017-12",0,0.222311356562014,102.22311356562
"Spain","sg_lasso","Expenditures","2018-01",45.9914083744407,0.248185173477391,102.481851734774
"Spain","sg_lasso","Expenditures","2018-02",69.8521416685331,0.261608729453143,102.616087294531
"Spain","sg_lasso","Expenditures","2018-03",-307.869124275683,0.0491105428240859,100.491105428241
"Spain","sg_lasso","Expenditures","2018-04",-302.632040569266,0.0520568180041615,100.520568180042
"Spain","sg_lasso","Expenditures","2018-05",86.7961234414641,0.271141063810922,102.711410638109
"Spain","sg_lasso","Expenditures","2018-06",-349.782192677404,0.0255311157850463,100.25531115785
"Spain","sg_lasso","Expenditures","2018-07",96.6621755192108,0.276691501037346,102.766915010373
"Spain","sg_lasso","Expenditures","2018-08",55.8606492898459,0.253737404678053,102.537374046781
"Spain","sg_lasso","Expenditures","2018-09",-330.264296777772,0.0365114810952138,100.365114810952
"Spain","sg_lasso","Expenditures","2018-10",-184.330168115093,0.118611009250165,101.186110092502
"Spain","sg_lasso","Expenditures","2018-11",-315.149194095966,0.0450149258312858,100.450149258313
"Spain","sg_lasso","Expenditures","2018-12",-218.753814706505,0.0992449763116991,100.992449763117
"Spain","sg_lasso","Expenditures","2019-01",499.938659141028,0.503566525575771,105.035665255758
"Spain","sg_lasso","Expenditures","2019-02",-103.634152032991,0.164008922027912,101.640089220279
"Spain","sg_lasso","Expenditures","2019-03",-744.970930260246,-0.196793909793425,98.0320609020658
"Spain","sg_lasso","Expenditures","2019-04",-542.406078838632,-0.0828351060859461,99.1716489391405
"Spain","sg_lasso","Expenditures","2019-05",152.9493780966,0.308357519227289,103.083575192273
"Spain","sg_lasso","Expenditures","2019-06",-540.332059345305,-0.0816683055345824,99.1833169446542
"Spain","sg_lasso","Expenditures","2019-07",769.204516540473,0.655049938286113,106.550499382861
"Spain","sg_lasso","Expenditures","2019-08",501.691011089741,0.504552362606965,105.04552362607
"Spain","sg_lasso","Expenditures","2019-09",-194.038033185707,0.113149564768377,101.131495647684
"Spain","sg_lasso","Expenditures","2019-10",425.67781831095,0.46178890954853,104.617889095485
"Spain","sg_lasso","Expenditures","2019-11",-921.039152447565,-0.295846256884025,97.0415374311598
"Spain","sg_lasso","Expenditures","2019-12",-218.100640982486,0.099612438364864,100.996124383649
"Spain","sg_lasso","Expenditures","2020-01",-88.0577172145072,0.172771902700444,101.727719027004
"Spain","sg_lasso","Expenditures","2020-02",-128.201971135033,0.150187574173525,101.501875741735
"Spain","sg_lasso","Expenditures","2020-03",-960.802741798383,-0.318216431382379,96.8178356861762
"Spain","sg_lasso","Expenditures","2020-04",30.1061643097735,0.239248463097943,102.392484630979
"Spain","sg_lasso","Expenditures","2020-05",-205.353240169095,0.10678386290806,101.067838629081
"Spain","sg_lasso","Expenditures","2020-06",-466.977370702663,-0.0404004720215958,99.595995279784
"Spain","sg_lasso","Expenditures","2020-07",1599.08848436156,1.12192552664801,111.21925526648
"Spain","sg_lasso","Expenditures","2020-08",1599.08848436156,1.12192552664801,111.21925526648
"Spain","sg_lasso","Expenditures","2020-09",13.2327154731047,0.22975580911404,102.29755809114
"Spain","sg_lasso","Expenditures","2020-10",-6108.01605734356,-3.21393238481726,67.8606761518274
"Spain","sg_lasso","Expenditures","2020-11",-5137.47705964535,-2.66792718029666,73.3207281970334
"Spain","sg_lasso","Expenditures","2020-12",2156.49048297567,1.43550838418933,114.355083841893
"Spain","sg_lasso","Expenditures","2021-01",0,0.222311356562014,102.22311356562
"Spain","sg_lasso","Expenditures","2021-02",0,0.222311356562014,102.22311356562
"Spain","sg_lasso","Expenditures","2021-03",-886.963321731076,-0.27667589797656,97.2332410202344
"Spain","sg_lasso","Expenditures","2021-04",888.698045330514,0.722274530786395,107.222745307864
"Spain","sg_lasso","Expenditures","2021-05",-5154.51893965732,-2.67751459018273,73.2248540981727
"Spain","sg_lasso","Expenditures","2021-06",919.446734469753,0.739573108527247,107.395731085272
"Spain","sg_lasso","Expenditures","2021-07",-2414.29946615411,-1.13592368285199,88.6407631714801
"Spain","sg_lasso","Expenditures","2021-08",-1320.33558612631,-0.520482187487713,94.7951781251229
"Spain","sg_lasso","Expenditures","2021-09",-3437.95505156618,-1.71181118309376,82.8818881690624
"Spain","sg_lasso","Expenditures","2021-10",-69.4228984208285,0.183255467060844,101.832554670608
"Spain","sg_lasso","Expenditures","2021-11",302.497182499023,0.392490026753527,103.924900267535
"Spain","sg_lasso","Expenditures","2021-12",126.300959889091,0.293365669267576,102.933656692676
"Spain","sg_lasso","Expenditures","2022-01",787.824471002134,0.665525140280175,106.655251402802
"Spain","sg_lasso","Expenditures","2022-02",-1294.62641093245,-0.506018736257962,94.9398126374204
"Spain","sg_lasso","Expenditures","2022-03",1533.60442981658,1.08508554939881,110.850855493988
"Spain","sg_lasso","Expenditures","2022-04",-46.4690480986717,0.196168829398069,101.961688293981
"Spain","sg_lasso","Expenditures","2022-05",414.119474473027,0.455286423913114,104.552864239131
"Spain","sg_lasso","Expenditures","2022-06",240.2940682836,0.357495838802749,103.574958388027
"Spain","sg_lasso","Expenditures","2022-07",0,0.222311356562014,102.22311356562
"Spain","sg_lasso","Expenditures","2022-08",0,0.222311356562014,102.22311356562
"Spain","sg_lasso","Expenditures","2022-09",4412.22029608441,2.70453541027554,127.045354102755
"Spain","sg_lasso","Expenditures","2022-10",-886.909490563172,-0.276645613672775,97.2335438632722
"Spain","sg_lasso","Expenditures","2022-11",-1805.46565132002,-0.793406347251928,92.0659365274807
"Spain","sg_lasso","Expenditures","2022-12",129.67844710073,0.295265773848773,102.952657738488
"Spain","sg_lasso","Expenditures","2023-01",-3122.99094920478,-1.53461888115191,84.6538111884809
"Spain","sg_lasso","Expenditures","2023-02",-568.626062346335,-0.0975859275280551,99.0241407247194
"Spain","sg_lasso","Expenditures","2023-03",-2333.35770180418,-1.09038751717193,89.0961248282807
"Spain","sg_lasso","Expenditures","2023-04",-88.9680378894734,0.17225977508116,101.722597750812
"Spain","sg_lasso","Expenditures","2023-05",699.085644325351,0.615602508295797,106.156025082958
"Spain","sg_lasso","Expenditures","2023-06",235.276232231356,0.354672907826813,103.546729078268
"Spain","sg_lasso","Expenditures","2023-07",1348.63198917868,0.981023872824554,109.810238728246
"Spain","sg_lasso","Expenditures","2023-08",-4132.26762947885,-2.10241710619785,78.9758289380215
"Spain","sg_lasso","Expenditures","2023-09",-384.047102230918,0.00625438502717137,100.062543850272
"Spain","sg_lasso","Expenditures","2023-10",-3027.20471794381,-1.48073152483347,85.1926847516653
"Spain","sg_lasso","Expenditures","2023-11",-522.018376604557,-0.0713654056881032,99.286345943119
"Spain","sg_lasso","Expenditures","2023-12",-2577.84695623774,-1.22793212453618,87.7206787546382
"Spain","sg_lasso","Expenditures","2024-01",-1180.04484288659,-0.441557511470965,95.5844248852904
"Spain","sg_lasso","Expenditures","2024-02",2255.94215747012,1.49145784320235,114.914578432024
"Spain","sg_lasso","Expenditures","2024-03",552.457972106044,0.533112806853241,105.331128068532
"Spain","sg_lasso","Expenditures","2024-04",1103.73926936187,0.843252284164744,108.432522841647
"Spain","sg_lasso","Expenditures","2024-05",-397.443684770826,-0.00128225575380436,99.987177442462
"Spain","sg_lasso","Expenditures","2024-06",1526.2182597355,1.08093024258959,110.809302425896
"Spain","sg_lasso","Expenditures","2024-07",-259.896145977801,0.0760991500713161,100.760991500713
"Spain","sg_lasso","Expenditures","2024-08",-1827.22477172863,-0.805647579203524,91.9435242079648
"Spain","sg_lasso","Expenditures","2024-09",720.590424396488,0.627700653624072,106.277006536241
"Spain","sg_lasso","Expenditures","2024-10",1184.17832246955,0.888505634877766,108.885056348778
"Spain","sg_lasso","Expenditures","2024-11",-706.429094941118,-0.17511106889169,98.2488893110831
"Spain","sg_lasso","Expenditures","2024-12",-1299.85662742104,-0.508961148083058,94.9103885191694
"Spain","sg_lasso","Expenditures","2025-01",-2491.25928581113,-1.17921968865017,88.2078031134983
"Spain","sg_lasso","Expenditures","2025-02",-576.923107743498,-0.102253673986198,98.977463260138
"Spain","sg_lasso","Expenditures","2025-03",-797.843430289004,-0.226538886821843,97.7346111317816
"Spain","sg_lasso","Expenditures","2025-04",0,0.222311356562014,102.22311356562
"Spain","sg_lasso","Expenditures","2025-05",0,0.222311356562014,102.22311356562
"Spain","sg_lasso","Expenditures","2025-06",-264.674121778543,0.0734111595212551,100.734111595213
"Spain","sg_lasso","Expenditures","2025-07",-2894.49230161672,-1.40607025909252,85.9392974090748
"Spain","sg_lasso","Expenditures","2025-08",-1233.45596577666,-0.471605506601955,95.2839449339805
"Spain","sg_lasso","Expenditures","2025-09",-1191.67294495065,-0.448099241644335,95.5190075835567
"Spain","sg_lasso","Revenues","2013-01",1137.77595789792,1.20009654906195,112.00096549062
"Spain","sg_lasso","Revenues","2013-02",-529.810043217631,-0.568480125873175,94.3151987412682
"Spain","sg_lasso","Revenues","2013-03",-368.840622055706,-0.397762235788739,96.0223776421126
"Spain","sg_lasso","Revenues","2013-04",0,-0.00658425726175113,99.9341574273825
"Spain","sg_lasso","Revenues","2013-05",0,-0.00658425726175113,99.9341574273825
"Spain","sg_lasso","Revenues","2013-06",111.815074038149,0.112002449341521,101.120024493415
"Spain","sg_lasso","Revenues","2013-07",0,-0.00658425726175113,99.9341574273825
"Spain","sg_lasso","Revenues","2013-08",0,-0.00658425726175113,99.9341574273825
"Spain","sg_lasso","Revenues","2013-09",114.087955135838,0.11441297838865,101.144129783886
"Spain","sg_lasso","Revenues","2013-10",-40.4030698802852,-0.049434177408745,99.5056582259126
"Spain","sg_lasso","Revenues","2013-11",6.07209926242575,-0.000144425603154207,99.9985557439685
"Spain","sg_lasso","Revenues","2013-12",301.587153949728,0.31326731595771,103.132673159577
"Spain","sg_lasso","Revenues","2014-01",0,-0.00658425726175113,99.9341574273825
"Spain","sg_lasso","Revenues","2014-02",0,-0.00658425726175113,99.9341574273825
"Spain","sg_lasso","Revenues","2014-03",0,-0.00658425726175113,99.9341574273825
"Spain","sg_lasso","Revenues","2014-04",-460.299635289659,-0.494760098213793,95.0523990178621
"Spain","sg_lasso","Revenues","2014-05",-151.192304790949,-0.166932919042359,98.3306708095764
"Spain","sg_lasso","Revenues","2014-06",227.798482372968,0.23500992872982,102.350099287298
"Spain","sg_lasso","Revenues","2014-07",230.906567533071,0.238306242631588,102.383062426316
"Spain","sg_lasso","Revenues","2014-08",-253.34408037412,-0.275271108184477,97.2472889181552
"Spain","sg_lasso","Revenues","2014-09",-154.986244194599,-0.170956623205697,98.290433767943
"Spain","sg_lasso","Revenues","2014-10",-102.17351630911,-0.114945503769885,98.8505449623012
"Spain","sg_lasso","Revenues","2014-11",93.103587495826,0.0921577764850828,100.921577764851
"Spain","sg_lasso","Revenues","2014-12",33.452842338636,0.0288945226217544,100.288945226218
"Spain","sg_lasso","Revenues","2015-01",10.372867224624,0.0044168011624602,100.044168011625
"Spain","sg_lasso","Revenues","2015-02",65.5153256046151,0.0628987418984664,100.628987418985
"Spain","sg_lasso","Revenues","2015-03",29.0850268619174,0.0242621878771729,100.242621878772
"Spain","sg_lasso","Revenues","2015-04",5.21052953981314,-0.00105817284870776,99.9894182715129
"Spain","sg_lasso","Revenues","2015-05",0.379349926146801,-0.00618193352518055,99.9381806647482
"Spain","sg_lasso","Revenues","2015-06",5.38506774116468,-0.000873064439552871,99.9912693556045
"Spain","sg_lasso","Revenues","2015-07",-24.5902573696403,-0.0326637251785509,99.6733627482145
"Spain","sg_lasso","Revenues","2015-08",-146.646379031373,-0.162111687478293,98.3788831252171
"Spain","sg_lasso","Revenues","2015-09",-59.7121105774455,-0.0699125928964777,99.3008740710352
"Spain","sg_lasso","Revenues","2015-10",-226.436735272207,-0.24673422738802,97.5326577261198
"Spain","sg_lasso","Revenues","2015-11",-235.205813767997,-0.256034370036109,97.4396562996389
"Spain","sg_lasso","Revenues","2015-12",-980.349660716152,-1.0463048726083,89.536951273917
"Spain","sg_lasso","Revenues","2016-01",-77.3977500313781,-0.0886692923402327,99.1133070765977
"Spain","sg_lasso","Revenues","2016-02",90.0751039647242,0.0889458849664752,100.889458849665
"Spain","sg_lasso","Revenues","2016-03",-136.177165901866,-0.151008448344968,98.4899155165503
"Spain","sg_lasso","Revenues","2016-04",131.437061235387,0.132812763681949,101.328127636819
"Spain","sg_lasso","Revenues","2016-05",162.100574756279,0.165333290208514,101.653332902085
"Spain","sg_lasso","Revenues","2016-06",-85.2855257394906,-0.0970347596235725,99.0296524037643
"Spain","sg_lasso","Revenues","2016-07",-239.449001158577,-0.260534529093177,97.3946547090682
"Spain","sg_lasso","Revenues","2016-08",-179.867003782725,-0.197344186445489,98.0265581355451
"Spain","sg_lasso","Revenues","2016-09",254.407589543981,0.2632305100084,102.632305100084
"Spain","sg_lasso","Revenues","2016-10",178.341304254882,0.182557574506862,101.825575745069
"Spain","sg_lasso","Revenues","2016-11",-57.4652063422795,-0.0675296138966126,99.3247038610339
"Spain","sg_lasso","Revenues","2016-12",-268.44815794746,-0.291289903781676,97.0871009621832
"Spain","sg_lasso","Revenues","2017-01",-165.736373416121,-0.182357790990149,98.1764220900985
"Spain","sg_lasso","Revenues","2017-02",57.8476689539422,0.0547667243025405,100.547667243025
"Spain","sg_lasso","Revenues","2017-03",-627.828816378574,-0.672435013838314,93.2756498616169
"Spain","sg_lasso","Revenues","2017-04",106.888905646117,0.10677794727139,101.067779472714
"Spain","sg_lasso","Revenues","2017-05",-182.399406348946,-0.200029953840495,97.999700461595
"Spain","sg_lasso","Revenues","2017-06",-383.559619611616,-0.413372630538032,95.8662736946197
"Spain","sg_lasso","Revenues","2017-07",-124.834997641151,-0.138979387045779,98.6102061295422
"Spain","sg_lasso","Revenues","2017-08",438.613024665631,0.458591610266192,104.585916102662
"Spain","sg_lasso","Revenues","2017-09",-574.25104975043,-0.615612524149467,93.8438747585053
"Spain","sg_lasso","Revenues","2017-10",-127.99714657441,-0.142333038876804,98.576669611232
"Spain","sg_lasso","Revenues","2017-11",-744.739223261844,-0.796425631733048,92.0357436826695
"Spain","sg_lasso","Revenues","2017-12",-21.8079368146951,-0.0297129045118046,99.702870954882
"Spain","sg_lasso","Revenues","2018-01",-149.894868736924,-0.165556908965018,98.3444309103498
"Spain","sg_lasso","Revenues","2018-02",382.597788084849,0.399184035009821,103.991840350098
"Spain","sg_lasso","Revenues","2018-03",-225.052617475286,-0.245266286034856,97.5473371396514
"Spain","sg_lasso","Revenues","2018-04",382.076095372582,0.39863074806583,103.986307480658
"Spain","sg_lasso","Revenues","2018-05",379.887554186863,0.396309666639979,103.9630966664
"Spain","sg_lasso","Revenues","2018-06",-552.570370266486,-0.592618841061221,94.0738115893878
"Spain","sg_lasso","Revenues","2018-07",-570.621780533413,-0.611763462763739,93.8823653723626
"Spain","sg_lasso","Revenues","2018-08",-384.05625201664,-0.413899339497543,95.8610066050246
"Spain","sg_lasso","Revenues","2018-09",445.122978211493,0.46549581310096,104.65495813101
"Spain","sg_lasso","Revenues","2018-10",-4.90016793287509,-0.0117811842589498,99.8821881574105
"Spain","sg_lasso","Revenues","2018-11",-13.8777825410904,-0.0213024921747184,99.7869750782528
"Spain","sg_lasso","Revenues","2018-12",-12.3135985041497,-0.0196435795901869,99.8035642040981
"Spain","sg_lasso","Revenues","2019-01",-74.1516477281543,-0.0852266028393048,99.147733971607
"Spain","sg_lasso","Revenues","2019-02",-74.1516477281544,-0.0852266028393049,99.147733971607
"Spain","sg_lasso","Revenues","2019-03",0,-0.00658425726175113,99.9341574273825
"Spain","sg_lasso","Revenues","2019-04",62.5000910577228,0.0597009017357851,100.597009017358
"Spain","sg_lasso","Revenues","2019-05",62.5000910577223,0.0597009017357846,100.597009017358
"Spain","sg_lasso","Revenues","2019-06",88.0697530107715,0.086819087955798,100.868190879558
"Spain","sg_lasso","Revenues","2019-07",-470.249915885724,-0.505312977741138,94.9468702225886
"Spain","sg_lasso","Revenues","2019-08",-408.926439100732,-0.440275689951897,95.597243100481
"Spain","sg_lasso","Revenues","2019-09",436.781669194295,0.456649346078347,104.566493460783
"Spain","sg_lasso","Revenues","2019-10",623.255299269683,0.654416005441758,106.544160054418
"Spain","sg_lasso","Revenues","2019-11",656.565496037507,0.689743500996208,106.897435009962
"Spain","sg_lasso","Revenues","2019-12",-300.370350393265,-0.325145336086021,96.7485466391398
"Spain","sg_lasso","Revenues","2020-01",-28.4093792097663,-0.0367141368518701,99.6328586314813
"Spain","sg_lasso","Revenues","2020-02",-28.4093792097665,-0.0367141368518703,99.6328586314813
"Spain","sg_lasso","Revenues","2020-03",-38.5014343211657,-0.0474173769008036,99.525826230992
"Spain","sg_lasso","Revenues","2020-04",-702.886235602231,-0.752037985337826,92.4796201466217
"Spain","sg_lasso","Revenues","2020-05",-986.041430307053,-1.05234134145059,89.4765865854941
"Spain","sg_lasso","Revenues","2020-06",-350.486574027219,-0.378296648279545,96.2170335172046
"Spain","sg_lasso","Revenues","2020-07",-2859.3534824769,-3.03910304257191,69.6089695742809
"Spain","sg_lasso","Revenues","2020-08",637.240920252529,0.669248609600222,106.692486096002
"Spain","sg_lasso","Revenues","2020-09",8057.88225533837,8.53929139570711,185.392913957071
"Spain","sg_lasso","Revenues","2020-10",1743.60445681512,1.84261462697767,118.426146269777
"Spain","sg_lasso","Revenues","2020-11",1800.74291111308,1.90321344313804,119.03213443138
"Spain","sg_lasso","Revenues","2020-12",-867.511763876478,-0.926633400033042,90.7336659996696
"Spain","sg_lasso","Revenues","2021-01",-22.518061480183,-0.0304660350363099,99.6953396496369
"Spain","sg_lasso","Revenues","2021-02",-21.027733406024,-0.0288854512054339,99.7111454879457
"Spain","sg_lasso","Revenues","2021-03",-5.2316834274917,-0.0121327766630395,99.8786722333696
"Spain","sg_lasso","Revenues","2021-04",-12.4803083423263,-0.019820385542674,99.8017961445733
"Spain","sg_lasso","Revenues","2021-05",44.8176641926806,0.0409476094385125,100.409476094385
"Spain","sg_lasso","Revenues","2021-06",-11.1063437387834,-0.0183632122704188,99.8163678772958
"Spain","sg_lasso","Revenues","2021-07",1.23649095957501,-0.00527288317465181,99.9472711682535
"Spain","sg_lasso","Revenues","2021-08",-72.4411446075526,-0.0834125099412616,99.1658749005874
"Spain","sg_lasso","Revenues","2021-09",33.8614466708819,0.0293278724404769,100.293278724405
"Spain","sg_lasso","Revenues","2021-10",51.9166005651022,0.0484764644880959,100.484764644881
"Spain","sg_lasso","Revenues","2021-11",830.949936133477,0.874688836960313,108.746888369603
"Spain","sg_lasso","Revenues","2021-12",41.930879170916,0.0378859978324967,100.378859978325
"Spain","sg_lasso","Revenues","2022-01",1093.95867086974,1.15362564336645,111.536256433664
"Spain","sg_lasso","Revenues","2022-02",-379.4723109877,-0.40903779042143,95.9096220957857
"Spain","sg_lasso","Revenues","2022-03",285.336326658798,0.296032322334645,102.960323223346
"Spain","sg_lasso","Revenues","2022-04",-357.351863562546,-0.385577706606212,96.1442229339379
"Spain","sg_lasso","Revenues","2022-05",-174.067719557996,-0.19119369177576,98.0880630822424
"Spain","sg_lasso","Revenues","2022-06",813.258559680479,0.855926053079099,108.559260530791
"Spain","sg_lasso","Revenues","2022-07",23.9416597788095,0.0188073333462951,100.188073333463
"Spain","sg_lasso","Revenues","2022-08",1451.63354188688,1.53296166181958,115.329616618196
"Spain","sg_lasso","Revenues","2022-09",-5620.9383434461,-5.96793224100416,40.3206775899584
"Spain","sg_lasso","Revenues","2022-10",881.589104120046,0.928394763538766,109.283947635388
"Spain","sg_lasso","Revenues","2022-11",-1730.37209496232,-1.84174941459802,81.5825058540198
"Spain","sg_lasso","Revenues","2022-12",584.288456308012,0.613089291550078,106.130892915501
"Spain","sg_lasso","Revenues","2023-01",-391.346515585553,-0.421631108709736,95.7836889129026
"Spain","sg_lasso","Revenues","2023-02",331.735042796078,0.345240991064434,103.452409910644
"Spain","sg_lasso","Revenues","2023-03",-38.6141958167664,-0.0475369673452045,99.5246303265479
"Spain","sg_lasso","Revenues","2023-04",-238.16107172139,-0.259168601362884,97.4083139863712
"Spain","sg_lasso","Revenues","2023-05",-34.4858682850768,-0.0431586241748046,99.5684137582519
"Spain","sg_lasso","Revenues","2023-06",138.743837427136,0.140562045537909,101.405620455379
"Spain","sg_lasso","Revenues","2023-07",290.237522162829,0.301230339133735,103.012303391337
"Spain","sg_lasso","Revenues","2023-08",-139.511466614209,-0.154544677638765,98.4545532236124
"Spain","sg_lasso","Revenues","2023-09",80.100420334688,0.0783671245330474,100.78367124533
"Spain","sg_lasso","Revenues","2023-10",303.252289054694,0.315033293307777,103.150332933078
"Spain","sg_lasso","Revenues","2023-11",13.0425318696412,0.007248143364852,100.072481433649
"Spain","sg_lasso","Revenues","2023-12",101.21803869912,0.100763646957997,101.00763646958
"Spain","sg_lasso","Revenues","2024-01",-146.440023911887,-0.161892835286663,98.3810716471334
"Spain","sg_lasso","Revenues","2024-02",-91.7642510723715,-0.103905843033591,98.9609415696641
"Spain","sg_lasso","Revenues","2024-03",-389.435090643329,-0.419603925963871,95.8039607403613
"Spain","sg_lasso","Revenues","2024-04",-298.835795868485,-0.3235178474065,96.764821525935
"Spain","sg_lasso","Revenues","2024-05",501.11911502545,0.524883131889552,105.248831318896
"Spain","sg_lasso","Revenues","2024-06",582.800022009227,0.611510716183505,106.115107161835
"Spain","sg_lasso","Revenues","2024-07",-307.238468929063,-0.332429394740253,96.6757060525975
"Spain","sg_lasso","Revenues","2024-08",-39.6390204351479,-0.0486238563660745,99.5137614363393
"Spain","sg_lasso","Revenues","2024-09",-839.147832047016,-0.896551720161972,91.0344827983803
"Spain","sg_lasso","Revenues","2024-10",449.368938081718,0.469998912541809,104.699989125418
"Spain","sg_lasso","Revenues","2024-11",276.73925709943,0.286914605655972,102.86914605656
"Spain","sg_lasso","Revenues","2024-12",159.445250368062,0.162517156723198,101.625171567232
"Spain","sg_lasso","Revenues","2025-01",491.478207618514,0.514658361500672,105.146583615007
"Spain","sg_lasso","Revenues","2025-02",39.0460638708958,0.0348264752365414,100.348264752365
"Spain","sg_lasso","Revenues","2025-03",-7.74387979770677,-0.0147971141546272,99.8520288584537
"Spain","sg_lasso","Revenues","2025-04",-424.827763517224,-0.457140014457363,95.4285998554264
"Spain","sg_lasso","Revenues","2025-05",-659.604614722023,-0.706135186267245,92.9386481373275
"Spain","sg_lasso","Revenues","2025-06",-192.692719700739,-0.210946640529878,97.8905335947012
"Spain","sg_lasso","Revenues","2025-07",137.658871168316,0.139411372638786,101.394113726388
"Spain","sg_lasso","Revenues","2025-08",435.171072691437,0.454941210242605,104.549412102426
"Spain","sg_lasso","Revenues","2025-09",409.372358634012,0.427580100293997,104.27580100294
"France","factor_midas","Total","2013-01",-1286.44488703546,-0.311723955328374,96.8827604467163
"France","factor_midas","Total","2013-06",253.360096468331,-0.0443934888073339,99.5560651119267
"France","factor_midas","Total","2013-07",46.2229587522161,-0.0803552295814671,99.1964477041853
"France","factor_midas","Total","2013-08",816.51879810523,0.053378294013763,100.533782940138
"France","factor_midas","Total","2013-09",0,-0.0883801452426017,99.116198547574
"France","factor_midas","Total","2013-10",-1170.63468401433,-0.291617775693153,97.0838222430685
"France","factor_midas","Total","2013-11",2728.36105481544,0.385299341079084,103.852993410791
"France","factor_midas","Total","2013-12",-24.8549268085144,-0.0926952885563655,99.0730471144363
"France","factor_midas","Total","2014-01",214.841232633257,-0.0510808719170179,99.4891912808298
"France","factor_midas","Total","2014-02",94.4921641567494,-0.0719750584964045,99.280249415036
"France","factor_midas","Total","2014-03",3640.53792901156,0.543665284780391,105.436652847804
"France","factor_midas","Total","2014-04",-1356.384602255,-0.32386641291118,96.7613358708882
"France","factor_midas","Total","2014-05",-12110.5280149082,-2.19092763581809,78.0907236418191
"France","factor_midas","Total","2014-06",2099.10653377113,0.276052451717504,102.760524517175
"France","factor_midas","Total","2014-07",2749.15161770825,0.388908857178145,103.889088571781
"France","factor_midas","Total","2014-08",-1182.6587149581,-0.293705306150644,97.0629469384936
"France","factor_midas","Total","2014-09",-5843.31290218256,-1.10285638145685,88.9714361854315
"France","factor_midas","Total","2014-10",3125.30580778277,0.454214188823227,104.542141888232
"France","factor_midas","Total","2014-11",-482.210746293753,-0.172098294715554,98.2790170528445
"France","factor_midas","Total","2014-12",352.847766932079,-0.0271211162386684,99.7287888376133
"France","factor_midas","Total","2015-01",1664.24514184889,0.200554775050662,102.005547750507
"France","factor_midas","Total","2015-02",1526.54102862791,0.176647523662589,101.766475236626
"France","factor_midas","Total","2015-03",-551.823714366108,-0.184184024681404,98.158159753186
"France","factor_midas","Total","2015-04",-1519.03267516493,-0.35210426489606,96.4789573510394
"France","factor_midas","Total","2015-05",-378.653311680896,-0.154119357380397,98.458806426196
"France","factor_midas","Total","2015-06",919.748527042404,0.0713003373187665,100.713003373188
"France","factor_midas","Total","2015-07",2042.34527097732,0.266197947396792,102.661979473968
"France","factor_midas","Total","2015-08",-482.291412892596,-0.172112299501701,98.278877004983
"France","factor_midas","Total","2015-09",-1504.80224600508,-0.34963367458959,96.5036632541041
"France","factor_midas","Total","2015-10",830.073709466678,0.0557316055153674,100.557316055154
"France","factor_midas","Total","2015-11",2269.99120471841,0.305720285823146,103.057202858231
"France","factor_midas","Total","2015-12",-1689.41316627502,-0.381684566728115,96.1831543327189
"France","factor_midas","Total","2016-01",712.849484863231,0.0353799330720826,100.353799330721
"France","factor_midas","Total","2016-02",1892.83613447858,0.240241188172374,102.402411881724
"France","factor_midas","Total","2016-03",1451.80939632013,0.163673126032535,101.636731260325
"France","factor_midas","Total","2016-04",-1453.22868220303,-0.34067982327786,96.5932017672214
"France","factor_midas","Total","2016-05",2127.7590204107,0.281026901535762,102.810269015358
"France","factor_midas","Total","2016-06",-304.258030573559,-0.141203354757693,98.5879664524231
"France","factor_midas","Total","2016-07",-1728.82116193336,-0.388526314856524,96.1147368514348
"France","factor_midas","Total","2016-08",1529.30408131759,0.177127226074562,101.771272260746
"France","factor_midas","Total","2016-09",146.80470615593,-0.0628929108170792,99.3710708918292
"France","factor_midas","Total","2016-10",519.047067276592,0.00173327569573699,100.017332756957
"France","factor_midas","Total","2016-11",-2122.5833857373,-0.45688863353687,95.4311136646313
"France","factor_midas","Total","2016-12",658.239902800394,0.0258989889228061,100.258989889228
"France","factor_midas","Total","2017-01",642.172208041724,0.0231094250612976,100.231094250613
"France","factor_midas","Total","2017-02",-405.965042245077,-0.158861034249507,98.4113896575049
"France","factor_midas","Total","2017-03",-1181.32131751997,-0.293473116305249,97.0652688369475
"France","factor_midas","Total","2017-04",1789.69559303042,0.222334628992504,102.223346289925
"France","factor_midas","Total","2017-05",314.695863961028,-0.0337447900994377,99.6625520990056
"France","factor_midas","Total","2017-06",-1024.70533052746,-0.266282514043337,97.3371748595666
"France","factor_midas","Total","2017-07",195.964935884863,-0.0543580461501181,99.4564195384988
"France","factor_midas","Total","2017-08",-8.26133869578871,-0.0898144226681807,99.1018557733182
"France","factor_midas","Total","2017-09",142.500871972819,-0.0636401132305837,99.3635988676942
"France","factor_midas","Total","2017-10",-1259.12018439915,-0.306980026336346,96.9301997366365
"France","factor_midas","Total","2017-11",103.873568928393,-0.0703463228181244,99.2965367718188
"France","factor_midas","Total","2017-12",-4.59975688295162,-0.0891787237422016,99.108212762578
"France","factor_midas","Total","2018-01",1073.69316136065,0.098027157501582,100.980271575016
"France","factor_midas","Total","2018-02",-1564.01373283093,-0.359913570138792,96.4008642986121
"France","factor_midas","Total","2018-03",354.785014370251,-0.0267847845168196,99.7321521548318
"France","factor_midas","Total","2018-04",-557.189863027277,-0.185115658908063,98.1488434109194
"France","factor_midas","Total","2018-05",1168.86346689377,0.114549978540403,101.145499785404
"France","factor_midas","Total","2018-06",2683.65912228105,0.377538495642918,103.775384956429
"France","factor_midas","Total","2018-07",51.1034288980015,-0.0795079155547609,99.2049208444524
"France","factor_midas","Total","2018-08",-349.17687488965,-0.149001858941828,98.5099814105817
"France","factor_midas","Total","2018-09",-121.987548095899,-0.109558793507546,98.9044120649245
"France","factor_midas","Total","2018-10",100.456540422043,-0.0709395640626355,99.2906043593736
"France","factor_midas","Total","2018-11",-627.840604311136,-0.197381559999313,98.0261844000069
"France","factor_midas","Total","2018-12",-213.331528111848,-0.125417313939131,98.7458268606087
"France","factor_midas","Total","2019-01",309.360927267709,-0.0346710055165615,99.6532899448344
"France","factor_midas","Total","2019-02",518.041413109105,0.00155868086026545,100.015586808603
"France","factor_midas","Total","2019-03",-218.345292469371,-0.126287769600129,98.7371223039987
"France","factor_midas","Total","2019-04",561.061465611693,0.00902752972650777,100.090275297265
"France","factor_midas","Total","2019-05",68.181193726562,-0.0765429901988453,99.2345700980115
"France","factor_midas","Total","2019-06",410.500156733039,-0.0171119005089769,99.8288809949102
"France","factor_midas","Total","2019-07",-294.419177166599,-0.1394951999592,98.605048000408
"France","factor_midas","Total","2019-08",781.649848933495,0.0473245842589295,100.473245842589
"France","factor_midas","Total","2019-09",-324.786647399733,-0.144767393562584,98.5523260643742
"France","factor_midas","Total","2019-10",257.165092470421,-0.0437328912854095,99.5626710871459
"France","factor_midas","Total","2019-11",-189.83385068787,-0.121337807030653,98.7866219296935
"France","factor_midas","Total","2019-12",-34.2975729190266,-0.0943346565392981,99.056653434607
"France","factor_midas","Total","2020-01",-11.4177579816862,-0.0903624187126635,99.0963758128734
"France","factor_midas","Total","2020-02",-871.704657566226,-0.239719578009913,97.6028042199009
"France","factor_midas","Total","2020-03",4000.80506622003,0.606212414380522,106.062124143805
"France","factor_midas","Total","2020-04",-3153.78982770915,-0.63591968108196,93.6408031891804
"France","factor_midas","Total","2020-05",15895.1824520829,2.67123330313271,126.712333031327
"France","factor_midas","Total","2020-06",5017.01288153283,0.782639502395093,107.826395023951
"France","factor_midas","Total","2020-07",12749.2644824013,2.12506042573479,121.250604257348
"France","factor_midas","Total","2020-08",46947.4120085766,8.06231016207797,180.62310162078
"France","factor_midas","Total","2020-09",-15639.2539544579,-2.80356102884569,71.9643897115431
"France","factor_midas","Total","2020-10",23592.8365744617,4.00764764761067,140.076476476107
"France","factor_midas","Total","2020-11",-506.840648415173,-0.176374370773903,98.236256292261
"France","factor_midas","Total","2020-12",-6426.98730024824,-1.20418995993134,87.9581004006866
"France","factor_midas","Total","2021-01",-11283.3037420409,-2.04731058485886,79.5268941514114
"France","factor_midas","Total","2021-02",16917.0920312639,2.84865029260311,128.486502926031
"France","factor_midas","Total","2021-03",4099.10972889173,0.62327940118389,106.232794011839
"France","factor_midas","Total","2021-04",-8561.5856664134,-1.57478440739409,84.2521559260591
"France","factor_midas","Total","2021-05",8531.49156761019,1.39279938419353,113.927993841935
"France","factor_midas","Total","2021-06",-1219.3183117466,-0.300069895963598,96.999301040364
"France","factor_midas","Total","2021-07",-2115.9031675197,-0.455728859492945,95.4427114050706
"France","factor_midas","Total","2021-08",3718.68012107757,0.557231800594913,105.572318005949
"France","factor_midas","Total","2021-09",-2639.65802907187,-0.546659615648052,94.5334038435195
"France","factor_midas","Total","2021-10",763.926912890302,0.0442476486655866,100.442476486656
"France","factor_midas","Total","2021-11",-169.705435149531,-0.117843248450936,98.8215675154906
"France","factor_midas","Total","2021-12",-5874.96983397749,-1.10835244260487,88.9164755739512
"France","factor_midas","Total","2022-01",2731.62236469626,0.385865547515126,103.858655475151
"France","factor_midas","Total","2022-02",3511.00720094837,0.521177040922947,105.211770409229
"France","factor_midas","Total","2022-03",1398.75932409243,0.154462933372076,101.544629333721
"France","factor_midas","Total","2022-04",-2842.3859721871,-0.581855862049675,94.1814413795032
"France","factor_midas","Total","2022-05",2195.24007773074,0.292742503659383,102.927425036594
"France","factor_midas","Total","2022-06",-259.195259130059,-0.133379862924779,98.6662013707522
"France","factor_midas","Total","2022-07",3457.45798280563,0.511880189944219,105.118801899442
"France","factor_midas","Total","2022-08",-3031.35093800025,-0.614662673956475,93.8533732604352
"France","factor_midas","Total","2022-09",-2316.69615359633,-0.490589171816311,95.0941082818369
"France","factor_midas","Total","2022-10",5111.52784235877,0.799048546943918,107.990485469439
"France","factor_midas","Total","2022-11",-7034.53910153174,-1.3096689707235,86.903310292765
"France","factor_midas","Total","2022-12",246.533204900238,-0.0455787272806072,99.5442127271939
"France","factor_midas","Total","2023-01",391.023308259835,-0.0204933384472107,99.7950666155279
"France","factor_midas","Total","2023-02",-4405.60469040931,-0.853251261917685,91.4674873808231
"France","factor_midas","Total","2023-03",2234.14890764327,0.299497590026642,102.994975900266
"France","factor_midas","Total","2023-04",-2598.53733942781,-0.539520521240657,94.6047947875934
"France","factor_midas","Total","2023-05",3331.04696669908,0.489933569254458,104.899335692545
"France","factor_midas","Total","2023-06",-2164.66164988638,-0.464193975515808,95.3580602448419
"France","factor_midas","Total","2023-07",5608.30688618188,0.885295945131262,108.852959451313
"France","factor_midas","Total","2023-08",-6599.95593983606,-1.2342195984959,87.657804015041
"France","factor_midas","Total","2023-09",5248.9991420111,0.822915378823944,108.229153788239
"France","factor_midas","Total","2023-10",-1569.01426263385,-0.360781728106449,96.3921827189355
"France","factor_midas","Total","2023-11",1481.4218301589,0.16881423535336,101.688142353534
"France","factor_midas","Total","2023-12",2286.57499257864,0.308599450258159,103.085994502582
"France","factor_midas","Total","2024-01",-2402.04496599744,-0.505406852029481,94.9459314797052
"France","factor_midas","Total","2024-02",2266.80026078987,0.305166295845066,103.051662958451
"France","factor_midas","Total","2024-03",-2917.27820750458,-0.594858142481751,94.0514185751825
"France","factor_midas","Total","2024-04",5327.33430439256,0.836515396831928,108.365153968319
"France","factor_midas","Total","2024-05",-4743.20765799091,-0.911863592563032,90.8813640743697
"France","factor_midas","Total","2024-06",-2596.37064264239,-0.539144354083996,94.60855645916
"France","factor_midas","Total","2024-07",-6221.82209963759,-1.16857057346311,88.3142942653689
"France","factor_midas","Total","2024-08",1865.27464673179,0.235456150160224,102.354561501602
"France","factor_midas","Total","2024-09",-2142.96577213795,-0.460427284810032,95.3957271518997
"France","factor_midas","Total","2024-10",3080.2933476686,0.446399431701063,104.463994317011
"France","factor_midas","Total","2024-11",-1754.17788513526,-0.392928576646574,96.0707142335343
"France","factor_midas","Total","2024-12",678.596022611727,0.0294330799694132,100.294330799694
"France","factor_midas","Total","2025-01",-278.487592347708,-0.136729266579531,98.6327073342047
"France","factor_midas","Total","2025-02",-6739.89923240985,-1.25851560097091,87.4148439902909
"France","factor_midas","Total","2025-03",777.55068007888,0.0466129144474971,100.466129144475
"France","factor_midas","Total","2025-04",1264.68344850231,0.131185591919937,101.311855919199
"France","factor_midas","Total","2025-05",-2925.70647466097,-0.59632140089111,94.0367859910889
"France","factor_midas","Total","2025-06",361.232174542424,-0.0256654724253357,99.7433452757466
"France","factor_midas","Total","2025-07",-1013.18484515671,-0.264282405742803,97.357175942572
"France","factor_midas","Total","2025-08",2070.55223127906,0.271095047963024,102.71095047963
"France","factor_midas","Total","2025-09",-645.443176182664,-0.200437598783963,97.9956240121604
"France","sg_lasso","Total","2013-01",630.070797854723,0.208550103229991,102.0855010323
"France","sg_lasso","Total","2013-02",488.339286004568,0.167991932589655,101.679919325897
"France","sg_lasso","Total","2013-03",-717.115376329901,-0.176963365324896,98.230366346751
"France","sg_lasso","Total","2013-04",2629.59319529811,0.780737399731999,107.80737399732
"France","sg_lasso","Total","2013-05",-823.603394125997,-0.207436187780155,97.9256381221984
"France","sg_lasso","Total","2013-06",-213.311352990398,-0.0327938064092014,99.672061935908
"France","sg_lasso","Total","2013-07",-6.13492655200298,0.0264922108388693,100.264922108389
"France","sg_lasso","Total","2013-08",1097.50131347443,0.342310947007962,103.42310947008
"France","sg_lasso","Total","2013-09",43.6869821335497,0.0407493470799068,100.407493470799
"France","sg_lasso","Total","2013-10",7465.03298698566,2.16445644451067,121.644564445107
"France","sg_lasso","Total","2013-11",-3086.02455206404,-0.854855115202379,91.4514488479762
"France","sg_lasso","Total","2013-12",-5754.42705393108,-1.61845046951034,83.8154953048966
"France","sg_lasso","Total","2014-01",-327.472840777657,-0.0654624842620527,99.3453751573795
"France","sg_lasso","Total","2014-02",-4503.71080210145,-1.2605430253424,87.394569746576
"France","sg_lasso","Total","2014-03",-2653.15407220362,-0.730984039827803,92.690159601722
"France","sg_lasso","Total","2014-04",-2469.32276040655,-0.678378506904503,93.216214930955
"France","sg_lasso","Total","2014-05",5190.17620802411,1.51347891510287,115.134789151029
"France","sg_lasso","Total","2014-06",-3043.53442079173,-0.842696054932885,91.5730394506712
"France","sg_lasso","Total","2014-07",1550.4463692491,0.471926602856097,104.719266028561
"France","sg_lasso","Total","2014-08",-2872.21552820421,-0.793671100716464,92.0632889928354
"France","sg_lasso","Total","2014-09",-3069.25931037827,-0.850057540377687,91.4994245962231
"France","sg_lasso","Total","2014-10",-390.23209087742,-0.0834217957911417,99.1657820420886
"France","sg_lasso","Total","2014-11",55.7256960459486,0.0441943693390744,100.441943693391
"France","sg_lasso","Total","2014-12",-17.1355110761306,0.0233442617452005,100.233442617452
"France","sg_lasso","Total","2015-01",518.120255429948,0.176514113888802,101.765141138888
"France","sg_lasso","Total","2015-02",239.848736483763,0.0968833839090278,100.96883383909
"France","sg_lasso","Total","2015-03",583.628327273534,0.195260033702037,101.95260033702
"France","sg_lasso","Total","2015-04",454.968750417689,0.158442553915681,101.584425539157
"France","sg_lasso","Total","2015-05",180.461345716816,0.0798889703367188,100.798889703367
"France","sg_lasso","Total","2015-06",-229.819441117359,-0.0375177936612872,99.6248220633871
"France","sg_lasso","Total","2015-07",287.616101482826,0.110552587852322,101.105525878523
"France","sg_lasso","Total","2015-08",188.268915048767,0.0821231998677375,100.821231998677
"France","sg_lasso","Total","2015-09",324.107552827371,0.120995053971715,101.209950539717
"France","sg_lasso","Total","2015-10",-307.542352652804,-0.059759136236191,99.4024086376381
"France","sg_lasso","Total","2015-11",-1695.63037012403,-0.456977157419263,95.4302284258074
"France","sg_lasso","Total","2015-12",-648.053664190142,-0.157200528753735,98.4279947124626
"France","sg_lasso","Total","2016-01",381.245040117883,0.137345630701177,101.373456307012
"France","sg_lasso","Total","2016-02",6.92847775090388,0.0302304605332714,100.302304605333
"France","sg_lasso","Total","2016-03",-441.569162803825,-0.0981125141514148,99.0188748584859
"France","sg_lasso","Total","2016-04",41.6181275016313,0.0401573195336254,100.401573195336
"France","sg_lasso","Total","2016-05",-91.8599549751323,0.00196096661839692,100.019609666184
"France","sg_lasso","Total","2016-06",660.407936778321,0.217231439096243,102.172314390962
"France","sg_lasso","Total","2016-07",-166.519177450105,-0.0194036646163007,99.805963353837
"France","sg_lasso","Total","2016-08",265.868735041321,0.104329318322501,101.043293183225
"France","sg_lasso","Total","2016-09",162.398250238017,0.0747199990955432,100.747199990955
"France","sg_lasso","Total","2016-10",-0.597597273367683,0.0280767839718509,100.280767839719
"France","sg_lasso","Total","2016-11",-477.769175304905,-0.108471581553118,98.9152841844688
"France","sg_lasso","Total","2016-12",-7.92500724106026,0.025979957797192,100.259799577972
"France","sg_lasso","Total","2017-01",78.857172071587,0.0508137184137005,100.508137184137
"France","sg_lasso","Total","2017-02",602.577189009854,0.200682477572912,102.006824775729
"France","sg_lasso","Total","2017-03",734.094693158963,0.238317787503918,102.383177875039
"France","sg_lasso","Total","2017-04",-214.493341636265,-0.0331320466252847,99.6686795337472
"France","sg_lasso","Total","2017-05",-648.976954714665,-0.157464739402132,98.4253526059787
"France","sg_lasso","Total","2017-06",-569.612840041762,-0.134753746881105,98.6524625311889
"France","sg_lasso","Total","2017-07",-108.531457958014,-0.00280978375309054,99.9719021624691
"France","sg_lasso","Total","2017-08",-39.4242952638542,0.0169660590388958,100.169660590389
"France","sg_lasso","Total","2017-09",1054.80164330883,0.330091924673019,103.30091924673
"France","sg_lasso","Total","2017-10",-58.9245504299965,0.0113858273301233,100.113858273301
"France","sg_lasso","Total","2017-11",673.751400526766,0.221049831157246,102.210498311572
"France","sg_lasso","Total","2017-12",-152.733481331475,-0.015458722462813,99.8454127753719
"France","sg_lasso","Total","2018-01",-75.3263253136906,0.00669226288666668,100.066922628867
"France","sg_lasso","Total","2018-02",-1078.50627490615,-0.280379701896656,97.1962029810334
"France","sg_lasso","Total","2018-03",-475.85289056683,-0.107923213710373,98.9207678628963
"France","sg_lasso","Total","2018-04",-310.078131306938,-0.0604847796870929,99.3951522031291
"France","sg_lasso","Total","2018-05",1189.73890327645,0.368705838714181,103.687058387142
"France","sg_lasso","Total","2018-06",17.5465573244592,0.0332689512513569,100.332689512514
"France","sg_lasso","Total","2018-07",70.0206522678368,0.0482850423741327,100.482850423741
"France","sg_lasso","Total","2018-08",-67.2449008717526,0.00900485933931465,100.090048593393
"France","sg_lasso","Total","2018-09",-492.79302367111,-0.112770835810388,98.8722916418961
"France","sg_lasso","Total","2018-10",261.972327420846,0.103214314586969,101.03214314587
"France","sg_lasso","Total","2018-11",-523.639292751863,-0.121597865372576,98.7840213462742
"France","sg_lasso","Total","2018-12",298.833038976607,0.113762448941053,101.137624489411
"France","sg_lasso","Total","2019-01",-730.371122637541,-0.180756655988998,98.19243344011
"France","sg_lasso","Total","2019-02",1114.18885779099,0.347086287799323,103.470862877993
"France","sg_lasso","Total","2019-03",-1542.34254264233,-0.413112008568934,95.8688799143107
"France","sg_lasso","Total","2019-04",895.259636585444,0.28443706748198,102.84437067482
"France","sg_lasso","Total","2019-05",271.16724969089,0.105845551787398,101.058455517874
"France","sg_lasso","Total","2019-06",559.590050121464,0.188381192617888,101.883811926179
"France","sg_lasso","Total","2019-07",-124.741010299981,-0.00744834141261784,99.9255165858738
"France","sg_lasso","Total","2019-08",100.307609408357,0.0569520181217735,100.569520181218
"France","sg_lasso","Total","2019-09",-175.383176418889,-0.021940204148256,99.7805979585174
"France","sg_lasso","Total","2019-10",-0.314530876896697,0.0281577868134967,100.281577868135
"France","sg_lasso","Total","2019-11",-1.07585387295603,0.0279399251144044,100.279399251144
"France","sg_lasso","Total","2019-12",-1.0758538729558,0.0279399251144045,100.279399251144
"France","sg_lasso","Total","2020-01",101.004271233425,0.0571513762518806,100.571513762519
"France","sg_lasso","Total","2020-02",-168.589540855561,-0.0199961239162113,99.8000387608379
"France","sg_lasso","Total","2020-03",-306.890848927578,-0.0595727006375326,99.4042729936247
"France","sg_lasso","Total","2020-04",-1122.65541725435,-0.293013508067268,97.0698649193273
"France","sg_lasso","Total","2020-05",-5263.83991404612,-1.4780630801876,85.219369198124
"France","sg_lasso","Total","2020-06",-4679.41267809901,-1.31082222278771,86.8917777721229
"France","sg_lasso","Total","2020-07",1122.13315365493,0.349359643266015,103.49359643266
"France","sg_lasso","Total","2020-08",5077.23801671103,1.48116029819621,114.811602981962
"France","sg_lasso","Total","2020-09",18195.5546243177,5.23512380666267,152.351238066627
"France","sg_lasso","Total","2020-10",-5739.95555284198,-1.6143092760458,83.856907239542
"France","sg_lasso","Total","2020-11",-20803.271115826,-5.92485754465276,40.7514245534724
"France","sg_lasso","Total","2020-12",-11101.4243775464,-3.14855783260606,68.5144216739394
"France","sg_lasso","Total","2021-01",1835.97558748748,0.553634210465317,105.536342104653
"France","sg_lasso","Total","2021-02",14800.4563081251,4.26357573629113,142.635757362911
"France","sg_lasso","Total","2021-03",287.910621988544,0.110636868424596,101.106368684246
"France","sg_lasso","Total","2021-04",-9433.82636474429,-2.67135467658371,73.2864532341629
"France","sg_lasso","Total","2021-05",3518.97708338021,1.03524525777091,110.352452577709
"France","sg_lasso","Total","2021-06",1618.82037613095,0.49149264432618,104.914926443262
"France","sg_lasso","Total","2021-07",9089.97890418373,2.62945419222901,126.29454192229
"France","sg_lasso","Total","2021-08",2999.90213995928,0.886705742065702,108.867057420657
"France","sg_lasso","Total","2021-09",-473.169861762059,-0.107155432864206,98.9284456713579
"France","sg_lasso","Total","2021-10",1016.20979409028,0.319048404530605,103.190484045306
"France","sg_lasso","Total","2021-11",-2252.45384903162,-0.616318868936148,93.8368113106385
"France","sg_lasso","Total","2021-12",2285.83038554435,0.68236555203355,106.823655520335
"France","sg_lasso","Total","2022-01",1390.50238588952,0.426156715233284,104.261567152333
"France","sg_lasso","Total","2022-02",2055.49662333124,0.616452785633749,106.164527856337
"France","sg_lasso","Total","2022-03",2022.0331077778,0.606876799628063,106.068767996281
"France","sg_lasso","Total","2022-04",15.2143316559705,0.0326015569266965,100.326015569267
"France","sg_lasso","Total","2022-05",-180.96151601135,-0.0235365128740105,99.7646348712599
"France","sg_lasso","Total","2022-06",440.437312383746,0.154284208776081,101.542842087761
"France","sg_lasso","Total","2022-07",796.384407688714,0.256142735802688,102.561427358027
"France","sg_lasso","Total","2022-08",26.1476782780246,0.0357302650889013,100.357302650889
"France","sg_lasso","Total","2022-09",661.260793655571,0.217475494312389,102.174754943124
"France","sg_lasso","Total","2022-10",556.121912307295,0.187388743419858,101.873887434199
"France","sg_lasso","Total","2022-11",-344.687016710785,-0.0703885270016989,99.296114729983
"France","sg_lasso","Total","2022-12",39.548109182294,0.0395649589842434,100.395649589842
"France","sg_lasso","Total","2023-01",312.818390205079,0.117764524796908,101.177645247969
"France","sg_lasso","Total","2023-02",-2072.77230718313,-0.564900842414887,94.3509915758511
"France","sg_lasso","Total","2023-03",-1813.67349533889,-0.490756612339946,95.0924338766005
"France","sg_lasso","Total","2023-04",-2571.69553930668,-0.707673704432252,92.9232629556775
"France","sg_lasso","Total","2023-05",3196.66315172978,0.943011263587196,109.430112635872
"France","sg_lasso","Total","2023-06",648.395024016972,0.213793800145652,102.137938001457
"France","sg_lasso","Total","2023-07",4712.12467631927,1.37667874028883,113.766787402888
"France","sg_lasso","Total","2023-08",-4216.53316328675,-1.17836370243043,88.2163629756957
"France","sg_lasso","Total","2023-09",1151.16440124988,0.357667282678643,103.576672826786
"France","sg_lasso","Total","2023-10",-3340.11141609479,-0.927565116346811,90.7243488365319
"France","sg_lasso","Total","2023-11",3861.01128785211,1.13312244435218,111.331224443522
"France","sg_lasso","Total","2023-12",57.3154330088855,0.0446492916225833,100.446492916226
"France","sg_lasso","Total","2024-01",767.706643068297,0.247936249779396,102.479362497794
"France","sg_lasso","Total","2024-02",-182.704933265796,-0.0240354126146546,99.7596458738535
"France","sg_lasso","Total","2024-03",-1528.20037621094,-0.409065058163473,95.9093494183653
"France","sg_lasso","Total","2024-04",-1706.87705737173,-0.4601955317566,95.398044682434
"France","sg_lasso","Total","2024-05",-5945.38898795494,-1.67309651543792,83.2690348456208
"France","sg_lasso","Total","2024-06",-3894.69898019197,-1.08626699404528,89.1373300595472
"France","sg_lasso","Total","2024-07",-2498.23177032791,-0.686651166541925,93.1334883345807
"France","sg_lasso","Total","2024-08",4395.18751417135,1.285983373134,112.85983373134
"France","sg_lasso","Total","2024-09",-1885.23284900914,-0.511234178967039,94.8876582103296
"France","sg_lasso","Total","2024-10",2286.87222651209,0.682663687311994,106.82663687312
"France","sg_lasso","Total","2024-11",-2486.41799938235,-0.683270514408458,93.1672948559154
"France","sg_lasso","Total","2024-12",-229.614563696836,-0.0374591655321334,99.6254083446787
"France","sg_lasso","Total","2025-01",356.127507442195,0.130157947715041,101.30157947715
"France","sg_lasso","Total","2025-02",1281.65570859684,0.395008934096671,103.950089340967
"France","sg_lasso","Total","2025-03",-816.09480630698,-0.205287515392086,97.9471248460791
"France","sg_lasso","Total","2025-04",-705.169371236723,-0.17354487280538,98.2645512719462
"France","sg_lasso","Total","2025-05",368.390636371189,0.133667189020618,101.336671890206
"France","sg_lasso","Total","2025-06",-1097.73922063494,-0.285883439806466,97.1411656019353
"France","sg_lasso","Total","2025-07",-2025.40094476863,-0.5513449593569,94.486550406431
"France","sg_lasso","Total","2025-08",569.484214216633,0.191212526246359,101.912125262464
"France","sg_lasso","Total","2025-09",1903.22860562022,0.5728794675708,105.728794675708
"Germany","factor_midas","Total","2013-03",0,0.100449917378674,101.004499173787
"Germany","factor_midas","Total","2013-04",-21754.3385751598,-1.99794654400014,80.0205345599986
"Germany","factor_midas","Total","2013-05",5367.24503839412,0.618167703051987,106.18167703052
"Germany","factor_midas","Total","2013-06",3234.07631063653,0.412404898800991,104.12404898801
"Germany","factor_midas","Total","2013-07",-2301.24616056522,-0.121525427144352,98.7847457285565
"Germany","factor_midas","Total","2013-08",4728.90996662749,0.556594695390031,105.5659469539
"Germany","factor_midas","Total","2013-09",414.169139940019,0.140400157863339,101.404001578633
"Germany","factor_midas","Total","2013-10",-3213.77403977838,-0.209546732229531,97.9045326777047
"Germany","factor_midas","Total","2013-11",27400.794356847,2.7434964857092,127.434964857092
"Germany","factor_midas","Total","2013-12",-2204.38917167998,-0.112182722376087,98.8781727762391
"Germany","factor_midas","Total","2014-01",3624.76388978266,0.450090137115753,104.500901371158
"Germany","factor_midas","Total","2014-02",3923.65692987983,0.478920988281543,104.789209882815
"Germany","factor_midas","Total","2014-03",-4098.88369733123,-0.294923309730346,97.0507669026965
"Germany","factor_midas","Total","2014-04",12919.0133170499,1.34660188542601,113.46601885426
"Germany","factor_midas","Total","2014-05",-8239.0176234032,-0.69427548263547,93.0572451736453
"Germany","factor_midas","Total","2014-06",-4469.05529770208,-0.330629602230918,96.6937039776908
"Germany","factor_midas","Total","2014-07",4496.28101391878,0.534155595736796,105.341555957368
"Germany","factor_midas","Total","2014-08",7096.00875664941,0.7849221027049,107.849221027049
"Germany","factor_midas","Total","2014-09",221.219220547913,0.12178844844837,101.217884484484
"Germany","factor_midas","Total","2014-10",-15895.4616978072,-1.43280656217009,85.6719343782991
"Germany","factor_midas","Total","2014-11",4220.2469285152,0.507529690930286,105.075296909303
"Germany","factor_midas","Total","2014-12",-14898.3634351626,-1.33662770300819,86.6337229699181
"Germany","factor_midas","Total","2015-01",11150.943535569,1.17605607176625,111.760560717663
"Germany","factor_midas","Total","2015-02",-12458.7559412669,-1.10130619623577,88.9869380376423
"Germany","factor_midas","Total","2015-03",-4430.55920430213,-0.326916316906785,96.7308368309321
"Germany","factor_midas","Total","2015-04",-9806.99415317616,-0.845520549923224,91.5447945007678
"Germany","factor_midas","Total","2015-05",-15487.0484390547,-1.39341152683101,86.0658847316899
"Germany","factor_midas","Total","2015-06",6331.44221376044,0.711172964226436,107.111729642264
"Germany","factor_midas","Total","2015-07",-7891.57756440339,-0.660761846363442,93.3923815363656
"Germany","factor_midas","Total","2015-08",-3284.2891023271,-0.216348527522682,97.8365147247732
"Germany","factor_midas","Total","2015-09",1446.39501930789,0.239967383275673,102.399673832757
"Germany","factor_midas","Total","2015-10",231.104601441449,0.122741980003223,101.227419800032
"Germany","factor_midas","Total","2015-11",-21605.1961015411,-1.98356044635799,80.1643955364201
"Germany","factor_midas","Total","2015-12",-48722.6307762867,-4.59927449192922,54.0072550807078
"Germany","factor_midas","Total","2016-01",-5049.7042915434,-0.386638282511874,96.1336171748813
"Germany","factor_midas","Total","2016-02",3681.1766554382,0.455531642377758,104.555316423778
"Germany","factor_midas","Total","2016-03",2088.80721368739,0.301933665117576,103.019336651176
"Germany","factor_midas","Total","2016-04",-273.189221855904,0.0740984245742073,100.740984245742
"Germany","factor_midas","Total","2016-05",234.938245082552,0.123111768504164,101.231117685042
"Germany","factor_midas","Total","2016-06",-1038.45108689679,0.000282216185156753,100.002822161852
"Germany","factor_midas","Total","2016-07",-3912.24379072579,-0.276920256306322,97.2307974369368
"Germany","factor_midas","Total","2016-08",3181.38299686613,0.407322167245071,104.073221672451
"Germany","factor_midas","Total","2016-09",2343.98837811924,0.3265481230844,103.265481230844
"Germany","factor_midas","Total","2016-10",16861.7432879187,1.72691271815756,117.269127181576
"Germany","factor_midas","Total","2016-11",-7483.46849425379,-0.621396152678948,93.7860384732105
"Germany","factor_midas","Total","2016-12",8016.11052112319,0.873673975349045,108.73673975349
"Germany","factor_midas","Total","2017-01",-3383.01269684824,-0.225871282750658,97.7412871724934
"Germany","factor_midas","Total","2017-02",107.038503591966,0.11077471840136,101.107747184014
"Germany","factor_midas","Total","2017-03",-6489.45354407556,-0.525514706005439,94.7448529399456
"Germany","factor_midas","Total","2017-04",-437.265958856809,0.0582717864473916,100.582717864474
"Germany","factor_midas","Total","2017-05",3456.34727943431,0.433844880199694,104.338448801997
"Germany","factor_midas","Total","2017-06",1587.17571910495,0.253546914607502,102.535469146075
"Germany","factor_midas","Total","2017-07",400.340225470074,0.139066237960962,101.39066237961
"Germany","factor_midas","Total","2017-08",954.992575734329,0.192567314312644,101.925673143126
"Germany","factor_midas","Total","2017-09",635.245017482229,0.161724862244859,101.617248622449
"Germany","factor_midas","Total","2017-10",-2666.17353558964,-0.156725868185841,98.4327413181416
"Germany","factor_midas","Total","2017-11",4817.00699836631,0.565092425579347,105.650924255793
"Germany","factor_midas","Total","2017-12",602.970476482927,0.158611700132779,101.586117001328
"Germany","factor_midas","Total","2018-01",-37.817199640027,0.096802117302854,100.968021173029
"Germany","factor_midas","Total","2018-02",-4431.32430342859,-0.326990117417613,96.7300988258239
"Germany","factor_midas","Total","2018-03",481.479759997357,0.146892856616442,101.468928566164
"Germany","factor_midas","Total","2018-04",2237.8486598023,0.31631001777228,103.163100177723
"Germany","factor_midas","Total","2018-05",2355.28391489197,0.327637676522736,103.276376765227
"Germany","factor_midas","Total","2018-06",-628.196581710389,0.0398548558668275,100.398548558668
"Germany","factor_midas","Total","2018-07",197.458332590835,0.11949650272747,101.194965027275
"Germany","factor_midas","Total","2018-08",7319.3393583665,0.806464294978025,108.06464294978
"Germany","factor_midas","Total","2018-09",386.883615660736,0.137768230103426,101.377682301034
"Germany","factor_midas","Total","2018-10",-284.608477371471,0.0729969373797032,100.729969373797
"Germany","factor_midas","Total","2018-11",-1713.46985525346,-0.0648292552572016,99.351707447428
"Germany","factor_midas","Total","2018-12",-3160.97604564492,-0.204453903335893,97.9554609666411
"Germany","factor_midas","Total","2019-01",1984.50348458802,0.291872657043507,102.918726570435
"Germany","factor_midas","Total","2019-02",-129.221382150138,0.0879853834604632,100.879853834605
"Germany","factor_midas","Total","2019-03",-197.891423885088,0.081361556581907,100.813615565819
"Germany","factor_midas","Total","2019-04",1067.83123866235,0.203451591496104,102.034515914961
"Germany","factor_midas","Total","2019-05",-167.139133067691,0.0843278843333838,100.843278843334
"Germany","factor_midas","Total","2019-06",1255.31198253168,0.221535751037562,102.215357510376
"Germany","factor_midas","Total","2019-07",139.99339872896,0.113953506627978,101.13953506628
"Germany","factor_midas","Total","2019-08",-9830.36737827555,-0.847775102166682,91.5222489783332
"Germany","factor_midas","Total","2019-09",1935.80938306505,0.287175684530516,102.871756845305
"Germany","factor_midas","Total","2019-10",-541.59054271686,0.048208766749026,100.48208766749
"Germany","factor_midas","Total","2019-11",-1878.00238186421,-0.0806998582833013,99.193001417167
"Germany","factor_midas","Total","2019-12",-1642.08089622192,-0.0579431649954486,99.4205683500455
"Germany","factor_midas","Total","2020-01",190.211328689777,0.11879746573818,101.187974657382
"Germany","factor_midas","Total","2020-02",3063.37685799288,0.39593944175438,103.959394417544
"Germany","factor_midas","Total","2020-03",-5764.16522702835,-0.455554296374365,95.4444570362564
"Germany","factor_midas","Total","2020-04",16493.6972507661,1.69141145484325,116.914114548432
"Germany","factor_midas","Total","2020-05",-4557.18151156791,-0.339130147291935,96.6086985270806
"Germany","factor_midas","Total","2020-06",-8426.91448098619,-0.712399779988577,92.8760022001142
"Germany","factor_midas","Total","2020-07",-7627.9082839052,-0.635328635270393,93.6467136472961
"Germany","factor_midas","Total","2020-08",1043.85803249752,0.201139165824766,102.011391658248
"Germany","factor_midas","Total","2020-09",-4090.86755362124,-0.294150082471019,97.0584991752898
"Germany","factor_midas","Total","2020-10",1532.85004579885,0.248306727679562,102.483067276796
"Germany","factor_midas","Total","2020-11",-19428.0186451574,-1.77355261484037,82.2644738515963
"Germany","factor_midas","Total","2020-12",12000.7615662688,1.25802846280335,112.580284628033
"Germany","factor_midas","Total","2021-01",22330.2145711739,2.25439466160021,122.543946616002
"Germany","factor_midas","Total","2021-02",-16015.9935882313,-1.44443291851621,85.5556708148379
"Germany","factor_midas","Total","2021-03",-10639.8526308013,-0.925857043549074,90.7414295645093
"Germany","factor_midas","Total","2021-04",-1694.59660978153,-0.0630087654557678,99.3699123454423
"Germany","factor_midas","Total","2021-05",386.771556218376,0.13775742098889,101.377574209889
"Germany","factor_midas","Total","2021-06",-9420.77428164477,-0.808266261132249,91.9173373886775
"Germany","factor_midas","Total","2021-07",7278.42001224579,0.802517265708209,108.025172657082
"Germany","factor_midas","Total","2021-08",-7611.97350389337,-0.633791586195141,93.6620841380486
"Germany","factor_midas","Total","2021-09",5192.84424159745,0.601345218948625,106.013452189486
"Germany","factor_midas","Total","2021-10",385.438663393641,0.137628851803614,101.376288518036
"Germany","factor_midas","Total","2021-11",3047.30809444656,0.394389468793913,103.943894687939
"Germany","factor_midas","Total","2021-12",-8513.6377480813,-0.720764998547756,92.7923500145224
"Germany","factor_midas","Total","2022-01",51316.9003638904,5.05041434679484,150.504143467948
"Germany","factor_midas","Total","2022-02",-52525.0380460881,-4.96604997131719,50.3395002868281
"Germany","factor_midas","Total","2022-03",13495.7840477528,1.40223647326477,114.022364732648
"Germany","factor_midas","Total","2022-04",-28518.4706408531,-2.65040631619276,73.4959368380724
"Germany","factor_midas","Total","2022-05",-305.300637867755,0.0710009972956749,100.710009972957
"Germany","factor_midas","Total","2022-06",5507.27954515227,0.631675257530695,106.316752575307
"Germany","factor_midas","Total","2022-07",-16430.5197180939,-1.48441759380512,85.1558240619487
"Germany","factor_midas","Total","2022-08",2604.22209827241,0.351649944296487,103.516499442965
"Germany","factor_midas","Total","2022-09",13614.7120484784,1.41370812040399,114.13708120404
"Germany","factor_midas","Total","2022-10",-14109.843493303,-1.26056804943572,87.3943195056428
"Germany","factor_midas","Total","2022-11",1785.78841332726,0.27270484824456,102.727048482446
"Germany","factor_midas","Total","2022-12",-7228.14827336649,-0.59676828149926,94.0323171850074
"Germany","factor_midas","Total","2023-01",15241.290190233,1.57060582634994,115.706058263499
"Germany","factor_midas","Total","2023-02",650.956737611624,0.163240395241084,101.632403952411
"Germany","factor_midas","Total","2023-03",75.5419099181427,0.107736596121416,101.077365961214
"Germany","factor_midas","Total","2023-04",-3319.04109497788,-0.21970066154194,97.8029933845806
"Germany","factor_midas","Total","2023-05",-896.773630832015,0.0139482475120273,100.13948247512
"Germany","factor_midas","Total","2023-06",3673.94099195296,0.454833699270883,104.548336992709
"Germany","factor_midas","Total","2023-07",-1258.41217052536,-0.0209349565609861,99.7906504343901
"Germany","factor_midas","Total","2023-08",823.518997136044,0.179885536324208,101.798855363242
"Germany","factor_midas","Total","2023-09",-3228.89361135757,-0.21100514731256,97.8899485268744
"Germany","factor_midas","Total","2023-10",-1056.60021632891,-0.00146842628305202,99.9853157371695
"Germany","factor_midas","Total","2023-11",-5587.10895215054,-0.438475668155682,95.6152433184432
"Germany","factor_midas","Total","2023-12",870.818584140848,0.184447995699961,101.844479957
"Germany","factor_midas","Total","2024-01",2322.33148388289,0.324459125982834,103.244591259828
"Germany","factor_midas","Total","2024-02",-1069.95251255165,-0.00275637218167192,99.9724362781833
"Germany","factor_midas","Total","2024-03",-1385.87793708889,-0.0332301459816962,99.667698540183
"Germany","factor_midas","Total","2024-04",3170.53712220757,0.406275987655403,104.062759876554
"Germany","factor_midas","Total","2024-05",-2774.89325979916,-0.167212837659776,98.3278716234022
"Germany","factor_midas","Total","2024-06",188.49863425249,0.118632261361397,101.186322613614
"Germany","factor_midas","Total","2024-07",1916.24577036077,0.285288602763878,102.852886027639
"Germany","factor_midas","Total","2024-08",-1031.57311878839,0.000945656440546806,100.009456564405
"Germany","factor_midas","Total","2024-09",-1434.11575308087,-0.0378831057594656,99.6211689424053
"Germany","factor_midas","Total","2024-10",2079.82959371577,0.301067695053032,103.01067695053
"Germany","factor_midas","Total","2024-11",-685.390426455131,0.0343380086866491,100.343380086866
"Germany","factor_midas","Total","2024-12",1272.83662147519,0.223226155929393,102.232261559294
"Germany","factor_midas","Total","2025-01",-870.651305500455,0.0164679745471358,100.164679745471
"Germany","factor_midas","Total","2025-02",-6167.10918913605,-0.49442177015664,95.0557822984336
"Germany","factor_midas","Total","2025-03",-2381.38393897448,-0.12925541764973,98.7074458235027
"Germany","factor_midas","Total","2025-04",-4232.09647272783,-0.307772848480372,96.9222715151963
"Germany","factor_midas","Total","2025-05",961.036362798721,0.193150290501299,101.931502905013
"Germany","factor_midas","Total","2025-06",-1219.44546696086,-0.0171762767652819,99.8282372323472
"Germany","factor_midas","Total","2025-07",-371.692488094578,0.0645969219385212,100.645969219385
"Germany","factor_midas","Total","2025-08",1798.64700282536,0.273945171806129,102.739451718061
"Germany","factor_midas","Total","2025-09",-684.206045128631,0.034452252637384,100.344522526374
"Germany","sg_lasso","Total","2013-01",1329.46945367426,0.380453463637341,103.804534636373
"Germany","sg_lasso","Total","2013-02",2070.46880538733,0.545280214005449,105.452802140055
"Germany","sg_lasso","Total","2013-03",1225.37091461037,0.357297945522106,103.572979455221
"Germany","sg_lasso","Total","2013-04",-1720.14667961375,-0.297898434995164,97.0210156500484
"Germany","sg_lasso","Total","2013-05",-5182.92855744783,-1.06815428317838,89.3184571682162
"Germany","sg_lasso","Total","2013-06",6349.07549495174,1.49700687221881,114.970068722188
"Germany","sg_lasso","Total","2013-07",-8210.16593248682,-1.74152828541876,82.5847171458124
"Germany","sg_lasso","Total","2013-08",6580.0774163567,1.54839058253643,115.483905825364
"Germany","sg_lasso","Total","2013-09",2466.07678448119,0.63327864134953,106.332786413495
"Germany","sg_lasso","Total","2013-10",-969.941625999232,-0.131023982526149,98.6897601747385
"Germany","sg_lasso","Total","2013-11",291.582368532109,0.149587464770381,101.495874647704
"Germany","sg_lasso","Total","2013-12",-1248.28080393612,-0.192937319013431,98.0706268098657
"Germany","sg_lasso","Total","2014-01",3008.0001358166,0.753823233922667,107.538232339227
"Germany","sg_lasso","Total","2014-02",2289.11439236539,0.593915400393406,105.939154003934
"Germany","sg_lasso","Total","2014-03",1033.73494347687,0.314670736331508,103.146707363315
"Germany","sg_lasso","Total","2014-04",317.127411295471,0.155269664595475,101.552696645955
"Germany","sg_lasso","Total","2014-05",155.003461492934,0.119207063810445,101.192070638104
"Germany","sg_lasso","Total","2014-06",368.108542997237,0.166609828725261,101.666098287253
"Germany","sg_lasso","Total","2014-07",569.060646385098,0.211309303973766,102.113093039738
"Germany","sg_lasso","Total","2014-08",1173.97178207789,0.345864801933678,103.458648019337
"Germany","sg_lasso","Total","2014-09",-431.374516270829,-0.0112259471480426,99.8877405285196
"Germany","sg_lasso","Total","2014-10",-412.765856128468,-0.00708666555099522,99.9291333444901
"Germany","sg_lasso","Total","2014-11",-564.668921503829,-0.0408757486033513,99.5912425139665
"Germany","sg_lasso","Total","2014-12",913.603616436241,0.287948909641999,102.87948909642
"Germany","sg_lasso","Total","2015-01",-474.566715543933,-0.0208335531884244,99.7916644681158
"Germany","sg_lasso","Total","2015-02",2196.72729023586,0.573364956206469,105.733649562065
"Germany","sg_lasso","Total","2015-03",-3717.40109059182,-0.742164618843805,92.578353811562
"Germany","sg_lasso","Total","2015-04",-114.597443717271,0.059237455200983,100.59237455201
"Germany","sg_lasso","Total","2015-05",-1931.66995362648,-0.344949345096689,96.5505065490331
"Germany","sg_lasso","Total","2015-06",1794.61011095637,0.483918632434928,104.839186324349
"Germany","sg_lasso","Total","2015-07",-63.4142409894366,0.0706225676974481,100.706225676974
"Germany","sg_lasso","Total","2015-08",-220.376464394544,0.0357081333533345,100.357081333533
"Germany","sg_lasso","Total","2015-09",-116.506475977402,0.0588128130159962,100.58812813016
"Germany","sg_lasso","Total","2015-10",84.7802816262601,0.103586728230961,101.03586728231
"Germany","sg_lasso","Total","2015-11",94.0731085081957,0.10565381027785,101.056538102779
"Germany","sg_lasso","Total","2015-12",-65.4122403546271,0.070178135807136,100.701781358071
"Germany","sg_lasso","Total","2016-01",-62.8341341992718,0.070751605755131,100.707516057551
"Germany","sg_lasso","Total","2016-02",-77.7546288530466,0.0674327139882476,100.674327139882
"Germany","sg_lasso","Total","2016-03",42.8000370166087,0.0942487075124938,100.942487075125
"Germany","sg_lasso","Total","2016-04",262.357263783355,0.143086677645846,101.430866776458
"Germany","sg_lasso","Total","2016-05",-11.1816034635488,0.0822411148481898,100.822411148482
"Germany","sg_lasso","Total","2016-06",7.49760992011306,0.0863960901991718,100.863960901992
"Germany","sg_lasso","Total","2016-07",-17.8226194234217,0.0807638975236699,100.807638975237
"Germany","sg_lasso","Total","2016-08",21.4146917518888,0.0894917843689919,100.89491784369
"Germany","sg_lasso","Total","2016-09",-84.6495759860441,0.0658990126061013,100.658990126061
"Germany","sg_lasso","Total","2016-10",80.5589865863485,0.102647749887504,101.026477498875
"Germany","sg_lasso","Total","2016-11",192.36763282973,0.127518292325563,101.275182923256
"Germany","sg_lasso","Total","2016-12",156.489249575011,0.119537560214711,101.195375602147
"Germany","sg_lasso","Total","2017-01",149.288543171228,0.11793584621301,101.17935846213
"Germany","sg_lasso","Total","2017-02",-173.48112246217,0.0461394607225756,100.461394607226
"Germany","sg_lasso","Total","2017-03",-237.997890638085,0.0317884505386876,100.317884505387
"Germany","sg_lasso","Total","2017-04",98.6320312268326,0.106667890000262,101.066678900003
"Germany","sg_lasso","Total","2017-05",-117.519049817961,0.0585875776561254,100.585875776561
"Germany","sg_lasso","Total","2017-06",46.3263539873083,0.0950330960085223,100.950330960085
"Germany","sg_lasso","Total","2017-07",-291.219323067336,0.0199499573781079,100.199499573781
"Germany","sg_lasso","Total","2017-08",731.903916959632,0.247531909359402,102.475319093594
"Germany","sg_lasso","Total","2017-09",471.553882874604,0.189620050223151,101.896200502232
"Germany","sg_lasso","Total","2017-10",-392.030129063273,-0.00247424247562454,99.9752575752438
"Germany","sg_lasso","Total","2017-11",-52.8812751476048,0.0729655043375866,100.729655043376
"Germany","sg_lasso","Total","2017-12",-112.104831304438,0.0597919080530465,100.59791908053
"Germany","sg_lasso","Total","2018-01",-36.1922377579272,0.0766777880168543,100.766777880169
"Germany","sg_lasso","Total","2018-02",-81.6327515166649,0.0665700703777028,100.665700703777
"Germany","sg_lasso","Total","2018-03",15.2178850522014,0.0881133762656549,100.881133762657
"Germany","sg_lasso","Total","2018-04",-15.1414879118074,0.0813602842726559,100.813602842727
"Germany","sg_lasso","Total","2018-05",-10.7170640115642,0.0823444462858104,100.823444462858
"Germany","sg_lasso","Total","2018-06",-463.423663288851,-0.0183549098695861,99.8164509013041
"Germany","sg_lasso","Total","2018-07",-2433.96334529318,-0.456678710700584,95.4332128929942
"Germany","sg_lasso","Total","2018-08",-2031.30109570425,-0.367111142331973,96.3288885766803
"Germany","sg_lasso","Total","2018-09",-687.518569344659,-0.0682022343697129,99.3179776563029
"Germany","sg_lasso","Total","2018-10",2263.18679719858,0.588148106203032,105.88148106203
"Germany","sg_lasso","Total","2018-11",1357.96424591965,0.386791801177534,103.867918011775
"Germany","sg_lasso","Total","2018-12",1131.97371906406,0.33652281771693,103.365228177169
"Germany","sg_lasso","Total","2019-01",-1680.37586043786,-0.289051875454882,97.1094812454512
"Germany","sg_lasso","Total","2019-02",-1011.78186596068,-0.140330860827088,98.5966913917291
"Germany","sg_lasso","Total","2019-03",989.135957744938,0.304750206885817,103.047502068858
"Germany","sg_lasso","Total","2019-04",666.142811870419,0.232904110796,102.32904110796
"Germany","sg_lasso","Total","2019-05",2003.45823161151,0.53037448555881,105.303744855588
"Germany","sg_lasso","Total","2019-06",-1853.88047384231,-0.327645973459442,96.7235402654056
"Germany","sg_lasso","Total","2019-07",9.13611308238387,0.0867605563098109,100.867605563098
"Germany","sg_lasso","Total","2019-08",-666.926520609363,-0.0636217708799489,99.3637822912005
"Germany","sg_lasso","Total","2019-09",987.610404062251,0.30441086508282,103.044108650828
"Germany","sg_lasso","Total","2019-10",-923.282855492596,-0.120645277739161,98.7935472226084
"Germany","sg_lasso","Total","2019-11",-2205.26539977968,-0.405807493218805,95.941925067812
"Germany","sg_lasso","Total","2019-12",-963.769201147365,-0.129650997883353,98.7034900211665
"Germany","sg_lasso","Total","2020-01",-553.140279513313,-0.0383113352998026,99.616886647002
"Germany","sg_lasso","Total","2020-02",513.315078367344,0.198909345994655,101.989093459947
"Germany","sg_lasso","Total","2020-03",2062.30616447002,0.543464528777503,105.434645287775
"Germany","sg_lasso","Total","2020-04",3045.87427024065,0.762247897838618,107.622478978386
"Germany","sg_lasso","Total","2020-05",7095.77559076622,1.6631016872927,116.631016872927
"Germany","sg_lasso","Total","2020-06",1027.20326753125,0.313217840430742,103.132178404307
"Germany","sg_lasso","Total","2020-07",-30291.8166069466,-6.65333652792352,33.4666347207648
"Germany","sg_lasso","Total","2020-08",-29946.9079588573,-6.57661558139772,34.2338441860228
"Germany","sg_lasso","Total","2020-09",6074.84425579097,1.43600729928289,114.360072992829
"Germany","sg_lasso","Total","2020-10",14379.8676120072,3.28336385684492,132.833638568449
"Germany","sg_lasso","Total","2020-11",9759.03990623459,2.25551408478691,122.555140847869
"Germany","sg_lasso","Total","2020-12",-13282.1978346971,-2.86974322146691,71.3025677853309
"Germany","sg_lasso","Total","2021-01",-8950.60279662776,-1.90622991692081,80.9377008307919
"Germany","sg_lasso","Total","2021-02",-5214.16128024614,-1.07510164175851,89.2489835824149
"Germany","sg_lasso","Total","2021-03",-1161.57683069566,-0.173651021231671,98.2634897876833
"Germany","sg_lasso","Total","2021-04",276.841700040119,0.146308573256952,101.46308573257
"Germany","sg_lasso","Total","2021-05",858.20927012437,0.275627076876231,102.756270768762
"Germany","sg_lasso","Total","2021-06",1287.12610654671,0.371034674956072,103.710346749561
"Germany","sg_lasso","Total","2021-07",5311.34228851212,1.26617510189258,112.661751018926
"Germany","sg_lasso","Total","2021-08",2898.47629741369,0.729460920608818,107.294609206088
"Germany","sg_lasso","Total","2021-09",181.81821684848,0.125171696541841,101.251716965418
"Germany","sg_lasso","Total","2021-10",489.887797674974,0.193698217891023,101.93698217891
"Germany","sg_lasso","Total","2021-11",361.087131336602,0.165047996769074,101.650479967691
"Germany","sg_lasso","Total","2021-12",-2412.01084878395,-0.451795631310947,95.4820436868905
"Germany","sg_lasso","Total","2022-01",-3176.20125681737,-0.621780964398527,93.7821903560147
"Germany","sg_lasso","Total","2022-02",-7117.92841208505,-1.49857265974683,85.0142734025317
"Germany","sg_lasso","Total","2022-03",4063.52707233673,0.988613014062699,109.886130140627
"Germany","sg_lasso","Total","2022-04",2655.06255012259,0.67531634292712,106.753163429271
"Germany","sg_lasso","Total","2022-05",2219.40604838997,0.578409584113745,105.784095841137
"Germany","sg_lasso","Total","2022-06",-7878.21403449614,-1.66768941835654,83.3231058164346
"Germany","sg_lasso","Total","2022-07",-595.026441658165,-0.0476284284602308,99.5237157153977
"Germany","sg_lasso","Total","2022-08",-593.984785190747,-0.0473967240057969,99.526032759942
"Germany","sg_lasso","Total","2022-09",-360.010587604359,0.00464813483111461,100.046481348311
"Germany","sg_lasso","Total","2022-10",641.67231723622,0.227460931795734,102.274609317957
"Germany","sg_lasso","Total","2022-11",-310.456149397623,0.0156709474652293,100.156709474652
"Germany","sg_lasso","Total","2022-12",-1164.54328025365,-0.174310873685853,98.2568912631415
"Germany","sg_lasso","Total","2023-01",2454.41365628513,0.630684313142309,106.306843131423
"Germany","sg_lasso","Total","2023-02",2874.19677490231,0.724060221152349,107.240602211523
"Germany","sg_lasso","Total","2023-03",2211.35555201836,0.576618844145194,105.766188441452
"Germany","sg_lasso","Total","2023-04",-2948.47679704596,-0.571126287580416,94.2887371241958
"Germany","sg_lasso","Total","2023-05",-3449.86783184616,-0.682654934317778,93.1734506568222
"Germany","sg_lasso","Total","2023-06",-3937.4033872761,-0.791101589641631,92.0889841035837
"Germany","sg_lasso","Total","2023-07",-1230.9555436831,-0.189083514903904,98.109164850961
"Germany","sg_lasso","Total","2023-08",-371.850650688236,0.00201444950094916,100.020144495009
"Germany","sg_lasso","Total","2023-09",1360.84990999119,0.387433683832986,103.87433683833
"Germany","sg_lasso","Total","2023-10",-678.729365123808,-0.0662471773690619,99.3375282263094
"Germany","sg_lasso","Total","2023-11",-1230.38035521819,-0.188955570870888,98.1104442912911
"Germany","sg_lasso","Total","2023-12",-3347.24181341773,-0.659826961416492,93.4017303858351
"Germany","sg_lasso","Total","2024-01",-238.269080940927,0.0317281273869259,100.317281273869
"Germany","sg_lasso","Total","2024-02",-5.65618957979086,0.0834701793713816,100.834701793714
"Germany","sg_lasso","Total","2024-03",-352.691007632875,0.00627629088546229,100.062762908855
"Germany","sg_lasso","Total","2024-04",190.079627951117,0.127009352057132,101.270093520571
"Germany","sg_lasso","Total","2024-05",-2089.41870043985,-0.380038732491939,96.1996126750806
"Germany","sg_lasso","Total","2024-06",-1766.57161383289,-0.308225125599822,96.9177487440018
"Germany","sg_lasso","Total","2024-07",243.94758391544,0.138991656913466,101.389916569135
"Germany","sg_lasso","Total","2024-08",2144.70404434511,0.561792985807372,105.617929858074
"Germany","sg_lasso","Total","2024-09",1502.16108568288,0.418866723316909,104.188667233169
"Germany","sg_lasso","Total","2024-10",1165.28184822341,0.343931826479873,103.439318264799
"Germany","sg_lasso","Total","2024-11",862.334111985105,0.276544600323607,102.765446003236
"Germany","sg_lasso","Total","2024-12",293.777248898734,0.150075690566316,101.500756905663
"Germany","sg_lasso","Total","2025-01",-1900.99573133737,-0.338126218506505,96.6187378149349
"Germany","sg_lasso","Total","2025-02",-2552.25592799945,-0.482991529942663,95.1700847005734
"Germany","sg_lasso","Total","2025-03",-1594.81762456497,-0.270020433722099,97.299795662779
"Germany","sg_lasso","Total","2025-04",-1417.93433971679,-0.230674789264301,97.693252107357
"Germany","sg_lasso","Total","2025-05",-1891.08860551637,-0.335922492753186,96.6407750724681
"Germany","sg_lasso","Total","2025-06",-64.9720866965295,0.0702760429064595,100.702760429065
"Germany","sg_lasso","Total","2025-07",377.477785592029,0.168693908565195,101.686939085652
"Germany","sg_lasso","Total","2025-08",965.026602809549,0.299387359241909,102.993873592419
"Germany","sg_lasso","Total","2025-09",97.1302422236813,0.106333834375846,101.063338343758
"Italy","factor_midas","Total","2013-01",-35.7125625914173,-0.0404848355737983,99.595151644262
"Italy","factor_midas","Total","2013-02",-2243.50009832535,-0.593239384885828,94.0676061511417
"Italy","factor_midas","Total","2013-03",11588.6552482633,2.86985960940933,128.698596094093
"Italy","factor_midas","Total","2013-04",-1740.23878647789,-0.467239951011886,95.3276004898811
"Italy","factor_midas","Total","2013-05",-11577.9522401958,-2.93026720266409,70.6973279733591
"Italy","factor_midas","Total","2013-06",7287.92683313699,1.79310418872693,117.931041887269
"Italy","factor_midas","Total","2013-07",164.791619492694,0.00971455952616428,100.097145595262
"Italy","factor_midas","Total","2013-08",556.322477928585,0.107740506178018,101.07740506178
"Italy","factor_midas","Total","2013-09",-248.469525554631,-0.0937519082754445,99.0624809172456
"Italy","factor_midas","Total","2013-10",42.2969887638109,-0.0209539098377498,99.7904609016225
"Italy","factor_midas","Total","2013-11",-1887.32167059339,-0.504064478736992,94.9593552126301
"Italy","factor_midas","Total","2013-12",-1495.85734856844,-0.4060551905286,95.939448094714
"Italy","factor_midas","Total","2014-01",24.0953609622711,-0.0255109754110188,99.7448902458898
"Italy","factor_midas","Total","2014-02",-2444.3194230897,-0.643517680943138,93.5648231905686
"Italy","factor_midas","Total","2014-03",-249.014763578637,-0.0938884172435172,99.0611158275648
"Italy","factor_midas","Total","2014-04",93.3042662917325,-0.00818343068373682,99.9181656931626
"Italy","factor_midas","Total","2014-05",-2366.70214828751,-0.624084967850186,93.7591503214981
"Italy","factor_midas","Total","2014-06",-625.400885354464,-0.188122639396755,98.1187736060324
"Italy","factor_midas","Total","2014-07",-26.7460148586499,-0.0382399184471767,99.6176008155282
"Italy","factor_midas","Total","2014-08",1586.77227233803,0.365729919778055,103.657299197781
"Italy","factor_midas","Total","2014-09",1250.05558621663,0.281427568636735,102.814275686367
"Italy","factor_midas","Total","2014-10",49.6251283722852,-0.0191191941139692,99.8088080588603
"Italy","factor_midas","Total","2014-11",-2089.94393697944,-0.554794169762069,94.4520583023793
"Italy","factor_midas","Total","2014-12",548.56620117042,0.105798599543251,101.057985995433
"Italy","factor_midas","Total","2015-01",-112.930644814845,-0.0598176044871625,99.4018239551284
"Italy","factor_midas","Total","2015-02",258.419152905607,0.0331556942355546,100.331556942356
"Italy","factor_midas","Total","2015-03",-20.149594970105,-0.0365884003352433,99.6341159966476
"Italy","factor_midas","Total","2015-04",-29.8266351598074,-0.0390112004924854,99.6098879950751
"Italy","factor_midas","Total","2015-05",570.338747543698,0.111249701093172,101.112497010932
"Italy","factor_midas","Total","2015-06",697.676910397558,0.143130825376768,101.431308253768
"Italy","factor_midas","Total","2015-07",40.4048979050667,-0.0214276247278626,99.7857237527214
"Italy","factor_midas","Total","2015-08",-484.468576356103,-0.152838005489264,98.4716199451074
"Italy","factor_midas","Total","2015-09",-1774.3837133859,-0.475788673830024,95.2421132616998
"Italy","factor_midas","Total","2015-10",310.52630886423,0.0462015453610187,100.46201545361
"Italy","factor_midas","Total","2015-11",-446.263444623315,-0.143272746137737,98.5672725386226
"Italy","factor_midas","Total","2015-12",747.144664914929,0.15551586058109,101.555158605811
"Italy","factor_midas","Total","2016-01",-593.1867306009,-0.180057315943266,98.1994268405673
"Italy","factor_midas","Total","2016-02",1195.49938390766,0.267768559999634,102.677685599996
"Italy","factor_midas","Total","2016-03",-86.5543537222798,-0.0532138825893726,99.4678611741063
"Italy","factor_midas","Total","2016-04",-123.265592659871,-0.0624051222377516,99.3759487776225
"Italy","factor_midas","Total","2016-05",213.508774834494,0.0219116703481387,100.219116703481
"Italy","factor_midas","Total","2016-06",-343.241552212503,-0.117479584981095,98.8252041501891
"Italy","factor_midas","Total","2016-07",173.374292021464,0.0118633674203785,100.118633674204
"Italy","factor_midas","Total","2016-08",700.194362889548,0.143761109448538,101.437611094485
"Italy","factor_midas","Total","2016-09",429.158597282002,0.0759030162031491,100.759030162031
"Italy","factor_midas","Total","2016-10",287.682076993026,0.0404821303865387,100.404821303865
"Italy","factor_midas","Total","2016-11",181.702063388106,0.0139483567746696,100.139483567747
"Italy","factor_midas","Total","2016-12",1565.5107073922,0.360406750515124,103.604067505151
"Italy","factor_midas","Total","2017-01",782.461676168527,0.164358033264179,101.643580332642
"Italy","factor_midas","Total","2017-02",3.1642593577086,-0.030751407946656,99.6924859205334
"Italy","factor_midas","Total","2017-03",589.279075397888,0.115991711915054,101.159917119151
"Italy","factor_midas","Total","2017-04",-1286.62029667765,-0.353669383268925,96.4633061673107
"Italy","factor_midas","Total","2017-05",2029.17613247131,0.476492727504742,104.764927275047
"Italy","factor_midas","Total","2017-06",-767.084760696193,-0.223595439832357,97.7640456016764
"Italy","factor_midas","Total","2017-07",-381.458556149631,-0.127047816726864,98.7295218327314
"Italy","factor_midas","Total","2017-08",-677.231223329414,-0.201099184759173,97.9890081524083
"Italy","factor_midas","Total","2017-09",224.947302555507,0.0247754867855841,100.247754867856
"Italy","factor_midas","Total","2017-10",1487.35349295339,0.340838854989231,103.408388549892
"Italy","factor_midas","Total","2017-11",728.125541302815,0.150754121994216,101.507541219942
"Italy","factor_midas","Total","2017-12",307.596219662322,0.0454679511586642,100.454679511587
"Italy","factor_midas","Total","2018-01",-294.58670219523,-0.10529807328314,98.9470192671686
"Italy","factor_midas","Total","2018-02",-1411.8148949276,-0.385013832230563,96.1498616776944
"Italy","factor_midas","Total","2018-03",-18.2486648517377,-0.0361124723965965,99.638875276034
"Italy","factor_midas","Total","2018-04",169.090495613184,0.0107908511955707,100.107908511956
"Italy","factor_midas","Total","2018-05",1056.40905377201,0.232945094650994,102.32945094651
"Italy","factor_midas","Total","2018-06",-409.201999521275,-0.133993826833837,98.6600617316616
"Italy","factor_midas","Total","2018-07",122.943611028135,-0.00076275166616637,99.9923724833383
"Italy","factor_midas","Total","2018-08",827.694654224886,0.175682825163265,101.756828251633
"Italy","factor_midas","Total","2018-09",-110.448509963711,-0.059196162745707,99.4080383725429
"Italy","factor_midas","Total","2018-10",-79.9450592608698,-0.0515591411243735,99.4844085887563
"Italy","factor_midas","Total","2018-11",-353.619309679769,-0.120077820798103,98.799221792019
"Italy","factor_midas","Total","2018-12",-149.85683308877,-0.0690626601036123,99.3093733989639
"Italy","factor_midas","Total","2019-01",-127.16597029144,-0.0633816435039467,99.3661835649605
"Italy","factor_midas","Total","2019-02",54.7519484331937,-0.0178356135763025,99.821643864237
"Italy","factor_midas","Total","2019-03",304.26198887264,0.0446331737139948,100.44633173714
"Italy","factor_midas","Total","2019-04",-41.875795163615,-0.0420278983856,99.579721016144
"Italy","factor_midas","Total","2019-05",584.551489259663,0.114808085908079,101.148080859081
"Italy","factor_midas","Total","2019-06",86.3876543640293,-0.00991511393993058,99.9008488606007
"Italy","factor_midas","Total","2019-07",-29.0183245316146,-0.0388088271346512,99.6119117286535
"Italy","factor_midas","Total","2019-08",678.672545282069,0.138372781813088,101.383727818131
"Italy","factor_midas","Total","2019-09",-360.816921766827,-0.12187985689121,98.7812014310879
"Italy","factor_midas","Total","2019-10",13.6115413566158,-0.0281357655628783,99.7186423443712
"Italy","factor_midas","Total","2019-11",406.173621613363,0.0701483637916148,100.701483637916
"Italy","factor_midas","Total","2019-12",186.874990260451,0.0152434808822512,100.152434808823
"Italy","factor_midas","Total","2020-01",-3.78585678084664,-0.0324914795122635,99.6750852048774
"Italy","factor_midas","Total","2020-02",151.688370830859,0.00643395385584173,100.064339538558
"Italy","factor_midas","Total","2020-03",-7343.56230657022,-1.87012067067702,81.2987932932298
"Italy","factor_midas","Total","2020-04",-2425.49124529855,-0.638803748664388,93.6119625133561
"Italy","factor_midas","Total","2020-05",2122.80096072913,0.499933184935745,104.999331849357
"Italy","factor_midas","Total","2020-06",18.1080192658765,-0.0270100011584703,99.7298999884153
"Italy","factor_midas","Total","2020-07",-18421.7933555679,-4.64373113434313,53.5626886565687
"Italy","factor_midas","Total","2020-08",27130.3604281993,6.76097145927319,167.609714592732
"Italy","factor_midas","Total","2020-09",1692.54618931456,0.392212093837387,103.922120938374
"Italy","factor_midas","Total","2020-10",19245.6857286898,4.78691836790516,147.869183679052
"Italy","factor_midas","Total","2020-11",11692.5889032916,2.89588104476653,128.958810447665
"Italy","factor_midas","Total","2020-12",-6221.0886886899,-1.58909163653138,84.1090836346862
"Italy","factor_midas","Total","2021-01",-3121.03685385298,-0.812944599248843,91.8705540075116
"Italy","factor_midas","Total","2021-02",-6454.32452695154,-1.64748591975614,83.5251408024386
"Italy","factor_midas","Total","2021-03",-493.255673672913,-0.155037994364326,98.4496200563567
"Italy","factor_midas","Total","2021-04",2421.6867205571,0.574763964979338,105.747639649793
"Italy","factor_midas","Total","2021-05",-691.2817103608,-0.204616946546005,97.9538305345399
"Italy","factor_midas","Total","2021-06",4279.96637917164,1.04001368605439,110.400136860544
"Italy","factor_midas","Total","2021-07",247.542939938817,0.0304326621958427,100.304326621958
"Italy","factor_midas","Total","2021-08",1710.08887571957,0.39660418300384,103.966041830038
"Italy","factor_midas","Total","2021-09",-3663.73216822672,-0.948816959725183,90.5118304027482
"Italy","factor_midas","Total","2021-10",-2913.82859502604,-0.761066732439735,92.3893326756026
"Italy","factor_midas","Total","2021-11",586.145202783022,0.115207097310254,101.152070973103
"Italy","factor_midas","Total","2021-12",56.093321759916,-0.0174997795358113,99.8250022046419
"Italy","factor_midas","Total","2022-01",9854.94486907775,2.43579777883301,124.35797778833
"Italy","factor_midas","Total","2022-02",-5683.6693895686,-1.45454020997003,85.4545979002997
"Italy","factor_midas","Total","2022-03",-327.945473430276,-0.113649969587103,98.863500304129
"Italy","factor_midas","Total","2022-04",-9488.1447996563,-2.40705083729933,75.9294916270067
"Italy","factor_midas","Total","2022-05",3467.91148792491,0.836702892709188,108.367028927092
"Italy","factor_midas","Total","2022-06",583.023410549541,0.114425507220114,101.144255072201
"Italy","factor_midas","Total","2022-07",-225.315950824698,-0.0879550444207203,99.1204495557928
"Italy","factor_midas","Total","2022-08",18.5248756333413,-0.0269056345698397,99.7309436543016
"Italy","factor_midas","Total","2022-09",-236.775033656546,-0.0908240071554618,99.0917599284454
"Italy","factor_midas","Total","2022-10",-1835.13310421096,-0.490998245223551,95.0900175477645
"Italy","factor_midas","Total","2022-11",1775.48965361404,0.412978302761561,104.129783027616
"Italy","factor_midas","Total","2022-12",1279.97695447899,0.288918856707242,102.889188567072
"Italy","factor_midas","Total","2023-01",-2409.17144093464,-0.634717827369868,93.6528217263013
"Italy","factor_midas","Total","2023-02",-1378.91770450369,-0.376777499987499,96.232225000125
"Italy","factor_midas","Total","2023-03",-69.2701941773336,-0.0488865197137017,99.511134802863
"Italy","factor_midas","Total","2023-04",1023.57024455425,0.22472337906681,102.247233790668
"Italy","factor_midas","Total","2023-05",-166.673308549263,-0.0732729308673212,99.2672706913268
"Italy","factor_midas","Total","2023-06",-961.76159641645,-0.272335866548404,97.276641334516
"Italy","factor_midas","Total","2023-07",-701.096152932045,-0.207074147563953,97.9292585243605
"Italy","factor_midas","Total","2023-08",581.043897360115,0.113929904765997,101.13929904766
"Italy","factor_midas","Total","2023-09",306.37685293855,0.0451626634020592,100.451626634021
"Italy","factor_midas","Total","2023-10",-353.258148659099,-0.119987398420959,98.8001260157904
"Italy","factor_midas","Total","2023-11",-100.040749842247,-0.056590415289408,99.4340958471059
"Italy","factor_midas","Total","2023-12",542.277937908127,0.104224233319488,101.042242333195
"Italy","factor_midas","Total","2024-01",-140.557253767439,-0.0667343632483422,99.3326563675166
"Italy","factor_midas","Total","2024-02",326.583946048511,0.0502218289531456,100.502218289531
"Italy","factor_midas","Total","2024-03",347.75940916789,0.0555234412612043,100.555234412612
"Italy","factor_midas","Total","2024-04",-60.6267519470115,-0.046722497162982,99.5327750283702
"Italy","factor_midas","Total","2024-05",-545.953516729183,-0.168231733352711,98.3176826664729
"Italy","factor_midas","Total","2024-06",-261.706737264643,-0.0970660537149346,99.0293394628507
"Italy","factor_midas","Total","2024-07",-351.292062228792,-0.119495157568476,98.8050484243152
"Italy","factor_midas","Total","2024-08",138.373367602508,0.00310033207863182,100.031003320786
"Italy","factor_midas","Total","2024-09",-110.277614893341,-0.059153376460309,99.4084662353969
"Italy","factor_midas","Total","2024-10",626.693268799469,0.125358947338226,101.253589473382
"Italy","factor_midas","Total","2024-11",-374.54433920948,-0.125316733093707,98.7468326690629
"Italy","factor_midas","Total","2024-12",295.70588860862,0.0424910186067849,100.424910186068
"Italy","factor_midas","Total","2025-01",798.121669315735,0.168278760378637,101.682787603786
"Italy","factor_midas","Total","2025-02",-335.422513077991,-0.115521964792152,98.8447803520785
"Italy","factor_midas","Total","2025-03",270.705457913388,0.036231765133395,100.362317651334
"Italy","factor_midas","Total","2025-04",-526.400119585244,-0.163336230931902,98.366637690681
"Italy","factor_midas","Total","2025-05",470.242712034324,0.0861890745154831,100.861890745155
"Italy","factor_midas","Total","2025-06",-135.150125767185,-0.0653806031819963,99.34619396818
"Italy","factor_midas","Total","2025-07",-245.091412144632,-0.0929061441223063,99.0709385587769
"Italy","factor_midas","Total","2025-08",36.1401417511756,-0.0224953739236593,99.7750462607634
"Italy","factor_midas","Total","2025-09",292.466665864404,0.0416800279298648,100.416800279299
"Italy","sg_lasso","Total","2013-01",3124.35200371502,0.599595286441565,105.995952864416
"Italy","sg_lasso","Total","2013-02",-3719.74464523159,-0.790397996200735,92.0960200379926
"Italy","sg_lasso","Total","2013-03",3389.3374372297,0.653412172946251,106.534121729463
"Italy","sg_lasso","Total","2013-04",3381.00552891955,0.651720014407769,106.517200144078
"Italy","sg_lasso","Total","2013-05",-212.782871520259,-0.0781559636905222,99.2184403630948
"Italy","sg_lasso","Total","2013-06",-631.058894689307,-0.163105211533888,98.3689478846611
"Italy","sg_lasso","Total","2013-07",-1210.12769765223,-0.280710468676197,97.192895313238
"Italy","sg_lasso","Total","2013-08",1098.61308101112,0.188180363570939,101.881803635709
"Italy","sg_lasso","Total","2013-09",1688.93867703208,0.308071805075822,103.080718050758
"Italy","sg_lasso","Total","2013-10",-25.2784811337315,-0.0400749931151977,99.599250068848
"Italy","sg_lasso","Total","2013-11",-6.23881524094759,-0.0362081558900401,99.6379184410996
"Italy","sg_lasso","Total","2013-12",-173.040109002328,-0.0700844568478952,99.299155431521
"Italy","sg_lasso","Total","2014-01",107.968771540652,-0.0130133083307725,99.8698669166923
"Italy","sg_lasso","Total","2014-02",154.365185098634,-0.00359048651918767,99.9640951348081
"Italy","sg_lasso","Total","2014-03",119.471785671488,-0.0106771180061572,99.8932288199384
"Italy","sg_lasso","Total","2014-04",-224.350393761487,-0.0805052552094543,99.1949474479055
"Italy","sg_lasso","Total","2014-05",-334.411269183139,-0.102857931590986,98.9714206840901
"Italy","sg_lasso","Total","2014-06",-456.489799138482,-0.127651318548619,98.7234868145138
"Italy","sg_lasso","Total","2014-07",234.917080821296,0.0127691003922328,100.127691003922
"Italy","sg_lasso","Total","2014-08",200.756060581905,0.00583121054401321,100.05831210544
"Italy","sg_lasso","Total","2014-09",269.355526719012,0.0197633336589171,100.197633336589
"Italy","sg_lasso","Total","2014-10",-93.4988735039899,-0.0539301287156682,99.4606987128433
"Italy","sg_lasso","Total","2014-11",-106.78167750822,-0.0566277832473843,99.4337221675262
"Italy","sg_lasso","Total","2014-12",-120.631331359172,-0.0594405614425472,99.4055943855745
"Italy","sg_lasso","Total","2015-01",1146.02571339181,0.197809573078331,101.978095730783
"Italy","sg_lasso","Total","2015-02",-80.099314683456,-0.0512087620099863,99.4879123799001
"Italy","sg_lasso","Total","2015-03",-618.386330339814,-0.160531492864623,98.3946850713538
"Italy","sg_lasso","Total","2015-04",-1187.17302866998,-0.276048518775838,97.2395148122416
"Italy","sg_lasso","Total","2015-05",-1452.22523140473,-0.329878965692093,96.7012103430791
"Italy","sg_lasso","Total","2015-06",9581.13526686118,1.91092763950407,119.109276395041
"Italy","sg_lasso","Total","2015-07",-586.780802114809,-0.15411260748347,98.4588739251653
"Italy","sg_lasso","Total","2015-08",440.678028366571,0.0545578636999613,100.545578637
"Italy","sg_lasso","Total","2015-09",438.40089891813,0.0540953929314447,100.540953929314
"Italy","sg_lasso","Total","2015-10",2215.78654736691,0.415071316962102,104.150713169621
"Italy","sg_lasso","Total","2015-11",-993.054565760468,-0.236624271381172,97.6337572861883
"Italy","sg_lasso","Total","2015-12",-4741.56816712773,-0.997923971407432,90.0207602859257
"Italy","sg_lasso","Total","2016-01",-474.432974923742,-0.13129546548138,98.6870453451862
"Italy","sg_lasso","Total","2016-02",3369.52688407626,0.64938877333325,106.493887733332
"Italy","sg_lasso","Total","2016-03",1687.11863966434,0.307702166853997,103.07702166854
"Italy","sg_lasso","Total","2016-04",-466.769137772421,-0.129738988022629,98.7026101197737
"Italy","sg_lasso","Total","2016-05",-1215.76773230842,-0.281855924488423,97.1814407551158
"Italy","sg_lasso","Total","2016-06",160.48546898484,-0.00234749508787874,99.9765250491212
"Italy","sg_lasso","Total","2016-07",44.4165979394563,-0.0259203578559389,99.7407964214406
"Italy","sg_lasso","Total","2016-08",237.398372132953,0.0132730351600173,100.1327303516
"Italy","sg_lasso","Total","2016-09",-165.170893034845,-0.0684862682343334,99.3151373176567
"Italy","sg_lasso","Total","2016-10",-1645.02598510188,-0.369035594575858,96.3096440542414
"Italy","sg_lasso","Total","2016-11",1889.33523190288,0.348771093736209,103.487710937362
"Italy","sg_lasso","Total","2016-12",586.694203752593,0.0842128369351694,100.842128369352
"Italy","sg_lasso","Total","2017-01",124.016855894296,-0.00975404263143797,99.9024595736856
"Italy","sg_lasso","Total","2017-02",0.710136982021709,-0.0347968670952192,99.6520313290478
"Italy","sg_lasso","Total","2017-03",362.285424916335,0.0386368155625944,100.386368155626
"Italy","sg_lasso","Total","2017-04",-687.794138340368,-0.174627785163263,98.2537221483674
"Italy","sg_lasso","Total","2017-05",1726.03744237168,0.315606332605368,103.156063326054
"Italy","sg_lasso","Total","2017-06",-1989.34053521656,-0.438963729189366,95.6103627081063
"Italy","sg_lasso","Total","2017-07",1266.2326273675,0.222222846520209,102.222228465202
"Italy","sg_lasso","Total","2017-08",-1465.67088966003,-0.332609694905049,96.6739030509495
"Italy","sg_lasso","Total","2017-09",-1562.54406404599,-0.352284031573782,96.4771596842622
"Italy","sg_lasso","Total","2017-10",-835.014401924302,-0.204527301190991,97.9547269880901
"Italy","sg_lasso","Total","2017-11",2678.21503605517,0.508987654785596,105.089876547856
"Italy","sg_lasso","Total","2017-12",647.496273088068,0.0965613574605291,100.965613574605
"Italy","sg_lasso","Total","2018-01",-1058.93500821052,-0.250004177767673,97.4999582223233
"Italy","sg_lasso","Total","2018-02",-3681.49370085505,-0.78262946830505,92.1737053169495
"Italy","sg_lasso","Total","2018-03",4250.31566064461,0.828271472636622,108.282714726366
"Italy","sg_lasso","Total","2018-04",483.381260169557,0.0632306233639269,100.632306233639
"Italy","sg_lasso","Total","2018-05",2549.0064762423,0.482746203296535,104.827462032965
"Italy","sg_lasso","Total","2018-06",-2904.01884569435,-0.624729181162991,93.7527081883701
"Italy","sg_lasso","Total","2018-07",-162.063713527189,-0.0678552194831049,99.321447805169
"Italy","sg_lasso","Total","2018-08",370.670398013361,0.0403397512278581,100.403397512279
"Italy","sg_lasso","Total","2018-09",70.0848508194645,-0.0207072960144076,99.7929270398559
"Italy","sg_lasso","Total","2018-10",69.1043773795632,-0.0209064240462249,99.7909357595377
"Italy","sg_lasso","Total","2018-11",-52.8582691525926,-0.0456762758043917,99.5432372419561
"Italy","sg_lasso","Total","2018-12",311.432987199765,0.0283090030757709,100.283090030758
"Italy","sg_lasso","Total","2019-01",-1.67407535817972,-0.0352810857302355,99.6471891426976
"Italy","sg_lasso","Total","2019-02",38.8620307789957,-0.0270484557535941,99.7295154424641
"Italy","sg_lasso","Total","2019-03",-495.149378027219,-0.135502837561489,98.6449716243851
"Italy","sg_lasso","Total","2019-04",13.6688666680407,-0.0321650300334331,99.6783496996657
"Italy","sg_lasso","Total","2019-05",18.8191728260482,-0.0311190350204486,99.6888096497955
"Italy","sg_lasso","Total","2019-06",7.10926859928537,-0.0334972434313556,99.6650275656864
"Italy","sg_lasso","Total","2019-07",14.3000579401416,-0.0320368390283546,99.6796316097165
"Italy","sg_lasso","Total","2019-08",22.7136345395943,-0.0303280941703994,99.696719058296
"Italy","sg_lasso","Total","2019-09",12.6328806917913,-0.0323754323146633,99.6762456768534
"Italy","sg_lasso","Total","2019-10",-42.5560536795938,-0.0435839601872524,99.5641603981275
"Italy","sg_lasso","Total","2019-11",12.1588724798839,-0.0324717004219481,99.6752829957805
"Italy","sg_lasso","Total","2019-12",0,-0.0349410914809046,99.650589085191
"Italy","sg_lasso","Total","2020-01",10.4304382283914,-0.0328227346229969,99.67177265377
"Italy","sg_lasso","Total","2020-02",39.8701818055281,-0.0268437065768003,99.731562934232
"Italy","sg_lasso","Total","2020-03",-46.9295730808901,-0.0444721946615922,99.5552780533841
"Italy","sg_lasso","Total","2020-04",-58.204460696953,-0.0467620539158864,99.5323794608411
"Italy","sg_lasso","Total","2020-05",-58.204460696953,-0.0467620539158864,99.5323794608411
"Italy","sg_lasso","Total","2020-06",-12.0887384590496,-0.0373962387582717,99.6260376124173
"Italy","sg_lasso","Total","2020-07",-7183.57803233877,-1.49388092276229,85.0611907723771
"Italy","sg_lasso","Total","2020-08",-11182.7134974828,-2.30608035799124,76.9391964200876
"Italy","sg_lasso","Total","2020-09",922.047433927714,0.152320983439436,101.523209834394
"Italy","sg_lasso","Total","2020-10",35830.8460061021,7.24207994058446,172.420799405845
"Italy","sg_lasso","Total","2020-11",24686.4465507988,4.97872201673949,149.787220167395
"Italy","sg_lasso","Total","2020-12",-9676.12730974089,-2.00010211307484,79.9989788692516
"Italy","sg_lasso","Total","2021-01",-11020.4846598538,-2.2731326943153,77.268673056847
"Italy","sg_lasso","Total","2021-02",-4714.51277055678,-0.992429189346074,90.0757081065393
"Italy","sg_lasso","Total","2021-03",4129.95024602041,0.803826008702993,108.03826008703
"Italy","sg_lasso","Total","2021-04",5153.83678592124,1.01177096998128,110.117709699813
"Italy","sg_lasso","Total","2021-05",3107.0503658291,0.596081431849251,105.960814318493
"Italy","sg_lasso","Total","2021-06",-1176.93416330278,-0.273969069169515,97.2603093083049
"Italy","sg_lasso","Total","2021-07",-117.760784034804,-0.0588575712097906,99.4114242879021
"Italy","sg_lasso","Total","2021-08",-3267.29914614315,-0.698509141213355,93.0149085878664
"Italy","sg_lasso","Total","2021-09",-1383.72554848074,-0.315967107924549,96.8403289207545
"Italy","sg_lasso","Total","2021-10",-680.558535880867,-0.173158279495758,98.2684172050424
"Italy","sg_lasso","Total","2021-11",3955.74464455125,0.768445939095404,107.684459390954
"Italy","sg_lasso","Total","2021-12",1076.39076927255,0.183667150852625,101.836671508526
"Italy","sg_lasso","Total","2022-01",-3020.06314621135,-0.648297053810199,93.517029461898
"Italy","sg_lasso","Total","2022-02",-3601.90584513013,-0.766465671895983,92.3353432810402
"Italy","sg_lasso","Total","2022-03",-1557.07225424192,-0.351172741178325,96.4882725882168
"Italy","sg_lasso","Total","2022-04",2028.83086527102,0.377101785613492,103.771017856135
"Italy","sg_lasso","Total","2022-05",16.102768775509,-0.0316707197170364,99.6832928028296
"Italy","sg_lasso","Total","2022-06",399.113343203386,0.0461163357474211,100.461163357474
"Italy","sg_lasso","Total","2022-07",-2886.98157521186,-0.621269017939132,93.7873098206087
"Italy","sg_lasso","Total","2022-08",-1609.15698845036,-0.361750825385988,96.3824917461401
"Italy","sg_lasso","Total","2022-09",1241.38662734277,0.21717677909797,102.17176779098
"Italy","sg_lasso","Total","2022-10",-1275.02233379176,-0.293890163958165,97.0610983604183
"Italy","sg_lasso","Total","2022-11",764.464519801516,0.120316877809466,101.203168778095
"Italy","sg_lasso","Total","2022-12",1042.37346077126,0.176758447960821,101.767584479608
"Italy","sg_lasso","Total","2023-01",4962.31210712012,0.972873503938806,109.728735039388
"Italy","sg_lasso","Total","2023-02",2947.58839560023,0.563695701661009,105.63695701661
"Italy","sg_lasso","Total","2023-03",1300.61837672266,0.229206377448231,102.292063774482
"Italy","sg_lasso","Total","2023-04",-747.687317068389,-0.186791715682984,98.1320828431702
"Italy","sg_lasso","Total","2023-05",-1770.78015480572,-0.394575481009153,96.0542451899085
"Italy","sg_lasso","Total","2023-06",-636.004178258578,-0.164109567739627,98.3589043226037
"Italy","sg_lasso","Total","2023-07",119.586678507905,-0.0106537839886768,99.8934621601132
"Italy","sg_lasso","Total","2023-08",-1583.80958834619,-0.356602926739251,96.4339707326075
"Italy","sg_lasso","Total","2023-09",-1901.94185611337,-0.421213603336901,95.787863966631
"Italy","sg_lasso","Total","2023-10",1284.65806315549,0.225964937447432,102.259649374474
"Italy","sg_lasso","Total","2023-11",1362.67057619686,0.241808791596721,102.418087915967
"Italy","sg_lasso","Total","2023-12",959.773616239523,0.159982935437327,101.599829354373
"Italy","sg_lasso","Total","2024-01",1166.90089698331,0.202049192483849,102.020491924838
"Italy","sg_lasso","Total","2024-02",2409.67734897675,0.454449327768728,104.544493277687
"Italy","sg_lasso","Total","2024-03",-580.518707894407,-0.152840815259003,98.47159184741
"Italy","sg_lasso","Total","2024-04",5479.36706007338,1.07788413546935,110.778841354693
"Italy","sg_lasso","Total","2024-05",-13658.7666037232,-2.80895127897239,71.9104872102761
"Italy","sg_lasso","Total","2024-06",-943.395280361995,-0.226538780677981,97.7346121932202
"Italy","sg_lasso","Total","2024-07",-11392.4671205791,-2.348680008766,76.51319991234
"Italy","sg_lasso","Total","2024-08",-6296.81795800435,-1.31378549017807,86.8621450982193
"Italy","sg_lasso","Total","2024-09",-1203.09645958255,-0.279282468139848,97.2071753186015
"Italy","sg_lasso","Total","2024-10",-2453.43164974506,-0.533217735936609,94.6678226406339
"Italy","sg_lasso","Total","2024-11",-2794.08349116271,-0.602401997290244,93.9759800270976
"Italy","sg_lasso","Total","2024-12",600.040183847569,0.0869233221363319,100.869233221363
"Italy","sg_lasso","Total","2025-01",2886.59848776525,0.551309032309598,105.513090323096
"Italy","sg_lasso","Total","2025-02",14536.4936489181,2.91732997679493,129.173299767949
"Italy","sg_lasso","Total","2025-03",11336.0149105383,2.26733273453329,122.673327345333
"Italy","sg_lasso","Total","2025-04",872.698796885395,0.142298583477137,101.422985834771
"Italy","sg_lasso","Total","2025-05",-12688.0298196236,-2.61180070113537,73.8819929886463
"Italy","sg_lasso","Total","2025-06",201.476616713101,0.00597755099382,100.059775509938
"Italy","sg_lasso","Total","2025-07",-2730.24629439025,-0.589437061339187,94.1056293866081
"Italy","sg_lasso","Total","2025-08",-793.055679552832,-0.19600574674252,98.0399425325748
"Italy","sg_lasso","Total","2025-09",1459.51404589261,0.261477095428401,102.614770954284
"Spain","factor_midas","Total","2013-01",-34648.3268721238,-7.66089180657694,23.3910819342306
"Spain","factor_midas","Total","2013-02",7859.70170831831,1.75316146344031,117.531614634403
"Spain","factor_midas","Total","2013-03",-6676.47990081001,-1.46609834655099,85.3390165344901
"Spain","factor_midas","Total","2013-04",-4794.26006173954,-1.04925196664042,89.5074803335958
"Spain","factor_midas","Total","2013-05",-13771.5709602597,-3.03741481122501,69.6258518877499
"Spain","factor_midas","Total","2013-06",5992.00648087451,1.3395317809901,113.395317809901
"Spain","factor_midas","Total","2013-07",-1026.91957845765,-0.214916779140657,97.8508322085934
"Spain","factor_midas","Total","2013-08",3507.30475277663,0.789256569234463,107.892565692345
"Spain","factor_midas","Total","2013-09",-1172.60533689912,-0.247181119230095,97.5281888076991
"Spain","factor_midas","Total","2013-10",1009.37345608802,0.236051467111956,102.36051467112
"Spain","factor_midas","Total","2013-11",1252.77615729724,0.289956719173069,102.899567191731
"Spain","factor_midas","Total","2013-12",-272.79116306381,-0.0479035039539152,99.5209649604608
"Spain","factor_midas","Total","2014-01",1210.94733890261,0.280693087390104,102.806930873901
"Spain","factor_midas","Total","2014-02",-16035.0148978118,-3.53868910018645,64.6131089981355
"Spain","factor_midas","Total","2014-03",3.43589369445783,0.0132712038314951,100.132712038315
"Spain","factor_midas","Total","2014-04",4114.1532873806,0.923652461548843,109.236524615488
"Spain","factor_midas","Total","2014-05",-3687.78758935255,-0.804206709433372,91.9579329056663
"Spain","factor_midas","Total","2014-06",-470.947292444628,-0.0917882104450965,99.082117895549
"Spain","factor_midas","Total","2014-07",1763.1782865093,0.40299307945592,104.029930794559
"Spain","factor_midas","Total","2014-08",-2268.553576819,-0.489895624144453,95.1010437585555
"Spain","factor_midas","Total","2014-09",445.546067538593,0.111183265782546,101.111832657825
"Spain","factor_midas","Total","2014-10",437.979244120965,0.109507476970003,101.0950747697
"Spain","factor_midas","Total","2014-11",-2772.60134219431,-0.601524713338665,93.9847528666133
"Spain","factor_midas","Total","2014-12",-948.481577474971,-0.197545483780601,98.024545162194
"Spain","factor_midas","Total","2015-01",-4723.9824754596,-1.03368791996449,89.6631208003551
"Spain","factor_midas","Total","2015-02",3984.12637600911,0.894856012711641,108.948560127116
"Spain","factor_midas","Total","2015-03",-3406.2119331958,-0.741847472481619,92.5815252751838
"Spain","factor_midas","Total","2015-04",7384.77845595275,1.64798244323526,116.479824432353
"Spain","factor_midas","Total","2015-05",-4084.83348193594,-0.892138596849608,91.0786140315039
"Spain","factor_midas","Total","2015-06",4456.29399346222,0.999424755406188,109.994247554062
"Spain","factor_midas","Total","2015-07",2949.9606152521,0.665824183033381,106.658241830334
"Spain","factor_midas","Total","2015-08",2897.3869193229,0.654180933731839,106.541809337318
"Spain","factor_midas","Total","2015-09",-2586.32198124576,-0.560270298922437,94.3972970107756
"Spain","factor_midas","Total","2015-10",-1149.15431439811,-0.241987531514233,97.5801246848577
"Spain","factor_midas","Total","2015-11",1456.5564495902,0.335086982586608,103.350869825866
"Spain","factor_midas","Total","2015-12",434.316545994821,0.10869631643344,101.086963164334
"Spain","factor_midas","Total","2016-01",263.642107849181,0.0708978509155036,100.708978509155
"Spain","factor_midas","Total","2016-02",1022.45390373672,0.238948332364777,102.389483323648
"Spain","factor_midas","Total","2016-03",-193.951958081818,-0.0304433558300908,99.6955664416991
"Spain","factor_midas","Total","2016-04",9.26510824608158,0.0145621725765522,100.145621725766
"Spain","factor_midas","Total","2016-05",1462.11728967587,0.336318515700252,103.363185157003
"Spain","factor_midas","Total","2016-06",450.760460680117,0.112338072920031,101.1233807292
"Spain","factor_midas","Total","2016-07",-424.83509496205,-0.0815759588306268,99.1842404116937
"Spain","factor_midas","Total","2016-08",-1902.0156195573,-0.408720185753678,95.9127981424632
"Spain","factor_midas","Total","2016-09",-580.518433396103,-0.116054415964878,98.8394558403512
"Spain","factor_midas","Total","2016-10",-904.028896419461,-0.187700757468259,98.1229924253174
"Spain","factor_midas","Total","2016-11",-1141.11625255761,-0.240207379743351,97.5979262025665
"Spain","factor_midas","Total","2016-12",-551.482128409662,-0.109623881991995,98.9037611800801
"Spain","factor_midas","Total","2017-01",125.017024588694,0.0401972053679177,100.401972053679
"Spain","factor_midas","Total","2017-02",-242.592233729396,-0.0412154890318948,99.5878451096811
"Spain","factor_midas","Total","2017-03",-321.187684058659,-0.0586216539586095,99.4137834604139
"Spain","factor_midas","Total","2017-04",-591.209719551391,-0.118422164852607,98.8157783514739
"Spain","factor_midas","Total","2017-05",618.898850986212,0.149574891844275,101.495748918443
"Spain","factor_midas","Total","2017-06",1592.40930629913,0.36517367615137,103.651736761514
"Spain","factor_midas","Total","2017-07",88.0143013217226,0.0320023861866008,100.320023861866
"Spain","factor_midas","Total","2017-08",4176.74858044431,0.937515146858723,109.375151468587
"Spain","factor_midas","Total","2017-09",-3492.63474907115,-0.760987127261323,92.3901287273868
"Spain","factor_midas","Total","2017-10",464.443984086878,0.115368498526079,101.153684985261
"Spain","factor_midas","Total","2017-11",-1732.354679858,-0.371146174972449,96.2885382502755
"Spain","factor_midas","Total","2017-12",388.958151796581,0.0986510060889109,100.986510060889
"Spain","factor_midas","Total","2018-01",-623.971319876853,-0.125677722472534,98.7432227752747
"Spain","factor_midas","Total","2018-02",3728.71703527418,0.838291706635001,108.38291706635
"Spain","factor_midas","Total","2018-03",-415.992102955812,-0.0796175429597162,99.2038245704028
"Spain","factor_midas","Total","2018-04",245.870804055263,0.0669621238027534,100.669621238028
"Spain","factor_midas","Total","2018-05",4280.61938271834,0.960518925167489,109.605189251675
"Spain","factor_midas","Total","2018-06",-260.541762249695,-0.0451906867370063,99.5480931326299
"Spain","factor_midas","Total","2018-07",-977.3239548537,-0.20393306951781,97.9606693048219
"Spain","factor_midas","Total","2018-08",-116.387541584958,-0.0132655291196041,99.867344708804
"Spain","factor_midas","Total","2018-09",-545.476361189286,-0.108293812957319,98.9170618704268
"Spain","factor_midas","Total","2018-10",2031.08845087964,0.462325884179822,104.623258841798
"Spain","factor_midas","Total","2018-11",-532.857273360243,-0.105499122895021,98.9450087710498
"Spain","factor_midas","Total","2018-12",80.0350525960494,0.030235259479794,100.302352594798
"Spain","factor_midas","Total","2019-01",-2096.25519620939,-0.45173751172277,95.4826248827723
"Spain","factor_midas","Total","2019-02",-527.319287354715,-0.104272651167075,98.9572734883292
"Spain","factor_midas","Total","2019-03",-356.489129728012,-0.0664396991876658,99.3356030081233
"Spain","factor_midas","Total","2019-04",-1057.46395351544,-0.221681298303179,97.7831870169682
"Spain","factor_midas","Total","2019-05",-273.824441917825,-0.0481323393645264,99.5186766063547
"Spain","factor_midas","Total","2019-06",-752.328667390149,-0.154104420850267,98.4589557914973
"Spain","factor_midas","Total","2019-07",-437.831051781629,-0.084454112296691,99.1554588770331
"Spain","factor_midas","Total","2019-08",495.973643931605,0.122351224078784,101.223512240788
"Spain","factor_midas","Total","2019-09",420.588410420278,0.105656010780305,101.056560107803
"Spain","factor_midas","Total","2019-10",-200.514856044227,-0.0318968099912708,99.6810319000873
"Spain","factor_midas","Total","2019-11",-1853.66342610211,-0.39801185276082,96.0198814723918
"Spain","factor_midas","Total","2019-12",-218.040590077004,-0.0357781519233836,99.6422184807662
"Spain","factor_midas","Total","2020-01",-279.533163555438,-0.0493966231103248,99.5060337688968
"Spain","factor_midas","Total","2020-02",-4760.64923636867,-1.04180833514168,89.5819166485832
"Spain","factor_midas","Total","2020-03",-1069.18844759759,-0.224277866893615,97.7572213310638
"Spain","factor_midas","Total","2020-04",4651.0592332582,1.04255849752074,110.425584975207
"Spain","factor_midas","Total","2020-05",-6323.30166651705,-1.38788162320537,86.1211837679463
"Spain","factor_midas","Total","2020-06",-5478.96496436349,-1.20089034279672,87.9910965720328
"Spain","factor_midas","Total","2020-07",18321.5516075168,4.0700981820557,140.700981820557
"Spain","factor_midas","Total","2020-08",10585.2961319119,2.35678604809061,123.567860480906
"Spain","factor_midas","Total","2020-09",7682.95815893098,1.71401890038506,117.140189003851
"Spain","factor_midas","Total","2020-10",65.2091103870625,0.0269518277518447,100.269518277518
"Spain","factor_midas","Total","2020-11",-29.6241632929004,0.00594954841762835,100.059495484176
"Spain","factor_midas","Total","2020-12",-748.759131356183,-0.153313892484328,98.4668610751567
"Spain","factor_midas","Total","2021-01",223.775535537003,0.0620687885483884,100.620687885484
"Spain","factor_midas","Total","2021-02",-848.219105730465,-0.175340825472343,98.2465917452766
"Spain","factor_midas","Total","2021-03",2906.49250635881,0.656197505289575,106.561975052896
"Spain","factor_midas","Total","2021-04",-1988.12551101613,-0.427790538633834,95.7220946136617
"Spain","factor_midas","Total","2021-05",4685.69365151043,1.05022881932326,110.502288193233
"Spain","factor_midas","Total","2021-06",782.831787605559,0.18588034870931,101.858803487093
"Spain","factor_midas","Total","2021-07",780.722872196368,0.185413297127124,101.854132971271
"Spain","factor_midas","Total","2021-08",-5890.38463460771,-1.29200552318394,87.0799447681606
"Spain","factor_midas","Total","2021-09",539.483275371176,0.131987097625726,101.319870976257
"Spain","factor_midas","Total","2021-10",9.79021980655443,0.014678466565431,100.146784665654
"Spain","factor_midas","Total","2021-11",8506.81495852142,1.896474593044,118.96474593044
"Spain","factor_midas","Total","2021-12",-2021.43433161998,-0.435167286556471,95.6483271344353
"Spain","factor_midas","Total","2022-01",2590.47382222599,0.58621033284009,105.862103328401
"Spain","factor_midas","Total","2022-02",1290.84442695573,0.298387519904846,102.983875199048
"Spain","factor_midas","Total","2022-03",5832.32507344048,1.30416789030835,113.041678903084
"Spain","factor_midas","Total","2022-04",-1600.53530165876,-0.341952756932845,96.5804724306715
"Spain","factor_midas","Total","2022-05",-2464.67166154231,-0.533328974465678,94.6667102553432
"Spain","factor_midas","Total","2022-06",4370.18749387148,0.980355153707113,109.803551537071
"Spain","factor_midas","Total","2022-07",-3649.65192949863,-0.795760984111799,92.042390158882
"Spain","factor_midas","Total","2022-08",162.172045074279,0.0484257530983295,100.484257530983
"Spain","factor_midas","Total","2022-09",-1736.66880410205,-0.372101603789151,96.2789839621085
"Spain","factor_midas","Total","2022-10",149.812825606603,0.0456886148604469,100.456886148604
"Spain","factor_midas","Total","2022-11",-972.561477336007,-0.202878346009191,97.9712165399081
"Spain","factor_midas","Total","2022-12",408.073159205048,0.102884316924758,101.028843169248
"Spain","factor_midas","Total","2023-01",5148.01530348369,1.15261702232643,111.526170223264
"Spain","factor_midas","Total","2023-02",-489.564406693711,-0.0959112552234069,99.0408874477659
"Spain","factor_midas","Total","2023-03",-2737.15590304921,-0.593674778551413,94.0632522144859
"Spain","factor_midas","Total","2023-04",-312.515170824867,-0.0567009932200542,99.4329900677995
"Spain","factor_midas","Total","2023-05",2103.33714652801,0.47832646318188,104.783264631819
"Spain","factor_midas","Total","2023-06",685.670650723971,0.164362528454537,101.643625284545
"Spain","factor_midas","Total","2023-07",2703.74660574869,0.611296323739616,106.112963237396
"Spain","factor_midas","Total","2023-08",-2554.44894419869,-0.553211527234861,94.4678847276514
"Spain","factor_midas","Total","2023-09",-580.769449798407,-0.11611000738753,98.8388999261247
"Spain","factor_midas","Total","2023-10",343.656597184085,0.0886182837402473,100.886182837402
"Spain","factor_midas","Total","2023-11",-914.360640750741,-0.189988880318342,98.1001111968166
"Spain","factor_midas","Total","2023-12",556.59827841382,0.135777476896198,101.357774768962
"Spain","factor_midas","Total","2024-01",2378.98372018475,0.539372614103501,105.393726141035
"Spain","factor_midas","Total","2024-02",1658.39888668138,0.379788078317987,103.79788078318
"Spain","factor_midas","Total","2024-03",-358.529727101469,-0.0668916206956234,99.3310837930438
"Spain","factor_midas","Total","2024-04",2883.60065351976,0.651127754250231,106.511277542502
"Spain","factor_midas","Total","2024-05",-323.218444881297,-0.0590713970118965,99.409286029881
"Spain","factor_midas","Total","2024-06",296.60912555687,0.0781989013574566,100.781989013575
"Spain","factor_midas","Total","2024-07",-1789.90130995431,-0.383890756627451,96.1610924337255
"Spain","factor_midas","Total","2024-08",14.5563696328161,0.0157340033629657,100.15734003363
"Spain","factor_midas","Total","2024-09",-832.13099140202,-0.171777866418255,98.2822213358175
"Spain","factor_midas","Total","2024-10",180.987832235381,0.0525927970325528,100.525927970326
"Spain","factor_midas","Total","2024-11",980.063419620054,0.229560311114604,102.295603111146
"Spain","factor_midas","Total","2024-12",685.817105882943,0.164394963190145,101.643949631901
"Spain","factor_midas","Total","2025-01",1354.49532188553,0.312483984397888,103.124839843979
"Spain","factor_midas","Total","2025-02",-3489.91937523683,-0.760385766182535,92.3961423381747
"Spain","factor_midas","Total","2025-03",-466.016935255286,-0.0906963074147586,99.0930369258524
"Spain","factor_midas","Total","2025-04",-377.357505480125,-0.0710613202684307,99.2893867973157
"Spain","factor_midas","Total","2025-05",1822.33023321867,0.416093183035022,104.16093183035
"Spain","factor_midas","Total","2025-06",1574.0785806939,0.361114056519771,103.611140565198
"Spain","factor_midas","Total","2025-07",631.370052289618,0.152336830172918,101.523368301729
"Spain","factor_midas","Total","2025-08",395.823529206703,0.100171448951495,101.001714489515
"Spain","factor_midas","Total","2025-09",217.302589744407,0.0606352556714139,100.606352556714
"Spain","sg_lasso","Total","2013-01",-5306.5855496825,-2.66879003254185,73.3120996745815
"Spain","sg_lasso","Total","2013-02",2177.22427649846,0.830310018976494,108.303100189765
"Spain","sg_lasso","Total","2013-03",-1338.70355646726,-0.813583071201508,91.8641692879849
"Spain","sg_lasso","Total","2013-04",8793.37016896273,3.92372860802,139.2372860802
"Spain","sg_lasso","Total","2013-05",7060.55301922992,3.11353958415004,131.1353958415
"Spain","sg_lasso","Total","2013-06",5438.12504415373,2.3549636792261,123.549636792261
"Spain","sg_lasso","Total","2013-07",-3191.00787461416,-1.67963903542194,83.2036096457806
"Spain","sg_lasso","Total","2013-08",-3326.21248237167,-1.74285475855733,82.5714524144267
"Spain","sg_lasso","Total","2013-09",1.60055579521321,-0.186915865968539,98.1308413403146
"Spain","sg_lasso","Total","2013-10",2465.29341144813,0.96499846621856,109.649984662186
"Spain","sg_lasso","Total","2013-11",3949.05200664655,1.65873867307641,116.587386730764
"Spain","sg_lasso","Total","2013-12",474.872073163447,0.0343650630326237,100.343650630326
"Spain","sg_lasso","Total","2014-01",-72.7586784139389,-0.221682970731393,97.7831702926861
"Spain","sg_lasso","Total","2014-02",-651.546465291893,-0.492298662727982,95.0770133727202
"Spain","sg_lasso","Total","2014-03",-130.519718520945,-0.248689490553305,97.513105094467
"Spain","sg_lasso","Total","2014-04",74.6499765742169,-0.152761172310104,98.472388276899
"Spain","sg_lasso","Total","2014-05",665.385048176091,0.123440544126434,101.234405441264
"Spain","sg_lasso","Total","2014-06",900.748628851309,0.233486194188932,102.334861941889
"Spain","sg_lasso","Total","2014-07",118.754358967597,-0.132139904494749,98.6786009550525
"Spain","sg_lasso","Total","2014-08",-418.162193861326,-0.38317845054282,96.1682154945718
"Spain","sg_lasso","Total","2014-09",125.145195030868,-0.129151830864122,98.7084816913588
"Spain","sg_lasso","Total","2014-10",-102.17351630911,-0.235436054145448,97.6456394585455
"Spain","sg_lasso","Total","2014-11",93.103587495826,-0.144133076136333,98.5586692386367
"Spain","sg_lasso","Total","2014-12",33.452842338636,-0.172023138858456,98.2797686114154
"Spain","sg_lasso","Total","2015-01",10.372867224624,-0.182814319284762,98.1718568071524
"Spain","sg_lasso","Total","2015-02",65.5153256046151,-0.15703213301337,98.4296786698663
"Spain","sg_lasso","Total","2015-03",29.0850268619174,-0.174065337112365,98.2593466288764
"Spain","sg_lasso","Total","2015-04",5.21052953981314,-0.185228001149805,98.1477199885019
"Spain","sg_lasso","Total","2015-05",0.379349926146801,-0.187486848077734,98.1251315192227
"Spain","sg_lasso","Total","2015-06",5.38506774116468,-0.185146394769695,98.148536052303
"Spain","sg_lasso","Total","2015-07",-24.5902573696403,-0.199161537334191,98.0083846266581
"Spain","sg_lasso","Total","2015-08",-146.646379031373,-0.256229607142779,97.4377039285722
"Spain","sg_lasso","Total","2015-09",-59.7121105774455,-0.215582969896376,97.8441703010362
"Spain","sg_lasso","Total","2015-10",-226.436735272207,-0.293536065499892,97.0646393450011
"Spain","sg_lasso","Total","2015-11",-235.205813767997,-0.297636100606215,97.0236389939379
"Spain","sg_lasso","Total","2015-12",-980.349660716152,-0.646032563611396,93.539674363886
"Spain","sg_lasso","Total","2016-01",-77.3977500313781,-0.223851996416518,97.7614800358348
"Spain","sg_lasso","Total","2016-02",90.0751039647242,-0.145549061727339,98.5445093827266
"Spain","sg_lasso","Total","2016-03",-136.177165901866,-0.251334663918452,97.4866533608155
"Spain","sg_lasso","Total","2016-04",131.437061235387,-0.126210031182981,98.7378996881702
"Spain","sg_lasso","Total","2016-05",162.100574756279,-0.111873122010686,98.8812687798931
"Spain","sg_lasso","Total","2016-06",-85.2855257394906,-0.227539973132611,97.7246002686739
"Spain","sg_lasso","Total","2016-07",-298.320731353761,-0.327145857869598,96.728541421304
"Spain","sg_lasso","Total","2016-08",-203.940580084951,-0.283017853572684,97.1698214642732
"Spain","sg_lasso","Total","2016-09",88.7138833023658,-0.146185508590689,98.5381449140931
"Spain","sg_lasso","Total","2016-10",1541.50579346306,0.533076039438632,105.330760394386
"Spain","sg_lasso","Total","2016-11",2470.44638179087,0.967407768326784,109.674077683268
"Spain","sg_lasso","Total","2016-12",-1641.55161522096,-0.955181492673967,90.4481850732603
"Spain","sg_lasso","Total","2017-01",-145.667456657552,-0.255771906131099,97.442280938689
"Spain","sg_lasso","Total","2017-02",67.3111611050639,-0.156192479382654,98.4380752061735
"Spain","sg_lasso","Total","2017-03",-184.908551501291,-0.274119314760993,97.2588068523901
"Spain","sg_lasso","Total","2017-04",106.888905646117,-0.137687668172981,98.6231233182702
"Spain","sg_lasso","Total","2017-05",-182.399406348946,-0.272946148935598,97.270538510644
"Spain","sg_lasso","Total","2017-06",-383.559619611616,-0.366999809963759,96.3300019003624
"Spain","sg_lasso","Total","2017-07",-124.834997641151,-0.246031565300613,97.5396843469939
"Spain","sg_lasso","Total","2017-08",438.613024665631,0.0174119280100227,100.1741192801
"Spain","sg_lasso","Total","2017-09",-574.25104975043,-0.456158728819308,95.4384127118069
"Spain","sg_lasso","Total","2017-10",-127.99714657441,-0.247510046949968,97.5248995305003
"Spain","sg_lasso","Total","2017-11",-744.739223261844,-0.535871494185165,94.6412850581483
"Spain","sg_lasso","Total","2017-12",-21.8079368146951,-0.197860646715205,98.021393532848
"Spain","sg_lasso","Total","2018-01",-195.886277111365,-0.279252016037472,97.2074798396253
"Spain","sg_lasso","Total","2018-02",312.745646416316,-0.0414381176145877,99.5856188238541
"Spain","sg_lasso","Total","2018-03",82.8165068003968,-0.148942862251611,98.5105713774839
"Spain","sg_lasso","Total","2018-04",684.708135941848,0.132475169399797,101.324751693998
"Spain","sg_lasso","Total","2018-05",293.091430745398,-0.0506275637207772,99.4937243627922
"Spain","sg_lasso","Total","2018-06",-202.788177589083,-0.282479040892202,97.175209591078
"Spain","sg_lasso","Total","2018-07",-667.283956052624,-0.499656820673017,95.0034317932698
"Spain","sg_lasso","Total","2018-08",-439.916901306486,-0.393349994142956,96.0665000585704
"Spain","sg_lasso","Total","2018-09",775.387274989265,0.17487274329357,101.748727432936
"Spain","sg_lasso","Total","2018-10",179.430000182217,-0.103770645490164,98.9622935450984
"Spain","sg_lasso","Total","2018-11",301.271411554876,-0.0468029647616041,99.531970352384
"Spain","sg_lasso","Total","2018-12",206.440216202356,-0.0911418574179507,99.0885814258205
"Spain","sg_lasso","Total","2019-01",-574.090306869182,-0.456083572523636,95.4391642747636
"Spain","sg_lasso","Total","2019-02",29.482504304837,-0.173879494156263,98.2612050584374
"Spain","sg_lasso","Total","2019-03",744.970930260246,0.160651399368451,101.606513993685
"Spain","sg_lasso","Total","2019-04",604.906169896355,0.0951632828090674,100.951632828091
"Spain","sg_lasso","Total","2019-05",-90.4492870388775,-0.229954320617164,97.7004567938284
"Spain","sg_lasso","Total","2019-06",628.401812356076,0.106148810989334,101.061488109893
"Spain","sg_lasso","Total","2019-07",-1239.4544324262,-0.767178549559295,92.3282145044071
"Spain","sg_lasso","Total","2019-08",-910.617450190473,-0.613428851450072,93.8657114854993
"Spain","sg_lasso","Total","2019-09",630.819702380002,0.10727930993356,101.072793099336
"Spain","sg_lasso","Total","2019-10",197.577480958734,-0.0952856822969665,99.0471431770303
"Spain","sg_lasso","Total","2019-11",1577.60464848507,0.549954275043361,105.499542750434
"Spain","sg_lasso","Total","2019-12",-82.2697094107797,-0.226129910167856,97.7387008983214
"Spain","sg_lasso","Total","2020-01",59.6483380047409,-0.159775278161334,98.4022472183867
"Spain","sg_lasso","Total","2020-02",99.7925919252668,-0.141005592102495,98.5899440789751
"Spain","sg_lasso","Total","2020-03",922.301307477217,0.243563278006114,102.435632780061
"Spain","sg_lasso","Total","2020-04",-732.992399912004,-0.530379196659805,94.696208033402
"Spain","sg_lasso","Total","2020-05",-780.688190137959,-0.552679648690667,94.4732035130933
"Spain","sg_lasso","Total","2020-06",116.490796675444,-0.133198246584814,98.6680175341519
"Spain","sg_lasso","Total","2020-07",-4458.44196683845,-2.272235426886,77.27764573114
"Spain","sg_lasso","Total","2020-08",-961.847564109028,-0.637381797665327,93.6261820233467
"Spain","sg_lasso","Total","2020-09",8044.64953986527,3.57365979912501,135.73659799125
"Spain","sg_lasso","Total","2020-10",7851.62051415868,3.48340792347852,134.834079234785
"Spain","sg_lasso","Total","2020-11",6938.21997075843,3.056342035555,130.56342035555
"Spain","sg_lasso","Total","2020-12",-3024.00224685215,-1.6015545551534,83.984454448466
"Spain","sg_lasso","Total","2021-01",-22.518061480183,-0.198192669750438,98.0180733024956
"Spain","sg_lasso","Total","2021-02",-21.027733406024,-0.197495857944394,98.0250414205561
"Spain","sg_lasso","Total","2021-03",881.731638303585,0.224594686500899,102.245946865009
"Spain","sg_lasso","Total","2021-04",-901.17835367284,-0.609015545409666,93.9098445459033
"Spain","sg_lasso","Total","2021-05",5199.33660385,2.24331671555717,122.433167155572
"Spain","sg_lasso","Total","2021-06",-930.553078208537,-0.622749873582546,93.7725012641745
"Spain","sg_lasso","Total","2021-07",2415.53595711369,0.941734070801136,109.417340708011
"Spain","sg_lasso","Total","2021-08",1247.89444151875,0.395796295487819,103.957962954878
"Spain","sg_lasso","Total","2021-09",3471.81649823707,1.43560435635177,114.356043563518
"Spain","sg_lasso","Total","2021-10",121.339498985931,-0.130931206815168,98.6906879318483
"Spain","sg_lasso","Total","2021-11",528.452753634453,0.0594170307002947,100.594170307003
"Spain","sg_lasso","Total","2021-12",-84.3700807181746,-0.227111951336808,97.7288804866319
"Spain","sg_lasso","Total","2022-01",306.134199867602,-0.04452933899735,99.5547066100265
"Spain","sg_lasso","Total","2022-02",915.154099944747,0.240221558370537,102.402215583705
"Spain","sg_lasso","Total","2022-03",-1248.26810315778,-0.77129943403221,92.2870056596779
"Spain","sg_lasso","Total","2022-04",-310.882815463874,-0.33301933544022,96.6698066455978
"Spain","sg_lasso","Total","2022-05",-588.187194031023,-0.462674656442108,95.3732534355789
"Spain","sg_lasso","Total","2022-06",572.964491396879,0.0802287599551995,100.802287599552
"Spain","sg_lasso","Total","2022-07",23.9416597788095,-0.176470149159101,98.235298508409
"Spain","sg_lasso","Total","2022-08",1451.63354188688,0.491055730608742,104.910557306087
"Spain","sg_lasso","Total","2022-09",-10033.1586395305,-4.87872755451549,51.2127244548451
"Spain","sg_lasso","Total","2022-10",1768.49859468322,0.639207881493878,106.392078814939
"Spain","sg_lasso","Total","2022-11",75.0935563577036,-0.152553773928892,98.4744622607111
"Spain","sg_lasso","Total","2022-12",454.610009207282,0.0248914138245884,100.248914138246
"Spain","sg_lasso","Total","2023-01",2731.64443361923,1.08953247991576,110.895324799158
"Spain","sg_lasso","Total","2023-02",900.361105142412,0.233305005160716,102.333050051607
"Spain","sg_lasso","Total","2023-03",2294.74350598741,0.885256837710533,108.852568377105
"Spain","sg_lasso","Total","2023-04",-149.193033831917,-0.257420310828569,97.4257968917143
"Spain","sg_lasso","Total","2023-05",-733.571512610428,-0.530649964266138,94.6935003573386
"Spain","sg_lasso","Total","2023-06",-96.53239480422,-0.232798514041299,97.672014859587
"Spain","sg_lasso","Total","2023-07",-1058.39446701585,-0.682522879651853,93.1747712034815
"Spain","sg_lasso","Total","2023-08",3992.75616286464,1.6791728127494,116.791728127494
"Spain","sg_lasso","Total","2023-09",464.147522565606,0.0293507352475777,100.293507352476
"Spain","sg_lasso","Total","2023-10",3330.45700699851,1.36951088062701,113.69510880627
"Spain","sg_lasso","Total","2023-11",535.060908474199,0.062506713024838,100.625067130248
"Spain","sg_lasso","Total","2023-12",2679.06499493686,1.06494864883568,110.649486488357
"Spain","sg_lasso","Total","2024-01",1033.6048189747,0.295603900611533,102.956039006115
"Spain","sg_lasso","Total","2024-02",-2347.70640854249,-1.285348390428,87.14651609572
"Spain","sg_lasso","Total","2024-03",-941.893062749373,-0.628051951189094,93.7194804881091
"Spain","sg_lasso","Total","2024-04",-1402.57506523036,-0.843446577195697,91.565534228043
"Spain","sg_lasso","Total","2024-05",898.562799796276,0.232464196738874,102.324641967389
"Spain","sg_lasso","Total","2024-06",-943.418237726272,-0.628765055872964,93.7123494412704
"Spain","sg_lasso","Total","2024-07",-47.3423229512618,-0.209799401697111,97.9020059830289
"Spain","sg_lasso","Total","2024-08",1787.58575129349,0.648132195744179,106.481321957442
"Spain","sg_lasso","Total","2024-09",-1559.7382564435,-0.916929167379491,90.8307083262051
"Spain","sg_lasso","Total","2024-10",-734.809384387837,-0.531228738620472,94.6877126137953
"Spain","sg_lasso","Total","2024-11",983.168352040549,0.272022028791342,102.720220287913
"Spain","sg_lasso","Total","2024-12",1459.30187778911,0.494641106930929,104.946411069309
"Spain","sg_lasso","Total","2025-01",2982.73749342965,1.20693254203985,112.069325420399
"Spain","sg_lasso","Total","2025-02",615.969171614394,0.100335855439937,101.003358554399
"Spain","sg_lasso","Total","2025-03",790.099550491297,0.181751555711681,101.817515557117
"Spain","sg_lasso","Total","2025-04",-424.827763517224,-0.386294977508105,96.137050224919
"Spain","sg_lasso","Total","2025-05",-659.604614722023,-0.496066298696961,95.0393370130304
"Spain","sg_lasso","Total","2025-06",71.9814020778033,-0.154008880279007,98.4599111972099
"Spain","sg_lasso","Total","2025-07",3032.15117278503,1.2300362034094,112.300362034094
"Spain","sg_lasso","Total","2025-08",1668.6270384681,0.592512337965367,105.925123379654
"Spain","sg_lasso","Total","2025-09",1601.04530358466,0.560914093554469,105.609140935545
