"model","country","block","publication_date","nowcast_value","nb_factors","lambda","gamma","cv_mse","df","n_selected","n_selected_groups","date_new","last_obs_y","target_name","selected_columns","status","error"
"sg_lasso","France","Expenditures","2013-01-01",2684.68849323254,NA,0.0530492332120794,0.5,2.05061189466195,5,5,5,2013-01-01,5175.39999999997,"Total expenditures accrual","Y_lag1; HICPX_leg0; Unemployment rate_leg0; Unemployment inflows_leg0; Energy prices_leg0","OK",NA
"sg_lasso","France","Expenditures","2013-01-02",2684.68849323254,NA,0.0530492332120794,0.5,2.05061189466195,5,5,5,2013-01-01,5175.39999999997,"Total expenditures accrual","Y_lag1; HICPX_leg0; Unemployment rate_leg0; Unemployment inflows_leg0; Energy prices_leg0","OK",NA
"sg_lasso","France","Expenditures","2013-01-15",2144.23094004409,NA,0.0530492332120794,0.5,2.05061189466195,5,5,5,2013-01-01,5175.39999999997,"Total expenditures accrual","Y_lag1; HICPX_leg0; Unemployment rate_leg0; Unemployment inflows_leg0; Energy prices_leg0","OK",NA
"sg_lasso","France","Expenditures","2013-01-27",2054.61769537781,NA,0.0530492332120794,0.5,2.05061189466195,5,5,5,2013-01-01,5175.39999999997,"Total expenditures accrual","Y_lag1; HICPX_leg0; Unemployment rate_leg0; Unemployment inflows_leg0; Energy prices_leg0","OK",NA
"sg_lasso","France","Expenditures","2013-02-01",1368.86230545854,NA,0.0530492332120794,0.5,2.05061189466195,5,5,5,2013-02-01,5175.39999999997,"Total expenditures accrual","Y_lag1; HICPX_leg0; Unemployment rate_leg0; Unemployment inflows_leg0; Energy prices_leg0","OK",NA
"sg_lasso","France","Expenditures","2013-02-05",1368.86230545854,NA,0.0530492332120794,0.5,2.05061189466195,5,5,5,2013-02-01,5175.39999999997,"Total expenditures accrual","Y_lag1; HICPX_leg0; Unemployment rate_leg0; Unemployment inflows_leg0; Energy prices_leg0","OK",NA
"sg_lasso","France","Expenditures","2013-02-15",1321.64636020909,NA,0.0530492332120794,0.5,2.05061189466195,5,5,5,2013-02-01,5175.39999999997,"Total expenditures accrual","Y_lag1; HICPX_leg0; Unemployment rate_leg0; Unemployment inflows_leg0; Energy prices_leg0","OK",NA
"sg_lasso","France","Expenditures","2013-02-27",1360.29219367225,NA,0.0530492332120794,0.5,2.05061189466195,5,5,5,2013-02-01,5175.39999999997,"Total expenditures accrual","Y_lag1; HICPX_leg0; Unemployment rate_leg0; Unemployment inflows_leg0; Energy prices_leg0","OK",NA
"sg_lasso","France","Expenditures","2013-03-01",721.651284031227,NA,0.0530492332120794,0.5,2.05061189466195,5,5,5,2013-03-01,5175.39999999997,"Total expenditures accrual","Y_lag1; HICPX_leg0; Unemployment rate_leg0; Unemployment inflows_leg0; Energy prices_leg0","OK",NA
"sg_lasso","France","Expenditures","2013-03-05",721.651284031227,NA,0.0530492332120794,0.5,2.05061189466195,5,5,5,2013-03-01,5175.39999999997,"Total expenditures accrual","Y_lag1; HICPX_leg0; Unemployment rate_leg0; Unemployment inflows_leg0; Energy prices_leg0","OK",NA
"sg_lasso","France","Expenditures","2013-03-15",2948.04679927391,NA,0.0724172260786748,0.5,2.16281724092713,4,4,4,2013-03-01,939.100000000035,"Total expenditures accrual","Y_lag1; HICPX_leg0; Unemployment rate_leg0; Energy prices_leg0","OK",NA
"sg_lasso","France","Expenditures","2013-03-27",2947.97961793696,NA,0.0724172260786748,0.5,2.1580777369534,4,4,4,2013-03-01,939.100000000035,"Total expenditures accrual","Y_lag1; HICPX_leg0; Unemployment rate_leg0; Energy prices_leg0","OK",NA
"sg_lasso","France","Expenditures","2013-04-01",2426.80711184007,NA,0.0724172260786748,0.5,2.1580777369534,4,4,4,2013-04-01,939.100000000035,"Total expenditures accrual","Y_lag1; HICPX_leg0; Unemployment rate_leg0; Energy prices_leg0","OK",NA
"sg_lasso","France","Expenditures","2013-04-15",2426.80711184007,NA,0.0724172260786748,0.5,2.1580777369534,4,4,4,2013-04-01,939.100000000035,"Total expenditures accrual","Y_lag1; HICPX_leg0; Unemployment rate_leg0; Energy prices_leg0","OK",NA
"sg_lasso","France","Expenditures","2013-04-27",2468.39691947177,NA,0.0724172260786748,0.5,2.1580777369534,4,4,4,2013-04-01,939.100000000035,"Total expenditures accrual","Y_lag1; HICPX_leg0; Unemployment rate_leg0; Energy prices_leg0","OK",NA
"sg_lasso","France","Expenditures","2013-05-01",1969.16496218883,NA,0.0724172260786748,0.5,2.1580777369534,4,4,4,2013-05-01,939.100000000035,"Total expenditures accrual","Y_lag1; HICPX_leg0; Unemployment rate_leg0; Energy prices_leg0","OK",NA
"sg_lasso","France","Expenditures","2013-05-03",1969.16496218883,NA,0.0724172260786748,0.5,2.1580777369534,4,4,4,2013-05-01,939.100000000035,"Total expenditures accrual","Y_lag1; HICPX_leg0; Unemployment rate_leg0; Energy prices_leg0","OK",NA
"sg_lasso","France","Expenditures","2013-05-15",2502.79013397704,NA,0.0724172260786748,0.5,2.1580777369534,4,4,4,2013-05-01,939.100000000035,"Total expenditures accrual","Y_lag1; HICPX_leg0; Unemployment rate_leg0; Energy prices_leg0","OK",NA
"sg_lasso","France","Expenditures","2013-05-27",2482.96741988793,NA,0.0724172260786748,0.5,2.1580777369534,4,4,4,2013-05-01,939.100000000035,"Total expenditures accrual","Y_lag1; HICPX_leg0; Unemployment rate_leg0; Energy prices_leg0","OK",NA
"sg_lasso","France","Expenditures","2013-06-01",3038.35968521873,NA,0.0724172260786748,0.5,2.1580777369534,4,4,4,2013-06-01,939.100000000035,"Total expenditures accrual","Y_lag1; HICPX_leg0; Unemployment rate_leg0; Energy prices_leg0","OK",NA
"sg_lasso","France","Expenditures","2013-06-06",3038.35968521873,NA,0.0724172260786748,0.5,2.1580777369534,4,4,4,2013-06-01,939.100000000035,"Total expenditures accrual","Y_lag1; HICPX_leg0; Unemployment rate_leg0; Energy prices_leg0","OK",NA
"sg_lasso","France","Expenditures","2013-06-15",1452.09353558006,NA,0.0599040424809145,0.5,1.72865837385083,5,5,5,2013-06-01,1850.79999999999,"Total expenditures accrual","Y_lag1; HICPX_leg0; Unemployment rate_leg0; Unemployment inflows_leg0; Energy prices_leg0","OK",NA
"sg_lasso","France","Expenditures","2013-06-27",1468.32927417929,NA,0.0571813112979618,0.5,1.72138000388019,5,5,5,2013-06-01,1850.79999999999,"Total expenditures accrual","Y_lag1; HICPX_leg0; Unemployment rate_leg0; Unemployment inflows_leg0; Energy prices_leg0","OK",NA
"sg_lasso","France","Expenditures","2013-07-01",906.817018713189,NA,0.0571813112979618,0.5,1.72138000388019,5,5,5,2013-07-01,1850.79999999999,"Total expenditures accrual","Y_lag1; HICPX_leg0; Unemployment rate_leg0; Unemployment inflows_leg0; Energy prices_leg0","OK",NA
"sg_lasso","France","Expenditures","2013-07-15",1470.71665500921,NA,0.0571813112979618,0.5,1.72138000388019,5,5,5,2013-07-01,1850.79999999999,"Total expenditures accrual","Y_lag1; HICPX_leg0; Unemployment rate_leg0; Unemployment inflows_leg0; Energy prices_leg0","OK",NA
"sg_lasso","France","Expenditures","2013-07-27",1432.39027228749,NA,0.0571813112979618,0.5,1.72138000388019,5,5,5,2013-07-01,1850.79999999999,"Total expenditures accrual","Y_lag1; HICPX_leg0; Unemployment rate_leg0; Unemployment inflows_leg0; Energy prices_leg0","OK",NA
"sg_lasso","France","Expenditures","2013-08-01",834.353901741747,NA,0.0571813112979618,0.5,1.72138000388019,5,5,5,2013-08-01,1850.79999999999,"Total expenditures accrual","Y_lag1; HICPX_leg0; Unemployment rate_leg0; Unemployment inflows_leg0; Energy prices_leg0","OK",NA
"sg_lasso","France","Expenditures","2013-08-04",834.353901741747,NA,0.0571813112979618,0.5,1.72138000388019,5,5,5,2013-08-01,1850.79999999999,"Total expenditures accrual","Y_lag1; HICPX_leg0; Unemployment rate_leg0; Unemployment inflows_leg0; Energy prices_leg0","OK",NA
"sg_lasso","France","Expenditures","2013-08-15",287.077943777648,NA,0.0571813112979618,0.5,1.72138000388019,5,5,5,2013-08-01,1850.79999999999,"Total expenditures accrual","Y_lag1; HICPX_leg0; Unemployment rate_leg0; Unemployment inflows_leg0; Energy prices_leg0","OK",NA
"sg_lasso","France","Expenditures","2013-08-27",292.815030369268,NA,0.0571813112979618,0.5,1.72138000388019,5,5,5,2013-08-01,1850.79999999999,"Total expenditures accrual","Y_lag1; HICPX_leg0; Unemployment rate_leg0; Unemployment inflows_leg0; Energy prices_leg0","OK",NA
"sg_lasso","France","Expenditures","2013-09-01",276.849412571094,NA,0.0571813112979618,0.5,1.72138000388019,5,5,5,2013-09-01,1850.79999999999,"Total expenditures accrual","Y_lag1; HICPX_leg0; Unemployment rate_leg0; Unemployment inflows_leg0; Energy prices_leg0","OK",NA
"sg_lasso","France","Expenditures","2013-09-07",276.849412571094,NA,0.0571813112979618,0.5,1.72138000388019,5,5,5,2013-09-01,1850.79999999999,"Total expenditures accrual","Y_lag1; HICPX_leg0; Unemployment rate_leg0; Unemployment inflows_leg0; Energy prices_leg0","OK",NA
"sg_lasso","France","Expenditures","2013-09-15",1674.45703354155,NA,0.555851709196442,0.5,2.3562843313225,2,2,2,2013-09-01,1158.90000000002,"Total expenditures accrual","Y_lag1; Unemployment rate_leg0","OK",NA
"sg_lasso","France","Expenditures","2013-09-27",1674.45703354155,NA,0.555851709196442,0.5,2.3562843313225,2,2,2,2013-09-01,1158.90000000002,"Total expenditures accrual","Y_lag1; Unemployment rate_leg0","OK",NA
"sg_lasso","France","Expenditures","2013-10-01",1433.7634317602,NA,0.555851709196442,0.5,2.3562843313225,2,2,2,2013-10-01,1158.90000000002,"Total expenditures accrual","Y_lag1; Unemployment rate_leg0","OK",NA
"sg_lasso","France","Expenditures","2013-10-02",1433.7634317602,NA,0.555851709196442,0.5,2.3562843313225,2,2,2,2013-10-01,1158.90000000002,"Total expenditures accrual","Y_lag1; Unemployment rate_leg0","OK",NA
"sg_lasso","France","Expenditures","2013-10-15",1915.15063532291,NA,0.555851709196442,0.5,2.3562843313225,2,2,2,2013-10-01,1158.90000000002,"Total expenditures accrual","Y_lag1; Unemployment rate_leg0","OK",NA
"sg_lasso","France","Expenditures","2013-10-27",1915.15063532291,NA,0.555851709196442,0.5,2.3562843313225,2,2,2,2013-10-01,1158.90000000002,"Total expenditures accrual","Y_lag1; Unemployment rate_leg0","OK",NA
"sg_lasso","France","Expenditures","2013-11-01",2276.19103799495,NA,0.555851709196442,0.5,2.3562843313225,2,2,2,2013-11-01,1158.90000000002,"Total expenditures accrual","Y_lag1; Unemployment rate_leg0","OK",NA
"sg_lasso","France","Expenditures","2013-11-05",2276.19103799495,NA,0.555851709196442,0.5,2.3562843313225,2,2,2,2013-11-01,1158.90000000002,"Total expenditures accrual","Y_lag1; Unemployment rate_leg0","OK",NA
"sg_lasso","France","Expenditures","2013-11-15",1794.80383443223,NA,0.555851709196442,0.5,2.3562843313225,2,2,2,2013-11-01,1158.90000000002,"Total expenditures accrual","Y_lag1; Unemployment rate_leg0","OK",NA
"sg_lasso","France","Expenditures","2013-11-27",1794.80383443223,NA,0.555851709196442,0.5,2.3562843313225,2,2,2,2013-11-01,1158.90000000002,"Total expenditures accrual","Y_lag1; Unemployment rate_leg0","OK",NA
"sg_lasso","France","Expenditures","2013-12-01",1794.80383443223,NA,0.555851709196442,0.5,2.3562843313225,2,2,2,2013-12-01,1158.90000000002,"Total expenditures accrual","Y_lag1; Unemployment rate_leg0","OK",NA
"sg_lasso","France","Expenditures","2013-12-07",1794.80383443223,NA,0.555851709196442,0.5,2.3562843313225,2,2,2,2013-12-01,1158.90000000002,"Total expenditures accrual","Y_lag1; Unemployment rate_leg0","OK",NA
"sg_lasso","France","Expenditures","2013-12-15",1914.49908149525,NA,0.0433394034517988,0.5,1.88259116656663,6,6,6,2013-12-01,2181.69999999995,"Total expenditures accrual","Y_lag1; Debt-to-GDP ratio_leg0; Unemployment rate_leg0; Unemployment inflows_leg0; Retail sales_leg0; Energy prices_leg0","OK",NA
"sg_lasso","France","Expenditures","2013-12-27",1895.55949797801,NA,0.0475649417855547,0.5,1.87169818094133,6,6,6,2013-12-01,2181.69999999995,"Total expenditures accrual","Y_lag1; Debt-to-GDP ratio_leg0; Unemployment rate_leg0; Unemployment inflows_leg0; Retail sales_leg0; Energy prices_leg0","OK",NA
"sg_lasso","France","Expenditures","2014-01-01",1457.10561701452,NA,0.0475649417855547,0.5,1.87169818094133,6,6,6,2014-01-01,2181.69999999995,"Total expenditures accrual","Y_lag1; Debt-to-GDP ratio_leg0; Unemployment rate_leg0; Unemployment inflows_leg0; Retail sales_leg0; Energy prices_leg0","OK",NA
"sg_lasso","France","Expenditures","2014-01-03",1456.7116208444,NA,0.0475649417855547,0.5,1.87169818094133,6,6,6,2014-01-01,2181.69999999995,"Total expenditures accrual","Y_lag1; Debt-to-GDP ratio_leg0; Unemployment rate_leg0; Unemployment inflows_leg0; Retail sales_leg0; Energy prices_leg0","OK",NA
"sg_lasso","France","Expenditures","2014-01-15",1037.53065425312,NA,0.0475649417855547,0.5,1.87169818094133,6,6,6,2014-01-01,2181.69999999995,"Total expenditures accrual","Y_lag1; Debt-to-GDP ratio_leg0; Unemployment rate_leg0; Unemployment inflows_leg0; Retail sales_leg0; Energy prices_leg0","OK",NA
"sg_lasso","France","Expenditures","2014-01-27",1036.91476920192,NA,0.0475649417855547,0.5,1.87169818094133,6,6,6,2014-01-01,2181.69999999995,"Total expenditures accrual","Y_lag1; Debt-to-GDP ratio_leg0; Unemployment rate_leg0; Unemployment inflows_leg0; Retail sales_leg0; Energy prices_leg0","OK",NA
"sg_lasso","France","Expenditures","2014-02-01",1813.59470222406,NA,0.0475649417855547,0.5,1.87169818094133,6,6,6,2014-02-01,2181.69999999995,"Total expenditures accrual","Y_lag1; Debt-to-GDP ratio_leg0; Unemployment rate_leg0; Unemployment inflows_leg0; Retail sales_leg0; Energy prices_leg0","OK",NA
"sg_lasso","France","Expenditures","2014-02-06",1815.04906987356,NA,0.0475649417855547,0.5,1.87169818094133,6,6,6,2014-02-01,2181.69999999995,"Total expenditures accrual","Y_lag1; Debt-to-GDP ratio_leg0; Unemployment rate_leg0; Unemployment inflows_leg0; Retail sales_leg0; Energy prices_leg0","OK",NA
"sg_lasso","France","Expenditures","2014-02-15",1790.5660710486,NA,0.0475649417855547,0.5,1.87169818094133,6,6,6,2014-02-01,2181.69999999995,"Total expenditures accrual","Y_lag1; Debt-to-GDP ratio_leg0; Unemployment rate_leg0; Unemployment inflows_leg0; Retail sales_leg0; Energy prices_leg0","OK",NA
"sg_lasso","France","Expenditures","2014-02-27",1794.66922738682,NA,0.0475649417855547,0.5,1.87169818094133,6,6,6,2014-02-01,2181.69999999995,"Total expenditures accrual","Y_lag1; Debt-to-GDP ratio_leg0; Unemployment rate_leg0; Unemployment inflows_leg0; Retail sales_leg0; Energy prices_leg0","OK",NA
"sg_lasso","France","Expenditures","2014-03-01",1355.55290473699,NA,0.0475649417855547,0.5,1.87169818094133,6,6,6,2014-03-01,2181.69999999995,"Total expenditures accrual","Y_lag1; Debt-to-GDP ratio_leg0; Unemployment rate_leg0; Unemployment inflows_leg0; Retail sales_leg0; Energy prices_leg0","OK",NA
"sg_lasso","France","Expenditures","2014-03-06",1354.13203977819,NA,0.0475649417855547,0.5,1.87169818094133,6,6,6,2014-03-01,2181.69999999995,"Total expenditures accrual","Y_lag1; Debt-to-GDP ratio_leg0; Unemployment rate_leg0; Unemployment inflows_leg0; Retail sales_leg0; Energy prices_leg0","OK",NA
"sg_lasso","France","Expenditures","2014-03-15",1171.39378788838,NA,0.0198271344418118,0.5,1.1189946251853,12,12,12,2014-03-01,75.8000000000466,"Total expenditures accrual","Y_lag1; 10y yield_leg0; HICPX_leg0; Debt-to-GDP ratio_leg0; Unemployment rate_leg0; Unemployment inflows_leg0; Share of LT unemp_leg0; IP_leg0; Retail sales_leg0; Payroll Mass_leg0; Energy prices_leg0; Cash expenditures_leg0","OK",NA
"sg_lasso","France","Expenditures","2014-03-27",1653.73578054971,NA,0.0287657772432886,0.5,1.24551719537772,10,10,10,2014-03-01,75.8000000000466,"Total expenditures accrual","Y_lag1; 10y yield_leg0; HICPX_leg0; Debt-to-GDP ratio_leg0; Unemployment rate_leg0; Unemployment inflows_leg0; Geopolitical risk index_leg0; Payroll Mass_leg0; Energy prices_leg0; Cash expenditures_leg0","OK",NA
"sg_lasso","France","Expenditures","2014-04-01",1728.4866255947,NA,0.0287657772432886,0.5,1.24551719537772,10,10,10,2014-04-01,75.8000000000466,"Total expenditures accrual","Y_lag1; 10y yield_leg0; HICPX_leg0; Debt-to-GDP ratio_leg0; Unemployment rate_leg0; Unemployment inflows_leg0; Geopolitical risk index_leg0; Payroll Mass_leg0; Energy prices_leg0; Cash expenditures_leg0","OK",NA
"sg_lasso","France","Expenditures","2014-04-02",1728.4866255947,NA,0.0287657772432886,0.5,1.24551719537772,10,10,10,2014-04-01,75.8000000000466,"Total expenditures accrual","Y_lag1; 10y yield_leg0; HICPX_leg0; Debt-to-GDP ratio_leg0; Unemployment rate_leg0; Unemployment inflows_leg0; Geopolitical risk index_leg0; Payroll Mass_leg0; Energy prices_leg0; Cash expenditures_leg0","OK",NA
"sg_lasso","France","Expenditures","2014-04-15",1786.83888698517,NA,0.0287657772432886,0.5,1.24551719537772,10,10,10,2014-04-01,75.8000000000466,"Total expenditures accrual","Y_lag1; 10y yield_leg0; HICPX_leg0; Debt-to-GDP ratio_leg0; Unemployment rate_leg0; Unemployment inflows_leg0; Geopolitical risk index_leg0; Payroll Mass_leg0; Energy prices_leg0; Cash expenditures_leg0","OK",NA
"sg_lasso","France","Expenditures","2014-04-27",1712.26617050232,NA,0.0287657772432886,0.5,1.24551719537772,10,10,10,2014-04-01,75.8000000000466,"Total expenditures accrual","Y_lag1; 10y yield_leg0; HICPX_leg0; Debt-to-GDP ratio_leg0; Unemployment rate_leg0; Unemployment inflows_leg0; Geopolitical risk index_leg0; Payroll Mass_leg0; Energy prices_leg0; Cash expenditures_leg0","OK",NA
"sg_lasso","France","Expenditures","2014-05-01",1925.44748081158,NA,0.0287657772432886,0.5,1.24551719537772,10,10,10,2014-05-01,75.8000000000466,"Total expenditures accrual","Y_lag1; 10y yield_leg0; HICPX_leg0; Debt-to-GDP ratio_leg0; Unemployment rate_leg0; Unemployment inflows_leg0; Geopolitical risk index_leg0; Payroll Mass_leg0; Energy prices_leg0; Cash expenditures_leg0","OK",NA
"sg_lasso","France","Expenditures","2014-05-04",1925.44748081158,NA,0.0287657772432886,0.5,1.24551719537772,10,10,10,2014-05-01,75.8000000000466,"Total expenditures accrual","Y_lag1; 10y yield_leg0; HICPX_leg0; Debt-to-GDP ratio_leg0; Unemployment rate_leg0; Unemployment inflows_leg0; Geopolitical risk index_leg0; Payroll Mass_leg0; Energy prices_leg0; Cash expenditures_leg0","OK",NA
"sg_lasso","France","Expenditures","2014-05-15",1413.95112437649,NA,0.0287657772432886,0.5,1.24551719537772,10,10,10,2014-05-01,75.8000000000466,"Total expenditures accrual","Y_lag1; 10y yield_leg0; HICPX_leg0; Debt-to-GDP ratio_leg0; Unemployment rate_leg0; Unemployment inflows_leg0; Geopolitical risk index_leg0; Payroll Mass_leg0; Energy prices_leg0; Cash expenditures_leg0","OK",NA
"sg_lasso","France","Expenditures","2014-05-27",1466.73427900263,NA,0.0287657772432886,0.5,1.24551719537772,10,10,10,2014-05-01,75.8000000000466,"Total expenditures accrual","Y_lag1; 10y yield_leg0; HICPX_leg0; Debt-to-GDP ratio_leg0; Unemployment rate_leg0; Unemployment inflows_leg0; Geopolitical risk index_leg0; Payroll Mass_leg0; Energy prices_leg0; Cash expenditures_leg0","OK",NA
"sg_lasso","France","Expenditures","2014-06-01",970.368439612335,NA,0.0287657772432886,0.5,1.24551719537772,10,10,10,2014-06-01,75.8000000000466,"Total expenditures accrual","Y_lag1; 10y yield_leg0; HICPX_leg0; Debt-to-GDP ratio_leg0; Unemployment rate_leg0; Unemployment inflows_leg0; Geopolitical risk index_leg0; Payroll Mass_leg0; Energy prices_leg0; Cash expenditures_leg0","OK",NA
"sg_lasso","France","Expenditures","2014-06-07",970.368439612335,NA,0.0287657772432886,0.5,1.24551719537772,10,10,10,2014-06-01,75.8000000000466,"Total expenditures accrual","Y_lag1; 10y yield_leg0; HICPX_leg0; Debt-to-GDP ratio_leg0; Unemployment rate_leg0; Unemployment inflows_leg0; Geopolitical risk index_leg0; Payroll Mass_leg0; Energy prices_leg0; Cash expenditures_leg0","OK",NA
"sg_lasso","France","Expenditures","2014-06-15",359.540848418817,NA,0.0185048291321691,0.5,2.15568246425275,12,12,12,2014-06-01,59.1999999999534,"Total expenditures accrual","Y_lag1; 10y yield_leg0; HICPX_leg0; Debt-to-GDP ratio_leg0; Unemployment rate_leg0; Unemployment inflows_leg0; Share of LT unemp_leg0; Geopolitical risk index_leg0; Hours worked_leg0; Payroll Mass_leg0; Energy prices_leg0; Cash expenditures_leg0","OK",NA
"sg_lasso","France","Expenditures","2014-06-27",361.445624724292,NA,0.0185048291321691,0.5,2.13779319786999,11,11,11,2014-06-01,59.1999999999534,"Total expenditures accrual","Y_lag1; 10y yield_leg0; HICPX_leg0; Debt-to-GDP ratio_leg0; Unemployment rate_leg0; Unemployment inflows_leg0; Share of LT unemp_leg0; Geopolitical risk index_leg0; Payroll Mass_leg0; Energy prices_leg0; Cash expenditures_leg0","OK",NA
"sg_lasso","France","Expenditures","2014-07-01",157.379723921541,NA,0.0185048291321691,0.5,2.13779319786999,11,11,11,2014-07-01,59.1999999999534,"Total expenditures accrual","Y_lag1; 10y yield_leg0; HICPX_leg0; Debt-to-GDP ratio_leg0; Unemployment rate_leg0; Unemployment inflows_leg0; Share of LT unemp_leg0; Geopolitical risk index_leg0; Payroll Mass_leg0; Energy prices_leg0; Cash expenditures_leg0","OK",NA
"sg_lasso","France","Expenditures","2014-07-02",157.379723921541,NA,0.0185048291321691,0.5,2.13779319786999,11,11,11,2014-07-01,59.1999999999534,"Total expenditures accrual","Y_lag1; 10y yield_leg0; HICPX_leg0; Debt-to-GDP ratio_leg0; Unemployment rate_leg0; Unemployment inflows_leg0; Share of LT unemp_leg0; Geopolitical risk index_leg0; Payroll Mass_leg0; Energy prices_leg0; Cash expenditures_leg0","OK",NA
"sg_lasso","France","Expenditures","2014-07-15",538.326538619615,NA,0.0185048291321691,0.5,2.13779319786999,11,11,11,2014-07-01,59.1999999999534,"Total expenditures accrual","Y_lag1; 10y yield_leg0; HICPX_leg0; Debt-to-GDP ratio_leg0; Unemployment rate_leg0; Unemployment inflows_leg0; Share of LT unemp_leg0; Geopolitical risk index_leg0; Payroll Mass_leg0; Energy prices_leg0; Cash expenditures_leg0","OK",NA
"sg_lasso","France","Expenditures","2014-07-27",522.767058391649,NA,0.0185048291321691,0.5,2.13779319786999,11,11,11,2014-07-01,59.1999999999534,"Total expenditures accrual","Y_lag1; 10y yield_leg0; HICPX_leg0; Debt-to-GDP ratio_leg0; Unemployment rate_leg0; Unemployment inflows_leg0; Share of LT unemp_leg0; Geopolitical risk index_leg0; Payroll Mass_leg0; Energy prices_leg0; Cash expenditures_leg0","OK",NA
"sg_lasso","France","Expenditures","2014-08-01",1241.06454468976,NA,0.0185048291321691,0.5,2.13779319786999,11,11,11,2014-08-01,59.1999999999534,"Total expenditures accrual","Y_lag1; 10y yield_leg0; HICPX_leg0; Debt-to-GDP ratio_leg0; Unemployment rate_leg0; Unemployment inflows_leg0; Share of LT unemp_leg0; Geopolitical risk index_leg0; Payroll Mass_leg0; Energy prices_leg0; Cash expenditures_leg0","OK",NA
"sg_lasso","France","Expenditures","2014-08-05",1241.06454468976,NA,0.0185048291321691,0.5,2.13779319786999,11,11,11,2014-08-01,59.1999999999534,"Total expenditures accrual","Y_lag1; 10y yield_leg0; HICPX_leg0; Debt-to-GDP ratio_leg0; Unemployment rate_leg0; Unemployment inflows_leg0; Share of LT unemp_leg0; Geopolitical risk index_leg0; Payroll Mass_leg0; Energy prices_leg0; Cash expenditures_leg0","OK",NA
"sg_lasso","France","Expenditures","2014-08-15",864.269343021711,NA,0.0185048291321691,0.5,2.13779319786999,11,11,11,2014-08-01,59.1999999999534,"Total expenditures accrual","Y_lag1; 10y yield_leg0; HICPX_leg0; Debt-to-GDP ratio_leg0; Unemployment rate_leg0; Unemployment inflows_leg0; Share of LT unemp_leg0; Geopolitical risk index_leg0; Payroll Mass_leg0; Energy prices_leg0; Cash expenditures_leg0","OK",NA
"sg_lasso","France","Expenditures","2014-08-27",855.547839217605,NA,0.0185048291321691,0.5,2.13779319786999,11,11,11,2014-08-01,59.1999999999534,"Total expenditures accrual","Y_lag1; 10y yield_leg0; HICPX_leg0; Debt-to-GDP ratio_leg0; Unemployment rate_leg0; Unemployment inflows_leg0; Share of LT unemp_leg0; Geopolitical risk index_leg0; Payroll Mass_leg0; Energy prices_leg0; Cash expenditures_leg0","OK",NA
"sg_lasso","France","Expenditures","2014-09-01",867.955819928753,NA,0.0185048291321691,0.5,2.13779319786999,11,11,11,2014-09-01,59.1999999999534,"Total expenditures accrual","Y_lag1; 10y yield_leg0; HICPX_leg0; Debt-to-GDP ratio_leg0; Unemployment rate_leg0; Unemployment inflows_leg0; Share of LT unemp_leg0; Geopolitical risk index_leg0; Payroll Mass_leg0; Energy prices_leg0; Cash expenditures_leg0","OK",NA
"sg_lasso","France","Expenditures","2014-09-15",743.750403576396,NA,0.0389974088590041,0.5,2.3068555340182,9,9,9,2014-09-01,1632.90000000002,"Total expenditures accrual","Y_lag1; 10y yield_leg0; Debt-to-GDP ratio_leg0; Unemployment rate_leg0; Unemployment inflows_leg0; Geopolitical risk index_leg0; IP_leg0; Hours worked_leg0; Cash expenditures_leg0","OK",NA
"sg_lasso","France","Expenditures","2014-09-27",781.614969757509,NA,0.0469725170315897,0.5,2.29672103484312,10,10,10,2014-09-01,1632.90000000002,"Total expenditures accrual","Y_lag1; 10y yield_leg0; Debt-to-GDP ratio_leg0; Unemployment rate_leg0; Unemployment inflows_leg0; Geopolitical risk index_leg0; IP_leg0; Retail sales_leg0; Hours worked_leg0; Cash expenditures_leg0","OK",NA
"sg_lasso","France","Expenditures","2014-10-01",384.226041023332,NA,0.0469725170315897,0.5,2.29672103484312,10,10,10,2014-10-01,1632.90000000002,"Total expenditures accrual","Y_lag1; 10y yield_leg0; Debt-to-GDP ratio_leg0; Unemployment rate_leg0; Unemployment inflows_leg0; Geopolitical risk index_leg0; IP_leg0; Retail sales_leg0; Hours worked_leg0; Cash expenditures_leg0","OK",NA
"sg_lasso","France","Expenditures","2014-10-03",382.870586516019,NA,0.0469725170315897,0.5,2.29672103484312,10,10,10,2014-10-01,1632.90000000002,"Total expenditures accrual","Y_lag1; 10y yield_leg0; Debt-to-GDP ratio_leg0; Unemployment rate_leg0; Unemployment inflows_leg0; Geopolitical risk index_leg0; IP_leg0; Retail sales_leg0; Hours worked_leg0; Cash expenditures_leg0","OK",NA
"sg_lasso","France","Expenditures","2014-10-15",1198.6056377999,NA,0.0469725170315897,0.5,2.29672103484312,10,10,10,2014-10-01,1632.90000000002,"Total expenditures accrual","Y_lag1; 10y yield_leg0; Debt-to-GDP ratio_leg0; Unemployment rate_leg0; Unemployment inflows_leg0; Geopolitical risk index_leg0; IP_leg0; Retail sales_leg0; Hours worked_leg0; Cash expenditures_leg0","OK",NA
"sg_lasso","France","Expenditures","2014-10-27",1198.6056377999,NA,0.0469725170315897,0.5,2.29672103484312,10,10,10,2014-10-01,1632.90000000002,"Total expenditures accrual","Y_lag1; 10y yield_leg0; Debt-to-GDP ratio_leg0; Unemployment rate_leg0; Unemployment inflows_leg0; Geopolitical risk index_leg0; IP_leg0; Retail sales_leg0; Hours worked_leg0; Cash expenditures_leg0","OK",NA
"sg_lasso","France","Expenditures","2014-11-01",2027.61779435342,NA,0.0469725170315897,0.5,2.29672103484312,10,10,10,2014-11-01,1632.90000000002,"Total expenditures accrual","Y_lag1; 10y yield_leg0; Debt-to-GDP ratio_leg0; Unemployment rate_leg0; Unemployment inflows_leg0; Geopolitical risk index_leg0; IP_leg0; Retail sales_leg0; Hours worked_leg0; Cash expenditures_leg0","OK",NA
"sg_lasso","France","Expenditures","2014-11-06",2027.59070722581,NA,0.0469725170315897,0.5,2.29672103484312,10,10,10,2014-11-01,1632.90000000002,"Total expenditures accrual","Y_lag1; 10y yield_leg0; Debt-to-GDP ratio_leg0; Unemployment rate_leg0; Unemployment inflows_leg0; Geopolitical risk index_leg0; IP_leg0; Retail sales_leg0; Hours worked_leg0; Cash expenditures_leg0","OK",NA
"sg_lasso","France","Expenditures","2014-11-15",1147.0740552843,NA,0.0469725170315897,0.5,2.29672103484312,10,10,10,2014-11-01,1632.90000000002,"Total expenditures accrual","Y_lag1; 10y yield_leg0; Debt-to-GDP ratio_leg0; Unemployment rate_leg0; Unemployment inflows_leg0; Geopolitical risk index_leg0; IP_leg0; Retail sales_leg0; Hours worked_leg0; Cash expenditures_leg0","OK",NA
"sg_lasso","France","Expenditures","2014-11-27",1147.0740552843,NA,0.0469725170315897,0.5,2.29672103484312,10,10,10,2014-11-01,1632.90000000002,"Total expenditures accrual","Y_lag1; 10y yield_leg0; Debt-to-GDP ratio_leg0; Unemployment rate_leg0; Unemployment inflows_leg0; Geopolitical risk index_leg0; IP_leg0; Retail sales_leg0; Hours worked_leg0; Cash expenditures_leg0","OK",NA
"sg_lasso","France","Expenditures","2014-12-01",1031.68638404995,NA,0.0469725170315897,0.5,2.29672103484312,10,10,10,2014-12-01,1632.90000000002,"Total expenditures accrual","Y_lag1; 10y yield_leg0; Debt-to-GDP ratio_leg0; Unemployment rate_leg0; Unemployment inflows_leg0; Geopolitical risk index_leg0; IP_leg0; Retail sales_leg0; Hours worked_leg0; Cash expenditures_leg0","OK",NA
"sg_lasso","France","Expenditures","2014-12-15",1189.77008203109,NA,0.0209575955114597,0.5,1.48782127426504,12,12,12,2014-12-01,809,"Total expenditures accrual","Y_lag1; 10y yield_leg0; Debt-to-GDP ratio_leg0; Unemployment rate_leg0; Unemployment inflows_leg0; Share of LT unemp_leg0; Geopolitical risk index_leg0; IP_leg0; Hours worked_leg0; Payroll Mass_leg0; Energy prices_leg0; Cash expenditures_leg0","OK",NA
"sg_lasso","France","Expenditures","2014-12-27",1324.72798444639,NA,0.0366239933521494,0.5,1.48539552792188,11,11,11,2014-12-01,809,"Total expenditures accrual","Y_lag1; 10y yield_leg0; Debt-to-GDP ratio_leg0; Unemployment rate_leg0; Unemployment inflows_leg0; Share of LT unemp_leg0; Geopolitical risk index_leg0; IP_leg0; Hours worked_leg0; Payroll Mass_leg0; Cash expenditures_leg0","OK",NA
"sg_lasso","France","Expenditures","2015-01-01",1086.05626984317,NA,0.0366239933521494,0.5,1.48539552792188,11,11,11,2015-01-01,809,"Total expenditures accrual","Y_lag1; 10y yield_leg0; Debt-to-GDP ratio_leg0; Unemployment rate_leg0; Unemployment inflows_leg0; Share of LT unemp_leg0; Geopolitical risk index_leg0; IP_leg0; Hours worked_leg0; Payroll Mass_leg0; Cash expenditures_leg0","OK",NA
"sg_lasso","France","Expenditures","2015-01-04",1086.05626984317,NA,0.0366239933521494,0.5,1.48539552792188,11,11,11,2015-01-01,809,"Total expenditures accrual","Y_lag1; 10y yield_leg0; Debt-to-GDP ratio_leg0; Unemployment rate_leg0; Unemployment inflows_leg0; Share of LT unemp_leg0; Geopolitical risk index_leg0; IP_leg0; Hours worked_leg0; Payroll Mass_leg0; Cash expenditures_leg0","OK",NA
"sg_lasso","France","Expenditures","2015-01-15",844.734694522768,NA,0.0366239933521494,0.5,1.48539552792188,11,11,11,2015-01-01,809,"Total expenditures accrual","Y_lag1; 10y yield_leg0; Debt-to-GDP ratio_leg0; Unemployment rate_leg0; Unemployment inflows_leg0; Share of LT unemp_leg0; Geopolitical risk index_leg0; IP_leg0; Hours worked_leg0; Payroll Mass_leg0; Cash expenditures_leg0","OK",NA
"sg_lasso","France","Expenditures","2015-01-27",844.734694522768,NA,0.0366239933521494,0.5,1.48539552792188,11,11,11,2015-01-01,809,"Total expenditures accrual","Y_lag1; 10y yield_leg0; Debt-to-GDP ratio_leg0; Unemployment rate_leg0; Unemployment inflows_leg0; Share of LT unemp_leg0; Geopolitical risk index_leg0; IP_leg0; Hours worked_leg0; Payroll Mass_leg0; Cash expenditures_leg0","OK",NA
"sg_lasso","France","Expenditures","2015-02-01",1096.81556541172,NA,0.0366239933521494,0.5,1.48539552792188,11,11,11,2015-02-01,809,"Total expenditures accrual","Y_lag1; 10y yield_leg0; Debt-to-GDP ratio_leg0; Unemployment rate_leg0; Unemployment inflows_leg0; Share of LT unemp_leg0; Geopolitical risk index_leg0; IP_leg0; Hours worked_leg0; Payroll Mass_leg0; Cash expenditures_leg0","OK",NA
"sg_lasso","France","Expenditures","2015-02-07",1096.81556541172,NA,0.0366239933521494,0.5,1.48539552792188,11,11,11,2015-02-01,809,"Total expenditures accrual","Y_lag1; 10y yield_leg0; Debt-to-GDP ratio_leg0; Unemployment rate_leg0; Unemployment inflows_leg0; Share of LT unemp_leg0; Geopolitical risk index_leg0; IP_leg0; Hours worked_leg0; Payroll Mass_leg0; Cash expenditures_leg0","OK",NA
"sg_lasso","France","Expenditures","2015-02-15",617.078220942046,NA,0.0366239933521494,0.5,1.48539552792188,11,11,11,2015-02-01,809,"Total expenditures accrual","Y_lag1; 10y yield_leg0; Debt-to-GDP ratio_leg0; Unemployment rate_leg0; Unemployment inflows_leg0; Share of LT unemp_leg0; Geopolitical risk index_leg0; IP_leg0; Hours worked_leg0; Payroll Mass_leg0; Cash expenditures_leg0","OK",NA
"sg_lasso","France","Expenditures","2015-02-27",617.078220942046,NA,0.0366239933521494,0.5,1.48539552792188,11,11,11,2015-02-01,809,"Total expenditures accrual","Y_lag1; 10y yield_leg0; Debt-to-GDP ratio_leg0; Unemployment rate_leg0; Unemployment inflows_leg0; Share of LT unemp_leg0; Geopolitical risk index_leg0; IP_leg0; Hours worked_leg0; Payroll Mass_leg0; Cash expenditures_leg0","OK",NA
"sg_lasso","France","Expenditures","2015-03-01",-25.6301348041345,NA,0.0366239933521494,0.5,1.48539552792188,11,11,11,2015-03-01,809,"Total expenditures accrual","Y_lag1; 10y yield_leg0; Debt-to-GDP ratio_leg0; Unemployment rate_leg0; Unemployment inflows_leg0; Share of LT unemp_leg0; Geopolitical risk index_leg0; IP_leg0; Hours worked_leg0; Payroll Mass_leg0; Cash expenditures_leg0","OK",NA
"sg_lasso","France","Expenditures","2015-03-07",-25.6301348041345,NA,0.0366239933521494,0.5,1.48539552792188,11,11,11,2015-03-01,809,"Total expenditures accrual","Y_lag1; 10y yield_leg0; Debt-to-GDP ratio_leg0; Unemployment rate_leg0; Unemployment inflows_leg0; Share of LT unemp_leg0; Geopolitical risk index_leg0; IP_leg0; Hours worked_leg0; Payroll Mass_leg0; Cash expenditures_leg0","OK",NA
"sg_lasso","France","Expenditures","2015-03-15",550.681344978523,NA,0.0250511743910369,0.5,0.643659904504817,11,11,11,2015-03-01,1139.59999999998,"Total expenditures accrual","Y_lag1; 10y yield_leg0; Debt-to-GDP ratio_leg0; Unemployment rate_leg0; Unemployment inflows_leg0; Share of LT unemp_leg0; Geopolitical risk index_leg0; IP_leg0; Payroll Mass_leg0; Energy prices_leg0; Cash expenditures_leg0","OK",NA
"sg_lasso","France","Expenditures","2015-03-27",556.305441934892,NA,0.0189502947389951,0.5,0.622144756546672,11,11,11,2015-03-01,1139.59999999998,"Total expenditures accrual","Y_lag1; 10y yield_leg0; Debt-to-GDP ratio_leg0; Unemployment rate_leg0; Unemployment inflows_leg0; Share of LT unemp_leg0; Geopolitical risk index_leg0; IP_leg0; Payroll Mass_leg0; Energy prices_leg0; Cash expenditures_leg0","OK",NA
"sg_lasso","France","Expenditures","2015-04-01",-586.527574262392,NA,0.0189502947389951,0.5,0.622144756546672,11,11,11,2015-04-01,1139.59999999998,"Total expenditures accrual","Y_lag1; 10y yield_leg0; Debt-to-GDP ratio_leg0; Unemployment rate_leg0; Unemployment inflows_leg0; Share of LT unemp_leg0; Geopolitical risk index_leg0; IP_leg0; Payroll Mass_leg0; Energy prices_leg0; Cash expenditures_leg0","OK",NA
"sg_lasso","France","Expenditures","2015-04-03",-586.527574262392,NA,0.0189502947389951,0.5,0.622144756546672,11,11,11,2015-04-01,1139.59999999998,"Total expenditures accrual","Y_lag1; 10y yield_leg0; Debt-to-GDP ratio_leg0; Unemployment rate_leg0; Unemployment inflows_leg0; Share of LT unemp_leg0; Geopolitical risk index_leg0; IP_leg0; Payroll Mass_leg0; Energy prices_leg0; Cash expenditures_leg0","OK",NA
"sg_lasso","France","Expenditures","2015-04-15",106.479148138565,NA,0.0189502947389951,0.5,0.622144756546672,11,11,11,2015-04-01,1139.59999999998,"Total expenditures accrual","Y_lag1; 10y yield_leg0; Debt-to-GDP ratio_leg0; Unemployment rate_leg0; Unemployment inflows_leg0; Share of LT unemp_leg0; Geopolitical risk index_leg0; IP_leg0; Payroll Mass_leg0; Energy prices_leg0; Cash expenditures_leg0","OK",NA
"sg_lasso","France","Expenditures","2015-04-27",126.031253624966,NA,0.0189502947389951,0.5,0.622144756546672,11,11,11,2015-04-01,1139.59999999998,"Total expenditures accrual","Y_lag1; 10y yield_leg0; Debt-to-GDP ratio_leg0; Unemployment rate_leg0; Unemployment inflows_leg0; Share of LT unemp_leg0; Geopolitical risk index_leg0; IP_leg0; Payroll Mass_leg0; Energy prices_leg0; Cash expenditures_leg0","OK",NA
"sg_lasso","France","Expenditures","2015-05-01",451.624323478257,NA,0.0189502947389951,0.5,0.622144756546672,11,11,11,2015-05-01,1139.59999999998,"Total expenditures accrual","Y_lag1; 10y yield_leg0; Debt-to-GDP ratio_leg0; Unemployment rate_leg0; Unemployment inflows_leg0; Share of LT unemp_leg0; Geopolitical risk index_leg0; IP_leg0; Payroll Mass_leg0; Energy prices_leg0; Cash expenditures_leg0","OK",NA
"sg_lasso","France","Expenditures","2015-05-05",451.624323478257,NA,0.0189502947389951,0.5,0.622144756546672,11,11,11,2015-05-01,1139.59999999998,"Total expenditures accrual","Y_lag1; 10y yield_leg0; Debt-to-GDP ratio_leg0; Unemployment rate_leg0; Unemployment inflows_leg0; Share of LT unemp_leg0; Geopolitical risk index_leg0; IP_leg0; Payroll Mass_leg0; Energy prices_leg0; Cash expenditures_leg0","OK",NA
"sg_lasso","France","Expenditures","2015-05-15",0.729112515043198,NA,0.0189502947389951,0.5,0.622144756546672,11,11,11,2015-05-01,1139.59999999998,"Total expenditures accrual","Y_lag1; 10y yield_leg0; Debt-to-GDP ratio_leg0; Unemployment rate_leg0; Unemployment inflows_leg0; Share of LT unemp_leg0; Geopolitical risk index_leg0; IP_leg0; Payroll Mass_leg0; Energy prices_leg0; Cash expenditures_leg0","OK",NA
"sg_lasso","France","Expenditures","2015-05-27",-1.92106509175687,NA,0.0189502947389951,0.5,0.622144756546672,11,11,11,2015-05-01,1139.59999999998,"Total expenditures accrual","Y_lag1; 10y yield_leg0; Debt-to-GDP ratio_leg0; Unemployment rate_leg0; Unemployment inflows_leg0; Share of LT unemp_leg0; Geopolitical risk index_leg0; IP_leg0; Payroll Mass_leg0; Energy prices_leg0; Cash expenditures_leg0","OK",NA
"sg_lasso","France","Expenditures","2015-06-01",298.854769820096,NA,0.0189502947389951,0.5,0.622144756546672,11,11,11,2015-06-01,1139.59999999998,"Total expenditures accrual","Y_lag1; 10y yield_leg0; Debt-to-GDP ratio_leg0; Unemployment rate_leg0; Unemployment inflows_leg0; Share of LT unemp_leg0; Geopolitical risk index_leg0; IP_leg0; Payroll Mass_leg0; Energy prices_leg0; Cash expenditures_leg0","OK",NA
"sg_lasso","France","Expenditures","2015-06-15",1810.12469775096,NA,0.304418886038981,0.5,0.541649722958587,4,4,4,2015-06-01,501.900000000023,"Total expenditures accrual","Y_lag1; Debt-to-GDP ratio_leg0; Unemployment rate_leg0; Retail sales_leg0","OK",NA
"sg_lasso","France","Expenditures","2015-06-27",1810.12469775096,NA,0.304418886038981,0.5,0.541649722958587,4,4,4,2015-06-01,501.900000000023,"Total expenditures accrual","Y_lag1; Debt-to-GDP ratio_leg0; Unemployment rate_leg0; Retail sales_leg0","OK",NA
"sg_lasso","France","Expenditures","2015-07-01",1820.7592286261,NA,0.304418886038981,0.5,0.541649722958587,4,4,4,2015-07-01,501.900000000023,"Total expenditures accrual","Y_lag1; Debt-to-GDP ratio_leg0; Unemployment rate_leg0; Retail sales_leg0","OK",NA
"sg_lasso","France","Expenditures","2015-07-03",1819.65924476798,NA,0.304418886038981,0.5,0.541649722958587,4,4,4,2015-07-01,501.900000000023,"Total expenditures accrual","Y_lag1; Debt-to-GDP ratio_leg0; Unemployment rate_leg0; Retail sales_leg0","OK",NA
"sg_lasso","France","Expenditures","2015-07-15",1537.17097602522,NA,0.304418886038981,0.5,0.541649722958587,4,4,4,2015-07-01,501.900000000023,"Total expenditures accrual","Y_lag1; Debt-to-GDP ratio_leg0; Unemployment rate_leg0; Retail sales_leg0","OK",NA
"sg_lasso","France","Expenditures","2015-07-27",1537.17097602522,NA,0.304418886038981,0.5,0.541649722958587,4,4,4,2015-07-01,501.900000000023,"Total expenditures accrual","Y_lag1; Debt-to-GDP ratio_leg0; Unemployment rate_leg0; Retail sales_leg0","OK",NA
"sg_lasso","France","Expenditures","2015-08-01",1395.76093326047,NA,0.304418886038981,0.5,0.541649722958587,4,4,4,2015-08-01,501.900000000023,"Total expenditures accrual","Y_lag1; Debt-to-GDP ratio_leg0; Unemployment rate_leg0; Retail sales_leg0","OK",NA
"sg_lasso","France","Expenditures","2015-08-06",1405.84827567815,NA,0.304418886038981,0.5,0.541649722958587,4,4,4,2015-08-01,501.900000000023,"Total expenditures accrual","Y_lag1; Debt-to-GDP ratio_leg0; Unemployment rate_leg0; Retail sales_leg0","OK",NA
"sg_lasso","France","Expenditures","2015-08-15",1417.99483723523,NA,0.304418886038981,0.5,0.541649722958587,4,4,4,2015-08-01,501.900000000023,"Total expenditures accrual","Y_lag1; Debt-to-GDP ratio_leg0; Unemployment rate_leg0; Retail sales_leg0","OK",NA
"sg_lasso","France","Expenditures","2015-08-27",1417.99483723523,NA,0.304418886038981,0.5,0.541649722958587,4,4,4,2015-08-01,501.900000000023,"Total expenditures accrual","Y_lag1; Debt-to-GDP ratio_leg0; Unemployment rate_leg0; Retail sales_leg0","OK",NA
"sg_lasso","France","Expenditures","2015-09-01",1156.64048860911,NA,0.304418886038981,0.5,0.541649722958587,4,4,4,2015-09-01,501.900000000023,"Total expenditures accrual","Y_lag1; Debt-to-GDP ratio_leg0; Unemployment rate_leg0; Retail sales_leg0","OK",NA
"sg_lasso","France","Expenditures","2015-09-02",1155.54050475098,NA,0.304418886038981,0.5,0.541649722958587,4,4,4,2015-09-01,501.900000000023,"Total expenditures accrual","Y_lag1; Debt-to-GDP ratio_leg0; Unemployment rate_leg0; Retail sales_leg0","OK",NA
"sg_lasso","France","Expenditures","2015-09-15",417.19966477362,NA,0.0243872463188859,0.5,0.168501664832625,9,9,9,2015-09-01,-253.900000000023,"Total expenditures accrual","Y_lag1; 10y yield_leg0; Debt-to-GDP ratio_leg0; Unemployment rate_leg0; Unemployment inflows_leg0; Share of LT unemp_leg0; Geopolitical risk index_leg0; Payroll Mass_leg0; Cash expenditures_leg0","OK",NA
"sg_lasso","France","Expenditures","2015-09-27",417.19966477362,NA,0.0243872463188859,0.5,0.162570740143605,9,9,9,2015-09-01,-253.900000000023,"Total expenditures accrual","Y_lag1; 10y yield_leg0; Debt-to-GDP ratio_leg0; Unemployment rate_leg0; Unemployment inflows_leg0; Share of LT unemp_leg0; Geopolitical risk index_leg0; Payroll Mass_leg0; Cash expenditures_leg0","OK",NA
"sg_lasso","France","Expenditures","2015-10-01",694.425275594389,NA,0.0243872463188859,0.5,0.162570740143605,9,9,9,2015-10-01,-253.900000000023,"Total expenditures accrual","Y_lag1; 10y yield_leg0; Debt-to-GDP ratio_leg0; Unemployment rate_leg0; Unemployment inflows_leg0; Share of LT unemp_leg0; Geopolitical risk index_leg0; Payroll Mass_leg0; Cash expenditures_leg0","OK",NA
"sg_lasso","France","Expenditures","2015-10-04",694.425275594389,NA,0.0243872463188859,0.5,0.162570740143605,9,9,9,2015-10-01,-253.900000000023,"Total expenditures accrual","Y_lag1; 10y yield_leg0; Debt-to-GDP ratio_leg0; Unemployment rate_leg0; Unemployment inflows_leg0; Share of LT unemp_leg0; Geopolitical risk index_leg0; Payroll Mass_leg0; Cash expenditures_leg0","OK",NA
"sg_lasso","France","Expenditures","2015-10-15",788.117251810515,NA,0.0243872463188859,0.5,0.162570740143605,9,9,9,2015-10-01,-253.900000000023,"Total expenditures accrual","Y_lag1; 10y yield_leg0; Debt-to-GDP ratio_leg0; Unemployment rate_leg0; Unemployment inflows_leg0; Share of LT unemp_leg0; Geopolitical risk index_leg0; Payroll Mass_leg0; Cash expenditures_leg0","OK",NA
"sg_lasso","France","Expenditures","2015-10-27",788.117251810515,NA,0.0243872463188859,0.5,0.162570740143605,9,9,9,2015-10-01,-253.900000000023,"Total expenditures accrual","Y_lag1; 10y yield_leg0; Debt-to-GDP ratio_leg0; Unemployment rate_leg0; Unemployment inflows_leg0; Share of LT unemp_leg0; Geopolitical risk index_leg0; Payroll Mass_leg0; Cash expenditures_leg0","OK",NA
"sg_lasso","France","Expenditures","2015-11-01",2454.62885582799,NA,0.0243872463188859,0.5,0.162570740143605,9,9,9,2015-11-01,-253.900000000023,"Total expenditures accrual","Y_lag1; 10y yield_leg0; Debt-to-GDP ratio_leg0; Unemployment rate_leg0; Unemployment inflows_leg0; Share of LT unemp_leg0; Geopolitical risk index_leg0; Payroll Mass_leg0; Cash expenditures_leg0","OK",NA
"sg_lasso","France","Expenditures","2015-11-07",2454.62885582799,NA,0.0243872463188859,0.5,0.162570740143605,9,9,9,2015-11-01,-253.900000000023,"Total expenditures accrual","Y_lag1; 10y yield_leg0; Debt-to-GDP ratio_leg0; Unemployment rate_leg0; Unemployment inflows_leg0; Share of LT unemp_leg0; Geopolitical risk index_leg0; Payroll Mass_leg0; Cash expenditures_leg0","OK",NA
"sg_lasso","France","Expenditures","2015-11-15",2302.66582233774,NA,0.0243872463188859,0.5,0.162570740143605,9,9,9,2015-11-01,-253.900000000023,"Total expenditures accrual","Y_lag1; 10y yield_leg0; Debt-to-GDP ratio_leg0; Unemployment rate_leg0; Unemployment inflows_leg0; Share of LT unemp_leg0; Geopolitical risk index_leg0; Payroll Mass_leg0; Cash expenditures_leg0","OK",NA
"sg_lasso","France","Expenditures","2015-11-27",2302.66582233774,NA,0.0243872463188859,0.5,0.162570740143605,9,9,9,2015-11-01,-253.900000000023,"Total expenditures accrual","Y_lag1; 10y yield_leg0; Debt-to-GDP ratio_leg0; Unemployment rate_leg0; Unemployment inflows_leg0; Share of LT unemp_leg0; Geopolitical risk index_leg0; Payroll Mass_leg0; Cash expenditures_leg0","OK",NA
"sg_lasso","France","Expenditures","2015-12-01",3011.09613227634,NA,0.0243872463188859,0.5,0.162570740143605,9,9,9,2015-12-01,-253.900000000023,"Total expenditures accrual","Y_lag1; 10y yield_leg0; Debt-to-GDP ratio_leg0; Unemployment rate_leg0; Unemployment inflows_leg0; Share of LT unemp_leg0; Geopolitical risk index_leg0; Payroll Mass_leg0; Cash expenditures_leg0","OK",NA
"sg_lasso","France","Expenditures","2015-12-02",3011.09613227634,NA,0.0243872463188859,0.5,0.162570740143605,9,9,9,2015-12-01,-253.900000000023,"Total expenditures accrual","Y_lag1; 10y yield_leg0; Debt-to-GDP ratio_leg0; Unemployment rate_leg0; Unemployment inflows_leg0; Share of LT unemp_leg0; Geopolitical risk index_leg0; Payroll Mass_leg0; Cash expenditures_leg0","OK",NA
"sg_lasso","France","Expenditures","2015-12-15",813.73827507357,NA,0.212523330771119,0.5,0.596829046154067,5,5,5,2015-12-01,-1188.5,"Total expenditures accrual","Y_lag1; Debt-to-GDP ratio_leg0; Unemployment rate_leg0; Geopolitical risk index_leg0; Cash expenditures_leg0","OK",NA
"sg_lasso","France","Expenditures","2015-12-27",813.73827507357,NA,0.212523330771119,0.5,0.599411942598555,5,5,5,2015-12-01,-1188.5,"Total expenditures accrual","Y_lag1; Debt-to-GDP ratio_leg0; Unemployment rate_leg0; Geopolitical risk index_leg0; Cash expenditures_leg0","OK",NA
"sg_lasso","France","Expenditures","2016-01-01",731.192549902806,NA,0.212523330771119,0.5,0.599411942598555,5,5,5,2016-01-01,-1188.5,"Total expenditures accrual","Y_lag1; Debt-to-GDP ratio_leg0; Unemployment rate_leg0; Geopolitical risk index_leg0; Cash expenditures_leg0","OK",NA
"sg_lasso","France","Expenditures","2016-01-05",731.192549902806,NA,0.212523330771119,0.5,0.599411942598555,5,5,5,2016-01-01,-1188.5,"Total expenditures accrual","Y_lag1; Debt-to-GDP ratio_leg0; Unemployment rate_leg0; Geopolitical risk index_leg0; Cash expenditures_leg0","OK",NA
"sg_lasso","France","Expenditures","2016-01-15",537.610928044446,NA,0.212523330771119,0.5,0.599411942598555,5,5,5,2016-01-01,-1188.5,"Total expenditures accrual","Y_lag1; Debt-to-GDP ratio_leg0; Unemployment rate_leg0; Geopolitical risk index_leg0; Cash expenditures_leg0","OK",NA
"sg_lasso","France","Expenditures","2016-01-27",537.610928044446,NA,0.212523330771119,0.5,0.599411942598555,5,5,5,2016-01-01,-1188.5,"Total expenditures accrual","Y_lag1; Debt-to-GDP ratio_leg0; Unemployment rate_leg0; Geopolitical risk index_leg0; Cash expenditures_leg0","OK",NA
"sg_lasso","France","Expenditures","2016-02-01",495.000541757887,NA,0.212523330771119,0.5,0.599411942598555,5,5,5,2016-02-01,-1188.5,"Total expenditures accrual","Y_lag1; Debt-to-GDP ratio_leg0; Unemployment rate_leg0; Geopolitical risk index_leg0; Cash expenditures_leg0","OK",NA
"sg_lasso","France","Expenditures","2016-02-15",908.805461180285,NA,0.212523330771119,0.5,0.599411942598555,5,5,5,2016-02-01,-1188.5,"Total expenditures accrual","Y_lag1; Debt-to-GDP ratio_leg0; Unemployment rate_leg0; Geopolitical risk index_leg0; Cash expenditures_leg0","OK",NA
"sg_lasso","France","Expenditures","2016-02-27",908.805461180285,NA,0.212523330771119,0.5,0.599411942598555,5,5,5,2016-02-01,-1188.5,"Total expenditures accrual","Y_lag1; Debt-to-GDP ratio_leg0; Unemployment rate_leg0; Geopolitical risk index_leg0; Cash expenditures_leg0","OK",NA
"sg_lasso","France","Expenditures","2016-03-01",1213.54693468263,NA,0.212523330771119,0.5,0.599411942598555,5,5,5,2016-03-01,-1188.5,"Total expenditures accrual","Y_lag1; Debt-to-GDP ratio_leg0; Unemployment rate_leg0; Geopolitical risk index_leg0; Cash expenditures_leg0","OK",NA
"sg_lasso","France","Expenditures","2016-03-02",1213.54693468263,NA,0.212523330771119,0.5,0.599411942598555,5,5,5,2016-03-01,-1188.5,"Total expenditures accrual","Y_lag1; Debt-to-GDP ratio_leg0; Unemployment rate_leg0; Geopolitical risk index_leg0; Cash expenditures_leg0","OK",NA
"sg_lasso","France","Expenditures","2016-03-15",445.803416679024,NA,0.0843144178652955,0.5,1.08554692094759,7,7,7,2016-03-01,1777,"Total expenditures accrual","Y_lag1; HICPX_leg0; Debt-to-GDP ratio_leg0; Unemployment rate_leg0; Geopolitical risk index_leg0; Retail sales_leg0; Cash expenditures_leg0","OK",NA
"sg_lasso","France","Expenditures","2016-03-27",415.48775654993,NA,0.0843144178652955,0.5,1.09387545479199,7,7,7,2016-03-01,1777,"Total expenditures accrual","Y_lag1; HICPX_leg0; Debt-to-GDP ratio_leg0; Unemployment rate_leg0; Geopolitical risk index_leg0; Retail sales_leg0; Cash expenditures_leg0","OK",NA
"sg_lasso","France","Expenditures","2016-04-01",966.635165646959,NA,0.0843144178652955,0.5,1.09387545479199,7,7,7,2016-04-01,1777,"Total expenditures accrual","Y_lag1; HICPX_leg0; Debt-to-GDP ratio_leg0; Unemployment rate_leg0; Geopolitical risk index_leg0; Retail sales_leg0; Cash expenditures_leg0","OK",NA
"sg_lasso","France","Expenditures","2016-04-05",970.427738344325,NA,0.0843144178652955,0.5,1.09387545479199,7,7,7,2016-04-01,1777,"Total expenditures accrual","Y_lag1; HICPX_leg0; Debt-to-GDP ratio_leg0; Unemployment rate_leg0; Geopolitical risk index_leg0; Retail sales_leg0; Cash expenditures_leg0","OK",NA
"sg_lasso","France","Expenditures","2016-04-15",249.967043671211,NA,0.0843144178652955,0.5,1.09387545479199,7,7,7,2016-04-01,1777,"Total expenditures accrual","Y_lag1; HICPX_leg0; Debt-to-GDP ratio_leg0; Unemployment rate_leg0; Geopolitical risk index_leg0; Retail sales_leg0; Cash expenditures_leg0","OK",NA
"sg_lasso","France","Expenditures","2016-04-27",249.967043671211,NA,0.0843144178652955,0.5,1.09387545479199,7,7,7,2016-04-01,1777,"Total expenditures accrual","Y_lag1; HICPX_leg0; Debt-to-GDP ratio_leg0; Unemployment rate_leg0; Geopolitical risk index_leg0; Retail sales_leg0; Cash expenditures_leg0","OK",NA
"sg_lasso","France","Expenditures","2016-05-01",-563.378304688981,NA,0.0843144178652955,0.5,1.09387545479199,7,7,7,2016-05-01,1777,"Total expenditures accrual","Y_lag1; HICPX_leg0; Debt-to-GDP ratio_leg0; Unemployment rate_leg0; Geopolitical risk index_leg0; Retail sales_leg0; Cash expenditures_leg0","OK",NA
"sg_lasso","France","Expenditures","2016-05-07",-575.401010726162,NA,0.0843144178652955,0.5,1.09387545479199,7,7,7,2016-05-01,1777,"Total expenditures accrual","Y_lag1; HICPX_leg0; Debt-to-GDP ratio_leg0; Unemployment rate_leg0; Geopolitical risk index_leg0; Retail sales_leg0; Cash expenditures_leg0","OK",NA
"sg_lasso","France","Expenditures","2016-05-15",-359.431117195706,NA,0.0843144178652955,0.5,1.09387545479199,7,7,7,2016-05-01,1777,"Total expenditures accrual","Y_lag1; HICPX_leg0; Debt-to-GDP ratio_leg0; Unemployment rate_leg0; Geopolitical risk index_leg0; Retail sales_leg0; Cash expenditures_leg0","OK",NA
"sg_lasso","France","Expenditures","2016-05-27",-359.431117195706,NA,0.0843144178652955,0.5,1.09387545479199,7,7,7,2016-05-01,1777,"Total expenditures accrual","Y_lag1; HICPX_leg0; Debt-to-GDP ratio_leg0; Unemployment rate_leg0; Geopolitical risk index_leg0; Retail sales_leg0; Cash expenditures_leg0","OK",NA
"sg_lasso","France","Expenditures","2016-06-01",-839.093839258271,NA,0.0843144178652955,0.5,1.09387545479199,7,7,7,2016-06-01,1777,"Total expenditures accrual","Y_lag1; HICPX_leg0; Debt-to-GDP ratio_leg0; Unemployment rate_leg0; Geopolitical risk index_leg0; Retail sales_leg0; Cash expenditures_leg0","OK",NA
"sg_lasso","France","Expenditures","2016-06-03",-825.416717351815,NA,0.0843144178652955,0.5,1.09387545479199,7,7,7,2016-06-01,1777,"Total expenditures accrual","Y_lag1; HICPX_leg0; Debt-to-GDP ratio_leg0; Unemployment rate_leg0; Geopolitical risk index_leg0; Retail sales_leg0; Cash expenditures_leg0","OK",NA
"sg_lasso","France","Expenditures","2016-06-15",95.4333213773357,NA,0.068803248355131,0.5,0.431237968170265,8,8,8,2016-06-01,604.400000000023,"Total expenditures accrual","Y_lag1; HICPX_leg0; Debt-to-GDP ratio_leg0; Unemployment rate_leg0; Geopolitical risk index_leg0; Retail sales_leg0; Energy prices_leg0; Cash expenditures_leg0","OK",NA
"sg_lasso","France","Expenditures","2016-06-27",98.0473298875788,NA,0.068803248355131,0.5,0.431297563097298,8,8,8,2016-06-01,604.400000000023,"Total expenditures accrual","Y_lag1; HICPX_leg0; Debt-to-GDP ratio_leg0; Unemployment rate_leg0; Geopolitical risk index_leg0; Retail sales_leg0; Energy prices_leg0; Cash expenditures_leg0","OK",NA
"sg_lasso","France","Expenditures","2016-07-01",253.741402709569,NA,0.068803248355131,0.5,0.431297563097298,8,8,8,2016-07-01,604.400000000023,"Total expenditures accrual","Y_lag1; HICPX_leg0; Debt-to-GDP ratio_leg0; Unemployment rate_leg0; Geopolitical risk index_leg0; Retail sales_leg0; Energy prices_leg0; Cash expenditures_leg0","OK",NA
"sg_lasso","France","Expenditures","2016-07-05",253.011589328715,NA,0.068803248355131,0.5,0.431297563097298,8,8,8,2016-07-01,604.400000000023,"Total expenditures accrual","Y_lag1; HICPX_leg0; Debt-to-GDP ratio_leg0; Unemployment rate_leg0; Geopolitical risk index_leg0; Retail sales_leg0; Energy prices_leg0; Cash expenditures_leg0","OK",NA
"sg_lasso","France","Expenditures","2016-07-15",428.615611564388,NA,0.068803248355131,0.5,0.431297563097298,8,8,8,2016-07-01,604.400000000023,"Total expenditures accrual","Y_lag1; HICPX_leg0; Debt-to-GDP ratio_leg0; Unemployment rate_leg0; Geopolitical risk index_leg0; Retail sales_leg0; Energy prices_leg0; Cash expenditures_leg0","OK",NA
"sg_lasso","France","Expenditures","2016-07-27",297.706097647242,NA,0.068803248355131,0.5,0.431297563097298,8,8,8,2016-07-01,604.400000000023,"Total expenditures accrual","Y_lag1; HICPX_leg0; Debt-to-GDP ratio_leg0; Unemployment rate_leg0; Geopolitical risk index_leg0; Retail sales_leg0; Energy prices_leg0; Cash expenditures_leg0","OK",NA
"sg_lasso","France","Expenditures","2016-08-01",376.340230347047,NA,0.068803248355131,0.5,0.431297563097298,8,8,8,2016-08-01,604.400000000023,"Total expenditures accrual","Y_lag1; HICPX_leg0; Debt-to-GDP ratio_leg0; Unemployment rate_leg0; Geopolitical risk index_leg0; Retail sales_leg0; Energy prices_leg0; Cash expenditures_leg0","OK",NA
"sg_lasso","France","Expenditures","2016-08-15",36.1598572796274,NA,0.068803248355131,0.5,0.431297563097298,8,8,8,2016-08-01,604.400000000023,"Total expenditures accrual","Y_lag1; HICPX_leg0; Debt-to-GDP ratio_leg0; Unemployment rate_leg0; Geopolitical risk index_leg0; Retail sales_leg0; Energy prices_leg0; Cash expenditures_leg0","OK",NA
"sg_lasso","France","Expenditures","2016-08-27",47.8745327225392,NA,0.068803248355131,0.5,0.431297563097298,8,8,8,2016-08-01,604.400000000023,"Total expenditures accrual","Y_lag1; HICPX_leg0; Debt-to-GDP ratio_leg0; Unemployment rate_leg0; Geopolitical risk index_leg0; Retail sales_leg0; Energy prices_leg0; Cash expenditures_leg0","OK",NA
"sg_lasso","France","Expenditures","2016-09-01",-229.006787831572,NA,0.068803248355131,0.5,0.431297563097298,8,8,8,2016-09-01,604.400000000023,"Total expenditures accrual","Y_lag1; HICPX_leg0; Debt-to-GDP ratio_leg0; Unemployment rate_leg0; Geopolitical risk index_leg0; Retail sales_leg0; Energy prices_leg0; Cash expenditures_leg0","OK",NA
"sg_lasso","France","Expenditures","2016-09-04",-226.36272508616,NA,0.068803248355131,0.5,0.431297563097298,8,8,8,2016-09-01,604.400000000023,"Total expenditures accrual","Y_lag1; HICPX_leg0; Debt-to-GDP ratio_leg0; Unemployment rate_leg0; Geopolitical risk index_leg0; Retail sales_leg0; Energy prices_leg0; Cash expenditures_leg0","OK",NA
"sg_lasso","France","Expenditures","2016-09-15",672.485948073438,NA,0.124536552677259,0.5,1.4269351285992,7,7,7,2016-09-01,2224.70000000001,"Total expenditures accrual","Y_lag1; HICPX_leg0; Debt-to-GDP ratio_leg0; Unemployment rate_leg0; Geopolitical risk index_leg0; Payroll Mass_leg0; Cash expenditures_leg0","OK",NA
"sg_lasso","France","Expenditures","2016-09-27",711.730389468288,NA,0.113473068574533,0.5,1.44110051254756,7,7,7,2016-09-01,2224.70000000001,"Total expenditures accrual","Y_lag1; HICPX_leg0; Debt-to-GDP ratio_leg0; Unemployment rate_leg0; Geopolitical risk index_leg0; Payroll Mass_leg0; Cash expenditures_leg0","OK",NA
"sg_lasso","France","Expenditures","2016-10-01",1043.74539748193,NA,0.113473068574533,0.5,1.44110051254756,7,7,7,2016-10-01,2224.70000000001,"Total expenditures accrual","Y_lag1; HICPX_leg0; Debt-to-GDP ratio_leg0; Unemployment rate_leg0; Geopolitical risk index_leg0; Payroll Mass_leg0; Cash expenditures_leg0","OK",NA
"sg_lasso","France","Expenditures","2016-10-06",1043.74539748193,NA,0.113473068574533,0.5,1.44110051254756,7,7,7,2016-10-01,2224.70000000001,"Total expenditures accrual","Y_lag1; HICPX_leg0; Debt-to-GDP ratio_leg0; Unemployment rate_leg0; Geopolitical risk index_leg0; Payroll Mass_leg0; Cash expenditures_leg0","OK",NA
"sg_lasso","France","Expenditures","2016-10-15",860.195886340457,NA,0.113473068574533,0.5,1.44110051254756,7,7,7,2016-10-01,2224.70000000001,"Total expenditures accrual","Y_lag1; HICPX_leg0; Debt-to-GDP ratio_leg0; Unemployment rate_leg0; Geopolitical risk index_leg0; Payroll Mass_leg0; Cash expenditures_leg0","OK",NA
"sg_lasso","France","Expenditures","2016-10-27",860.195886340457,NA,0.113473068574533,0.5,1.44110051254756,7,7,7,2016-10-01,2224.70000000001,"Total expenditures accrual","Y_lag1; HICPX_leg0; Debt-to-GDP ratio_leg0; Unemployment rate_leg0; Geopolitical risk index_leg0; Payroll Mass_leg0; Cash expenditures_leg0","OK",NA
"sg_lasso","France","Expenditures","2016-11-01",1235.06272573658,NA,0.113473068574533,0.5,1.44110051254756,7,7,7,2016-11-01,2224.70000000001,"Total expenditures accrual","Y_lag1; HICPX_leg0; Debt-to-GDP ratio_leg0; Unemployment rate_leg0; Geopolitical risk index_leg0; Payroll Mass_leg0; Cash expenditures_leg0","OK",NA
"sg_lasso","France","Expenditures","2016-11-02",1235.06272573658,NA,0.113473068574533,0.5,1.44110051254756,7,7,7,2016-11-01,2224.70000000001,"Total expenditures accrual","Y_lag1; HICPX_leg0; Debt-to-GDP ratio_leg0; Unemployment rate_leg0; Geopolitical risk index_leg0; Payroll Mass_leg0; Cash expenditures_leg0","OK",NA
"sg_lasso","France","Expenditures","2016-11-15",1633.14196209742,NA,0.113473068574533,0.5,1.44110051254756,7,7,7,2016-11-01,2224.70000000001,"Total expenditures accrual","Y_lag1; HICPX_leg0; Debt-to-GDP ratio_leg0; Unemployment rate_leg0; Geopolitical risk index_leg0; Payroll Mass_leg0; Cash expenditures_leg0","OK",NA
"sg_lasso","France","Expenditures","2016-11-27",1581.95468754355,NA,0.113473068574533,0.5,1.44110051254756,7,7,7,2016-11-01,2224.70000000001,"Total expenditures accrual","Y_lag1; HICPX_leg0; Debt-to-GDP ratio_leg0; Unemployment rate_leg0; Geopolitical risk index_leg0; Payroll Mass_leg0; Cash expenditures_leg0","OK",NA
"sg_lasso","France","Expenditures","2016-12-01",1731.48695000456,NA,0.113473068574533,0.5,1.44110051254756,7,7,7,2016-12-01,2224.70000000001,"Total expenditures accrual","Y_lag1; HICPX_leg0; Debt-to-GDP ratio_leg0; Unemployment rate_leg0; Geopolitical risk index_leg0; Payroll Mass_leg0; Cash expenditures_leg0","OK",NA
"sg_lasso","France","Expenditures","2016-12-04",1731.48695000456,NA,0.113473068574533,0.5,1.44110051254756,7,7,7,2016-12-01,2224.70000000001,"Total expenditures accrual","Y_lag1; HICPX_leg0; Debt-to-GDP ratio_leg0; Unemployment rate_leg0; Geopolitical risk index_leg0; Payroll Mass_leg0; Cash expenditures_leg0","OK",NA
"sg_lasso","France","Expenditures","2016-12-15",1765.86833336072,NA,0.097280438965167,0.5,1.5298832951381,6,6,6,2016-12-01,2498.20000000001,"Total expenditures accrual","Y_lag1; HICPX_leg0; Debt-to-GDP ratio_leg0; Unemployment rate_leg0; Geopolitical risk index_leg0; Payroll Mass_leg0","OK",NA
"sg_lasso","France","Expenditures","2016-12-27",1617.45285626439,NA,0.35783439888408,0.5,1.53028563931242,2,2,2,2016-12-01,2498.20000000001,"Total expenditures accrual","Y_lag1; Unemployment rate_leg0","OK",NA
"sg_lasso","France","Expenditures","2017-01-01",1617.45285626439,NA,0.35783439888408,0.5,1.53028563931242,2,2,2,2017-01-01,2498.20000000001,"Total expenditures accrual","Y_lag1; Unemployment rate_leg0","OK",NA
"sg_lasso","France","Expenditures","2017-01-07",1617.45285626439,NA,0.35783439888408,0.5,1.53028563931242,2,2,2,2017-01-01,2498.20000000001,"Total expenditures accrual","Y_lag1; Unemployment rate_leg0","OK",NA
"sg_lasso","France","Expenditures","2017-01-15",1520.17136193803,NA,0.35783439888408,0.5,1.53028563931242,2,2,2,2017-01-01,2498.20000000001,"Total expenditures accrual","Y_lag1; Unemployment rate_leg0","OK",NA
"sg_lasso","France","Expenditures","2017-01-27",1520.17136193803,NA,0.35783439888408,0.5,1.53028563931242,2,2,2,2017-01-01,2498.20000000001,"Total expenditures accrual","Y_lag1; Unemployment rate_leg0","OK",NA
"sg_lasso","France","Expenditures","2017-02-01",1228.32687895894,NA,0.35783439888408,0.5,1.53028563931242,2,2,2,2017-02-01,2498.20000000001,"Total expenditures accrual","Y_lag1; Unemployment rate_leg0","OK",NA
"sg_lasso","France","Expenditures","2017-02-03",1228.32687895894,NA,0.35783439888408,0.5,1.53028563931242,2,2,2,2017-02-01,2498.20000000001,"Total expenditures accrual","Y_lag1; Unemployment rate_leg0","OK",NA
"sg_lasso","France","Expenditures","2017-02-15",1033.76389030622,NA,0.35783439888408,0.5,1.53028563931242,2,2,2,2017-02-01,2498.20000000001,"Total expenditures accrual","Y_lag1; Unemployment rate_leg0","OK",NA
"sg_lasso","France","Expenditures","2017-02-27",1033.76389030622,NA,0.35783439888408,0.5,1.53028563931242,2,2,2,2017-02-01,2498.20000000001,"Total expenditures accrual","Y_lag1; Unemployment rate_leg0","OK",NA
"sg_lasso","France","Expenditures","2017-03-01",741.91940732713,NA,0.35783439888408,0.5,1.53028563931242,2,2,2,2017-03-01,2498.20000000001,"Total expenditures accrual","Y_lag1; Unemployment rate_leg0","OK",NA
"sg_lasso","France","Expenditures","2017-03-03",741.91940732713,NA,0.35783439888408,0.5,1.53028563931242,2,2,2,2017-03-01,2498.20000000001,"Total expenditures accrual","Y_lag1; Unemployment rate_leg0","OK",NA
"sg_lasso","France","Expenditures","2017-03-15",1956.48859001934,NA,0.0915872553369984,0.5,1.2479628479697,6,6,6,2017-03-01,3173.5,"Total expenditures accrual","Y_lag1; HICPX_leg0; Debt-to-GDP ratio_leg0; Unemployment rate_leg0; Geopolitical risk index_leg0; Payroll Mass_leg0","OK",NA
"sg_lasso","France","Expenditures","2017-03-27",1710.80691164381,NA,0.100516899667253,0.5,1.24397689914774,6,6,6,2017-03-01,3173.5,"Total expenditures accrual","Y_lag1; HICPX_leg0; Debt-to-GDP ratio_leg0; Unemployment rate_leg0; Geopolitical risk index_leg0; Payroll Mass_leg0","OK",NA
"sg_lasso","France","Expenditures","2017-04-01",2068.14714294818,NA,0.100516899667253,0.5,1.24397689914774,6,6,6,2017-04-01,3173.5,"Total expenditures accrual","Y_lag1; HICPX_leg0; Debt-to-GDP ratio_leg0; Unemployment rate_leg0; Geopolitical risk index_leg0; Payroll Mass_leg0","OK",NA
"sg_lasso","France","Expenditures","2017-04-06",2068.14714294818,NA,0.100516899667253,0.5,1.24397689914774,6,6,6,2017-04-01,3173.5,"Total expenditures accrual","Y_lag1; HICPX_leg0; Debt-to-GDP ratio_leg0; Unemployment rate_leg0; Geopolitical risk index_leg0; Payroll Mass_leg0","OK",NA
"sg_lasso","France","Expenditures","2017-04-15",2171.56173145831,NA,0.100516899667253,0.5,1.24397689914774,6,6,6,2017-04-01,3173.5,"Total expenditures accrual","Y_lag1; HICPX_leg0; Debt-to-GDP ratio_leg0; Unemployment rate_leg0; Geopolitical risk index_leg0; Payroll Mass_leg0","OK",NA
"sg_lasso","France","Expenditures","2017-04-27",2171.56173145831,NA,0.100516899667253,0.5,1.24397689914774,6,6,6,2017-04-01,3173.5,"Total expenditures accrual","Y_lag1; HICPX_leg0; Debt-to-GDP ratio_leg0; Unemployment rate_leg0; Geopolitical risk index_leg0; Payroll Mass_leg0","OK",NA
"sg_lasso","France","Expenditures","2017-05-01",2520.28822317756,NA,0.100516899667253,0.5,1.24397689914774,6,6,6,2017-05-01,3173.5,"Total expenditures accrual","Y_lag1; HICPX_leg0; Debt-to-GDP ratio_leg0; Unemployment rate_leg0; Geopolitical risk index_leg0; Payroll Mass_leg0","OK",NA
"sg_lasso","France","Expenditures","2017-05-15",2418.32693368317,NA,0.100516899667253,0.5,1.24397689914774,6,6,6,2017-05-01,3173.5,"Total expenditures accrual","Y_lag1; HICPX_leg0; Debt-to-GDP ratio_leg0; Unemployment rate_leg0; Geopolitical risk index_leg0; Payroll Mass_leg0","OK",NA
"sg_lasso","France","Expenditures","2017-05-27",2583.51833311216,NA,0.100516899667253,0.5,1.24397689914774,6,6,6,2017-05-01,3173.5,"Total expenditures accrual","Y_lag1; HICPX_leg0; Debt-to-GDP ratio_leg0; Unemployment rate_leg0; Geopolitical risk index_leg0; Payroll Mass_leg0","OK",NA
"sg_lasso","France","Expenditures","2017-06-01",2690.11958580223,NA,0.100516899667253,0.5,1.24397689914774,6,6,6,2017-06-01,3173.5,"Total expenditures accrual","Y_lag1; HICPX_leg0; Debt-to-GDP ratio_leg0; Unemployment rate_leg0; Geopolitical risk index_leg0; Payroll Mass_leg0","OK",NA
"sg_lasso","France","Expenditures","2017-06-04",2690.11958580223,NA,0.100516899667253,0.5,1.24397689914774,6,6,6,2017-06-01,3173.5,"Total expenditures accrual","Y_lag1; HICPX_leg0; Debt-to-GDP ratio_leg0; Unemployment rate_leg0; Geopolitical risk index_leg0; Payroll Mass_leg0","OK",NA
"sg_lasso","France","Expenditures","2017-06-15",1549.03297772375,NA,0.369861010585158,0.5,1.85148366283031,1,1,1,2017-06-01,1965.59999999998,"Total expenditures accrual","Y_lag1","OK",NA
"sg_lasso","France","Expenditures","2017-06-27",1549.03297772375,NA,0.369861010585158,0.5,1.85148366283031,1,1,1,2017-06-01,1965.59999999998,"Total expenditures accrual","Y_lag1","OK",NA
"sg_lasso","France","Expenditures","2017-07-01",1549.03297772375,NA,0.369861010585158,0.5,1.85148366283031,1,1,1,2017-07-01,1965.59999999998,"Total expenditures accrual","Y_lag1","OK",NA
"sg_lasso","France","Expenditures","2017-07-06",1549.03297772375,NA,0.369861010585158,0.5,1.85148366283031,1,1,1,2017-07-01,1965.59999999998,"Total expenditures accrual","Y_lag1","OK",NA
"sg_lasso","France","Expenditures","2017-07-15",1549.03297772375,NA,0.369861010585158,0.5,1.85148366283031,1,1,1,2017-07-01,1965.59999999998,"Total expenditures accrual","Y_lag1","OK",NA
"sg_lasso","France","Expenditures","2017-07-27",1549.03297772375,NA,0.369861010585158,0.5,1.85148366283031,1,1,1,2017-07-01,1965.59999999998,"Total expenditures accrual","Y_lag1","OK",NA
"sg_lasso","France","Expenditures","2017-08-01",1549.03297772375,NA,0.369861010585158,0.5,1.85148366283031,1,1,1,2017-08-01,1965.59999999998,"Total expenditures accrual","Y_lag1","OK",NA
"sg_lasso","France","Expenditures","2017-08-02",1549.03297772375,NA,0.369861010585158,0.5,1.85148366283031,1,1,1,2017-08-01,1965.59999999998,"Total expenditures accrual","Y_lag1","OK",NA
"sg_lasso","France","Expenditures","2017-08-15",1549.03297772375,NA,0.369861010585158,0.5,1.85148366283031,1,1,1,2017-08-01,1965.59999999998,"Total expenditures accrual","Y_lag1","OK",NA
"sg_lasso","France","Expenditures","2017-08-27",1549.03297772375,NA,0.369861010585158,0.5,1.85148366283031,1,1,1,2017-08-01,1965.59999999998,"Total expenditures accrual","Y_lag1","OK",NA
"sg_lasso","France","Expenditures","2017-09-01",1549.03297772375,NA,0.369861010585158,0.5,1.85148366283031,1,1,1,2017-09-01,1965.59999999998,"Total expenditures accrual","Y_lag1","OK",NA
"sg_lasso","France","Expenditures","2017-09-05",1549.03297772375,NA,0.369861010585158,0.5,1.85148366283031,1,1,1,2017-09-01,1965.59999999998,"Total expenditures accrual","Y_lag1","OK",NA
"sg_lasso","France","Expenditures","2017-09-15",3283.98708988153,NA,0.0678376265520199,0.5,0.969544311138376,8,8,8,2017-09-01,5573.40000000002,"Total expenditures accrual","Y_lag1; 10y yield_leg0; HICPX_leg0; Debt-to-GDP ratio_leg0; Unemployment rate_leg0; Geopolitical risk index_leg0; IP_leg0; Payroll Mass_leg0","OK",NA
"sg_lasso","France","Expenditures","2017-09-27",2794.19335729556,NA,0.0896773499533867,0.5,0.963543551413111,7,7,7,2017-09-01,5573.40000000002,"Total expenditures accrual","Y_lag1; HICPX_leg0; Debt-to-GDP ratio_leg0; Unemployment rate_leg0; Geopolitical risk index_leg0; IP_leg0; Payroll Mass_leg0","OK",NA
"sg_lasso","France","Expenditures","2017-10-01",2521.29048839805,NA,0.0896773499533867,0.5,0.963543551413111,7,7,7,2017-10-01,5573.40000000002,"Total expenditures accrual","Y_lag1; HICPX_leg0; Debt-to-GDP ratio_leg0; Unemployment rate_leg0; Geopolitical risk index_leg0; IP_leg0; Payroll Mass_leg0","OK",NA
"sg_lasso","France","Expenditures","2017-10-07",2521.29048839805,NA,0.0896773499533867,0.5,0.963543551413111,7,7,7,2017-10-01,5573.40000000002,"Total expenditures accrual","Y_lag1; HICPX_leg0; Debt-to-GDP ratio_leg0; Unemployment rate_leg0; Geopolitical risk index_leg0; IP_leg0; Payroll Mass_leg0","OK",NA
"sg_lasso","France","Expenditures","2017-10-15",2389.34881326677,NA,0.0896773499533867,0.5,0.963543551413111,7,7,7,2017-10-01,5573.40000000002,"Total expenditures accrual","Y_lag1; HICPX_leg0; Debt-to-GDP ratio_leg0; Unemployment rate_leg0; Geopolitical risk index_leg0; IP_leg0; Payroll Mass_leg0","OK",NA
"sg_lasso","France","Expenditures","2017-10-27",2389.34881326677,NA,0.0896773499533867,0.5,0.963543551413111,7,7,7,2017-10-01,5573.40000000002,"Total expenditures accrual","Y_lag1; HICPX_leg0; Debt-to-GDP ratio_leg0; Unemployment rate_leg0; Geopolitical risk index_leg0; IP_leg0; Payroll Mass_leg0","OK",NA
"sg_lasso","France","Expenditures","2017-11-01",1668.78024114716,NA,0.0896773499533867,0.5,0.963543551413111,7,7,7,2017-11-01,5573.40000000002,"Total expenditures accrual","Y_lag1; HICPX_leg0; Debt-to-GDP ratio_leg0; Unemployment rate_leg0; Geopolitical risk index_leg0; IP_leg0; Payroll Mass_leg0","OK",NA
"sg_lasso","France","Expenditures","2017-11-03",1668.78024114716,NA,0.0896773499533867,0.5,0.963543551413111,7,7,7,2017-11-01,5573.40000000002,"Total expenditures accrual","Y_lag1; HICPX_leg0; Debt-to-GDP ratio_leg0; Unemployment rate_leg0; Geopolitical risk index_leg0; IP_leg0; Payroll Mass_leg0","OK",NA
"sg_lasso","France","Expenditures","2017-11-15",1697.72972007546,NA,0.0896773499533867,0.5,0.963543551413111,7,7,7,2017-11-01,5573.40000000002,"Total expenditures accrual","Y_lag1; HICPX_leg0; Debt-to-GDP ratio_leg0; Unemployment rate_leg0; Geopolitical risk index_leg0; IP_leg0; Payroll Mass_leg0","OK",NA
"sg_lasso","France","Expenditures","2017-11-27",1697.72972007546,NA,0.0896773499533867,0.5,0.963543551413111,7,7,7,2017-11-01,5573.40000000002,"Total expenditures accrual","Y_lag1; HICPX_leg0; Debt-to-GDP ratio_leg0; Unemployment rate_leg0; Geopolitical risk index_leg0; IP_leg0; Payroll Mass_leg0","OK",NA
"sg_lasso","France","Expenditures","2017-12-01",1676.56070947795,NA,0.0896773499533867,0.5,0.963543551413111,7,7,7,2017-12-01,5573.40000000002,"Total expenditures accrual","Y_lag1; HICPX_leg0; Debt-to-GDP ratio_leg0; Unemployment rate_leg0; Geopolitical risk index_leg0; IP_leg0; Payroll Mass_leg0","OK",NA
"sg_lasso","France","Expenditures","2017-12-05",1676.56070947795,NA,0.0896773499533867,0.5,0.963543551413111,7,7,7,2017-12-01,5573.40000000002,"Total expenditures accrual","Y_lag1; HICPX_leg0; Debt-to-GDP ratio_leg0; Unemployment rate_leg0; Geopolitical risk index_leg0; IP_leg0; Payroll Mass_leg0","OK",NA
"sg_lasso","France","Expenditures","2017-12-15",2114.19068429735,NA,0.0658879490772821,0.5,1.54053938927946,9,9,9,2017-12-01,-910.900000000023,"Total expenditures accrual","Y_lag1; HICPX_leg0; Debt-to-GDP ratio_leg0; Unemployment rate_leg0; Unemployment inflows_leg0; Geopolitical risk index_leg0; IP_leg0; Payroll Mass_leg0; Cash expenditures_leg0","OK",NA
"sg_lasso","France","Expenditures","2017-12-27",2215.91617058139,NA,0.0658879490772821,0.5,1.54235522269378,9,9,9,2017-12-01,-910.900000000023,"Total expenditures accrual","Y_lag1; HICPX_leg0; Debt-to-GDP ratio_leg0; Unemployment rate_leg0; Unemployment inflows_leg0; Geopolitical risk index_leg0; IP_leg0; Payroll Mass_leg0; Cash expenditures_leg0","OK",NA
"sg_lasso","France","Expenditures","2018-01-01",2445.99053053953,NA,0.0658879490772821,0.5,1.54235522269378,9,9,9,2018-01-01,-910.900000000023,"Total expenditures accrual","Y_lag1; HICPX_leg0; Debt-to-GDP ratio_leg0; Unemployment rate_leg0; Unemployment inflows_leg0; Geopolitical risk index_leg0; IP_leg0; Payroll Mass_leg0; Cash expenditures_leg0","OK",NA
"sg_lasso","France","Expenditures","2018-01-15",2676.71311493795,NA,0.0658879490772821,0.5,1.54235522269378,9,9,9,2018-01-01,-910.900000000023,"Total expenditures accrual","Y_lag1; HICPX_leg0; Debt-to-GDP ratio_leg0; Unemployment rate_leg0; Unemployment inflows_leg0; Geopolitical risk index_leg0; IP_leg0; Payroll Mass_leg0; Cash expenditures_leg0","OK",NA
"sg_lasso","France","Expenditures","2018-01-27",2469.98869035567,NA,0.0658879490772821,0.5,1.54235522269378,9,9,9,2018-01-01,-910.900000000023,"Total expenditures accrual","Y_lag1; HICPX_leg0; Debt-to-GDP ratio_leg0; Unemployment rate_leg0; Unemployment inflows_leg0; Geopolitical risk index_leg0; IP_leg0; Payroll Mass_leg0; Cash expenditures_leg0","OK",NA
"sg_lasso","France","Expenditures","2018-02-01",2697.08781249261,NA,0.0658879490772821,0.5,1.54235522269378,9,9,9,2018-02-01,-910.900000000023,"Total expenditures accrual","Y_lag1; HICPX_leg0; Debt-to-GDP ratio_leg0; Unemployment rate_leg0; Unemployment inflows_leg0; Geopolitical risk index_leg0; IP_leg0; Payroll Mass_leg0; Cash expenditures_leg0","OK",NA
"sg_lasso","France","Expenditures","2018-02-04",2697.08781249261,NA,0.0658879490772821,0.5,1.54235522269378,9,9,9,2018-02-01,-910.900000000023,"Total expenditures accrual","Y_lag1; HICPX_leg0; Debt-to-GDP ratio_leg0; Unemployment rate_leg0; Unemployment inflows_leg0; Geopolitical risk index_leg0; IP_leg0; Payroll Mass_leg0; Cash expenditures_leg0","OK",NA
"sg_lasso","France","Expenditures","2018-02-15",3019.58800526042,NA,0.0658879490772821,0.5,1.54235522269378,9,9,9,2018-02-01,-910.900000000023,"Total expenditures accrual","Y_lag1; HICPX_leg0; Debt-to-GDP ratio_leg0; Unemployment rate_leg0; Unemployment inflows_leg0; Geopolitical risk index_leg0; IP_leg0; Payroll Mass_leg0; Cash expenditures_leg0","OK",NA
"sg_lasso","France","Expenditures","2018-02-27",3433.03685442498,NA,0.0658879490772821,0.5,1.54235522269378,9,9,9,2018-02-01,-910.900000000023,"Total expenditures accrual","Y_lag1; HICPX_leg0; Debt-to-GDP ratio_leg0; Unemployment rate_leg0; Unemployment inflows_leg0; Geopolitical risk index_leg0; IP_leg0; Payroll Mass_leg0; Cash expenditures_leg0","OK",NA
"sg_lasso","France","Expenditures","2018-03-01",4120.60887550655,NA,0.0658879490772821,0.5,1.54235522269378,9,9,9,2018-03-01,-910.900000000023,"Total expenditures accrual","Y_lag1; HICPX_leg0; Debt-to-GDP ratio_leg0; Unemployment rate_leg0; Unemployment inflows_leg0; Geopolitical risk index_leg0; IP_leg0; Payroll Mass_leg0; Cash expenditures_leg0","OK",NA
"sg_lasso","France","Expenditures","2018-03-04",4120.60887550655,NA,0.0658879490772821,0.5,1.54235522269378,9,9,9,2018-03-01,-910.900000000023,"Total expenditures accrual","Y_lag1; HICPX_leg0; Debt-to-GDP ratio_leg0; Unemployment rate_leg0; Unemployment inflows_leg0; Geopolitical risk index_leg0; IP_leg0; Payroll Mass_leg0; Cash expenditures_leg0","OK",NA
"sg_lasso","France","Expenditures","2018-03-15",-164.969260312216,NA,0.0171056463940305,0.5,1.33672677033378,11,11,11,2018-03-01,-1473.5,"Total expenditures accrual","Y_lag1; 10y yield_leg0; HICPX_leg0; Debt-to-GDP ratio_leg0; Unemployment rate_leg0; Share of LT unemp_leg0; Geopolitical risk index_leg0; Hours worked_leg0; Payroll Mass_leg0; Energy prices_leg0; Cash expenditures_leg0","OK",NA
"sg_lasso","France","Expenditures","2018-03-27",-318.057613605334,NA,0.0187734258004092,0.5,1.38331869370083,12,12,12,2018-03-01,-1473.5,"Total expenditures accrual","Y_lag1; 10y yield_leg0; HICPX_leg0; Debt-to-GDP ratio_leg0; Unemployment rate_leg0; Unemployment inflows_leg0; Share of LT unemp_leg0; Geopolitical risk index_leg0; Hours worked_leg0; Payroll Mass_leg0; Energy prices_leg0; Cash expenditures_leg0","OK",NA
"sg_lasso","France","Expenditures","2018-04-01",-616.173538781693,NA,0.0187734258004092,0.5,1.38331869370083,12,12,12,2018-04-01,-1473.5,"Total expenditures accrual","Y_lag1; 10y yield_leg0; HICPX_leg0; Debt-to-GDP ratio_leg0; Unemployment rate_leg0; Unemployment inflows_leg0; Share of LT unemp_leg0; Geopolitical risk index_leg0; Hours worked_leg0; Payroll Mass_leg0; Energy prices_leg0; Cash expenditures_leg0","OK",NA
"sg_lasso","France","Expenditures","2018-04-07",-616.173538781693,NA,0.0187734258004092,0.5,1.38331869370083,12,12,12,2018-04-01,-1473.5,"Total expenditures accrual","Y_lag1; 10y yield_leg0; HICPX_leg0; Debt-to-GDP ratio_leg0; Unemployment rate_leg0; Unemployment inflows_leg0; Share of LT unemp_leg0; Geopolitical risk index_leg0; Hours worked_leg0; Payroll Mass_leg0; Energy prices_leg0; Cash expenditures_leg0","OK",NA
"sg_lasso","France","Expenditures","2018-04-15",-755.468134409477,NA,0.0187734258004092,0.5,1.38331869370083,12,12,12,2018-04-01,-1473.5,"Total expenditures accrual","Y_lag1; 10y yield_leg0; HICPX_leg0; Debt-to-GDP ratio_leg0; Unemployment rate_leg0; Unemployment inflows_leg0; Share of LT unemp_leg0; Geopolitical risk index_leg0; Hours worked_leg0; Payroll Mass_leg0; Energy prices_leg0; Cash expenditures_leg0","OK",NA
"sg_lasso","France","Expenditures","2018-04-27",39.5656273255097,NA,0.0187734258004092,0.5,1.38331869370083,12,12,12,2018-04-01,-1473.5,"Total expenditures accrual","Y_lag1; 10y yield_leg0; HICPX_leg0; Debt-to-GDP ratio_leg0; Unemployment rate_leg0; Unemployment inflows_leg0; Share of LT unemp_leg0; Geopolitical risk index_leg0; Hours worked_leg0; Payroll Mass_leg0; Energy prices_leg0; Cash expenditures_leg0","OK",NA
"sg_lasso","France","Expenditures","2018-05-01",-769.950116858315,NA,0.0187734258004092,0.5,1.38331869370083,12,12,12,2018-05-01,-1473.5,"Total expenditures accrual","Y_lag1; 10y yield_leg0; HICPX_leg0; Debt-to-GDP ratio_leg0; Unemployment rate_leg0; Unemployment inflows_leg0; Share of LT unemp_leg0; Geopolitical risk index_leg0; Hours worked_leg0; Payroll Mass_leg0; Energy prices_leg0; Cash expenditures_leg0","OK",NA
"sg_lasso","France","Expenditures","2018-05-02",-769.950116858315,NA,0.0187734258004092,0.5,1.38331869370083,12,12,12,2018-05-01,-1473.5,"Total expenditures accrual","Y_lag1; 10y yield_leg0; HICPX_leg0; Debt-to-GDP ratio_leg0; Unemployment rate_leg0; Unemployment inflows_leg0; Share of LT unemp_leg0; Geopolitical risk index_leg0; Hours worked_leg0; Payroll Mass_leg0; Energy prices_leg0; Cash expenditures_leg0","OK",NA
"sg_lasso","France","Expenditures","2018-05-15",-903.575949135391,NA,0.0187734258004092,0.5,1.38331869370083,12,12,12,2018-05-01,-1473.5,"Total expenditures accrual","Y_lag1; 10y yield_leg0; HICPX_leg0; Debt-to-GDP ratio_leg0; Unemployment rate_leg0; Unemployment inflows_leg0; Share of LT unemp_leg0; Geopolitical risk index_leg0; Hours worked_leg0; Payroll Mass_leg0; Energy prices_leg0; Cash expenditures_leg0","OK",NA
"sg_lasso","France","Expenditures","2018-05-27",-1304.35777223085,NA,0.0187734258004092,0.5,1.38331869370083,12,12,12,2018-05-01,-1473.5,"Total expenditures accrual","Y_lag1; 10y yield_leg0; HICPX_leg0; Debt-to-GDP ratio_leg0; Unemployment rate_leg0; Unemployment inflows_leg0; Share of LT unemp_leg0; Geopolitical risk index_leg0; Hours worked_leg0; Payroll Mass_leg0; Energy prices_leg0; Cash expenditures_leg0","OK",NA
"sg_lasso","France","Expenditures","2018-06-01",-1136.55663806849,NA,0.0187734258004092,0.5,1.38331869370083,12,12,12,2018-06-01,-1473.5,"Total expenditures accrual","Y_lag1; 10y yield_leg0; HICPX_leg0; Debt-to-GDP ratio_leg0; Unemployment rate_leg0; Unemployment inflows_leg0; Share of LT unemp_leg0; Geopolitical risk index_leg0; Hours worked_leg0; Payroll Mass_leg0; Energy prices_leg0; Cash expenditures_leg0","OK",NA
"sg_lasso","France","Expenditures","2018-06-05",-1136.55663806849,NA,0.0187734258004092,0.5,1.38331869370083,12,12,12,2018-06-01,-1473.5,"Total expenditures accrual","Y_lag1; 10y yield_leg0; HICPX_leg0; Debt-to-GDP ratio_leg0; Unemployment rate_leg0; Unemployment inflows_leg0; Share of LT unemp_leg0; Geopolitical risk index_leg0; Hours worked_leg0; Payroll Mass_leg0; Energy prices_leg0; Cash expenditures_leg0","OK",NA
"sg_lasso","France","Expenditures","2018-06-15",997.560123328524,NA,0.371761027323439,0.5,1.77926577808508,1,1,1,2018-06-01,-795.900000000023,"Total expenditures accrual","Y_lag1","OK",NA
"sg_lasso","France","Expenditures","2018-06-27",997.560123328524,NA,0.371761027323439,0.5,1.76550501632362,1,1,1,2018-06-01,-795.900000000023,"Total expenditures accrual","Y_lag1","OK",NA
"sg_lasso","France","Expenditures","2018-07-01",997.560123328524,NA,0.371761027323439,0.5,1.76550501632362,1,1,1,2018-07-01,-795.900000000023,"Total expenditures accrual","Y_lag1","OK",NA
"sg_lasso","France","Expenditures","2018-07-07",997.560123328524,NA,0.371761027323439,0.5,1.76550501632362,1,1,1,2018-07-01,-795.900000000023,"Total expenditures accrual","Y_lag1","OK",NA
"sg_lasso","France","Expenditures","2018-07-15",997.560123328524,NA,0.371761027323439,0.5,1.76550501632362,1,1,1,2018-07-01,-795.900000000023,"Total expenditures accrual","Y_lag1","OK",NA
"sg_lasso","France","Expenditures","2018-07-27",997.560123328524,NA,0.371761027323439,0.5,1.76550501632362,1,1,1,2018-07-01,-795.900000000023,"Total expenditures accrual","Y_lag1","OK",NA
"sg_lasso","France","Expenditures","2018-08-01",997.560123328524,NA,0.371761027323439,0.5,1.76550501632362,1,1,1,2018-08-01,-795.900000000023,"Total expenditures accrual","Y_lag1","OK",NA
"sg_lasso","France","Expenditures","2018-08-03",997.560123328524,NA,0.371761027323439,0.5,1.76550501632362,1,1,1,2018-08-01,-795.900000000023,"Total expenditures accrual","Y_lag1","OK",NA
"sg_lasso","France","Expenditures","2018-08-15",997.560123328524,NA,0.371761027323439,0.5,1.76550501632362,1,1,1,2018-08-01,-795.900000000023,"Total expenditures accrual","Y_lag1","OK",NA
"sg_lasso","France","Expenditures","2018-08-27",997.560123328524,NA,0.371761027323439,0.5,1.76550501632362,1,1,1,2018-08-01,-795.900000000023,"Total expenditures accrual","Y_lag1","OK",NA
"sg_lasso","France","Expenditures","2018-09-01",997.560123328524,NA,0.371761027323439,0.5,1.76550501632362,1,1,1,2018-09-01,-795.900000000023,"Total expenditures accrual","Y_lag1","OK",NA
"sg_lasso","France","Expenditures","2018-09-06",997.560123328524,NA,0.371761027323439,0.5,1.76550501632362,1,1,1,2018-09-01,-795.900000000023,"Total expenditures accrual","Y_lag1","OK",NA
"sg_lasso","France","Expenditures","2018-09-15",1167.75287904529,NA,0.378562157231322,0.5,1.4332736725686,1,1,1,2018-09-01,434.700000000012,"Total expenditures accrual","Y_lag1","OK",NA
"sg_lasso","France","Expenditures","2018-09-27",1167.75287904529,NA,0.378562157231322,0.5,1.43325364985892,1,1,1,2018-09-01,434.700000000012,"Total expenditures accrual","Y_lag1","OK",NA
"sg_lasso","France","Expenditures","2018-10-01",1167.75287904529,NA,0.378562157231322,0.5,1.43325364985892,1,1,1,2018-10-01,434.700000000012,"Total expenditures accrual","Y_lag1","OK",NA
"sg_lasso","France","Expenditures","2018-10-15",1167.75287904529,NA,0.378562157231322,0.5,1.43325364985892,1,1,1,2018-10-01,434.700000000012,"Total expenditures accrual","Y_lag1","OK",NA
"sg_lasso","France","Expenditures","2018-10-27",1167.75287904529,NA,0.378562157231322,0.5,1.43325364985892,1,1,1,2018-10-01,434.700000000012,"Total expenditures accrual","Y_lag1","OK",NA
"sg_lasso","France","Expenditures","2018-11-01",1167.75287904529,NA,0.378562157231322,0.5,1.43325364985892,1,1,1,2018-11-01,434.700000000012,"Total expenditures accrual","Y_lag1","OK",NA
"sg_lasso","France","Expenditures","2018-11-04",1167.75287904529,NA,0.378562157231322,0.5,1.43325364985892,1,1,1,2018-11-01,434.700000000012,"Total expenditures accrual","Y_lag1","OK",NA
"sg_lasso","France","Expenditures","2018-11-15",1167.75287904529,NA,0.378562157231322,0.5,1.43325364985892,1,1,1,2018-11-01,434.700000000012,"Total expenditures accrual","Y_lag1","OK",NA
"sg_lasso","France","Expenditures","2018-11-27",1167.75287904529,NA,0.378562157231322,0.5,1.43325364985892,1,1,1,2018-11-01,434.700000000012,"Total expenditures accrual","Y_lag1","OK",NA
"sg_lasso","France","Expenditures","2018-12-01",1167.75287904529,NA,0.378562157231322,0.5,1.43325364985892,1,1,1,2018-12-01,434.700000000012,"Total expenditures accrual","Y_lag1","OK",NA
"sg_lasso","France","Expenditures","2018-12-06",1167.75287904529,NA,0.378562157231322,0.5,1.43325364985892,1,1,1,2018-12-01,434.700000000012,"Total expenditures accrual","Y_lag1","OK",NA
"sg_lasso","France","Expenditures","2018-12-15",1338.4212741424,NA,0.116338203513902,0.5,1.33290154964374,8,8,8,2018-12-01,3062.79999999999,"Total expenditures accrual","Y_lag1; HICPX_leg0; Debt-to-GDP ratio_leg0; Unemployment rate_leg0; Unemployment inflows_leg0; Share of LT unemp_leg0; Geopolitical risk index_leg0; Payroll Mass_leg0","OK",NA
"sg_lasso","France","Expenditures","2018-12-27",1659.38642415224,NA,0.355280063688711,0.5,1.33613510581321,1,1,1,2018-12-01,3062.79999999999,"Total expenditures accrual","Y_lag1","OK",NA
"sg_lasso","France","Expenditures","2019-01-01",1659.38642415224,NA,0.355280063688711,0.5,1.33613510581321,1,1,1,2019-01-01,3062.79999999999,"Total expenditures accrual","Y_lag1","OK",NA
"sg_lasso","France","Expenditures","2019-01-02",1659.38642415224,NA,0.355280063688711,0.5,1.33613510581321,1,1,1,2019-01-01,3062.79999999999,"Total expenditures accrual","Y_lag1","OK",NA
"sg_lasso","France","Expenditures","2019-01-15",1659.38642415224,NA,0.355280063688711,0.5,1.33613510581321,1,1,1,2019-01-01,3062.79999999999,"Total expenditures accrual","Y_lag1","OK",NA
"sg_lasso","France","Expenditures","2019-01-27",1659.38642415224,NA,0.355280063688711,0.5,1.33613510581321,1,1,1,2019-01-01,3062.79999999999,"Total expenditures accrual","Y_lag1","OK",NA
"sg_lasso","France","Expenditures","2019-02-01",1659.38642415224,NA,0.355280063688711,0.5,1.33613510581321,1,1,1,2019-02-01,3062.79999999999,"Total expenditures accrual","Y_lag1","OK",NA
"sg_lasso","France","Expenditures","2019-02-05",1659.38642415224,NA,0.355280063688711,0.5,1.33613510581321,1,1,1,2019-02-01,3062.79999999999,"Total expenditures accrual","Y_lag1","OK",NA
"sg_lasso","France","Expenditures","2019-02-15",1659.38642415224,NA,0.355280063688711,0.5,1.33613510581321,1,1,1,2019-02-01,3062.79999999999,"Total expenditures accrual","Y_lag1","OK",NA
"sg_lasso","France","Expenditures","2019-02-27",1659.38642415224,NA,0.355280063688711,0.5,1.33613510581321,1,1,1,2019-02-01,3062.79999999999,"Total expenditures accrual","Y_lag1","OK",NA
"sg_lasso","France","Expenditures","2019-03-01",1659.38642415224,NA,0.355280063688711,0.5,1.33613510581321,1,1,1,2019-03-01,3062.79999999999,"Total expenditures accrual","Y_lag1","OK",NA
"sg_lasso","France","Expenditures","2019-03-05",1659.38642415224,NA,0.355280063688711,0.5,1.33613510581321,1,1,1,2019-03-01,3062.79999999999,"Total expenditures accrual","Y_lag1","OK",NA
"sg_lasso","France","Expenditures","2019-03-15",-59.8765309598,NA,0.0591875401602912,0.5,0.891472603414592,9,9,9,2019-03-01,-753.099999999977,"Total expenditures accrual","Y_lag1; HICPX_leg0; Debt-to-GDP ratio_leg0; Unemployment rate_leg0; Unemployment inflows_leg0; Share of LT unemp_leg0; Geopolitical risk index_leg0; Payroll Mass_leg0; Energy prices_leg0","OK",NA
"sg_lasso","France","Expenditures","2019-03-27",674.572233522148,NA,0.0591875401602912,0.5,0.910649727862636,9,9,9,2019-03-01,-753.099999999977,"Total expenditures accrual","Y_lag1; HICPX_leg0; Debt-to-GDP ratio_leg0; Unemployment rate_leg0; Unemployment inflows_leg0; Share of LT unemp_leg0; Geopolitical risk index_leg0; Payroll Mass_leg0; Energy prices_leg0","OK",NA
"sg_lasso","France","Expenditures","2019-04-01",852.531666943559,NA,0.0591875401602912,0.5,0.910649727862636,9,9,9,2019-04-01,-753.099999999977,"Total expenditures accrual","Y_lag1; HICPX_leg0; Debt-to-GDP ratio_leg0; Unemployment rate_leg0; Unemployment inflows_leg0; Share of LT unemp_leg0; Geopolitical risk index_leg0; Payroll Mass_leg0; Energy prices_leg0","OK",NA
"sg_lasso","France","Expenditures","2019-04-15",919.002284025459,NA,0.0591875401602912,0.5,0.910649727862636,9,9,9,2019-04-01,-753.099999999977,"Total expenditures accrual","Y_lag1; HICPX_leg0; Debt-to-GDP ratio_leg0; Unemployment rate_leg0; Unemployment inflows_leg0; Share of LT unemp_leg0; Geopolitical risk index_leg0; Payroll Mass_leg0; Energy prices_leg0","OK",NA
"sg_lasso","France","Expenditures","2019-04-27",-220.687403063296,NA,0.0591875401602912,0.5,0.910649727862636,9,9,9,2019-04-01,-753.099999999977,"Total expenditures accrual","Y_lag1; HICPX_leg0; Debt-to-GDP ratio_leg0; Unemployment rate_leg0; Unemployment inflows_leg0; Share of LT unemp_leg0; Geopolitical risk index_leg0; Payroll Mass_leg0; Energy prices_leg0","OK",NA
"sg_lasso","France","Expenditures","2019-05-01",-1057.59313652012,NA,0.0591875401602912,0.5,0.910649727862636,9,9,9,2019-05-01,-753.099999999977,"Total expenditures accrual","Y_lag1; HICPX_leg0; Debt-to-GDP ratio_leg0; Unemployment rate_leg0; Unemployment inflows_leg0; Share of LT unemp_leg0; Geopolitical risk index_leg0; Payroll Mass_leg0; Energy prices_leg0","OK",NA
"sg_lasso","France","Expenditures","2019-05-03",-1057.59313652012,NA,0.0591875401602912,0.5,0.910649727862636,9,9,9,2019-05-01,-753.099999999977,"Total expenditures accrual","Y_lag1; HICPX_leg0; Debt-to-GDP ratio_leg0; Unemployment rate_leg0; Unemployment inflows_leg0; Share of LT unemp_leg0; Geopolitical risk index_leg0; Payroll Mass_leg0; Energy prices_leg0","OK",NA
"sg_lasso","France","Expenditures","2019-05-15",-1146.98223879813,NA,0.0591875401602912,0.5,0.910649727862636,9,9,9,2019-05-01,-753.099999999977,"Total expenditures accrual","Y_lag1; HICPX_leg0; Debt-to-GDP ratio_leg0; Unemployment rate_leg0; Unemployment inflows_leg0; Share of LT unemp_leg0; Geopolitical risk index_leg0; Payroll Mass_leg0; Energy prices_leg0","OK",NA
"sg_lasso","France","Expenditures","2019-05-27",-491.854652754186,NA,0.0591875401602912,0.5,0.910649727862636,9,9,9,2019-05-01,-753.099999999977,"Total expenditures accrual","Y_lag1; HICPX_leg0; Debt-to-GDP ratio_leg0; Unemployment rate_leg0; Unemployment inflows_leg0; Share of LT unemp_leg0; Geopolitical risk index_leg0; Payroll Mass_leg0; Energy prices_leg0","OK",NA
"sg_lasso","France","Expenditures","2019-06-01",-1034.87467606356,NA,0.0591875401602912,0.5,0.910649727862636,9,9,9,2019-06-01,-753.099999999977,"Total expenditures accrual","Y_lag1; HICPX_leg0; Debt-to-GDP ratio_leg0; Unemployment rate_leg0; Unemployment inflows_leg0; Share of LT unemp_leg0; Geopolitical risk index_leg0; Payroll Mass_leg0; Energy prices_leg0","OK",NA
"sg_lasso","France","Expenditures","2019-06-06",-1034.87467606356,NA,0.0591875401602912,0.5,0.910649727862636,9,9,9,2019-06-01,-753.099999999977,"Total expenditures accrual","Y_lag1; HICPX_leg0; Debt-to-GDP ratio_leg0; Unemployment rate_leg0; Unemployment inflows_leg0; Share of LT unemp_leg0; Geopolitical risk index_leg0; Payroll Mass_leg0; Energy prices_leg0","OK",NA
"sg_lasso","France","Expenditures","2019-06-15",30.7430645668744,NA,0.0672542259279153,0.5,1.48065681846515,9,9,9,2019-06-01,2307.20000000001,"Total expenditures accrual","Y_lag1; HICPX_leg0; Debt-to-GDP ratio_leg0; Unemployment rate_leg0; Unemployment inflows_leg0; Share of LT unemp_leg0; Geopolitical risk index_leg0; Hours worked_leg0; Payroll Mass_leg0","OK",NA
"sg_lasso","France","Expenditures","2019-06-27",14.1730377547876,NA,0.0738114299300782,0.5,1.60004823341956,9,9,9,2019-06-01,2307.20000000001,"Total expenditures accrual","Y_lag1; HICPX_leg0; Debt-to-GDP ratio_leg0; Unemployment rate_leg0; Share of LT unemp_leg0; Geopolitical risk index_leg0; Hours worked_leg0; Payroll Mass_leg0; Cash expenditures_leg0","OK",NA
"sg_lasso","France","Expenditures","2019-07-01",-88.812191424407,NA,0.0738114299300782,0.5,1.60004823341956,9,9,9,2019-07-01,2307.20000000001,"Total expenditures accrual","Y_lag1; HICPX_leg0; Debt-to-GDP ratio_leg0; Unemployment rate_leg0; Share of LT unemp_leg0; Geopolitical risk index_leg0; Hours worked_leg0; Payroll Mass_leg0; Cash expenditures_leg0","OK",NA
"sg_lasso","France","Expenditures","2019-07-15",-89.3828756082739,NA,0.0738114299300782,0.5,1.60004823341956,9,9,9,2019-07-01,2307.20000000001,"Total expenditures accrual","Y_lag1; HICPX_leg0; Debt-to-GDP ratio_leg0; Unemployment rate_leg0; Share of LT unemp_leg0; Geopolitical risk index_leg0; Hours worked_leg0; Payroll Mass_leg0; Cash expenditures_leg0","OK",NA
"sg_lasso","France","Expenditures","2019-07-27",138.914048054768,NA,0.0738114299300782,0.5,1.60004823341956,9,9,9,2019-07-01,2307.20000000001,"Total expenditures accrual","Y_lag1; HICPX_leg0; Debt-to-GDP ratio_leg0; Unemployment rate_leg0; Share of LT unemp_leg0; Geopolitical risk index_leg0; Hours worked_leg0; Payroll Mass_leg0; Cash expenditures_leg0","OK",NA
"sg_lasso","France","Expenditures","2019-08-01",83.8194830314305,NA,0.0738114299300782,0.5,1.60004823341956,9,9,9,2019-08-01,2307.20000000001,"Total expenditures accrual","Y_lag1; HICPX_leg0; Debt-to-GDP ratio_leg0; Unemployment rate_leg0; Share of LT unemp_leg0; Geopolitical risk index_leg0; Hours worked_leg0; Payroll Mass_leg0; Cash expenditures_leg0","OK",NA
"sg_lasso","France","Expenditures","2019-08-04",83.8194830314305,NA,0.0738114299300782,0.5,1.60004823341956,9,9,9,2019-08-01,2307.20000000001,"Total expenditures accrual","Y_lag1; HICPX_leg0; Debt-to-GDP ratio_leg0; Unemployment rate_leg0; Share of LT unemp_leg0; Geopolitical risk index_leg0; Hours worked_leg0; Payroll Mass_leg0; Cash expenditures_leg0","OK",NA
"sg_lasso","France","Expenditures","2019-08-15",38.6064386464111,NA,0.0738114299300782,0.5,1.60004823341956,9,9,9,2019-08-01,2307.20000000001,"Total expenditures accrual","Y_lag1; HICPX_leg0; Debt-to-GDP ratio_leg0; Unemployment rate_leg0; Share of LT unemp_leg0; Geopolitical risk index_leg0; Hours worked_leg0; Payroll Mass_leg0; Cash expenditures_leg0","OK",NA
"sg_lasso","France","Expenditures","2019-08-27",38.6064386464111,NA,0.0738114299300782,0.5,1.60004823341956,9,9,9,2019-08-01,2307.20000000001,"Total expenditures accrual","Y_lag1; HICPX_leg0; Debt-to-GDP ratio_leg0; Unemployment rate_leg0; Share of LT unemp_leg0; Geopolitical risk index_leg0; Hours worked_leg0; Payroll Mass_leg0; Cash expenditures_leg0","OK",NA
"sg_lasso","France","Expenditures","2019-09-01",213.9896150653,NA,0.0738114299300782,0.5,1.60004823341956,9,9,9,2019-09-01,2307.20000000001,"Total expenditures accrual","Y_lag1; HICPX_leg0; Debt-to-GDP ratio_leg0; Unemployment rate_leg0; Share of LT unemp_leg0; Geopolitical risk index_leg0; Hours worked_leg0; Payroll Mass_leg0; Cash expenditures_leg0","OK",NA
"sg_lasso","France","Expenditures","2019-09-07",213.9896150653,NA,0.0738114299300782,0.5,1.60004823341956,9,9,9,2019-09-01,2307.20000000001,"Total expenditures accrual","Y_lag1; HICPX_leg0; Debt-to-GDP ratio_leg0; Unemployment rate_leg0; Share of LT unemp_leg0; Geopolitical risk index_leg0; Hours worked_leg0; Payroll Mass_leg0; Cash expenditures_leg0","OK",NA
"sg_lasso","France","Expenditures","2019-09-15",1414.83097881799,NA,0.318164689957356,0.5,1.67815447786305,2,2,2,2019-09-01,2001.5,"Total expenditures accrual","Y_lag1; Debt-to-GDP ratio_leg0","OK",NA
"sg_lasso","France","Expenditures","2019-09-27",1414.83097881799,NA,0.318164689957356,0.5,1.67815447786305,2,2,2,2019-09-01,2001.5,"Total expenditures accrual","Y_lag1; Debt-to-GDP ratio_leg0","OK",NA
"sg_lasso","France","Expenditures","2019-10-01",1415.14550969488,NA,0.318164689957356,0.5,1.67815447786305,2,2,2,2019-10-01,2001.5,"Total expenditures accrual","Y_lag1; Debt-to-GDP ratio_leg0","OK",NA
"sg_lasso","France","Expenditures","2019-10-02",1415.14550969488,NA,0.318164689957356,0.5,1.67815447786305,2,2,2,2019-10-01,2001.5,"Total expenditures accrual","Y_lag1; Debt-to-GDP ratio_leg0","OK",NA
"sg_lasso","France","Expenditures","2019-10-15",1415.14550969488,NA,0.318164689957356,0.5,1.67815447786305,2,2,2,2019-10-01,2001.5,"Total expenditures accrual","Y_lag1; Debt-to-GDP ratio_leg0","OK",NA
"sg_lasso","France","Expenditures","2019-10-27",1415.14550969488,NA,0.318164689957356,0.5,1.67815447786305,2,2,2,2019-10-01,2001.5,"Total expenditures accrual","Y_lag1; Debt-to-GDP ratio_leg0","OK",NA
"sg_lasso","France","Expenditures","2019-11-01",1415.14550969488,NA,0.318164689957356,0.5,1.67815447786305,2,2,2,2019-11-01,2001.5,"Total expenditures accrual","Y_lag1; Debt-to-GDP ratio_leg0","OK",NA
"sg_lasso","France","Expenditures","2019-11-05",1415.14550969488,NA,0.318164689957356,0.5,1.67815447786305,2,2,2,2019-11-01,2001.5,"Total expenditures accrual","Y_lag1; Debt-to-GDP ratio_leg0","OK",NA
"sg_lasso","France","Expenditures","2019-11-15",1416.22136356784,NA,0.318164689957356,0.5,1.67815447786305,2,2,2,2019-11-01,2001.5,"Total expenditures accrual","Y_lag1; Debt-to-GDP ratio_leg0","OK",NA
"sg_lasso","France","Expenditures","2019-11-27",1416.22136356784,NA,0.318164689957356,0.5,1.67815447786305,2,2,2,2019-11-01,2001.5,"Total expenditures accrual","Y_lag1; Debt-to-GDP ratio_leg0","OK",NA
"sg_lasso","France","Expenditures","2019-12-01",1417.2972174408,NA,0.318164689957356,0.5,1.67815447786305,2,2,2,2019-12-01,2001.5,"Total expenditures accrual","Y_lag1; Debt-to-GDP ratio_leg0","OK",NA
"sg_lasso","France","Expenditures","2019-12-07",1417.2972174408,NA,0.318164689957356,0.5,1.67815447786305,2,2,2,2019-12-01,2001.5,"Total expenditures accrual","Y_lag1; Debt-to-GDP ratio_leg0","OK",NA
"sg_lasso","France","Expenditures","2019-12-15",1302.36807764579,NA,0.198575648610694,0.5,1.38449106710248,3,3,3,2019-12-01,1597,"Total expenditures accrual","Y_lag1; Debt-to-GDP ratio_leg0; Share of LT unemp_leg0","OK",NA
"sg_lasso","France","Expenditures","2019-12-27",1302.36807764579,NA,0.198575648610694,0.5,1.38406418063565,3,3,3,2019-12-01,1597,"Total expenditures accrual","Y_lag1; Debt-to-GDP ratio_leg0; Share of LT unemp_leg0","OK",NA
"sg_lasso","France","Expenditures","2020-01-01",1315.06870651263,NA,0.198575648610694,0.5,1.38406418063565,3,3,3,2020-01-01,1597,"Total expenditures accrual","Y_lag1; Debt-to-GDP ratio_leg0; Share of LT unemp_leg0","OK",NA
"sg_lasso","France","Expenditures","2020-01-03",1315.06870651263,NA,0.198575648610694,0.5,1.38406418063565,3,3,3,2020-01-01,1597,"Total expenditures accrual","Y_lag1; Debt-to-GDP ratio_leg0; Share of LT unemp_leg0","OK",NA
"sg_lasso","France","Expenditures","2020-01-15",1315.06870651263,NA,0.198575648610694,0.5,1.38406418063565,3,3,3,2020-01-01,1597,"Total expenditures accrual","Y_lag1; Debt-to-GDP ratio_leg0; Share of LT unemp_leg0","OK",NA
"sg_lasso","France","Expenditures","2020-01-27",1315.06870651263,NA,0.198575648610694,0.5,1.38406418063565,3,3,3,2020-01-01,1597,"Total expenditures accrual","Y_lag1; Debt-to-GDP ratio_leg0; Share of LT unemp_leg0","OK",NA
"sg_lasso","France","Expenditures","2020-02-01",1307.40886408351,NA,0.198575648610694,0.5,1.38406418063565,3,3,3,2020-02-01,1597,"Total expenditures accrual","Y_lag1; Debt-to-GDP ratio_leg0; Share of LT unemp_leg0","OK",NA
"sg_lasso","France","Expenditures","2020-02-06",1307.40886408351,NA,0.198575648610694,0.5,1.38406418063565,3,3,3,2020-02-01,1597,"Total expenditures accrual","Y_lag1; Debt-to-GDP ratio_leg0; Share of LT unemp_leg0","OK",NA
"sg_lasso","France","Expenditures","2020-02-15",1597.36314746847,NA,0.198575648610694,0.5,1.38406418063565,3,3,3,2020-02-01,1597,"Total expenditures accrual","Y_lag1; Debt-to-GDP ratio_leg0; Share of LT unemp_leg0","OK",NA
"sg_lasso","France","Expenditures","2020-02-27",1597.36314746847,NA,0.198575648610694,0.5,1.38406418063565,3,3,3,2020-02-01,1597,"Total expenditures accrual","Y_lag1; Debt-to-GDP ratio_leg0; Share of LT unemp_leg0","OK",NA
"sg_lasso","France","Expenditures","2020-03-01",1887.31743085343,NA,0.198575648610694,0.5,1.38406418063565,3,3,3,2020-03-01,1597,"Total expenditures accrual","Y_lag1; Debt-to-GDP ratio_leg0; Share of LT unemp_leg0","OK",NA
"sg_lasso","France","Expenditures","2020-03-07",1887.31743085343,NA,0.198575648610694,0.5,1.38406418063565,3,3,3,2020-03-01,1597,"Total expenditures accrual","Y_lag1; Debt-to-GDP ratio_leg0; Share of LT unemp_leg0","OK",NA
"sg_lasso","France","Expenditures","2020-03-15",2771.05850194913,NA,0.223114429419888,0.5,0.76816575699369,3,3,3,2020-03-01,7505.5,"Total expenditures accrual","Y_lag1; Debt-to-GDP ratio_leg0; Hours worked_leg0","OK",NA
"sg_lasso","France","Expenditures","2020-03-27",2787.99506749175,NA,0.223114429419888,0.5,0.807351890728831,4,4,4,2020-03-01,7505.5,"Total expenditures accrual","Y_lag1; Debt-to-GDP ratio_leg0; Hours worked_leg0; Energy prices_leg0","OK",NA
"sg_lasso","France","Expenditures","2020-04-01",3522.36621069064,NA,0.223114429419888,0.5,0.807351890728831,4,4,4,2020-04-01,7505.5,"Total expenditures accrual","Y_lag1; Debt-to-GDP ratio_leg0; Hours worked_leg0; Energy prices_leg0","OK",NA
"sg_lasso","France","Expenditures","2020-04-03",3522.36621069064,NA,0.223114429419888,0.5,0.807351890728831,4,4,4,2020-04-01,7505.5,"Total expenditures accrual","Y_lag1; Debt-to-GDP ratio_leg0; Hours worked_leg0; Energy prices_leg0","OK",NA
"sg_lasso","France","Expenditures","2020-04-15",3522.36621069064,NA,0.223114429419888,0.5,0.807351890728831,4,4,4,2020-04-01,7505.5,"Total expenditures accrual","Y_lag1; Debt-to-GDP ratio_leg0; Hours worked_leg0; Energy prices_leg0","OK",NA
"sg_lasso","France","Expenditures","2020-04-27",3520.592875197,NA,0.223114429419888,0.5,0.807351890728831,4,4,4,2020-04-01,7505.5,"Total expenditures accrual","Y_lag1; Debt-to-GDP ratio_leg0; Hours worked_leg0; Energy prices_leg0","OK",NA
"sg_lasso","France","Expenditures","2020-05-01",3700.99993624549,NA,0.223114429419888,0.5,0.807351890728831,4,4,4,2020-05-01,7505.5,"Total expenditures accrual","Y_lag1; Debt-to-GDP ratio_leg0; Hours worked_leg0; Energy prices_leg0","OK",NA
"sg_lasso","France","Expenditures","2020-05-05",3700.99993624549,NA,0.223114429419888,0.5,0.807351890728831,4,4,4,2020-05-01,7505.5,"Total expenditures accrual","Y_lag1; Debt-to-GDP ratio_leg0; Hours worked_leg0; Energy prices_leg0","OK",NA
"sg_lasso","France","Expenditures","2020-05-15",8404.55718849851,NA,0.223114429419888,0.5,0.807351890728831,4,4,4,2020-05-01,7505.5,"Total expenditures accrual","Y_lag1; Debt-to-GDP ratio_leg0; Hours worked_leg0; Energy prices_leg0","OK",NA
"sg_lasso","France","Expenditures","2020-05-27",8394.37517969401,NA,0.223114429419888,0.5,0.807351890728831,4,4,4,2020-05-01,7505.5,"Total expenditures accrual","Y_lag1; Debt-to-GDP ratio_leg0; Hours worked_leg0; Energy prices_leg0","OK",NA
"sg_lasso","France","Expenditures","2020-06-01",13085.9770876489,NA,0.223114429419888,0.5,0.807351890728831,4,4,4,2020-06-01,7505.5,"Total expenditures accrual","Y_lag1; Debt-to-GDP ratio_leg0; Hours worked_leg0; Energy prices_leg0","OK",NA
"sg_lasso","France","Expenditures","2020-06-15",13626.3932565931,NA,0.133946258640661,0.5,0.962341566522053,4,4,4,2020-06-01,14193.2,"Total expenditures accrual","Y_lag1; Debt-to-GDP ratio_leg0; Retail sales_leg0; Energy prices_leg0","OK",NA
"sg_lasso","France","Expenditures","2020-06-27",13605.5818879436,NA,0.133946258640661,0.5,0.959376551480126,5,5,5,2020-06-01,14193.2,"Total expenditures accrual","Y_lag1; Debt-to-GDP ratio_leg0; Retail sales_leg0; Payroll Mass_leg0; Energy prices_leg0","OK",NA
"sg_lasso","France","Expenditures","2020-07-01",16536.3303655863,NA,0.133946258640661,0.5,0.959376551480126,5,5,5,2020-07-01,14193.2,"Total expenditures accrual","Y_lag1; Debt-to-GDP ratio_leg0; Retail sales_leg0; Payroll Mass_leg0; Energy prices_leg0","OK",NA
"sg_lasso","France","Expenditures","2020-07-03",16599.2418480499,NA,0.133946258640661,0.5,0.959376551480126,5,5,5,2020-07-01,14193.2,"Total expenditures accrual","Y_lag1; Debt-to-GDP ratio_leg0; Retail sales_leg0; Payroll Mass_leg0; Energy prices_leg0","OK",NA
"sg_lasso","France","Expenditures","2020-07-15",16599.2418480499,NA,0.133946258640661,0.5,0.959376551480126,5,5,5,2020-07-01,14193.2,"Total expenditures accrual","Y_lag1; Debt-to-GDP ratio_leg0; Retail sales_leg0; Payroll Mass_leg0; Energy prices_leg0","OK",NA
"sg_lasso","France","Expenditures","2020-07-27",16637.7566467353,NA,0.133946258640661,0.5,0.959376551480126,5,5,5,2020-07-01,14193.2,"Total expenditures accrual","Y_lag1; Debt-to-GDP ratio_leg0; Retail sales_leg0; Payroll Mass_leg0; Energy prices_leg0","OK",NA
"sg_lasso","France","Expenditures","2020-08-01",16443.8461303283,NA,0.133946258640661,0.5,0.959376551480126,5,5,5,2020-08-01,14193.2,"Total expenditures accrual","Y_lag1; Debt-to-GDP ratio_leg0; Retail sales_leg0; Payroll Mass_leg0; Energy prices_leg0","OK",NA
"sg_lasso","France","Expenditures","2020-08-06",16335.2658192981,NA,0.133946258640661,0.5,0.959376551480126,5,5,5,2020-08-01,14193.2,"Total expenditures accrual","Y_lag1; Debt-to-GDP ratio_leg0; Retail sales_leg0; Payroll Mass_leg0; Energy prices_leg0","OK",NA
"sg_lasso","France","Expenditures","2020-08-15",12404.5513068485,NA,0.133946258640661,0.5,0.959376551480126,5,5,5,2020-08-01,14193.2,"Total expenditures accrual","Y_lag1; Debt-to-GDP ratio_leg0; Retail sales_leg0; Payroll Mass_leg0; Energy prices_leg0","OK",NA
"sg_lasso","France","Expenditures","2020-08-27",12437.1992982032,NA,0.133946258640661,0.5,0.959376551480126,5,5,5,2020-08-01,14193.2,"Total expenditures accrual","Y_lag1; Debt-to-GDP ratio_leg0; Retail sales_leg0; Payroll Mass_leg0; Energy prices_leg0","OK",NA
"sg_lasso","France","Expenditures","2020-09-01",8531.97874722694,NA,0.133946258640661,0.5,0.959376551480126,5,5,5,2020-09-01,14193.2,"Total expenditures accrual","Y_lag1; Debt-to-GDP ratio_leg0; Retail sales_leg0; Payroll Mass_leg0; Energy prices_leg0","OK",NA
"sg_lasso","France","Expenditures","2020-09-02",8609.52977303758,NA,0.133946258640661,0.5,0.959376551480126,5,5,5,2020-09-01,14193.2,"Total expenditures accrual","Y_lag1; Debt-to-GDP ratio_leg0; Retail sales_leg0; Payroll Mass_leg0; Energy prices_leg0","OK",NA
"sg_lasso","France","Expenditures","2020-09-15",-6567.4383887933,NA,0.00926973973588475,0.5,0.699563214412072,11,11,11,2020-09-01,-10572.3,"Total expenditures accrual","Y_lag1; 10y yield_leg0; HICPX_leg0; Debt-to-GDP ratio_leg0; Share of LT unemp_leg0; Geopolitical risk index_leg0; IP_leg0; Retail sales_leg0; Payroll Mass_leg0; Energy prices_leg0; Cash expenditures_leg0","OK",NA
"sg_lasso","France","Expenditures","2020-09-27",-6868.22490913574,NA,0.0101735279165754,0.5,0.687441123219112,11,11,11,2020-09-01,-10572.3,"Total expenditures accrual","Y_lag1; 10y yield_leg0; HICPX_leg0; Debt-to-GDP ratio_leg0; Share of LT unemp_leg0; Geopolitical risk index_leg0; IP_leg0; Retail sales_leg0; Payroll Mass_leg0; Energy prices_leg0; Cash expenditures_leg0","OK",NA
"sg_lasso","France","Expenditures","2020-10-01",-175.26912546113,NA,0.0101735279165754,0.5,0.687441123219112,11,11,11,2020-10-01,-10572.3,"Total expenditures accrual","Y_lag1; 10y yield_leg0; HICPX_leg0; Debt-to-GDP ratio_leg0; Share of LT unemp_leg0; Geopolitical risk index_leg0; IP_leg0; Retail sales_leg0; Payroll Mass_leg0; Energy prices_leg0; Cash expenditures_leg0","OK",NA
"sg_lasso","France","Expenditures","2020-10-04",-931.698887490899,NA,0.0101735279165754,0.5,0.687441123219112,11,11,11,2020-10-01,-10572.3,"Total expenditures accrual","Y_lag1; 10y yield_leg0; HICPX_leg0; Debt-to-GDP ratio_leg0; Share of LT unemp_leg0; Geopolitical risk index_leg0; IP_leg0; Retail sales_leg0; Payroll Mass_leg0; Energy prices_leg0; Cash expenditures_leg0","OK",NA
"sg_lasso","France","Expenditures","2020-10-15",3.67729689312137,NA,0.0101735279165754,0.5,0.687441123219112,11,11,11,2020-10-01,-10572.3,"Total expenditures accrual","Y_lag1; 10y yield_leg0; HICPX_leg0; Debt-to-GDP ratio_leg0; Share of LT unemp_leg0; Geopolitical risk index_leg0; IP_leg0; Retail sales_leg0; Payroll Mass_leg0; Energy prices_leg0; Cash expenditures_leg0","OK",NA
"sg_lasso","France","Expenditures","2020-10-27",-494.268038635972,NA,0.0101735279165754,0.5,0.687441123219112,11,11,11,2020-10-01,-10572.3,"Total expenditures accrual","Y_lag1; 10y yield_leg0; HICPX_leg0; Debt-to-GDP ratio_leg0; Share of LT unemp_leg0; Geopolitical risk index_leg0; IP_leg0; Retail sales_leg0; Payroll Mass_leg0; Energy prices_leg0; Cash expenditures_leg0","OK",NA
"sg_lasso","France","Expenditures","2020-11-01",6275.07970820791,NA,0.0101735279165754,0.5,0.687441123219112,11,11,11,2020-11-01,-10572.3,"Total expenditures accrual","Y_lag1; 10y yield_leg0; HICPX_leg0; Debt-to-GDP ratio_leg0; Share of LT unemp_leg0; Geopolitical risk index_leg0; IP_leg0; Retail sales_leg0; Payroll Mass_leg0; Energy prices_leg0; Cash expenditures_leg0","OK",NA
"sg_lasso","France","Expenditures","2020-11-07",10639.4679967401,NA,0.0101735279165754,0.5,0.687441123219112,11,11,11,2020-11-01,-10572.3,"Total expenditures accrual","Y_lag1; 10y yield_leg0; HICPX_leg0; Debt-to-GDP ratio_leg0; Share of LT unemp_leg0; Geopolitical risk index_leg0; IP_leg0; Retail sales_leg0; Payroll Mass_leg0; Energy prices_leg0; Cash expenditures_leg0","OK",NA
"sg_lasso","France","Expenditures","2020-11-15",10649.5153023922,NA,0.0101735279165754,0.5,0.687441123219112,11,11,11,2020-11-01,-10572.3,"Total expenditures accrual","Y_lag1; 10y yield_leg0; HICPX_leg0; Debt-to-GDP ratio_leg0; Share of LT unemp_leg0; Geopolitical risk index_leg0; IP_leg0; Retail sales_leg0; Payroll Mass_leg0; Energy prices_leg0; Cash expenditures_leg0","OK",NA
"sg_lasso","France","Expenditures","2020-11-27",10634.7702193317,NA,0.0101735279165754,0.5,0.687441123219112,11,11,11,2020-11-01,-10572.3,"Total expenditures accrual","Y_lag1; 10y yield_leg0; HICPX_leg0; Debt-to-GDP ratio_leg0; Share of LT unemp_leg0; Geopolitical risk index_leg0; IP_leg0; Retail sales_leg0; Payroll Mass_leg0; Energy prices_leg0; Cash expenditures_leg0","OK",NA
"sg_lasso","France","Expenditures","2020-12-01",14704.791797795,NA,0.0101735279165754,0.5,0.687441123219112,11,11,11,2020-12-01,-10572.3,"Total expenditures accrual","Y_lag1; 10y yield_leg0; HICPX_leg0; Debt-to-GDP ratio_leg0; Share of LT unemp_leg0; Geopolitical risk index_leg0; IP_leg0; Retail sales_leg0; Payroll Mass_leg0; Energy prices_leg0; Cash expenditures_leg0","OK",NA
"sg_lasso","France","Expenditures","2020-12-02",9288.14666699981,NA,0.0101735279165754,0.5,0.687441123219112,11,11,11,2020-12-01,-10572.3,"Total expenditures accrual","Y_lag1; 10y yield_leg0; HICPX_leg0; Debt-to-GDP ratio_leg0; Share of LT unemp_leg0; Geopolitical risk index_leg0; IP_leg0; Retail sales_leg0; Payroll Mass_leg0; Energy prices_leg0; Cash expenditures_leg0","OK",NA
"sg_lasso","France","Expenditures","2020-12-15",16489.2170598668,NA,0.000672926051937337,0.5,0.331326864283913,13,13,13,2020-12-01,20933.8,"Total expenditures accrual","Y_lag1; 10y yield_leg0; HICPX_leg0; Debt-to-GDP ratio_leg0; Unemployment rate_leg0; Share of LT unemp_leg0; Geopolitical risk index_leg0; IP_leg0; Retail sales_leg0; Hours worked_leg0; Payroll Mass_leg0; Energy prices_leg0; Cash expenditures_leg0","OK",NA
"sg_lasso","France","Expenditures","2020-12-27",16511.8877434782,NA,0.000672926051937337,0.5,0.328881734022328,13,13,13,2020-12-01,20933.8,"Total expenditures accrual","Y_lag1; 10y yield_leg0; HICPX_leg0; Debt-to-GDP ratio_leg0; Unemployment rate_leg0; Share of LT unemp_leg0; Geopolitical risk index_leg0; IP_leg0; Retail sales_leg0; Hours worked_leg0; Payroll Mass_leg0; Energy prices_leg0; Cash expenditures_leg0","OK",NA
"sg_lasso","France","Expenditures","2021-01-01",8083.05729792836,NA,0.000672926051937337,0.5,0.328881734022328,13,13,13,2021-01-01,20933.8,"Total expenditures accrual","Y_lag1; 10y yield_leg0; HICPX_leg0; Debt-to-GDP ratio_leg0; Unemployment rate_leg0; Share of LT unemp_leg0; Geopolitical risk index_leg0; IP_leg0; Retail sales_leg0; Hours worked_leg0; Payroll Mass_leg0; Energy prices_leg0; Cash expenditures_leg0","OK",NA
"sg_lasso","France","Expenditures","2021-01-05",9877.14372019989,NA,0.000672926051937337,0.5,0.328881734022328,13,13,13,2021-01-01,20933.8,"Total expenditures accrual","Y_lag1; 10y yield_leg0; HICPX_leg0; Debt-to-GDP ratio_leg0; Unemployment rate_leg0; Share of LT unemp_leg0; Geopolitical risk index_leg0; IP_leg0; Retail sales_leg0; Hours worked_leg0; Payroll Mass_leg0; Energy prices_leg0; Cash expenditures_leg0","OK",NA
"sg_lasso","France","Expenditures","2021-01-15",10214.2154076113,NA,0.000672926051937337,0.5,0.328881734022328,13,13,13,2021-01-01,20933.8,"Total expenditures accrual","Y_lag1; 10y yield_leg0; HICPX_leg0; Debt-to-GDP ratio_leg0; Unemployment rate_leg0; Share of LT unemp_leg0; Geopolitical risk index_leg0; IP_leg0; Retail sales_leg0; Hours worked_leg0; Payroll Mass_leg0; Energy prices_leg0; Cash expenditures_leg0","OK",NA
"sg_lasso","France","Expenditures","2021-01-27",7990.80055945358,NA,0.000672926051937337,0.5,0.328881734022328,13,13,13,2021-01-01,20933.8,"Total expenditures accrual","Y_lag1; 10y yield_leg0; HICPX_leg0; Debt-to-GDP ratio_leg0; Unemployment rate_leg0; Share of LT unemp_leg0; Geopolitical risk index_leg0; IP_leg0; Retail sales_leg0; Hours worked_leg0; Payroll Mass_leg0; Energy prices_leg0; Cash expenditures_leg0","OK",NA
"sg_lasso","France","Expenditures","2021-02-01",-5302.12660743385,NA,0.000672926051937337,0.5,0.328881734022328,13,13,13,2021-02-01,20933.8,"Total expenditures accrual","Y_lag1; 10y yield_leg0; HICPX_leg0; Debt-to-GDP ratio_leg0; Unemployment rate_leg0; Share of LT unemp_leg0; Geopolitical risk index_leg0; IP_leg0; Retail sales_leg0; Hours worked_leg0; Payroll Mass_leg0; Energy prices_leg0; Cash expenditures_leg0","OK",NA
"sg_lasso","France","Expenditures","2021-02-15",-5719.70006941887,NA,0.000672926051937337,0.5,0.328881734022328,13,13,13,2021-02-01,20933.8,"Total expenditures accrual","Y_lag1; 10y yield_leg0; HICPX_leg0; Debt-to-GDP ratio_leg0; Unemployment rate_leg0; Share of LT unemp_leg0; Geopolitical risk index_leg0; IP_leg0; Retail sales_leg0; Hours worked_leg0; Payroll Mass_leg0; Energy prices_leg0; Cash expenditures_leg0","OK",NA
"sg_lasso","France","Expenditures","2021-02-27",-3330.56662170581,NA,0.000672926051937337,0.5,0.328881734022328,13,13,13,2021-02-01,20933.8,"Total expenditures accrual","Y_lag1; 10y yield_leg0; HICPX_leg0; Debt-to-GDP ratio_leg0; Unemployment rate_leg0; Share of LT unemp_leg0; Geopolitical risk index_leg0; IP_leg0; Retail sales_leg0; Hours worked_leg0; Payroll Mass_leg0; Energy prices_leg0; Cash expenditures_leg0","OK",NA
"sg_lasso","France","Expenditures","2021-03-01",-1648.82631258644,NA,0.000672926051937337,0.5,0.328881734022328,13,13,13,2021-03-01,20933.8,"Total expenditures accrual","Y_lag1; 10y yield_leg0; HICPX_leg0; Debt-to-GDP ratio_leg0; Unemployment rate_leg0; Share of LT unemp_leg0; Geopolitical risk index_leg0; IP_leg0; Retail sales_leg0; Hours worked_leg0; Payroll Mass_leg0; Energy prices_leg0; Cash expenditures_leg0","OK",NA
"sg_lasso","France","Expenditures","2021-03-15",3503.90108632602,NA,0.000612089937341716,0.5,0.615026944669632,14,14,14,2021-03-01,3652.69999999995,"Total expenditures accrual","Y_lag1; 10y yield_leg0; HICPX_leg0; Debt-to-GDP ratio_leg0; Unemployment rate_leg0; Unemployment inflows_leg0; Share of LT unemp_leg0; Geopolitical risk index_leg0; IP_leg0; Retail sales_leg0; Hours worked_leg0; Payroll Mass_leg0; Energy prices_leg0; Cash expenditures_leg0","OK",NA
"sg_lasso","France","Expenditures","2021-03-27",2656.92678674829,NA,0.000612089937341716,0.5,0.645939542543781,14,14,14,2021-03-01,3652.69999999995,"Total expenditures accrual","Y_lag1; 10y yield_leg0; HICPX_leg0; Debt-to-GDP ratio_leg0; Unemployment rate_leg0; Unemployment inflows_leg0; Share of LT unemp_leg0; Geopolitical risk index_leg0; IP_leg0; Retail sales_leg0; Hours worked_leg0; Payroll Mass_leg0; Energy prices_leg0; Cash expenditures_leg0","OK",NA
"sg_lasso","France","Expenditures","2021-04-01",5250.18097161325,NA,0.000612089937341716,0.5,0.645939542543781,14,14,14,2021-04-01,3652.69999999995,"Total expenditures accrual","Y_lag1; 10y yield_leg0; HICPX_leg0; Debt-to-GDP ratio_leg0; Unemployment rate_leg0; Unemployment inflows_leg0; Share of LT unemp_leg0; Geopolitical risk index_leg0; IP_leg0; Retail sales_leg0; Hours worked_leg0; Payroll Mass_leg0; Energy prices_leg0; Cash expenditures_leg0","OK",NA
"sg_lasso","France","Expenditures","2021-04-04",6797.86496967656,NA,0.000612089937341716,0.5,0.645939542543781,14,14,14,2021-04-01,3652.69999999995,"Total expenditures accrual","Y_lag1; 10y yield_leg0; HICPX_leg0; Debt-to-GDP ratio_leg0; Unemployment rate_leg0; Unemployment inflows_leg0; Share of LT unemp_leg0; Geopolitical risk index_leg0; IP_leg0; Retail sales_leg0; Hours worked_leg0; Payroll Mass_leg0; Energy prices_leg0; Cash expenditures_leg0","OK",NA
"sg_lasso","France","Expenditures","2021-04-15",7326.86192150207,NA,0.000612089937341716,0.5,0.645939542543781,14,14,14,2021-04-01,3652.69999999995,"Total expenditures accrual","Y_lag1; 10y yield_leg0; HICPX_leg0; Debt-to-GDP ratio_leg0; Unemployment rate_leg0; Unemployment inflows_leg0; Share of LT unemp_leg0; Geopolitical risk index_leg0; IP_leg0; Retail sales_leg0; Hours worked_leg0; Payroll Mass_leg0; Energy prices_leg0; Cash expenditures_leg0","OK",NA
"sg_lasso","France","Expenditures","2021-04-27",7929.88515883599,NA,0.000612089937341716,0.5,0.645939542543781,14,14,14,2021-04-01,3652.69999999995,"Total expenditures accrual","Y_lag1; 10y yield_leg0; HICPX_leg0; Debt-to-GDP ratio_leg0; Unemployment rate_leg0; Unemployment inflows_leg0; Share of LT unemp_leg0; Geopolitical risk index_leg0; IP_leg0; Retail sales_leg0; Hours worked_leg0; Payroll Mass_leg0; Energy prices_leg0; Cash expenditures_leg0","OK",NA
"sg_lasso","France","Expenditures","2021-05-01",11624.6716669343,NA,0.000612089937341716,0.5,0.645939542543781,14,14,14,2021-05-01,3652.69999999995,"Total expenditures accrual","Y_lag1; 10y yield_leg0; HICPX_leg0; Debt-to-GDP ratio_leg0; Unemployment rate_leg0; Unemployment inflows_leg0; Share of LT unemp_leg0; Geopolitical risk index_leg0; IP_leg0; Retail sales_leg0; Hours worked_leg0; Payroll Mass_leg0; Energy prices_leg0; Cash expenditures_leg0","OK",NA
"sg_lasso","France","Expenditures","2021-05-06",9950.86055827672,NA,0.000612089937341716,0.5,0.645939542543781,14,14,14,2021-05-01,3652.69999999995,"Total expenditures accrual","Y_lag1; 10y yield_leg0; HICPX_leg0; Debt-to-GDP ratio_leg0; Unemployment rate_leg0; Unemployment inflows_leg0; Share of LT unemp_leg0; Geopolitical risk index_leg0; IP_leg0; Retail sales_leg0; Hours worked_leg0; Payroll Mass_leg0; Energy prices_leg0; Cash expenditures_leg0","OK",NA
"sg_lasso","France","Expenditures","2021-05-15",7497.27262620582,NA,0.000612089937341716,0.5,0.645939542543781,14,14,14,2021-05-01,3652.69999999995,"Total expenditures accrual","Y_lag1; 10y yield_leg0; HICPX_leg0; Debt-to-GDP ratio_leg0; Unemployment rate_leg0; Unemployment inflows_leg0; Share of LT unemp_leg0; Geopolitical risk index_leg0; IP_leg0; Retail sales_leg0; Hours worked_leg0; Payroll Mass_leg0; Energy prices_leg0; Cash expenditures_leg0","OK",NA
"sg_lasso","France","Expenditures","2021-05-27",7431.26445607121,NA,0.000612089937341716,0.5,0.645939542543781,14,14,14,2021-05-01,3652.69999999995,"Total expenditures accrual","Y_lag1; 10y yield_leg0; HICPX_leg0; Debt-to-GDP ratio_leg0; Unemployment rate_leg0; Unemployment inflows_leg0; Share of LT unemp_leg0; Geopolitical risk index_leg0; IP_leg0; Retail sales_leg0; Hours worked_leg0; Payroll Mass_leg0; Energy prices_leg0; Cash expenditures_leg0","OK",NA
"sg_lasso","France","Expenditures","2021-06-01",5794.04783168827,NA,0.000612089937341716,0.5,0.645939542543781,14,14,14,2021-06-01,3652.69999999995,"Total expenditures accrual","Y_lag1; 10y yield_leg0; HICPX_leg0; Debt-to-GDP ratio_leg0; Unemployment rate_leg0; Unemployment inflows_leg0; Share of LT unemp_leg0; Geopolitical risk index_leg0; IP_leg0; Retail sales_leg0; Hours worked_leg0; Payroll Mass_leg0; Energy prices_leg0; Cash expenditures_leg0","OK",NA
"sg_lasso","France","Expenditures","2021-06-02",5205.02589162035,NA,0.000612089937341716,0.5,0.645939542543781,14,14,14,2021-06-01,3652.69999999995,"Total expenditures accrual","Y_lag1; 10y yield_leg0; HICPX_leg0; Debt-to-GDP ratio_leg0; Unemployment rate_leg0; Unemployment inflows_leg0; Share of LT unemp_leg0; Geopolitical risk index_leg0; IP_leg0; Retail sales_leg0; Hours worked_leg0; Payroll Mass_leg0; Energy prices_leg0; Cash expenditures_leg0","OK",NA
"sg_lasso","France","Expenditures","2021-06-15",1458.14192276374,NA,0.000219082859782823,0.5,0.322555162686563,14,14,14,2021-06-01,-485.5,"Total expenditures accrual","Y_lag1; 10y yield_leg0; HICPX_leg0; Debt-to-GDP ratio_leg0; Unemployment rate_leg0; Unemployment inflows_leg0; Share of LT unemp_leg0; Geopolitical risk index_leg0; IP_leg0; Retail sales_leg0; Hours worked_leg0; Payroll Mass_leg0; Energy prices_leg0; Cash expenditures_leg0","OK",NA
"sg_lasso","France","Expenditures","2021-06-27",1281.86549976838,NA,0.000317851717848111,0.5,0.295449215190928,14,14,14,2021-06-01,-485.5,"Total expenditures accrual","Y_lag1; 10y yield_leg0; HICPX_leg0; Debt-to-GDP ratio_leg0; Unemployment rate_leg0; Unemployment inflows_leg0; Share of LT unemp_leg0; Geopolitical risk index_leg0; IP_leg0; Retail sales_leg0; Hours worked_leg0; Payroll Mass_leg0; Energy prices_leg0; Cash expenditures_leg0","OK",NA
"sg_lasso","France","Expenditures","2021-07-01",-5100.32805990052,NA,0.000317851717848111,0.5,0.295449215190928,14,14,14,2021-07-01,-485.5,"Total expenditures accrual","Y_lag1; 10y yield_leg0; HICPX_leg0; Debt-to-GDP ratio_leg0; Unemployment rate_leg0; Unemployment inflows_leg0; Share of LT unemp_leg0; Geopolitical risk index_leg0; IP_leg0; Retail sales_leg0; Hours worked_leg0; Payroll Mass_leg0; Energy prices_leg0; Cash expenditures_leg0","OK",NA
"sg_lasso","France","Expenditures","2021-07-04",-4983.75482521681,NA,0.000317851717848111,0.5,0.295449215190928,14,14,14,2021-07-01,-485.5,"Total expenditures accrual","Y_lag1; 10y yield_leg0; HICPX_leg0; Debt-to-GDP ratio_leg0; Unemployment rate_leg0; Unemployment inflows_leg0; Share of LT unemp_leg0; Geopolitical risk index_leg0; IP_leg0; Retail sales_leg0; Hours worked_leg0; Payroll Mass_leg0; Energy prices_leg0; Cash expenditures_leg0","OK",NA
"sg_lasso","France","Expenditures","2021-07-15",-4899.30179598007,NA,0.000317851717848111,0.5,0.295449215190928,14,14,14,2021-07-01,-485.5,"Total expenditures accrual","Y_lag1; 10y yield_leg0; HICPX_leg0; Debt-to-GDP ratio_leg0; Unemployment rate_leg0; Unemployment inflows_leg0; Share of LT unemp_leg0; Geopolitical risk index_leg0; IP_leg0; Retail sales_leg0; Hours worked_leg0; Payroll Mass_leg0; Energy prices_leg0; Cash expenditures_leg0","OK",NA
"sg_lasso","France","Expenditures","2021-07-27",-3599.23525198074,NA,0.000317851717848111,0.5,0.295449215190928,14,14,14,2021-07-01,-485.5,"Total expenditures accrual","Y_lag1; 10y yield_leg0; HICPX_leg0; Debt-to-GDP ratio_leg0; Unemployment rate_leg0; Unemployment inflows_leg0; Share of LT unemp_leg0; Geopolitical risk index_leg0; IP_leg0; Retail sales_leg0; Hours worked_leg0; Payroll Mass_leg0; Energy prices_leg0; Cash expenditures_leg0","OK",NA
"sg_lasso","France","Expenditures","2021-08-01",-4132.42999245977,NA,0.000317851717848111,0.5,0.295449215190928,14,14,14,2021-08-01,-485.5,"Total expenditures accrual","Y_lag1; 10y yield_leg0; HICPX_leg0; Debt-to-GDP ratio_leg0; Unemployment rate_leg0; Unemployment inflows_leg0; Share of LT unemp_leg0; Geopolitical risk index_leg0; IP_leg0; Retail sales_leg0; Hours worked_leg0; Payroll Mass_leg0; Energy prices_leg0; Cash expenditures_leg0","OK",NA
"sg_lasso","France","Expenditures","2021-08-07",-4091.51521591202,NA,0.000317851717848111,0.5,0.295449215190928,14,14,14,2021-08-01,-485.5,"Total expenditures accrual","Y_lag1; 10y yield_leg0; HICPX_leg0; Debt-to-GDP ratio_leg0; Unemployment rate_leg0; Unemployment inflows_leg0; Share of LT unemp_leg0; Geopolitical risk index_leg0; IP_leg0; Retail sales_leg0; Hours worked_leg0; Payroll Mass_leg0; Energy prices_leg0; Cash expenditures_leg0","OK",NA
"sg_lasso","France","Expenditures","2021-08-15",-3251.53612545055,NA,0.000317851717848111,0.5,0.295449215190928,14,14,14,2021-08-01,-485.5,"Total expenditures accrual","Y_lag1; 10y yield_leg0; HICPX_leg0; Debt-to-GDP ratio_leg0; Unemployment rate_leg0; Unemployment inflows_leg0; Share of LT unemp_leg0; Geopolitical risk index_leg0; IP_leg0; Retail sales_leg0; Hours worked_leg0; Payroll Mass_leg0; Energy prices_leg0; Cash expenditures_leg0","OK",NA
"sg_lasso","France","Expenditures","2021-08-27",-5682.23276532125,NA,0.000317851717848111,0.5,0.295449215190928,14,14,14,2021-08-01,-485.5,"Total expenditures accrual","Y_lag1; 10y yield_leg0; HICPX_leg0; Debt-to-GDP ratio_leg0; Unemployment rate_leg0; Unemployment inflows_leg0; Share of LT unemp_leg0; Geopolitical risk index_leg0; IP_leg0; Retail sales_leg0; Hours worked_leg0; Payroll Mass_leg0; Energy prices_leg0; Cash expenditures_leg0","OK",NA
"sg_lasso","France","Expenditures","2021-09-01",-5601.85871899006,NA,0.000317851717848111,0.5,0.295449215190928,14,14,14,2021-09-01,-485.5,"Total expenditures accrual","Y_lag1; 10y yield_leg0; HICPX_leg0; Debt-to-GDP ratio_leg0; Unemployment rate_leg0; Unemployment inflows_leg0; Share of LT unemp_leg0; Geopolitical risk index_leg0; IP_leg0; Retail sales_leg0; Hours worked_leg0; Payroll Mass_leg0; Energy prices_leg0; Cash expenditures_leg0","OK",NA
"sg_lasso","France","Expenditures","2021-09-03",-5523.11471337433,NA,0.000317851717848111,0.5,0.295449215190928,14,14,14,2021-09-01,-485.5,"Total expenditures accrual","Y_lag1; 10y yield_leg0; HICPX_leg0; Debt-to-GDP ratio_leg0; Unemployment rate_leg0; Unemployment inflows_leg0; Share of LT unemp_leg0; Geopolitical risk index_leg0; IP_leg0; Retail sales_leg0; Hours worked_leg0; Payroll Mass_leg0; Energy prices_leg0; Cash expenditures_leg0","OK",NA
"sg_lasso","France","Expenditures","2021-09-15",-7214.43969735524,NA,0.0000609948420698047,0.5,0.441185931127212,14,14,14,2021-09-01,-8075.59999999998,"Total expenditures accrual","Y_lag1; 10y yield_leg0; HICPX_leg0; Debt-to-GDP ratio_leg0; Unemployment rate_leg0; Unemployment inflows_leg0; Share of LT unemp_leg0; Geopolitical risk index_leg0; IP_leg0; Retail sales_leg0; Hours worked_leg0; Payroll Mass_leg0; Energy prices_leg0; Cash expenditures_leg0","OK",NA
"sg_lasso","France","Expenditures","2021-09-27",-6058.78437136969,NA,0.0000609948420698047,0.5,0.51448663348585,14,14,14,2021-09-01,-8075.59999999998,"Total expenditures accrual","Y_lag1; 10y yield_leg0; HICPX_leg0; Debt-to-GDP ratio_leg0; Unemployment rate_leg0; Unemployment inflows_leg0; Share of LT unemp_leg0; Geopolitical risk index_leg0; IP_leg0; Retail sales_leg0; Hours worked_leg0; Payroll Mass_leg0; Energy prices_leg0; Cash expenditures_leg0","OK",NA
"sg_lasso","France","Expenditures","2021-10-01",-4733.28843622526,NA,0.0000609948420698047,0.5,0.51448663348585,14,14,14,2021-10-01,-8075.59999999998,"Total expenditures accrual","Y_lag1; 10y yield_leg0; HICPX_leg0; Debt-to-GDP ratio_leg0; Unemployment rate_leg0; Unemployment inflows_leg0; Share of LT unemp_leg0; Geopolitical risk index_leg0; IP_leg0; Retail sales_leg0; Hours worked_leg0; Payroll Mass_leg0; Energy prices_leg0; Cash expenditures_leg0","OK",NA
"sg_lasso","France","Expenditures","2021-10-05",-5239.17375236806,NA,0.0000609948420698047,0.5,0.51448663348585,14,14,14,2021-10-01,-8075.59999999998,"Total expenditures accrual","Y_lag1; 10y yield_leg0; HICPX_leg0; Debt-to-GDP ratio_leg0; Unemployment rate_leg0; Unemployment inflows_leg0; Share of LT unemp_leg0; Geopolitical risk index_leg0; IP_leg0; Retail sales_leg0; Hours worked_leg0; Payroll Mass_leg0; Energy prices_leg0; Cash expenditures_leg0","OK",NA
"sg_lasso","France","Expenditures","2021-10-15",-5250.64353559198,NA,0.0000609948420698047,0.5,0.51448663348585,14,14,14,2021-10-01,-8075.59999999998,"Total expenditures accrual","Y_lag1; 10y yield_leg0; HICPX_leg0; Debt-to-GDP ratio_leg0; Unemployment rate_leg0; Unemployment inflows_leg0; Share of LT unemp_leg0; Geopolitical risk index_leg0; IP_leg0; Retail sales_leg0; Hours worked_leg0; Payroll Mass_leg0; Energy prices_leg0; Cash expenditures_leg0","OK",NA
"sg_lasso","France","Expenditures","2021-10-27",-4674.42209331457,NA,0.0000609948420698047,0.5,0.51448663348585,14,14,14,2021-10-01,-8075.59999999998,"Total expenditures accrual","Y_lag1; 10y yield_leg0; HICPX_leg0; Debt-to-GDP ratio_leg0; Unemployment rate_leg0; Unemployment inflows_leg0; Share of LT unemp_leg0; Geopolitical risk index_leg0; IP_leg0; Retail sales_leg0; Hours worked_leg0; Payroll Mass_leg0; Energy prices_leg0; Cash expenditures_leg0","OK",NA
"sg_lasso","France","Expenditures","2021-11-01",-1037.07977939429,NA,0.0000609948420698047,0.5,0.51448663348585,14,14,14,2021-11-01,-8075.59999999998,"Total expenditures accrual","Y_lag1; 10y yield_leg0; HICPX_leg0; Debt-to-GDP ratio_leg0; Unemployment rate_leg0; Unemployment inflows_leg0; Share of LT unemp_leg0; Geopolitical risk index_leg0; IP_leg0; Retail sales_leg0; Hours worked_leg0; Payroll Mass_leg0; Energy prices_leg0; Cash expenditures_leg0","OK",NA
"sg_lasso","France","Expenditures","2021-11-15",-1899.71442030898,NA,0.0000609948420698047,0.5,0.51448663348585,14,14,14,2021-11-01,-8075.59999999998,"Total expenditures accrual","Y_lag1; 10y yield_leg0; HICPX_leg0; Debt-to-GDP ratio_leg0; Unemployment rate_leg0; Unemployment inflows_leg0; Share of LT unemp_leg0; Geopolitical risk index_leg0; IP_leg0; Retail sales_leg0; Hours worked_leg0; Payroll Mass_leg0; Energy prices_leg0; Cash expenditures_leg0","OK",NA
"sg_lasso","France","Expenditures","2021-11-27",-2190.83877508733,NA,0.0000609948420698047,0.5,0.51448663348585,14,14,14,2021-11-01,-8075.59999999998,"Total expenditures accrual","Y_lag1; 10y yield_leg0; HICPX_leg0; Debt-to-GDP ratio_leg0; Unemployment rate_leg0; Unemployment inflows_leg0; Share of LT unemp_leg0; Geopolitical risk index_leg0; IP_leg0; Retail sales_leg0; Hours worked_leg0; Payroll Mass_leg0; Energy prices_leg0; Cash expenditures_leg0","OK",NA
"sg_lasso","France","Expenditures","2021-12-01",-3581.06579983325,NA,0.0000609948420698047,0.5,0.51448663348585,14,14,14,2021-12-01,-8075.59999999998,"Total expenditures accrual","Y_lag1; 10y yield_leg0; HICPX_leg0; Debt-to-GDP ratio_leg0; Unemployment rate_leg0; Unemployment inflows_leg0; Share of LT unemp_leg0; Geopolitical risk index_leg0; IP_leg0; Retail sales_leg0; Hours worked_leg0; Payroll Mass_leg0; Energy prices_leg0; Cash expenditures_leg0","OK",NA
"sg_lasso","France","Expenditures","2021-12-03",-3716.28603513266,NA,0.0000609948420698047,0.5,0.51448663348585,14,14,14,2021-12-01,-8075.59999999998,"Total expenditures accrual","Y_lag1; 10y yield_leg0; HICPX_leg0; Debt-to-GDP ratio_leg0; Unemployment rate_leg0; Unemployment inflows_leg0; Share of LT unemp_leg0; Geopolitical risk index_leg0; IP_leg0; Retail sales_leg0; Hours worked_leg0; Payroll Mass_leg0; Energy prices_leg0; Cash expenditures_leg0","OK",NA
"sg_lasso","France","Expenditures","2021-12-15",-1275.17000744856,NA,0.00173506805479087,0.5,0.448005207515317,14,14,14,2021-12-01,7895.70000000001,"Total expenditures accrual","Y_lag1; 10y yield_leg0; HICPX_leg0; Debt-to-GDP ratio_leg0; Unemployment rate_leg0; Unemployment inflows_leg0; Share of LT unemp_leg0; Geopolitical risk index_leg0; IP_leg0; Retail sales_leg0; Hours worked_leg0; Payroll Mass_leg0; Energy prices_leg0; Cash expenditures_leg0","OK",NA
"sg_lasso","France","Expenditures","2021-12-27",-1639.98142675504,NA,0.00173506805479087,0.5,0.435045756809505,14,14,14,2021-12-01,7895.70000000001,"Total expenditures accrual","Y_lag1; 10y yield_leg0; HICPX_leg0; Debt-to-GDP ratio_leg0; Unemployment rate_leg0; Unemployment inflows_leg0; Share of LT unemp_leg0; Geopolitical risk index_leg0; IP_leg0; Retail sales_leg0; Hours worked_leg0; Payroll Mass_leg0; Energy prices_leg0; Cash expenditures_leg0","OK",NA
"sg_lasso","France","Expenditures","2022-01-01",-5062.19595419792,NA,0.00173506805479087,0.5,0.435045756809505,14,14,14,2022-01-01,7895.70000000001,"Total expenditures accrual","Y_lag1; 10y yield_leg0; HICPX_leg0; Debt-to-GDP ratio_leg0; Unemployment rate_leg0; Unemployment inflows_leg0; Share of LT unemp_leg0; Geopolitical risk index_leg0; IP_leg0; Retail sales_leg0; Hours worked_leg0; Payroll Mass_leg0; Energy prices_leg0; Cash expenditures_leg0","OK",NA
"sg_lasso","France","Expenditures","2022-01-06",-4941.18555167709,NA,0.00173506805479087,0.5,0.435045756809505,14,14,14,2022-01-01,7895.70000000001,"Total expenditures accrual","Y_lag1; 10y yield_leg0; HICPX_leg0; Debt-to-GDP ratio_leg0; Unemployment rate_leg0; Unemployment inflows_leg0; Share of LT unemp_leg0; Geopolitical risk index_leg0; IP_leg0; Retail sales_leg0; Hours worked_leg0; Payroll Mass_leg0; Energy prices_leg0; Cash expenditures_leg0","OK",NA
"sg_lasso","France","Expenditures","2022-01-15",-4523.03072827589,NA,0.00173506805479087,0.5,0.435045756809505,14,14,14,2022-01-01,7895.70000000001,"Total expenditures accrual","Y_lag1; 10y yield_leg0; HICPX_leg0; Debt-to-GDP ratio_leg0; Unemployment rate_leg0; Unemployment inflows_leg0; Share of LT unemp_leg0; Geopolitical risk index_leg0; IP_leg0; Retail sales_leg0; Hours worked_leg0; Payroll Mass_leg0; Energy prices_leg0; Cash expenditures_leg0","OK",NA
"sg_lasso","France","Expenditures","2022-01-27",-3158.88500297979,NA,0.00173506805479087,0.5,0.435045756809505,14,14,14,2022-01-01,7895.70000000001,"Total expenditures accrual","Y_lag1; 10y yield_leg0; HICPX_leg0; Debt-to-GDP ratio_leg0; Unemployment rate_leg0; Unemployment inflows_leg0; Share of LT unemp_leg0; Geopolitical risk index_leg0; IP_leg0; Retail sales_leg0; Hours worked_leg0; Payroll Mass_leg0; Energy prices_leg0; Cash expenditures_leg0","OK",NA
"sg_lasso","France","Expenditures","2022-02-01",-3356.97398349067,NA,0.00173506805479087,0.5,0.435045756809505,14,14,14,2022-02-01,7895.70000000001,"Total expenditures accrual","Y_lag1; 10y yield_leg0; HICPX_leg0; Debt-to-GDP ratio_leg0; Unemployment rate_leg0; Unemployment inflows_leg0; Share of LT unemp_leg0; Geopolitical risk index_leg0; IP_leg0; Retail sales_leg0; Hours worked_leg0; Payroll Mass_leg0; Energy prices_leg0; Cash expenditures_leg0","OK",NA
"sg_lasso","France","Expenditures","2022-02-02",-3370.72629089663,NA,0.00173506805479087,0.5,0.435045756809505,14,14,14,2022-02-01,7895.70000000001,"Total expenditures accrual","Y_lag1; 10y yield_leg0; HICPX_leg0; Debt-to-GDP ratio_leg0; Unemployment rate_leg0; Unemployment inflows_leg0; Share of LT unemp_leg0; Geopolitical risk index_leg0; IP_leg0; Retail sales_leg0; Hours worked_leg0; Payroll Mass_leg0; Energy prices_leg0; Cash expenditures_leg0","OK",NA
"sg_lasso","France","Expenditures","2022-02-15",-3499.96894689624,NA,0.00173506805479087,0.5,0.435045756809505,14,14,14,2022-02-01,7895.70000000001,"Total expenditures accrual","Y_lag1; 10y yield_leg0; HICPX_leg0; Debt-to-GDP ratio_leg0; Unemployment rate_leg0; Unemployment inflows_leg0; Share of LT unemp_leg0; Geopolitical risk index_leg0; IP_leg0; Retail sales_leg0; Hours worked_leg0; Payroll Mass_leg0; Energy prices_leg0; Cash expenditures_leg0","OK",NA
"sg_lasso","France","Expenditures","2022-02-27",-6282.09582748683,NA,0.00173506805479087,0.5,0.435045756809505,14,14,14,2022-02-01,7895.70000000001,"Total expenditures accrual","Y_lag1; 10y yield_leg0; HICPX_leg0; Debt-to-GDP ratio_leg0; Unemployment rate_leg0; Unemployment inflows_leg0; Share of LT unemp_leg0; Geopolitical risk index_leg0; IP_leg0; Retail sales_leg0; Hours worked_leg0; Payroll Mass_leg0; Energy prices_leg0; Cash expenditures_leg0","OK",NA
"sg_lasso","France","Expenditures","2022-03-01",-7284.12340298572,NA,0.00173506805479087,0.5,0.435045756809505,14,14,14,2022-03-01,7895.70000000001,"Total expenditures accrual","Y_lag1; 10y yield_leg0; HICPX_leg0; Debt-to-GDP ratio_leg0; Unemployment rate_leg0; Unemployment inflows_leg0; Share of LT unemp_leg0; Geopolitical risk index_leg0; IP_leg0; Retail sales_leg0; Hours worked_leg0; Payroll Mass_leg0; Energy prices_leg0; Cash expenditures_leg0","OK",NA
"sg_lasso","France","Expenditures","2022-03-02",-7372.74388257322,NA,0.00173506805479087,0.5,0.435045756809505,14,14,14,2022-03-01,7895.70000000001,"Total expenditures accrual","Y_lag1; 10y yield_leg0; HICPX_leg0; Debt-to-GDP ratio_leg0; Unemployment rate_leg0; Unemployment inflows_leg0; Share of LT unemp_leg0; Geopolitical risk index_leg0; IP_leg0; Retail sales_leg0; Hours worked_leg0; Payroll Mass_leg0; Energy prices_leg0; Cash expenditures_leg0","OK",NA
"sg_lasso","France","Expenditures","2022-03-15",892.44661932373,NA,0.609277633349258,0.5,0.977151569872817,1,1,1,2022-03-01,5357.59999999998,"Total expenditures accrual","Y_lag1","OK",NA
"sg_lasso","France","Expenditures","2022-03-27",892.44661932373,NA,0.609277633349258,0.5,0.977151569872817,1,1,1,2022-03-01,5357.59999999998,"Total expenditures accrual","Y_lag1","OK",NA
"sg_lasso","France","Expenditures","2022-04-01",892.44661932373,NA,0.609277633349258,0.5,0.977151569872817,1,1,1,2022-04-01,5357.59999999998,"Total expenditures accrual","Y_lag1","OK",NA
"sg_lasso","France","Expenditures","2022-04-05",892.44661932373,NA,0.609277633349258,0.5,0.977151569872817,1,1,1,2022-04-01,5357.59999999998,"Total expenditures accrual","Y_lag1","OK",NA
"sg_lasso","France","Expenditures","2022-04-15",892.44661932373,NA,0.609277633349258,0.5,0.977151569872817,1,1,1,2022-04-01,5357.59999999998,"Total expenditures accrual","Y_lag1","OK",NA
"sg_lasso","France","Expenditures","2022-04-27",892.44661932373,NA,0.609277633349258,0.5,0.977151569872817,1,1,1,2022-04-01,5357.59999999998,"Total expenditures accrual","Y_lag1","OK",NA
"sg_lasso","France","Expenditures","2022-05-01",892.44661932373,NA,0.609277633349258,0.5,0.977151569872817,1,1,1,2022-05-01,5357.59999999998,"Total expenditures accrual","Y_lag1","OK",NA
"sg_lasso","France","Expenditures","2022-05-07",892.44661932373,NA,0.609277633349258,0.5,0.977151569872817,1,1,1,2022-05-01,5357.59999999998,"Total expenditures accrual","Y_lag1","OK",NA
"sg_lasso","France","Expenditures","2022-05-15",892.44661932373,NA,0.609277633349258,0.5,0.977151569872817,1,1,1,2022-05-01,5357.59999999998,"Total expenditures accrual","Y_lag1","OK",NA
"sg_lasso","France","Expenditures","2022-05-27",892.44661932373,NA,0.609277633349258,0.5,0.977151569872817,1,1,1,2022-05-01,5357.59999999998,"Total expenditures accrual","Y_lag1","OK",NA
"sg_lasso","France","Expenditures","2022-06-01",892.44661932373,NA,0.609277633349258,0.5,0.977151569872817,1,1,1,2022-06-01,5357.59999999998,"Total expenditures accrual","Y_lag1","OK",NA
"sg_lasso","France","Expenditures","2022-06-03",892.44661932373,NA,0.609277633349258,0.5,0.977151569872817,1,1,1,2022-06-01,5357.59999999998,"Total expenditures accrual","Y_lag1","OK",NA
"sg_lasso","France","Expenditures","2022-06-15",2070.44309109958,NA,0.609366387956824,0.5,1.12199082855152,1,1,1,2022-06-01,1612.5,"Total expenditures accrual","Y_lag1","OK",NA
"sg_lasso","France","Expenditures","2022-06-27",2070.44309109958,NA,0.609366387956824,0.5,1.12199082855152,1,1,1,2022-06-01,1612.5,"Total expenditures accrual","Y_lag1","OK",NA
"sg_lasso","France","Expenditures","2022-07-01",2070.44309109958,NA,0.609366387956824,0.5,1.12199082855152,1,1,1,2022-07-01,1612.5,"Total expenditures accrual","Y_lag1","OK",NA
"sg_lasso","France","Expenditures","2022-07-05",2070.44309109958,NA,0.609366387956824,0.5,1.12199082855152,1,1,1,2022-07-01,1612.5,"Total expenditures accrual","Y_lag1","OK",NA
"sg_lasso","France","Expenditures","2022-07-15",2070.44309109958,NA,0.609366387956824,0.5,1.12199082855152,1,1,1,2022-07-01,1612.5,"Total expenditures accrual","Y_lag1","OK",NA
"sg_lasso","France","Expenditures","2022-07-27",2070.44309109958,NA,0.609366387956824,0.5,1.12199082855152,1,1,1,2022-07-01,1612.5,"Total expenditures accrual","Y_lag1","OK",NA
"sg_lasso","France","Expenditures","2022-08-01",2070.44309109958,NA,0.609366387956824,0.5,1.12199082855152,1,1,1,2022-08-01,1612.5,"Total expenditures accrual","Y_lag1","OK",NA
"sg_lasso","France","Expenditures","2022-08-15",2070.44309109958,NA,0.609366387956824,0.5,1.12199082855152,1,1,1,2022-08-01,1612.5,"Total expenditures accrual","Y_lag1","OK",NA
"sg_lasso","France","Expenditures","2022-08-27",2070.44309109958,NA,0.609366387956824,0.5,1.12199082855152,1,1,1,2022-08-01,1612.5,"Total expenditures accrual","Y_lag1","OK",NA
"sg_lasso","France","Expenditures","2022-09-01",2070.44309109958,NA,0.609366387956824,0.5,1.12199082855152,1,1,1,2022-09-01,1612.5,"Total expenditures accrual","Y_lag1","OK",NA
"sg_lasso","France","Expenditures","2022-09-04",2070.44309109958,NA,0.609366387956824,0.5,1.12199082855152,1,1,1,2022-09-01,1612.5,"Total expenditures accrual","Y_lag1","OK",NA
"sg_lasso","France","Expenditures","2022-09-15",-432.248052818636,NA,0.604578935678657,0.5,1.6123161135406,1,1,1,2022-09-01,10193.7,"Total expenditures accrual","Y_lag1","OK",NA
"sg_lasso","France","Expenditures","2022-09-27",-432.248052818636,NA,0.604578935678657,0.5,1.6123161135406,1,1,1,2022-09-01,10193.7,"Total expenditures accrual","Y_lag1","OK",NA
"sg_lasso","France","Expenditures","2022-10-01",-432.248052818636,NA,0.604578935678657,0.5,1.6123161135406,1,1,1,2022-10-01,10193.7,"Total expenditures accrual","Y_lag1","OK",NA
"sg_lasso","France","Expenditures","2022-10-06",-432.248052818636,NA,0.604578935678657,0.5,1.6123161135406,1,1,1,2022-10-01,10193.7,"Total expenditures accrual","Y_lag1","OK",NA
"sg_lasso","France","Expenditures","2022-10-15",-432.248052818636,NA,0.604578935678657,0.5,1.6123161135406,1,1,1,2022-10-01,10193.7,"Total expenditures accrual","Y_lag1","OK",NA
"sg_lasso","France","Expenditures","2022-10-27",-432.248052818636,NA,0.604578935678657,0.5,1.6123161135406,1,1,1,2022-10-01,10193.7,"Total expenditures accrual","Y_lag1","OK",NA
"sg_lasso","France","Expenditures","2022-11-01",-432.248052818636,NA,0.604578935678657,0.5,1.6123161135406,1,1,1,2022-11-01,10193.7,"Total expenditures accrual","Y_lag1","OK",NA
"sg_lasso","France","Expenditures","2022-11-02",-432.248052818636,NA,0.604578935678657,0.5,1.6123161135406,1,1,1,2022-11-01,10193.7,"Total expenditures accrual","Y_lag1","OK",NA
"sg_lasso","France","Expenditures","2022-11-15",-432.248052818636,NA,0.604578935678657,0.5,1.6123161135406,1,1,1,2022-11-01,10193.7,"Total expenditures accrual","Y_lag1","OK",NA
"sg_lasso","France","Expenditures","2022-11-27",-432.248052818636,NA,0.604578935678657,0.5,1.6123161135406,1,1,1,2022-11-01,10193.7,"Total expenditures accrual","Y_lag1","OK",NA
"sg_lasso","France","Expenditures","2022-12-01",-432.248052818636,NA,0.604578935678657,0.5,1.6123161135406,1,1,1,2022-12-01,10193.7,"Total expenditures accrual","Y_lag1","OK",NA
"sg_lasso","France","Expenditures","2022-12-04",-432.248052818636,NA,0.604578935678657,0.5,1.6123161135406,1,1,1,2022-12-01,10193.7,"Total expenditures accrual","Y_lag1","OK",NA
"sg_lasso","France","Expenditures","2022-12-15",1282.51710988098,NA,0.600954476403006,0.5,1.51798713990853,1,1,1,2022-12-01,5608.20000000001,"Total expenditures accrual","Y_lag1","OK",NA
"sg_lasso","France","Expenditures","2022-12-27",1282.51710988098,NA,0.600954476403006,0.5,1.51798713990853,1,1,1,2022-12-01,5608.20000000001,"Total expenditures accrual","Y_lag1","OK",NA
"sg_lasso","France","Expenditures","2023-01-01",1282.51710988098,NA,0.600954476403006,0.5,1.51798713990853,1,1,1,2023-01-01,5608.20000000001,"Total expenditures accrual","Y_lag1","OK",NA
"sg_lasso","France","Expenditures","2023-01-07",1282.51710988098,NA,0.600954476403006,0.5,1.51798713990853,1,1,1,2023-01-01,5608.20000000001,"Total expenditures accrual","Y_lag1","OK",NA
"sg_lasso","France","Expenditures","2023-01-15",1282.51710988098,NA,0.600954476403006,0.5,1.51798713990853,1,1,1,2023-01-01,5608.20000000001,"Total expenditures accrual","Y_lag1","OK",NA
"sg_lasso","France","Expenditures","2023-01-27",1282.51710988098,NA,0.600954476403006,0.5,1.51798713990853,1,1,1,2023-01-01,5608.20000000001,"Total expenditures accrual","Y_lag1","OK",NA
"sg_lasso","France","Expenditures","2023-02-01",1282.51710988098,NA,0.600954476403006,0.5,1.51798713990853,1,1,1,2023-02-01,5608.20000000001,"Total expenditures accrual","Y_lag1","OK",NA
"sg_lasso","France","Expenditures","2023-02-03",1282.51710988098,NA,0.600954476403006,0.5,1.51798713990853,1,1,1,2023-02-01,5608.20000000001,"Total expenditures accrual","Y_lag1","OK",NA
"sg_lasso","France","Expenditures","2023-02-15",1282.51710988098,NA,0.600954476403006,0.5,1.51798713990853,1,1,1,2023-02-01,5608.20000000001,"Total expenditures accrual","Y_lag1","OK",NA
"sg_lasso","France","Expenditures","2023-02-27",1282.51710988098,NA,0.600954476403006,0.5,1.51798713990853,1,1,1,2023-02-01,5608.20000000001,"Total expenditures accrual","Y_lag1","OK",NA
"sg_lasso","France","Expenditures","2023-03-01",1282.51710988098,NA,0.600954476403006,0.5,1.51798713990853,1,1,1,2023-03-01,5608.20000000001,"Total expenditures accrual","Y_lag1","OK",NA
"sg_lasso","France","Expenditures","2023-03-03",1282.51710988098,NA,0.600954476403006,0.5,1.51798713990853,1,1,1,2023-03-01,5608.20000000001,"Total expenditures accrual","Y_lag1","OK",NA
"sg_lasso","France","Expenditures","2023-03-15",2480.04351027584,NA,0.414462266486929,0.5,1.44836223719454,2,2,2,2023-03-01,473.599999999977,"Total expenditures accrual","Y_lag1; Unemployment inflows_leg0","OK",NA
"sg_lasso","France","Expenditures","2023-03-27",2480.04351027584,NA,0.414462266486929,0.5,1.44836223719454,2,2,2,2023-03-01,473.599999999977,"Total expenditures accrual","Y_lag1; Unemployment inflows_leg0","OK",NA
"sg_lasso","France","Expenditures","2023-04-01",2505.97104647377,NA,0.414462266486929,0.5,1.44836223719454,2,2,2,2023-04-01,473.599999999977,"Total expenditures accrual","Y_lag1; Unemployment inflows_leg0","OK",NA
"sg_lasso","France","Expenditures","2023-04-06",2505.97104647377,NA,0.414462266486929,0.5,1.44836223719454,2,2,2,2023-04-01,473.599999999977,"Total expenditures accrual","Y_lag1; Unemployment inflows_leg0","OK",NA
"sg_lasso","France","Expenditures","2023-04-15",2512.63265186429,NA,0.414462266486929,0.5,1.44836223719454,2,2,2,2023-04-01,473.599999999977,"Total expenditures accrual","Y_lag1; Unemployment inflows_leg0","OK",NA
"sg_lasso","France","Expenditures","2023-04-27",2512.63265186429,NA,0.414462266486929,0.5,1.44836223719454,2,2,2,2023-04-01,473.599999999977,"Total expenditures accrual","Y_lag1; Unemployment inflows_leg0","OK",NA
"sg_lasso","France","Expenditures","2023-05-01",2450.66586550851,NA,0.414462266486929,0.5,1.44836223719454,2,2,2,2023-05-01,473.599999999977,"Total expenditures accrual","Y_lag1; Unemployment inflows_leg0","OK",NA
"sg_lasso","France","Expenditures","2023-05-15",2308.76285495357,NA,0.414462266486929,0.5,1.44836223719454,2,2,2,2023-05-01,473.599999999977,"Total expenditures accrual","Y_lag1; Unemployment inflows_leg0","OK",NA
"sg_lasso","France","Expenditures","2023-05-27",2308.76285495357,NA,0.414462266486929,0.5,1.44836223719454,2,2,2,2023-05-01,473.599999999977,"Total expenditures accrual","Y_lag1; Unemployment inflows_leg0","OK",NA
"sg_lasso","France","Expenditures","2023-06-01",2173.52144978915,NA,0.414462266486929,0.5,1.44836223719454,2,2,2,2023-06-01,473.599999999977,"Total expenditures accrual","Y_lag1; Unemployment inflows_leg0","OK",NA
"sg_lasso","France","Expenditures","2023-06-04",2173.52144978915,NA,0.414462266486929,0.5,1.44836223719454,2,2,2,2023-06-01,473.599999999977,"Total expenditures accrual","Y_lag1; Unemployment inflows_leg0","OK",NA
"sg_lasso","France","Expenditures","2023-06-15",2322.30206269296,NA,0.601319015406962,0.5,1.17342389320393,1,1,1,2023-06-01,1518.20000000001,"Total expenditures accrual","Y_lag1","OK",NA
"sg_lasso","France","Expenditures","2023-06-27",2322.30206269296,NA,0.601319015406962,0.5,1.17342389320393,1,1,1,2023-06-01,1518.20000000001,"Total expenditures accrual","Y_lag1","OK",NA
"sg_lasso","France","Expenditures","2023-07-01",2322.30206269296,NA,0.601319015406962,0.5,1.17342389320393,1,1,1,2023-07-01,1518.20000000001,"Total expenditures accrual","Y_lag1","OK",NA
"sg_lasso","France","Expenditures","2023-07-06",2322.30206269296,NA,0.601319015406962,0.5,1.17342389320393,1,1,1,2023-07-01,1518.20000000001,"Total expenditures accrual","Y_lag1","OK",NA
"sg_lasso","France","Expenditures","2023-07-15",2322.30206269296,NA,0.601319015406962,0.5,1.17342389320393,1,1,1,2023-07-01,1518.20000000001,"Total expenditures accrual","Y_lag1","OK",NA
"sg_lasso","France","Expenditures","2023-07-27",2322.30206269296,NA,0.601319015406962,0.5,1.17342389320393,1,1,1,2023-07-01,1518.20000000001,"Total expenditures accrual","Y_lag1","OK",NA
"sg_lasso","France","Expenditures","2023-08-01",2322.30206269296,NA,0.601319015406962,0.5,1.17342389320393,1,1,1,2023-08-01,1518.20000000001,"Total expenditures accrual","Y_lag1","OK",NA
"sg_lasso","France","Expenditures","2023-08-02",2322.30206269296,NA,0.601319015406962,0.5,1.17342389320393,1,1,1,2023-08-01,1518.20000000001,"Total expenditures accrual","Y_lag1","OK",NA
"sg_lasso","France","Expenditures","2023-08-15",2322.30206269296,NA,0.601319015406962,0.5,1.17342389320393,1,1,1,2023-08-01,1518.20000000001,"Total expenditures accrual","Y_lag1","OK",NA
"sg_lasso","France","Expenditures","2023-08-27",2322.30206269296,NA,0.601319015406962,0.5,1.17342389320393,1,1,1,2023-08-01,1518.20000000001,"Total expenditures accrual","Y_lag1","OK",NA
"sg_lasso","France","Expenditures","2023-09-01",2322.30206269296,NA,0.601319015406962,0.5,1.17342389320393,1,1,1,2023-09-01,1518.20000000001,"Total expenditures accrual","Y_lag1","OK",NA
"sg_lasso","France","Expenditures","2023-09-05",2322.30206269296,NA,0.601319015406962,0.5,1.17342389320393,1,1,1,2023-09-01,1518.20000000001,"Total expenditures accrual","Y_lag1","OK",NA
"sg_lasso","France","Expenditures","2023-09-15",1891.64112389315,NA,0.600897592115526,0.5,1.57286167944482,1,1,1,2023-09-01,3210.59999999998,"Total expenditures accrual","Y_lag1","OK",NA
"sg_lasso","France","Expenditures","2023-09-27",1891.64112389315,NA,0.600897592115526,0.5,1.57286167944482,1,1,1,2023-09-01,3210.59999999998,"Total expenditures accrual","Y_lag1","OK",NA
"sg_lasso","France","Expenditures","2023-10-01",1891.64112389315,NA,0.600897592115526,0.5,1.57286167944482,1,1,1,2023-10-01,3210.59999999998,"Total expenditures accrual","Y_lag1","OK",NA
"sg_lasso","France","Expenditures","2023-10-07",1891.64112389315,NA,0.600897592115526,0.5,1.57286167944482,1,1,1,2023-10-01,3210.59999999998,"Total expenditures accrual","Y_lag1","OK",NA
"sg_lasso","France","Expenditures","2023-10-15",1891.64112389315,NA,0.600897592115526,0.5,1.57286167944482,1,1,1,2023-10-01,3210.59999999998,"Total expenditures accrual","Y_lag1","OK",NA
"sg_lasso","France","Expenditures","2023-10-27",1891.64112389315,NA,0.600897592115526,0.5,1.57286167944482,1,1,1,2023-10-01,3210.59999999998,"Total expenditures accrual","Y_lag1","OK",NA
"sg_lasso","France","Expenditures","2023-11-01",1891.64112389315,NA,0.600897592115526,0.5,1.57286167944482,1,1,1,2023-11-01,3210.59999999998,"Total expenditures accrual","Y_lag1","OK",NA
"sg_lasso","France","Expenditures","2023-11-03",1891.64112389315,NA,0.600897592115526,0.5,1.57286167944482,1,1,1,2023-11-01,3210.59999999998,"Total expenditures accrual","Y_lag1","OK",NA
"sg_lasso","France","Expenditures","2023-11-15",1891.64112389315,NA,0.600897592115526,0.5,1.57286167944482,1,1,1,2023-11-01,3210.59999999998,"Total expenditures accrual","Y_lag1","OK",NA
"sg_lasso","France","Expenditures","2023-11-27",1891.64112389315,NA,0.600897592115526,0.5,1.57286167944482,1,1,1,2023-11-01,3210.59999999998,"Total expenditures accrual","Y_lag1","OK",NA
"sg_lasso","France","Expenditures","2023-12-01",1891.64112389315,NA,0.600897592115526,0.5,1.57286167944482,1,1,1,2023-12-01,3210.59999999998,"Total expenditures accrual","Y_lag1","OK",NA
"sg_lasso","France","Expenditures","2023-12-05",1891.64112389315,NA,0.600897592115526,0.5,1.57286167944482,1,1,1,2023-12-01,3210.59999999998,"Total expenditures accrual","Y_lag1","OK",NA
"sg_lasso","France","Expenditures","2023-12-15",1238.80608417001,NA,0.5867675953845,0.5,1.46867646497849,1,1,1,2023-12-01,6029.40000000002,"Total expenditures accrual","Y_lag1","OK",NA
"sg_lasso","France","Expenditures","2023-12-27",1238.80608417001,NA,0.5867675953845,0.5,1.46867646497849,1,1,1,2023-12-01,6029.40000000002,"Total expenditures accrual","Y_lag1","OK",NA
"sg_lasso","France","Expenditures","2024-01-01",1238.80608417001,NA,0.5867675953845,0.5,1.46867646497849,1,1,1,2024-01-01,6029.40000000002,"Total expenditures accrual","Y_lag1","OK",NA
"sg_lasso","France","Expenditures","2024-01-15",1238.80608417001,NA,0.5867675953845,0.5,1.46867646497849,1,1,1,2024-01-01,6029.40000000002,"Total expenditures accrual","Y_lag1","OK",NA
"sg_lasso","France","Expenditures","2024-01-27",1238.80608417001,NA,0.5867675953845,0.5,1.46867646497849,1,1,1,2024-01-01,6029.40000000002,"Total expenditures accrual","Y_lag1","OK",NA
"sg_lasso","France","Expenditures","2024-02-01",1238.80608417001,NA,0.5867675953845,0.5,1.46867646497849,1,1,1,2024-02-01,6029.40000000002,"Total expenditures accrual","Y_lag1","OK",NA
"sg_lasso","France","Expenditures","2024-02-04",1238.80608417001,NA,0.5867675953845,0.5,1.46867646497849,1,1,1,2024-02-01,6029.40000000002,"Total expenditures accrual","Y_lag1","OK",NA
"sg_lasso","France","Expenditures","2024-02-15",1238.80608417001,NA,0.5867675953845,0.5,1.46867646497849,1,1,1,2024-02-01,6029.40000000002,"Total expenditures accrual","Y_lag1","OK",NA
"sg_lasso","France","Expenditures","2024-02-27",1238.80608417001,NA,0.5867675953845,0.5,1.46867646497849,1,1,1,2024-02-01,6029.40000000002,"Total expenditures accrual","Y_lag1","OK",NA
"sg_lasso","France","Expenditures","2024-03-01",1238.80608417001,NA,0.5867675953845,0.5,1.46867646497849,1,1,1,2024-03-01,6029.40000000002,"Total expenditures accrual","Y_lag1","OK",NA
"sg_lasso","France","Expenditures","2024-03-05",1238.80608417001,NA,0.5867675953845,0.5,1.46867646497849,1,1,1,2024-03-01,6029.40000000002,"Total expenditures accrual","Y_lag1","OK",NA
"sg_lasso","France","Expenditures","2024-03-15",1787.76153166583,NA,0.587905855453456,0.5,1.44288333362399,1,1,1,2024-03-01,4210.40000000002,"Total expenditures accrual","Y_lag1","OK",NA
"sg_lasso","France","Expenditures","2024-03-27",1787.76153166583,NA,0.587905855453456,0.5,1.44288333362399,1,1,1,2024-03-01,4210.40000000002,"Total expenditures accrual","Y_lag1","OK",NA
"sg_lasso","France","Expenditures","2024-04-01",1787.76153166583,NA,0.587905855453456,0.5,1.44288333362399,1,1,1,2024-04-01,4210.40000000002,"Total expenditures accrual","Y_lag1","OK",NA
"sg_lasso","France","Expenditures","2024-04-15",1787.76153166583,NA,0.587905855453456,0.5,1.44288333362399,1,1,1,2024-04-01,4210.40000000002,"Total expenditures accrual","Y_lag1","OK",NA
"sg_lasso","France","Expenditures","2024-04-27",1787.76153166583,NA,0.587905855453456,0.5,1.44288333362399,1,1,1,2024-04-01,4210.40000000002,"Total expenditures accrual","Y_lag1","OK",NA
"sg_lasso","France","Expenditures","2024-05-01",1787.76153166583,NA,0.587905855453456,0.5,1.44288333362399,1,1,1,2024-05-01,4210.40000000002,"Total expenditures accrual","Y_lag1","OK",NA
"sg_lasso","France","Expenditures","2024-05-03",1787.76153166583,NA,0.587905855453456,0.5,1.44288333362399,1,1,1,2024-05-01,4210.40000000002,"Total expenditures accrual","Y_lag1","OK",NA
"sg_lasso","France","Expenditures","2024-05-15",1787.76153166583,NA,0.587905855453456,0.5,1.44288333362399,1,1,1,2024-05-01,4210.40000000002,"Total expenditures accrual","Y_lag1","OK",NA
"sg_lasso","France","Expenditures","2024-05-27",1787.76153166583,NA,0.587905855453456,0.5,1.44288333362399,1,1,1,2024-05-01,4210.40000000002,"Total expenditures accrual","Y_lag1","OK",NA
"sg_lasso","France","Expenditures","2024-06-01",1787.76153166583,NA,0.587905855453456,0.5,1.44288333362399,1,1,1,2024-06-01,4210.40000000002,"Total expenditures accrual","Y_lag1","OK",NA
"sg_lasso","France","Expenditures","2024-06-06",1787.76153166583,NA,0.587905855453456,0.5,1.44288333362399,1,1,1,2024-06-01,4210.40000000002,"Total expenditures accrual","Y_lag1","OK",NA
"sg_lasso","France","Expenditures","2024-06-15",1976.5411963555,NA,0.587302625313441,0.5,1.45732314361406,1,1,1,2024-06-01,3601.79999999999,"Total expenditures accrual","Y_lag1","OK",NA
"sg_lasso","France","Expenditures","2024-06-27",1976.5411963555,NA,0.587302625313441,0.5,1.45732314361406,1,1,1,2024-06-01,3601.79999999999,"Total expenditures accrual","Y_lag1","OK",NA
"sg_lasso","France","Expenditures","2024-07-01",1976.5411963555,NA,0.587302625313441,0.5,1.45732314361406,1,1,1,2024-07-01,3601.79999999999,"Total expenditures accrual","Y_lag1","OK",NA
"sg_lasso","France","Expenditures","2024-07-15",1976.5411963555,NA,0.587302625313441,0.5,1.45732314361406,1,1,1,2024-07-01,3601.79999999999,"Total expenditures accrual","Y_lag1","OK",NA
"sg_lasso","France","Expenditures","2024-07-27",1976.5411963555,NA,0.587302625313441,0.5,1.45732314361406,1,1,1,2024-07-01,3601.79999999999,"Total expenditures accrual","Y_lag1","OK",NA
"sg_lasso","France","Expenditures","2024-08-01",1976.5411963555,NA,0.587302625313441,0.5,1.45732314361406,1,1,1,2024-08-01,3601.79999999999,"Total expenditures accrual","Y_lag1","OK",NA
"sg_lasso","France","Expenditures","2024-08-04",1976.5411963555,NA,0.587302625313441,0.5,1.45732314361406,1,1,1,2024-08-01,3601.79999999999,"Total expenditures accrual","Y_lag1","OK",NA
"sg_lasso","France","Expenditures","2024-08-15",1976.5411963555,NA,0.587302625313441,0.5,1.45732314361406,1,1,1,2024-08-01,3601.79999999999,"Total expenditures accrual","Y_lag1","OK",NA
"sg_lasso","France","Expenditures","2024-08-27",1976.5411963555,NA,0.587302625313441,0.5,1.45732314361406,1,1,1,2024-08-01,3601.79999999999,"Total expenditures accrual","Y_lag1","OK",NA
"sg_lasso","France","Expenditures","2024-09-01",1976.5411963555,NA,0.587302625313441,0.5,1.45732314361406,1,1,1,2024-09-01,3601.79999999999,"Total expenditures accrual","Y_lag1","OK",NA
"sg_lasso","France","Expenditures","2024-09-07",1976.5411963555,NA,0.587302625313441,0.5,1.45732314361406,1,1,1,2024-09-01,3601.79999999999,"Total expenditures accrual","Y_lag1","OK",NA
"sg_lasso","France","Expenditures","2024-09-15",1960.96522482557,NA,0.58858403857452,0.5,1.46973256215738,1,1,1,2024-09-01,3809.79999999999,"Total expenditures accrual","Y_lag1","OK",NA
"sg_lasso","France","Expenditures","2024-09-27",1960.96522482557,NA,0.58858403857452,0.5,1.46973256215738,1,1,1,2024-09-01,3809.79999999999,"Total expenditures accrual","Y_lag1","OK",NA
"sg_lasso","France","Expenditures","2024-10-01",1960.96522482557,NA,0.58858403857452,0.5,1.46973256215738,1,1,1,2024-10-01,3809.79999999999,"Total expenditures accrual","Y_lag1","OK",NA
"sg_lasso","France","Expenditures","2024-10-02",1960.96522482557,NA,0.58858403857452,0.5,1.46973256215738,1,1,1,2024-10-01,3809.79999999999,"Total expenditures accrual","Y_lag1","OK",NA
"sg_lasso","France","Expenditures","2024-10-15",1960.96522482557,NA,0.58858403857452,0.5,1.46973256215738,1,1,1,2024-10-01,3809.79999999999,"Total expenditures accrual","Y_lag1","OK",NA
"sg_lasso","France","Expenditures","2024-10-27",1960.96522482557,NA,0.58858403857452,0.5,1.46973256215738,1,1,1,2024-10-01,3809.79999999999,"Total expenditures accrual","Y_lag1","OK",NA
"sg_lasso","France","Expenditures","2024-11-01",1960.96522482557,NA,0.58858403857452,0.5,1.46973256215738,1,1,1,2024-11-01,3809.79999999999,"Total expenditures accrual","Y_lag1","OK",NA
"sg_lasso","France","Expenditures","2024-11-05",1960.96522482557,NA,0.58858403857452,0.5,1.46973256215738,1,1,1,2024-11-01,3809.79999999999,"Total expenditures accrual","Y_lag1","OK",NA
"sg_lasso","France","Expenditures","2024-11-15",1960.96522482557,NA,0.58858403857452,0.5,1.46973256215738,1,1,1,2024-11-01,3809.79999999999,"Total expenditures accrual","Y_lag1","OK",NA
"sg_lasso","France","Expenditures","2024-11-27",1960.96522482557,NA,0.58858403857452,0.5,1.46973256215738,1,1,1,2024-11-01,3809.79999999999,"Total expenditures accrual","Y_lag1","OK",NA
"sg_lasso","France","Expenditures","2024-12-01",1960.96522482557,NA,0.58858403857452,0.5,1.46973256215738,1,1,1,2024-12-01,3809.79999999999,"Total expenditures accrual","Y_lag1","OK",NA
"sg_lasso","France","Expenditures","2024-12-07",1960.96522482557,NA,0.58858403857452,0.5,1.46973256215738,1,1,1,2024-12-01,3809.79999999999,"Total expenditures accrual","Y_lag1","OK",NA
"sg_lasso","France","Expenditures","2024-12-15",2242.25783292409,NA,0.588102149541541,0.5,1.58958558740492,1,1,1,2024-12-01,2711.5,"Total expenditures accrual","Y_lag1","OK",NA
"sg_lasso","France","Expenditures","2024-12-27",2242.25783292409,NA,0.588102149541541,0.5,1.58958558740492,1,1,1,2024-12-01,2711.5,"Total expenditures accrual","Y_lag1","OK",NA
"sg_lasso","France","Expenditures","2025-01-01",2242.25783292409,NA,0.588102149541541,0.5,1.58958558740492,1,1,1,2025-01-01,2711.5,"Total expenditures accrual","Y_lag1","OK",NA
"sg_lasso","France","Expenditures","2025-01-03",2242.25783292409,NA,0.588102149541541,0.5,1.58958558740492,1,1,1,2025-01-01,2711.5,"Total expenditures accrual","Y_lag1","OK",NA
"sg_lasso","France","Expenditures","2025-01-15",2242.25783292409,NA,0.588102149541541,0.5,1.58958558740492,1,1,1,2025-01-01,2711.5,"Total expenditures accrual","Y_lag1","OK",NA
"sg_lasso","France","Expenditures","2025-01-27",2242.25783292409,NA,0.588102149541541,0.5,1.58958558740492,1,1,1,2025-01-01,2711.5,"Total expenditures accrual","Y_lag1","OK",NA
"sg_lasso","France","Expenditures","2025-02-01",2242.25783292409,NA,0.588102149541541,0.5,1.58958558740492,1,1,1,2025-02-01,2711.5,"Total expenditures accrual","Y_lag1","OK",NA
"sg_lasso","France","Expenditures","2025-02-06",2242.25783292409,NA,0.588102149541541,0.5,1.58958558740492,1,1,1,2025-02-01,2711.5,"Total expenditures accrual","Y_lag1","OK",NA
"sg_lasso","France","Expenditures","2025-02-15",2242.25783292409,NA,0.588102149541541,0.5,1.58958558740492,1,1,1,2025-02-01,2711.5,"Total expenditures accrual","Y_lag1","OK",NA
"sg_lasso","France","Expenditures","2025-02-27",2242.25783292409,NA,0.588102149541541,0.5,1.58958558740492,1,1,1,2025-02-01,2711.5,"Total expenditures accrual","Y_lag1","OK",NA
"sg_lasso","France","Expenditures","2025-03-01",2242.25783292409,NA,0.588102149541541,0.5,1.58958558740492,1,1,1,2025-03-01,2711.5,"Total expenditures accrual","Y_lag1","OK",NA
"sg_lasso","France","Expenditures","2025-03-06",2242.25783292409,NA,0.588102149541541,0.5,1.58958558740492,1,1,1,2025-03-01,2711.5,"Total expenditures accrual","Y_lag1","OK",NA
"sg_lasso","France","Expenditures","2025-03-15",2495.19473939567,NA,0.588521287087863,0.5,1.54060336016342,1,1,1,2025-03-01,1627.90000000002,"Total expenditures accrual","Y_lag1","OK",NA
"sg_lasso","France","Expenditures","2025-03-27",2495.19473939567,NA,0.588521287087863,0.5,1.54060336016342,1,1,1,2025-03-01,1627.90000000002,"Total expenditures accrual","Y_lag1","OK",NA
"sg_lasso","France","Expenditures","2025-04-01",2495.19473939567,NA,0.588521287087863,0.5,1.54060336016342,1,1,1,2025-04-01,1627.90000000002,"Total expenditures accrual","Y_lag1","OK",NA
"sg_lasso","France","Expenditures","2025-04-02",2495.19473939567,NA,0.588521287087863,0.5,1.54060336016342,1,1,1,2025-04-01,1627.90000000002,"Total expenditures accrual","Y_lag1","OK",NA
"sg_lasso","France","Expenditures","2025-04-15",2495.19473939567,NA,0.588521287087863,0.5,1.54060336016342,1,1,1,2025-04-01,1627.90000000002,"Total expenditures accrual","Y_lag1","OK",NA
"sg_lasso","France","Expenditures","2025-04-27",2495.19473939567,NA,0.588521287087863,0.5,1.54060336016342,1,1,1,2025-04-01,1627.90000000002,"Total expenditures accrual","Y_lag1","OK",NA
"sg_lasso","France","Expenditures","2025-05-01",2495.19473939567,NA,0.588521287087863,0.5,1.54060336016342,1,1,1,2025-05-01,1627.90000000002,"Total expenditures accrual","Y_lag1","OK",NA
"sg_lasso","France","Expenditures","2025-05-04",2495.19473939567,NA,0.588521287087863,0.5,1.54060336016342,1,1,1,2025-05-01,1627.90000000002,"Total expenditures accrual","Y_lag1","OK",NA
"sg_lasso","France","Expenditures","2025-05-15",2495.19473939567,NA,0.588521287087863,0.5,1.54060336016342,1,1,1,2025-05-01,1627.90000000002,"Total expenditures accrual","Y_lag1","OK",NA
"sg_lasso","France","Expenditures","2025-05-27",2495.19473939567,NA,0.588521287087863,0.5,1.54060336016342,1,1,1,2025-05-01,1627.90000000002,"Total expenditures accrual","Y_lag1","OK",NA
"sg_lasso","France","Expenditures","2025-06-01",2495.19473939567,NA,0.588521287087863,0.5,1.54060336016342,1,1,1,2025-06-01,1627.90000000002,"Total expenditures accrual","Y_lag1","OK",NA
"sg_lasso","France","Expenditures","2025-06-07",2495.19473939567,NA,0.588521287087863,0.5,1.54060336016342,1,1,1,2025-06-01,1627.90000000002,"Total expenditures accrual","Y_lag1","OK",NA
"sg_lasso","France","Expenditures","2025-06-15",2206.28095434085,NA,0.585998580397797,0.5,1.56874324063509,1,1,1,2025-06-01,2839.39999999997,"Total expenditures accrual","Y_lag1","OK",NA
"sg_lasso","France","Expenditures","2025-06-27",2206.28095434085,NA,0.585998580397797,0.5,1.56874324063509,1,1,1,2025-06-01,2839.39999999997,"Total expenditures accrual","Y_lag1","OK",NA
"sg_lasso","France","Expenditures","2025-07-01",2206.28095434085,NA,0.585998580397797,0.5,1.56874324063509,1,1,1,2025-07-01,2839.39999999997,"Total expenditures accrual","Y_lag1","OK",NA
"sg_lasso","France","Expenditures","2025-07-02",2206.28095434085,NA,0.585998580397797,0.5,1.56874324063509,1,1,1,2025-07-01,2839.39999999997,"Total expenditures accrual","Y_lag1","OK",NA
"sg_lasso","France","Expenditures","2025-07-15",2206.28095434085,NA,0.585998580397797,0.5,1.56874324063509,1,1,1,2025-07-01,2839.39999999997,"Total expenditures accrual","Y_lag1","OK",NA
"sg_lasso","France","Expenditures","2025-07-27",2206.28095434085,NA,0.585998580397797,0.5,1.56874324063509,1,1,1,2025-07-01,2839.39999999997,"Total expenditures accrual","Y_lag1","OK",NA
"sg_lasso","France","Expenditures","2025-08-01",2206.28095434085,NA,0.585998580397797,0.5,1.56874324063509,1,1,1,2025-08-01,2839.39999999997,"Total expenditures accrual","Y_lag1","OK",NA
"sg_lasso","France","Expenditures","2025-08-05",2206.28095434085,NA,0.585998580397797,0.5,1.56874324063509,1,1,1,2025-08-01,2839.39999999997,"Total expenditures accrual","Y_lag1","OK",NA
"sg_lasso","France","Expenditures","2025-08-15",2206.28095434085,NA,0.585998580397797,0.5,1.56874324063509,1,1,1,2025-08-01,2839.39999999997,"Total expenditures accrual","Y_lag1","OK",NA
"sg_lasso","France","Expenditures","2025-08-27",2206.28095434085,NA,0.585998580397797,0.5,1.56874324063509,1,1,1,2025-08-01,2839.39999999997,"Total expenditures accrual","Y_lag1","OK",NA
"sg_lasso","France","Expenditures","2025-09-01",2206.28095434085,NA,0.585998580397797,0.5,1.56874324063509,1,1,1,2025-09-01,2839.39999999997,"Total expenditures accrual","Y_lag1","OK",NA
"sg_lasso","France","Expenditures","2025-09-15",2261.70938484178,NA,0.584252810721606,0.5,1.56699398770804,1,1,1,2025-09-01,2641.20000000001,"Total expenditures accrual","Y_lag1","OK",NA
"sg_lasso","France","Expenditures","2025-09-27",2261.70938484178,NA,0.584252810721606,0.5,1.56699398770804,1,1,1,2025-09-01,2641.20000000001,"Total expenditures accrual","Y_lag1","OK",NA
"sg_lasso","France","Expenditures","2025-10-01",2261.70938484178,NA,0.584252810721606,0.5,1.56699398770804,1,1,1,2025-10-01,2641.20000000001,"Total expenditures accrual","Y_lag1","OK",NA
"sg_lasso","France","Expenditures","2025-10-03",2261.70938484178,NA,0.584252810721606,0.5,1.56699398770804,1,1,1,2025-10-01,2641.20000000001,"Total expenditures accrual","Y_lag1","OK",NA
"sg_lasso","France","Expenditures","2025-10-15",2261.70938484178,NA,0.584252810721606,0.5,1.56699398770804,1,1,1,2025-10-01,2641.20000000001,"Total expenditures accrual","Y_lag1","OK",NA
"sg_lasso","France","Expenditures","2025-10-27",2261.70938484178,NA,0.584252810721606,0.5,1.56699398770804,1,1,1,2025-10-01,2641.20000000001,"Total expenditures accrual","Y_lag1","OK",NA
"sg_lasso","France","Expenditures","2025-11-01",2261.70938484178,NA,0.584252810721606,0.5,1.56699398770804,1,1,1,2025-11-01,2641.20000000001,"Total expenditures accrual","Y_lag1","OK",NA
"sg_lasso","France","Expenditures","2025-11-06",2261.70938484178,NA,0.584252810721606,0.5,1.56699398770804,1,1,1,2025-11-01,2641.20000000001,"Total expenditures accrual","Y_lag1","OK",NA
"sg_lasso","France","Expenditures","2025-11-15",2261.70938484178,NA,0.584252810721606,0.5,1.56699398770804,1,1,1,2025-11-01,2641.20000000001,"Total expenditures accrual","Y_lag1","OK",NA
"sg_lasso","France","Expenditures","2025-11-27",2261.70938484178,NA,0.584252810721606,0.5,1.56699398770804,1,1,1,2025-11-01,2641.20000000001,"Total expenditures accrual","Y_lag1","OK",NA
"sg_lasso","France","Expenditures","2025-12-01",2261.70938484178,NA,0.584252810721606,0.5,1.56699398770804,1,1,1,2025-12-01,2641.20000000001,"Total expenditures accrual","Y_lag1","OK",NA
"sg_lasso","France","Expenditures","2025-12-15",2267.86656180071,NA,0.584010011576534,0.5,1.59575643300966,1,1,1,2025-12-01,2641.20000000001,"Total expenditures accrual","Y_lag1","OK",NA
"sg_lasso","France","Expenditures","2025-12-27",2267.86656180071,NA,0.584010011576534,0.5,1.59575643300966,1,1,1,2025-12-01,2641.20000000001,"Total expenditures accrual","Y_lag1","OK",NA
"sg_lasso","France","Expenditures","2026-01-15",2267.86656180071,NA,0.584010011576534,0.5,1.59575643300966,1,1,1,2026-01-01,2641.20000000001,"Total expenditures accrual","Y_lag1","OK",NA
"sg_lasso","France","Expenditures","2026-02-15",2267.86656180071,NA,0.584010011576534,0.5,1.59575643300966,1,1,1,2026-02-01,2641.20000000001,"Total expenditures accrual","Y_lag1","OK",NA
"sg_lasso","France","Expenditures","2026-03-15",2267.86656180071,NA,0.584010011576534,0.5,1.59575643300966,1,1,1,2026-03-01,2641.20000000001,"Total expenditures accrual","Y_lag1","OK",NA
