"model","country","block","publication_date","nowcast_value","nb_factors","lambda","gamma","cv_mse","df","n_selected","n_selected_groups","date_new","last_obs_y","target_name","selected_columns","status","error"
"sg_lasso","France","Revenues","2013-01-01",6229.77151390064,NA,0.467095229081452,0.5,5.03784208771781,2,2,2,2013-01-01,9196.5,"Total revenues accrual","Y_lag1; HICPX_leg0","OK",NA
"sg_lasso","France","Revenues","2013-01-02",6229.77151390064,NA,0.467095229081452,0.5,5.03784208771781,2,2,2,2013-01-01,9196.5,"Total revenues accrual","Y_lag1; HICPX_leg0","OK",NA
"sg_lasso","France","Revenues","2013-01-05",6229.77151390064,NA,0.467095229081452,0.5,5.03784208771781,2,2,2,2013-01-01,9196.5,"Total revenues accrual","Y_lag1; HICPX_leg0","OK",NA
"sg_lasso","France","Revenues","2013-01-15",6229.77151390064,NA,0.467095229081452,0.5,5.03784208771781,2,2,2,2013-01-01,9196.5,"Total revenues accrual","Y_lag1; HICPX_leg0","OK",NA
"sg_lasso","France","Revenues","2013-01-27",6229.77151390064,NA,0.467095229081452,0.5,5.03784208771781,2,2,2,2013-01-01,9196.5,"Total revenues accrual","Y_lag1; HICPX_leg0","OK",NA
"sg_lasso","France","Revenues","2013-01-31",6229.77151390064,NA,0.467095229081452,0.5,5.03784208771781,2,2,2,2013-01-01,9196.5,"Total revenues accrual","Y_lag1; HICPX_leg0","OK",NA
"sg_lasso","France","Revenues","2013-02-01",5817.79908249864,NA,0.467095229081452,0.5,5.03784208771781,2,2,2,2013-02-01,9196.5,"Total revenues accrual","Y_lag1; HICPX_leg0","OK",NA
"sg_lasso","France","Revenues","2013-02-05",5817.79908249864,NA,0.467095229081452,0.5,5.03784208771781,2,2,2,2013-02-01,9196.5,"Total revenues accrual","Y_lag1; HICPX_leg0","OK",NA
"sg_lasso","France","Revenues","2013-02-15",5817.79908249864,NA,0.467095229081452,0.5,5.03784208771781,2,2,2,2013-02-01,9196.5,"Total revenues accrual","Y_lag1; HICPX_leg0","OK",NA
"sg_lasso","France","Revenues","2013-02-27",6023.78529819964,NA,0.467095229081452,0.5,5.03784208771781,2,2,2,2013-02-01,9196.5,"Total revenues accrual","Y_lag1; HICPX_leg0","OK",NA
"sg_lasso","France","Revenues","2013-02-28",6023.78529819964,NA,0.467095229081452,0.5,5.03784208771781,2,2,2,2013-02-01,9196.5,"Total revenues accrual","Y_lag1; HICPX_leg0","OK",NA
"sg_lasso","France","Revenues","2013-03-01",6229.77151390064,NA,0.467095229081452,0.5,5.03784208771781,2,2,2,2013-03-01,9196.5,"Total revenues accrual","Y_lag1; HICPX_leg0","OK",NA
"sg_lasso","France","Revenues","2013-03-05",6229.77151390064,NA,0.467095229081452,0.5,5.03784208771781,2,2,2,2013-03-01,9196.5,"Total revenues accrual","Y_lag1; HICPX_leg0","OK",NA
"sg_lasso","France","Revenues","2013-03-15",7420.4392472001,NA,0.0542386726003826,0.5,5.03302039682871,8,8,8,2013-03-01,-3982.10000000003,"Total revenues accrual","Y_lag1; Hours worked_leg0; IP_leg0; Private consumption_leg0; HICPX_leg0; Energy prices_leg0; Stock market_leg0; Cash revenues_leg0","OK",NA
"sg_lasso","France","Revenues","2013-03-27",5858.62956419124,NA,0.0542386726003826,0.5,4.39226010440481,8,8,8,2013-03-01,-3982.10000000003,"Total revenues accrual","Y_lag1; Hours worked_leg0; IP_leg0; Private consumption_leg0; HICPX_leg0; Energy prices_leg0; Stock market_leg0; Cash revenues_leg0","OK",NA
"sg_lasso","France","Revenues","2013-03-28",5858.62956419124,NA,0.0542386726003826,0.5,4.39654316962641,8,8,8,2013-03-01,-3982.10000000003,"Total revenues accrual","Y_lag1; Hours worked_leg0; IP_leg0; Private consumption_leg0; HICPX_leg0; Energy prices_leg0; Stock market_leg0; Cash revenues_leg0","OK",NA
"sg_lasso","France","Revenues","2013-04-01",6665.27411147318,NA,0.0542386726003826,0.5,4.39654316962641,8,8,8,2013-04-01,-3982.10000000003,"Total revenues accrual","Y_lag1; Hours worked_leg0; IP_leg0; Private consumption_leg0; HICPX_leg0; Energy prices_leg0; Stock market_leg0; Cash revenues_leg0","OK",NA
"sg_lasso","France","Revenues","2013-04-05",6665.27411147318,NA,0.0542386726003826,0.5,4.39654316962641,8,8,8,2013-04-01,-3982.10000000003,"Total revenues accrual","Y_lag1; Hours worked_leg0; IP_leg0; Private consumption_leg0; HICPX_leg0; Energy prices_leg0; Stock market_leg0; Cash revenues_leg0","OK",NA
"sg_lasso","France","Revenues","2013-04-15",6568.39540262365,NA,0.0542386726003826,0.5,4.39654316962641,8,8,8,2013-04-01,-3982.10000000003,"Total revenues accrual","Y_lag1; Hours worked_leg0; IP_leg0; Private consumption_leg0; HICPX_leg0; Energy prices_leg0; Stock market_leg0; Cash revenues_leg0","OK",NA
"sg_lasso","France","Revenues","2013-04-25",6568.39540262365,NA,0.0542386726003826,0.5,4.39654316962641,8,8,8,2013-04-01,-3982.10000000003,"Total revenues accrual","Y_lag1; Hours worked_leg0; IP_leg0; Private consumption_leg0; HICPX_leg0; Energy prices_leg0; Stock market_leg0; Cash revenues_leg0","OK",NA
"sg_lasso","France","Revenues","2013-04-27",8008.64006102415,NA,0.0542386726003826,0.5,4.39654316962641,8,8,8,2013-04-01,-3982.10000000003,"Total revenues accrual","Y_lag1; Hours worked_leg0; IP_leg0; Private consumption_leg0; HICPX_leg0; Energy prices_leg0; Stock market_leg0; Cash revenues_leg0","OK",NA
"sg_lasso","France","Revenues","2013-05-01",8774.81361643749,NA,0.0542386726003826,0.5,4.39654316962641,8,8,8,2013-05-01,-3982.10000000003,"Total revenues accrual","Y_lag1; Hours worked_leg0; IP_leg0; Private consumption_leg0; HICPX_leg0; Energy prices_leg0; Stock market_leg0; Cash revenues_leg0","OK",NA
"sg_lasso","France","Revenues","2013-05-03",8774.81361643749,NA,0.0542386726003826,0.5,4.39654316962641,8,8,8,2013-05-01,-3982.10000000003,"Total revenues accrual","Y_lag1; Hours worked_leg0; IP_leg0; Private consumption_leg0; HICPX_leg0; Energy prices_leg0; Stock market_leg0; Cash revenues_leg0","OK",NA
"sg_lasso","France","Revenues","2013-05-05",8774.81361643749,NA,0.0542386726003826,0.5,4.39654316962641,8,8,8,2013-05-01,-3982.10000000003,"Total revenues accrual","Y_lag1; Hours worked_leg0; IP_leg0; Private consumption_leg0; HICPX_leg0; Energy prices_leg0; Stock market_leg0; Cash revenues_leg0","OK",NA
"sg_lasso","France","Revenues","2013-05-15",9022.68563797293,NA,0.0542386726003826,0.5,4.39654316962641,8,8,8,2013-05-01,-3982.10000000003,"Total revenues accrual","Y_lag1; Hours worked_leg0; IP_leg0; Private consumption_leg0; HICPX_leg0; Energy prices_leg0; Stock market_leg0; Cash revenues_leg0","OK",NA
"sg_lasso","France","Revenues","2013-05-27",7199.60716731432,NA,0.0542386726003826,0.5,4.39654316962641,8,8,8,2013-05-01,-3982.10000000003,"Total revenues accrual","Y_lag1; Hours worked_leg0; IP_leg0; Private consumption_leg0; HICPX_leg0; Energy prices_leg0; Stock market_leg0; Cash revenues_leg0","OK",NA
"sg_lasso","France","Revenues","2013-05-30",7199.60716731432,NA,0.0542386726003826,0.5,4.39654316962641,8,8,8,2013-05-01,-3982.10000000003,"Total revenues accrual","Y_lag1; Hours worked_leg0; IP_leg0; Private consumption_leg0; HICPX_leg0; Energy prices_leg0; Stock market_leg0; Cash revenues_leg0","OK",NA
"sg_lasso","France","Revenues","2013-06-01",7562.0922622695,NA,0.0542386726003826,0.5,4.39654316962641,8,8,8,2013-06-01,-3982.10000000003,"Total revenues accrual","Y_lag1; Hours worked_leg0; IP_leg0; Private consumption_leg0; HICPX_leg0; Energy prices_leg0; Stock market_leg0; Cash revenues_leg0","OK",NA
"sg_lasso","France","Revenues","2013-06-05",7533.99103240136,NA,0.0542386726003826,0.5,4.39654316962641,8,8,8,2013-06-01,-3982.10000000003,"Total revenues accrual","Y_lag1; Hours worked_leg0; IP_leg0; Private consumption_leg0; HICPX_leg0; Energy prices_leg0; Stock market_leg0; Cash revenues_leg0","OK",NA
"sg_lasso","France","Revenues","2013-06-06",7533.99103240136,NA,0.0542386726003826,0.5,4.39654316962641,8,8,8,2013-06-01,-3982.10000000003,"Total revenues accrual","Y_lag1; Hours worked_leg0; IP_leg0; Private consumption_leg0; HICPX_leg0; Energy prices_leg0; Stock market_leg0; Cash revenues_leg0","OK",NA
"sg_lasso","France","Revenues","2013-06-15",2252.21648681968,NA,0.222607717793976,0.5,1.53160402450754,3,3,3,2013-06-01,3542.70000000001,"Total revenues accrual","Y_lag1; Hours worked_leg0; HICPX_leg0","OK",NA
"sg_lasso","France","Revenues","2013-06-27",2276.14927267226,NA,0.222607717793976,0.5,1.53868209765322,2,2,2,2013-06-01,3542.70000000001,"Total revenues accrual","Y_lag1; Hours worked_leg0","OK",NA
"sg_lasso","France","Revenues","2013-07-01",2234.07534422846,NA,0.222607717793976,0.5,1.53868209765322,2,2,2,2013-07-01,3542.70000000001,"Total revenues accrual","Y_lag1; Hours worked_leg0","OK",NA
"sg_lasso","France","Revenues","2013-07-05",2234.07534422846,NA,0.222607717793976,0.5,1.53868209765322,2,2,2,2013-07-01,3542.70000000001,"Total revenues accrual","Y_lag1; Hours worked_leg0","OK",NA
"sg_lasso","France","Revenues","2013-07-15",2234.07534422846,NA,0.222607717793976,0.5,1.53868209765322,2,2,2,2013-07-01,3542.70000000001,"Total revenues accrual","Y_lag1; Hours worked_leg0","OK",NA
"sg_lasso","France","Revenues","2013-07-25",2234.07534422846,NA,0.222607717793976,0.5,1.53868209765322,2,2,2,2013-07-01,3542.70000000001,"Total revenues accrual","Y_lag1; Hours worked_leg0","OK",NA
"sg_lasso","France","Revenues","2013-07-27",2234.07534422846,NA,0.222607717793976,0.5,1.53868209765322,2,2,2,2013-07-01,3542.70000000001,"Total revenues accrual","Y_lag1; Hours worked_leg0","OK",NA
"sg_lasso","France","Revenues","2013-08-01",2192.00141578466,NA,0.222607717793976,0.5,1.53868209765322,2,2,2,2013-08-01,3542.70000000001,"Total revenues accrual","Y_lag1; Hours worked_leg0","OK",NA
"sg_lasso","France","Revenues","2013-08-04",2192.00141578466,NA,0.222607717793976,0.5,1.53868209765322,2,2,2,2013-08-01,3542.70000000001,"Total revenues accrual","Y_lag1; Hours worked_leg0","OK",NA
"sg_lasso","France","Revenues","2013-08-05",2192.00141578466,NA,0.222607717793976,0.5,1.53868209765322,2,2,2,2013-08-01,3542.70000000001,"Total revenues accrual","Y_lag1; Hours worked_leg0","OK",NA
"sg_lasso","France","Revenues","2013-08-15",2192.00141578466,NA,0.222607717793976,0.5,1.53868209765322,2,2,2,2013-08-01,3542.70000000001,"Total revenues accrual","Y_lag1; Hours worked_leg0","OK",NA
"sg_lasso","France","Revenues","2013-08-27",2192.00141578466,NA,0.222607717793976,0.5,1.53868209765322,2,2,2,2013-08-01,3542.70000000001,"Total revenues accrual","Y_lag1; Hours worked_leg0","OK",NA
"sg_lasso","France","Revenues","2013-08-29",2192.00141578466,NA,0.222607717793976,0.5,1.53868209765322,2,2,2,2013-08-01,3542.70000000001,"Total revenues accrual","Y_lag1; Hours worked_leg0","OK",NA
"sg_lasso","France","Revenues","2013-09-01",2192.00141578466,NA,0.222607717793976,0.5,1.53868209765322,2,2,2,2013-09-01,3542.70000000001,"Total revenues accrual","Y_lag1; Hours worked_leg0","OK",NA
"sg_lasso","France","Revenues","2013-09-05",2192.00141578466,NA,0.222607717793976,0.5,1.53868209765322,2,2,2,2013-09-01,3542.70000000001,"Total revenues accrual","Y_lag1; Hours worked_leg0","OK",NA
"sg_lasso","France","Revenues","2013-09-07",2192.00141578466,NA,0.222607717793976,0.5,1.53868209765322,2,2,2,2013-09-01,3542.70000000001,"Total revenues accrual","Y_lag1; Hours worked_leg0","OK",NA
"sg_lasso","France","Revenues","2013-09-15",2834.9375937648,NA,0.0196994707609544,0.5,0.756310967160771,9,9,9,2013-09-01,2809.29999999999,"Total revenues accrual","Y_lag1; Hours worked_leg0; IP_leg0; Business turnover index_leg0; Private consumption_leg0; HICPX_leg0; Energy prices_leg0; Stock market_leg0; Cash revenues_leg0","OK",NA
"sg_lasso","France","Revenues","2013-09-26",2834.9375937648,NA,0.0196994707609544,0.5,0.756310967160772,9,9,9,2013-09-01,2809.29999999999,"Total revenues accrual","Y_lag1; Hours worked_leg0; IP_leg0; Business turnover index_leg0; Private consumption_leg0; HICPX_leg0; Energy prices_leg0; Stock market_leg0; Cash revenues_leg0","OK",NA
"sg_lasso","France","Revenues","2013-09-27",2862.65895810017,NA,0.0196994707609544,0.5,0.718660065159816,9,9,9,2013-09-01,2809.29999999999,"Total revenues accrual","Y_lag1; Hours worked_leg0; IP_leg0; Business turnover index_leg0; Private consumption_leg0; HICPX_leg0; Energy prices_leg0; Stock market_leg0; Cash revenues_leg0","OK",NA
"sg_lasso","France","Revenues","2013-10-01",7569.54269331275,NA,0.0196994707609544,0.5,0.718660065159816,9,9,9,2013-10-01,2809.29999999999,"Total revenues accrual","Y_lag1; Hours worked_leg0; IP_leg0; Business turnover index_leg0; Private consumption_leg0; HICPX_leg0; Energy prices_leg0; Stock market_leg0; Cash revenues_leg0","OK",NA
"sg_lasso","France","Revenues","2013-10-02",7569.54269331275,NA,0.0196994707609544,0.5,0.718660065159816,9,9,9,2013-10-01,2809.29999999999,"Total revenues accrual","Y_lag1; Hours worked_leg0; IP_leg0; Business turnover index_leg0; Private consumption_leg0; HICPX_leg0; Energy prices_leg0; Stock market_leg0; Cash revenues_leg0","OK",NA
"sg_lasso","France","Revenues","2013-10-05",7280.72902251965,NA,0.0196994707609544,0.5,0.718660065159816,9,9,9,2013-10-01,2809.29999999999,"Total revenues accrual","Y_lag1; Hours worked_leg0; IP_leg0; Business turnover index_leg0; Private consumption_leg0; HICPX_leg0; Energy prices_leg0; Stock market_leg0; Cash revenues_leg0","OK",NA
"sg_lasso","France","Revenues","2013-10-15",6892.57483447268,NA,0.0196994707609544,0.5,0.718660065159816,9,9,9,2013-10-01,2809.29999999999,"Total revenues accrual","Y_lag1; Hours worked_leg0; IP_leg0; Business turnover index_leg0; Private consumption_leg0; HICPX_leg0; Energy prices_leg0; Stock market_leg0; Cash revenues_leg0","OK",NA
"sg_lasso","France","Revenues","2013-10-27",10568.3855468672,NA,0.0196994707609544,0.5,0.718660065159816,9,9,9,2013-10-01,2809.29999999999,"Total revenues accrual","Y_lag1; Hours worked_leg0; IP_leg0; Business turnover index_leg0; Private consumption_leg0; HICPX_leg0; Energy prices_leg0; Stock market_leg0; Cash revenues_leg0","OK",NA
"sg_lasso","France","Revenues","2013-10-31",10568.3855468672,NA,0.0196994707609544,0.5,0.718660065159816,9,9,9,2013-10-01,2809.29999999999,"Total revenues accrual","Y_lag1; Hours worked_leg0; IP_leg0; Business turnover index_leg0; Private consumption_leg0; HICPX_leg0; Energy prices_leg0; Stock market_leg0; Cash revenues_leg0","OK",NA
"sg_lasso","France","Revenues","2013-11-01",12521.7238420921,NA,0.0196994707609544,0.5,0.718660065159816,9,9,9,2013-11-01,2809.29999999999,"Total revenues accrual","Y_lag1; Hours worked_leg0; IP_leg0; Business turnover index_leg0; Private consumption_leg0; HICPX_leg0; Energy prices_leg0; Stock market_leg0; Cash revenues_leg0","OK",NA
"sg_lasso","France","Revenues","2013-11-05",12763.4870659949,NA,0.0196994707609544,0.5,0.718660065159816,9,9,9,2013-11-01,2809.29999999999,"Total revenues accrual","Y_lag1; Hours worked_leg0; IP_leg0; Business turnover index_leg0; Private consumption_leg0; HICPX_leg0; Energy prices_leg0; Stock market_leg0; Cash revenues_leg0","OK",NA
"sg_lasso","France","Revenues","2013-11-15",12038.2111233668,NA,0.0196994707609544,0.5,0.718660065159816,9,9,9,2013-11-01,2809.29999999999,"Total revenues accrual","Y_lag1; Hours worked_leg0; IP_leg0; Business turnover index_leg0; Private consumption_leg0; HICPX_leg0; Energy prices_leg0; Stock market_leg0; Cash revenues_leg0","OK",NA
"sg_lasso","France","Revenues","2013-11-27",7362.01419391247,NA,0.0196994707609544,0.5,0.718660065159816,9,9,9,2013-11-01,2809.29999999999,"Total revenues accrual","Y_lag1; Hours worked_leg0; IP_leg0; Business turnover index_leg0; Private consumption_leg0; HICPX_leg0; Energy prices_leg0; Stock market_leg0; Cash revenues_leg0","OK",NA
"sg_lasso","France","Revenues","2013-11-28",7362.01419391247,NA,0.0196994707609544,0.5,0.718660065159816,9,9,9,2013-11-01,2809.29999999999,"Total revenues accrual","Y_lag1; Hours worked_leg0; IP_leg0; Business turnover index_leg0; Private consumption_leg0; HICPX_leg0; Energy prices_leg0; Stock market_leg0; Cash revenues_leg0","OK",NA
"sg_lasso","France","Revenues","2013-12-01",1248.50374163367,NA,0.0196994707609544,0.5,0.718660065159816,9,9,9,2013-12-01,2809.29999999999,"Total revenues accrual","Y_lag1; Hours worked_leg0; IP_leg0; Business turnover index_leg0; Private consumption_leg0; HICPX_leg0; Energy prices_leg0; Stock market_leg0; Cash revenues_leg0","OK",NA
"sg_lasso","France","Revenues","2013-12-05",764.060967851299,NA,0.0196994707609544,0.5,0.718660065159816,9,9,9,2013-12-01,2809.29999999999,"Total revenues accrual","Y_lag1; Hours worked_leg0; IP_leg0; Business turnover index_leg0; Private consumption_leg0; HICPX_leg0; Energy prices_leg0; Stock market_leg0; Cash revenues_leg0","OK",NA
"sg_lasso","France","Revenues","2013-12-07",764.060967851299,NA,0.0196994707609544,0.5,0.718660065159816,9,9,9,2013-12-01,2809.29999999999,"Total revenues accrual","Y_lag1; Hours worked_leg0; IP_leg0; Business turnover index_leg0; Private consumption_leg0; HICPX_leg0; Energy prices_leg0; Stock market_leg0; Cash revenues_leg0","OK",NA
"sg_lasso","France","Revenues","2013-12-15",1613.5342800367,NA,0.0330927787771965,0.5,1.1407812212179,9,9,9,2013-12-01,1908.20000000001,"Total revenues accrual","Y_lag1; Hours worked_leg0; IP_leg0; Business turnover index_leg0; Private consumption_leg0; HICPX_leg0; Energy prices_leg0; Stock market_leg0; Cash revenues_leg0","OK",NA
"sg_lasso","France","Revenues","2013-12-26",1613.5342800367,NA,0.0330927787771965,0.5,1.14078124138902,9,9,9,2013-12-01,1908.20000000001,"Total revenues accrual","Y_lag1; Hours worked_leg0; IP_leg0; Business turnover index_leg0; Private consumption_leg0; HICPX_leg0; Energy prices_leg0; Stock market_leg0; Cash revenues_leg0","OK",NA
"sg_lasso","France","Revenues","2013-12-27",2438.12086864955,NA,0.0398603691941338,0.5,1.65962209210205,7,7,7,2013-12-01,1908.20000000001,"Total revenues accrual","Y_lag1; Hours worked_leg0; IP_leg0; Private consumption_leg0; HICPX_leg0; Energy prices_leg0; Stock market_leg0","OK",NA
"sg_lasso","France","Revenues","2014-01-01",2218.0831567925,NA,0.0398603691941338,0.5,1.65962209210205,7,7,7,2014-01-01,1908.20000000001,"Total revenues accrual","Y_lag1; Hours worked_leg0; IP_leg0; Private consumption_leg0; HICPX_leg0; Energy prices_leg0; Stock market_leg0","OK",NA
"sg_lasso","France","Revenues","2014-01-03",2218.0831567925,NA,0.0398603691941338,0.5,1.65962209210205,7,7,7,2014-01-01,1908.20000000001,"Total revenues accrual","Y_lag1; Hours worked_leg0; IP_leg0; Private consumption_leg0; HICPX_leg0; Energy prices_leg0; Stock market_leg0","OK",NA
"sg_lasso","France","Revenues","2014-01-05",2218.0831567925,NA,0.0398603691941338,0.5,1.65962209210205,7,7,7,2014-01-01,1908.20000000001,"Total revenues accrual","Y_lag1; Hours worked_leg0; IP_leg0; Private consumption_leg0; HICPX_leg0; Energy prices_leg0; Stock market_leg0","OK",NA
"sg_lasso","France","Revenues","2014-01-15",2115.22872908149,NA,0.0398603691941338,0.5,1.65962209210205,7,7,7,2014-01-01,1908.20000000001,"Total revenues accrual","Y_lag1; Hours worked_leg0; IP_leg0; Private consumption_leg0; HICPX_leg0; Energy prices_leg0; Stock market_leg0","OK",NA
"sg_lasso","France","Revenues","2014-01-27",1252.00329909581,NA,0.0398603691941338,0.5,1.65962209210205,7,7,7,2014-01-01,1908.20000000001,"Total revenues accrual","Y_lag1; Hours worked_leg0; IP_leg0; Private consumption_leg0; HICPX_leg0; Energy prices_leg0; Stock market_leg0","OK",NA
"sg_lasso","France","Revenues","2014-01-30",1252.00329909581,NA,0.0398603691941338,0.5,1.65962209210205,7,7,7,2014-01-01,1908.20000000001,"Total revenues accrual","Y_lag1; Hours worked_leg0; IP_leg0; Private consumption_leg0; HICPX_leg0; Energy prices_leg0; Stock market_leg0","OK",NA
"sg_lasso","France","Revenues","2014-02-01",873.964399683838,NA,0.0398603691941338,0.5,1.65962209210205,7,7,7,2014-02-01,1908.20000000001,"Total revenues accrual","Y_lag1; Hours worked_leg0; IP_leg0; Private consumption_leg0; HICPX_leg0; Energy prices_leg0; Stock market_leg0","OK",NA
"sg_lasso","France","Revenues","2014-02-05",873.964399683838,NA,0.0398603691941338,0.5,1.65962209210205,7,7,7,2014-02-01,1908.20000000001,"Total revenues accrual","Y_lag1; Hours worked_leg0; IP_leg0; Private consumption_leg0; HICPX_leg0; Energy prices_leg0; Stock market_leg0","OK",NA
"sg_lasso","France","Revenues","2014-02-06",873.964399683838,NA,0.0398603691941338,0.5,1.65962209210205,7,7,7,2014-02-01,1908.20000000001,"Total revenues accrual","Y_lag1; Hours worked_leg0; IP_leg0; Private consumption_leg0; HICPX_leg0; Energy prices_leg0; Stock market_leg0","OK",NA
"sg_lasso","France","Revenues","2014-02-15",1704.24468166372,NA,0.0398603691941338,0.5,1.65962209210205,7,7,7,2014-02-01,1908.20000000001,"Total revenues accrual","Y_lag1; Hours worked_leg0; IP_leg0; Private consumption_leg0; HICPX_leg0; Energy prices_leg0; Stock market_leg0","OK",NA
"sg_lasso","France","Revenues","2014-02-27",-2493.95304482074,NA,0.0398603691941338,0.5,1.65962209210205,7,7,7,2014-02-01,1908.20000000001,"Total revenues accrual","Y_lag1; Hours worked_leg0; IP_leg0; Private consumption_leg0; HICPX_leg0; Energy prices_leg0; Stock market_leg0","OK",NA
"sg_lasso","France","Revenues","2014-03-01",-4376.6704851951,NA,0.0398603691941338,0.5,1.65962209210205,7,7,7,2014-03-01,1908.20000000001,"Total revenues accrual","Y_lag1; Hours worked_leg0; IP_leg0; Private consumption_leg0; HICPX_leg0; Energy prices_leg0; Stock market_leg0","OK",NA
"sg_lasso","France","Revenues","2014-03-05",-3644.82778055317,NA,0.0398603691941338,0.5,1.65962209210205,7,7,7,2014-03-01,1908.20000000001,"Total revenues accrual","Y_lag1; Hours worked_leg0; IP_leg0; Private consumption_leg0; HICPX_leg0; Energy prices_leg0; Stock market_leg0","OK",NA
"sg_lasso","France","Revenues","2014-03-06",-3644.82778055317,NA,0.0398603691941338,0.5,1.65962209210205,7,7,7,2014-03-01,1908.20000000001,"Total revenues accrual","Y_lag1; Hours worked_leg0; IP_leg0; Private consumption_leg0; HICPX_leg0; Energy prices_leg0; Stock market_leg0","OK",NA
"sg_lasso","France","Revenues","2014-03-15",3146.75846839062,NA,0.22171413893936,0.5,1.55906064292478,2,2,2,2014-03-01,1217.90000000002,"Total revenues accrual","Y_lag1; Hours worked_leg0","OK",NA
"sg_lasso","France","Revenues","2014-03-27",1686.28393697212,NA,0.0455957855663717,0.5,1.36419819349282,7,7,7,2014-03-01,1217.90000000002,"Total revenues accrual","Y_lag1; Hours worked_leg0; IP_leg0; Private consumption_leg0; HICPX_leg0; Energy prices_leg0; Stock market_leg0","OK",NA
"sg_lasso","France","Revenues","2014-04-01",2473.37145206009,NA,0.0455957855663717,0.5,1.36419819349282,7,7,7,2014-04-01,1217.90000000002,"Total revenues accrual","Y_lag1; Hours worked_leg0; IP_leg0; Private consumption_leg0; HICPX_leg0; Energy prices_leg0; Stock market_leg0","OK",NA
"sg_lasso","France","Revenues","2014-04-02",2473.37145206009,NA,0.0455957855663717,0.5,1.36419819349282,7,7,7,2014-04-01,1217.90000000002,"Total revenues accrual","Y_lag1; Hours worked_leg0; IP_leg0; Private consumption_leg0; HICPX_leg0; Energy prices_leg0; Stock market_leg0","OK",NA
"sg_lasso","France","Revenues","2014-04-05",2473.37145206009,NA,0.0455957855663717,0.5,1.36419819349282,7,7,7,2014-04-01,1217.90000000002,"Total revenues accrual","Y_lag1; Hours worked_leg0; IP_leg0; Private consumption_leg0; HICPX_leg0; Energy prices_leg0; Stock market_leg0","OK",NA
"sg_lasso","France","Revenues","2014-04-15",1703.4479600664,NA,0.0455957855663717,0.5,1.36419819349282,7,7,7,2014-04-01,1217.90000000002,"Total revenues accrual","Y_lag1; Hours worked_leg0; IP_leg0; Private consumption_leg0; HICPX_leg0; Energy prices_leg0; Stock market_leg0","OK",NA
"sg_lasso","France","Revenues","2014-04-24",1703.4479600664,NA,0.0455957855663717,0.5,1.36419819349282,7,7,7,2014-04-01,1217.90000000002,"Total revenues accrual","Y_lag1; Hours worked_leg0; IP_leg0; Private consumption_leg0; HICPX_leg0; Energy prices_leg0; Stock market_leg0","OK",NA
"sg_lasso","France","Revenues","2014-04-27",-724.508433481816,NA,0.0455957855663717,0.5,1.36419819349282,7,7,7,2014-04-01,1217.90000000002,"Total revenues accrual","Y_lag1; Hours worked_leg0; IP_leg0; Private consumption_leg0; HICPX_leg0; Energy prices_leg0; Stock market_leg0","OK",NA
"sg_lasso","France","Revenues","2014-05-01",1599.17946237987,NA,0.0455957855663717,0.5,1.36419819349282,7,7,7,2014-05-01,1217.90000000002,"Total revenues accrual","Y_lag1; Hours worked_leg0; IP_leg0; Private consumption_leg0; HICPX_leg0; Energy prices_leg0; Stock market_leg0","OK",NA
"sg_lasso","France","Revenues","2014-05-04",1599.17946237987,NA,0.0455957855663717,0.5,1.36419819349282,7,7,7,2014-05-01,1217.90000000002,"Total revenues accrual","Y_lag1; Hours worked_leg0; IP_leg0; Private consumption_leg0; HICPX_leg0; Energy prices_leg0; Stock market_leg0","OK",NA
"sg_lasso","France","Revenues","2014-05-05",1599.17946237987,NA,0.0455957855663717,0.5,1.36419819349282,7,7,7,2014-05-01,1217.90000000002,"Total revenues accrual","Y_lag1; Hours worked_leg0; IP_leg0; Private consumption_leg0; HICPX_leg0; Energy prices_leg0; Stock market_leg0","OK",NA
"sg_lasso","France","Revenues","2014-05-15",2589.22086246636,NA,0.0455957855663717,0.5,1.36419819349282,7,7,7,2014-05-01,1217.90000000002,"Total revenues accrual","Y_lag1; Hours worked_leg0; IP_leg0; Private consumption_leg0; HICPX_leg0; Energy prices_leg0; Stock market_leg0","OK",NA
"sg_lasso","France","Revenues","2014-05-27",4220.13588304261,NA,0.0455957855663717,0.5,1.36419819349282,7,7,7,2014-05-01,1217.90000000002,"Total revenues accrual","Y_lag1; Hours worked_leg0; IP_leg0; Private consumption_leg0; HICPX_leg0; Energy prices_leg0; Stock market_leg0","OK",NA
"sg_lasso","France","Revenues","2014-05-29",4220.13588304261,NA,0.0455957855663717,0.5,1.36419819349282,7,7,7,2014-05-01,1217.90000000002,"Total revenues accrual","Y_lag1; Hours worked_leg0; IP_leg0; Private consumption_leg0; HICPX_leg0; Energy prices_leg0; Stock market_leg0","OK",NA
"sg_lasso","France","Revenues","2014-06-01",1279.28877268749,NA,0.0455957855663717,0.5,1.36419819349282,7,7,7,2014-06-01,1217.90000000002,"Total revenues accrual","Y_lag1; Hours worked_leg0; IP_leg0; Private consumption_leg0; HICPX_leg0; Energy prices_leg0; Stock market_leg0","OK",NA
"sg_lasso","France","Revenues","2014-06-05",682.140399166051,NA,0.0455957855663717,0.5,1.36419819349282,7,7,7,2014-06-01,1217.90000000002,"Total revenues accrual","Y_lag1; Hours worked_leg0; IP_leg0; Private consumption_leg0; HICPX_leg0; Energy prices_leg0; Stock market_leg0","OK",NA
"sg_lasso","France","Revenues","2014-06-07",682.140399166051,NA,0.0455957855663717,0.5,1.36419819349282,7,7,7,2014-06-01,1217.90000000002,"Total revenues accrual","Y_lag1; Hours worked_leg0; IP_leg0; Private consumption_leg0; HICPX_leg0; Energy prices_leg0; Stock market_leg0","OK",NA
"sg_lasso","France","Revenues","2014-06-15",838.486194456688,NA,0.0610418566657875,0.5,1.85660459232019,5,5,5,2014-06-01,-567.5,"Total revenues accrual","Y_lag1; Hours worked_leg0; IP_leg0; HICPX_leg0; Stock market_leg0","OK",NA
"sg_lasso","France","Revenues","2014-06-26",838.486194456688,NA,0.0610418566657875,0.5,1.85660321046565,5,5,5,2014-06-01,-567.5,"Total revenues accrual","Y_lag1; Hours worked_leg0; IP_leg0; HICPX_leg0; Stock market_leg0","OK",NA
"sg_lasso","France","Revenues","2014-06-27",838.48619445669,NA,0.0610418566657875,0.5,1.846613518344,5,5,5,2014-06-01,-567.5,"Total revenues accrual","Y_lag1; Hours worked_leg0; IP_leg0; HICPX_leg0; Stock market_leg0","OK",NA
"sg_lasso","France","Revenues","2014-07-01",2812.63317116599,NA,0.0610418566657875,0.5,1.846613518344,5,5,5,2014-07-01,-567.5,"Total revenues accrual","Y_lag1; Hours worked_leg0; IP_leg0; HICPX_leg0; Stock market_leg0","OK",NA
"sg_lasso","France","Revenues","2014-07-02",2812.63317116599,NA,0.0610418566657875,0.5,1.846613518344,5,5,5,2014-07-01,-567.5,"Total revenues accrual","Y_lag1; Hours worked_leg0; IP_leg0; HICPX_leg0; Stock market_leg0","OK",NA
"sg_lasso","France","Revenues","2014-07-05",2812.63317116599,NA,0.0610418566657875,0.5,1.846613518344,5,5,5,2014-07-01,-567.5,"Total revenues accrual","Y_lag1; Hours worked_leg0; IP_leg0; HICPX_leg0; Stock market_leg0","OK",NA
"sg_lasso","France","Revenues","2014-07-15",3133.16972865868,NA,0.0610418566657875,0.5,1.846613518344,5,5,5,2014-07-01,-567.5,"Total revenues accrual","Y_lag1; Hours worked_leg0; IP_leg0; HICPX_leg0; Stock market_leg0","OK",NA
"sg_lasso","France","Revenues","2014-07-27",2550.25399737315,NA,0.0610418566657875,0.5,1.846613518344,5,5,5,2014-07-01,-567.5,"Total revenues accrual","Y_lag1; Hours worked_leg0; IP_leg0; HICPX_leg0; Stock market_leg0","OK",NA
"sg_lasso","France","Revenues","2014-07-31",2550.25399737315,NA,0.0610418566657875,0.5,1.846613518344,5,5,5,2014-07-01,-567.5,"Total revenues accrual","Y_lag1; Hours worked_leg0; IP_leg0; HICPX_leg0; Stock market_leg0","OK",NA
"sg_lasso","France","Revenues","2014-08-01",2591.84709722236,NA,0.0610418566657875,0.5,1.846613518344,5,5,5,2014-08-01,-567.5,"Total revenues accrual","Y_lag1; Hours worked_leg0; IP_leg0; HICPX_leg0; Stock market_leg0","OK",NA
"sg_lasso","France","Revenues","2014-08-05",2591.84709722236,NA,0.0610418566657875,0.5,1.846613518344,5,5,5,2014-08-01,-567.5,"Total revenues accrual","Y_lag1; Hours worked_leg0; IP_leg0; HICPX_leg0; Stock market_leg0","OK",NA
"sg_lasso","France","Revenues","2014-08-15",1759.56644385148,NA,0.0610418566657875,0.5,1.846613518344,5,5,5,2014-08-01,-567.5,"Total revenues accrual","Y_lag1; Hours worked_leg0; IP_leg0; HICPX_leg0; Stock market_leg0","OK",NA
"sg_lasso","France","Revenues","2014-08-27",10.8192499948882,NA,0.0610418566657875,0.5,1.846613518344,5,5,5,2014-08-01,-567.5,"Total revenues accrual","Y_lag1; Hours worked_leg0; IP_leg0; HICPX_leg0; Stock market_leg0","OK",NA
"sg_lasso","France","Revenues","2014-08-28",10.8192499948882,NA,0.0610418566657875,0.5,1.846613518344,5,5,5,2014-08-01,-567.5,"Total revenues accrual","Y_lag1; Hours worked_leg0; IP_leg0; HICPX_leg0; Stock market_leg0","OK",NA
"sg_lasso","France","Revenues","2014-09-01",-3008.16751349113,NA,0.0610418566657875,0.5,1.846613518344,5,5,5,2014-09-01,-567.5,"Total revenues accrual","Y_lag1; Hours worked_leg0; IP_leg0; HICPX_leg0; Stock market_leg0","OK",NA
"sg_lasso","France","Revenues","2014-09-05",-3008.16751349113,NA,0.0610418566657875,0.5,1.846613518344,5,5,5,2014-09-01,-567.5,"Total revenues accrual","Y_lag1; Hours worked_leg0; IP_leg0; HICPX_leg0; Stock market_leg0","OK",NA
"sg_lasso","France","Revenues","2014-09-15",2220.16102612894,NA,0.271543959730324,0.5,2.02596719223349,3,3,3,2014-09-01,2032.89999999997,"Total revenues accrual","Y_lag1; Hours worked_leg0; Retail sales_leg0","OK",NA
"sg_lasso","France","Revenues","2014-09-25",2220.16102612894,NA,0.271543959730324,0.5,2.02596719223349,3,3,3,2014-09-01,2032.89999999997,"Total revenues accrual","Y_lag1; Hours worked_leg0; Retail sales_leg0","OK",NA
"sg_lasso","France","Revenues","2014-09-27",2220.16102612894,NA,0.271543959730324,0.5,2.02401508711235,3,3,3,2014-09-01,2032.89999999997,"Total revenues accrual","Y_lag1; Hours worked_leg0; Retail sales_leg0","OK",NA
"sg_lasso","France","Revenues","2014-10-01",2260.07650741373,NA,0.271543959730324,0.5,2.02401508711235,3,3,3,2014-10-01,2032.89999999997,"Total revenues accrual","Y_lag1; Hours worked_leg0; Retail sales_leg0","OK",NA
"sg_lasso","France","Revenues","2014-10-03",2246.91960329391,NA,0.271543959730324,0.5,2.02401508711235,3,3,3,2014-10-01,2032.89999999997,"Total revenues accrual","Y_lag1; Hours worked_leg0; Retail sales_leg0","OK",NA
"sg_lasso","France","Revenues","2014-10-05",2246.91960329391,NA,0.271543959730324,0.5,2.02401508711235,3,3,3,2014-10-01,2032.89999999997,"Total revenues accrual","Y_lag1; Hours worked_leg0; Retail sales_leg0","OK",NA
"sg_lasso","France","Revenues","2014-10-15",2246.91960329391,NA,0.271543959730324,0.5,2.02401508711235,3,3,3,2014-10-01,2032.89999999997,"Total revenues accrual","Y_lag1; Hours worked_leg0; Retail sales_leg0","OK",NA
"sg_lasso","France","Revenues","2014-10-27",2246.91960329391,NA,0.271543959730324,0.5,2.02401508711235,3,3,3,2014-10-01,2032.89999999997,"Total revenues accrual","Y_lag1; Hours worked_leg0; Retail sales_leg0","OK",NA
"sg_lasso","France","Revenues","2014-10-30",2246.91960329391,NA,0.271543959730324,0.5,2.02401508711235,3,3,3,2014-10-01,2032.89999999997,"Total revenues accrual","Y_lag1; Hours worked_leg0; Retail sales_leg0","OK",NA
"sg_lasso","France","Revenues","2014-11-01",2251.3766417243,NA,0.271543959730324,0.5,2.02401508711235,3,3,3,2014-11-01,2032.89999999997,"Total revenues accrual","Y_lag1; Hours worked_leg0; Retail sales_leg0","OK",NA
"sg_lasso","France","Revenues","2014-11-05",2251.3766417243,NA,0.271543959730324,0.5,2.02401508711235,3,3,3,2014-11-01,2032.89999999997,"Total revenues accrual","Y_lag1; Hours worked_leg0; Retail sales_leg0","OK",NA
"sg_lasso","France","Revenues","2014-11-06",2251.11371682426,NA,0.271543959730324,0.5,2.02401508711235,3,3,3,2014-11-01,2032.89999999997,"Total revenues accrual","Y_lag1; Hours worked_leg0; Retail sales_leg0","OK",NA
"sg_lasso","France","Revenues","2014-11-15",2251.11371682426,NA,0.271543959730324,0.5,2.02401508711235,3,3,3,2014-11-01,2032.89999999997,"Total revenues accrual","Y_lag1; Hours worked_leg0; Retail sales_leg0","OK",NA
"sg_lasso","France","Revenues","2014-11-27",2251.11371682426,NA,0.271543959730324,0.5,2.02401508711235,3,3,3,2014-11-01,2032.89999999997,"Total revenues accrual","Y_lag1; Hours worked_leg0; Retail sales_leg0","OK",NA
"sg_lasso","France","Revenues","2014-12-01",2253.54843692907,NA,0.271543959730324,0.5,2.02401508711235,3,3,3,2014-12-01,2032.89999999997,"Total revenues accrual","Y_lag1; Hours worked_leg0; Retail sales_leg0","OK",NA
"sg_lasso","France","Revenues","2014-12-05",2253.54843692907,NA,0.271543959730324,0.5,2.02401508711235,3,3,3,2014-12-01,2032.89999999997,"Total revenues accrual","Y_lag1; Hours worked_leg0; Retail sales_leg0","OK",NA
"sg_lasso","France","Revenues","2014-12-15",2766.54972742272,NA,0.317173490663586,0.5,1.7802411162583,3,3,3,2014-12-01,-482.399999999965,"Total revenues accrual","Y_lag1; Hours worked_leg0; Retail sales_leg0","OK",NA
"sg_lasso","France","Revenues","2014-12-25",2766.54972742272,NA,0.317173490663586,0.5,1.7802411162583,3,3,3,2014-12-01,-482.399999999965,"Total revenues accrual","Y_lag1; Hours worked_leg0; Retail sales_leg0","OK",NA
"sg_lasso","France","Revenues","2014-12-27",2766.54972742272,NA,0.317173490663586,0.5,1.78019188331423,3,3,3,2014-12-01,-482.399999999965,"Total revenues accrual","Y_lag1; Hours worked_leg0; Retail sales_leg0","OK",NA
"sg_lasso","France","Revenues","2015-01-01",2792.23818373064,NA,0.317173490663586,0.5,1.78019188331423,3,3,3,2015-01-01,-482.399999999965,"Total revenues accrual","Y_lag1; Hours worked_leg0; Retail sales_leg0","OK",NA
"sg_lasso","France","Revenues","2015-01-04",2804.67669292905,NA,0.317173490663586,0.5,1.78019188331423,3,3,3,2015-01-01,-482.399999999965,"Total revenues accrual","Y_lag1; Hours worked_leg0; Retail sales_leg0","OK",NA
"sg_lasso","France","Revenues","2015-01-05",2804.67669292905,NA,0.317173490663586,0.5,1.78019188331423,3,3,3,2015-01-01,-482.399999999965,"Total revenues accrual","Y_lag1; Hours worked_leg0; Retail sales_leg0","OK",NA
"sg_lasso","France","Revenues","2015-01-15",2804.67669292905,NA,0.317173490663586,0.5,1.78019188331423,3,3,3,2015-01-01,-482.399999999965,"Total revenues accrual","Y_lag1; Hours worked_leg0; Retail sales_leg0","OK",NA
"sg_lasso","France","Revenues","2015-01-27",2804.67669292905,NA,0.317173490663586,0.5,1.78019188331423,3,3,3,2015-01-01,-482.399999999965,"Total revenues accrual","Y_lag1; Hours worked_leg0; Retail sales_leg0","OK",NA
"sg_lasso","France","Revenues","2015-01-29",2804.67669292905,NA,0.317173490663586,0.5,1.78019188331423,3,3,3,2015-01-01,-482.399999999965,"Total revenues accrual","Y_lag1; Hours worked_leg0; Retail sales_leg0","OK",NA
"sg_lasso","France","Revenues","2015-02-01",2843.33250053861,NA,0.317173490663586,0.5,1.78019188331423,3,3,3,2015-02-01,-482.399999999965,"Total revenues accrual","Y_lag1; Hours worked_leg0; Retail sales_leg0","OK",NA
"sg_lasso","France","Revenues","2015-02-05",2843.33250053861,NA,0.317173490663586,0.5,1.78019188331423,3,3,3,2015-02-01,-482.399999999965,"Total revenues accrual","Y_lag1; Hours worked_leg0; Retail sales_leg0","OK",NA
"sg_lasso","France","Revenues","2015-02-07",2816.86895583209,NA,0.317173490663586,0.5,1.78019188331423,3,3,3,2015-02-01,-482.399999999965,"Total revenues accrual","Y_lag1; Hours worked_leg0; Retail sales_leg0","OK",NA
"sg_lasso","France","Revenues","2015-02-15",2816.86895583209,NA,0.317173490663586,0.5,1.78019188331423,3,3,3,2015-02-01,-482.399999999965,"Total revenues accrual","Y_lag1; Hours worked_leg0; Retail sales_leg0","OK",NA
"sg_lasso","France","Revenues","2015-02-26",2816.86895583209,NA,0.317173490663586,0.5,1.78019188331423,3,3,3,2015-02-01,-482.399999999965,"Total revenues accrual","Y_lag1; Hours worked_leg0; Retail sales_leg0","OK",NA
"sg_lasso","France","Revenues","2015-02-27",2816.86895583209,NA,0.317173490663586,0.5,1.78019188331423,3,3,3,2015-02-01,-482.399999999965,"Total revenues accrual","Y_lag1; Hours worked_leg0; Retail sales_leg0","OK",NA
"sg_lasso","France","Revenues","2015-03-01",2802.84392032397,NA,0.317173490663586,0.5,1.78019188331423,3,3,3,2015-03-01,-482.399999999965,"Total revenues accrual","Y_lag1; Hours worked_leg0; Retail sales_leg0","OK",NA
"sg_lasso","France","Revenues","2015-03-05",2802.84392032397,NA,0.317173490663586,0.5,1.78019188331423,3,3,3,2015-03-01,-482.399999999965,"Total revenues accrual","Y_lag1; Hours worked_leg0; Retail sales_leg0","OK",NA
"sg_lasso","France","Revenues","2015-03-07",2763.41302431581,NA,0.317173490663586,0.5,1.78019188331423,3,3,3,2015-03-01,-482.399999999965,"Total revenues accrual","Y_lag1; Hours worked_leg0; Retail sales_leg0","OK",NA
"sg_lasso","France","Revenues","2015-03-15",1447.13341007407,NA,0.272398249883059,0.5,0.932261962354232,3,3,3,2015-03-01,3563.79999999999,"Total revenues accrual","Y_lag1; Hours worked_leg0; Retail sales_leg0","OK",NA
"sg_lasso","France","Revenues","2015-03-26",1447.13341007407,NA,0.272398249883059,0.5,0.932261962354232,3,3,3,2015-03-01,3563.79999999999,"Total revenues accrual","Y_lag1; Hours worked_leg0; Retail sales_leg0","OK",NA
"sg_lasso","France","Revenues","2015-03-27",1447.13341007407,NA,0.272398249883059,0.5,0.932261962354232,3,3,3,2015-03-01,3563.79999999999,"Total revenues accrual","Y_lag1; Hours worked_leg0; Retail sales_leg0","OK",NA
"sg_lasso","France","Revenues","2015-04-01",1411.08988772723,NA,0.272398249883059,0.5,0.932261962354232,3,3,3,2015-04-01,3563.79999999999,"Total revenues accrual","Y_lag1; Hours worked_leg0; Retail sales_leg0","OK",NA
"sg_lasso","France","Revenues","2015-04-03",1471.82797218184,NA,0.272398249883059,0.5,0.932261962354232,3,3,3,2015-04-01,3563.79999999999,"Total revenues accrual","Y_lag1; Hours worked_leg0; Retail sales_leg0","OK",NA
"sg_lasso","France","Revenues","2015-04-05",1471.82797218184,NA,0.272398249883059,0.5,0.932261962354232,3,3,3,2015-04-01,3563.79999999999,"Total revenues accrual","Y_lag1; Hours worked_leg0; Retail sales_leg0","OK",NA
"sg_lasso","France","Revenues","2015-04-15",1471.82797218184,NA,0.272398249883059,0.5,0.932261962354232,3,3,3,2015-04-01,3563.79999999999,"Total revenues accrual","Y_lag1; Hours worked_leg0; Retail sales_leg0","OK",NA
"sg_lasso","France","Revenues","2015-04-27",1471.82797218184,NA,0.272398249883059,0.5,0.932261962354232,3,3,3,2015-04-01,3563.79999999999,"Total revenues accrual","Y_lag1; Hours worked_leg0; Retail sales_leg0","OK",NA
"sg_lasso","France","Revenues","2015-04-30",1471.82797218184,NA,0.272398249883059,0.5,0.932261962354232,3,3,3,2015-04-01,3563.79999999999,"Total revenues accrual","Y_lag1; Hours worked_leg0; Retail sales_leg0","OK",NA
"sg_lasso","France","Revenues","2015-05-01",1519.22784451199,NA,0.272398249883059,0.5,0.932261962354232,3,3,3,2015-05-01,3563.79999999999,"Total revenues accrual","Y_lag1; Hours worked_leg0; Retail sales_leg0","OK",NA
"sg_lasso","France","Revenues","2015-05-05",1524.33699918193,NA,0.272398249883059,0.5,0.932261962354232,3,3,3,2015-05-01,3563.79999999999,"Total revenues accrual","Y_lag1; Hours worked_leg0; Retail sales_leg0","OK",NA
"sg_lasso","France","Revenues","2015-05-15",1524.33699918193,NA,0.272398249883059,0.5,0.932261962354232,3,3,3,2015-05-01,3563.79999999999,"Total revenues accrual","Y_lag1; Hours worked_leg0; Retail sales_leg0","OK",NA
"sg_lasso","France","Revenues","2015-05-27",1524.33699918193,NA,0.272398249883059,0.5,0.932261962354232,3,3,3,2015-05-01,3563.79999999999,"Total revenues accrual","Y_lag1; Hours worked_leg0; Retail sales_leg0","OK",NA
"sg_lasso","France","Revenues","2015-05-28",1524.33699918193,NA,0.272398249883059,0.5,0.932261962354232,3,3,3,2015-05-01,3563.79999999999,"Total revenues accrual","Y_lag1; Hours worked_leg0; Retail sales_leg0","OK",NA
"sg_lasso","France","Revenues","2015-06-01",1595.29339297642,NA,0.272398249883059,0.5,0.932261962354232,3,3,3,2015-06-01,3563.79999999999,"Total revenues accrual","Y_lag1; Hours worked_leg0; Retail sales_leg0","OK",NA
"sg_lasso","France","Revenues","2015-06-05",1595.29339297642,NA,0.272398249883059,0.5,0.932261962354232,3,3,3,2015-06-01,3563.79999999999,"Total revenues accrual","Y_lag1; Hours worked_leg0; Retail sales_leg0","OK",NA
"sg_lasso","France","Revenues","2015-06-15",2550.2064997133,NA,0.277706896732362,0.5,0.686850889364946,3,3,3,2015-06-01,660.299999999988,"Total revenues accrual","Y_lag1; Hours worked_leg0; Retail sales_leg0","OK",NA
"sg_lasso","France","Revenues","2015-06-25",2550.2064997133,NA,0.277706896732362,0.5,0.686850889364946,3,3,3,2015-06-01,660.299999999988,"Total revenues accrual","Y_lag1; Hours worked_leg0; Retail sales_leg0","OK",NA
"sg_lasso","France","Revenues","2015-06-27",2550.2064997133,NA,0.277706896732362,0.5,0.686850889364946,3,3,3,2015-06-01,660.299999999988,"Total revenues accrual","Y_lag1; Hours worked_leg0; Retail sales_leg0","OK",NA
"sg_lasso","France","Revenues","2015-07-01",2571.40999291668,NA,0.277706896732362,0.5,0.686850889364946,3,3,3,2015-07-01,660.299999999988,"Total revenues accrual","Y_lag1; Hours worked_leg0; Retail sales_leg0","OK",NA
"sg_lasso","France","Revenues","2015-07-03",2564.86887947039,NA,0.277706896732362,0.5,0.686850889364946,3,3,3,2015-07-01,660.299999999988,"Total revenues accrual","Y_lag1; Hours worked_leg0; Retail sales_leg0","OK",NA
"sg_lasso","France","Revenues","2015-07-05",2564.86887947039,NA,0.277706896732362,0.5,0.686850889364946,3,3,3,2015-07-01,660.299999999988,"Total revenues accrual","Y_lag1; Hours worked_leg0; Retail sales_leg0","OK",NA
"sg_lasso","France","Revenues","2015-07-15",2564.86887947039,NA,0.277706896732362,0.5,0.686850889364946,3,3,3,2015-07-01,660.299999999988,"Total revenues accrual","Y_lag1; Hours worked_leg0; Retail sales_leg0","OK",NA
"sg_lasso","France","Revenues","2015-07-27",2564.86887947039,NA,0.277706896732362,0.5,0.686850889364946,3,3,3,2015-07-01,660.299999999988,"Total revenues accrual","Y_lag1; Hours worked_leg0; Retail sales_leg0","OK",NA
"sg_lasso","France","Revenues","2015-07-30",2564.86887947039,NA,0.277706896732362,0.5,0.686850889364946,3,3,3,2015-07-01,660.299999999988,"Total revenues accrual","Y_lag1; Hours worked_leg0; Retail sales_leg0","OK",NA
"sg_lasso","France","Revenues","2015-08-01",2573.97672900673,NA,0.277706896732362,0.5,0.686850889364946,3,3,3,2015-08-01,660.299999999988,"Total revenues accrual","Y_lag1; Hours worked_leg0; Retail sales_leg0","OK",NA
"sg_lasso","France","Revenues","2015-08-05",2573.97672900673,NA,0.277706896732362,0.5,0.686850889364946,3,3,3,2015-08-01,660.299999999988,"Total revenues accrual","Y_lag1; Hours worked_leg0; Retail sales_leg0","OK",NA
"sg_lasso","France","Revenues","2015-08-06",2633.96165572917,NA,0.277706896732362,0.5,0.686850889364946,3,3,3,2015-08-01,660.299999999988,"Total revenues accrual","Y_lag1; Hours worked_leg0; Retail sales_leg0","OK",NA
"sg_lasso","France","Revenues","2015-08-15",2633.96165572917,NA,0.277706896732362,0.5,0.686850889364946,3,3,3,2015-08-01,660.299999999988,"Total revenues accrual","Y_lag1; Hours worked_leg0; Retail sales_leg0","OK",NA
"sg_lasso","France","Revenues","2015-08-27",2633.96165572917,NA,0.277706896732362,0.5,0.686850889364946,3,3,3,2015-08-01,660.299999999988,"Total revenues accrual","Y_lag1; Hours worked_leg0; Retail sales_leg0","OK",NA
"sg_lasso","France","Revenues","2015-09-01",2687.40546900532,NA,0.277706896732362,0.5,0.686850889364946,3,3,3,2015-09-01,660.299999999988,"Total revenues accrual","Y_lag1; Hours worked_leg0; Retail sales_leg0","OK",NA
"sg_lasso","France","Revenues","2015-09-02",2680.86435555903,NA,0.277706896732362,0.5,0.686850889364946,3,3,3,2015-09-01,660.299999999988,"Total revenues accrual","Y_lag1; Hours worked_leg0; Retail sales_leg0","OK",NA
"sg_lasso","France","Revenues","2015-09-05",2680.86435555903,NA,0.277706896732362,0.5,0.686850889364946,3,3,3,2015-09-01,660.299999999988,"Total revenues accrual","Y_lag1; Hours worked_leg0; Retail sales_leg0","OK",NA
"sg_lasso","France","Revenues","2015-09-15",2104.69388317654,NA,0.230090164620701,0.5,0.681352519926558,3,3,3,2015-09-01,2243.90000000002,"Total revenues accrual","Y_lag1; Hours worked_leg0; Retail sales_leg0","OK",NA
"sg_lasso","France","Revenues","2015-09-24",2104.69388317654,NA,0.230090164620701,0.5,0.681352519926558,3,3,3,2015-09-01,2243.90000000002,"Total revenues accrual","Y_lag1; Hours worked_leg0; Retail sales_leg0","OK",NA
"sg_lasso","France","Revenues","2015-09-27",2119.44440368979,NA,0.252523671623313,0.5,0.688560005262855,3,3,3,2015-09-01,2243.90000000002,"Total revenues accrual","Y_lag1; Hours worked_leg0; Retail sales_leg0","OK",NA
"sg_lasso","France","Revenues","2015-10-01",2236.91771361359,NA,0.252523671623313,0.5,0.688560005262855,3,3,3,2015-10-01,2243.90000000002,"Total revenues accrual","Y_lag1; Hours worked_leg0; Retail sales_leg0","OK",NA
"sg_lasso","France","Revenues","2015-10-04",2182.81963807388,NA,0.252523671623313,0.5,0.688560005262855,3,3,3,2015-10-01,2243.90000000002,"Total revenues accrual","Y_lag1; Hours worked_leg0; Retail sales_leg0","OK",NA
"sg_lasso","France","Revenues","2015-10-05",2182.81963807388,NA,0.252523671623313,0.5,0.688560005262855,3,3,3,2015-10-01,2243.90000000002,"Total revenues accrual","Y_lag1; Hours worked_leg0; Retail sales_leg0","OK",NA
"sg_lasso","France","Revenues","2015-10-15",2182.81963807388,NA,0.252523671623313,0.5,0.688560005262855,3,3,3,2015-10-01,2243.90000000002,"Total revenues accrual","Y_lag1; Hours worked_leg0; Retail sales_leg0","OK",NA
"sg_lasso","France","Revenues","2015-10-27",2182.81963807388,NA,0.252523671623313,0.5,0.688560005262855,3,3,3,2015-10-01,2243.90000000002,"Total revenues accrual","Y_lag1; Hours worked_leg0; Retail sales_leg0","OK",NA
"sg_lasso","France","Revenues","2015-10-29",2182.81963807388,NA,0.252523671623313,0.5,0.688560005262855,3,3,3,2015-10-01,2243.90000000002,"Total revenues accrual","Y_lag1; Hours worked_leg0; Retail sales_leg0","OK",NA
"sg_lasso","France","Revenues","2015-11-01",2170.42514869533,NA,0.252523671623313,0.5,0.688560005262855,3,3,3,2015-11-01,2243.90000000002,"Total revenues accrual","Y_lag1; Hours worked_leg0; Retail sales_leg0","OK",NA
"sg_lasso","France","Revenues","2015-11-05",2170.42514869533,NA,0.252523671623313,0.5,0.688560005262855,3,3,3,2015-11-01,2243.90000000002,"Total revenues accrual","Y_lag1; Hours worked_leg0; Retail sales_leg0","OK",NA
"sg_lasso","France","Revenues","2015-11-07",2001.73783847707,NA,0.252523671623313,0.5,0.688560005262855,3,3,3,2015-11-01,2243.90000000002,"Total revenues accrual","Y_lag1; Hours worked_leg0; Retail sales_leg0","OK",NA
"sg_lasso","France","Revenues","2015-11-15",2001.73783847707,NA,0.252523671623313,0.5,0.688560005262855,3,3,3,2015-11-01,2243.90000000002,"Total revenues accrual","Y_lag1; Hours worked_leg0; Retail sales_leg0","OK",NA
"sg_lasso","France","Revenues","2015-11-26",2001.73783847707,NA,0.252523671623313,0.5,0.688560005262855,3,3,3,2015-11-01,2243.90000000002,"Total revenues accrual","Y_lag1; Hours worked_leg0; Retail sales_leg0","OK",NA
"sg_lasso","France","Revenues","2015-11-27",2001.73783847707,NA,0.252523671623313,0.5,0.688560005262855,3,3,3,2015-11-01,2243.90000000002,"Total revenues accrual","Y_lag1; Hours worked_leg0; Retail sales_leg0","OK",NA
"sg_lasso","France","Revenues","2015-12-01",1778.95245271911,NA,0.252523671623313,0.5,0.688560005262855,3,3,3,2015-12-01,2243.90000000002,"Total revenues accrual","Y_lag1; Hours worked_leg0; Retail sales_leg0","OK",NA
"sg_lasso","France","Revenues","2015-12-02",2015.14710503172,NA,0.252523671623313,0.5,0.688560005262855,3,3,3,2015-12-01,2243.90000000002,"Total revenues accrual","Y_lag1; Hours worked_leg0; Retail sales_leg0","OK",NA
"sg_lasso","France","Revenues","2015-12-05",2015.14710503172,NA,0.252523671623313,0.5,0.688560005262855,3,3,3,2015-12-01,2243.90000000002,"Total revenues accrual","Y_lag1; Hours worked_leg0; Retail sales_leg0","OK",NA
"sg_lasso","France","Revenues","2015-12-15",2343.07688449551,NA,0.191506359223295,0.5,0.43169618936609,4,4,4,2015-12-01,108.5,"Total revenues accrual","Y_lag1; Hours worked_leg0; Retail sales_leg0; Stock market_leg0","OK",NA
"sg_lasso","France","Revenues","2015-12-27",2390.04426368932,NA,0.230670087666528,0.5,0.45790408463391,3,3,3,2015-12-01,108.5,"Total revenues accrual","Y_lag1; Hours worked_leg0; Retail sales_leg0","OK",NA
"sg_lasso","France","Revenues","2015-12-31",2390.04426368932,NA,0.230670087666528,0.5,0.45790408463391,3,3,3,2015-12-01,108.5,"Total revenues accrual","Y_lag1; Hours worked_leg0; Retail sales_leg0","OK",NA
"sg_lasso","France","Revenues","2016-01-01",2509.92560891858,NA,0.230670087666528,0.5,0.45790408463391,3,3,3,2016-01-01,108.5,"Total revenues accrual","Y_lag1; Hours worked_leg0; Retail sales_leg0","OK",NA
"sg_lasso","France","Revenues","2016-01-05",2495.16195677808,NA,0.230670087666528,0.5,0.45790408463391,3,3,3,2016-01-01,108.5,"Total revenues accrual","Y_lag1; Hours worked_leg0; Retail sales_leg0","OK",NA
"sg_lasso","France","Revenues","2016-01-15",2495.16195677808,NA,0.230670087666528,0.5,0.45790408463391,3,3,3,2016-01-01,108.5,"Total revenues accrual","Y_lag1; Hours worked_leg0; Retail sales_leg0","OK",NA
"sg_lasso","France","Revenues","2016-01-27",2495.16195677808,NA,0.230670087666528,0.5,0.45790408463391,3,3,3,2016-01-01,108.5,"Total revenues accrual","Y_lag1; Hours worked_leg0; Retail sales_leg0","OK",NA
"sg_lasso","France","Revenues","2016-01-28",2495.16195677808,NA,0.230670087666528,0.5,0.45790408463391,3,3,3,2016-01-01,108.5,"Total revenues accrual","Y_lag1; Hours worked_leg0; Retail sales_leg0","OK",NA
"sg_lasso","France","Revenues","2016-02-01",2873.28496766483,NA,0.230670087666528,0.5,0.45790408463391,3,3,3,2016-02-01,108.5,"Total revenues accrual","Y_lag1; Hours worked_leg0; Retail sales_leg0","OK",NA
"sg_lasso","France","Revenues","2016-02-05",2873.28496766483,NA,0.230670087666528,0.5,0.45790408463391,3,3,3,2016-02-01,108.5,"Total revenues accrual","Y_lag1; Hours worked_leg0; Retail sales_leg0","OK",NA
"sg_lasso","France","Revenues","2016-02-15",2873.28496766483,NA,0.230670087666528,0.5,0.45790408463391,3,3,3,2016-02-01,108.5,"Total revenues accrual","Y_lag1; Hours worked_leg0; Retail sales_leg0","OK",NA
"sg_lasso","France","Revenues","2016-02-25",2873.28496766483,NA,0.230670087666528,0.5,0.45790408463391,3,3,3,2016-02-01,108.5,"Total revenues accrual","Y_lag1; Hours worked_leg0; Retail sales_leg0","OK",NA
"sg_lasso","France","Revenues","2016-02-27",2873.28496766483,NA,0.230670087666528,0.5,0.45790408463391,3,3,3,2016-02-01,108.5,"Total revenues accrual","Y_lag1; Hours worked_leg0; Retail sales_leg0","OK",NA
"sg_lasso","France","Revenues","2016-03-01",2830.10739749394,NA,0.230670087666528,0.5,0.45790408463391,3,3,3,2016-03-01,108.5,"Total revenues accrual","Y_lag1; Hours worked_leg0; Retail sales_leg0","OK",NA
"sg_lasso","France","Revenues","2016-03-02",2706.14161823425,NA,0.230670087666528,0.5,0.45790408463391,3,3,3,2016-03-01,108.5,"Total revenues accrual","Y_lag1; Hours worked_leg0; Retail sales_leg0","OK",NA
"sg_lasso","France","Revenues","2016-03-05",2706.14161823425,NA,0.230670087666528,0.5,0.45790408463391,3,3,3,2016-03-01,108.5,"Total revenues accrual","Y_lag1; Hours worked_leg0; Retail sales_leg0","OK",NA
"sg_lasso","France","Revenues","2016-03-15",2682.82395429778,NA,0.124194089914859,0.5,0.359341107161917,4,4,4,2016-03-01,-322.200000000012,"Total revenues accrual","Y_lag1; Hours worked_leg0; Retail sales_leg0; Stock market_leg0","OK",NA
"sg_lasso","France","Revenues","2016-03-27",2682.82395429778,NA,0.124194089914859,0.5,0.409894649793395,4,4,4,2016-03-01,-322.200000000012,"Total revenues accrual","Y_lag1; Hours worked_leg0; Retail sales_leg0; Stock market_leg0","OK",NA
"sg_lasso","France","Revenues","2016-03-31",2682.82395429778,NA,0.124194089914859,0.5,0.409894649793395,4,4,4,2016-03-01,-322.200000000012,"Total revenues accrual","Y_lag1; Hours worked_leg0; Retail sales_leg0; Stock market_leg0","OK",NA
"sg_lasso","France","Revenues","2016-04-01",2523.96280455822,NA,0.124194089914859,0.5,0.409894649793395,4,4,4,2016-04-01,-322.200000000012,"Total revenues accrual","Y_lag1; Hours worked_leg0; Retail sales_leg0; Stock market_leg0","OK",NA
"sg_lasso","France","Revenues","2016-04-05",2558.92136892069,NA,0.124194089914859,0.5,0.409894649793395,4,4,4,2016-04-01,-322.200000000012,"Total revenues accrual","Y_lag1; Hours worked_leg0; Retail sales_leg0; Stock market_leg0","OK",NA
"sg_lasso","France","Revenues","2016-04-15",2558.92136892069,NA,0.124194089914859,0.5,0.409894649793395,4,4,4,2016-04-01,-322.200000000012,"Total revenues accrual","Y_lag1; Hours worked_leg0; Retail sales_leg0; Stock market_leg0","OK",NA
"sg_lasso","France","Revenues","2016-04-27",2558.92136892069,NA,0.124194089914859,0.5,0.409894649793395,4,4,4,2016-04-01,-322.200000000012,"Total revenues accrual","Y_lag1; Hours worked_leg0; Retail sales_leg0; Stock market_leg0","OK",NA
"sg_lasso","France","Revenues","2016-04-28",2558.92136892069,NA,0.124194089914859,0.5,0.409894649793395,4,4,4,2016-04-01,-322.200000000012,"Total revenues accrual","Y_lag1; Hours worked_leg0; Retail sales_leg0; Stock market_leg0","OK",NA
"sg_lasso","France","Revenues","2016-05-01",1968.48421192379,NA,0.124194089914859,0.5,0.409894649793395,4,4,4,2016-05-01,-322.200000000012,"Total revenues accrual","Y_lag1; Hours worked_leg0; Retail sales_leg0; Stock market_leg0","OK",NA
"sg_lasso","France","Revenues","2016-05-05",1968.48421192379,NA,0.124194089914859,0.5,0.409894649793395,4,4,4,2016-05-01,-322.200000000012,"Total revenues accrual","Y_lag1; Hours worked_leg0; Retail sales_leg0; Stock market_leg0","OK",NA
"sg_lasso","France","Revenues","2016-05-07",1857.66325307865,NA,0.124194089914859,0.5,0.409894649793395,4,4,4,2016-05-01,-322.200000000012,"Total revenues accrual","Y_lag1; Hours worked_leg0; Retail sales_leg0; Stock market_leg0","OK",NA
"sg_lasso","France","Revenues","2016-05-15",1857.66325307865,NA,0.124194089914859,0.5,0.409894649793395,4,4,4,2016-05-01,-322.200000000012,"Total revenues accrual","Y_lag1; Hours worked_leg0; Retail sales_leg0; Stock market_leg0","OK",NA
"sg_lasso","France","Revenues","2016-05-26",1857.66325307865,NA,0.124194089914859,0.5,0.409894649793395,4,4,4,2016-05-01,-322.200000000012,"Total revenues accrual","Y_lag1; Hours worked_leg0; Retail sales_leg0; Stock market_leg0","OK",NA
"sg_lasso","France","Revenues","2016-05-27",1857.66325307865,NA,0.124194089914859,0.5,0.409894649793395,4,4,4,2016-05-01,-322.200000000012,"Total revenues accrual","Y_lag1; Hours worked_leg0; Retail sales_leg0; Stock market_leg0","OK",NA
"sg_lasso","France","Revenues","2016-06-01",1928.62883184386,NA,0.124194089914859,0.5,0.409894649793395,4,4,4,2016-06-01,-322.200000000012,"Total revenues accrual","Y_lag1; Hours worked_leg0; Retail sales_leg0; Stock market_leg0","OK",NA
"sg_lasso","France","Revenues","2016-06-03",2054.6995982111,NA,0.124194089914859,0.5,0.409894649793395,4,4,4,2016-06-01,-322.200000000012,"Total revenues accrual","Y_lag1; Hours worked_leg0; Retail sales_leg0; Stock market_leg0","OK",NA
"sg_lasso","France","Revenues","2016-06-05",2054.6995982111,NA,0.124194089914859,0.5,0.409894649793395,4,4,4,2016-06-01,-322.200000000012,"Total revenues accrual","Y_lag1; Hours worked_leg0; Retail sales_leg0; Stock market_leg0","OK",NA
"sg_lasso","France","Revenues","2016-06-15",1577.39271768463,NA,0.180455981308977,0.5,0.674924922520494,3,3,3,2016-06-01,1595.79999999999,"Total revenues accrual","Y_lag1; Hours worked_leg0; Retail sales_leg0","OK",NA
"sg_lasso","France","Revenues","2016-06-27",1577.39271768463,NA,0.180455981308977,0.5,0.674880123678617,3,3,3,2016-06-01,1595.79999999999,"Total revenues accrual","Y_lag1; Hours worked_leg0; Retail sales_leg0","OK",NA
"sg_lasso","France","Revenues","2016-06-30",1577.39271768463,NA,0.180455981308977,0.5,0.674880123678617,3,3,3,2016-06-01,1595.79999999999,"Total revenues accrual","Y_lag1; Hours worked_leg0; Retail sales_leg0","OK",NA
"sg_lasso","France","Revenues","2016-07-01",1629.02968998849,NA,0.180455981308977,0.5,0.674880123678617,3,3,3,2016-07-01,1595.79999999999,"Total revenues accrual","Y_lag1; Hours worked_leg0; Retail sales_leg0","OK",NA
"sg_lasso","France","Revenues","2016-07-05",1610.53230799419,NA,0.180455981308977,0.5,0.674880123678617,3,3,3,2016-07-01,1595.79999999999,"Total revenues accrual","Y_lag1; Hours worked_leg0; Retail sales_leg0","OK",NA
"sg_lasso","France","Revenues","2016-07-15",1610.53230799419,NA,0.180455981308977,0.5,0.674880123678617,3,3,3,2016-07-01,1595.79999999999,"Total revenues accrual","Y_lag1; Hours worked_leg0; Retail sales_leg0","OK",NA
"sg_lasso","France","Revenues","2016-07-27",1610.53230799419,NA,0.180455981308977,0.5,0.674880123678617,3,3,3,2016-07-01,1595.79999999999,"Total revenues accrual","Y_lag1; Hours worked_leg0; Retail sales_leg0","OK",NA
"sg_lasso","France","Revenues","2016-07-28",1610.53230799419,NA,0.180455981308977,0.5,0.674880123678617,3,3,3,2016-07-01,1595.79999999999,"Total revenues accrual","Y_lag1; Hours worked_leg0; Retail sales_leg0","OK",NA
"sg_lasso","France","Revenues","2016-08-01",1626.56947811081,NA,0.180455981308977,0.5,0.674880123678617,3,3,3,2016-08-01,1595.79999999999,"Total revenues accrual","Y_lag1; Hours worked_leg0; Retail sales_leg0","OK",NA
"sg_lasso","France","Revenues","2016-08-05",1626.56947811081,NA,0.180455981308977,0.5,0.674880123678617,3,3,3,2016-08-01,1595.79999999999,"Total revenues accrual","Y_lag1; Hours worked_leg0; Retail sales_leg0","OK",NA
"sg_lasso","France","Revenues","2016-08-15",1626.56947811081,NA,0.180455981308977,0.5,0.674880123678617,3,3,3,2016-08-01,1595.79999999999,"Total revenues accrual","Y_lag1; Hours worked_leg0; Retail sales_leg0","OK",NA
"sg_lasso","France","Revenues","2016-08-25",1626.56947811081,NA,0.180455981308977,0.5,0.674880123678617,3,3,3,2016-08-01,1595.79999999999,"Total revenues accrual","Y_lag1; Hours worked_leg0; Retail sales_leg0","OK",NA
"sg_lasso","France","Revenues","2016-08-27",1626.56947811081,NA,0.180455981308977,0.5,0.674880123678617,3,3,3,2016-08-01,1595.79999999999,"Total revenues accrual","Y_lag1; Hours worked_leg0; Retail sales_leg0","OK",NA
"sg_lasso","France","Revenues","2016-09-01",1486.96019296456,NA,0.180455981308977,0.5,0.674880123678617,3,3,3,2016-09-01,1595.79999999999,"Total revenues accrual","Y_lag1; Hours worked_leg0; Retail sales_leg0","OK",NA
"sg_lasso","France","Revenues","2016-09-04",1553.97491193498,NA,0.180455981308977,0.5,0.674880123678617,3,3,3,2016-09-01,1595.79999999999,"Total revenues accrual","Y_lag1; Hours worked_leg0; Retail sales_leg0","OK",NA
"sg_lasso","France","Revenues","2016-09-05",1553.97491193498,NA,0.180455981308977,0.5,0.674880123678617,3,3,3,2016-09-01,1595.79999999999,"Total revenues accrual","Y_lag1; Hours worked_leg0; Retail sales_leg0","OK",NA
"sg_lasso","France","Revenues","2016-09-15",1849.86792745311,NA,0.131766621757963,0.5,0.358916620064032,4,4,4,2016-09-01,276.799999999988,"Total revenues accrual","Y_lag1; Hours worked_leg0; Retail sales_leg0; Stock market_leg0","OK",NA
"sg_lasso","France","Revenues","2016-09-27",1849.86792745311,NA,0.131766621757963,0.5,0.35080372247585,4,4,4,2016-09-01,276.799999999988,"Total revenues accrual","Y_lag1; Hours worked_leg0; Retail sales_leg0; Stock market_leg0","OK",NA
"sg_lasso","France","Revenues","2016-09-29",1849.86792745311,NA,0.131766621757963,0.5,0.35080372247585,4,4,4,2016-09-01,276.799999999988,"Total revenues accrual","Y_lag1; Hours worked_leg0; Retail sales_leg0; Stock market_leg0","OK",NA
"sg_lasso","France","Revenues","2016-10-01",1803.23012785764,NA,0.131766621757963,0.5,0.35080372247585,4,4,4,2016-10-01,276.799999999988,"Total revenues accrual","Y_lag1; Hours worked_leg0; Retail sales_leg0; Stock market_leg0","OK",NA
"sg_lasso","France","Revenues","2016-10-05",1803.23012785764,NA,0.131766621757963,0.5,0.35080372247585,4,4,4,2016-10-01,276.799999999988,"Total revenues accrual","Y_lag1; Hours worked_leg0; Retail sales_leg0; Stock market_leg0","OK",NA
"sg_lasso","France","Revenues","2016-10-06",1997.73582705191,NA,0.131766621757963,0.5,0.35080372247585,4,4,4,2016-10-01,276.799999999988,"Total revenues accrual","Y_lag1; Hours worked_leg0; Retail sales_leg0; Stock market_leg0","OK",NA
"sg_lasso","France","Revenues","2016-10-15",1997.73582705191,NA,0.131766621757963,0.5,0.35080372247585,4,4,4,2016-10-01,276.799999999988,"Total revenues accrual","Y_lag1; Hours worked_leg0; Retail sales_leg0; Stock market_leg0","OK",NA
"sg_lasso","France","Revenues","2016-10-27",1997.73582705191,NA,0.131766621757963,0.5,0.35080372247585,4,4,4,2016-10-01,276.799999999988,"Total revenues accrual","Y_lag1; Hours worked_leg0; Retail sales_leg0; Stock market_leg0","OK",NA
"sg_lasso","France","Revenues","2016-11-01",2417.97952821566,NA,0.131766621757963,0.5,0.35080372247585,4,4,4,2016-11-01,276.799999999988,"Total revenues accrual","Y_lag1; Hours worked_leg0; Retail sales_leg0; Stock market_leg0","OK",NA
"sg_lasso","France","Revenues","2016-11-02",2241.7254529501,NA,0.131766621757963,0.5,0.35080372247585,4,4,4,2016-11-01,276.799999999988,"Total revenues accrual","Y_lag1; Hours worked_leg0; Retail sales_leg0; Stock market_leg0","OK",NA
"sg_lasso","France","Revenues","2016-11-05",2241.7254529501,NA,0.131766621757963,0.5,0.35080372247585,4,4,4,2016-11-01,276.799999999988,"Total revenues accrual","Y_lag1; Hours worked_leg0; Retail sales_leg0; Stock market_leg0","OK",NA
"sg_lasso","France","Revenues","2016-11-15",2241.7254529501,NA,0.131766621757963,0.5,0.35080372247585,4,4,4,2016-11-01,276.799999999988,"Total revenues accrual","Y_lag1; Hours worked_leg0; Retail sales_leg0; Stock market_leg0","OK",NA
"sg_lasso","France","Revenues","2016-11-24",2241.7254529501,NA,0.131766621757963,0.5,0.35080372247585,4,4,4,2016-11-01,276.799999999988,"Total revenues accrual","Y_lag1; Hours worked_leg0; Retail sales_leg0; Stock market_leg0","OK",NA
"sg_lasso","France","Revenues","2016-11-27",2241.7254529501,NA,0.131766621757963,0.5,0.35080372247585,4,4,4,2016-11-01,276.799999999988,"Total revenues accrual","Y_lag1; Hours worked_leg0; Retail sales_leg0; Stock market_leg0","OK",NA
"sg_lasso","France","Revenues","2016-12-01",2171.26792286528,NA,0.131766621757963,0.5,0.35080372247585,4,4,4,2016-12-01,276.799999999988,"Total revenues accrual","Y_lag1; Hours worked_leg0; Retail sales_leg0; Stock market_leg0","OK",NA
"sg_lasso","France","Revenues","2016-12-04",2234.91723107373,NA,0.131766621757963,0.5,0.35080372247585,4,4,4,2016-12-01,276.799999999988,"Total revenues accrual","Y_lag1; Hours worked_leg0; Retail sales_leg0; Stock market_leg0","OK",NA
"sg_lasso","France","Revenues","2016-12-05",2234.91723107373,NA,0.131766621757963,0.5,0.35080372247585,4,4,4,2016-12-01,276.799999999988,"Total revenues accrual","Y_lag1; Hours worked_leg0; Retail sales_leg0; Stock market_leg0","OK",NA
"sg_lasso","France","Revenues","2016-12-15",942.258230589796,NA,0.142666399186299,0.5,0.579675705974374,4,4,4,2016-12-01,4501.60000000003,"Total revenues accrual","Y_lag1; Hours worked_leg0; Retail sales_leg0; Stock market_leg0","OK",NA
"sg_lasso","France","Revenues","2016-12-27",942.258230589796,NA,0.142666399186299,0.5,0.594469539121997,4,4,4,2016-12-01,4501.60000000003,"Total revenues accrual","Y_lag1; Hours worked_leg0; Retail sales_leg0; Stock market_leg0","OK",NA
"sg_lasso","France","Revenues","2016-12-29",942.258230589796,NA,0.142666399186299,0.5,0.594469539121997,4,4,4,2016-12-01,4501.60000000003,"Total revenues accrual","Y_lag1; Hours worked_leg0; Retail sales_leg0; Stock market_leg0","OK",NA
"sg_lasso","France","Revenues","2017-01-01",871.269289307752,NA,0.142666399186299,0.5,0.594469539121997,4,4,4,2017-01-01,4501.60000000003,"Total revenues accrual","Y_lag1; Hours worked_leg0; Retail sales_leg0; Stock market_leg0","OK",NA
"sg_lasso","France","Revenues","2017-01-05",871.269289307752,NA,0.142666399186299,0.5,0.594469539121997,4,4,4,2017-01-01,4501.60000000003,"Total revenues accrual","Y_lag1; Hours worked_leg0; Retail sales_leg0; Stock market_leg0","OK",NA
"sg_lasso","France","Revenues","2017-01-07",923.83390833502,NA,0.142666399186299,0.5,0.594469539121997,4,4,4,2017-01-01,4501.60000000003,"Total revenues accrual","Y_lag1; Hours worked_leg0; Retail sales_leg0; Stock market_leg0","OK",NA
"sg_lasso","France","Revenues","2017-01-15",923.83390833502,NA,0.142666399186299,0.5,0.594469539121997,4,4,4,2017-01-01,4501.60000000003,"Total revenues accrual","Y_lag1; Hours worked_leg0; Retail sales_leg0; Stock market_leg0","OK",NA
"sg_lasso","France","Revenues","2017-01-26",923.83390833502,NA,0.142666399186299,0.5,0.594469539121997,4,4,4,2017-01-01,4501.60000000003,"Total revenues accrual","Y_lag1; Hours worked_leg0; Retail sales_leg0; Stock market_leg0","OK",NA
"sg_lasso","France","Revenues","2017-01-27",923.83390833502,NA,0.142666399186299,0.5,0.594469539121997,4,4,4,2017-01-01,4501.60000000003,"Total revenues accrual","Y_lag1; Hours worked_leg0; Retail sales_leg0; Stock market_leg0","OK",NA
"sg_lasso","France","Revenues","2017-02-01",987.439006685793,NA,0.142666399186299,0.5,0.594469539121997,4,4,4,2017-02-01,4501.60000000003,"Total revenues accrual","Y_lag1; Hours worked_leg0; Retail sales_leg0; Stock market_leg0","OK",NA
"sg_lasso","France","Revenues","2017-02-03",1040.00362571306,NA,0.142666399186299,0.5,0.594469539121997,4,4,4,2017-02-01,4501.60000000003,"Total revenues accrual","Y_lag1; Hours worked_leg0; Retail sales_leg0; Stock market_leg0","OK",NA
"sg_lasso","France","Revenues","2017-02-05",1040.00362571306,NA,0.142666399186299,0.5,0.594469539121997,4,4,4,2017-02-01,4501.60000000003,"Total revenues accrual","Y_lag1; Hours worked_leg0; Retail sales_leg0; Stock market_leg0","OK",NA
"sg_lasso","France","Revenues","2017-02-15",1040.00362571306,NA,0.142666399186299,0.5,0.594469539121997,4,4,4,2017-02-01,4501.60000000003,"Total revenues accrual","Y_lag1; Hours worked_leg0; Retail sales_leg0; Stock market_leg0","OK",NA
"sg_lasso","France","Revenues","2017-02-23",1040.00362571306,NA,0.142666399186299,0.5,0.594469539121997,4,4,4,2017-02-01,4501.60000000003,"Total revenues accrual","Y_lag1; Hours worked_leg0; Retail sales_leg0; Stock market_leg0","OK",NA
"sg_lasso","France","Revenues","2017-02-27",1040.00362571306,NA,0.142666399186299,0.5,0.594469539121997,4,4,4,2017-02-01,4501.60000000003,"Total revenues accrual","Y_lag1; Hours worked_leg0; Retail sales_leg0; Stock market_leg0","OK",NA
"sg_lasso","France","Revenues","2017-03-01",1301.78878099383,NA,0.142666399186299,0.5,0.594469539121997,4,4,4,2017-03-01,4501.60000000003,"Total revenues accrual","Y_lag1; Hours worked_leg0; Retail sales_leg0; Stock market_leg0","OK",NA
"sg_lasso","France","Revenues","2017-03-03",1372.36463620748,NA,0.142666399186299,0.5,0.594469539121997,4,4,4,2017-03-01,4501.60000000003,"Total revenues accrual","Y_lag1; Hours worked_leg0; Retail sales_leg0; Stock market_leg0","OK",NA
"sg_lasso","France","Revenues","2017-03-05",1372.36463620748,NA,0.142666399186299,0.5,0.594469539121997,4,4,4,2017-03-01,4501.60000000003,"Total revenues accrual","Y_lag1; Hours worked_leg0; Retail sales_leg0; Stock market_leg0","OK",NA
"sg_lasso","France","Revenues","2017-03-15",2877.07207451505,NA,0.0981662987306565,0.5,0.375109454118731,5,5,5,2017-03-01,2344.89999999997,"Total revenues accrual","Y_lag1; Hours worked_leg0; Retail sales_leg0; HICPX_leg0; Stock market_leg0","OK",NA
"sg_lasso","France","Revenues","2017-03-27",2741.27959582498,NA,0.0981662987306565,0.5,0.380423128682918,5,5,5,2017-03-01,2344.89999999997,"Total revenues accrual","Y_lag1; Hours worked_leg0; Retail sales_leg0; HICPX_leg0; Stock market_leg0","OK",NA
"sg_lasso","France","Revenues","2017-03-30",2741.27959582498,NA,0.0981662987306565,0.5,0.380423128682918,5,5,5,2017-03-01,2344.89999999997,"Total revenues accrual","Y_lag1; Hours worked_leg0; Retail sales_leg0; HICPX_leg0; Stock market_leg0","OK",NA
"sg_lasso","France","Revenues","2017-04-01",3124.79469335937,NA,0.0981662987306565,0.5,0.380423128682918,5,5,5,2017-04-01,2344.89999999997,"Total revenues accrual","Y_lag1; Hours worked_leg0; Retail sales_leg0; HICPX_leg0; Stock market_leg0","OK",NA
"sg_lasso","France","Revenues","2017-04-05",3124.79469335937,NA,0.0981662987306565,0.5,0.380423128682918,5,5,5,2017-04-01,2344.89999999997,"Total revenues accrual","Y_lag1; Hours worked_leg0; Retail sales_leg0; HICPX_leg0; Stock market_leg0","OK",NA
"sg_lasso","France","Revenues","2017-04-06",2987.54107400321,NA,0.0981662987306565,0.5,0.380423128682918,5,5,5,2017-04-01,2344.89999999997,"Total revenues accrual","Y_lag1; Hours worked_leg0; Retail sales_leg0; HICPX_leg0; Stock market_leg0","OK",NA
"sg_lasso","France","Revenues","2017-04-15",2987.54107400321,NA,0.0981662987306565,0.5,0.380423128682918,5,5,5,2017-04-01,2344.89999999997,"Total revenues accrual","Y_lag1; Hours worked_leg0; Retail sales_leg0; HICPX_leg0; Stock market_leg0","OK",NA
"sg_lasso","France","Revenues","2017-04-27",2987.54107400321,NA,0.0981662987306565,0.5,0.380423128682918,5,5,5,2017-04-01,2344.89999999997,"Total revenues accrual","Y_lag1; Hours worked_leg0; Retail sales_leg0; HICPX_leg0; Stock market_leg0","OK",NA
"sg_lasso","France","Revenues","2017-05-01",2638.25106932073,NA,0.0981662987306565,0.5,0.380423128682918,5,5,5,2017-05-01,2344.89999999997,"Total revenues accrual","Y_lag1; Hours worked_leg0; Retail sales_leg0; HICPX_leg0; Stock market_leg0","OK",NA
"sg_lasso","France","Revenues","2017-05-05",2638.25106932073,NA,0.0981662987306565,0.5,0.380423128682918,5,5,5,2017-05-01,2344.89999999997,"Total revenues accrual","Y_lag1; Hours worked_leg0; Retail sales_leg0; HICPX_leg0; Stock market_leg0","OK",NA
"sg_lasso","France","Revenues","2017-05-15",2638.25106932073,NA,0.0981662987306565,0.5,0.380423128682918,5,5,5,2017-05-01,2344.89999999997,"Total revenues accrual","Y_lag1; Hours worked_leg0; Retail sales_leg0; HICPX_leg0; Stock market_leg0","OK",NA
"sg_lasso","France","Revenues","2017-05-25",2638.25106932073,NA,0.0981662987306565,0.5,0.380423128682918,5,5,5,2017-05-01,2344.89999999997,"Total revenues accrual","Y_lag1; Hours worked_leg0; Retail sales_leg0; HICPX_leg0; Stock market_leg0","OK",NA
"sg_lasso","France","Revenues","2017-05-27",2750.5207209424,NA,0.0981662987306565,0.5,0.380423128682918,5,5,5,2017-05-01,2344.89999999997,"Total revenues accrual","Y_lag1; Hours worked_leg0; Retail sales_leg0; HICPX_leg0; Stock market_leg0","OK",NA
"sg_lasso","France","Revenues","2017-06-01",2629.50823267435,NA,0.0981662987306565,0.5,0.380423128682918,5,5,5,2017-06-01,2344.89999999997,"Total revenues accrual","Y_lag1; Hours worked_leg0; Retail sales_leg0; HICPX_leg0; Stock market_leg0","OK",NA
"sg_lasso","France","Revenues","2017-06-04",2511.63643302493,NA,0.0981662987306565,0.5,0.380423128682918,5,5,5,2017-06-01,2344.89999999997,"Total revenues accrual","Y_lag1; Hours worked_leg0; Retail sales_leg0; HICPX_leg0; Stock market_leg0","OK",NA
"sg_lasso","France","Revenues","2017-06-05",2511.63643302493,NA,0.0981662987306565,0.5,0.380423128682918,5,5,5,2017-06-01,2344.89999999997,"Total revenues accrual","Y_lag1; Hours worked_leg0; Retail sales_leg0; HICPX_leg0; Stock market_leg0","OK",NA
"sg_lasso","France","Revenues","2017-06-15",2445.35228901544,NA,0.0925971055838893,0.5,0.416807315274652,6,6,6,2017-06-01,4735.80000000005,"Total revenues accrual","Y_lag1; Payroll Mass_leg0; Hours worked_leg0; Retail sales_leg0; HICPX_leg0; Stock market_leg0","OK",NA
"sg_lasso","France","Revenues","2017-06-27",2221.22498958121,NA,0.101625209066549,0.5,0.422954455198779,6,6,6,2017-06-01,4735.80000000005,"Total revenues accrual","Y_lag1; Payroll Mass_leg0; Hours worked_leg0; Retail sales_leg0; HICPX_leg0; Stock market_leg0","OK",NA
"sg_lasso","France","Revenues","2017-06-29",2221.22498958121,NA,0.101625209066549,0.5,0.422954455198779,6,6,6,2017-06-01,4735.80000000005,"Total revenues accrual","Y_lag1; Payroll Mass_leg0; Hours worked_leg0; Retail sales_leg0; HICPX_leg0; Stock market_leg0","OK",NA
"sg_lasso","France","Revenues","2017-07-01",1931.80463339147,NA,0.101625209066549,0.5,0.422954455198779,6,6,6,2017-07-01,4735.80000000005,"Total revenues accrual","Y_lag1; Payroll Mass_leg0; Hours worked_leg0; Retail sales_leg0; HICPX_leg0; Stock market_leg0","OK",NA
"sg_lasso","France","Revenues","2017-07-05",1931.80463339147,NA,0.101625209066549,0.5,0.422954455198779,6,6,6,2017-07-01,4735.80000000005,"Total revenues accrual","Y_lag1; Payroll Mass_leg0; Hours worked_leg0; Retail sales_leg0; HICPX_leg0; Stock market_leg0","OK",NA
"sg_lasso","France","Revenues","2017-07-06",2050.35036628755,NA,0.101625209066549,0.5,0.422954455198779,6,6,6,2017-07-01,4735.80000000005,"Total revenues accrual","Y_lag1; Payroll Mass_leg0; Hours worked_leg0; Retail sales_leg0; HICPX_leg0; Stock market_leg0","OK",NA
"sg_lasso","France","Revenues","2017-07-15",2050.35036628755,NA,0.101625209066549,0.5,0.422954455198779,6,6,6,2017-07-01,4735.80000000005,"Total revenues accrual","Y_lag1; Payroll Mass_leg0; Hours worked_leg0; Retail sales_leg0; HICPX_leg0; Stock market_leg0","OK",NA
"sg_lasso","France","Revenues","2017-07-27",2112.6935316232,NA,0.101625209066549,0.5,0.422954455198779,6,6,6,2017-07-01,4735.80000000005,"Total revenues accrual","Y_lag1; Payroll Mass_leg0; Hours worked_leg0; Retail sales_leg0; HICPX_leg0; Stock market_leg0","OK",NA
"sg_lasso","France","Revenues","2017-08-01",2255.85723879318,NA,0.101625209066549,0.5,0.422954455198779,6,6,6,2017-08-01,4735.80000000005,"Total revenues accrual","Y_lag1; Payroll Mass_leg0; Hours worked_leg0; Retail sales_leg0; HICPX_leg0; Stock market_leg0","OK",NA
"sg_lasso","France","Revenues","2017-08-02",2042.09765369152,NA,0.101625209066549,0.5,0.422954455198779,6,6,6,2017-08-01,4735.80000000005,"Total revenues accrual","Y_lag1; Payroll Mass_leg0; Hours worked_leg0; Retail sales_leg0; HICPX_leg0; Stock market_leg0","OK",NA
"sg_lasso","France","Revenues","2017-08-05",2042.09765369152,NA,0.101625209066549,0.5,0.422954455198779,6,6,6,2017-08-01,4735.80000000005,"Total revenues accrual","Y_lag1; Payroll Mass_leg0; Hours worked_leg0; Retail sales_leg0; HICPX_leg0; Stock market_leg0","OK",NA
"sg_lasso","France","Revenues","2017-08-15",2042.09765369152,NA,0.101625209066549,0.5,0.422954455198779,6,6,6,2017-08-01,4735.80000000005,"Total revenues accrual","Y_lag1; Payroll Mass_leg0; Hours worked_leg0; Retail sales_leg0; HICPX_leg0; Stock market_leg0","OK",NA
"sg_lasso","France","Revenues","2017-08-27",2073.26923635934,NA,0.101625209066549,0.5,0.422954455198779,6,6,6,2017-08-01,4735.80000000005,"Total revenues accrual","Y_lag1; Payroll Mass_leg0; Hours worked_leg0; Retail sales_leg0; HICPX_leg0; Stock market_leg0","OK",NA
"sg_lasso","France","Revenues","2017-08-31",2073.26923635934,NA,0.101625209066549,0.5,0.422954455198779,6,6,6,2017-08-01,4735.80000000005,"Total revenues accrual","Y_lag1; Payroll Mass_leg0; Hours worked_leg0; Retail sales_leg0; HICPX_leg0; Stock market_leg0","OK",NA
"sg_lasso","France","Revenues","2017-09-01",2287.41915979831,NA,0.101625209066549,0.5,0.422954455198779,6,6,6,2017-09-01,4735.80000000005,"Total revenues accrual","Y_lag1; Payroll Mass_leg0; Hours worked_leg0; Retail sales_leg0; HICPX_leg0; Stock market_leg0","OK",NA
"sg_lasso","France","Revenues","2017-09-05",2685.10135981249,NA,0.101625209066549,0.5,0.422954455198779,6,6,6,2017-09-01,4735.80000000005,"Total revenues accrual","Y_lag1; Payroll Mass_leg0; Hours worked_leg0; Retail sales_leg0; HICPX_leg0; Stock market_leg0","OK",NA
"sg_lasso","France","Revenues","2017-09-15",3526.6789983212,NA,0.0973716080738708,0.5,0.642402537092717,6,6,6,2017-09-01,2237,"Total revenues accrual","Y_lag1; Payroll Mass_leg0; Hours worked_leg0; Retail sales_leg0; HICPX_leg0; Stock market_leg0","OK",NA
"sg_lasso","France","Revenues","2017-09-27",3479.85478559092,NA,0.0973716080738708,0.5,0.650431217228961,6,6,6,2017-09-01,2237,"Total revenues accrual","Y_lag1; Payroll Mass_leg0; Hours worked_leg0; Retail sales_leg0; HICPX_leg0; Stock market_leg0","OK",NA
"sg_lasso","France","Revenues","2017-09-28",3479.85478559092,NA,0.0973716080738708,0.5,0.650431217228961,6,6,6,2017-09-01,2237,"Total revenues accrual","Y_lag1; Payroll Mass_leg0; Hours worked_leg0; Retail sales_leg0; HICPX_leg0; Stock market_leg0","OK",NA
"sg_lasso","France","Revenues","2017-10-01",3457.17861721144,NA,0.0973716080738708,0.5,0.650431217228961,6,6,6,2017-10-01,2237,"Total revenues accrual","Y_lag1; Payroll Mass_leg0; Hours worked_leg0; Retail sales_leg0; HICPX_leg0; Stock market_leg0","OK",NA
"sg_lasso","France","Revenues","2017-10-05",3457.17861721144,NA,0.0973716080738708,0.5,0.650431217228961,6,6,6,2017-10-01,2237,"Total revenues accrual","Y_lag1; Payroll Mass_leg0; Hours worked_leg0; Retail sales_leg0; HICPX_leg0; Stock market_leg0","OK",NA
"sg_lasso","France","Revenues","2017-10-07",3016.08569113213,NA,0.0973716080738708,0.5,0.650431217228961,6,6,6,2017-10-01,2237,"Total revenues accrual","Y_lag1; Payroll Mass_leg0; Hours worked_leg0; Retail sales_leg0; HICPX_leg0; Stock market_leg0","OK",NA
"sg_lasso","France","Revenues","2017-10-15",3016.08569113213,NA,0.0973716080738708,0.5,0.650431217228961,6,6,6,2017-10-01,2237,"Total revenues accrual","Y_lag1; Payroll Mass_leg0; Hours worked_leg0; Retail sales_leg0; HICPX_leg0; Stock market_leg0","OK",NA
"sg_lasso","France","Revenues","2017-10-26",3016.08569113213,NA,0.0973716080738708,0.5,0.650431217228961,6,6,6,2017-10-01,2237,"Total revenues accrual","Y_lag1; Payroll Mass_leg0; Hours worked_leg0; Retail sales_leg0; HICPX_leg0; Stock market_leg0","OK",NA
"sg_lasso","France","Revenues","2017-10-27",3016.08569113213,NA,0.0973716080738708,0.5,0.650431217228961,6,6,6,2017-10-01,2237,"Total revenues accrual","Y_lag1; Payroll Mass_leg0; Hours worked_leg0; Retail sales_leg0; HICPX_leg0; Stock market_leg0","OK",NA
"sg_lasso","France","Revenues","2017-11-01",2602.01452403476,NA,0.0973716080738708,0.5,0.650431217228961,6,6,6,2017-11-01,2237,"Total revenues accrual","Y_lag1; Payroll Mass_leg0; Hours worked_leg0; Retail sales_leg0; HICPX_leg0; Stock market_leg0","OK",NA
"sg_lasso","France","Revenues","2017-11-03",2998.21799846759,NA,0.0973716080738708,0.5,0.650431217228961,6,6,6,2017-11-01,2237,"Total revenues accrual","Y_lag1; Payroll Mass_leg0; Hours worked_leg0; Retail sales_leg0; HICPX_leg0; Stock market_leg0","OK",NA
"sg_lasso","France","Revenues","2017-11-05",2998.21799846759,NA,0.0973716080738708,0.5,0.650431217228961,6,6,6,2017-11-01,2237,"Total revenues accrual","Y_lag1; Payroll Mass_leg0; Hours worked_leg0; Retail sales_leg0; HICPX_leg0; Stock market_leg0","OK",NA
"sg_lasso","France","Revenues","2017-11-15",2998.21799846759,NA,0.0973716080738708,0.5,0.650431217228961,6,6,6,2017-11-01,2237,"Total revenues accrual","Y_lag1; Payroll Mass_leg0; Hours worked_leg0; Retail sales_leg0; HICPX_leg0; Stock market_leg0","OK",NA
"sg_lasso","France","Revenues","2017-11-27",2998.21799846759,NA,0.0973716080738708,0.5,0.650431217228961,6,6,6,2017-11-01,2237,"Total revenues accrual","Y_lag1; Payroll Mass_leg0; Hours worked_leg0; Retail sales_leg0; HICPX_leg0; Stock market_leg0","OK",NA
"sg_lasso","France","Revenues","2017-11-30",2998.21799846759,NA,0.0973716080738708,0.5,0.650431217228961,6,6,6,2017-11-01,2237,"Total revenues accrual","Y_lag1; Payroll Mass_leg0; Hours worked_leg0; Retail sales_leg0; HICPX_leg0; Stock market_leg0","OK",NA
"sg_lasso","France","Revenues","2017-12-01",2970.73523597388,NA,0.0973716080738708,0.5,0.650431217228961,6,6,6,2017-12-01,2237,"Total revenues accrual","Y_lag1; Payroll Mass_leg0; Hours worked_leg0; Retail sales_leg0; HICPX_leg0; Stock market_leg0","OK",NA
"sg_lasso","France","Revenues","2017-12-05",2912.81184911199,NA,0.0973716080738708,0.5,0.650431217228961,6,6,6,2017-12-01,2237,"Total revenues accrual","Y_lag1; Payroll Mass_leg0; Hours worked_leg0; Retail sales_leg0; HICPX_leg0; Stock market_leg0","OK",NA
"sg_lasso","France","Revenues","2017-12-15",2287.59326394662,NA,0.0818341519250569,0.5,0.482617621727351,6,6,6,2017-12-01,4519,"Total revenues accrual","Y_lag1; Payroll Mass_leg0; Hours worked_leg0; Retail sales_leg0; HICPX_leg0; Stock market_leg0","OK",NA
"sg_lasso","France","Revenues","2017-12-27",2300.82240765727,NA,0.0818341519250569,0.5,0.488239881530277,6,6,6,2017-12-01,4519,"Total revenues accrual","Y_lag1; Payroll Mass_leg0; Hours worked_leg0; Retail sales_leg0; HICPX_leg0; Stock market_leg0","OK",NA
"sg_lasso","France","Revenues","2017-12-28",2300.82240765727,NA,0.0818341519250569,0.5,0.485063690507961,6,6,6,2017-12-01,4519,"Total revenues accrual","Y_lag1; Payroll Mass_leg0; Hours worked_leg0; Retail sales_leg0; HICPX_leg0; Stock market_leg0","OK",NA
"sg_lasso","France","Revenues","2018-01-01",2562.11108804223,NA,0.0818341519250569,0.5,0.485063690507961,6,6,6,2018-01-01,4519,"Total revenues accrual","Y_lag1; Payroll Mass_leg0; Hours worked_leg0; Retail sales_leg0; HICPX_leg0; Stock market_leg0","OK",NA
"sg_lasso","France","Revenues","2018-01-05",2562.11108804223,NA,0.0818341519250569,0.5,0.485063690507961,6,6,6,2018-01-01,4519,"Total revenues accrual","Y_lag1; Payroll Mass_leg0; Hours worked_leg0; Retail sales_leg0; HICPX_leg0; Stock market_leg0","OK",NA
"sg_lasso","France","Revenues","2018-01-15",2562.11108804223,NA,0.0818341519250569,0.5,0.485063690507961,6,6,6,2018-01-01,4519,"Total revenues accrual","Y_lag1; Payroll Mass_leg0; Hours worked_leg0; Retail sales_leg0; HICPX_leg0; Stock market_leg0","OK",NA
"sg_lasso","France","Revenues","2018-01-25",2562.11108804223,NA,0.0818341519250569,0.5,0.485063690507961,6,6,6,2018-01-01,4519,"Total revenues accrual","Y_lag1; Payroll Mass_leg0; Hours worked_leg0; Retail sales_leg0; HICPX_leg0; Stock market_leg0","OK",NA
"sg_lasso","France","Revenues","2018-01-27",2479.56860211786,NA,0.0818341519250569,0.5,0.485063690507961,6,6,6,2018-01-01,4519,"Total revenues accrual","Y_lag1; Payroll Mass_leg0; Hours worked_leg0; Retail sales_leg0; HICPX_leg0; Stock market_leg0","OK",NA
"sg_lasso","France","Revenues","2018-02-01",2171.5270194891,NA,0.0818341519250569,0.5,0.485063690507961,6,6,6,2018-02-01,4519,"Total revenues accrual","Y_lag1; Payroll Mass_leg0; Hours worked_leg0; Retail sales_leg0; HICPX_leg0; Stock market_leg0","OK",NA
"sg_lasso","France","Revenues","2018-02-04",2199.0255194323,NA,0.0818341519250569,0.5,0.485063690507961,6,6,6,2018-02-01,4519,"Total revenues accrual","Y_lag1; Payroll Mass_leg0; Hours worked_leg0; Retail sales_leg0; HICPX_leg0; Stock market_leg0","OK",NA
"sg_lasso","France","Revenues","2018-02-05",2199.0255194323,NA,0.0818341519250569,0.5,0.485063690507961,6,6,6,2018-02-01,4519,"Total revenues accrual","Y_lag1; Payroll Mass_leg0; Hours worked_leg0; Retail sales_leg0; HICPX_leg0; Stock market_leg0","OK",NA
"sg_lasso","France","Revenues","2018-02-15",2199.0255194323,NA,0.0818341519250569,0.5,0.485063690507961,6,6,6,2018-02-01,4519,"Total revenues accrual","Y_lag1; Payroll Mass_leg0; Hours worked_leg0; Retail sales_leg0; HICPX_leg0; Stock market_leg0","OK",NA
"sg_lasso","France","Revenues","2018-02-22",2199.0255194323,NA,0.0818341519250569,0.5,0.485063690507961,6,6,6,2018-02-01,4519,"Total revenues accrual","Y_lag1; Payroll Mass_leg0; Hours worked_leg0; Retail sales_leg0; HICPX_leg0; Stock market_leg0","OK",NA
"sg_lasso","France","Revenues","2018-02-27",2364.11049128102,NA,0.0818341519250569,0.5,0.485063690507961,6,6,6,2018-02-01,4519,"Total revenues accrual","Y_lag1; Payroll Mass_leg0; Hours worked_leg0; Retail sales_leg0; HICPX_leg0; Stock market_leg0","OK",NA
"sg_lasso","France","Revenues","2018-03-01",2518.33553939104,NA,0.0818341519250569,0.5,0.485063690507961,6,6,6,2018-03-01,4519,"Total revenues accrual","Y_lag1; Payroll Mass_leg0; Hours worked_leg0; Retail sales_leg0; HICPX_leg0; Stock market_leg0","OK",NA
"sg_lasso","France","Revenues","2018-03-04",2588.83549996073,NA,0.0818341519250569,0.5,0.485063690507961,6,6,6,2018-03-01,4519,"Total revenues accrual","Y_lag1; Payroll Mass_leg0; Hours worked_leg0; Retail sales_leg0; HICPX_leg0; Stock market_leg0","OK",NA
"sg_lasso","France","Revenues","2018-03-05",2588.83549996073,NA,0.0818341519250569,0.5,0.485063690507961,6,6,6,2018-03-01,4519,"Total revenues accrual","Y_lag1; Payroll Mass_leg0; Hours worked_leg0; Retail sales_leg0; HICPX_leg0; Stock market_leg0","OK",NA
"sg_lasso","France","Revenues","2018-03-15",3713.25274152529,NA,0.0894332805188314,0.5,0.577424067262879,6,6,6,2018-03-01,673,"Total revenues accrual","Y_lag1; Payroll Mass_leg0; Hours worked_leg0; Business turnover index_leg0; Retail sales_leg0; Stock market_leg0","OK",NA
"sg_lasso","France","Revenues","2018-03-27",3547.1585100672,NA,0.0894332805188314,0.5,0.598410458126763,7,7,7,2018-03-01,673,"Total revenues accrual","Y_lag1; Payroll Mass_leg0; Hours worked_leg0; Business turnover index_leg0; Retail sales_leg0; HICPX_leg0; Stock market_leg0","OK",NA
"sg_lasso","France","Revenues","2018-03-29",3547.1585100672,NA,0.0894332805188314,0.5,0.598058242581616,7,7,7,2018-03-01,673,"Total revenues accrual","Y_lag1; Payroll Mass_leg0; Hours worked_leg0; Business turnover index_leg0; Retail sales_leg0; HICPX_leg0; Stock market_leg0","OK",NA
"sg_lasso","France","Revenues","2018-04-01",3426.55323827521,NA,0.0894332805188314,0.5,0.598058242581616,7,7,7,2018-04-01,673,"Total revenues accrual","Y_lag1; Payroll Mass_leg0; Hours worked_leg0; Business turnover index_leg0; Retail sales_leg0; HICPX_leg0; Stock market_leg0","OK",NA
"sg_lasso","France","Revenues","2018-04-05",3440.84599792179,NA,0.0894332805188314,0.5,0.598058242581616,7,7,7,2018-04-01,673,"Total revenues accrual","Y_lag1; Payroll Mass_leg0; Hours worked_leg0; Business turnover index_leg0; Retail sales_leg0; HICPX_leg0; Stock market_leg0","OK",NA
"sg_lasso","France","Revenues","2018-04-07",3323.66761419247,NA,0.0894332805188314,0.5,0.598058242581616,7,7,7,2018-04-01,673,"Total revenues accrual","Y_lag1; Payroll Mass_leg0; Hours worked_leg0; Business turnover index_leg0; Retail sales_leg0; HICPX_leg0; Stock market_leg0","OK",NA
"sg_lasso","France","Revenues","2018-04-15",3323.66761419247,NA,0.0894332805188314,0.5,0.598058242581616,7,7,7,2018-04-01,673,"Total revenues accrual","Y_lag1; Payroll Mass_leg0; Hours worked_leg0; Business turnover index_leg0; Retail sales_leg0; HICPX_leg0; Stock market_leg0","OK",NA
"sg_lasso","France","Revenues","2018-04-26",3323.66761419247,NA,0.0894332805188314,0.5,0.598058242581616,7,7,7,2018-04-01,673,"Total revenues accrual","Y_lag1; Payroll Mass_leg0; Hours worked_leg0; Business turnover index_leg0; Retail sales_leg0; HICPX_leg0; Stock market_leg0","OK",NA
"sg_lasso","France","Revenues","2018-04-27",3594.70361969111,NA,0.0894332805188314,0.5,0.598058242581616,7,7,7,2018-04-01,673,"Total revenues accrual","Y_lag1; Payroll Mass_leg0; Hours worked_leg0; Business turnover index_leg0; Retail sales_leg0; HICPX_leg0; Stock market_leg0","OK",NA
"sg_lasso","France","Revenues","2018-05-01",3427.13859770791,NA,0.0894332805188314,0.5,0.598058242581616,7,7,7,2018-05-01,673,"Total revenues accrual","Y_lag1; Payroll Mass_leg0; Hours worked_leg0; Business turnover index_leg0; Retail sales_leg0; HICPX_leg0; Stock market_leg0","OK",NA
"sg_lasso","France","Revenues","2018-05-02",3512.95274547586,NA,0.0894332805188314,0.5,0.598058242581616,7,7,7,2018-05-01,673,"Total revenues accrual","Y_lag1; Payroll Mass_leg0; Hours worked_leg0; Business turnover index_leg0; Retail sales_leg0; HICPX_leg0; Stock market_leg0","OK",NA
"sg_lasso","France","Revenues","2018-05-05",3548.93352561065,NA,0.0894332805188314,0.5,0.598058242581616,7,7,7,2018-05-01,673,"Total revenues accrual","Y_lag1; Payroll Mass_leg0; Hours worked_leg0; Business turnover index_leg0; Retail sales_leg0; HICPX_leg0; Stock market_leg0","OK",NA
"sg_lasso","France","Revenues","2018-05-15",3548.93352561065,NA,0.0894332805188314,0.5,0.598058242581616,7,7,7,2018-05-01,673,"Total revenues accrual","Y_lag1; Payroll Mass_leg0; Hours worked_leg0; Business turnover index_leg0; Retail sales_leg0; HICPX_leg0; Stock market_leg0","OK",NA
"sg_lasso","France","Revenues","2018-05-27",3440.5191234112,NA,0.0894332805188314,0.5,0.598058242581616,7,7,7,2018-05-01,673,"Total revenues accrual","Y_lag1; Payroll Mass_leg0; Hours worked_leg0; Business turnover index_leg0; Retail sales_leg0; HICPX_leg0; Stock market_leg0","OK",NA
"sg_lasso","France","Revenues","2018-05-31",3440.5191234112,NA,0.0894332805188314,0.5,0.598058242581616,7,7,7,2018-05-01,673,"Total revenues accrual","Y_lag1; Payroll Mass_leg0; Hours worked_leg0; Business turnover index_leg0; Retail sales_leg0; HICPX_leg0; Stock market_leg0","OK",NA
"sg_lasso","France","Revenues","2018-06-01",3479.18847750885,NA,0.0894332805188314,0.5,0.598058242581616,7,7,7,2018-06-01,673,"Total revenues accrual","Y_lag1; Payroll Mass_leg0; Hours worked_leg0; Business turnover index_leg0; Retail sales_leg0; HICPX_leg0; Stock market_leg0","OK",NA
"sg_lasso","France","Revenues","2018-06-05",3397.01056866928,NA,0.0894332805188314,0.5,0.598058242581616,7,7,7,2018-06-01,673,"Total revenues accrual","Y_lag1; Payroll Mass_leg0; Hours worked_leg0; Business turnover index_leg0; Retail sales_leg0; HICPX_leg0; Stock market_leg0","OK",NA
"sg_lasso","France","Revenues","2018-06-15",2997.61257736133,NA,0.0900296889157252,0.5,0.418095711277419,8,8,8,2018-06-01,-378.5,"Total revenues accrual","Y_lag1; Payroll Mass_leg0; Hours worked_leg0; Business turnover index_leg0; Retail sales_leg0; HICPX_leg0; Stock market_leg0; Cash revenues_leg0","OK",NA
"sg_lasso","France","Revenues","2018-06-27",3226.46882359007,NA,0.0988074724427323,0.5,0.40365179220353,7,7,7,2018-06-01,-378.5,"Total revenues accrual","Y_lag1; Payroll Mass_leg0; Business turnover index_leg0; Retail sales_leg0; HICPX_leg0; Stock market_leg0; Cash revenues_leg0","OK",NA
"sg_lasso","France","Revenues","2018-06-28",3226.46882359007,NA,0.0988074724427323,0.5,0.405569479382898,7,7,7,2018-06-01,-378.5,"Total revenues accrual","Y_lag1; Payroll Mass_leg0; Business turnover index_leg0; Retail sales_leg0; HICPX_leg0; Stock market_leg0; Cash revenues_leg0","OK",NA
"sg_lasso","France","Revenues","2018-07-01",3156.26881770035,NA,0.0988074724427323,0.5,0.405569479382898,7,7,7,2018-07-01,-378.5,"Total revenues accrual","Y_lag1; Payroll Mass_leg0; Business turnover index_leg0; Retail sales_leg0; HICPX_leg0; Stock market_leg0; Cash revenues_leg0","OK",NA
"sg_lasso","France","Revenues","2018-07-05",3057.10826542038,NA,0.0988074724427323,0.5,0.405569479382898,7,7,7,2018-07-01,-378.5,"Total revenues accrual","Y_lag1; Payroll Mass_leg0; Business turnover index_leg0; Retail sales_leg0; HICPX_leg0; Stock market_leg0; Cash revenues_leg0","OK",NA
"sg_lasso","France","Revenues","2018-07-07",3105.99734800562,NA,0.0988074724427323,0.5,0.405569479382898,7,7,7,2018-07-01,-378.5,"Total revenues accrual","Y_lag1; Payroll Mass_leg0; Business turnover index_leg0; Retail sales_leg0; HICPX_leg0; Stock market_leg0; Cash revenues_leg0","OK",NA
"sg_lasso","France","Revenues","2018-07-15",3317.26960153455,NA,0.0988074724427323,0.5,0.405569479382898,7,7,7,2018-07-01,-378.5,"Total revenues accrual","Y_lag1; Payroll Mass_leg0; Business turnover index_leg0; Retail sales_leg0; HICPX_leg0; Stock market_leg0; Cash revenues_leg0","OK",NA
"sg_lasso","France","Revenues","2018-07-26",3317.26960153455,NA,0.0988074724427323,0.5,0.405569479382898,7,7,7,2018-07-01,-378.5,"Total revenues accrual","Y_lag1; Payroll Mass_leg0; Business turnover index_leg0; Retail sales_leg0; HICPX_leg0; Stock market_leg0; Cash revenues_leg0","OK",NA
"sg_lasso","France","Revenues","2018-07-27",3296.48947585791,NA,0.0988074724427323,0.5,0.405569479382898,7,7,7,2018-07-01,-378.5,"Total revenues accrual","Y_lag1; Payroll Mass_leg0; Business turnover index_leg0; Retail sales_leg0; HICPX_leg0; Stock market_leg0; Cash revenues_leg0","OK",NA
"sg_lasso","France","Revenues","2018-08-01",3142.14208331775,NA,0.0988074724427323,0.5,0.405569479382898,7,7,7,2018-08-01,-378.5,"Total revenues accrual","Y_lag1; Payroll Mass_leg0; Business turnover index_leg0; Retail sales_leg0; HICPX_leg0; Stock market_leg0; Cash revenues_leg0","OK",NA
"sg_lasso","France","Revenues","2018-08-03",3103.6943610568,NA,0.0988074724427323,0.5,0.405569479382898,7,7,7,2018-08-01,-378.5,"Total revenues accrual","Y_lag1; Payroll Mass_leg0; Business turnover index_leg0; Retail sales_leg0; HICPX_leg0; Stock market_leg0; Cash revenues_leg0","OK",NA
"sg_lasso","France","Revenues","2018-08-05",3344.13958458822,NA,0.0988074724427323,0.5,0.405569479382898,7,7,7,2018-08-01,-378.5,"Total revenues accrual","Y_lag1; Payroll Mass_leg0; Business turnover index_leg0; Retail sales_leg0; HICPX_leg0; Stock market_leg0; Cash revenues_leg0","OK",NA
"sg_lasso","France","Revenues","2018-08-15",3229.24457498615,NA,0.0988074724427323,0.5,0.405569479382898,7,7,7,2018-08-01,-378.5,"Total revenues accrual","Y_lag1; Payroll Mass_leg0; Business turnover index_leg0; Retail sales_leg0; HICPX_leg0; Stock market_leg0; Cash revenues_leg0","OK",NA
"sg_lasso","France","Revenues","2018-08-27",3229.24457498615,NA,0.0988074724427323,0.5,0.405569479382898,7,7,7,2018-08-01,-378.5,"Total revenues accrual","Y_lag1; Payroll Mass_leg0; Business turnover index_leg0; Retail sales_leg0; HICPX_leg0; Stock market_leg0; Cash revenues_leg0","OK",NA
"sg_lasso","France","Revenues","2018-08-30",3229.24457498615,NA,0.0988074724427323,0.5,0.405569479382898,7,7,7,2018-08-01,-378.5,"Total revenues accrual","Y_lag1; Payroll Mass_leg0; Business turnover index_leg0; Retail sales_leg0; HICPX_leg0; Stock market_leg0; Cash revenues_leg0","OK",NA
"sg_lasso","France","Revenues","2018-09-01",3049.30363136497,NA,0.0988074724427323,0.5,0.405569479382898,7,7,7,2018-09-01,-378.5,"Total revenues accrual","Y_lag1; Payroll Mass_leg0; Business turnover index_leg0; Retail sales_leg0; HICPX_leg0; Stock market_leg0; Cash revenues_leg0","OK",NA
"sg_lasso","France","Revenues","2018-09-05",2848.46567661438,NA,0.0988074724427323,0.5,0.405569479382898,7,7,7,2018-09-01,-378.5,"Total revenues accrual","Y_lag1; Payroll Mass_leg0; Business turnover index_leg0; Retail sales_leg0; HICPX_leg0; Stock market_leg0; Cash revenues_leg0","OK",NA
"sg_lasso","France","Revenues","2018-09-06",2847.44801357323,NA,0.0988074724427323,0.5,0.405569479382898,7,7,7,2018-09-01,-378.5,"Total revenues accrual","Y_lag1; Payroll Mass_leg0; Business turnover index_leg0; Retail sales_leg0; HICPX_leg0; Stock market_leg0; Cash revenues_leg0","OK",NA
"sg_lasso","France","Revenues","2018-09-15",2522.71632317978,NA,0.280160577171882,0.5,0.766823173250229,2,2,2,2018-09-01,-489.5,"Total revenues accrual","Y_lag1; Payroll Mass_leg0","OK",NA
"sg_lasso","France","Revenues","2018-09-27",2411.7198609216,NA,0.160318182623327,0.5,0.756892320789137,5,5,5,2018-09-01,-489.5,"Total revenues accrual","Y_lag1; Payroll Mass_leg0; Business turnover index_leg0; Retail sales_leg0; Stock market_leg0","OK",NA
"sg_lasso","France","Revenues","2018-10-01",2356.81333785738,NA,0.160318182623327,0.5,0.756892320789137,5,5,5,2018-10-01,-489.5,"Total revenues accrual","Y_lag1; Payroll Mass_leg0; Business turnover index_leg0; Retail sales_leg0; Stock market_leg0","OK",NA
"sg_lasso","France","Revenues","2018-10-05",2673.69218834245,NA,0.160318182623327,0.5,0.756892320789137,5,5,5,2018-10-01,-489.5,"Total revenues accrual","Y_lag1; Payroll Mass_leg0; Business turnover index_leg0; Retail sales_leg0; Stock market_leg0","OK",NA
"sg_lasso","France","Revenues","2018-10-15",2673.69218834245,NA,0.160318182623327,0.5,0.756892320789137,5,5,5,2018-10-01,-489.5,"Total revenues accrual","Y_lag1; Payroll Mass_leg0; Business turnover index_leg0; Retail sales_leg0; Stock market_leg0","OK",NA
"sg_lasso","France","Revenues","2018-10-25",2673.69218834245,NA,0.160318182623327,0.5,0.756892320789137,5,5,5,2018-10-01,-489.5,"Total revenues accrual","Y_lag1; Payroll Mass_leg0; Business turnover index_leg0; Retail sales_leg0; Stock market_leg0","OK",NA
"sg_lasso","France","Revenues","2018-10-27",2673.69218834245,NA,0.160318182623327,0.5,0.756892320789137,5,5,5,2018-10-01,-489.5,"Total revenues accrual","Y_lag1; Payroll Mass_leg0; Business turnover index_leg0; Retail sales_leg0; Stock market_leg0","OK",NA
"sg_lasso","France","Revenues","2018-11-01",2487.81586907665,NA,0.160318182623327,0.5,0.756892320789137,5,5,5,2018-11-01,-489.5,"Total revenues accrual","Y_lag1; Payroll Mass_leg0; Business turnover index_leg0; Retail sales_leg0; Stock market_leg0","OK",NA
"sg_lasso","France","Revenues","2018-11-04",2430.59350303687,NA,0.160318182623327,0.5,0.756892320789137,5,5,5,2018-11-01,-489.5,"Total revenues accrual","Y_lag1; Payroll Mass_leg0; Business turnover index_leg0; Retail sales_leg0; Stock market_leg0","OK",NA
"sg_lasso","France","Revenues","2018-11-05",2150.05289559058,NA,0.160318182623327,0.5,0.756892320789137,5,5,5,2018-11-01,-489.5,"Total revenues accrual","Y_lag1; Payroll Mass_leg0; Business turnover index_leg0; Retail sales_leg0; Stock market_leg0","OK",NA
"sg_lasso","France","Revenues","2018-11-15",2150.05289559058,NA,0.160318182623327,0.5,0.756892320789137,5,5,5,2018-11-01,-489.5,"Total revenues accrual","Y_lag1; Payroll Mass_leg0; Business turnover index_leg0; Retail sales_leg0; Stock market_leg0","OK",NA
"sg_lasso","France","Revenues","2018-11-27",2150.05289559058,NA,0.160318182623327,0.5,0.756892320789137,5,5,5,2018-11-01,-489.5,"Total revenues accrual","Y_lag1; Payroll Mass_leg0; Business turnover index_leg0; Retail sales_leg0; Stock market_leg0","OK",NA
"sg_lasso","France","Revenues","2018-11-29",2150.05289559058,NA,0.160318182623327,0.5,0.756892320789137,5,5,5,2018-11-01,-489.5,"Total revenues accrual","Y_lag1; Payroll Mass_leg0; Business turnover index_leg0; Retail sales_leg0; Stock market_leg0","OK",NA
"sg_lasso","France","Revenues","2018-12-01",2529.97974284657,NA,0.160318182623327,0.5,0.756892320789137,5,5,5,2018-12-01,-489.5,"Total revenues accrual","Y_lag1; Payroll Mass_leg0; Business turnover index_leg0; Retail sales_leg0; Stock market_leg0","OK",NA
"sg_lasso","France","Revenues","2018-12-05",2828.93706282147,NA,0.160318182623327,0.5,0.756892320789137,5,5,5,2018-12-01,-489.5,"Total revenues accrual","Y_lag1; Payroll Mass_leg0; Business turnover index_leg0; Retail sales_leg0; Stock market_leg0","OK",NA
"sg_lasso","France","Revenues","2018-12-06",2803.21937960451,NA,0.160318182623327,0.5,0.756892320789137,5,5,5,2018-12-01,-489.5,"Total revenues accrual","Y_lag1; Payroll Mass_leg0; Business turnover index_leg0; Retail sales_leg0; Stock market_leg0","OK",NA
"sg_lasso","France","Revenues","2018-12-15",2212.13201545433,NA,0.0929530870676414,0.5,0.595807668626677,7,7,7,2018-12-01,5247.89999999997,"Total revenues accrual","Y_lag1; Payroll Mass_leg0; Hours worked_leg0; Business turnover index_leg0; Retail sales_leg0; HICPX_leg0; Stock market_leg0","OK",NA
"sg_lasso","France","Revenues","2018-12-27",2178.76372042686,NA,0.0929530870676414,0.5,0.585764074287842,7,7,7,2018-12-01,5247.89999999997,"Total revenues accrual","Y_lag1; Payroll Mass_leg0; Hours worked_leg0; Business turnover index_leg0; Retail sales_leg0; HICPX_leg0; Stock market_leg0","OK",NA
"sg_lasso","France","Revenues","2019-01-01",2433.71119962038,NA,0.0929530870676414,0.5,0.585764074287842,7,7,7,2019-01-01,5247.89999999997,"Total revenues accrual","Y_lag1; Payroll Mass_leg0; Hours worked_leg0; Business turnover index_leg0; Retail sales_leg0; HICPX_leg0; Stock market_leg0","OK",NA
"sg_lasso","France","Revenues","2019-01-02",2537.81752998277,NA,0.0929530870676414,0.5,0.585764074287842,7,7,7,2019-01-01,5247.89999999997,"Total revenues accrual","Y_lag1; Payroll Mass_leg0; Hours worked_leg0; Business turnover index_leg0; Retail sales_leg0; HICPX_leg0; Stock market_leg0","OK",NA
"sg_lasso","France","Revenues","2019-01-05",1478.20547666509,NA,0.0929530870676414,0.5,0.585764074287842,7,7,7,2019-01-01,5247.89999999997,"Total revenues accrual","Y_lag1; Payroll Mass_leg0; Hours worked_leg0; Business turnover index_leg0; Retail sales_leg0; HICPX_leg0; Stock market_leg0","OK",NA
"sg_lasso","France","Revenues","2019-01-15",1478.20547666509,NA,0.0929530870676414,0.5,0.585764074287842,7,7,7,2019-01-01,5247.89999999997,"Total revenues accrual","Y_lag1; Payroll Mass_leg0; Hours worked_leg0; Business turnover index_leg0; Retail sales_leg0; HICPX_leg0; Stock market_leg0","OK",NA
"sg_lasso","France","Revenues","2019-01-27",1448.39259778931,NA,0.0929530870676414,0.5,0.585764074287842,7,7,7,2019-01-01,5247.89999999997,"Total revenues accrual","Y_lag1; Payroll Mass_leg0; Hours worked_leg0; Business turnover index_leg0; Retail sales_leg0; HICPX_leg0; Stock market_leg0","OK",NA
"sg_lasso","France","Revenues","2019-01-31",1448.39259778931,NA,0.0929530870676414,0.5,0.585764074287842,7,7,7,2019-01-01,5247.89999999997,"Total revenues accrual","Y_lag1; Payroll Mass_leg0; Hours worked_leg0; Business turnover index_leg0; Retail sales_leg0; HICPX_leg0; Stock market_leg0","OK",NA
"sg_lasso","France","Revenues","2019-02-01",1459.5079311628,NA,0.0929530870676414,0.5,0.585764074287842,7,7,7,2019-02-01,5247.89999999997,"Total revenues accrual","Y_lag1; Payroll Mass_leg0; Hours worked_leg0; Business turnover index_leg0; Retail sales_leg0; HICPX_leg0; Stock market_leg0","OK",NA
"sg_lasso","France","Revenues","2019-02-05",2532.76857670453,NA,0.0929530870676414,0.5,0.585764074287842,7,7,7,2019-02-01,5247.89999999997,"Total revenues accrual","Y_lag1; Payroll Mass_leg0; Hours worked_leg0; Business turnover index_leg0; Retail sales_leg0; HICPX_leg0; Stock market_leg0","OK",NA
"sg_lasso","France","Revenues","2019-02-15",2532.76857670453,NA,0.0929530870676414,0.5,0.585764074287842,7,7,7,2019-02-01,5247.89999999997,"Total revenues accrual","Y_lag1; Payroll Mass_leg0; Hours worked_leg0; Business turnover index_leg0; Retail sales_leg0; HICPX_leg0; Stock market_leg0","OK",NA
"sg_lasso","France","Revenues","2019-02-27",2562.5814555803,NA,0.0929530870676414,0.5,0.585764074287842,7,7,7,2019-02-01,5247.89999999997,"Total revenues accrual","Y_lag1; Payroll Mass_leg0; Hours worked_leg0; Business turnover index_leg0; Retail sales_leg0; HICPX_leg0; Stock market_leg0","OK",NA
"sg_lasso","France","Revenues","2019-02-28",2562.5814555803,NA,0.0929530870676414,0.5,0.585764074287842,7,7,7,2019-02-01,5247.89999999997,"Total revenues accrual","Y_lag1; Payroll Mass_leg0; Hours worked_leg0; Business turnover index_leg0; Retail sales_leg0; HICPX_leg0; Stock market_leg0","OK",NA
"sg_lasso","France","Revenues","2019-03-01",2608.52176555615,NA,0.0929530870676414,0.5,0.585764074287842,7,7,7,2019-03-01,5247.89999999997,"Total revenues accrual","Y_lag1; Payroll Mass_leg0; Hours worked_leg0; Business turnover index_leg0; Retail sales_leg0; HICPX_leg0; Stock market_leg0","OK",NA
"sg_lasso","France","Revenues","2019-03-05",1754.68767741992,NA,0.0929530870676414,0.5,0.585764074287842,7,7,7,2019-03-01,5247.89999999997,"Total revenues accrual","Y_lag1; Payroll Mass_leg0; Hours worked_leg0; Business turnover index_leg0; Retail sales_leg0; HICPX_leg0; Stock market_leg0","OK",NA
"sg_lasso","France","Revenues","2019-03-15",3028.03206325787,NA,0.36855501613657,0.5,1.57761563246909,1,1,1,2019-03-01,-1778.59999999998,"Total revenues accrual","Y_lag1","OK",NA
"sg_lasso","France","Revenues","2019-03-27",3028.03206325787,NA,0.36855501613657,0.5,1.57761563246909,1,1,1,2019-03-01,-1778.59999999998,"Total revenues accrual","Y_lag1","OK",NA
"sg_lasso","France","Revenues","2019-03-28",3028.03206325787,NA,0.36855501613657,0.5,1.57761563246909,1,1,1,2019-03-01,-1778.59999999998,"Total revenues accrual","Y_lag1","OK",NA
"sg_lasso","France","Revenues","2019-04-01",3028.03206325787,NA,0.36855501613657,0.5,1.57761563246909,1,1,1,2019-04-01,-1778.59999999998,"Total revenues accrual","Y_lag1","OK",NA
"sg_lasso","France","Revenues","2019-04-05",3028.03206325787,NA,0.36855501613657,0.5,1.57761563246909,1,1,1,2019-04-01,-1778.59999999998,"Total revenues accrual","Y_lag1","OK",NA
"sg_lasso","France","Revenues","2019-04-15",3028.03206325787,NA,0.36855501613657,0.5,1.57761563246909,1,1,1,2019-04-01,-1778.59999999998,"Total revenues accrual","Y_lag1","OK",NA
"sg_lasso","France","Revenues","2019-04-25",3028.03206325787,NA,0.36855501613657,0.5,1.57761563246909,1,1,1,2019-04-01,-1778.59999999998,"Total revenues accrual","Y_lag1","OK",NA
"sg_lasso","France","Revenues","2019-04-27",3028.03206325787,NA,0.36855501613657,0.5,1.57761563246909,1,1,1,2019-04-01,-1778.59999999998,"Total revenues accrual","Y_lag1","OK",NA
"sg_lasso","France","Revenues","2019-05-01",3028.03206325787,NA,0.36855501613657,0.5,1.57761563246909,1,1,1,2019-05-01,-1778.59999999998,"Total revenues accrual","Y_lag1","OK",NA
"sg_lasso","France","Revenues","2019-05-03",3028.03206325787,NA,0.36855501613657,0.5,1.57761563246909,1,1,1,2019-05-01,-1778.59999999998,"Total revenues accrual","Y_lag1","OK",NA
"sg_lasso","France","Revenues","2019-05-05",3028.03206325787,NA,0.36855501613657,0.5,1.57761563246909,1,1,1,2019-05-01,-1778.59999999998,"Total revenues accrual","Y_lag1","OK",NA
"sg_lasso","France","Revenues","2019-05-15",3028.03206325787,NA,0.36855501613657,0.5,1.57761563246909,1,1,1,2019-05-01,-1778.59999999998,"Total revenues accrual","Y_lag1","OK",NA
"sg_lasso","France","Revenues","2019-05-27",3028.03206325787,NA,0.36855501613657,0.5,1.57761563246909,1,1,1,2019-05-01,-1778.59999999998,"Total revenues accrual","Y_lag1","OK",NA
"sg_lasso","France","Revenues","2019-05-30",3028.03206325787,NA,0.36855501613657,0.5,1.57761563246909,1,1,1,2019-05-01,-1778.59999999998,"Total revenues accrual","Y_lag1","OK",NA
"sg_lasso","France","Revenues","2019-06-01",3028.03206325787,NA,0.36855501613657,0.5,1.57761563246909,1,1,1,2019-06-01,-1778.59999999998,"Total revenues accrual","Y_lag1","OK",NA
"sg_lasso","France","Revenues","2019-06-05",3028.03206325787,NA,0.36855501613657,0.5,1.57761563246909,1,1,1,2019-06-01,-1778.59999999998,"Total revenues accrual","Y_lag1","OK",NA
"sg_lasso","France","Revenues","2019-06-06",3028.03206325787,NA,0.36855501613657,0.5,1.57761563246909,1,1,1,2019-06-01,-1778.59999999998,"Total revenues accrual","Y_lag1","OK",NA
"sg_lasso","France","Revenues","2019-06-15",2105.35966874225,NA,0.36656270350597,0.5,1.8549806353513,1,1,1,2019-06-01,1483.70000000001,"Total revenues accrual","Y_lag1","OK",NA
"sg_lasso","France","Revenues","2019-06-27",2105.35966874225,NA,0.36656270350597,0.5,1.8549806353513,1,1,1,2019-06-01,1483.70000000001,"Total revenues accrual","Y_lag1","OK",NA
"sg_lasso","France","Revenues","2019-07-01",2105.35966874225,NA,0.36656270350597,0.5,1.8549806353513,1,1,1,2019-07-01,1483.70000000001,"Total revenues accrual","Y_lag1","OK",NA
"sg_lasso","France","Revenues","2019-07-05",2105.35966874225,NA,0.36656270350597,0.5,1.8549806353513,1,1,1,2019-07-01,1483.70000000001,"Total revenues accrual","Y_lag1","OK",NA
"sg_lasso","France","Revenues","2019-07-15",2105.35966874225,NA,0.36656270350597,0.5,1.8549806353513,1,1,1,2019-07-01,1483.70000000001,"Total revenues accrual","Y_lag1","OK",NA
"sg_lasso","France","Revenues","2019-07-25",2105.35966874225,NA,0.36656270350597,0.5,1.8549806353513,1,1,1,2019-07-01,1483.70000000001,"Total revenues accrual","Y_lag1","OK",NA
"sg_lasso","France","Revenues","2019-07-27",2105.35966874225,NA,0.36656270350597,0.5,1.8549806353513,1,1,1,2019-07-01,1483.70000000001,"Total revenues accrual","Y_lag1","OK",NA
"sg_lasso","France","Revenues","2019-08-01",2105.35966874225,NA,0.36656270350597,0.5,1.8549806353513,1,1,1,2019-08-01,1483.70000000001,"Total revenues accrual","Y_lag1","OK",NA
"sg_lasso","France","Revenues","2019-08-04",2105.35966874225,NA,0.36656270350597,0.5,1.8549806353513,1,1,1,2019-08-01,1483.70000000001,"Total revenues accrual","Y_lag1","OK",NA
"sg_lasso","France","Revenues","2019-08-05",2105.35966874225,NA,0.36656270350597,0.5,1.8549806353513,1,1,1,2019-08-01,1483.70000000001,"Total revenues accrual","Y_lag1","OK",NA
"sg_lasso","France","Revenues","2019-08-15",2105.35966874225,NA,0.36656270350597,0.5,1.8549806353513,1,1,1,2019-08-01,1483.70000000001,"Total revenues accrual","Y_lag1","OK",NA
"sg_lasso","France","Revenues","2019-08-27",2105.35966874225,NA,0.36656270350597,0.5,1.8549806353513,1,1,1,2019-08-01,1483.70000000001,"Total revenues accrual","Y_lag1","OK",NA
"sg_lasso","France","Revenues","2019-08-29",2105.35966874225,NA,0.36656270350597,0.5,1.8549806353513,1,1,1,2019-08-01,1483.70000000001,"Total revenues accrual","Y_lag1","OK",NA
"sg_lasso","France","Revenues","2019-09-01",2105.35966874225,NA,0.36656270350597,0.5,1.8549806353513,1,1,1,2019-09-01,1483.70000000001,"Total revenues accrual","Y_lag1","OK",NA
"sg_lasso","France","Revenues","2019-09-05",2105.35966874225,NA,0.36656270350597,0.5,1.8549806353513,1,1,1,2019-09-01,1483.70000000001,"Total revenues accrual","Y_lag1","OK",NA
"sg_lasso","France","Revenues","2019-09-07",2105.35966874225,NA,0.36656270350597,0.5,1.8549806353513,1,1,1,2019-09-01,1483.70000000001,"Total revenues accrual","Y_lag1","OK",NA
"sg_lasso","France","Revenues","2019-09-15",1496.41753766985,NA,0.339096098809235,0.5,1.82651561890504,1,1,1,2019-09-01,4246,"Total revenues accrual","Y_lag1","OK",NA
"sg_lasso","France","Revenues","2019-09-26",1496.41753766985,NA,0.339096098809235,0.5,1.82651561890504,1,1,1,2019-09-01,4246,"Total revenues accrual","Y_lag1","OK",NA
"sg_lasso","France","Revenues","2019-09-27",1496.41753766985,NA,0.339096098809235,0.5,1.82651561890504,1,1,1,2019-09-01,4246,"Total revenues accrual","Y_lag1","OK",NA
"sg_lasso","France","Revenues","2019-10-01",1496.41753766985,NA,0.339096098809235,0.5,1.82651561890504,1,1,1,2019-10-01,4246,"Total revenues accrual","Y_lag1","OK",NA
"sg_lasso","France","Revenues","2019-10-02",1496.41753766985,NA,0.339096098809235,0.5,1.82651561890504,1,1,1,2019-10-01,4246,"Total revenues accrual","Y_lag1","OK",NA
"sg_lasso","France","Revenues","2019-10-05",1496.41753766985,NA,0.339096098809235,0.5,1.82651561890504,1,1,1,2019-10-01,4246,"Total revenues accrual","Y_lag1","OK",NA
"sg_lasso","France","Revenues","2019-10-15",1496.41753766985,NA,0.339096098809235,0.5,1.82651561890504,1,1,1,2019-10-01,4246,"Total revenues accrual","Y_lag1","OK",NA
"sg_lasso","France","Revenues","2019-10-27",1496.41753766985,NA,0.339096098809235,0.5,1.82651561890504,1,1,1,2019-10-01,4246,"Total revenues accrual","Y_lag1","OK",NA
"sg_lasso","France","Revenues","2019-10-31",1496.41753766985,NA,0.339096098809235,0.5,1.82651561890504,1,1,1,2019-10-01,4246,"Total revenues accrual","Y_lag1","OK",NA
"sg_lasso","France","Revenues","2019-11-01",1496.41753766985,NA,0.339096098809235,0.5,1.82651561890504,1,1,1,2019-11-01,4246,"Total revenues accrual","Y_lag1","OK",NA
"sg_lasso","France","Revenues","2019-11-05",1496.41753766985,NA,0.339096098809235,0.5,1.82651561890504,1,1,1,2019-11-01,4246,"Total revenues accrual","Y_lag1","OK",NA
"sg_lasso","France","Revenues","2019-11-15",1496.41753766985,NA,0.339096098809235,0.5,1.82651561890504,1,1,1,2019-11-01,4246,"Total revenues accrual","Y_lag1","OK",NA
"sg_lasso","France","Revenues","2019-11-27",1496.41753766985,NA,0.339096098809235,0.5,1.82651561890504,1,1,1,2019-11-01,4246,"Total revenues accrual","Y_lag1","OK",NA
"sg_lasso","France","Revenues","2019-11-28",1496.41753766985,NA,0.339096098809235,0.5,1.82651561890504,1,1,1,2019-11-01,4246,"Total revenues accrual","Y_lag1","OK",NA
"sg_lasso","France","Revenues","2019-12-01",1496.41753766985,NA,0.339096098809235,0.5,1.82651561890504,1,1,1,2019-12-01,4246,"Total revenues accrual","Y_lag1","OK",NA
"sg_lasso","France","Revenues","2019-12-05",1496.41753766985,NA,0.339096098809235,0.5,1.82651561890504,1,1,1,2019-12-01,4246,"Total revenues accrual","Y_lag1","OK",NA
"sg_lasso","France","Revenues","2019-12-07",1496.41753766985,NA,0.339096098809235,0.5,1.82651561890504,1,1,1,2019-12-01,4246,"Total revenues accrual","Y_lag1","OK",NA
"sg_lasso","France","Revenues","2019-12-15",3891.25519264035,NA,0.301501434012714,0.5,1.58023388653525,2,2,2,2019-12-01,-5251.20000000001,"Total revenues accrual","Y_lag1; Payroll Mass_leg0","OK",NA
"sg_lasso","France","Revenues","2019-12-26",3891.25519264035,NA,0.301501434012714,0.5,1.58023388653525,2,2,2,2019-12-01,-5251.20000000001,"Total revenues accrual","Y_lag1; Payroll Mass_leg0","OK",NA
"sg_lasso","France","Revenues","2019-12-27",3891.25519264035,NA,0.301501434012714,0.5,1.58023388653525,2,2,2,2019-12-01,-5251.20000000001,"Total revenues accrual","Y_lag1; Payroll Mass_leg0","OK",NA
"sg_lasso","France","Revenues","2020-01-01",4004.96009274062,NA,0.301501434012714,0.5,1.58023388653525,2,2,2,2020-01-01,-5251.20000000001,"Total revenues accrual","Y_lag1; Payroll Mass_leg0","OK",NA
"sg_lasso","France","Revenues","2020-01-03",4004.96009274062,NA,0.301501434012714,0.5,1.58023388653525,2,2,2,2020-01-01,-5251.20000000001,"Total revenues accrual","Y_lag1; Payroll Mass_leg0","OK",NA
"sg_lasso","France","Revenues","2020-01-05",4004.96009274062,NA,0.301501434012714,0.5,1.58023388653525,2,2,2,2020-01-01,-5251.20000000001,"Total revenues accrual","Y_lag1; Payroll Mass_leg0","OK",NA
"sg_lasso","France","Revenues","2020-01-15",4004.96009274062,NA,0.301501434012714,0.5,1.58023388653525,2,2,2,2020-01-01,-5251.20000000001,"Total revenues accrual","Y_lag1; Payroll Mass_leg0","OK",NA
"sg_lasso","France","Revenues","2020-01-27",4004.96009274062,NA,0.301501434012714,0.5,1.58023388653525,2,2,2,2020-01-01,-5251.20000000001,"Total revenues accrual","Y_lag1; Payroll Mass_leg0","OK",NA
"sg_lasso","France","Revenues","2020-01-30",4004.96009274062,NA,0.301501434012714,0.5,1.58023388653525,2,2,2,2020-01-01,-5251.20000000001,"Total revenues accrual","Y_lag1; Payroll Mass_leg0","OK",NA
"sg_lasso","France","Revenues","2020-02-01",4118.66499284089,NA,0.301501434012714,0.5,1.58023388653525,2,2,2,2020-02-01,-5251.20000000001,"Total revenues accrual","Y_lag1; Payroll Mass_leg0","OK",NA
"sg_lasso","France","Revenues","2020-02-05",4118.66499284089,NA,0.301501434012714,0.5,1.58023388653525,2,2,2,2020-02-01,-5251.20000000001,"Total revenues accrual","Y_lag1; Payroll Mass_leg0","OK",NA
"sg_lasso","France","Revenues","2020-02-06",4118.66499284089,NA,0.301501434012714,0.5,1.58023388653525,2,2,2,2020-02-01,-5251.20000000001,"Total revenues accrual","Y_lag1; Payroll Mass_leg0","OK",NA
"sg_lasso","France","Revenues","2020-02-15",4118.66499284089,NA,0.301501434012714,0.5,1.58023388653525,2,2,2,2020-02-01,-5251.20000000001,"Total revenues accrual","Y_lag1; Payroll Mass_leg0","OK",NA
"sg_lasso","France","Revenues","2020-02-27",4118.66499284089,NA,0.301501434012714,0.5,1.58023388653525,2,2,2,2020-02-01,-5251.20000000001,"Total revenues accrual","Y_lag1; Payroll Mass_leg0","OK",NA
"sg_lasso","France","Revenues","2020-03-01",4118.66499284089,NA,0.301501434012714,0.5,1.58023388653525,2,2,2,2020-03-01,-5251.20000000001,"Total revenues accrual","Y_lag1; Payroll Mass_leg0","OK",NA
"sg_lasso","France","Revenues","2020-03-05",4118.66499284089,NA,0.301501434012714,0.5,1.58023388653525,2,2,2,2020-03-01,-5251.20000000001,"Total revenues accrual","Y_lag1; Payroll Mass_leg0","OK",NA
"sg_lasso","France","Revenues","2020-03-07",4118.66499284089,NA,0.301501434012714,0.5,1.58023388653525,2,2,2,2020-03-01,-5251.20000000001,"Total revenues accrual","Y_lag1; Payroll Mass_leg0","OK",NA
"sg_lasso","France","Revenues","2020-03-15",776.090399656645,NA,0.490440017205515,0.5,0.937409743188556,2,2,2,2020-03-01,-9414.79999999999,"Total revenues accrual","Y_lag1; Payroll Mass_leg0","OK",NA
"sg_lasso","France","Revenues","2020-03-26",776.090399656645,NA,0.490440017205515,0.5,0.937409743188556,2,2,2,2020-03-01,-9414.79999999999,"Total revenues accrual","Y_lag1; Payroll Mass_leg0","OK",NA
"sg_lasso","France","Revenues","2020-03-27",776.090399656645,NA,0.490440017205515,0.5,0.937409743188556,2,2,2,2020-03-01,-9414.79999999999,"Total revenues accrual","Y_lag1; Payroll Mass_leg0","OK",NA
"sg_lasso","France","Revenues","2020-04-01",386.03279010754,NA,0.490440017205515,0.5,0.937409743188556,2,2,2,2020-04-01,-9414.79999999999,"Total revenues accrual","Y_lag1; Payroll Mass_leg0","OK",NA
"sg_lasso","France","Revenues","2020-04-03",386.03279010754,NA,0.490440017205515,0.5,0.937409743188556,2,2,2,2020-04-01,-9414.79999999999,"Total revenues accrual","Y_lag1; Payroll Mass_leg0","OK",NA
"sg_lasso","France","Revenues","2020-04-05",386.03279010754,NA,0.490440017205515,0.5,0.937409743188556,2,2,2,2020-04-01,-9414.79999999999,"Total revenues accrual","Y_lag1; Payroll Mass_leg0","OK",NA
"sg_lasso","France","Revenues","2020-04-15",386.03279010754,NA,0.490440017205515,0.5,0.937409743188556,2,2,2,2020-04-01,-9414.79999999999,"Total revenues accrual","Y_lag1; Payroll Mass_leg0","OK",NA
"sg_lasso","France","Revenues","2020-04-27",386.03279010754,NA,0.490440017205515,0.5,0.937409743188556,2,2,2,2020-04-01,-9414.79999999999,"Total revenues accrual","Y_lag1; Payroll Mass_leg0","OK",NA
"sg_lasso","France","Revenues","2020-04-30",386.03279010754,NA,0.490440017205515,0.5,0.937409743188556,2,2,2,2020-04-01,-9414.79999999999,"Total revenues accrual","Y_lag1; Payroll Mass_leg0","OK",NA
"sg_lasso","France","Revenues","2020-05-01",-4.0248194415642,NA,0.490440017205515,0.5,0.937409743188556,2,2,2,2020-05-01,-9414.79999999999,"Total revenues accrual","Y_lag1; Payroll Mass_leg0","OK",NA
"sg_lasso","France","Revenues","2020-05-05",-4.0248194415642,NA,0.490440017205515,0.5,0.937409743188556,2,2,2,2020-05-01,-9414.79999999999,"Total revenues accrual","Y_lag1; Payroll Mass_leg0","OK",NA
"sg_lasso","France","Revenues","2020-05-15",-4.0248194415642,NA,0.490440017205515,0.5,0.937409743188556,2,2,2,2020-05-01,-9414.79999999999,"Total revenues accrual","Y_lag1; Payroll Mass_leg0","OK",NA
"sg_lasso","France","Revenues","2020-05-27",-4.0248194415642,NA,0.490440017205515,0.5,0.937409743188556,2,2,2,2020-05-01,-9414.79999999999,"Total revenues accrual","Y_lag1; Payroll Mass_leg0","OK",NA
"sg_lasso","France","Revenues","2020-05-28",-4.0248194415642,NA,0.490440017205515,0.5,0.937409743188556,2,2,2,2020-05-01,-9414.79999999999,"Total revenues accrual","Y_lag1; Payroll Mass_leg0","OK",NA
"sg_lasso","France","Revenues","2020-06-01",-4.0248194415642,NA,0.490440017205515,0.5,0.937409743188556,2,2,2,2020-06-01,-9414.79999999999,"Total revenues accrual","Y_lag1; Payroll Mass_leg0","OK",NA
"sg_lasso","France","Revenues","2020-06-05",-4.0248194415642,NA,0.490440017205515,0.5,0.937409743188556,2,2,2,2020-06-01,-9414.79999999999,"Total revenues accrual","Y_lag1; Payroll Mass_leg0","OK",NA
"sg_lasso","France","Revenues","2020-06-15",-20061.7663721418,NA,0.000877504346352901,0.5,0.358162949905702,12,12,12,2020-06-01,-27588.3,"Total revenues accrual","Y_lag1; Payroll Mass_leg0; Hours worked_leg0; IP_leg0; Business turnover index_leg0; ESI_leg0; Retail sales_leg0; Private consumption_leg0; HICPX_leg0; Energy prices_leg0; Stock market_leg0; Cash revenues_leg0","OK",NA
"sg_lasso","France","Revenues","2020-06-25",-20052.8762625916,NA,0.000799549278726229,0.5,0.361383542819842,12,12,12,2020-06-01,-27588.3,"Total revenues accrual","Y_lag1; Payroll Mass_leg0; Hours worked_leg0; IP_leg0; Business turnover index_leg0; ESI_leg0; Retail sales_leg0; Private consumption_leg0; HICPX_leg0; Energy prices_leg0; Stock market_leg0; Cash revenues_leg0","OK",NA
"sg_lasso","France","Revenues","2020-06-27",-20070.3885109353,NA,0.000877504346352901,0.5,0.363619623370713,12,12,12,2020-06-01,-27588.3,"Total revenues accrual","Y_lag1; Payroll Mass_leg0; Hours worked_leg0; IP_leg0; Business turnover index_leg0; ESI_leg0; Retail sales_leg0; Private consumption_leg0; HICPX_leg0; Energy prices_leg0; Stock market_leg0; Cash revenues_leg0","OK",NA
"sg_lasso","France","Revenues","2020-07-01",-21035.9322500489,NA,0.000877504346352901,0.5,0.363619623370713,12,12,12,2020-07-01,-27588.3,"Total revenues accrual","Y_lag1; Payroll Mass_leg0; Hours worked_leg0; IP_leg0; Business turnover index_leg0; ESI_leg0; Retail sales_leg0; Private consumption_leg0; HICPX_leg0; Energy prices_leg0; Stock market_leg0; Cash revenues_leg0","OK",NA
"sg_lasso","France","Revenues","2020-07-03",-22182.5525414586,NA,0.000877504346352901,0.5,0.363619623370713,12,12,12,2020-07-01,-27588.3,"Total revenues accrual","Y_lag1; Payroll Mass_leg0; Hours worked_leg0; IP_leg0; Business turnover index_leg0; ESI_leg0; Retail sales_leg0; Private consumption_leg0; HICPX_leg0; Energy prices_leg0; Stock market_leg0; Cash revenues_leg0","OK",NA
"sg_lasso","France","Revenues","2020-07-05",-16247.016404403,NA,0.000877504346352901,0.5,0.363619623370713,12,12,12,2020-07-01,-27588.3,"Total revenues accrual","Y_lag1; Payroll Mass_leg0; Hours worked_leg0; IP_leg0; Business turnover index_leg0; ESI_leg0; Retail sales_leg0; Private consumption_leg0; HICPX_leg0; Energy prices_leg0; Stock market_leg0; Cash revenues_leg0","OK",NA
"sg_lasso","France","Revenues","2020-07-15",-15511.1096030942,NA,0.000877504346352901,0.5,0.363619623370713,12,12,12,2020-07-01,-27588.3,"Total revenues accrual","Y_lag1; Payroll Mass_leg0; Hours worked_leg0; IP_leg0; Business turnover index_leg0; ESI_leg0; Retail sales_leg0; Private consumption_leg0; HICPX_leg0; Energy prices_leg0; Stock market_leg0; Cash revenues_leg0","OK",NA
"sg_lasso","France","Revenues","2020-07-27",-15832.606492699,NA,0.000877504346352901,0.5,0.363619623370713,12,12,12,2020-07-01,-27588.3,"Total revenues accrual","Y_lag1; Payroll Mass_leg0; Hours worked_leg0; IP_leg0; Business turnover index_leg0; ESI_leg0; Retail sales_leg0; Private consumption_leg0; HICPX_leg0; Energy prices_leg0; Stock market_leg0; Cash revenues_leg0","OK",NA
"sg_lasso","France","Revenues","2020-07-30",-15916.0805984888,NA,0.000877504346352901,0.5,0.363619623370713,12,12,12,2020-07-01,-27588.3,"Total revenues accrual","Y_lag1; Payroll Mass_leg0; Hours worked_leg0; IP_leg0; Business turnover index_leg0; ESI_leg0; Retail sales_leg0; Private consumption_leg0; HICPX_leg0; Energy prices_leg0; Stock market_leg0; Cash revenues_leg0","OK",NA
"sg_lasso","France","Revenues","2020-08-01",-17127.6479898517,NA,0.000877504346352901,0.5,0.363619623370713,12,12,12,2020-08-01,-27588.3,"Total revenues accrual","Y_lag1; Payroll Mass_leg0; Hours worked_leg0; IP_leg0; Business turnover index_leg0; ESI_leg0; Retail sales_leg0; Private consumption_leg0; HICPX_leg0; Energy prices_leg0; Stock market_leg0; Cash revenues_leg0","OK",NA
"sg_lasso","France","Revenues","2020-08-05",-17441.6471148891,NA,0.000877504346352901,0.5,0.363619623370713,12,12,12,2020-08-01,-27588.3,"Total revenues accrual","Y_lag1; Payroll Mass_leg0; Hours worked_leg0; IP_leg0; Business turnover index_leg0; ESI_leg0; Retail sales_leg0; Private consumption_leg0; HICPX_leg0; Energy prices_leg0; Stock market_leg0; Cash revenues_leg0","OK",NA
"sg_lasso","France","Revenues","2020-08-06",-15462.6699393484,NA,0.000877504346352901,0.5,0.363619623370713,12,12,12,2020-08-01,-27588.3,"Total revenues accrual","Y_lag1; Payroll Mass_leg0; Hours worked_leg0; IP_leg0; Business turnover index_leg0; ESI_leg0; Retail sales_leg0; Private consumption_leg0; HICPX_leg0; Energy prices_leg0; Stock market_leg0; Cash revenues_leg0","OK",NA
"sg_lasso","France","Revenues","2020-08-15",-15640.9471848471,NA,0.000877504346352901,0.5,0.363619623370713,12,12,12,2020-08-01,-27588.3,"Total revenues accrual","Y_lag1; Payroll Mass_leg0; Hours worked_leg0; IP_leg0; Business turnover index_leg0; ESI_leg0; Retail sales_leg0; Private consumption_leg0; HICPX_leg0; Energy prices_leg0; Stock market_leg0; Cash revenues_leg0","OK",NA
"sg_lasso","France","Revenues","2020-08-27",-15039.3999303098,NA,0.000877504346352901,0.5,0.363619623370713,12,12,12,2020-08-01,-27588.3,"Total revenues accrual","Y_lag1; Payroll Mass_leg0; Hours worked_leg0; IP_leg0; Business turnover index_leg0; ESI_leg0; Retail sales_leg0; Private consumption_leg0; HICPX_leg0; Energy prices_leg0; Stock market_leg0; Cash revenues_leg0","OK",NA
"sg_lasso","France","Revenues","2020-09-01",-7986.5948944722,NA,0.000877504346352901,0.5,0.363619623370713,12,12,12,2020-09-01,-27588.3,"Total revenues accrual","Y_lag1; Payroll Mass_leg0; Hours worked_leg0; IP_leg0; Business turnover index_leg0; ESI_leg0; Retail sales_leg0; Private consumption_leg0; HICPX_leg0; Energy prices_leg0; Stock market_leg0; Cash revenues_leg0","OK",NA
"sg_lasso","France","Revenues","2020-09-02",-9400.03448184103,NA,0.000877504346352901,0.5,0.363619623370713,12,12,12,2020-09-01,-27588.3,"Total revenues accrual","Y_lag1; Payroll Mass_leg0; Hours worked_leg0; IP_leg0; Business turnover index_leg0; ESI_leg0; Retail sales_leg0; Private consumption_leg0; HICPX_leg0; Energy prices_leg0; Stock market_leg0; Cash revenues_leg0","OK",NA
"sg_lasso","France","Revenues","2020-09-05",-975.277307620518,NA,0.000877504346352901,0.5,0.363619623370713,12,12,12,2020-09-01,-27588.3,"Total revenues accrual","Y_lag1; Payroll Mass_leg0; Hours worked_leg0; IP_leg0; Business turnover index_leg0; ESI_leg0; Retail sales_leg0; Private consumption_leg0; HICPX_leg0; Energy prices_leg0; Stock market_leg0; Cash revenues_leg0","OK",NA
"sg_lasso","France","Revenues","2020-09-15",6340.21329494726,NA,0.000746714223392372,0.5,0.194063950126064,12,12,12,2020-09-01,34163.7,"Total revenues accrual","Y_lag1; Payroll Mass_leg0; Hours worked_leg0; IP_leg0; Business turnover index_leg0; ESI_leg0; Retail sales_leg0; Private consumption_leg0; HICPX_leg0; Energy prices_leg0; Stock market_leg0; Cash revenues_leg0","OK",NA
"sg_lasso","France","Revenues","2020-09-24",6312.11128418988,NA,0.000746714223392372,0.5,0.194064365530364,12,12,12,2020-09-01,34163.7,"Total revenues accrual","Y_lag1; Payroll Mass_leg0; Hours worked_leg0; IP_leg0; Business turnover index_leg0; ESI_leg0; Retail sales_leg0; Private consumption_leg0; HICPX_leg0; Energy prices_leg0; Stock market_leg0; Cash revenues_leg0","OK",NA
"sg_lasso","France","Revenues","2020-09-27",6343.18925106762,NA,0.000680378189816831,0.5,0.191817504197804,12,12,12,2020-09-01,34163.7,"Total revenues accrual","Y_lag1; Payroll Mass_leg0; Hours worked_leg0; IP_leg0; Business turnover index_leg0; ESI_leg0; Retail sales_leg0; Private consumption_leg0; HICPX_leg0; Energy prices_leg0; Stock market_leg0; Cash revenues_leg0","OK",NA
"sg_lasso","France","Revenues","2020-10-01",6200.32334932697,NA,0.000680378189816831,0.5,0.191817504197804,12,12,12,2020-10-01,34163.7,"Total revenues accrual","Y_lag1; Payroll Mass_leg0; Hours worked_leg0; IP_leg0; Business turnover index_leg0; ESI_leg0; Retail sales_leg0; Private consumption_leg0; HICPX_leg0; Energy prices_leg0; Stock market_leg0; Cash revenues_leg0","OK",NA
"sg_lasso","France","Revenues","2020-10-04",7424.3453149967,NA,0.000680378189816831,0.5,0.191817504197804,12,12,12,2020-10-01,34163.7,"Total revenues accrual","Y_lag1; Payroll Mass_leg0; Hours worked_leg0; IP_leg0; Business turnover index_leg0; ESI_leg0; Retail sales_leg0; Private consumption_leg0; HICPX_leg0; Energy prices_leg0; Stock market_leg0; Cash revenues_leg0","OK",NA
"sg_lasso","France","Revenues","2020-10-05",7908.41203355821,NA,0.000680378189816831,0.5,0.191817504197804,12,12,12,2020-10-01,34163.7,"Total revenues accrual","Y_lag1; Payroll Mass_leg0; Hours worked_leg0; IP_leg0; Business turnover index_leg0; ESI_leg0; Retail sales_leg0; Private consumption_leg0; HICPX_leg0; Energy prices_leg0; Stock market_leg0; Cash revenues_leg0","OK",NA
"sg_lasso","France","Revenues","2020-10-15",7162.6559973277,NA,0.000680378189816831,0.5,0.191817504197804,12,12,12,2020-10-01,34163.7,"Total revenues accrual","Y_lag1; Payroll Mass_leg0; Hours worked_leg0; IP_leg0; Business turnover index_leg0; ESI_leg0; Retail sales_leg0; Private consumption_leg0; HICPX_leg0; Energy prices_leg0; Stock market_leg0; Cash revenues_leg0","OK",NA
"sg_lasso","France","Revenues","2020-10-27",6925.33838803026,NA,0.000680378189816831,0.5,0.191817504197804,12,12,12,2020-10-01,34163.7,"Total revenues accrual","Y_lag1; Payroll Mass_leg0; Hours worked_leg0; IP_leg0; Business turnover index_leg0; ESI_leg0; Retail sales_leg0; Private consumption_leg0; HICPX_leg0; Energy prices_leg0; Stock market_leg0; Cash revenues_leg0","OK",NA
"sg_lasso","France","Revenues","2020-10-29",6977.19056872541,NA,0.000680378189816831,0.5,0.191817504197804,12,12,12,2020-10-01,34163.7,"Total revenues accrual","Y_lag1; Payroll Mass_leg0; Hours worked_leg0; IP_leg0; Business turnover index_leg0; ESI_leg0; Retail sales_leg0; Private consumption_leg0; HICPX_leg0; Energy prices_leg0; Stock market_leg0; Cash revenues_leg0","OK",NA
"sg_lasso","France","Revenues","2020-11-01",4881.10442938366,NA,0.000680378189816831,0.5,0.191817504197804,12,12,12,2020-11-01,34163.7,"Total revenues accrual","Y_lag1; Payroll Mass_leg0; Hours worked_leg0; IP_leg0; Business turnover index_leg0; ESI_leg0; Retail sales_leg0; Private consumption_leg0; HICPX_leg0; Energy prices_leg0; Stock market_leg0; Cash revenues_leg0","OK",NA
"sg_lasso","France","Revenues","2020-11-05",3733.86280486988,NA,0.000680378189816831,0.5,0.191817504197804,12,12,12,2020-11-01,34163.7,"Total revenues accrual","Y_lag1; Payroll Mass_leg0; Hours worked_leg0; IP_leg0; Business turnover index_leg0; ESI_leg0; Retail sales_leg0; Private consumption_leg0; HICPX_leg0; Energy prices_leg0; Stock market_leg0; Cash revenues_leg0","OK",NA
"sg_lasso","France","Revenues","2020-11-07",-3328.40179659211,NA,0.000680378189816831,0.5,0.191817504197804,12,12,12,2020-11-01,34163.7,"Total revenues accrual","Y_lag1; Payroll Mass_leg0; Hours worked_leg0; IP_leg0; Business turnover index_leg0; ESI_leg0; Retail sales_leg0; Private consumption_leg0; HICPX_leg0; Energy prices_leg0; Stock market_leg0; Cash revenues_leg0","OK",NA
"sg_lasso","France","Revenues","2020-11-15",-2740.1260741109,NA,0.000680378189816831,0.5,0.191817504197804,12,12,12,2020-11-01,34163.7,"Total revenues accrual","Y_lag1; Payroll Mass_leg0; Hours worked_leg0; IP_leg0; Business turnover index_leg0; ESI_leg0; Retail sales_leg0; Private consumption_leg0; HICPX_leg0; Energy prices_leg0; Stock market_leg0; Cash revenues_leg0","OK",NA
"sg_lasso","France","Revenues","2020-11-26",-2657.85989186925,NA,0.000680378189816831,0.5,0.191817504197804,12,12,12,2020-11-01,34163.7,"Total revenues accrual","Y_lag1; Payroll Mass_leg0; Hours worked_leg0; IP_leg0; Business turnover index_leg0; ESI_leg0; Retail sales_leg0; Private consumption_leg0; HICPX_leg0; Energy prices_leg0; Stock market_leg0; Cash revenues_leg0","OK",NA
"sg_lasso","France","Revenues","2020-11-27",-2697.04228913285,NA,0.000680378189816831,0.5,0.191817504197804,12,12,12,2020-11-01,34163.7,"Total revenues accrual","Y_lag1; Payroll Mass_leg0; Hours worked_leg0; IP_leg0; Business turnover index_leg0; ESI_leg0; Retail sales_leg0; Private consumption_leg0; HICPX_leg0; Energy prices_leg0; Stock market_leg0; Cash revenues_leg0","OK",NA
"sg_lasso","France","Revenues","2020-12-01",-9332.07590778242,NA,0.000680378189816831,0.5,0.191817504197804,12,12,12,2020-12-01,34163.7,"Total revenues accrual","Y_lag1; Payroll Mass_leg0; Hours worked_leg0; IP_leg0; Business turnover index_leg0; ESI_leg0; Retail sales_leg0; Private consumption_leg0; HICPX_leg0; Energy prices_leg0; Stock market_leg0; Cash revenues_leg0","OK",NA
"sg_lasso","France","Revenues","2020-12-02",-567.094738162142,NA,0.000680378189816831,0.5,0.191817504197804,12,12,12,2020-12-01,34163.7,"Total revenues accrual","Y_lag1; Payroll Mass_leg0; Hours worked_leg0; IP_leg0; Business turnover index_leg0; ESI_leg0; Retail sales_leg0; Private consumption_leg0; HICPX_leg0; Energy prices_leg0; Stock market_leg0; Cash revenues_leg0","OK",NA
"sg_lasso","France","Revenues","2020-12-05",-15087.1243420696,NA,0.000680378189816831,0.5,0.191817504197804,12,12,12,2020-12-01,34163.7,"Total revenues accrual","Y_lag1; Payroll Mass_leg0; Hours worked_leg0; IP_leg0; Business turnover index_leg0; ESI_leg0; Retail sales_leg0; Private consumption_leg0; HICPX_leg0; Energy prices_leg0; Stock market_leg0; Cash revenues_leg0","OK",NA
"sg_lasso","France","Revenues","2020-12-15",12132.4531235166,NA,0.0116530329403752,0.5,0.657100700440004,8,8,8,2020-12-01,-7272.20000000001,"Total revenues accrual","Y_lag1; IP_leg0; Business turnover index_leg0; Retail sales_leg0; Private consumption_leg0; Energy prices_leg0; Stock market_leg0; Cash revenues_leg0","OK",NA
"sg_lasso","France","Revenues","2020-12-27",12097.1579301864,NA,0.0116530329403752,0.5,0.657291225377665,8,8,8,2020-12-01,-7272.20000000001,"Total revenues accrual","Y_lag1; IP_leg0; Business turnover index_leg0; Retail sales_leg0; Private consumption_leg0; Energy prices_leg0; Stock market_leg0; Cash revenues_leg0","OK",NA
"sg_lasso","France","Revenues","2020-12-31",12097.1579301864,NA,0.0116530329403752,0.5,0.657323699427526,8,8,8,2020-12-01,-7272.20000000001,"Total revenues accrual","Y_lag1; IP_leg0; Business turnover index_leg0; Retail sales_leg0; Private consumption_leg0; Energy prices_leg0; Stock market_leg0; Cash revenues_leg0","OK",NA
"sg_lasso","France","Revenues","2021-01-01",8616.91790028062,NA,0.0116530329403752,0.5,0.657323699427526,8,8,8,2021-01-01,-7272.20000000001,"Total revenues accrual","Y_lag1; IP_leg0; Business turnover index_leg0; Retail sales_leg0; Private consumption_leg0; Energy prices_leg0; Stock market_leg0; Cash revenues_leg0","OK",NA
"sg_lasso","France","Revenues","2021-01-05",5491.27502821744,NA,0.0116530329403752,0.5,0.657323699427526,8,8,8,2021-01-01,-7272.20000000001,"Total revenues accrual","Y_lag1; IP_leg0; Business turnover index_leg0; Retail sales_leg0; Private consumption_leg0; Energy prices_leg0; Stock market_leg0; Cash revenues_leg0","OK",NA
"sg_lasso","France","Revenues","2021-01-15",5411.78116334312,NA,0.0116530329403752,0.5,0.657323699427526,8,8,8,2021-01-01,-7272.20000000001,"Total revenues accrual","Y_lag1; IP_leg0; Business turnover index_leg0; Retail sales_leg0; Private consumption_leg0; Energy prices_leg0; Stock market_leg0; Cash revenues_leg0","OK",NA
"sg_lasso","France","Revenues","2021-01-27",5412.04633364923,NA,0.0116530329403752,0.5,0.657323699427526,8,8,8,2021-01-01,-7272.20000000001,"Total revenues accrual","Y_lag1; IP_leg0; Business turnover index_leg0; Retail sales_leg0; Private consumption_leg0; Energy prices_leg0; Stock market_leg0; Cash revenues_leg0","OK",NA
"sg_lasso","France","Revenues","2021-01-28",5412.04633364923,NA,0.0116530329403752,0.5,0.657323699427526,8,8,8,2021-01-01,-7272.20000000001,"Total revenues accrual","Y_lag1; IP_leg0; Business turnover index_leg0; Retail sales_leg0; Private consumption_leg0; Energy prices_leg0; Stock market_leg0; Cash revenues_leg0","OK",NA
"sg_lasso","France","Revenues","2021-02-01",8533.26376428874,NA,0.0116530329403752,0.5,0.657323699427526,8,8,8,2021-02-01,-7272.20000000001,"Total revenues accrual","Y_lag1; IP_leg0; Business turnover index_leg0; Retail sales_leg0; Private consumption_leg0; Energy prices_leg0; Stock market_leg0; Cash revenues_leg0","OK",NA
"sg_lasso","France","Revenues","2021-02-05",8536.31430193298,NA,0.0116530329403752,0.5,0.657323699427526,8,8,8,2021-02-01,-7272.20000000001,"Total revenues accrual","Y_lag1; IP_leg0; Business turnover index_leg0; Retail sales_leg0; Private consumption_leg0; Energy prices_leg0; Stock market_leg0; Cash revenues_leg0","OK",NA
"sg_lasso","France","Revenues","2021-02-15",8952.10202084655,NA,0.0116530329403752,0.5,0.657323699427526,8,8,8,2021-02-01,-7272.20000000001,"Total revenues accrual","Y_lag1; IP_leg0; Business turnover index_leg0; Retail sales_leg0; Private consumption_leg0; Energy prices_leg0; Stock market_leg0; Cash revenues_leg0","OK",NA
"sg_lasso","France","Revenues","2021-02-25",8952.10202084655,NA,0.0116530329403752,0.5,0.657323699427526,8,8,8,2021-02-01,-7272.20000000001,"Total revenues accrual","Y_lag1; IP_leg0; Business turnover index_leg0; Retail sales_leg0; Private consumption_leg0; Energy prices_leg0; Stock market_leg0; Cash revenues_leg0","OK",NA
"sg_lasso","France","Revenues","2021-02-27",8891.13546061489,NA,0.0116530329403752,0.5,0.657323699427526,8,8,8,2021-02-01,-7272.20000000001,"Total revenues accrual","Y_lag1; IP_leg0; Business turnover index_leg0; Retail sales_leg0; Private consumption_leg0; Energy prices_leg0; Stock market_leg0; Cash revenues_leg0","OK",NA
"sg_lasso","France","Revenues","2021-03-01",7194.75148968308,NA,0.0116530329403752,0.5,0.657323699427526,8,8,8,2021-03-01,-7272.20000000001,"Total revenues accrual","Y_lag1; IP_leg0; Business turnover index_leg0; Retail sales_leg0; Private consumption_leg0; Energy prices_leg0; Stock market_leg0; Cash revenues_leg0","OK",NA
"sg_lasso","France","Revenues","2021-03-05",10014.1278131093,NA,0.0116530329403752,0.5,0.657323699427526,8,8,8,2021-03-01,-7272.20000000001,"Total revenues accrual","Y_lag1; IP_leg0; Business turnover index_leg0; Retail sales_leg0; Private consumption_leg0; Energy prices_leg0; Stock market_leg0; Cash revenues_leg0","OK",NA
"sg_lasso","France","Revenues","2021-03-15",2215.78465456191,NA,0.0154429727909203,0.5,0.311738672996428,8,8,8,2021-03-01,9587.60000000003,"Total revenues accrual","Y_lag1; IP_leg0; Business turnover index_leg0; Retail sales_leg0; Private consumption_leg0; Energy prices_leg0; Stock market_leg0; Cash revenues_leg0","OK",NA
"sg_lasso","France","Revenues","2021-03-25",2215.78465456191,NA,0.0154429727909203,0.5,0.311821189079335,8,8,8,2021-03-01,9587.60000000003,"Total revenues accrual","Y_lag1; IP_leg0; Business turnover index_leg0; Retail sales_leg0; Private consumption_leg0; Energy prices_leg0; Stock market_leg0; Cash revenues_leg0","OK",NA
"sg_lasso","France","Revenues","2021-03-27",2215.46893359771,NA,0.0154429727909203,0.5,0.31174756841308,8,8,8,2021-03-01,9587.60000000003,"Total revenues accrual","Y_lag1; IP_leg0; Business turnover index_leg0; Retail sales_leg0; Private consumption_leg0; Energy prices_leg0; Stock market_leg0; Cash revenues_leg0","OK",NA
"sg_lasso","France","Revenues","2021-04-01",5393.57934593317,NA,0.0154429727909203,0.5,0.31174756841308,8,8,8,2021-04-01,9587.60000000003,"Total revenues accrual","Y_lag1; IP_leg0; Business turnover index_leg0; Retail sales_leg0; Private consumption_leg0; Energy prices_leg0; Stock market_leg0; Cash revenues_leg0","OK",NA
"sg_lasso","France","Revenues","2021-04-04",3352.53915803578,NA,0.0154429727909203,0.5,0.31174756841308,8,8,8,2021-04-01,9587.60000000003,"Total revenues accrual","Y_lag1; IP_leg0; Business turnover index_leg0; Retail sales_leg0; Private consumption_leg0; Energy prices_leg0; Stock market_leg0; Cash revenues_leg0","OK",NA
"sg_lasso","France","Revenues","2021-04-05",-1264.86986237239,NA,0.0154429727909203,0.5,0.31174756841308,8,8,8,2021-04-01,9587.60000000003,"Total revenues accrual","Y_lag1; IP_leg0; Business turnover index_leg0; Retail sales_leg0; Private consumption_leg0; Energy prices_leg0; Stock market_leg0; Cash revenues_leg0","OK",NA
"sg_lasso","France","Revenues","2021-04-15",-2093.67569259938,NA,0.0154429727909203,0.5,0.31174756841308,8,8,8,2021-04-01,9587.60000000003,"Total revenues accrual","Y_lag1; IP_leg0; Business turnover index_leg0; Retail sales_leg0; Private consumption_leg0; Energy prices_leg0; Stock market_leg0; Cash revenues_leg0","OK",NA
"sg_lasso","France","Revenues","2021-04-27",-1945.39905905888,NA,0.0154429727909203,0.5,0.31174756841308,8,8,8,2021-04-01,9587.60000000003,"Total revenues accrual","Y_lag1; IP_leg0; Business turnover index_leg0; Retail sales_leg0; Private consumption_leg0; Energy prices_leg0; Stock market_leg0; Cash revenues_leg0","OK",NA
"sg_lasso","France","Revenues","2021-04-29",-1945.39905905888,NA,0.0154429727909203,0.5,0.31174756841308,8,8,8,2021-04-01,9587.60000000003,"Total revenues accrual","Y_lag1; IP_leg0; Business turnover index_leg0; Retail sales_leg0; Private consumption_leg0; Energy prices_leg0; Stock market_leg0; Cash revenues_leg0","OK",NA
"sg_lasso","France","Revenues","2021-05-01",-6780.6777880129,NA,0.0154429727909203,0.5,0.31174756841308,8,8,8,2021-05-01,9587.60000000003,"Total revenues accrual","Y_lag1; IP_leg0; Business turnover index_leg0; Retail sales_leg0; Private consumption_leg0; Energy prices_leg0; Stock market_leg0; Cash revenues_leg0","OK",NA
"sg_lasso","France","Revenues","2021-05-05",-2113.63179521289,NA,0.0154429727909203,0.5,0.31174756841308,8,8,8,2021-05-01,9587.60000000003,"Total revenues accrual","Y_lag1; IP_leg0; Business turnover index_leg0; Retail sales_leg0; Private consumption_leg0; Energy prices_leg0; Stock market_leg0; Cash revenues_leg0","OK",NA
"sg_lasso","France","Revenues","2021-05-06",93.7411207016546,NA,0.0154429727909203,0.5,0.31174756841308,8,8,8,2021-05-01,9587.60000000003,"Total revenues accrual","Y_lag1; IP_leg0; Business turnover index_leg0; Retail sales_leg0; Private consumption_leg0; Energy prices_leg0; Stock market_leg0; Cash revenues_leg0","OK",NA
"sg_lasso","France","Revenues","2021-05-15",1126.91005887566,NA,0.0154429727909203,0.5,0.31174756841308,8,8,8,2021-05-01,9587.60000000003,"Total revenues accrual","Y_lag1; IP_leg0; Business turnover index_leg0; Retail sales_leg0; Private consumption_leg0; Energy prices_leg0; Stock market_leg0; Cash revenues_leg0","OK",NA
"sg_lasso","France","Revenues","2021-05-27",1074.95732155655,NA,0.0154429727909203,0.5,0.31174756841308,8,8,8,2021-05-01,9587.60000000003,"Total revenues accrual","Y_lag1; IP_leg0; Business turnover index_leg0; Retail sales_leg0; Private consumption_leg0; Energy prices_leg0; Stock market_leg0; Cash revenues_leg0","OK",NA
"sg_lasso","France","Revenues","2021-06-01",1433.26929067824,NA,0.0154429727909203,0.5,0.31174756841308,8,8,8,2021-06-01,9587.60000000003,"Total revenues accrual","Y_lag1; IP_leg0; Business turnover index_leg0; Retail sales_leg0; Private consumption_leg0; Energy prices_leg0; Stock market_leg0; Cash revenues_leg0","OK",NA
"sg_lasso","France","Revenues","2021-06-02",2210.0541206153,NA,0.0154429727909203,0.5,0.31174756841308,8,8,8,2021-06-01,9587.60000000003,"Total revenues accrual","Y_lag1; IP_leg0; Business turnover index_leg0; Retail sales_leg0; Private consumption_leg0; Energy prices_leg0; Stock market_leg0; Cash revenues_leg0","OK",NA
"sg_lasso","France","Revenues","2021-06-05",461.834572221579,NA,0.0154429727909203,0.5,0.31174756841308,8,8,8,2021-06-01,9587.60000000003,"Total revenues accrual","Y_lag1; IP_leg0; Business turnover index_leg0; Retail sales_leg0; Private consumption_leg0; Energy prices_leg0; Stock market_leg0; Cash revenues_leg0","OK",NA
"sg_lasso","France","Revenues","2021-06-15",6257.07333932653,NA,0.000101433544530316,0.5,0.233652338151924,12,12,12,2021-06-01,4095.39999999997,"Total revenues accrual","Y_lag1; Payroll Mass_leg0; Hours worked_leg0; IP_leg0; Business turnover index_leg0; ESI_leg0; Retail sales_leg0; Private consumption_leg0; HICPX_leg0; Energy prices_leg0; Stock market_leg0; Cash revenues_leg0","OK",NA
"sg_lasso","France","Revenues","2021-06-24",6235.74568797656,NA,0.0000842119106669651,0.5,0.23316739720075,12,12,12,2021-06-01,4095.39999999997,"Total revenues accrual","Y_lag1; Payroll Mass_leg0; Hours worked_leg0; IP_leg0; Business turnover index_leg0; ESI_leg0; Retail sales_leg0; Private consumption_leg0; HICPX_leg0; Energy prices_leg0; Stock market_leg0; Cash revenues_leg0","OK",NA
"sg_lasso","France","Revenues","2021-06-27",6086.50147734623,NA,0.000177257999780171,0.5,0.230938062893916,12,12,12,2021-06-01,4095.39999999997,"Total revenues accrual","Y_lag1; Payroll Mass_leg0; Hours worked_leg0; IP_leg0; Business turnover index_leg0; ESI_leg0; Retail sales_leg0; Private consumption_leg0; HICPX_leg0; Energy prices_leg0; Stock market_leg0; Cash revenues_leg0","OK",NA
"sg_lasso","France","Revenues","2021-07-01",12545.2264112551,NA,0.000177257999780171,0.5,0.230938062893916,12,12,12,2021-07-01,4095.39999999997,"Total revenues accrual","Y_lag1; Payroll Mass_leg0; Hours worked_leg0; IP_leg0; Business turnover index_leg0; ESI_leg0; Retail sales_leg0; Private consumption_leg0; HICPX_leg0; Energy prices_leg0; Stock market_leg0; Cash revenues_leg0","OK",NA
"sg_lasso","France","Revenues","2021-07-04",12407.2418002361,NA,0.000177257999780171,0.5,0.230938062893916,12,12,12,2021-07-01,4095.39999999997,"Total revenues accrual","Y_lag1; Payroll Mass_leg0; Hours worked_leg0; IP_leg0; Business turnover index_leg0; ESI_leg0; Retail sales_leg0; Private consumption_leg0; HICPX_leg0; Energy prices_leg0; Stock market_leg0; Cash revenues_leg0","OK",NA
"sg_lasso","France","Revenues","2021-07-05",10560.6678035028,NA,0.000177257999780171,0.5,0.230938062893916,12,12,12,2021-07-01,4095.39999999997,"Total revenues accrual","Y_lag1; Payroll Mass_leg0; Hours worked_leg0; IP_leg0; Business turnover index_leg0; ESI_leg0; Retail sales_leg0; Private consumption_leg0; HICPX_leg0; Energy prices_leg0; Stock market_leg0; Cash revenues_leg0","OK",NA
"sg_lasso","France","Revenues","2021-07-15",10535.2794473877,NA,0.000177257999780171,0.5,0.230938062893916,12,12,12,2021-07-01,4095.39999999997,"Total revenues accrual","Y_lag1; Payroll Mass_leg0; Hours worked_leg0; IP_leg0; Business turnover index_leg0; ESI_leg0; Retail sales_leg0; Private consumption_leg0; HICPX_leg0; Energy prices_leg0; Stock market_leg0; Cash revenues_leg0","OK",NA
"sg_lasso","France","Revenues","2021-07-27",10365.3919607537,NA,0.000177257999780171,0.5,0.230938062893916,12,12,12,2021-07-01,4095.39999999997,"Total revenues accrual","Y_lag1; Payroll Mass_leg0; Hours worked_leg0; IP_leg0; Business turnover index_leg0; ESI_leg0; Retail sales_leg0; Private consumption_leg0; HICPX_leg0; Energy prices_leg0; Stock market_leg0; Cash revenues_leg0","OK",NA
"sg_lasso","France","Revenues","2021-07-29",10295.3796297808,NA,0.000177257999780171,0.5,0.230938062893916,12,12,12,2021-07-01,4095.39999999997,"Total revenues accrual","Y_lag1; Payroll Mass_leg0; Hours worked_leg0; IP_leg0; Business turnover index_leg0; ESI_leg0; Retail sales_leg0; Private consumption_leg0; HICPX_leg0; Energy prices_leg0; Stock market_leg0; Cash revenues_leg0","OK",NA
"sg_lasso","France","Revenues","2021-08-01",6782.1581847633,NA,0.000177257999780171,0.5,0.230938062893916,12,12,12,2021-08-01,4095.39999999997,"Total revenues accrual","Y_lag1; Payroll Mass_leg0; Hours worked_leg0; IP_leg0; Business turnover index_leg0; ESI_leg0; Retail sales_leg0; Private consumption_leg0; HICPX_leg0; Energy prices_leg0; Stock market_leg0; Cash revenues_leg0","OK",NA
"sg_lasso","France","Revenues","2021-08-05",10925.8598243892,NA,0.000177257999780171,0.5,0.230938062893916,12,12,12,2021-08-01,4095.39999999997,"Total revenues accrual","Y_lag1; Payroll Mass_leg0; Hours worked_leg0; IP_leg0; Business turnover index_leg0; ESI_leg0; Retail sales_leg0; Private consumption_leg0; HICPX_leg0; Energy prices_leg0; Stock market_leg0; Cash revenues_leg0","OK",NA
"sg_lasso","France","Revenues","2021-08-07",10877.430100858,NA,0.000177257999780171,0.5,0.230938062893916,12,12,12,2021-08-01,4095.39999999997,"Total revenues accrual","Y_lag1; Payroll Mass_leg0; Hours worked_leg0; IP_leg0; Business turnover index_leg0; ESI_leg0; Retail sales_leg0; Private consumption_leg0; HICPX_leg0; Energy prices_leg0; Stock market_leg0; Cash revenues_leg0","OK",NA
"sg_lasso","France","Revenues","2021-08-15",10963.8191360444,NA,0.000177257999780171,0.5,0.230938062893916,12,12,12,2021-08-01,4095.39999999997,"Total revenues accrual","Y_lag1; Payroll Mass_leg0; Hours worked_leg0; IP_leg0; Business turnover index_leg0; ESI_leg0; Retail sales_leg0; Private consumption_leg0; HICPX_leg0; Energy prices_leg0; Stock market_leg0; Cash revenues_leg0","OK",NA
"sg_lasso","France","Revenues","2021-08-26",11017.2997013471,NA,0.000177257999780171,0.5,0.230938062893916,12,12,12,2021-08-01,4095.39999999997,"Total revenues accrual","Y_lag1; Payroll Mass_leg0; Hours worked_leg0; IP_leg0; Business turnover index_leg0; ESI_leg0; Retail sales_leg0; Private consumption_leg0; HICPX_leg0; Energy prices_leg0; Stock market_leg0; Cash revenues_leg0","OK",NA
"sg_lasso","France","Revenues","2021-08-27",11212.2842563996,NA,0.000177257999780171,0.5,0.230938062893916,12,12,12,2021-08-01,4095.39999999997,"Total revenues accrual","Y_lag1; Payroll Mass_leg0; Hours worked_leg0; IP_leg0; Business turnover index_leg0; ESI_leg0; Retail sales_leg0; Private consumption_leg0; HICPX_leg0; Energy prices_leg0; Stock market_leg0; Cash revenues_leg0","OK",NA
"sg_lasso","France","Revenues","2021-09-01",13770.0658624002,NA,0.000177257999780171,0.5,0.230938062893916,12,12,12,2021-09-01,4095.39999999997,"Total revenues accrual","Y_lag1; Payroll Mass_leg0; Hours worked_leg0; IP_leg0; Business turnover index_leg0; ESI_leg0; Retail sales_leg0; Private consumption_leg0; HICPX_leg0; Energy prices_leg0; Stock market_leg0; Cash revenues_leg0","OK",NA
"sg_lasso","France","Revenues","2021-09-03",13676.858695125,NA,0.000177257999780171,0.5,0.230938062893916,12,12,12,2021-09-01,4095.39999999997,"Total revenues accrual","Y_lag1; Payroll Mass_leg0; Hours worked_leg0; IP_leg0; Business turnover index_leg0; ESI_leg0; Retail sales_leg0; Private consumption_leg0; HICPX_leg0; Energy prices_leg0; Stock market_leg0; Cash revenues_leg0","OK",NA
"sg_lasso","France","Revenues","2021-09-05",12053.88777257,NA,0.000177257999780171,0.5,0.230938062893916,12,12,12,2021-09-01,4095.39999999997,"Total revenues accrual","Y_lag1; Payroll Mass_leg0; Hours worked_leg0; IP_leg0; Business turnover index_leg0; ESI_leg0; Retail sales_leg0; Private consumption_leg0; HICPX_leg0; Energy prices_leg0; Stock market_leg0; Cash revenues_leg0","OK",NA
"sg_lasso","France","Revenues","2021-09-15",5791.35948626379,NA,0.0384182443441467,0.5,1.05662244384939,7,7,7,2021-09-01,10775.2,"Total revenues accrual","Y_lag1; IP_leg0; Business turnover index_leg0; Retail sales_leg0; Private consumption_leg0; Stock market_leg0; Cash revenues_leg0","OK",NA
"sg_lasso","France","Revenues","2021-09-27",5791.35948626379,NA,0.0384182443441467,0.5,1.05502644178933,7,7,7,2021-09-01,10775.2,"Total revenues accrual","Y_lag1; IP_leg0; Business turnover index_leg0; Retail sales_leg0; Private consumption_leg0; Stock market_leg0; Cash revenues_leg0","OK",NA
"sg_lasso","France","Revenues","2021-09-30",5791.35948626379,NA,0.0384182443441467,0.5,1.0551680346923,7,7,7,2021-09-01,10775.2,"Total revenues accrual","Y_lag1; IP_leg0; Business turnover index_leg0; Retail sales_leg0; Private consumption_leg0; Stock market_leg0; Cash revenues_leg0","OK",NA
"sg_lasso","France","Revenues","2021-10-01",6742.03091967306,NA,0.0384182443441467,0.5,1.0551680346923,7,7,7,2021-10-01,10775.2,"Total revenues accrual","Y_lag1; IP_leg0; Business turnover index_leg0; Retail sales_leg0; Private consumption_leg0; Stock market_leg0; Cash revenues_leg0","OK",NA
"sg_lasso","France","Revenues","2021-10-05",8321.37371529573,NA,0.0384182443441467,0.5,1.0551680346923,7,7,7,2021-10-01,10775.2,"Total revenues accrual","Y_lag1; IP_leg0; Business turnover index_leg0; Retail sales_leg0; Private consumption_leg0; Stock market_leg0; Cash revenues_leg0","OK",NA
"sg_lasso","France","Revenues","2021-10-15",8191.93155840919,NA,0.0384182443441467,0.5,1.0551680346923,7,7,7,2021-10-01,10775.2,"Total revenues accrual","Y_lag1; IP_leg0; Business turnover index_leg0; Retail sales_leg0; Private consumption_leg0; Stock market_leg0; Cash revenues_leg0","OK",NA
"sg_lasso","France","Revenues","2021-10-27",8191.93155840919,NA,0.0384182443441467,0.5,1.0551680346923,7,7,7,2021-10-01,10775.2,"Total revenues accrual","Y_lag1; IP_leg0; Business turnover index_leg0; Retail sales_leg0; Private consumption_leg0; Stock market_leg0; Cash revenues_leg0","OK",NA
"sg_lasso","France","Revenues","2021-10-28",8191.93155840919,NA,0.0384182443441467,0.5,1.0551680346923,7,7,7,2021-10-01,10775.2,"Total revenues accrual","Y_lag1; IP_leg0; Business turnover index_leg0; Retail sales_leg0; Private consumption_leg0; Stock market_leg0; Cash revenues_leg0","OK",NA
"sg_lasso","France","Revenues","2021-11-01",7807.96381706335,NA,0.0384182443441467,0.5,1.0551680346923,7,7,7,2021-11-01,10775.2,"Total revenues accrual","Y_lag1; IP_leg0; Business turnover index_leg0; Retail sales_leg0; Private consumption_leg0; Stock market_leg0; Cash revenues_leg0","OK",NA
"sg_lasso","France","Revenues","2021-11-05",8409.83869333757,NA,0.0384182443441467,0.5,1.0551680346923,7,7,7,2021-11-01,10775.2,"Total revenues accrual","Y_lag1; IP_leg0; Business turnover index_leg0; Retail sales_leg0; Private consumption_leg0; Stock market_leg0; Cash revenues_leg0","OK",NA
"sg_lasso","France","Revenues","2021-11-15",8423.06102760481,NA,0.0384182443441467,0.5,1.0551680346923,7,7,7,2021-11-01,10775.2,"Total revenues accrual","Y_lag1; IP_leg0; Business turnover index_leg0; Retail sales_leg0; Private consumption_leg0; Stock market_leg0; Cash revenues_leg0","OK",NA
"sg_lasso","France","Revenues","2021-11-25",8423.06102760481,NA,0.0384182443441467,0.5,1.0551680346923,7,7,7,2021-11-01,10775.2,"Total revenues accrual","Y_lag1; IP_leg0; Business turnover index_leg0; Retail sales_leg0; Private consumption_leg0; Stock market_leg0; Cash revenues_leg0","OK",NA
"sg_lasso","France","Revenues","2021-11-27",8423.06102760481,NA,0.0384182443441467,0.5,1.0551680346923,7,7,7,2021-11-01,10775.2,"Total revenues accrual","Y_lag1; IP_leg0; Business turnover index_leg0; Retail sales_leg0; Private consumption_leg0; Stock market_leg0; Cash revenues_leg0","OK",NA
"sg_lasso","France","Revenues","2021-12-01",10216.0879754743,NA,0.0384182443441467,0.5,1.0551680346923,7,7,7,2021-12-01,10775.2,"Total revenues accrual","Y_lag1; IP_leg0; Business turnover index_leg0; Retail sales_leg0; Private consumption_leg0; Stock market_leg0; Cash revenues_leg0","OK",NA
"sg_lasso","France","Revenues","2021-12-03",10359.87017933,NA,0.0384182443441467,0.5,1.0551680346923,7,7,7,2021-12-01,10775.2,"Total revenues accrual","Y_lag1; IP_leg0; Business turnover index_leg0; Retail sales_leg0; Private consumption_leg0; Stock market_leg0; Cash revenues_leg0","OK",NA
"sg_lasso","France","Revenues","2021-12-05",8818.63273379735,NA,0.0384182443441467,0.5,1.0551680346923,7,7,7,2021-12-01,10775.2,"Total revenues accrual","Y_lag1; IP_leg0; Business turnover index_leg0; Retail sales_leg0; Private consumption_leg0; Stock market_leg0; Cash revenues_leg0","OK",NA
"sg_lasso","France","Revenues","2021-12-15",9544.60208207844,NA,0.0317014959051628,0.5,1.11955746660919,7,7,7,2021-12-01,11573.8,"Total revenues accrual","Y_lag1; IP_leg0; Business turnover index_leg0; Retail sales_leg0; Private consumption_leg0; Stock market_leg0; Cash revenues_leg0","OK",NA
"sg_lasso","France","Revenues","2021-12-27",9544.60208207844,NA,0.0317014959051628,0.5,1.11948599591294,7,7,7,2021-12-01,11573.8,"Total revenues accrual","Y_lag1; IP_leg0; Business turnover index_leg0; Retail sales_leg0; Private consumption_leg0; Stock market_leg0; Cash revenues_leg0","OK",NA
"sg_lasso","France","Revenues","2021-12-30",9544.60208207844,NA,0.0317014959051628,0.5,1.11864871185111,7,7,7,2021-12-01,11573.8,"Total revenues accrual","Y_lag1; IP_leg0; Business turnover index_leg0; Retail sales_leg0; Private consumption_leg0; Stock market_leg0; Cash revenues_leg0","OK",NA
"sg_lasso","France","Revenues","2022-01-01",8850.62694119415,NA,0.0317014959051628,0.5,1.11864871185111,7,7,7,2022-01-01,11573.8,"Total revenues accrual","Y_lag1; IP_leg0; Business turnover index_leg0; Retail sales_leg0; Private consumption_leg0; Stock market_leg0; Cash revenues_leg0","OK",NA
"sg_lasso","France","Revenues","2022-01-05",10097.8925961674,NA,0.0317014959051628,0.5,1.11864871185111,7,7,7,2022-01-01,11573.8,"Total revenues accrual","Y_lag1; IP_leg0; Business turnover index_leg0; Retail sales_leg0; Private consumption_leg0; Stock market_leg0; Cash revenues_leg0","OK",NA
"sg_lasso","France","Revenues","2022-01-06",9673.28559916909,NA,0.0317014959051628,0.5,1.11864871185111,7,7,7,2022-01-01,11573.8,"Total revenues accrual","Y_lag1; IP_leg0; Business turnover index_leg0; Retail sales_leg0; Private consumption_leg0; Stock market_leg0; Cash revenues_leg0","OK",NA
"sg_lasso","France","Revenues","2022-01-15",9416.2008917432,NA,0.0317014959051628,0.5,1.11864871185111,7,7,7,2022-01-01,11573.8,"Total revenues accrual","Y_lag1; IP_leg0; Business turnover index_leg0; Retail sales_leg0; Private consumption_leg0; Stock market_leg0; Cash revenues_leg0","OK",NA
"sg_lasso","France","Revenues","2022-01-27",9416.2008917432,NA,0.0317014959051628,0.5,1.11864871185111,7,7,7,2022-01-01,11573.8,"Total revenues accrual","Y_lag1; IP_leg0; Business turnover index_leg0; Retail sales_leg0; Private consumption_leg0; Stock market_leg0; Cash revenues_leg0","OK",NA
"sg_lasso","France","Revenues","2022-02-01",8418.59782949491,NA,0.0317014959051628,0.5,1.11864871185111,7,7,7,2022-02-01,11573.8,"Total revenues accrual","Y_lag1; IP_leg0; Business turnover index_leg0; Retail sales_leg0; Private consumption_leg0; Stock market_leg0; Cash revenues_leg0","OK",NA
"sg_lasso","France","Revenues","2022-02-02",8466.85257311859,NA,0.0317014959051628,0.5,1.11864871185111,7,7,7,2022-02-01,11573.8,"Total revenues accrual","Y_lag1; IP_leg0; Business turnover index_leg0; Retail sales_leg0; Private consumption_leg0; Stock market_leg0; Cash revenues_leg0","OK",NA
"sg_lasso","France","Revenues","2022-02-05",8237.3005811848,NA,0.0317014959051628,0.5,1.11864871185111,7,7,7,2022-02-01,11573.8,"Total revenues accrual","Y_lag1; IP_leg0; Business turnover index_leg0; Retail sales_leg0; Private consumption_leg0; Stock market_leg0; Cash revenues_leg0","OK",NA
"sg_lasso","France","Revenues","2022-02-15",8348.4866905674,NA,0.0317014959051628,0.5,1.11864871185111,7,7,7,2022-02-01,11573.8,"Total revenues accrual","Y_lag1; IP_leg0; Business turnover index_leg0; Retail sales_leg0; Private consumption_leg0; Stock market_leg0; Cash revenues_leg0","OK",NA
"sg_lasso","France","Revenues","2022-02-24",8348.4866905674,NA,0.0317014959051628,0.5,1.11864871185111,7,7,7,2022-02-01,11573.8,"Total revenues accrual","Y_lag1; IP_leg0; Business turnover index_leg0; Retail sales_leg0; Private consumption_leg0; Stock market_leg0; Cash revenues_leg0","OK",NA
"sg_lasso","France","Revenues","2022-02-27",8348.4866905674,NA,0.0317014959051628,0.5,1.11864871185111,7,7,7,2022-02-01,11573.8,"Total revenues accrual","Y_lag1; IP_leg0; Business turnover index_leg0; Retail sales_leg0; Private consumption_leg0; Stock market_leg0; Cash revenues_leg0","OK",NA
"sg_lasso","France","Revenues","2022-03-01",8858.12808266239,NA,0.0317014959051628,0.5,1.11864871185111,7,7,7,2022-03-01,11573.8,"Total revenues accrual","Y_lag1; IP_leg0; Business turnover index_leg0; Retail sales_leg0; Private consumption_leg0; Stock market_leg0; Cash revenues_leg0","OK",NA
"sg_lasso","France","Revenues","2022-03-02",9169.08379329831,NA,0.0317014959051628,0.5,1.11864871185111,7,7,7,2022-03-01,11573.8,"Total revenues accrual","Y_lag1; IP_leg0; Business turnover index_leg0; Retail sales_leg0; Private consumption_leg0; Stock market_leg0; Cash revenues_leg0","OK",NA
"sg_lasso","France","Revenues","2022-03-05",9931.07107179168,NA,0.0317014959051628,0.5,1.11864871185111,7,7,7,2022-03-01,11573.8,"Total revenues accrual","Y_lag1; IP_leg0; Business turnover index_leg0; Retail sales_leg0; Private consumption_leg0; Stock market_leg0; Cash revenues_leg0","OK",NA
"sg_lasso","France","Revenues","2022-03-15",11373.6913682866,NA,0.0257561391192933,0.5,1.32860373323852,9,9,9,2022-03-01,1355.90000000002,"Total revenues accrual","Y_lag1; IP_leg0; Business turnover index_leg0; Retail sales_leg0; Private consumption_leg0; HICPX_leg0; Energy prices_leg0; Stock market_leg0; Cash revenues_leg0","OK",NA
"sg_lasso","France","Revenues","2022-03-27",10722.4920397537,NA,0.0257561391192933,0.5,1.28859642554189,8,8,8,2022-03-01,1355.90000000002,"Total revenues accrual","Y_lag1; IP_leg0; Business turnover index_leg0; Retail sales_leg0; Private consumption_leg0; Energy prices_leg0; Stock market_leg0; Cash revenues_leg0","OK",NA
"sg_lasso","France","Revenues","2022-03-31",10722.4920397537,NA,0.0257561391192933,0.5,1.29134947563142,8,8,8,2022-03-01,1355.90000000002,"Total revenues accrual","Y_lag1; IP_leg0; Business turnover index_leg0; Retail sales_leg0; Private consumption_leg0; Energy prices_leg0; Stock market_leg0; Cash revenues_leg0","OK",NA
"sg_lasso","France","Revenues","2022-04-01",10752.2125141837,NA,0.0257561391192933,0.5,1.29134947563142,8,8,8,2022-04-01,1355.90000000002,"Total revenues accrual","Y_lag1; IP_leg0; Business turnover index_leg0; Retail sales_leg0; Private consumption_leg0; Energy prices_leg0; Stock market_leg0; Cash revenues_leg0","OK",NA
"sg_lasso","France","Revenues","2022-04-05",8497.73868389514,NA,0.0257561391192933,0.5,1.29134947563142,8,8,8,2022-04-01,1355.90000000002,"Total revenues accrual","Y_lag1; IP_leg0; Business turnover index_leg0; Retail sales_leg0; Private consumption_leg0; Energy prices_leg0; Stock market_leg0; Cash revenues_leg0","OK",NA
"sg_lasso","France","Revenues","2022-04-15",8568.02339939383,NA,0.0257561391192933,0.5,1.29134947563142,8,8,8,2022-04-01,1355.90000000002,"Total revenues accrual","Y_lag1; IP_leg0; Business turnover index_leg0; Retail sales_leg0; Private consumption_leg0; Energy prices_leg0; Stock market_leg0; Cash revenues_leg0","OK",NA
"sg_lasso","France","Revenues","2022-04-27",10737.7063714097,NA,0.0257561391192933,0.5,1.29134947563142,8,8,8,2022-04-01,1355.90000000002,"Total revenues accrual","Y_lag1; IP_leg0; Business turnover index_leg0; Retail sales_leg0; Private consumption_leg0; Energy prices_leg0; Stock market_leg0; Cash revenues_leg0","OK",NA
"sg_lasso","France","Revenues","2022-04-28",10737.7063714097,NA,0.0257561391192933,0.5,1.29134947563142,8,8,8,2022-04-01,1355.90000000002,"Total revenues accrual","Y_lag1; IP_leg0; Business turnover index_leg0; Retail sales_leg0; Private consumption_leg0; Energy prices_leg0; Stock market_leg0; Cash revenues_leg0","OK",NA
"sg_lasso","France","Revenues","2022-05-01",9701.30263770568,NA,0.0257561391192933,0.5,1.29134947563142,8,8,8,2022-05-01,1355.90000000002,"Total revenues accrual","Y_lag1; IP_leg0; Business turnover index_leg0; Retail sales_leg0; Private consumption_leg0; Energy prices_leg0; Stock market_leg0; Cash revenues_leg0","OK",NA
"sg_lasso","France","Revenues","2022-05-05",11602.7144831916,NA,0.0257561391192933,0.5,1.29134947563142,8,8,8,2022-05-01,1355.90000000002,"Total revenues accrual","Y_lag1; IP_leg0; Business turnover index_leg0; Retail sales_leg0; Private consumption_leg0; Energy prices_leg0; Stock market_leg0; Cash revenues_leg0","OK",NA
"sg_lasso","France","Revenues","2022-05-07",11598.5010307218,NA,0.0257561391192933,0.5,1.29134947563142,8,8,8,2022-05-01,1355.90000000002,"Total revenues accrual","Y_lag1; IP_leg0; Business turnover index_leg0; Retail sales_leg0; Private consumption_leg0; Energy prices_leg0; Stock market_leg0; Cash revenues_leg0","OK",NA
"sg_lasso","France","Revenues","2022-05-15",11451.1284364369,NA,0.0257561391192933,0.5,1.29134947563142,8,8,8,2022-05-01,1355.90000000002,"Total revenues accrual","Y_lag1; IP_leg0; Business turnover index_leg0; Retail sales_leg0; Private consumption_leg0; Energy prices_leg0; Stock market_leg0; Cash revenues_leg0","OK",NA
"sg_lasso","France","Revenues","2022-05-26",11451.1284364369,NA,0.0257561391192933,0.5,1.29134947563142,8,8,8,2022-05-01,1355.90000000002,"Total revenues accrual","Y_lag1; IP_leg0; Business turnover index_leg0; Retail sales_leg0; Private consumption_leg0; Energy prices_leg0; Stock market_leg0; Cash revenues_leg0","OK",NA
"sg_lasso","France","Revenues","2022-05-27",10556.7448553983,NA,0.0257561391192933,0.5,1.29134947563142,8,8,8,2022-05-01,1355.90000000002,"Total revenues accrual","Y_lag1; IP_leg0; Business turnover index_leg0; Retail sales_leg0; Private consumption_leg0; Energy prices_leg0; Stock market_leg0; Cash revenues_leg0","OK",NA
"sg_lasso","France","Revenues","2022-06-01",12667.7147083401,NA,0.0257561391192933,0.5,1.29134947563142,8,8,8,2022-06-01,1355.90000000002,"Total revenues accrual","Y_lag1; IP_leg0; Business turnover index_leg0; Retail sales_leg0; Private consumption_leg0; Energy prices_leg0; Stock market_leg0; Cash revenues_leg0","OK",NA
"sg_lasso","France","Revenues","2022-06-03",12353.5562758803,NA,0.0257561391192933,0.5,1.29134947563142,8,8,8,2022-06-01,1355.90000000002,"Total revenues accrual","Y_lag1; IP_leg0; Business turnover index_leg0; Retail sales_leg0; Private consumption_leg0; Energy prices_leg0; Stock market_leg0; Cash revenues_leg0","OK",NA
"sg_lasso","France","Revenues","2022-06-05",11291.4483976396,NA,0.0257561391192933,0.5,1.29134947563142,8,8,8,2022-06-01,1355.90000000002,"Total revenues accrual","Y_lag1; IP_leg0; Business turnover index_leg0; Retail sales_leg0; Private consumption_leg0; Energy prices_leg0; Stock market_leg0; Cash revenues_leg0","OK",NA
"sg_lasso","France","Revenues","2022-06-15",5922.21095816005,NA,0.030791469348004,0.5,1.05708747238493,8,8,8,2022-06-01,9941.70000000001,"Total revenues accrual","Y_lag1; IP_leg0; Business turnover index_leg0; Retail sales_leg0; Private consumption_leg0; Energy prices_leg0; Stock market_leg0; Cash revenues_leg0","OK",NA
"sg_lasso","France","Revenues","2022-06-27",5627.9447283025,NA,0.030791469348004,0.5,1.05654477188871,8,8,8,2022-06-01,9941.70000000001,"Total revenues accrual","Y_lag1; IP_leg0; Business turnover index_leg0; Retail sales_leg0; Private consumption_leg0; Energy prices_leg0; Stock market_leg0; Cash revenues_leg0","OK",NA
"sg_lasso","France","Revenues","2022-06-30",5627.9447283025,NA,0.030791469348004,0.5,1.05640287288875,8,8,8,2022-06-01,9941.70000000001,"Total revenues accrual","Y_lag1; IP_leg0; Business turnover index_leg0; Retail sales_leg0; Private consumption_leg0; Energy prices_leg0; Stock market_leg0; Cash revenues_leg0","OK",NA
"sg_lasso","France","Revenues","2022-07-01",4783.26405689041,NA,0.030791469348004,0.5,1.05640287288875,8,8,8,2022-07-01,9941.70000000001,"Total revenues accrual","Y_lag1; IP_leg0; Business turnover index_leg0; Retail sales_leg0; Private consumption_leg0; Energy prices_leg0; Stock market_leg0; Cash revenues_leg0","OK",NA
"sg_lasso","France","Revenues","2022-07-05",5429.91009646144,NA,0.030791469348004,0.5,1.05640287288875,8,8,8,2022-07-01,9941.70000000001,"Total revenues accrual","Y_lag1; IP_leg0; Business turnover index_leg0; Retail sales_leg0; Private consumption_leg0; Energy prices_leg0; Stock market_leg0; Cash revenues_leg0","OK",NA
"sg_lasso","France","Revenues","2022-07-15",5478.9780712755,NA,0.030791469348004,0.5,1.05640287288875,8,8,8,2022-07-01,9941.70000000001,"Total revenues accrual","Y_lag1; IP_leg0; Business turnover index_leg0; Retail sales_leg0; Private consumption_leg0; Energy prices_leg0; Stock market_leg0; Cash revenues_leg0","OK",NA
"sg_lasso","France","Revenues","2022-07-27",6424.32913599121,NA,0.030791469348004,0.5,1.05640287288875,8,8,8,2022-07-01,9941.70000000001,"Total revenues accrual","Y_lag1; IP_leg0; Business turnover index_leg0; Retail sales_leg0; Private consumption_leg0; Energy prices_leg0; Stock market_leg0; Cash revenues_leg0","OK",NA
"sg_lasso","France","Revenues","2022-07-28",6424.32913599121,NA,0.030791469348004,0.5,1.05640287288875,8,8,8,2022-07-01,9941.70000000001,"Total revenues accrual","Y_lag1; IP_leg0; Business turnover index_leg0; Retail sales_leg0; Private consumption_leg0; Energy prices_leg0; Stock market_leg0; Cash revenues_leg0","OK",NA
"sg_lasso","France","Revenues","2022-08-01",7151.33576519971,NA,0.030791469348004,0.5,1.05640287288875,8,8,8,2022-08-01,9941.70000000001,"Total revenues accrual","Y_lag1; IP_leg0; Business turnover index_leg0; Retail sales_leg0; Private consumption_leg0; Energy prices_leg0; Stock market_leg0; Cash revenues_leg0","OK",NA
"sg_lasso","France","Revenues","2022-08-05",6358.01863680761,NA,0.030791469348004,0.5,1.05640287288875,8,8,8,2022-08-01,9941.70000000001,"Total revenues accrual","Y_lag1; IP_leg0; Business turnover index_leg0; Retail sales_leg0; Private consumption_leg0; Energy prices_leg0; Stock market_leg0; Cash revenues_leg0","OK",NA
"sg_lasso","France","Revenues","2022-08-15",6138.8442898208,NA,0.030791469348004,0.5,1.05640287288875,8,8,8,2022-08-01,9941.70000000001,"Total revenues accrual","Y_lag1; IP_leg0; Business turnover index_leg0; Retail sales_leg0; Private consumption_leg0; Energy prices_leg0; Stock market_leg0; Cash revenues_leg0","OK",NA
"sg_lasso","France","Revenues","2022-08-25",6138.8442898208,NA,0.030791469348004,0.5,1.05640287288875,8,8,8,2022-08-01,9941.70000000001,"Total revenues accrual","Y_lag1; IP_leg0; Business turnover index_leg0; Retail sales_leg0; Private consumption_leg0; Energy prices_leg0; Stock market_leg0; Cash revenues_leg0","OK",NA
"sg_lasso","France","Revenues","2022-08-27",6450.47681426924,NA,0.030791469348004,0.5,1.05640287288875,8,8,8,2022-08-01,9941.70000000001,"Total revenues accrual","Y_lag1; IP_leg0; Business turnover index_leg0; Retail sales_leg0; Private consumption_leg0; Energy prices_leg0; Stock market_leg0; Cash revenues_leg0","OK",NA
"sg_lasso","France","Revenues","2022-09-01",7953.67219999027,NA,0.030791469348004,0.5,1.05640287288875,8,8,8,2022-09-01,9941.70000000001,"Total revenues accrual","Y_lag1; IP_leg0; Business turnover index_leg0; Retail sales_leg0; Private consumption_leg0; Energy prices_leg0; Stock market_leg0; Cash revenues_leg0","OK",NA
"sg_lasso","France","Revenues","2022-09-04",8480.88664178986,NA,0.030791469348004,0.5,1.05640287288875,8,8,8,2022-09-01,9941.70000000001,"Total revenues accrual","Y_lag1; IP_leg0; Business turnover index_leg0; Retail sales_leg0; Private consumption_leg0; Energy prices_leg0; Stock market_leg0; Cash revenues_leg0","OK",NA
"sg_lasso","France","Revenues","2022-09-05",6906.22128431449,NA,0.030791469348004,0.5,1.05640287288875,8,8,8,2022-09-01,9941.70000000001,"Total revenues accrual","Y_lag1; IP_leg0; Business turnover index_leg0; Retail sales_leg0; Private consumption_leg0; Energy prices_leg0; Stock market_leg0; Cash revenues_leg0","OK",NA
"sg_lasso","France","Revenues","2022-09-15",8899.82883661386,NA,0.0337267462395348,0.5,0.913888181424299,8,8,8,2022-09-01,1444.09999999998,"Total revenues accrual","Y_lag1; IP_leg0; Business turnover index_leg0; Retail sales_leg0; Private consumption_leg0; HICPX_leg0; Stock market_leg0; Cash revenues_leg0","OK",NA
"sg_lasso","France","Revenues","2022-09-27",9146.08486242314,NA,0.0337267462395348,0.5,0.914180303981893,8,8,8,2022-09-01,1444.09999999998,"Total revenues accrual","Y_lag1; IP_leg0; Business turnover index_leg0; Retail sales_leg0; Private consumption_leg0; HICPX_leg0; Stock market_leg0; Cash revenues_leg0","OK",NA
"sg_lasso","France","Revenues","2022-09-29",9105.34516022418,NA,0.0307305550584222,0.5,0.907410997353795,8,8,8,2022-09-01,1444.09999999998,"Total revenues accrual","Y_lag1; IP_leg0; Business turnover index_leg0; Retail sales_leg0; Private consumption_leg0; HICPX_leg0; Stock market_leg0; Cash revenues_leg0","OK",NA
"sg_lasso","France","Revenues","2022-10-01",9273.73448842631,NA,0.0307305550584222,0.5,0.907410997353795,8,8,8,2022-10-01,1444.09999999998,"Total revenues accrual","Y_lag1; IP_leg0; Business turnover index_leg0; Retail sales_leg0; Private consumption_leg0; HICPX_leg0; Stock market_leg0; Cash revenues_leg0","OK",NA
"sg_lasso","France","Revenues","2022-10-05",10740.1782446012,NA,0.0307305550584222,0.5,0.907410997353795,8,8,8,2022-10-01,1444.09999999998,"Total revenues accrual","Y_lag1; IP_leg0; Business turnover index_leg0; Retail sales_leg0; Private consumption_leg0; HICPX_leg0; Stock market_leg0; Cash revenues_leg0","OK",NA
"sg_lasso","France","Revenues","2022-10-06",9807.85736889435,NA,0.0307305550584222,0.5,0.907410997353795,8,8,8,2022-10-01,1444.09999999998,"Total revenues accrual","Y_lag1; IP_leg0; Business turnover index_leg0; Retail sales_leg0; Private consumption_leg0; HICPX_leg0; Stock market_leg0; Cash revenues_leg0","OK",NA
"sg_lasso","France","Revenues","2022-10-15",10038.7310676428,NA,0.0307305550584222,0.5,0.907410997353795,8,8,8,2022-10-01,1444.09999999998,"Total revenues accrual","Y_lag1; IP_leg0; Business turnover index_leg0; Retail sales_leg0; Private consumption_leg0; HICPX_leg0; Stock market_leg0; Cash revenues_leg0","OK",NA
"sg_lasso","France","Revenues","2022-10-27",9661.46707253147,NA,0.0307305550584222,0.5,0.907410997353795,8,8,8,2022-10-01,1444.09999999998,"Total revenues accrual","Y_lag1; IP_leg0; Business turnover index_leg0; Retail sales_leg0; Private consumption_leg0; HICPX_leg0; Stock market_leg0; Cash revenues_leg0","OK",NA
"sg_lasso","France","Revenues","2022-11-01",9324.00851279559,NA,0.0307305550584222,0.5,0.907410997353795,8,8,8,2022-11-01,1444.09999999998,"Total revenues accrual","Y_lag1; IP_leg0; Business turnover index_leg0; Retail sales_leg0; Private consumption_leg0; HICPX_leg0; Stock market_leg0; Cash revenues_leg0","OK",NA
"sg_lasso","France","Revenues","2022-11-02",9099.27902754743,NA,0.0307305550584222,0.5,0.907410997353795,8,8,8,2022-11-01,1444.09999999998,"Total revenues accrual","Y_lag1; IP_leg0; Business turnover index_leg0; Retail sales_leg0; Private consumption_leg0; HICPX_leg0; Stock market_leg0; Cash revenues_leg0","OK",NA
"sg_lasso","France","Revenues","2022-11-05",9157.22134313079,NA,0.0307305550584222,0.5,0.907410997353795,8,8,8,2022-11-01,1444.09999999998,"Total revenues accrual","Y_lag1; IP_leg0; Business turnover index_leg0; Retail sales_leg0; Private consumption_leg0; HICPX_leg0; Stock market_leg0; Cash revenues_leg0","OK",NA
"sg_lasso","France","Revenues","2022-11-15",8939.51606070935,NA,0.0307305550584222,0.5,0.907410997353795,8,8,8,2022-11-01,1444.09999999998,"Total revenues accrual","Y_lag1; IP_leg0; Business turnover index_leg0; Retail sales_leg0; Private consumption_leg0; HICPX_leg0; Stock market_leg0; Cash revenues_leg0","OK",NA
"sg_lasso","France","Revenues","2022-11-24",8939.51606070935,NA,0.0307305550584222,0.5,0.907410997353795,8,8,8,2022-11-01,1444.09999999998,"Total revenues accrual","Y_lag1; IP_leg0; Business turnover index_leg0; Retail sales_leg0; Private consumption_leg0; HICPX_leg0; Stock market_leg0; Cash revenues_leg0","OK",NA
"sg_lasso","France","Revenues","2022-11-27",9316.78005582069,NA,0.0307305550584222,0.5,0.907410997353795,8,8,8,2022-11-01,1444.09999999998,"Total revenues accrual","Y_lag1; IP_leg0; Business turnover index_leg0; Retail sales_leg0; Private consumption_leg0; HICPX_leg0; Stock market_leg0; Cash revenues_leg0","OK",NA
"sg_lasso","France","Revenues","2022-12-01",9814.80957574267,NA,0.0307305550584222,0.5,0.907410997353795,8,8,8,2022-12-01,1444.09999999998,"Total revenues accrual","Y_lag1; IP_leg0; Business turnover index_leg0; Retail sales_leg0; Private consumption_leg0; HICPX_leg0; Stock market_leg0; Cash revenues_leg0","OK",NA
"sg_lasso","France","Revenues","2022-12-04",9766.97793810919,NA,0.0307305550584222,0.5,0.907410997353795,8,8,8,2022-12-01,1444.09999999998,"Total revenues accrual","Y_lag1; IP_leg0; Business turnover index_leg0; Retail sales_leg0; Private consumption_leg0; HICPX_leg0; Stock market_leg0; Cash revenues_leg0","OK",NA
"sg_lasso","France","Revenues","2022-12-05",8645.35255230035,NA,0.0307305550584222,0.5,0.907410997353795,8,8,8,2022-12-01,1444.09999999998,"Total revenues accrual","Y_lag1; IP_leg0; Business turnover index_leg0; Retail sales_leg0; Private consumption_leg0; HICPX_leg0; Stock market_leg0; Cash revenues_leg0","OK",NA
"sg_lasso","France","Revenues","2022-12-15",5949.28459676248,NA,0.0231358286797495,0.5,0.825520163117839,11,11,11,2022-12-01,-108.5,"Total revenues accrual","Y_lag1; Hours worked_leg0; IP_leg0; Business turnover index_leg0; ESI_leg0; Retail sales_leg0; Private consumption_leg0; HICPX_leg0; Energy prices_leg0; Stock market_leg0; Cash revenues_leg0","OK",NA
"sg_lasso","France","Revenues","2022-12-27",6665.57194064245,NA,0.0231358286797495,0.5,0.835271836252675,11,11,11,2022-12-01,-108.5,"Total revenues accrual","Y_lag1; Hours worked_leg0; IP_leg0; Business turnover index_leg0; ESI_leg0; Retail sales_leg0; Private consumption_leg0; HICPX_leg0; Energy prices_leg0; Stock market_leg0; Cash revenues_leg0","OK",NA
"sg_lasso","France","Revenues","2022-12-29",6660.26020946511,NA,0.0231358286797495,0.5,0.833746146543625,11,11,11,2022-12-01,-108.5,"Total revenues accrual","Y_lag1; Hours worked_leg0; IP_leg0; Business turnover index_leg0; ESI_leg0; Retail sales_leg0; Private consumption_leg0; HICPX_leg0; Energy prices_leg0; Stock market_leg0; Cash revenues_leg0","OK",NA
"sg_lasso","France","Revenues","2023-01-01",6795.36996965813,NA,0.0231358286797495,0.5,0.833746146543625,11,11,11,2023-01-01,-108.5,"Total revenues accrual","Y_lag1; Hours worked_leg0; IP_leg0; Business turnover index_leg0; ESI_leg0; Retail sales_leg0; Private consumption_leg0; HICPX_leg0; Energy prices_leg0; Stock market_leg0; Cash revenues_leg0","OK",NA
"sg_lasso","France","Revenues","2023-01-05",7759.77101625221,NA,0.0231358286797495,0.5,0.833746146543625,11,11,11,2023-01-01,-108.5,"Total revenues accrual","Y_lag1; Hours worked_leg0; IP_leg0; Business turnover index_leg0; ESI_leg0; Retail sales_leg0; Private consumption_leg0; HICPX_leg0; Energy prices_leg0; Stock market_leg0; Cash revenues_leg0","OK",NA
"sg_lasso","France","Revenues","2023-01-07",7402.95012983225,NA,0.0231358286797495,0.5,0.833746146543625,11,11,11,2023-01-01,-108.5,"Total revenues accrual","Y_lag1; Hours worked_leg0; IP_leg0; Business turnover index_leg0; ESI_leg0; Retail sales_leg0; Private consumption_leg0; HICPX_leg0; Energy prices_leg0; Stock market_leg0; Cash revenues_leg0","OK",NA
"sg_lasso","France","Revenues","2023-01-15",7662.70195059418,NA,0.0231358286797495,0.5,0.833746146543625,11,11,11,2023-01-01,-108.5,"Total revenues accrual","Y_lag1; Hours worked_leg0; IP_leg0; Business turnover index_leg0; ESI_leg0; Retail sales_leg0; Private consumption_leg0; HICPX_leg0; Energy prices_leg0; Stock market_leg0; Cash revenues_leg0","OK",NA
"sg_lasso","France","Revenues","2023-01-26",7732.06594542294,NA,0.0231358286797495,0.5,0.833746146543625,11,11,11,2023-01-01,-108.5,"Total revenues accrual","Y_lag1; Hours worked_leg0; IP_leg0; Business turnover index_leg0; ESI_leg0; Retail sales_leg0; Private consumption_leg0; HICPX_leg0; Energy prices_leg0; Stock market_leg0; Cash revenues_leg0","OK",NA
"sg_lasso","France","Revenues","2023-01-27",6973.07859967019,NA,0.0231358286797495,0.5,0.833746146543625,11,11,11,2023-01-01,-108.5,"Total revenues accrual","Y_lag1; Hours worked_leg0; IP_leg0; Business turnover index_leg0; ESI_leg0; Retail sales_leg0; Private consumption_leg0; HICPX_leg0; Energy prices_leg0; Stock market_leg0; Cash revenues_leg0","OK",NA
"sg_lasso","France","Revenues","2023-02-01",6814.46222251891,NA,0.0231358286797495,0.5,0.833746146543625,11,11,11,2023-02-01,-108.5,"Total revenues accrual","Y_lag1; Hours worked_leg0; IP_leg0; Business turnover index_leg0; ESI_leg0; Retail sales_leg0; Private consumption_leg0; HICPX_leg0; Energy prices_leg0; Stock market_leg0; Cash revenues_leg0","OK",NA
"sg_lasso","France","Revenues","2023-02-03",6810.35237457228,NA,0.0231358286797495,0.5,0.833746146543625,11,11,11,2023-02-01,-108.5,"Total revenues accrual","Y_lag1; Hours worked_leg0; IP_leg0; Business turnover index_leg0; ESI_leg0; Retail sales_leg0; Private consumption_leg0; HICPX_leg0; Energy prices_leg0; Stock market_leg0; Cash revenues_leg0","OK",NA
"sg_lasso","France","Revenues","2023-02-05",5650.11350669402,NA,0.0231358286797495,0.5,0.833746146543625,11,11,11,2023-02-01,-108.5,"Total revenues accrual","Y_lag1; Hours worked_leg0; IP_leg0; Business turnover index_leg0; ESI_leg0; Retail sales_leg0; Private consumption_leg0; HICPX_leg0; Energy prices_leg0; Stock market_leg0; Cash revenues_leg0","OK",NA
"sg_lasso","France","Revenues","2023-02-15",5487.63707219236,NA,0.0231358286797495,0.5,0.833746146543625,11,11,11,2023-02-01,-108.5,"Total revenues accrual","Y_lag1; Hours worked_leg0; IP_leg0; Business turnover index_leg0; ESI_leg0; Retail sales_leg0; Private consumption_leg0; HICPX_leg0; Energy prices_leg0; Stock market_leg0; Cash revenues_leg0","OK",NA
"sg_lasso","France","Revenues","2023-02-23",5468.09028403836,NA,0.0231358286797495,0.5,0.833746146543625,11,11,11,2023-02-01,-108.5,"Total revenues accrual","Y_lag1; Hours worked_leg0; IP_leg0; Business turnover index_leg0; ESI_leg0; Retail sales_leg0; Private consumption_leg0; HICPX_leg0; Energy prices_leg0; Stock market_leg0; Cash revenues_leg0","OK",NA
"sg_lasso","France","Revenues","2023-02-27",4900.30629248706,NA,0.0231358286797495,0.5,0.833746146543625,11,11,11,2023-02-01,-108.5,"Total revenues accrual","Y_lag1; Hours worked_leg0; IP_leg0; Business turnover index_leg0; ESI_leg0; Retail sales_leg0; Private consumption_leg0; HICPX_leg0; Energy prices_leg0; Stock market_leg0; Cash revenues_leg0","OK",NA
"sg_lasso","France","Revenues","2023-03-01",2576.39822689581,NA,0.0231358286797495,0.5,0.833746146543625,11,11,11,2023-03-01,-108.5,"Total revenues accrual","Y_lag1; Hours worked_leg0; IP_leg0; Business turnover index_leg0; ESI_leg0; Retail sales_leg0; Private consumption_leg0; HICPX_leg0; Energy prices_leg0; Stock market_leg0; Cash revenues_leg0","OK",NA
"sg_lasso","France","Revenues","2023-03-03",2118.8027580549,NA,0.0231358286797495,0.5,0.833746146543625,11,11,11,2023-03-01,-108.5,"Total revenues accrual","Y_lag1; Hours worked_leg0; IP_leg0; Business turnover index_leg0; ESI_leg0; Retail sales_leg0; Private consumption_leg0; HICPX_leg0; Energy prices_leg0; Stock market_leg0; Cash revenues_leg0","OK",NA
"sg_lasso","France","Revenues","2023-03-05",2930.64047891496,NA,0.0231358286797495,0.5,0.833746146543625,11,11,11,2023-03-01,-108.5,"Total revenues accrual","Y_lag1; Hours worked_leg0; IP_leg0; Business turnover index_leg0; ESI_leg0; Retail sales_leg0; Private consumption_leg0; HICPX_leg0; Energy prices_leg0; Stock market_leg0; Cash revenues_leg0","OK",NA
"sg_lasso","France","Revenues","2023-03-15",1146.01458346577,NA,0.0231474227078774,0.5,1.01270213970078,11,11,11,2023-03-01,3403.90000000002,"Total revenues accrual","Y_lag1; Hours worked_leg0; IP_leg0; Business turnover index_leg0; ESI_leg0; Retail sales_leg0; Private consumption_leg0; HICPX_leg0; Energy prices_leg0; Stock market_leg0; Cash revenues_leg0","OK",NA
"sg_lasso","France","Revenues","2023-03-27",1301.18120605271,NA,0.0231474227078774,0.5,1.01189485846053,11,11,11,2023-03-01,3403.90000000002,"Total revenues accrual","Y_lag1; Hours worked_leg0; IP_leg0; Business turnover index_leg0; ESI_leg0; Retail sales_leg0; Private consumption_leg0; HICPX_leg0; Energy prices_leg0; Stock market_leg0; Cash revenues_leg0","OK",NA
"sg_lasso","France","Revenues","2023-03-30",1302.00690169898,NA,0.0231474227078774,0.5,1.0119145784618,11,11,11,2023-03-01,3403.90000000002,"Total revenues accrual","Y_lag1; Hours worked_leg0; IP_leg0; Business turnover index_leg0; ESI_leg0; Retail sales_leg0; Private consumption_leg0; HICPX_leg0; Energy prices_leg0; Stock market_leg0; Cash revenues_leg0","OK",NA
"sg_lasso","France","Revenues","2023-04-01",-794.221808325527,NA,0.0231474227078774,0.5,1.0119145784618,11,11,11,2023-04-01,3403.90000000002,"Total revenues accrual","Y_lag1; Hours worked_leg0; IP_leg0; Business turnover index_leg0; ESI_leg0; Retail sales_leg0; Private consumption_leg0; HICPX_leg0; Energy prices_leg0; Stock market_leg0; Cash revenues_leg0","OK",NA
"sg_lasso","France","Revenues","2023-04-05",-2115.86928097023,NA,0.0231474227078774,0.5,1.0119145784618,11,11,11,2023-04-01,3403.90000000002,"Total revenues accrual","Y_lag1; Hours worked_leg0; IP_leg0; Business turnover index_leg0; ESI_leg0; Retail sales_leg0; Private consumption_leg0; HICPX_leg0; Energy prices_leg0; Stock market_leg0; Cash revenues_leg0","OK",NA
"sg_lasso","France","Revenues","2023-04-06",-2617.42949578083,NA,0.0231474227078774,0.5,1.0119145784618,11,11,11,2023-04-01,3403.90000000002,"Total revenues accrual","Y_lag1; Hours worked_leg0; IP_leg0; Business turnover index_leg0; ESI_leg0; Retail sales_leg0; Private consumption_leg0; HICPX_leg0; Energy prices_leg0; Stock market_leg0; Cash revenues_leg0","OK",NA
"sg_lasso","France","Revenues","2023-04-15",-2157.27581825799,NA,0.0231474227078774,0.5,1.0119145784618,11,11,11,2023-04-01,3403.90000000002,"Total revenues accrual","Y_lag1; Hours worked_leg0; IP_leg0; Business turnover index_leg0; ESI_leg0; Retail sales_leg0; Private consumption_leg0; HICPX_leg0; Energy prices_leg0; Stock market_leg0; Cash revenues_leg0","OK",NA
"sg_lasso","France","Revenues","2023-04-27",-1237.09949601925,NA,0.0231474227078774,0.5,1.0119145784618,11,11,11,2023-04-01,3403.90000000002,"Total revenues accrual","Y_lag1; Hours worked_leg0; IP_leg0; Business turnover index_leg0; ESI_leg0; Retail sales_leg0; Private consumption_leg0; HICPX_leg0; Energy prices_leg0; Stock market_leg0; Cash revenues_leg0","OK",NA
"sg_lasso","France","Revenues","2023-05-01",-713.934510014405,NA,0.0231474227078774,0.5,1.0119145784618,11,11,11,2023-05-01,3403.90000000002,"Total revenues accrual","Y_lag1; Hours worked_leg0; IP_leg0; Business turnover index_leg0; ESI_leg0; Retail sales_leg0; Private consumption_leg0; HICPX_leg0; Energy prices_leg0; Stock market_leg0; Cash revenues_leg0","OK",NA
"sg_lasso","France","Revenues","2023-05-05",946.065235269764,NA,0.0231474227078774,0.5,1.0119145784618,11,11,11,2023-05-01,3403.90000000002,"Total revenues accrual","Y_lag1; Hours worked_leg0; IP_leg0; Business turnover index_leg0; ESI_leg0; Retail sales_leg0; Private consumption_leg0; HICPX_leg0; Energy prices_leg0; Stock market_leg0; Cash revenues_leg0","OK",NA
"sg_lasso","France","Revenues","2023-05-15",664.763783955976,NA,0.0231474227078774,0.5,1.0119145784618,11,11,11,2023-05-01,3403.90000000002,"Total revenues accrual","Y_lag1; Hours worked_leg0; IP_leg0; Business turnover index_leg0; ESI_leg0; Retail sales_leg0; Private consumption_leg0; HICPX_leg0; Energy prices_leg0; Stock market_leg0; Cash revenues_leg0","OK",NA
"sg_lasso","France","Revenues","2023-05-25",713.209751425646,NA,0.0231474227078774,0.5,1.0119145784618,11,11,11,2023-05-01,3403.90000000002,"Total revenues accrual","Y_lag1; Hours worked_leg0; IP_leg0; Business turnover index_leg0; ESI_leg0; Retail sales_leg0; Private consumption_leg0; HICPX_leg0; Energy prices_leg0; Stock market_leg0; Cash revenues_leg0","OK",NA
"sg_lasso","France","Revenues","2023-05-27",1755.6938587998,NA,0.0231474227078774,0.5,1.0119145784618,11,11,11,2023-05-01,3403.90000000002,"Total revenues accrual","Y_lag1; Hours worked_leg0; IP_leg0; Business turnover index_leg0; ESI_leg0; Retail sales_leg0; Private consumption_leg0; HICPX_leg0; Energy prices_leg0; Stock market_leg0; Cash revenues_leg0","OK",NA
"sg_lasso","France","Revenues","2023-06-01",3962.32478103748,NA,0.0231474227078774,0.5,1.0119145784618,11,11,11,2023-06-01,3403.90000000002,"Total revenues accrual","Y_lag1; Hours worked_leg0; IP_leg0; Business turnover index_leg0; ESI_leg0; Retail sales_leg0; Private consumption_leg0; HICPX_leg0; Energy prices_leg0; Stock market_leg0; Cash revenues_leg0","OK",NA
"sg_lasso","France","Revenues","2023-06-04",4256.76829204447,NA,0.0231474227078774,0.5,1.0119145784618,11,11,11,2023-06-01,3403.90000000002,"Total revenues accrual","Y_lag1; Hours worked_leg0; IP_leg0; Business turnover index_leg0; ESI_leg0; Retail sales_leg0; Private consumption_leg0; HICPX_leg0; Energy prices_leg0; Stock market_leg0; Cash revenues_leg0","OK",NA
"sg_lasso","France","Revenues","2023-06-05",2698.78663155697,NA,0.0231474227078774,0.5,1.0119145784618,11,11,11,2023-06-01,3403.90000000002,"Total revenues accrual","Y_lag1; Hours worked_leg0; IP_leg0; Business turnover index_leg0; ESI_leg0; Retail sales_leg0; Private consumption_leg0; HICPX_leg0; Energy prices_leg0; Stock market_leg0; Cash revenues_leg0","OK",NA
"sg_lasso","France","Revenues","2023-06-15",3558.80103206772,NA,0.0210719058380091,0.5,0.798283532668442,11,11,11,2023-06-01,500.700000000012,"Total revenues accrual","Y_lag1; Hours worked_leg0; IP_leg0; Business turnover index_leg0; ESI_leg0; Retail sales_leg0; Private consumption_leg0; HICPX_leg0; Energy prices_leg0; Stock market_leg0; Cash revenues_leg0","OK",NA
"sg_lasso","France","Revenues","2023-06-27",2784.40540831195,NA,0.0305717274075403,0.5,0.7926984233755,11,11,11,2023-06-01,500.700000000012,"Total revenues accrual","Y_lag1; Hours worked_leg0; IP_leg0; Business turnover index_leg0; ESI_leg0; Retail sales_leg0; Private consumption_leg0; HICPX_leg0; Energy prices_leg0; Stock market_leg0; Cash revenues_leg0","OK",NA
"sg_lasso","France","Revenues","2023-06-29",3128.86187816311,NA,0.0210719058380091,0.5,0.794457829423326,11,11,11,2023-06-01,500.700000000012,"Total revenues accrual","Y_lag1; Hours worked_leg0; IP_leg0; Business turnover index_leg0; ESI_leg0; Retail sales_leg0; Private consumption_leg0; HICPX_leg0; Energy prices_leg0; Stock market_leg0; Cash revenues_leg0","OK",NA
"sg_lasso","France","Revenues","2023-07-01",4062.21968545255,NA,0.0210719058380091,0.5,0.794457829423326,11,11,11,2023-07-01,500.700000000012,"Total revenues accrual","Y_lag1; Hours worked_leg0; IP_leg0; Business turnover index_leg0; ESI_leg0; Retail sales_leg0; Private consumption_leg0; HICPX_leg0; Energy prices_leg0; Stock market_leg0; Cash revenues_leg0","OK",NA
"sg_lasso","France","Revenues","2023-07-05",7264.01374983865,NA,0.0210719058380091,0.5,0.794457829423326,11,11,11,2023-07-01,500.700000000012,"Total revenues accrual","Y_lag1; Hours worked_leg0; IP_leg0; Business turnover index_leg0; ESI_leg0; Retail sales_leg0; Private consumption_leg0; HICPX_leg0; Energy prices_leg0; Stock market_leg0; Cash revenues_leg0","OK",NA
"sg_lasso","France","Revenues","2023-07-06",7506.92538207288,NA,0.0210719058380091,0.5,0.794457829423326,11,11,11,2023-07-01,500.700000000012,"Total revenues accrual","Y_lag1; Hours worked_leg0; IP_leg0; Business turnover index_leg0; ESI_leg0; Retail sales_leg0; Private consumption_leg0; HICPX_leg0; Energy prices_leg0; Stock market_leg0; Cash revenues_leg0","OK",NA
"sg_lasso","France","Revenues","2023-07-15",7323.13426795657,NA,0.0210719058380091,0.5,0.794457829423326,11,11,11,2023-07-01,500.700000000012,"Total revenues accrual","Y_lag1; Hours worked_leg0; IP_leg0; Business turnover index_leg0; ESI_leg0; Retail sales_leg0; Private consumption_leg0; HICPX_leg0; Energy prices_leg0; Stock market_leg0; Cash revenues_leg0","OK",NA
"sg_lasso","France","Revenues","2023-07-27",7840.98655448238,NA,0.0210719058380091,0.5,0.794457829423326,11,11,11,2023-07-01,500.700000000012,"Total revenues accrual","Y_lag1; Hours worked_leg0; IP_leg0; Business turnover index_leg0; ESI_leg0; Retail sales_leg0; Private consumption_leg0; HICPX_leg0; Energy prices_leg0; Stock market_leg0; Cash revenues_leg0","OK",NA
"sg_lasso","France","Revenues","2023-08-01",9088.7593261509,NA,0.0210719058380091,0.5,0.794457829423326,11,11,11,2023-08-01,500.700000000012,"Total revenues accrual","Y_lag1; Hours worked_leg0; IP_leg0; Business turnover index_leg0; ESI_leg0; Retail sales_leg0; Private consumption_leg0; HICPX_leg0; Energy prices_leg0; Stock market_leg0; Cash revenues_leg0","OK",NA
"sg_lasso","France","Revenues","2023-08-02",7998.1951075696,NA,0.0210719058380091,0.5,0.794457829423326,11,11,11,2023-08-01,500.700000000012,"Total revenues accrual","Y_lag1; Hours worked_leg0; IP_leg0; Business turnover index_leg0; ESI_leg0; Retail sales_leg0; Private consumption_leg0; HICPX_leg0; Energy prices_leg0; Stock market_leg0; Cash revenues_leg0","OK",NA
"sg_lasso","France","Revenues","2023-08-05",3975.43986384131,NA,0.0210719058380091,0.5,0.794457829423326,11,11,11,2023-08-01,500.700000000012,"Total revenues accrual","Y_lag1; Hours worked_leg0; IP_leg0; Business turnover index_leg0; ESI_leg0; Retail sales_leg0; Private consumption_leg0; HICPX_leg0; Energy prices_leg0; Stock market_leg0; Cash revenues_leg0","OK",NA
"sg_lasso","France","Revenues","2023-08-15",3830.18844330042,NA,0.0210719058380091,0.5,0.794457829423326,11,11,11,2023-08-01,500.700000000012,"Total revenues accrual","Y_lag1; Hours worked_leg0; IP_leg0; Business turnover index_leg0; ESI_leg0; Retail sales_leg0; Private consumption_leg0; HICPX_leg0; Energy prices_leg0; Stock market_leg0; Cash revenues_leg0","OK",NA
"sg_lasso","France","Revenues","2023-08-27",3651.60647158925,NA,0.0210719058380091,0.5,0.794457829423326,11,11,11,2023-08-01,500.700000000012,"Total revenues accrual","Y_lag1; Hours worked_leg0; IP_leg0; Business turnover index_leg0; ESI_leg0; Retail sales_leg0; Private consumption_leg0; HICPX_leg0; Energy prices_leg0; Stock market_leg0; Cash revenues_leg0","OK",NA
"sg_lasso","France","Revenues","2023-08-31",3624.45339119563,NA,0.0210719058380091,0.5,0.794457829423326,11,11,11,2023-08-01,500.700000000012,"Total revenues accrual","Y_lag1; Hours worked_leg0; IP_leg0; Business turnover index_leg0; ESI_leg0; Retail sales_leg0; Private consumption_leg0; HICPX_leg0; Energy prices_leg0; Stock market_leg0; Cash revenues_leg0","OK",NA
"sg_lasso","France","Revenues","2023-09-01",1567.51121645989,NA,0.0210719058380091,0.5,0.794457829423326,11,11,11,2023-09-01,500.700000000012,"Total revenues accrual","Y_lag1; Hours worked_leg0; IP_leg0; Business turnover index_leg0; ESI_leg0; Retail sales_leg0; Private consumption_leg0; HICPX_leg0; Energy prices_leg0; Stock market_leg0; Cash revenues_leg0","OK",NA
"sg_lasso","France","Revenues","2023-09-05",4348.77187371224,NA,0.0210719058380091,0.5,0.794457829423326,11,11,11,2023-09-01,500.700000000012,"Total revenues accrual","Y_lag1; Hours worked_leg0; IP_leg0; Business turnover index_leg0; ESI_leg0; Retail sales_leg0; Private consumption_leg0; HICPX_leg0; Energy prices_leg0; Stock market_leg0; Cash revenues_leg0","OK",NA
"sg_lasso","France","Revenues","2023-09-15",2631.52417299033,NA,0.0332193303015045,0.5,0.892860121433481,11,11,11,2023-09-01,-541.200000000012,"Total revenues accrual","Y_lag1; Hours worked_leg0; IP_leg0; Business turnover index_leg0; ESI_leg0; Retail sales_leg0; Private consumption_leg0; HICPX_leg0; Energy prices_leg0; Stock market_leg0; Cash revenues_leg0","OK",NA
"sg_lasso","France","Revenues","2023-09-27",3010.61147970929,NA,0.0332193303015045,0.5,0.885558192220686,11,11,11,2023-09-01,-541.200000000012,"Total revenues accrual","Y_lag1; Hours worked_leg0; IP_leg0; Business turnover index_leg0; ESI_leg0; Retail sales_leg0; Private consumption_leg0; HICPX_leg0; Energy prices_leg0; Stock market_leg0; Cash revenues_leg0","OK",NA
"sg_lasso","France","Revenues","2023-09-28",3058.3700917236,NA,0.0332193303015045,0.5,0.890816126355499,11,11,11,2023-09-01,-541.200000000012,"Total revenues accrual","Y_lag1; Hours worked_leg0; IP_leg0; Business turnover index_leg0; ESI_leg0; Retail sales_leg0; Private consumption_leg0; HICPX_leg0; Energy prices_leg0; Stock market_leg0; Cash revenues_leg0","OK",NA
"sg_lasso","France","Revenues","2023-10-01",1250.74559122665,NA,0.0332193303015045,0.5,0.890816126355499,11,11,11,2023-10-01,-541.200000000012,"Total revenues accrual","Y_lag1; Hours worked_leg0; IP_leg0; Business turnover index_leg0; ESI_leg0; Retail sales_leg0; Private consumption_leg0; HICPX_leg0; Energy prices_leg0; Stock market_leg0; Cash revenues_leg0","OK",NA
"sg_lasso","France","Revenues","2023-10-05",-542.343996703279,NA,0.0332193303015045,0.5,0.890816126355499,11,11,11,2023-10-01,-541.200000000012,"Total revenues accrual","Y_lag1; Hours worked_leg0; IP_leg0; Business turnover index_leg0; ESI_leg0; Retail sales_leg0; Private consumption_leg0; HICPX_leg0; Energy prices_leg0; Stock market_leg0; Cash revenues_leg0","OK",NA
"sg_lasso","France","Revenues","2023-10-07",-545.994609125115,NA,0.0332193303015045,0.5,0.890816126355499,11,11,11,2023-10-01,-541.200000000012,"Total revenues accrual","Y_lag1; Hours worked_leg0; IP_leg0; Business turnover index_leg0; ESI_leg0; Retail sales_leg0; Private consumption_leg0; HICPX_leg0; Energy prices_leg0; Stock market_leg0; Cash revenues_leg0","OK",NA
"sg_lasso","France","Revenues","2023-10-15",-423.245184216696,NA,0.0332193303015045,0.5,0.890816126355499,11,11,11,2023-10-01,-541.200000000012,"Total revenues accrual","Y_lag1; Hours worked_leg0; IP_leg0; Business turnover index_leg0; ESI_leg0; Retail sales_leg0; Private consumption_leg0; HICPX_leg0; Energy prices_leg0; Stock market_leg0; Cash revenues_leg0","OK",NA
"sg_lasso","France","Revenues","2023-10-26",-483.198922700927,NA,0.0332193303015045,0.5,0.890816126355499,11,11,11,2023-10-01,-541.200000000012,"Total revenues accrual","Y_lag1; Hours worked_leg0; IP_leg0; Business turnover index_leg0; ESI_leg0; Retail sales_leg0; Private consumption_leg0; HICPX_leg0; Energy prices_leg0; Stock market_leg0; Cash revenues_leg0","OK",NA
"sg_lasso","France","Revenues","2023-10-27",-281.741324371185,NA,0.0332193303015045,0.5,0.890816126355499,11,11,11,2023-10-01,-541.200000000012,"Total revenues accrual","Y_lag1; Hours worked_leg0; IP_leg0; Business turnover index_leg0; ESI_leg0; Retail sales_leg0; Private consumption_leg0; HICPX_leg0; Energy prices_leg0; Stock market_leg0; Cash revenues_leg0","OK",NA
"sg_lasso","France","Revenues","2023-11-01",2454.99960169492,NA,0.0332193303015045,0.5,0.890816126355499,11,11,11,2023-11-01,-541.200000000012,"Total revenues accrual","Y_lag1; Hours worked_leg0; IP_leg0; Business turnover index_leg0; ESI_leg0; Retail sales_leg0; Private consumption_leg0; HICPX_leg0; Energy prices_leg0; Stock market_leg0; Cash revenues_leg0","OK",NA
"sg_lasso","France","Revenues","2023-11-03",2854.16200383198,NA,0.0332193303015045,0.5,0.890816126355499,11,11,11,2023-11-01,-541.200000000012,"Total revenues accrual","Y_lag1; Hours worked_leg0; IP_leg0; Business turnover index_leg0; ESI_leg0; Retail sales_leg0; Private consumption_leg0; HICPX_leg0; Energy prices_leg0; Stock market_leg0; Cash revenues_leg0","OK",NA
"sg_lasso","France","Revenues","2023-11-05",3577.67390156494,NA,0.0332193303015045,0.5,0.890816126355499,11,11,11,2023-11-01,-541.200000000012,"Total revenues accrual","Y_lag1; Hours worked_leg0; IP_leg0; Business turnover index_leg0; ESI_leg0; Retail sales_leg0; Private consumption_leg0; HICPX_leg0; Energy prices_leg0; Stock market_leg0; Cash revenues_leg0","OK",NA
"sg_lasso","France","Revenues","2023-11-15",3482.03584968422,NA,0.0332193303015045,0.5,0.890816126355499,11,11,11,2023-11-01,-541.200000000012,"Total revenues accrual","Y_lag1; Hours worked_leg0; IP_leg0; Business turnover index_leg0; ESI_leg0; Retail sales_leg0; Private consumption_leg0; HICPX_leg0; Energy prices_leg0; Stock market_leg0; Cash revenues_leg0","OK",NA
"sg_lasso","France","Revenues","2023-11-27",3534.01043774854,NA,0.0332193303015045,0.5,0.890816126355499,11,11,11,2023-11-01,-541.200000000012,"Total revenues accrual","Y_lag1; Hours worked_leg0; IP_leg0; Business turnover index_leg0; ESI_leg0; Retail sales_leg0; Private consumption_leg0; HICPX_leg0; Energy prices_leg0; Stock market_leg0; Cash revenues_leg0","OK",NA
"sg_lasso","France","Revenues","2023-11-30",3579.26996348093,NA,0.0332193303015045,0.5,0.890816126355499,11,11,11,2023-11-01,-541.200000000012,"Total revenues accrual","Y_lag1; Hours worked_leg0; IP_leg0; Business turnover index_leg0; ESI_leg0; Retail sales_leg0; Private consumption_leg0; HICPX_leg0; Energy prices_leg0; Stock market_leg0; Cash revenues_leg0","OK",NA
"sg_lasso","France","Revenues","2023-12-01",3685.25976276071,NA,0.0332193303015045,0.5,0.890816126355499,11,11,11,2023-12-01,-541.200000000012,"Total revenues accrual","Y_lag1; Hours worked_leg0; IP_leg0; Business turnover index_leg0; ESI_leg0; Retail sales_leg0; Private consumption_leg0; HICPX_leg0; Energy prices_leg0; Stock market_leg0; Cash revenues_leg0","OK",NA
"sg_lasso","France","Revenues","2023-12-05",4025.27304695291,NA,0.0332193303015045,0.5,0.890816126355499,11,11,11,2023-12-01,-541.200000000012,"Total revenues accrual","Y_lag1; Hours worked_leg0; IP_leg0; Business turnover index_leg0; ESI_leg0; Retail sales_leg0; Private consumption_leg0; HICPX_leg0; Energy prices_leg0; Stock market_leg0; Cash revenues_leg0","OK",NA
"sg_lasso","France","Revenues","2023-12-15",2273.25028570735,NA,0.0108330652403429,0.5,1.03124146580314,10,10,10,2023-12-01,5422.5,"Total revenues accrual","Y_lag1; Hours worked_leg0; IP_leg0; Business turnover index_leg0; ESI_leg0; Retail sales_leg0; HICPX_leg0; Energy prices_leg0; Stock market_leg0; Cash revenues_leg0","OK",NA
"sg_lasso","France","Revenues","2023-12-27",1898.25907550632,NA,0.00987068558156973,0.5,1.02837617203039,10,10,10,2023-12-01,5422.5,"Total revenues accrual","Y_lag1; Hours worked_leg0; IP_leg0; Business turnover index_leg0; ESI_leg0; Retail sales_leg0; HICPX_leg0; Energy prices_leg0; Stock market_leg0; Cash revenues_leg0","OK",NA
"sg_lasso","France","Revenues","2023-12-28",1884.56263524425,NA,0.00987068558156973,0.5,1.0289368890689,10,10,10,2023-12-01,5422.5,"Total revenues accrual","Y_lag1; Hours worked_leg0; IP_leg0; Business turnover index_leg0; ESI_leg0; Retail sales_leg0; HICPX_leg0; Energy prices_leg0; Stock market_leg0; Cash revenues_leg0","OK",NA
"sg_lasso","France","Revenues","2024-01-01",2025.08302059103,NA,0.00987068558156973,0.5,1.0289368890689,10,10,10,2024-01-01,5422.5,"Total revenues accrual","Y_lag1; Hours worked_leg0; IP_leg0; Business turnover index_leg0; ESI_leg0; Retail sales_leg0; HICPX_leg0; Energy prices_leg0; Stock market_leg0; Cash revenues_leg0","OK",NA
"sg_lasso","France","Revenues","2024-01-05",864.66374137688,NA,0.00987068558156973,0.5,1.0289368890689,10,10,10,2024-01-01,5422.5,"Total revenues accrual","Y_lag1; Hours worked_leg0; IP_leg0; Business turnover index_leg0; ESI_leg0; Retail sales_leg0; HICPX_leg0; Energy prices_leg0; Stock market_leg0; Cash revenues_leg0","OK",NA
"sg_lasso","France","Revenues","2024-01-15",2529.59974010585,NA,0.00987068558156973,0.5,1.0289368890689,10,10,10,2024-01-01,5422.5,"Total revenues accrual","Y_lag1; Hours worked_leg0; IP_leg0; Business turnover index_leg0; ESI_leg0; Retail sales_leg0; HICPX_leg0; Energy prices_leg0; Stock market_leg0; Cash revenues_leg0","OK",NA
"sg_lasso","France","Revenues","2024-01-25",2627.7753006252,NA,0.00987068558156973,0.5,1.0289368890689,10,10,10,2024-01-01,5422.5,"Total revenues accrual","Y_lag1; Hours worked_leg0; IP_leg0; Business turnover index_leg0; ESI_leg0; Retail sales_leg0; HICPX_leg0; Energy prices_leg0; Stock market_leg0; Cash revenues_leg0","OK",NA
"sg_lasso","France","Revenues","2024-01-27",2652.26927831254,NA,0.00987068558156973,0.5,1.0289368890689,10,10,10,2024-01-01,5422.5,"Total revenues accrual","Y_lag1; Hours worked_leg0; IP_leg0; Business turnover index_leg0; ESI_leg0; Retail sales_leg0; HICPX_leg0; Energy prices_leg0; Stock market_leg0; Cash revenues_leg0","OK",NA
"sg_lasso","France","Revenues","2024-02-01",3407.54112922579,NA,0.00987068558156973,0.5,1.0289368890689,10,10,10,2024-02-01,5422.5,"Total revenues accrual","Y_lag1; Hours worked_leg0; IP_leg0; Business turnover index_leg0; ESI_leg0; Retail sales_leg0; HICPX_leg0; Energy prices_leg0; Stock market_leg0; Cash revenues_leg0","OK",NA
"sg_lasso","France","Revenues","2024-02-04",3805.18524051405,NA,0.00987068558156973,0.5,1.0289368890689,10,10,10,2024-02-01,5422.5,"Total revenues accrual","Y_lag1; Hours worked_leg0; IP_leg0; Business turnover index_leg0; ESI_leg0; Retail sales_leg0; HICPX_leg0; Energy prices_leg0; Stock market_leg0; Cash revenues_leg0","OK",NA
"sg_lasso","France","Revenues","2024-02-05",4824.73762214854,NA,0.00987068558156973,0.5,1.0289368890689,10,10,10,2024-02-01,5422.5,"Total revenues accrual","Y_lag1; Hours worked_leg0; IP_leg0; Business turnover index_leg0; ESI_leg0; Retail sales_leg0; HICPX_leg0; Energy prices_leg0; Stock market_leg0; Cash revenues_leg0","OK",NA
"sg_lasso","France","Revenues","2024-02-15",3112.88284064448,NA,0.00987068558156973,0.5,1.0289368890689,10,10,10,2024-02-01,5422.5,"Total revenues accrual","Y_lag1; Hours worked_leg0; IP_leg0; Business turnover index_leg0; ESI_leg0; Retail sales_leg0; HICPX_leg0; Energy prices_leg0; Stock market_leg0; Cash revenues_leg0","OK",NA
"sg_lasso","France","Revenues","2024-02-27",2491.07586014662,NA,0.00987068558156973,0.5,1.0289368890689,10,10,10,2024-02-01,5422.5,"Total revenues accrual","Y_lag1; Hours worked_leg0; IP_leg0; Business turnover index_leg0; ESI_leg0; Retail sales_leg0; HICPX_leg0; Energy prices_leg0; Stock market_leg0; Cash revenues_leg0","OK",NA
"sg_lasso","France","Revenues","2024-02-29",2469.56434504675,NA,0.00987068558156973,0.5,1.0289368890689,10,10,10,2024-02-01,5422.5,"Total revenues accrual","Y_lag1; Hours worked_leg0; IP_leg0; Business turnover index_leg0; ESI_leg0; Retail sales_leg0; HICPX_leg0; Energy prices_leg0; Stock market_leg0; Cash revenues_leg0","OK",NA
"sg_lasso","France","Revenues","2024-03-01",1700.5225516994,NA,0.00987068558156973,0.5,1.0289368890689,10,10,10,2024-03-01,5422.5,"Total revenues accrual","Y_lag1; Hours worked_leg0; IP_leg0; Business turnover index_leg0; ESI_leg0; Retail sales_leg0; HICPX_leg0; Energy prices_leg0; Stock market_leg0; Cash revenues_leg0","OK",NA
"sg_lasso","France","Revenues","2024-03-05",-44.5799734586503,NA,0.00987068558156973,0.5,1.0289368890689,10,10,10,2024-03-01,5422.5,"Total revenues accrual","Y_lag1; Hours worked_leg0; IP_leg0; Business turnover index_leg0; ESI_leg0; Retail sales_leg0; HICPX_leg0; Energy prices_leg0; Stock market_leg0; Cash revenues_leg0","OK",NA
"sg_lasso","France","Revenues","2024-03-15",2841.96887047892,NA,0.00674568930643727,0.5,0.899162037658037,11,11,11,2024-03-01,3679.29999999999,"Total revenues accrual","Y_lag1; Payroll Mass_leg0; Hours worked_leg0; IP_leg0; Business turnover index_leg0; ESI_leg0; Retail sales_leg0; HICPX_leg0; Energy prices_leg0; Stock market_leg0; Cash revenues_leg0","OK",NA
"sg_lasso","France","Revenues","2024-03-27",3739.34463068749,NA,0.00740338568621461,0.5,0.852754452653205,11,11,11,2024-03-01,3679.29999999999,"Total revenues accrual","Y_lag1; Payroll Mass_leg0; Hours worked_leg0; IP_leg0; Business turnover index_leg0; ESI_leg0; Retail sales_leg0; HICPX_leg0; Energy prices_leg0; Stock market_leg0; Cash revenues_leg0","OK",NA
"sg_lasso","France","Revenues","2024-03-28",3827.91281277338,NA,0.00740338568621461,0.5,0.846122340871706,11,11,11,2024-03-01,3679.29999999999,"Total revenues accrual","Y_lag1; Payroll Mass_leg0; Hours worked_leg0; IP_leg0; Business turnover index_leg0; ESI_leg0; Retail sales_leg0; HICPX_leg0; Energy prices_leg0; Stock market_leg0; Cash revenues_leg0","OK",NA
"sg_lasso","France","Revenues","2024-04-01",2668.61423858287,NA,0.00740338568621461,0.5,0.846122340871706,11,11,11,2024-04-01,3679.29999999999,"Total revenues accrual","Y_lag1; Payroll Mass_leg0; Hours worked_leg0; IP_leg0; Business turnover index_leg0; ESI_leg0; Retail sales_leg0; HICPX_leg0; Energy prices_leg0; Stock market_leg0; Cash revenues_leg0","OK",NA
"sg_lasso","France","Revenues","2024-04-05",4225.81571321973,NA,0.00740338568621461,0.5,0.846122340871706,11,11,11,2024-04-01,3679.29999999999,"Total revenues accrual","Y_lag1; Payroll Mass_leg0; Hours worked_leg0; IP_leg0; Business turnover index_leg0; ESI_leg0; Retail sales_leg0; HICPX_leg0; Energy prices_leg0; Stock market_leg0; Cash revenues_leg0","OK",NA
"sg_lasso","France","Revenues","2024-04-15",3819.54490194205,NA,0.00740338568621461,0.5,0.846122340871706,11,11,11,2024-04-01,3679.29999999999,"Total revenues accrual","Y_lag1; Payroll Mass_leg0; Hours worked_leg0; IP_leg0; Business turnover index_leg0; ESI_leg0; Retail sales_leg0; HICPX_leg0; Energy prices_leg0; Stock market_leg0; Cash revenues_leg0","OK",NA
"sg_lasso","France","Revenues","2024-04-25",3574.79998196201,NA,0.00740338568621461,0.5,0.846122340871706,11,11,11,2024-04-01,3679.29999999999,"Total revenues accrual","Y_lag1; Payroll Mass_leg0; Hours worked_leg0; IP_leg0; Business turnover index_leg0; ESI_leg0; Retail sales_leg0; HICPX_leg0; Energy prices_leg0; Stock market_leg0; Cash revenues_leg0","OK",NA
"sg_lasso","France","Revenues","2024-04-27",2121.03575540165,NA,0.00740338568621461,0.5,0.846122340871706,11,11,11,2024-04-01,3679.29999999999,"Total revenues accrual","Y_lag1; Payroll Mass_leg0; Hours worked_leg0; IP_leg0; Business turnover index_leg0; ESI_leg0; Retail sales_leg0; HICPX_leg0; Energy prices_leg0; Stock market_leg0; Cash revenues_leg0","OK",NA
"sg_lasso","France","Revenues","2024-05-01",189.868780132806,NA,0.00740338568621461,0.5,0.846122340871706,11,11,11,2024-05-01,3679.29999999999,"Total revenues accrual","Y_lag1; Payroll Mass_leg0; Hours worked_leg0; IP_leg0; Business turnover index_leg0; ESI_leg0; Retail sales_leg0; HICPX_leg0; Energy prices_leg0; Stock market_leg0; Cash revenues_leg0","OK",NA
"sg_lasso","France","Revenues","2024-05-03",83.1925176844907,NA,0.00740338568621461,0.5,0.846122340871706,11,11,11,2024-05-01,3679.29999999999,"Total revenues accrual","Y_lag1; Payroll Mass_leg0; Hours worked_leg0; IP_leg0; Business turnover index_leg0; ESI_leg0; Retail sales_leg0; HICPX_leg0; Energy prices_leg0; Stock market_leg0; Cash revenues_leg0","OK",NA
"sg_lasso","France","Revenues","2024-05-05",-809.99124443133,NA,0.00740338568621461,0.5,0.846122340871706,11,11,11,2024-05-01,3679.29999999999,"Total revenues accrual","Y_lag1; Payroll Mass_leg0; Hours worked_leg0; IP_leg0; Business turnover index_leg0; ESI_leg0; Retail sales_leg0; HICPX_leg0; Energy prices_leg0; Stock market_leg0; Cash revenues_leg0","OK",NA
"sg_lasso","France","Revenues","2024-05-15",-3817.99445064859,NA,0.00740338568621461,0.5,0.846122340871706,11,11,11,2024-05-01,3679.29999999999,"Total revenues accrual","Y_lag1; Payroll Mass_leg0; Hours worked_leg0; IP_leg0; Business turnover index_leg0; ESI_leg0; Retail sales_leg0; HICPX_leg0; Energy prices_leg0; Stock market_leg0; Cash revenues_leg0","OK",NA
"sg_lasso","France","Revenues","2024-05-27",-3967.10950915492,NA,0.00740338568621461,0.5,0.846122340871706,11,11,11,2024-05-01,3679.29999999999,"Total revenues accrual","Y_lag1; Payroll Mass_leg0; Hours worked_leg0; IP_leg0; Business turnover index_leg0; ESI_leg0; Retail sales_leg0; HICPX_leg0; Energy prices_leg0; Stock market_leg0; Cash revenues_leg0","OK",NA
"sg_lasso","France","Revenues","2024-05-30",-3824.35323255328,NA,0.00740338568621461,0.5,0.846122340871706,11,11,11,2024-05-01,3679.29999999999,"Total revenues accrual","Y_lag1; Payroll Mass_leg0; Hours worked_leg0; IP_leg0; Business turnover index_leg0; ESI_leg0; Retail sales_leg0; HICPX_leg0; Energy prices_leg0; Stock market_leg0; Cash revenues_leg0","OK",NA
"sg_lasso","France","Revenues","2024-06-01",-7897.51096769903,NA,0.00740338568621461,0.5,0.846122340871706,11,11,11,2024-06-01,3679.29999999999,"Total revenues accrual","Y_lag1; Payroll Mass_leg0; Hours worked_leg0; IP_leg0; Business turnover index_leg0; ESI_leg0; Retail sales_leg0; HICPX_leg0; Energy prices_leg0; Stock market_leg0; Cash revenues_leg0","OK",NA
"sg_lasso","France","Revenues","2024-06-05",-7283.44201386374,NA,0.00740338568621461,0.5,0.846122340871706,11,11,11,2024-06-01,3679.29999999999,"Total revenues accrual","Y_lag1; Payroll Mass_leg0; Hours worked_leg0; IP_leg0; Business turnover index_leg0; ESI_leg0; Retail sales_leg0; HICPX_leg0; Energy prices_leg0; Stock market_leg0; Cash revenues_leg0","OK",NA
"sg_lasso","France","Revenues","2024-06-06",-7748.85498467512,NA,0.00740338568621461,0.5,0.846122340871706,11,11,11,2024-06-01,3679.29999999999,"Total revenues accrual","Y_lag1; Payroll Mass_leg0; Hours worked_leg0; IP_leg0; Business turnover index_leg0; ESI_leg0; Retail sales_leg0; HICPX_leg0; Energy prices_leg0; Stock market_leg0; Cash revenues_leg0","OK",NA
"sg_lasso","France","Revenues","2024-06-15",-219.291266120434,NA,0.0299005893457573,0.5,1.04797865487404,11,11,11,2024-06-01,3907.59999999998,"Total revenues accrual","Y_lag1; Hours worked_leg0; IP_leg0; Business turnover index_leg0; ESI_leg0; Retail sales_leg0; Private consumption_leg0; HICPX_leg0; Energy prices_leg0; Stock market_leg0; Cash revenues_leg0","OK",NA
"sg_lasso","France","Revenues","2024-06-27",-189.488494190574,NA,0.0299005893457573,0.5,1.04575684079976,11,11,11,2024-06-01,3907.59999999998,"Total revenues accrual","Y_lag1; Hours worked_leg0; IP_leg0; Business turnover index_leg0; ESI_leg0; Retail sales_leg0; Private consumption_leg0; HICPX_leg0; Energy prices_leg0; Stock market_leg0; Cash revenues_leg0","OK",NA
"sg_lasso","France","Revenues","2024-07-01",836.502374864633,NA,0.0299005893457573,0.5,1.04575684079976,11,11,11,2024-07-01,3907.59999999998,"Total revenues accrual","Y_lag1; Hours worked_leg0; IP_leg0; Business turnover index_leg0; ESI_leg0; Retail sales_leg0; Private consumption_leg0; HICPX_leg0; Energy prices_leg0; Stock market_leg0; Cash revenues_leg0","OK",NA
"sg_lasso","France","Revenues","2024-07-05",-1152.92437541274,NA,0.0299005893457573,0.5,1.04575684079976,11,11,11,2024-07-01,3907.59999999998,"Total revenues accrual","Y_lag1; Hours worked_leg0; IP_leg0; Business turnover index_leg0; ESI_leg0; Retail sales_leg0; Private consumption_leg0; HICPX_leg0; Energy prices_leg0; Stock market_leg0; Cash revenues_leg0","OK",NA
"sg_lasso","France","Revenues","2024-07-15",-2571.00250730425,NA,0.0299005893457573,0.5,1.04575684079976,11,11,11,2024-07-01,3907.59999999998,"Total revenues accrual","Y_lag1; Hours worked_leg0; IP_leg0; Business turnover index_leg0; ESI_leg0; Retail sales_leg0; Private consumption_leg0; HICPX_leg0; Energy prices_leg0; Stock market_leg0; Cash revenues_leg0","OK",NA
"sg_lasso","France","Revenues","2024-07-25",-2641.27426802751,NA,0.0299005893457573,0.5,1.04575684079976,11,11,11,2024-07-01,3907.59999999998,"Total revenues accrual","Y_lag1; Hours worked_leg0; IP_leg0; Business turnover index_leg0; ESI_leg0; Retail sales_leg0; Private consumption_leg0; HICPX_leg0; Energy prices_leg0; Stock market_leg0; Cash revenues_leg0","OK",NA
"sg_lasso","France","Revenues","2024-07-27",-2687.72026451848,NA,0.0299005893457573,0.5,1.04575684079976,11,11,11,2024-07-01,3907.59999999998,"Total revenues accrual","Y_lag1; Hours worked_leg0; IP_leg0; Business turnover index_leg0; ESI_leg0; Retail sales_leg0; Private consumption_leg0; HICPX_leg0; Energy prices_leg0; Stock market_leg0; Cash revenues_leg0","OK",NA
"sg_lasso","France","Revenues","2024-08-01",-1537.80493983463,NA,0.0299005893457573,0.5,1.04575684079976,11,11,11,2024-08-01,3907.59999999998,"Total revenues accrual","Y_lag1; Hours worked_leg0; IP_leg0; Business turnover index_leg0; ESI_leg0; Retail sales_leg0; Private consumption_leg0; HICPX_leg0; Energy prices_leg0; Stock market_leg0; Cash revenues_leg0","OK",NA
"sg_lasso","France","Revenues","2024-08-04",-511.75057692404,NA,0.0299005893457573,0.5,1.04575684079976,11,11,11,2024-08-01,3907.59999999998,"Total revenues accrual","Y_lag1; Hours worked_leg0; IP_leg0; Business turnover index_leg0; ESI_leg0; Retail sales_leg0; Private consumption_leg0; HICPX_leg0; Energy prices_leg0; Stock market_leg0; Cash revenues_leg0","OK",NA
"sg_lasso","France","Revenues","2024-08-05",2101.80351228761,NA,0.0299005893457573,0.5,1.04575684079976,11,11,11,2024-08-01,3907.59999999998,"Total revenues accrual","Y_lag1; Hours worked_leg0; IP_leg0; Business turnover index_leg0; ESI_leg0; Retail sales_leg0; Private consumption_leg0; HICPX_leg0; Energy prices_leg0; Stock market_leg0; Cash revenues_leg0","OK",NA
"sg_lasso","France","Revenues","2024-08-15",1895.16118482245,NA,0.0299005893457573,0.5,1.04575684079976,11,11,11,2024-08-01,3907.59999999998,"Total revenues accrual","Y_lag1; Hours worked_leg0; IP_leg0; Business turnover index_leg0; ESI_leg0; Retail sales_leg0; Private consumption_leg0; HICPX_leg0; Energy prices_leg0; Stock market_leg0; Cash revenues_leg0","OK",NA
"sg_lasso","France","Revenues","2024-08-27",1611.75527223594,NA,0.0299005893457573,0.5,1.04575684079976,11,11,11,2024-08-01,3907.59999999998,"Total revenues accrual","Y_lag1; Hours worked_leg0; IP_leg0; Business turnover index_leg0; ESI_leg0; Retail sales_leg0; Private consumption_leg0; HICPX_leg0; Energy prices_leg0; Stock market_leg0; Cash revenues_leg0","OK",NA
"sg_lasso","France","Revenues","2024-08-29",1707.46724965286,NA,0.0299005893457573,0.5,1.04575684079976,11,11,11,2024-08-01,3907.59999999998,"Total revenues accrual","Y_lag1; Hours worked_leg0; IP_leg0; Business turnover index_leg0; ESI_leg0; Retail sales_leg0; Private consumption_leg0; HICPX_leg0; Energy prices_leg0; Stock market_leg0; Cash revenues_leg0","OK",NA
"sg_lasso","France","Revenues","2024-09-01",1131.96457951749,NA,0.0299005893457573,0.5,1.04575684079976,11,11,11,2024-09-01,3907.59999999998,"Total revenues accrual","Y_lag1; Hours worked_leg0; IP_leg0; Business turnover index_leg0; ESI_leg0; Retail sales_leg0; Private consumption_leg0; HICPX_leg0; Energy prices_leg0; Stock market_leg0; Cash revenues_leg0","OK",NA
"sg_lasso","France","Revenues","2024-09-05",-702.722220452934,NA,0.0299005893457573,0.5,1.04575684079976,11,11,11,2024-09-01,3907.59999999998,"Total revenues accrual","Y_lag1; Hours worked_leg0; IP_leg0; Business turnover index_leg0; ESI_leg0; Retail sales_leg0; Private consumption_leg0; HICPX_leg0; Energy prices_leg0; Stock market_leg0; Cash revenues_leg0","OK",NA
"sg_lasso","France","Revenues","2024-09-07",-1064.53249513331,NA,0.0299005893457573,0.5,1.04575684079976,11,11,11,2024-09-01,3907.59999999998,"Total revenues accrual","Y_lag1; Hours worked_leg0; IP_leg0; Business turnover index_leg0; ESI_leg0; Retail sales_leg0; Private consumption_leg0; HICPX_leg0; Energy prices_leg0; Stock market_leg0; Cash revenues_leg0","OK",NA
"sg_lasso","France","Revenues","2024-09-15",848.044561708386,NA,0.0299210270789112,0.5,1.14818719100491,11,11,11,2024-09-01,268.800000000047,"Total revenues accrual","Y_lag1; Hours worked_leg0; IP_leg0; Business turnover index_leg0; ESI_leg0; Retail sales_leg0; Private consumption_leg0; HICPX_leg0; Energy prices_leg0; Stock market_leg0; Cash revenues_leg0","OK",NA
"sg_lasso","France","Revenues","2024-09-26",823.618280545059,NA,0.0299210270789112,0.5,1.14794944945418,11,11,11,2024-09-01,268.800000000047,"Total revenues accrual","Y_lag1; Hours worked_leg0; IP_leg0; Business turnover index_leg0; ESI_leg0; Retail sales_leg0; Private consumption_leg0; HICPX_leg0; Energy prices_leg0; Stock market_leg0; Cash revenues_leg0","OK",NA
"sg_lasso","France","Revenues","2024-09-27",1734.81145748542,NA,0.0299210270789112,0.5,1.16247042824088,11,11,11,2024-09-01,268.800000000047,"Total revenues accrual","Y_lag1; Hours worked_leg0; IP_leg0; Business turnover index_leg0; ESI_leg0; Retail sales_leg0; Private consumption_leg0; HICPX_leg0; Energy prices_leg0; Stock market_leg0; Cash revenues_leg0","OK",NA
"sg_lasso","France","Revenues","2024-10-01",3555.17162685865,NA,0.0299210270789112,0.5,1.16247042824088,11,11,11,2024-10-01,268.800000000047,"Total revenues accrual","Y_lag1; Hours worked_leg0; IP_leg0; Business turnover index_leg0; ESI_leg0; Retail sales_leg0; Private consumption_leg0; HICPX_leg0; Energy prices_leg0; Stock market_leg0; Cash revenues_leg0","OK",NA
"sg_lasso","France","Revenues","2024-10-02",3327.16145763125,NA,0.0299210270789112,0.5,1.16247042824088,11,11,11,2024-10-01,268.800000000047,"Total revenues accrual","Y_lag1; Hours worked_leg0; IP_leg0; Business turnover index_leg0; ESI_leg0; Retail sales_leg0; Private consumption_leg0; HICPX_leg0; Energy prices_leg0; Stock market_leg0; Cash revenues_leg0","OK",NA
"sg_lasso","France","Revenues","2024-10-05",5017.41697056518,NA,0.0299210270789112,0.5,1.16247042824088,11,11,11,2024-10-01,268.800000000047,"Total revenues accrual","Y_lag1; Hours worked_leg0; IP_leg0; Business turnover index_leg0; ESI_leg0; Retail sales_leg0; Private consumption_leg0; HICPX_leg0; Energy prices_leg0; Stock market_leg0; Cash revenues_leg0","OK",NA
"sg_lasso","France","Revenues","2024-10-15",5013.84340844987,NA,0.0299210270789112,0.5,1.16247042824088,11,11,11,2024-10-01,268.800000000047,"Total revenues accrual","Y_lag1; Hours worked_leg0; IP_leg0; Business turnover index_leg0; ESI_leg0; Retail sales_leg0; Private consumption_leg0; HICPX_leg0; Energy prices_leg0; Stock market_leg0; Cash revenues_leg0","OK",NA
"sg_lasso","France","Revenues","2024-10-27",4125.21346405961,NA,0.0299210270789112,0.5,1.16247042824088,11,11,11,2024-10-01,268.800000000047,"Total revenues accrual","Y_lag1; Hours worked_leg0; IP_leg0; Business turnover index_leg0; ESI_leg0; Retail sales_leg0; Private consumption_leg0; HICPX_leg0; Energy prices_leg0; Stock market_leg0; Cash revenues_leg0","OK",NA
"sg_lasso","France","Revenues","2024-10-31",4021.68368399752,NA,0.0299210270789112,0.5,1.16247042824088,11,11,11,2024-10-01,268.800000000047,"Total revenues accrual","Y_lag1; Hours worked_leg0; IP_leg0; Business turnover index_leg0; ESI_leg0; Retail sales_leg0; Private consumption_leg0; HICPX_leg0; Energy prices_leg0; Stock market_leg0; Cash revenues_leg0","OK",NA
"sg_lasso","France","Revenues","2024-11-01",3574.39214881813,NA,0.0299210270789112,0.5,1.16247042824088,11,11,11,2024-11-01,268.800000000047,"Total revenues accrual","Y_lag1; Hours worked_leg0; IP_leg0; Business turnover index_leg0; ESI_leg0; Retail sales_leg0; Private consumption_leg0; HICPX_leg0; Energy prices_leg0; Stock market_leg0; Cash revenues_leg0","OK",NA
"sg_lasso","France","Revenues","2024-11-05",1477.02434473608,NA,0.0299210270789112,0.5,1.16247042824088,11,11,11,2024-11-01,268.800000000047,"Total revenues accrual","Y_lag1; Hours worked_leg0; IP_leg0; Business turnover index_leg0; ESI_leg0; Retail sales_leg0; Private consumption_leg0; HICPX_leg0; Energy prices_leg0; Stock market_leg0; Cash revenues_leg0","OK",NA
"sg_lasso","France","Revenues","2024-11-15",1253.83597266123,NA,0.0299210270789112,0.5,1.16247042824088,11,11,11,2024-11-01,268.800000000047,"Total revenues accrual","Y_lag1; Hours worked_leg0; IP_leg0; Business turnover index_leg0; ESI_leg0; Retail sales_leg0; Private consumption_leg0; HICPX_leg0; Energy prices_leg0; Stock market_leg0; Cash revenues_leg0","OK",NA
"sg_lasso","France","Revenues","2024-11-27",1473.48211578346,NA,0.0299210270789112,0.5,1.16247042824088,11,11,11,2024-11-01,268.800000000047,"Total revenues accrual","Y_lag1; Hours worked_leg0; IP_leg0; Business turnover index_leg0; ESI_leg0; Retail sales_leg0; Private consumption_leg0; HICPX_leg0; Energy prices_leg0; Stock market_leg0; Cash revenues_leg0","OK",NA
"sg_lasso","France","Revenues","2024-11-28",1535.26568461517,NA,0.0299210270789112,0.5,1.16247042824088,11,11,11,2024-11-01,268.800000000047,"Total revenues accrual","Y_lag1; Hours worked_leg0; IP_leg0; Business turnover index_leg0; ESI_leg0; Retail sales_leg0; Private consumption_leg0; HICPX_leg0; Energy prices_leg0; Stock market_leg0; Cash revenues_leg0","OK",NA
"sg_lasso","France","Revenues","2024-12-01",1079.7929806531,NA,0.0299210270789112,0.5,1.16247042824088,11,11,11,2024-12-01,268.800000000047,"Total revenues accrual","Y_lag1; Hours worked_leg0; IP_leg0; Business turnover index_leg0; ESI_leg0; Retail sales_leg0; Private consumption_leg0; HICPX_leg0; Energy prices_leg0; Stock market_leg0; Cash revenues_leg0","OK",NA
"sg_lasso","France","Revenues","2024-12-05",1721.34129657826,NA,0.0299210270789112,0.5,1.16247042824088,11,11,11,2024-12-01,268.800000000047,"Total revenues accrual","Y_lag1; Hours worked_leg0; IP_leg0; Business turnover index_leg0; ESI_leg0; Retail sales_leg0; Private consumption_leg0; HICPX_leg0; Energy prices_leg0; Stock market_leg0; Cash revenues_leg0","OK",NA
"sg_lasso","France","Revenues","2024-12-07",1448.46106042792,NA,0.0299210270789112,0.5,1.16247042824088,11,11,11,2024-12-01,268.800000000047,"Total revenues accrual","Y_lag1; Hours worked_leg0; IP_leg0; Business turnover index_leg0; ESI_leg0; Retail sales_leg0; Private consumption_leg0; HICPX_leg0; Energy prices_leg0; Stock market_leg0; Cash revenues_leg0","OK",NA
"sg_lasso","France","Revenues","2024-12-15",228.662361736726,NA,0.0298633251020874,0.5,1.03851604927155,11,11,11,2024-12-01,3463,"Total revenues accrual","Y_lag1; Hours worked_leg0; IP_leg0; Business turnover index_leg0; ESI_leg0; Retail sales_leg0; Private consumption_leg0; HICPX_leg0; Energy prices_leg0; Stock market_leg0; Cash revenues_leg0","OK",NA
"sg_lasso","France","Revenues","2024-12-26",153.076306240615,NA,0.0298633251020874,0.5,1.04589096062524,11,11,11,2024-12-01,3463,"Total revenues accrual","Y_lag1; Hours worked_leg0; IP_leg0; Business turnover index_leg0; ESI_leg0; Retail sales_leg0; Private consumption_leg0; HICPX_leg0; Energy prices_leg0; Stock market_leg0; Cash revenues_leg0","OK",NA
"sg_lasso","France","Revenues","2024-12-27",85.8524222271403,NA,0.0298633251020874,0.5,1.04565343437813,11,11,11,2024-12-01,3463,"Total revenues accrual","Y_lag1; Hours worked_leg0; IP_leg0; Business turnover index_leg0; ESI_leg0; Retail sales_leg0; Private consumption_leg0; HICPX_leg0; Energy prices_leg0; Stock market_leg0; Cash revenues_leg0","OK",NA
"sg_lasso","France","Revenues","2025-01-01",-1171.46462066423,NA,0.0298633251020874,0.5,1.04565343437813,11,11,11,2025-01-01,3463,"Total revenues accrual","Y_lag1; Hours worked_leg0; IP_leg0; Business turnover index_leg0; ESI_leg0; Retail sales_leg0; Private consumption_leg0; HICPX_leg0; Energy prices_leg0; Stock market_leg0; Cash revenues_leg0","OK",NA
"sg_lasso","France","Revenues","2025-01-03",-907.506301987259,NA,0.0298633251020874,0.5,1.04565343437813,11,11,11,2025-01-01,3463,"Total revenues accrual","Y_lag1; Hours worked_leg0; IP_leg0; Business turnover index_leg0; ESI_leg0; Retail sales_leg0; Private consumption_leg0; HICPX_leg0; Energy prices_leg0; Stock market_leg0; Cash revenues_leg0","OK",NA
"sg_lasso","France","Revenues","2025-01-05",529.615751203293,NA,0.0298633251020874,0.5,1.04565343437813,11,11,11,2025-01-01,3463,"Total revenues accrual","Y_lag1; Hours worked_leg0; IP_leg0; Business turnover index_leg0; ESI_leg0; Retail sales_leg0; Private consumption_leg0; HICPX_leg0; Energy prices_leg0; Stock market_leg0; Cash revenues_leg0","OK",NA
"sg_lasso","France","Revenues","2025-01-15",610.363083612057,NA,0.0298633251020874,0.5,1.04565343437813,11,11,11,2025-01-01,3463,"Total revenues accrual","Y_lag1; Hours worked_leg0; IP_leg0; Business turnover index_leg0; ESI_leg0; Retail sales_leg0; Private consumption_leg0; HICPX_leg0; Energy prices_leg0; Stock market_leg0; Cash revenues_leg0","OK",NA
"sg_lasso","France","Revenues","2025-01-27",370.631130157175,NA,0.0298633251020874,0.5,1.04565343437813,11,11,11,2025-01-01,3463,"Total revenues accrual","Y_lag1; Hours worked_leg0; IP_leg0; Business turnover index_leg0; ESI_leg0; Retail sales_leg0; Private consumption_leg0; HICPX_leg0; Energy prices_leg0; Stock market_leg0; Cash revenues_leg0","OK",NA
"sg_lasso","France","Revenues","2025-01-30",441.979929669336,NA,0.0298633251020874,0.5,1.04565343437813,11,11,11,2025-01-01,3463,"Total revenues accrual","Y_lag1; Hours worked_leg0; IP_leg0; Business turnover index_leg0; ESI_leg0; Retail sales_leg0; Private consumption_leg0; HICPX_leg0; Energy prices_leg0; Stock market_leg0; Cash revenues_leg0","OK",NA
"sg_lasso","France","Revenues","2025-02-01",1681.42150870203,NA,0.0298633251020874,0.5,1.04565343437813,11,11,11,2025-02-01,3463,"Total revenues accrual","Y_lag1; Hours worked_leg0; IP_leg0; Business turnover index_leg0; ESI_leg0; Retail sales_leg0; Private consumption_leg0; HICPX_leg0; Energy prices_leg0; Stock market_leg0; Cash revenues_leg0","OK",NA
"sg_lasso","France","Revenues","2025-02-05",1006.4302616303,NA,0.0298633251020874,0.5,1.04565343437813,11,11,11,2025-02-01,3463,"Total revenues accrual","Y_lag1; Hours worked_leg0; IP_leg0; Business turnover index_leg0; ESI_leg0; Retail sales_leg0; Private consumption_leg0; HICPX_leg0; Energy prices_leg0; Stock market_leg0; Cash revenues_leg0","OK",NA
"sg_lasso","France","Revenues","2025-02-06",779.795781943081,NA,0.0298633251020874,0.5,1.04565343437813,11,11,11,2025-02-01,3463,"Total revenues accrual","Y_lag1; Hours worked_leg0; IP_leg0; Business turnover index_leg0; ESI_leg0; Retail sales_leg0; Private consumption_leg0; HICPX_leg0; Energy prices_leg0; Stock market_leg0; Cash revenues_leg0","OK",NA
"sg_lasso","France","Revenues","2025-02-15",730.934263817536,NA,0.0298633251020874,0.5,1.04565343437813,11,11,11,2025-02-01,3463,"Total revenues accrual","Y_lag1; Hours worked_leg0; IP_leg0; Business turnover index_leg0; ESI_leg0; Retail sales_leg0; Private consumption_leg0; HICPX_leg0; Energy prices_leg0; Stock market_leg0; Cash revenues_leg0","OK",NA
"sg_lasso","France","Revenues","2025-02-27",1723.63563826618,NA,0.0298633251020874,0.5,1.04565343437813,11,11,11,2025-02-01,3463,"Total revenues accrual","Y_lag1; Hours worked_leg0; IP_leg0; Business turnover index_leg0; ESI_leg0; Retail sales_leg0; Private consumption_leg0; HICPX_leg0; Energy prices_leg0; Stock market_leg0; Cash revenues_leg0","OK",NA
"sg_lasso","France","Revenues","2025-03-01",2395.72229294272,NA,0.0298633251020874,0.5,1.04565343437813,11,11,11,2025-03-01,3463,"Total revenues accrual","Y_lag1; Hours worked_leg0; IP_leg0; Business turnover index_leg0; ESI_leg0; Retail sales_leg0; Private consumption_leg0; HICPX_leg0; Energy prices_leg0; Stock market_leg0; Cash revenues_leg0","OK",NA
"sg_lasso","France","Revenues","2025-03-05",1942.18069176296,NA,0.0298633251020874,0.5,1.04565343437813,11,11,11,2025-03-01,3463,"Total revenues accrual","Y_lag1; Hours worked_leg0; IP_leg0; Business turnover index_leg0; ESI_leg0; Retail sales_leg0; Private consumption_leg0; HICPX_leg0; Energy prices_leg0; Stock market_leg0; Cash revenues_leg0","OK",NA
"sg_lasso","France","Revenues","2025-03-06",2027.74162921659,NA,0.0298633251020874,0.5,1.04565343437813,11,11,11,2025-03-01,3463,"Total revenues accrual","Y_lag1; Hours worked_leg0; IP_leg0; Business turnover index_leg0; ESI_leg0; Retail sales_leg0; Private consumption_leg0; HICPX_leg0; Energy prices_leg0; Stock market_leg0; Cash revenues_leg0","OK",NA
"sg_lasso","France","Revenues","2025-03-15",2265.50240272398,NA,0.00812906441827561,0.5,1.16141714441254,10,10,10,2025-03-01,5449.19999999995,"Total revenues accrual","Y_lag1; Hours worked_leg0; IP_leg0; Business turnover index_leg0; ESI_leg0; Retail sales_leg0; HICPX_leg0; Energy prices_leg0; Stock market_leg0; Cash revenues_leg0","OK",NA
"sg_lasso","France","Revenues","2025-03-27",1145.30160546659,NA,0.00812906441827561,0.5,1.2269638229803,10,10,10,2025-03-01,5449.19999999995,"Total revenues accrual","Y_lag1; Hours worked_leg0; IP_leg0; Business turnover index_leg0; ESI_leg0; Retail sales_leg0; HICPX_leg0; Energy prices_leg0; Stock market_leg0; Cash revenues_leg0","OK",NA
"sg_lasso","France","Revenues","2025-04-01",817.766539180774,NA,0.00812906441827561,0.5,1.2269638229803,10,10,10,2025-04-01,5449.19999999995,"Total revenues accrual","Y_lag1; Hours worked_leg0; IP_leg0; Business turnover index_leg0; ESI_leg0; Retail sales_leg0; HICPX_leg0; Energy prices_leg0; Stock market_leg0; Cash revenues_leg0","OK",NA
"sg_lasso","France","Revenues","2025-04-02",1006.84747036833,NA,0.00812906441827561,0.5,1.2269638229803,10,10,10,2025-04-01,5449.19999999995,"Total revenues accrual","Y_lag1; Hours worked_leg0; IP_leg0; Business turnover index_leg0; ESI_leg0; Retail sales_leg0; HICPX_leg0; Energy prices_leg0; Stock market_leg0; Cash revenues_leg0","OK",NA
"sg_lasso","France","Revenues","2025-04-05",789.264227932417,NA,0.00812906441827561,0.5,1.2269638229803,10,10,10,2025-04-01,5449.19999999995,"Total revenues accrual","Y_lag1; Hours worked_leg0; IP_leg0; Business turnover index_leg0; ESI_leg0; Retail sales_leg0; HICPX_leg0; Energy prices_leg0; Stock market_leg0; Cash revenues_leg0","OK",NA
"sg_lasso","France","Revenues","2025-04-15",556.138448854121,NA,0.00812906441827561,0.5,1.2269638229803,10,10,10,2025-04-01,5449.19999999995,"Total revenues accrual","Y_lag1; Hours worked_leg0; IP_leg0; Business turnover index_leg0; ESI_leg0; Retail sales_leg0; HICPX_leg0; Energy prices_leg0; Stock market_leg0; Cash revenues_leg0","OK",NA
"sg_lasso","France","Revenues","2025-04-24",570.254444146986,NA,0.00812906441827561,0.5,1.2269638229803,10,10,10,2025-04-01,5449.19999999995,"Total revenues accrual","Y_lag1; Hours worked_leg0; IP_leg0; Business turnover index_leg0; ESI_leg0; Retail sales_leg0; HICPX_leg0; Energy prices_leg0; Stock market_leg0; Cash revenues_leg0","OK",NA
"sg_lasso","France","Revenues","2025-04-27",440.132234229866,NA,0.00812906441827561,0.5,1.2269638229803,10,10,10,2025-04-01,5449.19999999995,"Total revenues accrual","Y_lag1; Hours worked_leg0; IP_leg0; Business turnover index_leg0; ESI_leg0; Retail sales_leg0; HICPX_leg0; Energy prices_leg0; Stock market_leg0; Cash revenues_leg0","OK",NA
"sg_lasso","France","Revenues","2025-05-01",-861.155982069787,NA,0.00812906441827561,0.5,1.2269638229803,10,10,10,2025-05-01,5449.19999999995,"Total revenues accrual","Y_lag1; Hours worked_leg0; IP_leg0; Business turnover index_leg0; ESI_leg0; Retail sales_leg0; HICPX_leg0; Energy prices_leg0; Stock market_leg0; Cash revenues_leg0","OK",NA
"sg_lasso","France","Revenues","2025-05-04",-816.837645666967,NA,0.00812906441827561,0.5,1.2269638229803,10,10,10,2025-05-01,5449.19999999995,"Total revenues accrual","Y_lag1; Hours worked_leg0; IP_leg0; Business turnover index_leg0; ESI_leg0; Retail sales_leg0; HICPX_leg0; Energy prices_leg0; Stock market_leg0; Cash revenues_leg0","OK",NA
"sg_lasso","France","Revenues","2025-05-05",97.8615109868833,NA,0.00812906441827561,0.5,1.2269638229803,10,10,10,2025-05-01,5449.19999999995,"Total revenues accrual","Y_lag1; Hours worked_leg0; IP_leg0; Business turnover index_leg0; ESI_leg0; Retail sales_leg0; HICPX_leg0; Energy prices_leg0; Stock market_leg0; Cash revenues_leg0","OK",NA
"sg_lasso","France","Revenues","2025-05-15",90.591754986187,NA,0.00812906441827561,0.5,1.2269638229803,10,10,10,2025-05-01,5449.19999999995,"Total revenues accrual","Y_lag1; Hours worked_leg0; IP_leg0; Business turnover index_leg0; ESI_leg0; Retail sales_leg0; HICPX_leg0; Energy prices_leg0; Stock market_leg0; Cash revenues_leg0","OK",NA
"sg_lasso","France","Revenues","2025-05-27",939.748494467867,NA,0.00812906441827561,0.5,1.2269638229803,10,10,10,2025-05-01,5449.19999999995,"Total revenues accrual","Y_lag1; Hours worked_leg0; IP_leg0; Business turnover index_leg0; ESI_leg0; Retail sales_leg0; HICPX_leg0; Energy prices_leg0; Stock market_leg0; Cash revenues_leg0","OK",NA
"sg_lasso","France","Revenues","2025-05-29",808.522870601055,NA,0.00812906441827561,0.5,1.2269638229803,10,10,10,2025-05-01,5449.19999999995,"Total revenues accrual","Y_lag1; Hours worked_leg0; IP_leg0; Business turnover index_leg0; ESI_leg0; Retail sales_leg0; HICPX_leg0; Energy prices_leg0; Stock market_leg0; Cash revenues_leg0","OK",NA
"sg_lasso","France","Revenues","2025-06-01",2537.02938390505,NA,0.00812906441827561,0.5,1.2269638229803,10,10,10,2025-06-01,5449.19999999995,"Total revenues accrual","Y_lag1; Hours worked_leg0; IP_leg0; Business turnover index_leg0; ESI_leg0; Retail sales_leg0; HICPX_leg0; Energy prices_leg0; Stock market_leg0; Cash revenues_leg0","OK",NA
"sg_lasso","France","Revenues","2025-06-05",1527.69784332797,NA,0.00812906441827561,0.5,1.2269638229803,10,10,10,2025-06-01,5449.19999999995,"Total revenues accrual","Y_lag1; Hours worked_leg0; IP_leg0; Business turnover index_leg0; ESI_leg0; Retail sales_leg0; HICPX_leg0; Energy prices_leg0; Stock market_leg0; Cash revenues_leg0","OK",NA
"sg_lasso","France","Revenues","2025-06-07",1330.7451884229,NA,0.00812906441827561,0.5,1.2269638229803,10,10,10,2025-06-01,5449.19999999995,"Total revenues accrual","Y_lag1; Hours worked_leg0; IP_leg0; Business turnover index_leg0; ESI_leg0; Retail sales_leg0; HICPX_leg0; Energy prices_leg0; Stock market_leg0; Cash revenues_leg0","OK",NA
"sg_lasso","France","Revenues","2025-06-15",3266.0965578812,NA,0.00813015792010496,0.5,1.27562852686269,10,10,10,2025-06-01,2150,"Total revenues accrual","Y_lag1; Hours worked_leg0; IP_leg0; Business turnover index_leg0; ESI_leg0; Retail sales_leg0; HICPX_leg0; Energy prices_leg0; Stock market_leg0; Cash revenues_leg0","OK",NA
"sg_lasso","France","Revenues","2025-06-26",3165.52036405108,NA,0.00813015792010496,0.5,1.28137912062413,10,10,10,2025-06-01,2150,"Total revenues accrual","Y_lag1; Hours worked_leg0; IP_leg0; Business turnover index_leg0; ESI_leg0; Retail sales_leg0; HICPX_leg0; Energy prices_leg0; Stock market_leg0; Cash revenues_leg0","OK",NA
"sg_lasso","France","Revenues","2025-06-27",1646.13501942442,NA,0.00813015792010496,0.5,1.35141876206277,10,10,10,2025-06-01,2150,"Total revenues accrual","Y_lag1; Hours worked_leg0; IP_leg0; Business turnover index_leg0; ESI_leg0; Retail sales_leg0; HICPX_leg0; Energy prices_leg0; Stock market_leg0; Cash revenues_leg0","OK",NA
"sg_lasso","France","Revenues","2025-07-01",160.214636126336,NA,0.00813015792010496,0.5,1.35141876206277,10,10,10,2025-07-01,2150,"Total revenues accrual","Y_lag1; Hours worked_leg0; IP_leg0; Business turnover index_leg0; ESI_leg0; Retail sales_leg0; HICPX_leg0; Energy prices_leg0; Stock market_leg0; Cash revenues_leg0","OK",NA
"sg_lasso","France","Revenues","2025-07-02",253.24227063408,NA,0.00813015792010496,0.5,1.35141876206277,10,10,10,2025-07-01,2150,"Total revenues accrual","Y_lag1; Hours worked_leg0; IP_leg0; Business turnover index_leg0; ESI_leg0; Retail sales_leg0; HICPX_leg0; Energy prices_leg0; Stock market_leg0; Cash revenues_leg0","OK",NA
"sg_lasso","France","Revenues","2025-07-05",-194.807055470247,NA,0.00813015792010496,0.5,1.35141876206277,10,10,10,2025-07-01,2150,"Total revenues accrual","Y_lag1; Hours worked_leg0; IP_leg0; Business turnover index_leg0; ESI_leg0; Retail sales_leg0; HICPX_leg0; Energy prices_leg0; Stock market_leg0; Cash revenues_leg0","OK",NA
"sg_lasso","France","Revenues","2025-07-15",-358.154727512453,NA,0.00813015792010496,0.5,1.35141876206277,10,10,10,2025-07-01,2150,"Total revenues accrual","Y_lag1; Hours worked_leg0; IP_leg0; Business turnover index_leg0; ESI_leg0; Retail sales_leg0; HICPX_leg0; Energy prices_leg0; Stock market_leg0; Cash revenues_leg0","OK",NA
"sg_lasso","France","Revenues","2025-07-27",-456.684664790868,NA,0.00813015792010496,0.5,1.35141876206277,10,10,10,2025-07-01,2150,"Total revenues accrual","Y_lag1; Hours worked_leg0; IP_leg0; Business turnover index_leg0; ESI_leg0; Retail sales_leg0; HICPX_leg0; Energy prices_leg0; Stock market_leg0; Cash revenues_leg0","OK",NA
"sg_lasso","France","Revenues","2025-07-31",-379.265925344209,NA,0.00813015792010496,0.5,1.35141876206277,10,10,10,2025-07-01,2150,"Total revenues accrual","Y_lag1; Hours worked_leg0; IP_leg0; Business turnover index_leg0; ESI_leg0; Retail sales_leg0; HICPX_leg0; Energy prices_leg0; Stock market_leg0; Cash revenues_leg0","OK",NA
"sg_lasso","France","Revenues","2025-08-01",-3204.82720098624,NA,0.00813015792010496,0.5,1.35141876206277,10,10,10,2025-08-01,2150,"Total revenues accrual","Y_lag1; Hours worked_leg0; IP_leg0; Business turnover index_leg0; ESI_leg0; Retail sales_leg0; HICPX_leg0; Energy prices_leg0; Stock market_leg0; Cash revenues_leg0","OK",NA
"sg_lasso","France","Revenues","2025-08-05",-1325.21574844391,NA,0.00813015792010496,0.5,1.35141876206277,10,10,10,2025-08-01,2150,"Total revenues accrual","Y_lag1; Hours worked_leg0; IP_leg0; Business turnover index_leg0; ESI_leg0; Retail sales_leg0; HICPX_leg0; Energy prices_leg0; Stock market_leg0; Cash revenues_leg0","OK",NA
"sg_lasso","France","Revenues","2025-08-15",-1003.89423872232,NA,0.00813015792010496,0.5,1.35141876206277,10,10,10,2025-08-01,2150,"Total revenues accrual","Y_lag1; Hours worked_leg0; IP_leg0; Business turnover index_leg0; ESI_leg0; Retail sales_leg0; HICPX_leg0; Energy prices_leg0; Stock market_leg0; Cash revenues_leg0","OK",NA
"sg_lasso","France","Revenues","2025-08-27",173.205788527214,NA,0.00813015792010496,0.5,1.35141876206277,10,10,10,2025-08-01,2150,"Total revenues accrual","Y_lag1; Hours worked_leg0; IP_leg0; Business turnover index_leg0; ESI_leg0; Retail sales_leg0; HICPX_leg0; Energy prices_leg0; Stock market_leg0; Cash revenues_leg0","OK",NA
"sg_lasso","France","Revenues","2025-08-28",190.218288872423,NA,0.00813015792010496,0.5,1.35141876206277,10,10,10,2025-08-01,2150,"Total revenues accrual","Y_lag1; Hours worked_leg0; IP_leg0; Business turnover index_leg0; ESI_leg0; Retail sales_leg0; HICPX_leg0; Energy prices_leg0; Stock market_leg0; Cash revenues_leg0","OK",NA
"sg_lasso","France","Revenues","2025-09-01",3004.7325410251,NA,0.00813015792010496,0.5,1.35141876206277,10,10,10,2025-09-01,2150,"Total revenues accrual","Y_lag1; Hours worked_leg0; IP_leg0; Business turnover index_leg0; ESI_leg0; Retail sales_leg0; HICPX_leg0; Energy prices_leg0; Stock market_leg0; Cash revenues_leg0","OK",NA
"sg_lasso","France","Revenues","2025-09-05",2093.44689449264,NA,0.00813015792010496,0.5,1.35141876206277,10,10,10,2025-09-01,2150,"Total revenues accrual","Y_lag1; Hours worked_leg0; IP_leg0; Business turnover index_leg0; ESI_leg0; Retail sales_leg0; HICPX_leg0; Energy prices_leg0; Stock market_leg0; Cash revenues_leg0","OK",NA
"sg_lasso","France","Revenues","2025-09-15",1416.6050415189,NA,0.0328197060076988,0.5,1.41988846485377,11,11,11,2025-09-01,2745.10000000003,"Total revenues accrual","Y_lag1; Hours worked_leg0; IP_leg0; Business turnover index_leg0; ESI_leg0; Retail sales_leg0; Private consumption_leg0; HICPX_leg0; Energy prices_leg0; Stock market_leg0; Cash revenues_leg0","OK",NA
"sg_lasso","France","Revenues","2025-09-25",1417.67613241948,NA,0.0328197060076988,0.5,1.41978152720289,11,11,11,2025-09-01,2745.10000000003,"Total revenues accrual","Y_lag1; Hours worked_leg0; IP_leg0; Business turnover index_leg0; ESI_leg0; Retail sales_leg0; Private consumption_leg0; HICPX_leg0; Energy prices_leg0; Stock market_leg0; Cash revenues_leg0","OK",NA
"sg_lasso","France","Revenues","2025-09-27",898.932902573531,NA,0.0328197060076988,0.5,1.42813982437857,11,11,11,2025-09-01,2745.10000000003,"Total revenues accrual","Y_lag1; Hours worked_leg0; IP_leg0; Business turnover index_leg0; ESI_leg0; Retail sales_leg0; Private consumption_leg0; HICPX_leg0; Energy prices_leg0; Stock market_leg0; Cash revenues_leg0","OK",NA
"sg_lasso","France","Revenues","2025-10-01",2088.52041523519,NA,0.0328197060076988,0.5,1.42813982437857,11,11,11,2025-10-01,2745.10000000003,"Total revenues accrual","Y_lag1; Hours worked_leg0; IP_leg0; Business turnover index_leg0; ESI_leg0; Retail sales_leg0; Private consumption_leg0; HICPX_leg0; Energy prices_leg0; Stock market_leg0; Cash revenues_leg0","OK",NA
"sg_lasso","France","Revenues","2025-10-03",1953.21811301242,NA,0.0328197060076988,0.5,1.42813982437857,11,11,11,2025-10-01,2745.10000000003,"Total revenues accrual","Y_lag1; Hours worked_leg0; IP_leg0; Business turnover index_leg0; ESI_leg0; Retail sales_leg0; Private consumption_leg0; HICPX_leg0; Energy prices_leg0; Stock market_leg0; Cash revenues_leg0","OK",NA
"sg_lasso","France","Revenues","2025-10-05",2377.80486585675,NA,0.0328197060076988,0.5,1.42813982437857,11,11,11,2025-10-01,2745.10000000003,"Total revenues accrual","Y_lag1; Hours worked_leg0; IP_leg0; Business turnover index_leg0; ESI_leg0; Retail sales_leg0; Private consumption_leg0; HICPX_leg0; Energy prices_leg0; Stock market_leg0; Cash revenues_leg0","OK",NA
"sg_lasso","France","Revenues","2025-10-15",2373.1430716394,NA,0.0328197060076988,0.5,1.42813982437857,11,11,11,2025-10-01,2745.10000000003,"Total revenues accrual","Y_lag1; Hours worked_leg0; IP_leg0; Business turnover index_leg0; ESI_leg0; Retail sales_leg0; Private consumption_leg0; HICPX_leg0; Energy prices_leg0; Stock market_leg0; Cash revenues_leg0","OK",NA
"sg_lasso","France","Revenues","2025-10-27",2682.01414053615,NA,0.0328197060076988,0.5,1.42813982437857,11,11,11,2025-10-01,2745.10000000003,"Total revenues accrual","Y_lag1; Hours worked_leg0; IP_leg0; Business turnover index_leg0; ESI_leg0; Retail sales_leg0; Private consumption_leg0; HICPX_leg0; Energy prices_leg0; Stock market_leg0; Cash revenues_leg0","OK",NA
"sg_lasso","France","Revenues","2025-10-30",2708.69591678022,NA,0.0328197060076988,0.5,1.42813982437857,11,11,11,2025-10-01,2745.10000000003,"Total revenues accrual","Y_lag1; Hours worked_leg0; IP_leg0; Business turnover index_leg0; ESI_leg0; Retail sales_leg0; Private consumption_leg0; HICPX_leg0; Energy prices_leg0; Stock market_leg0; Cash revenues_leg0","OK",NA
"sg_lasso","France","Revenues","2025-11-01",1035.46247655234,NA,0.0328197060076988,0.5,1.42813982437857,11,11,11,2025-11-01,2745.10000000003,"Total revenues accrual","Y_lag1; Hours worked_leg0; IP_leg0; Business turnover index_leg0; ESI_leg0; Retail sales_leg0; Private consumption_leg0; HICPX_leg0; Energy prices_leg0; Stock market_leg0; Cash revenues_leg0","OK",NA
"sg_lasso","France","Revenues","2025-11-05",829.980842325273,NA,0.0328197060076988,0.5,1.42813982437857,11,11,11,2025-11-01,2745.10000000003,"Total revenues accrual","Y_lag1; Hours worked_leg0; IP_leg0; Business turnover index_leg0; ESI_leg0; Retail sales_leg0; Private consumption_leg0; HICPX_leg0; Energy prices_leg0; Stock market_leg0; Cash revenues_leg0","OK",NA
"sg_lasso","France","Revenues","2025-11-06",829.980842325273,NA,0.0328197060076988,0.5,1.42813982437857,11,11,11,2025-11-01,2745.10000000003,"Total revenues accrual","Y_lag1; Hours worked_leg0; IP_leg0; Business turnover index_leg0; ESI_leg0; Retail sales_leg0; Private consumption_leg0; HICPX_leg0; Energy prices_leg0; Stock market_leg0; Cash revenues_leg0","OK",NA
"sg_lasso","France","Revenues","2025-11-15",1063.12212063571,NA,0.0328197060076988,0.5,1.42813982437857,11,11,11,2025-11-01,2745.10000000003,"Total revenues accrual","Y_lag1; Hours worked_leg0; IP_leg0; Business turnover index_leg0; ESI_leg0; Retail sales_leg0; Private consumption_leg0; HICPX_leg0; Energy prices_leg0; Stock market_leg0; Cash revenues_leg0","OK",NA
"sg_lasso","France","Revenues","2025-11-27",922.430084061934,NA,0.0328197060076988,0.5,1.42813982437857,11,11,11,2025-11-01,2745.10000000003,"Total revenues accrual","Y_lag1; Hours worked_leg0; IP_leg0; Business turnover index_leg0; ESI_leg0; Retail sales_leg0; Private consumption_leg0; HICPX_leg0; Energy prices_leg0; Stock market_leg0; Cash revenues_leg0","OK",NA
"sg_lasso","France","Revenues","2025-12-01",1252.53790340205,NA,0.0328197060076988,0.5,1.42813982437857,11,11,11,2025-12-01,2745.10000000003,"Total revenues accrual","Y_lag1; Hours worked_leg0; IP_leg0; Business turnover index_leg0; ESI_leg0; Retail sales_leg0; Private consumption_leg0; HICPX_leg0; Energy prices_leg0; Stock market_leg0; Cash revenues_leg0","OK",NA
"sg_lasso","France","Revenues","2025-12-05",885.360300106358,NA,0.0328197060076988,0.5,1.42813982437857,11,11,11,2025-12-01,2745.10000000003,"Total revenues accrual","Y_lag1; Hours worked_leg0; IP_leg0; Business turnover index_leg0; ESI_leg0; Retail sales_leg0; Private consumption_leg0; HICPX_leg0; Energy prices_leg0; Stock market_leg0; Cash revenues_leg0","OK",NA
"sg_lasso","France","Revenues","2025-12-15",938.333948242275,NA,0.0328283595150678,0.5,1.52276634165839,11,11,11,2025-12-01,2745.10000000003,"Total revenues accrual","Y_lag1; Hours worked_leg0; IP_leg0; Business turnover index_leg0; ESI_leg0; Retail sales_leg0; Private consumption_leg0; HICPX_leg0; Energy prices_leg0; Stock market_leg0; Cash revenues_leg0","OK",NA
"sg_lasso","France","Revenues","2025-12-25",928.728830547606,NA,0.0328283595150678,0.5,1.52565114579182,11,11,11,2025-12-01,2745.10000000003,"Total revenues accrual","Y_lag1; Hours worked_leg0; IP_leg0; Business turnover index_leg0; ESI_leg0; Retail sales_leg0; Private consumption_leg0; HICPX_leg0; Energy prices_leg0; Stock market_leg0; Cash revenues_leg0","OK",NA
"sg_lasso","France","Revenues","2025-12-27",972.776282502713,NA,0.0328283595150678,0.5,1.52806153042634,11,11,11,2025-12-01,2745.10000000003,"Total revenues accrual","Y_lag1; Hours worked_leg0; IP_leg0; Business turnover index_leg0; ESI_leg0; Retail sales_leg0; Private consumption_leg0; HICPX_leg0; Energy prices_leg0; Stock market_leg0; Cash revenues_leg0","OK",NA
"sg_lasso","France","Revenues","2026-01-05",771.994868533121,NA,0.0328283595150678,0.5,1.52806153042634,11,11,11,2026-01-01,2745.10000000003,"Total revenues accrual","Y_lag1; Hours worked_leg0; IP_leg0; Business turnover index_leg0; ESI_leg0; Retail sales_leg0; Private consumption_leg0; HICPX_leg0; Energy prices_leg0; Stock market_leg0; Cash revenues_leg0","OK",NA
"sg_lasso","France","Revenues","2026-01-15",771.994868533121,NA,0.0328283595150678,0.5,1.52806153042634,11,11,11,2026-01-01,2745.10000000003,"Total revenues accrual","Y_lag1; Hours worked_leg0; IP_leg0; Business turnover index_leg0; ESI_leg0; Retail sales_leg0; Private consumption_leg0; HICPX_leg0; Energy prices_leg0; Stock market_leg0; Cash revenues_leg0","OK",NA
"sg_lasso","France","Revenues","2026-02-05",527.358263508638,NA,0.0328283595150678,0.5,1.52806153042634,11,11,11,2026-02-01,2745.10000000003,"Total revenues accrual","Y_lag1; Hours worked_leg0; IP_leg0; Business turnover index_leg0; ESI_leg0; Retail sales_leg0; Private consumption_leg0; HICPX_leg0; Energy prices_leg0; Stock market_leg0; Cash revenues_leg0","OK",NA
"sg_lasso","France","Revenues","2026-02-15",527.358263508638,NA,0.0328283595150678,0.5,1.52806153042634,11,11,11,2026-02-01,2745.10000000003,"Total revenues accrual","Y_lag1; Hours worked_leg0; IP_leg0; Business turnover index_leg0; ESI_leg0; Retail sales_leg0; Private consumption_leg0; HICPX_leg0; Energy prices_leg0; Stock market_leg0; Cash revenues_leg0","OK",NA
"sg_lasso","France","Revenues","2026-03-15",713.905530549707,NA,0.0328283595150678,0.5,1.52806153042634,11,11,11,2026-03-01,2745.10000000003,"Total revenues accrual","Y_lag1; Hours worked_leg0; IP_leg0; Business turnover index_leg0; ESI_leg0; Retail sales_leg0; Private consumption_leg0; HICPX_leg0; Energy prices_leg0; Stock market_leg0; Cash revenues_leg0","OK",NA
