"model","country","block","publication_date","nowcast_value","nb_factors","lambda","gamma","cv_mse","df","n_selected","n_selected_groups","date_new","last_obs_y","target_name","selected_columns","status","error"
"ar1","Spain","Revenues","2013-01-01",-193.921937807337,NA,NA,NA,NA,NA,NA,NA,2013-01-01,576,"Total revenues accrual",NA,"OK",NA
"ar1","Spain","Revenues","2013-01-02",-193.921937807337,NA,NA,NA,NA,NA,NA,NA,2013-01-01,576,"Total revenues accrual",NA,"OK",NA
"ar1","Spain","Revenues","2013-01-05",-193.921937807337,NA,NA,NA,NA,NA,NA,NA,2013-01-01,576,"Total revenues accrual",NA,"OK",NA
"ar1","Spain","Revenues","2013-01-15",-193.921937807337,NA,NA,NA,NA,NA,NA,NA,2013-01-01,576,"Total revenues accrual",NA,"OK",NA
"ar1","Spain","Revenues","2013-01-27",-193.921937807337,NA,NA,NA,NA,NA,NA,NA,2013-01-01,576,"Total revenues accrual",NA,"OK",NA
"ar1","Spain","Revenues","2013-01-31",-193.921937807337,NA,NA,NA,NA,NA,NA,NA,2013-01-01,576,"Total revenues accrual",NA,"OK",NA
"ar1","Spain","Revenues","2013-02-01",-193.921937807337,NA,NA,NA,NA,NA,NA,NA,2013-02-01,576,"Total revenues accrual",NA,"OK",NA
"ar1","Spain","Revenues","2013-02-05",-193.921937807337,NA,NA,NA,NA,NA,NA,NA,2013-02-01,576,"Total revenues accrual",NA,"OK",NA
"ar1","Spain","Revenues","2013-02-15",-193.921937807337,NA,NA,NA,NA,NA,NA,NA,2013-02-01,576,"Total revenues accrual",NA,"OK",NA
"ar1","Spain","Revenues","2013-02-27",-193.921937807337,NA,NA,NA,NA,NA,NA,NA,2013-02-01,576,"Total revenues accrual",NA,"OK",NA
"ar1","Spain","Revenues","2013-02-28",-193.921937807337,NA,NA,NA,NA,NA,NA,NA,2013-02-01,576,"Total revenues accrual",NA,"OK",NA
"ar1","Spain","Revenues","2013-03-01",-193.921937807337,NA,NA,NA,NA,NA,NA,NA,2013-03-01,576,"Total revenues accrual",NA,"OK",NA
"ar1","Spain","Revenues","2013-03-05",-193.921937807337,NA,NA,NA,NA,NA,NA,NA,2013-03-01,576,"Total revenues accrual",NA,"OK",NA
"ar1","Spain","Revenues","2013-03-15",-402.562358823118,NA,NA,NA,NA,NA,NA,NA,2013-03-01,1180,"Total revenues accrual",NA,"OK",NA
"ar1","Spain","Revenues","2013-03-27",-402.562358823118,NA,NA,NA,NA,NA,NA,NA,2013-03-01,1180,"Total revenues accrual",NA,"OK",NA
"ar1","Spain","Revenues","2013-03-28",-402.562358823118,NA,NA,NA,NA,NA,NA,NA,2013-03-01,1180,"Total revenues accrual",NA,"OK",NA
"ar1","Spain","Revenues","2013-04-01",-402.562358823118,NA,NA,NA,NA,NA,NA,NA,2013-04-01,1180,"Total revenues accrual",NA,"OK",NA
"ar1","Spain","Revenues","2013-04-05",-402.562358823118,NA,NA,NA,NA,NA,NA,NA,2013-04-01,1180,"Total revenues accrual",NA,"OK",NA
"ar1","Spain","Revenues","2013-04-15",-402.562358823118,NA,NA,NA,NA,NA,NA,NA,2013-04-01,1180,"Total revenues accrual",NA,"OK",NA
"ar1","Spain","Revenues","2013-04-25",-402.562358823118,NA,NA,NA,NA,NA,NA,NA,2013-04-01,1180,"Total revenues accrual",NA,"OK",NA
"ar1","Spain","Revenues","2013-04-27",-402.562358823118,NA,NA,NA,NA,NA,NA,NA,2013-04-01,1180,"Total revenues accrual",NA,"OK",NA
"ar1","Spain","Revenues","2013-05-01",-402.562358823118,NA,NA,NA,NA,NA,NA,NA,2013-05-01,1180,"Total revenues accrual",NA,"OK",NA
"ar1","Spain","Revenues","2013-05-03",-402.562358823118,NA,NA,NA,NA,NA,NA,NA,2013-05-01,1180,"Total revenues accrual",NA,"OK",NA
"ar1","Spain","Revenues","2013-05-05",-402.562358823118,NA,NA,NA,NA,NA,NA,NA,2013-05-01,1180,"Total revenues accrual",NA,"OK",NA
"ar1","Spain","Revenues","2013-05-15",-402.562358823118,NA,NA,NA,NA,NA,NA,NA,2013-05-01,1180,"Total revenues accrual",NA,"OK",NA
"ar1","Spain","Revenues","2013-05-27",-402.562358823118,NA,NA,NA,NA,NA,NA,NA,2013-05-01,1180,"Total revenues accrual",NA,"OK",NA
"ar1","Spain","Revenues","2013-05-30",-402.562358823118,NA,NA,NA,NA,NA,NA,NA,2013-05-01,1180,"Total revenues accrual",NA,"OK",NA
"ar1","Spain","Revenues","2013-06-01",-402.562358823118,NA,NA,NA,NA,NA,NA,NA,2013-06-01,1180,"Total revenues accrual",NA,"OK",NA
"ar1","Spain","Revenues","2013-06-05",-402.562358823118,NA,NA,NA,NA,NA,NA,NA,2013-06-01,1180,"Total revenues accrual",NA,"OK",NA
"ar1","Spain","Revenues","2013-06-06",-402.562358823118,NA,NA,NA,NA,NA,NA,NA,2013-06-01,1180,"Total revenues accrual",NA,"OK",NA
"ar1","Spain","Revenues","2013-06-15",787.514084448169,NA,NA,NA,NA,NA,NA,NA,2013-06-01,-998,"Total revenues accrual",NA,"OK",NA
"ar1","Spain","Revenues","2013-06-27",787.514084448169,NA,NA,NA,NA,NA,NA,NA,2013-06-01,-998,"Total revenues accrual",NA,"OK",NA
"ar1","Spain","Revenues","2013-07-01",787.514084448169,NA,NA,NA,NA,NA,NA,NA,2013-07-01,-998,"Total revenues accrual",NA,"OK",NA
"ar1","Spain","Revenues","2013-07-05",787.514084448169,NA,NA,NA,NA,NA,NA,NA,2013-07-01,-998,"Total revenues accrual",NA,"OK",NA
"ar1","Spain","Revenues","2013-07-15",787.514084448169,NA,NA,NA,NA,NA,NA,NA,2013-07-01,-998,"Total revenues accrual",NA,"OK",NA
"ar1","Spain","Revenues","2013-07-25",787.514084448169,NA,NA,NA,NA,NA,NA,NA,2013-07-01,-998,"Total revenues accrual",NA,"OK",NA
"ar1","Spain","Revenues","2013-07-27",787.514084448169,NA,NA,NA,NA,NA,NA,NA,2013-07-01,-998,"Total revenues accrual",NA,"OK",NA
"ar1","Spain","Revenues","2013-08-01",787.514084448169,NA,NA,NA,NA,NA,NA,NA,2013-08-01,-998,"Total revenues accrual",NA,"OK",NA
"ar1","Spain","Revenues","2013-08-04",787.514084448169,NA,NA,NA,NA,NA,NA,NA,2013-08-01,-998,"Total revenues accrual",NA,"OK",NA
"ar1","Spain","Revenues","2013-08-05",787.514084448169,NA,NA,NA,NA,NA,NA,NA,2013-08-01,-998,"Total revenues accrual",NA,"OK",NA
"ar1","Spain","Revenues","2013-08-15",787.514084448169,NA,NA,NA,NA,NA,NA,NA,2013-08-01,-998,"Total revenues accrual",NA,"OK",NA
"ar1","Spain","Revenues","2013-08-27",787.514084448169,NA,NA,NA,NA,NA,NA,NA,2013-08-01,-998,"Total revenues accrual",NA,"OK",NA
"ar1","Spain","Revenues","2013-08-29",787.514084448169,NA,NA,NA,NA,NA,NA,NA,2013-08-01,-998,"Total revenues accrual",NA,"OK",NA
"ar1","Spain","Revenues","2013-09-01",787.514084448169,NA,NA,NA,NA,NA,NA,NA,2013-09-01,-998,"Total revenues accrual",NA,"OK",NA
"ar1","Spain","Revenues","2013-09-05",787.514084448169,NA,NA,NA,NA,NA,NA,NA,2013-09-01,-998,"Total revenues accrual",NA,"OK",NA
"ar1","Spain","Revenues","2013-09-07",787.514084448169,NA,NA,NA,NA,NA,NA,NA,2013-09-01,-998,"Total revenues accrual",NA,"OK",NA
"ar1","Spain","Revenues","2013-09-15",-143.604178577034,NA,NA,NA,NA,NA,NA,NA,2013-09-01,601,"Total revenues accrual",NA,"OK",NA
"ar1","Spain","Revenues","2013-09-26",-143.604178577034,NA,NA,NA,NA,NA,NA,NA,2013-09-01,601,"Total revenues accrual",NA,"OK",NA
"ar1","Spain","Revenues","2013-09-27",-143.604178577034,NA,NA,NA,NA,NA,NA,NA,2013-09-01,601,"Total revenues accrual",NA,"OK",NA
"ar1","Spain","Revenues","2013-10-01",-143.604178577034,NA,NA,NA,NA,NA,NA,NA,2013-10-01,601,"Total revenues accrual",NA,"OK",NA
"ar1","Spain","Revenues","2013-10-02",-143.604178577034,NA,NA,NA,NA,NA,NA,NA,2013-10-01,601,"Total revenues accrual",NA,"OK",NA
"ar1","Spain","Revenues","2013-10-05",-143.604178577034,NA,NA,NA,NA,NA,NA,NA,2013-10-01,601,"Total revenues accrual",NA,"OK",NA
"ar1","Spain","Revenues","2013-10-15",-143.604178577034,NA,NA,NA,NA,NA,NA,NA,2013-10-01,601,"Total revenues accrual",NA,"OK",NA
"ar1","Spain","Revenues","2013-10-27",-143.604178577034,NA,NA,NA,NA,NA,NA,NA,2013-10-01,601,"Total revenues accrual",NA,"OK",NA
"ar1","Spain","Revenues","2013-10-31",-143.604178577034,NA,NA,NA,NA,NA,NA,NA,2013-10-01,601,"Total revenues accrual",NA,"OK",NA
"ar1","Spain","Revenues","2013-11-01",-143.604178577034,NA,NA,NA,NA,NA,NA,NA,2013-11-01,601,"Total revenues accrual",NA,"OK",NA
"ar1","Spain","Revenues","2013-11-05",-143.604178577034,NA,NA,NA,NA,NA,NA,NA,2013-11-01,601,"Total revenues accrual",NA,"OK",NA
"ar1","Spain","Revenues","2013-11-15",-143.604178577034,NA,NA,NA,NA,NA,NA,NA,2013-11-01,601,"Total revenues accrual",NA,"OK",NA
"ar1","Spain","Revenues","2013-11-27",-143.604178577034,NA,NA,NA,NA,NA,NA,NA,2013-11-01,601,"Total revenues accrual",NA,"OK",NA
"ar1","Spain","Revenues","2013-11-28",-143.604178577034,NA,NA,NA,NA,NA,NA,NA,2013-11-01,601,"Total revenues accrual",NA,"OK",NA
"ar1","Spain","Revenues","2013-12-01",-143.604178577034,NA,NA,NA,NA,NA,NA,NA,2013-12-01,601,"Total revenues accrual",NA,"OK",NA
"ar1","Spain","Revenues","2013-12-05",-143.604178577034,NA,NA,NA,NA,NA,NA,NA,2013-12-01,601,"Total revenues accrual",NA,"OK",NA
"ar1","Spain","Revenues","2013-12-07",-143.604178577034,NA,NA,NA,NA,NA,NA,NA,2013-12-01,601,"Total revenues accrual",NA,"OK",NA
"ar1","Spain","Revenues","2013-12-15",-315.587589393564,NA,NA,NA,NA,NA,NA,NA,2013-12-01,1073,"Total revenues accrual",NA,"OK",NA
"ar1","Spain","Revenues","2013-12-26",-315.587589393564,NA,NA,NA,NA,NA,NA,NA,2013-12-01,1073,"Total revenues accrual",NA,"OK",NA
"ar1","Spain","Revenues","2013-12-27",-315.587589393564,NA,NA,NA,NA,NA,NA,NA,2013-12-01,1073,"Total revenues accrual",NA,"OK",NA
"ar1","Spain","Revenues","2014-01-01",-315.587589393564,NA,NA,NA,NA,NA,NA,NA,2014-01-01,1073,"Total revenues accrual",NA,"OK",NA
"ar1","Spain","Revenues","2014-01-03",-315.587589393564,NA,NA,NA,NA,NA,NA,NA,2014-01-01,1073,"Total revenues accrual",NA,"OK",NA
"ar1","Spain","Revenues","2014-01-05",-315.587589393564,NA,NA,NA,NA,NA,NA,NA,2014-01-01,1073,"Total revenues accrual",NA,"OK",NA
"ar1","Spain","Revenues","2014-01-15",-315.587589393564,NA,NA,NA,NA,NA,NA,NA,2014-01-01,1073,"Total revenues accrual",NA,"OK",NA
"ar1","Spain","Revenues","2014-01-27",-315.587589393564,NA,NA,NA,NA,NA,NA,NA,2014-01-01,1073,"Total revenues accrual",NA,"OK",NA
"ar1","Spain","Revenues","2014-01-30",-315.587589393564,NA,NA,NA,NA,NA,NA,NA,2014-01-01,1073,"Total revenues accrual",NA,"OK",NA
"ar1","Spain","Revenues","2014-02-01",-315.587589393564,NA,NA,NA,NA,NA,NA,NA,2014-02-01,1073,"Total revenues accrual",NA,"OK",NA
"ar1","Spain","Revenues","2014-02-05",-315.587589393564,NA,NA,NA,NA,NA,NA,NA,2014-02-01,1073,"Total revenues accrual",NA,"OK",NA
"ar1","Spain","Revenues","2014-02-06",-315.587589393564,NA,NA,NA,NA,NA,NA,NA,2014-02-01,1073,"Total revenues accrual",NA,"OK",NA
"ar1","Spain","Revenues","2014-02-15",-315.587589393564,NA,NA,NA,NA,NA,NA,NA,2014-02-01,1073,"Total revenues accrual",NA,"OK",NA
"ar1","Spain","Revenues","2014-02-27",-315.587589393564,NA,NA,NA,NA,NA,NA,NA,2014-02-01,1073,"Total revenues accrual",NA,"OK",NA
"ar1","Spain","Revenues","2014-03-01",-315.587589393564,NA,NA,NA,NA,NA,NA,NA,2014-03-01,1073,"Total revenues accrual",NA,"OK",NA
"ar1","Spain","Revenues","2014-03-05",-315.587589393564,NA,NA,NA,NA,NA,NA,NA,2014-03-01,1073,"Total revenues accrual",NA,"OK",NA
"ar1","Spain","Revenues","2014-03-06",-315.587589393564,NA,NA,NA,NA,NA,NA,NA,2014-03-01,1073,"Total revenues accrual",NA,"OK",NA
"ar1","Spain","Revenues","2014-03-15",-459.640212109093,NA,NA,NA,NA,NA,NA,NA,2014-03-01,1653,"Total revenues accrual",NA,"OK",NA
"ar1","Spain","Revenues","2014-03-27",-459.640212109093,NA,NA,NA,NA,NA,NA,NA,2014-03-01,1653,"Total revenues accrual",NA,"OK",NA
"ar1","Spain","Revenues","2014-04-01",-459.640212109093,NA,NA,NA,NA,NA,NA,NA,2014-04-01,1653,"Total revenues accrual",NA,"OK",NA
"ar1","Spain","Revenues","2014-04-02",-459.640212109093,NA,NA,NA,NA,NA,NA,NA,2014-04-01,1653,"Total revenues accrual",NA,"OK",NA
"ar1","Spain","Revenues","2014-04-05",-459.640212109093,NA,NA,NA,NA,NA,NA,NA,2014-04-01,1653,"Total revenues accrual",NA,"OK",NA
"ar1","Spain","Revenues","2014-04-15",-459.640212109093,NA,NA,NA,NA,NA,NA,NA,2014-04-01,1653,"Total revenues accrual",NA,"OK",NA
"ar1","Spain","Revenues","2014-04-24",-459.640212109093,NA,NA,NA,NA,NA,NA,NA,2014-04-01,1653,"Total revenues accrual",NA,"OK",NA
"ar1","Spain","Revenues","2014-04-27",-459.640212109093,NA,NA,NA,NA,NA,NA,NA,2014-04-01,1653,"Total revenues accrual",NA,"OK",NA
"ar1","Spain","Revenues","2014-05-01",-459.640212109093,NA,NA,NA,NA,NA,NA,NA,2014-05-01,1653,"Total revenues accrual",NA,"OK",NA
"ar1","Spain","Revenues","2014-05-04",-459.640212109093,NA,NA,NA,NA,NA,NA,NA,2014-05-01,1653,"Total revenues accrual",NA,"OK",NA
"ar1","Spain","Revenues","2014-05-05",-459.640212109093,NA,NA,NA,NA,NA,NA,NA,2014-05-01,1653,"Total revenues accrual",NA,"OK",NA
"ar1","Spain","Revenues","2014-05-15",-459.640212109093,NA,NA,NA,NA,NA,NA,NA,2014-05-01,1653,"Total revenues accrual",NA,"OK",NA
"ar1","Spain","Revenues","2014-05-27",-459.640212109093,NA,NA,NA,NA,NA,NA,NA,2014-05-01,1653,"Total revenues accrual",NA,"OK",NA
"ar1","Spain","Revenues","2014-05-29",-459.640212109093,NA,NA,NA,NA,NA,NA,NA,2014-05-01,1653,"Total revenues accrual",NA,"OK",NA
"ar1","Spain","Revenues","2014-06-01",-459.640212109093,NA,NA,NA,NA,NA,NA,NA,2014-06-01,1653,"Total revenues accrual",NA,"OK",NA
"ar1","Spain","Revenues","2014-06-05",-459.640212109093,NA,NA,NA,NA,NA,NA,NA,2014-06-01,1653,"Total revenues accrual",NA,"OK",NA
"ar1","Spain","Revenues","2014-06-07",-459.640212109093,NA,NA,NA,NA,NA,NA,NA,2014-06-01,1653,"Total revenues accrual",NA,"OK",NA
"ar1","Spain","Revenues","2014-06-15",1018.307254491,NA,NA,NA,NA,NA,NA,NA,2014-06-01,-1194,"Total revenues accrual",NA,"OK",NA
"ar1","Spain","Revenues","2014-06-26",1018.307254491,NA,NA,NA,NA,NA,NA,NA,2014-06-01,-1194,"Total revenues accrual",NA,"OK",NA
"ar1","Spain","Revenues","2014-06-27",1018.307254491,NA,NA,NA,NA,NA,NA,NA,2014-06-01,-1194,"Total revenues accrual",NA,"OK",NA
"ar1","Spain","Revenues","2014-07-01",1018.307254491,NA,NA,NA,NA,NA,NA,NA,2014-07-01,-1194,"Total revenues accrual",NA,"OK",NA
"ar1","Spain","Revenues","2014-07-02",1018.307254491,NA,NA,NA,NA,NA,NA,NA,2014-07-01,-1194,"Total revenues accrual",NA,"OK",NA
"ar1","Spain","Revenues","2014-07-05",1018.307254491,NA,NA,NA,NA,NA,NA,NA,2014-07-01,-1194,"Total revenues accrual",NA,"OK",NA
"ar1","Spain","Revenues","2014-07-15",1018.307254491,NA,NA,NA,NA,NA,NA,NA,2014-07-01,-1194,"Total revenues accrual",NA,"OK",NA
"ar1","Spain","Revenues","2014-07-27",1018.307254491,NA,NA,NA,NA,NA,NA,NA,2014-07-01,-1194,"Total revenues accrual",NA,"OK",NA
"ar1","Spain","Revenues","2014-07-31",1018.307254491,NA,NA,NA,NA,NA,NA,NA,2014-07-01,-1194,"Total revenues accrual",NA,"OK",NA
"ar1","Spain","Revenues","2014-08-01",1018.307254491,NA,NA,NA,NA,NA,NA,NA,2014-08-01,-1194,"Total revenues accrual",NA,"OK",NA
"ar1","Spain","Revenues","2014-08-05",1018.307254491,NA,NA,NA,NA,NA,NA,NA,2014-08-01,-1194,"Total revenues accrual",NA,"OK",NA
"ar1","Spain","Revenues","2014-08-15",1018.307254491,NA,NA,NA,NA,NA,NA,NA,2014-08-01,-1194,"Total revenues accrual",NA,"OK",NA
"ar1","Spain","Revenues","2014-08-27",1018.307254491,NA,NA,NA,NA,NA,NA,NA,2014-08-01,-1194,"Total revenues accrual",NA,"OK",NA
"ar1","Spain","Revenues","2014-08-28",1018.307254491,NA,NA,NA,NA,NA,NA,NA,2014-08-01,-1194,"Total revenues accrual",NA,"OK",NA
"ar1","Spain","Revenues","2014-09-01",1018.307254491,NA,NA,NA,NA,NA,NA,NA,2014-09-01,-1194,"Total revenues accrual",NA,"OK",NA
"ar1","Spain","Revenues","2014-09-05",1018.307254491,NA,NA,NA,NA,NA,NA,NA,2014-09-01,-1194,"Total revenues accrual",NA,"OK",NA
"ar1","Spain","Revenues","2014-09-15",68.630758122072,NA,NA,NA,NA,NA,NA,NA,2014-09-01,502,"Total revenues accrual",NA,"OK",NA
"ar1","Spain","Revenues","2014-09-25",68.630758122072,NA,NA,NA,NA,NA,NA,NA,2014-09-01,502,"Total revenues accrual",NA,"OK",NA
"ar1","Spain","Revenues","2014-09-27",68.630758122072,NA,NA,NA,NA,NA,NA,NA,2014-09-01,502,"Total revenues accrual",NA,"OK",NA
"ar1","Spain","Revenues","2014-10-01",68.630758122072,NA,NA,NA,NA,NA,NA,NA,2014-10-01,502,"Total revenues accrual",NA,"OK",NA
"ar1","Spain","Revenues","2014-10-03",68.630758122072,NA,NA,NA,NA,NA,NA,NA,2014-10-01,502,"Total revenues accrual",NA,"OK",NA
"ar1","Spain","Revenues","2014-10-05",68.630758122072,NA,NA,NA,NA,NA,NA,NA,2014-10-01,502,"Total revenues accrual",NA,"OK",NA
"ar1","Spain","Revenues","2014-10-15",68.630758122072,NA,NA,NA,NA,NA,NA,NA,2014-10-01,502,"Total revenues accrual",NA,"OK",NA
"ar1","Spain","Revenues","2014-10-27",68.630758122072,NA,NA,NA,NA,NA,NA,NA,2014-10-01,502,"Total revenues accrual",NA,"OK",NA
"ar1","Spain","Revenues","2014-10-30",68.630758122072,NA,NA,NA,NA,NA,NA,NA,2014-10-01,502,"Total revenues accrual",NA,"OK",NA
"ar1","Spain","Revenues","2014-11-01",68.630758122072,NA,NA,NA,NA,NA,NA,NA,2014-11-01,502,"Total revenues accrual",NA,"OK",NA
"ar1","Spain","Revenues","2014-11-05",68.630758122072,NA,NA,NA,NA,NA,NA,NA,2014-11-01,502,"Total revenues accrual",NA,"OK",NA
"ar1","Spain","Revenues","2014-11-06",68.630758122072,NA,NA,NA,NA,NA,NA,NA,2014-11-01,502,"Total revenues accrual",NA,"OK",NA
"ar1","Spain","Revenues","2014-11-15",68.630758122072,NA,NA,NA,NA,NA,NA,NA,2014-11-01,502,"Total revenues accrual",NA,"OK",NA
"ar1","Spain","Revenues","2014-11-27",68.630758122072,NA,NA,NA,NA,NA,NA,NA,2014-11-01,502,"Total revenues accrual",NA,"OK",NA
"ar1","Spain","Revenues","2014-12-01",68.630758122072,NA,NA,NA,NA,NA,NA,NA,2014-12-01,502,"Total revenues accrual",NA,"OK",NA
"ar1","Spain","Revenues","2014-12-05",68.630758122072,NA,NA,NA,NA,NA,NA,NA,2014-12-01,502,"Total revenues accrual",NA,"OK",NA
"ar1","Spain","Revenues","2014-12-15",-175.353464405863,NA,NA,NA,NA,NA,NA,NA,2014-12-01,1075,"Total revenues accrual",NA,"OK",NA
"ar1","Spain","Revenues","2014-12-25",-175.353464405863,NA,NA,NA,NA,NA,NA,NA,2014-12-01,1075,"Total revenues accrual",NA,"OK",NA
"ar1","Spain","Revenues","2014-12-27",-175.353464405863,NA,NA,NA,NA,NA,NA,NA,2014-12-01,1075,"Total revenues accrual",NA,"OK",NA
"ar1","Spain","Revenues","2015-01-01",-175.353464405863,NA,NA,NA,NA,NA,NA,NA,2015-01-01,1075,"Total revenues accrual",NA,"OK",NA
"ar1","Spain","Revenues","2015-01-04",-175.353464405863,NA,NA,NA,NA,NA,NA,NA,2015-01-01,1075,"Total revenues accrual",NA,"OK",NA
"ar1","Spain","Revenues","2015-01-05",-175.353464405863,NA,NA,NA,NA,NA,NA,NA,2015-01-01,1075,"Total revenues accrual",NA,"OK",NA
"ar1","Spain","Revenues","2015-01-15",-175.353464405863,NA,NA,NA,NA,NA,NA,NA,2015-01-01,1075,"Total revenues accrual",NA,"OK",NA
"ar1","Spain","Revenues","2015-01-27",-175.353464405863,NA,NA,NA,NA,NA,NA,NA,2015-01-01,1075,"Total revenues accrual",NA,"OK",NA
"ar1","Spain","Revenues","2015-01-29",-175.353464405863,NA,NA,NA,NA,NA,NA,NA,2015-01-01,1075,"Total revenues accrual",NA,"OK",NA
"ar1","Spain","Revenues","2015-02-01",-175.353464405863,NA,NA,NA,NA,NA,NA,NA,2015-02-01,1075,"Total revenues accrual",NA,"OK",NA
"ar1","Spain","Revenues","2015-02-05",-175.353464405863,NA,NA,NA,NA,NA,NA,NA,2015-02-01,1075,"Total revenues accrual",NA,"OK",NA
"ar1","Spain","Revenues","2015-02-07",-175.353464405863,NA,NA,NA,NA,NA,NA,NA,2015-02-01,1075,"Total revenues accrual",NA,"OK",NA
"ar1","Spain","Revenues","2015-02-15",-175.353464405863,NA,NA,NA,NA,NA,NA,NA,2015-02-01,1075,"Total revenues accrual",NA,"OK",NA
"ar1","Spain","Revenues","2015-02-26",-175.353464405863,NA,NA,NA,NA,NA,NA,NA,2015-02-01,1075,"Total revenues accrual",NA,"OK",NA
"ar1","Spain","Revenues","2015-02-27",-175.353464405863,NA,NA,NA,NA,NA,NA,NA,2015-02-01,1075,"Total revenues accrual",NA,"OK",NA
"ar1","Spain","Revenues","2015-03-01",-175.353464405863,NA,NA,NA,NA,NA,NA,NA,2015-03-01,1075,"Total revenues accrual",NA,"OK",NA
"ar1","Spain","Revenues","2015-03-05",-175.353464405863,NA,NA,NA,NA,NA,NA,NA,2015-03-01,1075,"Total revenues accrual",NA,"OK",NA
"ar1","Spain","Revenues","2015-03-07",-175.353464405863,NA,NA,NA,NA,NA,NA,NA,2015-03-01,1075,"Total revenues accrual",NA,"OK",NA
"ar1","Spain","Revenues","2015-03-15",-497.630577013664,NA,NA,NA,NA,NA,NA,NA,2015-03-01,2013,"Total revenues accrual",NA,"OK",NA
"ar1","Spain","Revenues","2015-03-26",-497.630577013664,NA,NA,NA,NA,NA,NA,NA,2015-03-01,2013,"Total revenues accrual",NA,"OK",NA
"ar1","Spain","Revenues","2015-03-27",-497.630577013664,NA,NA,NA,NA,NA,NA,NA,2015-03-01,2013,"Total revenues accrual",NA,"OK",NA
"ar1","Spain","Revenues","2015-04-01",-497.630577013664,NA,NA,NA,NA,NA,NA,NA,2015-04-01,2013,"Total revenues accrual",NA,"OK",NA
"ar1","Spain","Revenues","2015-04-03",-497.630577013664,NA,NA,NA,NA,NA,NA,NA,2015-04-01,2013,"Total revenues accrual",NA,"OK",NA
"ar1","Spain","Revenues","2015-04-05",-497.630577013664,NA,NA,NA,NA,NA,NA,NA,2015-04-01,2013,"Total revenues accrual",NA,"OK",NA
"ar1","Spain","Revenues","2015-04-15",-497.630577013664,NA,NA,NA,NA,NA,NA,NA,2015-04-01,2013,"Total revenues accrual",NA,"OK",NA
"ar1","Spain","Revenues","2015-04-27",-497.630577013664,NA,NA,NA,NA,NA,NA,NA,2015-04-01,2013,"Total revenues accrual",NA,"OK",NA
"ar1","Spain","Revenues","2015-04-30",-497.630577013664,NA,NA,NA,NA,NA,NA,NA,2015-04-01,2013,"Total revenues accrual",NA,"OK",NA
"ar1","Spain","Revenues","2015-05-01",-497.630577013664,NA,NA,NA,NA,NA,NA,NA,2015-05-01,2013,"Total revenues accrual",NA,"OK",NA
"ar1","Spain","Revenues","2015-05-05",-497.630577013664,NA,NA,NA,NA,NA,NA,NA,2015-05-01,2013,"Total revenues accrual",NA,"OK",NA
"ar1","Spain","Revenues","2015-05-15",-497.630577013664,NA,NA,NA,NA,NA,NA,NA,2015-05-01,2013,"Total revenues accrual",NA,"OK",NA
"ar1","Spain","Revenues","2015-05-27",-497.630577013664,NA,NA,NA,NA,NA,NA,NA,2015-05-01,2013,"Total revenues accrual",NA,"OK",NA
"ar1","Spain","Revenues","2015-05-28",-497.630577013664,NA,NA,NA,NA,NA,NA,NA,2015-05-01,2013,"Total revenues accrual",NA,"OK",NA
"ar1","Spain","Revenues","2015-06-01",-497.630577013664,NA,NA,NA,NA,NA,NA,NA,2015-06-01,2013,"Total revenues accrual",NA,"OK",NA
"ar1","Spain","Revenues","2015-06-05",-497.630577013664,NA,NA,NA,NA,NA,NA,NA,2015-06-01,2013,"Total revenues accrual",NA,"OK",NA
"ar1","Spain","Revenues","2015-06-15",482.767091532602,NA,NA,NA,NA,NA,NA,NA,2015-06-01,76,"Total revenues accrual",NA,"OK",NA
"ar1","Spain","Revenues","2015-06-25",482.767091532602,NA,NA,NA,NA,NA,NA,NA,2015-06-01,76,"Total revenues accrual",NA,"OK",NA
"ar1","Spain","Revenues","2015-06-27",482.767091532602,NA,NA,NA,NA,NA,NA,NA,2015-06-01,76,"Total revenues accrual",NA,"OK",NA
"ar1","Spain","Revenues","2015-07-01",482.767091532602,NA,NA,NA,NA,NA,NA,NA,2015-07-01,76,"Total revenues accrual",NA,"OK",NA
"ar1","Spain","Revenues","2015-07-03",482.767091532602,NA,NA,NA,NA,NA,NA,NA,2015-07-01,76,"Total revenues accrual",NA,"OK",NA
"ar1","Spain","Revenues","2015-07-05",482.767091532602,NA,NA,NA,NA,NA,NA,NA,2015-07-01,76,"Total revenues accrual",NA,"OK",NA
"ar1","Spain","Revenues","2015-07-15",482.767091532602,NA,NA,NA,NA,NA,NA,NA,2015-07-01,76,"Total revenues accrual",NA,"OK",NA
"ar1","Spain","Revenues","2015-07-27",482.767091532602,NA,NA,NA,NA,NA,NA,NA,2015-07-01,76,"Total revenues accrual",NA,"OK",NA
"ar1","Spain","Revenues","2015-07-30",482.767091532602,NA,NA,NA,NA,NA,NA,NA,2015-07-01,76,"Total revenues accrual",NA,"OK",NA
"ar1","Spain","Revenues","2015-08-01",482.767091532602,NA,NA,NA,NA,NA,NA,NA,2015-08-01,76,"Total revenues accrual",NA,"OK",NA
"ar1","Spain","Revenues","2015-08-05",482.767091532602,NA,NA,NA,NA,NA,NA,NA,2015-08-01,76,"Total revenues accrual",NA,"OK",NA
"ar1","Spain","Revenues","2015-08-06",482.767091532602,NA,NA,NA,NA,NA,NA,NA,2015-08-01,76,"Total revenues accrual",NA,"OK",NA
"ar1","Spain","Revenues","2015-08-15",482.767091532602,NA,NA,NA,NA,NA,NA,NA,2015-08-01,76,"Total revenues accrual",NA,"OK",NA
"ar1","Spain","Revenues","2015-08-27",482.767091532602,NA,NA,NA,NA,NA,NA,NA,2015-08-01,76,"Total revenues accrual",NA,"OK",NA
"ar1","Spain","Revenues","2015-09-01",482.767091532602,NA,NA,NA,NA,NA,NA,NA,2015-09-01,76,"Total revenues accrual",NA,"OK",NA
"ar1","Spain","Revenues","2015-09-02",482.767091532602,NA,NA,NA,NA,NA,NA,NA,2015-09-01,76,"Total revenues accrual",NA,"OK",NA
"ar1","Spain","Revenues","2015-09-05",482.767091532602,NA,NA,NA,NA,NA,NA,NA,2015-09-01,76,"Total revenues accrual",NA,"OK",NA
"ar1","Spain","Revenues","2015-09-15",604.805324997158,NA,NA,NA,NA,NA,NA,NA,2015-09-01,-258,"Total revenues accrual",NA,"OK",NA
"ar1","Spain","Revenues","2015-09-24",604.805324997158,NA,NA,NA,NA,NA,NA,NA,2015-09-01,-258,"Total revenues accrual",NA,"OK",NA
"ar1","Spain","Revenues","2015-09-27",604.805324997158,NA,NA,NA,NA,NA,NA,NA,2015-09-01,-258,"Total revenues accrual",NA,"OK",NA
"ar1","Spain","Revenues","2015-10-01",604.805324997158,NA,NA,NA,NA,NA,NA,NA,2015-10-01,-258,"Total revenues accrual",NA,"OK",NA
"ar1","Spain","Revenues","2015-10-04",604.805324997158,NA,NA,NA,NA,NA,NA,NA,2015-10-01,-258,"Total revenues accrual",NA,"OK",NA
"ar1","Spain","Revenues","2015-10-05",604.805324997158,NA,NA,NA,NA,NA,NA,NA,2015-10-01,-258,"Total revenues accrual",NA,"OK",NA
"ar1","Spain","Revenues","2015-10-15",604.805324997158,NA,NA,NA,NA,NA,NA,NA,2015-10-01,-258,"Total revenues accrual",NA,"OK",NA
"ar1","Spain","Revenues","2015-10-27",604.805324997158,NA,NA,NA,NA,NA,NA,NA,2015-10-01,-258,"Total revenues accrual",NA,"OK",NA
"ar1","Spain","Revenues","2015-10-29",604.805324997158,NA,NA,NA,NA,NA,NA,NA,2015-10-01,-258,"Total revenues accrual",NA,"OK",NA
"ar1","Spain","Revenues","2015-11-01",604.805324997158,NA,NA,NA,NA,NA,NA,NA,2015-11-01,-258,"Total revenues accrual",NA,"OK",NA
"ar1","Spain","Revenues","2015-11-05",604.805324997158,NA,NA,NA,NA,NA,NA,NA,2015-11-01,-258,"Total revenues accrual",NA,"OK",NA
"ar1","Spain","Revenues","2015-11-07",604.805324997158,NA,NA,NA,NA,NA,NA,NA,2015-11-01,-258,"Total revenues accrual",NA,"OK",NA
"ar1","Spain","Revenues","2015-11-15",604.805324997158,NA,NA,NA,NA,NA,NA,NA,2015-11-01,-258,"Total revenues accrual",NA,"OK",NA
"ar1","Spain","Revenues","2015-11-26",604.805324997158,NA,NA,NA,NA,NA,NA,NA,2015-11-01,-258,"Total revenues accrual",NA,"OK",NA
"ar1","Spain","Revenues","2015-11-27",604.805324997158,NA,NA,NA,NA,NA,NA,NA,2015-11-01,-258,"Total revenues accrual",NA,"OK",NA
"ar1","Spain","Revenues","2015-12-01",604.805324997158,NA,NA,NA,NA,NA,NA,NA,2015-12-01,-258,"Total revenues accrual",NA,"OK",NA
"ar1","Spain","Revenues","2015-12-02",604.805324997158,NA,NA,NA,NA,NA,NA,NA,2015-12-01,-258,"Total revenues accrual",NA,"OK",NA
"ar1","Spain","Revenues","2015-12-05",604.805324997158,NA,NA,NA,NA,NA,NA,NA,2015-12-01,-258,"Total revenues accrual",NA,"OK",NA
"ar1","Spain","Revenues","2015-12-15",-297.709480006754,NA,NA,NA,NA,NA,NA,NA,2015-12-01,1721,"Total revenues accrual",NA,"OK",NA
"ar1","Spain","Revenues","2015-12-27",-297.709480006754,NA,NA,NA,NA,NA,NA,NA,2015-12-01,1721,"Total revenues accrual",NA,"OK",NA
"ar1","Spain","Revenues","2015-12-31",-297.709480006754,NA,NA,NA,NA,NA,NA,NA,2015-12-01,1721,"Total revenues accrual",NA,"OK",NA
"ar1","Spain","Revenues","2016-01-01",-297.709480006754,NA,NA,NA,NA,NA,NA,NA,2016-01-01,1721,"Total revenues accrual",NA,"OK",NA
"ar1","Spain","Revenues","2016-01-05",-297.709480006754,NA,NA,NA,NA,NA,NA,NA,2016-01-01,1721,"Total revenues accrual",NA,"OK",NA
"ar1","Spain","Revenues","2016-01-15",-297.709480006754,NA,NA,NA,NA,NA,NA,NA,2016-01-01,1721,"Total revenues accrual",NA,"OK",NA
"ar1","Spain","Revenues","2016-01-27",-297.709480006754,NA,NA,NA,NA,NA,NA,NA,2016-01-01,1721,"Total revenues accrual",NA,"OK",NA
"ar1","Spain","Revenues","2016-01-28",-297.709480006754,NA,NA,NA,NA,NA,NA,NA,2016-01-01,1721,"Total revenues accrual",NA,"OK",NA
"ar1","Spain","Revenues","2016-02-01",-297.709480006754,NA,NA,NA,NA,NA,NA,NA,2016-02-01,1721,"Total revenues accrual",NA,"OK",NA
"ar1","Spain","Revenues","2016-02-05",-297.709480006754,NA,NA,NA,NA,NA,NA,NA,2016-02-01,1721,"Total revenues accrual",NA,"OK",NA
"ar1","Spain","Revenues","2016-02-15",-297.709480006754,NA,NA,NA,NA,NA,NA,NA,2016-02-01,1721,"Total revenues accrual",NA,"OK",NA
"ar1","Spain","Revenues","2016-02-25",-297.709480006754,NA,NA,NA,NA,NA,NA,NA,2016-02-01,1721,"Total revenues accrual",NA,"OK",NA
"ar1","Spain","Revenues","2016-02-27",-297.709480006754,NA,NA,NA,NA,NA,NA,NA,2016-02-01,1721,"Total revenues accrual",NA,"OK",NA
"ar1","Spain","Revenues","2016-03-01",-297.709480006754,NA,NA,NA,NA,NA,NA,NA,2016-03-01,1721,"Total revenues accrual",NA,"OK",NA
"ar1","Spain","Revenues","2016-03-02",-297.709480006754,NA,NA,NA,NA,NA,NA,NA,2016-03-01,1721,"Total revenues accrual",NA,"OK",NA
"ar1","Spain","Revenues","2016-03-05",-297.709480006754,NA,NA,NA,NA,NA,NA,NA,2016-03-01,1721,"Total revenues accrual",NA,"OK",NA
"ar1","Spain","Revenues","2016-03-15",929.16128090131,NA,NA,NA,NA,NA,NA,NA,2016-03-01,-827,"Total revenues accrual",NA,"OK",NA
"ar1","Spain","Revenues","2016-03-27",929.16128090131,NA,NA,NA,NA,NA,NA,NA,2016-03-01,-827,"Total revenues accrual",NA,"OK",NA
"ar1","Spain","Revenues","2016-03-31",929.16128090131,NA,NA,NA,NA,NA,NA,NA,2016-03-01,-827,"Total revenues accrual",NA,"OK",NA
"ar1","Spain","Revenues","2016-04-01",929.16128090131,NA,NA,NA,NA,NA,NA,NA,2016-04-01,-827,"Total revenues accrual",NA,"OK",NA
"ar1","Spain","Revenues","2016-04-05",929.16128090131,NA,NA,NA,NA,NA,NA,NA,2016-04-01,-827,"Total revenues accrual",NA,"OK",NA
"ar1","Spain","Revenues","2016-04-15",929.16128090131,NA,NA,NA,NA,NA,NA,NA,2016-04-01,-827,"Total revenues accrual",NA,"OK",NA
"ar1","Spain","Revenues","2016-04-27",929.16128090131,NA,NA,NA,NA,NA,NA,NA,2016-04-01,-827,"Total revenues accrual",NA,"OK",NA
"ar1","Spain","Revenues","2016-04-28",929.16128090131,NA,NA,NA,NA,NA,NA,NA,2016-04-01,-827,"Total revenues accrual",NA,"OK",NA
"ar1","Spain","Revenues","2016-05-01",929.16128090131,NA,NA,NA,NA,NA,NA,NA,2016-05-01,-827,"Total revenues accrual",NA,"OK",NA
"ar1","Spain","Revenues","2016-05-05",929.16128090131,NA,NA,NA,NA,NA,NA,NA,2016-05-01,-827,"Total revenues accrual",NA,"OK",NA
"ar1","Spain","Revenues","2016-05-07",929.16128090131,NA,NA,NA,NA,NA,NA,NA,2016-05-01,-827,"Total revenues accrual",NA,"OK",NA
"ar1","Spain","Revenues","2016-05-15",929.16128090131,NA,NA,NA,NA,NA,NA,NA,2016-05-01,-827,"Total revenues accrual",NA,"OK",NA
"ar1","Spain","Revenues","2016-05-26",929.16128090131,NA,NA,NA,NA,NA,NA,NA,2016-05-01,-827,"Total revenues accrual",NA,"OK",NA
"ar1","Spain","Revenues","2016-05-27",929.16128090131,NA,NA,NA,NA,NA,NA,NA,2016-05-01,-827,"Total revenues accrual",NA,"OK",NA
"ar1","Spain","Revenues","2016-06-01",929.16128090131,NA,NA,NA,NA,NA,NA,NA,2016-06-01,-827,"Total revenues accrual",NA,"OK",NA
"ar1","Spain","Revenues","2016-06-03",929.16128090131,NA,NA,NA,NA,NA,NA,NA,2016-06-01,-827,"Total revenues accrual",NA,"OK",NA
"ar1","Spain","Revenues","2016-06-05",929.16128090131,NA,NA,NA,NA,NA,NA,NA,2016-06-01,-827,"Total revenues accrual",NA,"OK",NA
"ar1","Spain","Revenues","2016-06-15",248.492275177124,NA,NA,NA,NA,NA,NA,NA,2016-06-01,511,"Total revenues accrual",NA,"OK",NA
"ar1","Spain","Revenues","2016-06-27",248.492275177124,NA,NA,NA,NA,NA,NA,NA,2016-06-01,511,"Total revenues accrual",NA,"OK",NA
"ar1","Spain","Revenues","2016-06-30",248.492275177124,NA,NA,NA,NA,NA,NA,NA,2016-06-01,511,"Total revenues accrual",NA,"OK",NA
"ar1","Spain","Revenues","2016-07-01",248.492275177124,NA,NA,NA,NA,NA,NA,NA,2016-07-01,511,"Total revenues accrual",NA,"OK",NA
"ar1","Spain","Revenues","2016-07-05",248.492275177124,NA,NA,NA,NA,NA,NA,NA,2016-07-01,511,"Total revenues accrual",NA,"OK",NA
"ar1","Spain","Revenues","2016-07-15",248.492275177124,NA,NA,NA,NA,NA,NA,NA,2016-07-01,511,"Total revenues accrual",NA,"OK",NA
"ar1","Spain","Revenues","2016-07-27",248.492275177124,NA,NA,NA,NA,NA,NA,NA,2016-07-01,511,"Total revenues accrual",NA,"OK",NA
"ar1","Spain","Revenues","2016-07-28",248.492275177124,NA,NA,NA,NA,NA,NA,NA,2016-07-01,511,"Total revenues accrual",NA,"OK",NA
"ar1","Spain","Revenues","2016-08-01",248.492275177124,NA,NA,NA,NA,NA,NA,NA,2016-08-01,511,"Total revenues accrual",NA,"OK",NA
"ar1","Spain","Revenues","2016-08-05",248.492275177124,NA,NA,NA,NA,NA,NA,NA,2016-08-01,511,"Total revenues accrual",NA,"OK",NA
"ar1","Spain","Revenues","2016-08-15",248.492275177124,NA,NA,NA,NA,NA,NA,NA,2016-08-01,511,"Total revenues accrual",NA,"OK",NA
"ar1","Spain","Revenues","2016-08-25",248.492275177124,NA,NA,NA,NA,NA,NA,NA,2016-08-01,511,"Total revenues accrual",NA,"OK",NA
"ar1","Spain","Revenues","2016-08-27",248.492275177124,NA,NA,NA,NA,NA,NA,NA,2016-08-01,511,"Total revenues accrual",NA,"OK",NA
"ar1","Spain","Revenues","2016-09-01",248.492275177124,NA,NA,NA,NA,NA,NA,NA,2016-09-01,511,"Total revenues accrual",NA,"OK",NA
"ar1","Spain","Revenues","2016-09-04",248.492275177124,NA,NA,NA,NA,NA,NA,NA,2016-09-01,511,"Total revenues accrual",NA,"OK",NA
"ar1","Spain","Revenues","2016-09-05",248.492275177124,NA,NA,NA,NA,NA,NA,NA,2016-09-01,511,"Total revenues accrual",NA,"OK",NA
"ar1","Spain","Revenues","2016-09-15",-303.051577668315,NA,NA,NA,NA,NA,NA,NA,2016-09-01,1777,"Total revenues accrual",NA,"OK",NA
"ar1","Spain","Revenues","2016-09-27",-303.051577668315,NA,NA,NA,NA,NA,NA,NA,2016-09-01,1777,"Total revenues accrual",NA,"OK",NA
"ar1","Spain","Revenues","2016-09-29",-303.051577668315,NA,NA,NA,NA,NA,NA,NA,2016-09-01,1777,"Total revenues accrual",NA,"OK",NA
"ar1","Spain","Revenues","2016-10-01",-303.051577668315,NA,NA,NA,NA,NA,NA,NA,2016-10-01,1777,"Total revenues accrual",NA,"OK",NA
"ar1","Spain","Revenues","2016-10-05",-303.051577668315,NA,NA,NA,NA,NA,NA,NA,2016-10-01,1777,"Total revenues accrual",NA,"OK",NA
"ar1","Spain","Revenues","2016-10-06",-303.051577668315,NA,NA,NA,NA,NA,NA,NA,2016-10-01,1777,"Total revenues accrual",NA,"OK",NA
"ar1","Spain","Revenues","2016-10-15",-303.051577668315,NA,NA,NA,NA,NA,NA,NA,2016-10-01,1777,"Total revenues accrual",NA,"OK",NA
"ar1","Spain","Revenues","2016-10-27",-303.051577668315,NA,NA,NA,NA,NA,NA,NA,2016-10-01,1777,"Total revenues accrual",NA,"OK",NA
"ar1","Spain","Revenues","2016-11-01",-303.051577668315,NA,NA,NA,NA,NA,NA,NA,2016-11-01,1777,"Total revenues accrual",NA,"OK",NA
"ar1","Spain","Revenues","2016-11-02",-303.051577668315,NA,NA,NA,NA,NA,NA,NA,2016-11-01,1777,"Total revenues accrual",NA,"OK",NA
"ar1","Spain","Revenues","2016-11-05",-303.051577668315,NA,NA,NA,NA,NA,NA,NA,2016-11-01,1777,"Total revenues accrual",NA,"OK",NA
"ar1","Spain","Revenues","2016-11-15",-303.051577668315,NA,NA,NA,NA,NA,NA,NA,2016-11-01,1777,"Total revenues accrual",NA,"OK",NA
"ar1","Spain","Revenues","2016-11-24",-303.051577668315,NA,NA,NA,NA,NA,NA,NA,2016-11-01,1777,"Total revenues accrual",NA,"OK",NA
"ar1","Spain","Revenues","2016-11-27",-303.051577668315,NA,NA,NA,NA,NA,NA,NA,2016-11-01,1777,"Total revenues accrual",NA,"OK",NA
"ar1","Spain","Revenues","2016-12-01",-303.051577668315,NA,NA,NA,NA,NA,NA,NA,2016-12-01,1777,"Total revenues accrual",NA,"OK",NA
"ar1","Spain","Revenues","2016-12-04",-303.051577668315,NA,NA,NA,NA,NA,NA,NA,2016-12-01,1777,"Total revenues accrual",NA,"OK",NA
"ar1","Spain","Revenues","2016-12-05",-303.051577668315,NA,NA,NA,NA,NA,NA,NA,2016-12-01,1777,"Total revenues accrual",NA,"OK",NA
"ar1","Spain","Revenues","2016-12-15",73.1486808209626,NA,NA,NA,NA,NA,NA,NA,2016-12-01,1169,"Total revenues accrual",NA,"OK",NA
"ar1","Spain","Revenues","2016-12-27",73.1486808209626,NA,NA,NA,NA,NA,NA,NA,2016-12-01,1169,"Total revenues accrual",NA,"OK",NA
"ar1","Spain","Revenues","2016-12-29",73.1486808209626,NA,NA,NA,NA,NA,NA,NA,2016-12-01,1169,"Total revenues accrual",NA,"OK",NA
"ar1","Spain","Revenues","2017-01-01",73.1486808209626,NA,NA,NA,NA,NA,NA,NA,2017-01-01,1169,"Total revenues accrual",NA,"OK",NA
"ar1","Spain","Revenues","2017-01-05",73.1486808209626,NA,NA,NA,NA,NA,NA,NA,2017-01-01,1169,"Total revenues accrual",NA,"OK",NA
"ar1","Spain","Revenues","2017-01-07",73.1486808209626,NA,NA,NA,NA,NA,NA,NA,2017-01-01,1169,"Total revenues accrual",NA,"OK",NA
"ar1","Spain","Revenues","2017-01-15",73.1486808209626,NA,NA,NA,NA,NA,NA,NA,2017-01-01,1169,"Total revenues accrual",NA,"OK",NA
"ar1","Spain","Revenues","2017-01-26",73.1486808209626,NA,NA,NA,NA,NA,NA,NA,2017-01-01,1169,"Total revenues accrual",NA,"OK",NA
"ar1","Spain","Revenues","2017-01-27",73.1486808209626,NA,NA,NA,NA,NA,NA,NA,2017-01-01,1169,"Total revenues accrual",NA,"OK",NA
"ar1","Spain","Revenues","2017-02-01",73.1486808209626,NA,NA,NA,NA,NA,NA,NA,2017-02-01,1169,"Total revenues accrual",NA,"OK",NA
"ar1","Spain","Revenues","2017-02-03",73.1486808209626,NA,NA,NA,NA,NA,NA,NA,2017-02-01,1169,"Total revenues accrual",NA,"OK",NA
"ar1","Spain","Revenues","2017-02-05",73.1486808209626,NA,NA,NA,NA,NA,NA,NA,2017-02-01,1169,"Total revenues accrual",NA,"OK",NA
"ar1","Spain","Revenues","2017-02-15",73.1486808209626,NA,NA,NA,NA,NA,NA,NA,2017-02-01,1169,"Total revenues accrual",NA,"OK",NA
"ar1","Spain","Revenues","2017-02-23",73.1486808209626,NA,NA,NA,NA,NA,NA,NA,2017-02-01,1169,"Total revenues accrual",NA,"OK",NA
"ar1","Spain","Revenues","2017-02-27",73.1486808209626,NA,NA,NA,NA,NA,NA,NA,2017-02-01,1169,"Total revenues accrual",NA,"OK",NA
"ar1","Spain","Revenues","2017-03-01",73.1486808209626,NA,NA,NA,NA,NA,NA,NA,2017-03-01,1169,"Total revenues accrual",NA,"OK",NA
"ar1","Spain","Revenues","2017-03-03",73.1486808209626,NA,NA,NA,NA,NA,NA,NA,2017-03-01,1169,"Total revenues accrual",NA,"OK",NA
"ar1","Spain","Revenues","2017-03-05",73.1486808209626,NA,NA,NA,NA,NA,NA,NA,2017-03-01,1169,"Total revenues accrual",NA,"OK",NA
"ar1","Spain","Revenues","2017-03-15",273.030460881552,NA,NA,NA,NA,NA,NA,NA,2017-03-01,793,"Total revenues accrual",NA,"OK",NA
"ar1","Spain","Revenues","2017-03-27",273.030460881552,NA,NA,NA,NA,NA,NA,NA,2017-03-01,793,"Total revenues accrual",NA,"OK",NA
"ar1","Spain","Revenues","2017-03-30",273.030460881552,NA,NA,NA,NA,NA,NA,NA,2017-03-01,793,"Total revenues accrual",NA,"OK",NA
"ar1","Spain","Revenues","2017-04-01",273.030460881552,NA,NA,NA,NA,NA,NA,NA,2017-04-01,793,"Total revenues accrual",NA,"OK",NA
"ar1","Spain","Revenues","2017-04-05",273.030460881552,NA,NA,NA,NA,NA,NA,NA,2017-04-01,793,"Total revenues accrual",NA,"OK",NA
"ar1","Spain","Revenues","2017-04-06",273.030460881552,NA,NA,NA,NA,NA,NA,NA,2017-04-01,793,"Total revenues accrual",NA,"OK",NA
"ar1","Spain","Revenues","2017-04-15",273.030460881552,NA,NA,NA,NA,NA,NA,NA,2017-04-01,793,"Total revenues accrual",NA,"OK",NA
"ar1","Spain","Revenues","2017-04-27",273.030460881552,NA,NA,NA,NA,NA,NA,NA,2017-04-01,793,"Total revenues accrual",NA,"OK",NA
"ar1","Spain","Revenues","2017-05-01",273.030460881552,NA,NA,NA,NA,NA,NA,NA,2017-05-01,793,"Total revenues accrual",NA,"OK",NA
"ar1","Spain","Revenues","2017-05-05",273.030460881552,NA,NA,NA,NA,NA,NA,NA,2017-05-01,793,"Total revenues accrual",NA,"OK",NA
"ar1","Spain","Revenues","2017-05-15",273.030460881552,NA,NA,NA,NA,NA,NA,NA,2017-05-01,793,"Total revenues accrual",NA,"OK",NA
"ar1","Spain","Revenues","2017-05-25",273.030460881552,NA,NA,NA,NA,NA,NA,NA,2017-05-01,793,"Total revenues accrual",NA,"OK",NA
"ar1","Spain","Revenues","2017-05-27",273.030460881552,NA,NA,NA,NA,NA,NA,NA,2017-05-01,793,"Total revenues accrual",NA,"OK",NA
"ar1","Spain","Revenues","2017-06-01",273.030460881552,NA,NA,NA,NA,NA,NA,NA,2017-06-01,793,"Total revenues accrual",NA,"OK",NA
"ar1","Spain","Revenues","2017-06-04",273.030460881552,NA,NA,NA,NA,NA,NA,NA,2017-06-01,793,"Total revenues accrual",NA,"OK",NA
"ar1","Spain","Revenues","2017-06-05",273.030460881552,NA,NA,NA,NA,NA,NA,NA,2017-06-01,793,"Total revenues accrual",NA,"OK",NA
"ar1","Spain","Revenues","2017-06-15",-27.6195157075591,NA,NA,NA,NA,NA,NA,NA,2017-06-01,1596,"Total revenues accrual",NA,"OK",NA
"ar1","Spain","Revenues","2017-06-27",-27.6195157075591,NA,NA,NA,NA,NA,NA,NA,2017-06-01,1596,"Total revenues accrual",NA,"OK",NA
"ar1","Spain","Revenues","2017-06-29",-27.6195157075591,NA,NA,NA,NA,NA,NA,NA,2017-06-01,1596,"Total revenues accrual",NA,"OK",NA
"ar1","Spain","Revenues","2017-07-01",-27.6195157075591,NA,NA,NA,NA,NA,NA,NA,2017-07-01,1596,"Total revenues accrual",NA,"OK",NA
"ar1","Spain","Revenues","2017-07-05",-27.6195157075591,NA,NA,NA,NA,NA,NA,NA,2017-07-01,1596,"Total revenues accrual",NA,"OK",NA
"ar1","Spain","Revenues","2017-07-06",-27.6195157075591,NA,NA,NA,NA,NA,NA,NA,2017-07-01,1596,"Total revenues accrual",NA,"OK",NA
"ar1","Spain","Revenues","2017-07-15",-27.6195157075591,NA,NA,NA,NA,NA,NA,NA,2017-07-01,1596,"Total revenues accrual",NA,"OK",NA
"ar1","Spain","Revenues","2017-07-27",-27.6195157075591,NA,NA,NA,NA,NA,NA,NA,2017-07-01,1596,"Total revenues accrual",NA,"OK",NA
"ar1","Spain","Revenues","2017-08-01",-27.6195157075591,NA,NA,NA,NA,NA,NA,NA,2017-08-01,1596,"Total revenues accrual",NA,"OK",NA
"ar1","Spain","Revenues","2017-08-02",-27.6195157075591,NA,NA,NA,NA,NA,NA,NA,2017-08-01,1596,"Total revenues accrual",NA,"OK",NA
"ar1","Spain","Revenues","2017-08-05",-27.6195157075591,NA,NA,NA,NA,NA,NA,NA,2017-08-01,1596,"Total revenues accrual",NA,"OK",NA
"ar1","Spain","Revenues","2017-08-15",-27.6195157075591,NA,NA,NA,NA,NA,NA,NA,2017-08-01,1596,"Total revenues accrual",NA,"OK",NA
"ar1","Spain","Revenues","2017-08-27",-27.6195157075591,NA,NA,NA,NA,NA,NA,NA,2017-08-01,1596,"Total revenues accrual",NA,"OK",NA
"ar1","Spain","Revenues","2017-08-31",-27.6195157075591,NA,NA,NA,NA,NA,NA,NA,2017-08-01,1596,"Total revenues accrual",NA,"OK",NA
"ar1","Spain","Revenues","2017-09-01",-27.6195157075591,NA,NA,NA,NA,NA,NA,NA,2017-09-01,1596,"Total revenues accrual",NA,"OK",NA
"ar1","Spain","Revenues","2017-09-05",-27.6195157075591,NA,NA,NA,NA,NA,NA,NA,2017-09-01,1596,"Total revenues accrual",NA,"OK",NA
"ar1","Spain","Revenues","2017-09-15",271.634083667262,NA,NA,NA,NA,NA,NA,NA,2017-09-01,1015,"Total revenues accrual",NA,"OK",NA
"ar1","Spain","Revenues","2017-09-27",271.634083667262,NA,NA,NA,NA,NA,NA,NA,2017-09-01,1015,"Total revenues accrual",NA,"OK",NA
"ar1","Spain","Revenues","2017-09-28",271.634083667262,NA,NA,NA,NA,NA,NA,NA,2017-09-01,1015,"Total revenues accrual",NA,"OK",NA
"ar1","Spain","Revenues","2017-10-01",271.634083667262,NA,NA,NA,NA,NA,NA,NA,2017-10-01,1015,"Total revenues accrual",NA,"OK",NA
"ar1","Spain","Revenues","2017-10-05",271.634083667262,NA,NA,NA,NA,NA,NA,NA,2017-10-01,1015,"Total revenues accrual",NA,"OK",NA
"ar1","Spain","Revenues","2017-10-07",271.634083667262,NA,NA,NA,NA,NA,NA,NA,2017-10-01,1015,"Total revenues accrual",NA,"OK",NA
"ar1","Spain","Revenues","2017-10-15",271.634083667262,NA,NA,NA,NA,NA,NA,NA,2017-10-01,1015,"Total revenues accrual",NA,"OK",NA
"ar1","Spain","Revenues","2017-10-26",271.634083667262,NA,NA,NA,NA,NA,NA,NA,2017-10-01,1015,"Total revenues accrual",NA,"OK",NA
"ar1","Spain","Revenues","2017-10-27",271.634083667262,NA,NA,NA,NA,NA,NA,NA,2017-10-01,1015,"Total revenues accrual",NA,"OK",NA
"ar1","Spain","Revenues","2017-11-01",271.634083667262,NA,NA,NA,NA,NA,NA,NA,2017-11-01,1015,"Total revenues accrual",NA,"OK",NA
"ar1","Spain","Revenues","2017-11-03",271.634083667262,NA,NA,NA,NA,NA,NA,NA,2017-11-01,1015,"Total revenues accrual",NA,"OK",NA
"ar1","Spain","Revenues","2017-11-05",271.634083667262,NA,NA,NA,NA,NA,NA,NA,2017-11-01,1015,"Total revenues accrual",NA,"OK",NA
"ar1","Spain","Revenues","2017-11-15",271.634083667262,NA,NA,NA,NA,NA,NA,NA,2017-11-01,1015,"Total revenues accrual",NA,"OK",NA
"ar1","Spain","Revenues","2017-11-27",271.634083667262,NA,NA,NA,NA,NA,NA,NA,2017-11-01,1015,"Total revenues accrual",NA,"OK",NA
"ar1","Spain","Revenues","2017-11-30",271.634083667262,NA,NA,NA,NA,NA,NA,NA,2017-11-01,1015,"Total revenues accrual",NA,"OK",NA
"ar1","Spain","Revenues","2017-12-01",271.634083667262,NA,NA,NA,NA,NA,NA,NA,2017-12-01,1015,"Total revenues accrual",NA,"OK",NA
"ar1","Spain","Revenues","2017-12-05",271.634083667262,NA,NA,NA,NA,NA,NA,NA,2017-12-01,1015,"Total revenues accrual",NA,"OK",NA
"ar1","Spain","Revenues","2017-12-15",257.573027780228,NA,NA,NA,NA,NA,NA,NA,2017-12-01,1127,"Total revenues accrual",NA,"OK",NA
"ar1","Spain","Revenues","2017-12-27",257.573027780228,NA,NA,NA,NA,NA,NA,NA,2017-12-01,1127,"Total revenues accrual",NA,"OK",NA
"ar1","Spain","Revenues","2017-12-28",257.573027780228,NA,NA,NA,NA,NA,NA,NA,2017-12-01,1127,"Total revenues accrual",NA,"OK",NA
"ar1","Spain","Revenues","2018-01-01",257.573027780228,NA,NA,NA,NA,NA,NA,NA,2018-01-01,1127,"Total revenues accrual",NA,"OK",NA
"ar1","Spain","Revenues","2018-01-05",257.573027780228,NA,NA,NA,NA,NA,NA,NA,2018-01-01,1127,"Total revenues accrual",NA,"OK",NA
"ar1","Spain","Revenues","2018-01-15",257.573027780228,NA,NA,NA,NA,NA,NA,NA,2018-01-01,1127,"Total revenues accrual",NA,"OK",NA
"ar1","Spain","Revenues","2018-01-25",257.573027780228,NA,NA,NA,NA,NA,NA,NA,2018-01-01,1127,"Total revenues accrual",NA,"OK",NA
"ar1","Spain","Revenues","2018-01-27",257.573027780228,NA,NA,NA,NA,NA,NA,NA,2018-01-01,1127,"Total revenues accrual",NA,"OK",NA
"ar1","Spain","Revenues","2018-02-01",257.573027780228,NA,NA,NA,NA,NA,NA,NA,2018-02-01,1127,"Total revenues accrual",NA,"OK",NA
"ar1","Spain","Revenues","2018-02-04",257.573027780228,NA,NA,NA,NA,NA,NA,NA,2018-02-01,1127,"Total revenues accrual",NA,"OK",NA
"ar1","Spain","Revenues","2018-02-05",257.573027780228,NA,NA,NA,NA,NA,NA,NA,2018-02-01,1127,"Total revenues accrual",NA,"OK",NA
"ar1","Spain","Revenues","2018-02-15",257.573027780228,NA,NA,NA,NA,NA,NA,NA,2018-02-01,1127,"Total revenues accrual",NA,"OK",NA
"ar1","Spain","Revenues","2018-02-22",257.573027780228,NA,NA,NA,NA,NA,NA,NA,2018-02-01,1127,"Total revenues accrual",NA,"OK",NA
"ar1","Spain","Revenues","2018-02-27",257.573027780228,NA,NA,NA,NA,NA,NA,NA,2018-02-01,1127,"Total revenues accrual",NA,"OK",NA
"ar1","Spain","Revenues","2018-03-01",257.573027780228,NA,NA,NA,NA,NA,NA,NA,2018-03-01,1127,"Total revenues accrual",NA,"OK",NA
"ar1","Spain","Revenues","2018-03-04",257.573027780228,NA,NA,NA,NA,NA,NA,NA,2018-03-01,1127,"Total revenues accrual",NA,"OK",NA
"ar1","Spain","Revenues","2018-03-05",257.573027780228,NA,NA,NA,NA,NA,NA,NA,2018-03-01,1127,"Total revenues accrual",NA,"OK",NA
"ar1","Spain","Revenues","2018-03-15",-154.21044398972,NA,NA,NA,NA,NA,NA,NA,2018-03-01,2383,"Total revenues accrual",NA,"OK",NA
"ar1","Spain","Revenues","2018-03-27",-154.21044398972,NA,NA,NA,NA,NA,NA,NA,2018-03-01,2383,"Total revenues accrual",NA,"OK",NA
"ar1","Spain","Revenues","2018-03-29",-154.21044398972,NA,NA,NA,NA,NA,NA,NA,2018-03-01,2383,"Total revenues accrual",NA,"OK",NA
"ar1","Spain","Revenues","2018-04-01",-154.21044398972,NA,NA,NA,NA,NA,NA,NA,2018-04-01,2383,"Total revenues accrual",NA,"OK",NA
"ar1","Spain","Revenues","2018-04-05",-154.21044398972,NA,NA,NA,NA,NA,NA,NA,2018-04-01,2383,"Total revenues accrual",NA,"OK",NA
"ar1","Spain","Revenues","2018-04-07",-154.21044398972,NA,NA,NA,NA,NA,NA,NA,2018-04-01,2383,"Total revenues accrual",NA,"OK",NA
"ar1","Spain","Revenues","2018-04-15",-154.21044398972,NA,NA,NA,NA,NA,NA,NA,2018-04-01,2383,"Total revenues accrual",NA,"OK",NA
"ar1","Spain","Revenues","2018-04-26",-154.21044398972,NA,NA,NA,NA,NA,NA,NA,2018-04-01,2383,"Total revenues accrual",NA,"OK",NA
"ar1","Spain","Revenues","2018-04-27",-154.21044398972,NA,NA,NA,NA,NA,NA,NA,2018-04-01,2383,"Total revenues accrual",NA,"OK",NA
"ar1","Spain","Revenues","2018-05-01",-154.21044398972,NA,NA,NA,NA,NA,NA,NA,2018-05-01,2383,"Total revenues accrual",NA,"OK",NA
"ar1","Spain","Revenues","2018-05-02",-154.21044398972,NA,NA,NA,NA,NA,NA,NA,2018-05-01,2383,"Total revenues accrual",NA,"OK",NA
"ar1","Spain","Revenues","2018-05-05",-154.21044398972,NA,NA,NA,NA,NA,NA,NA,2018-05-01,2383,"Total revenues accrual",NA,"OK",NA
"ar1","Spain","Revenues","2018-05-15",-154.21044398972,NA,NA,NA,NA,NA,NA,NA,2018-05-01,2383,"Total revenues accrual",NA,"OK",NA
"ar1","Spain","Revenues","2018-05-27",-154.21044398972,NA,NA,NA,NA,NA,NA,NA,2018-05-01,2383,"Total revenues accrual",NA,"OK",NA
"ar1","Spain","Revenues","2018-05-31",-154.21044398972,NA,NA,NA,NA,NA,NA,NA,2018-05-01,2383,"Total revenues accrual",NA,"OK",NA
"ar1","Spain","Revenues","2018-06-01",-154.21044398972,NA,NA,NA,NA,NA,NA,NA,2018-06-01,2383,"Total revenues accrual",NA,"OK",NA
"ar1","Spain","Revenues","2018-06-05",-154.21044398972,NA,NA,NA,NA,NA,NA,NA,2018-06-01,2383,"Total revenues accrual",NA,"OK",NA
"ar1","Spain","Revenues","2018-06-15",170.849950198106,NA,NA,NA,NA,NA,NA,NA,2018-06-01,1899,"Total revenues accrual",NA,"OK",NA
"ar1","Spain","Revenues","2018-06-27",170.849950198106,NA,NA,NA,NA,NA,NA,NA,2018-06-01,1899,"Total revenues accrual",NA,"OK",NA
"ar1","Spain","Revenues","2018-06-28",170.849950198106,NA,NA,NA,NA,NA,NA,NA,2018-06-01,1899,"Total revenues accrual",NA,"OK",NA
"ar1","Spain","Revenues","2018-07-01",170.849950198106,NA,NA,NA,NA,NA,NA,NA,2018-07-01,1899,"Total revenues accrual",NA,"OK",NA
"ar1","Spain","Revenues","2018-07-05",170.849950198106,NA,NA,NA,NA,NA,NA,NA,2018-07-01,1899,"Total revenues accrual",NA,"OK",NA
"ar1","Spain","Revenues","2018-07-07",170.849950198106,NA,NA,NA,NA,NA,NA,NA,2018-07-01,1899,"Total revenues accrual",NA,"OK",NA
"ar1","Spain","Revenues","2018-07-15",170.849950198106,NA,NA,NA,NA,NA,NA,NA,2018-07-01,1899,"Total revenues accrual",NA,"OK",NA
"ar1","Spain","Revenues","2018-07-26",170.849950198106,NA,NA,NA,NA,NA,NA,NA,2018-07-01,1899,"Total revenues accrual",NA,"OK",NA
"ar1","Spain","Revenues","2018-07-27",170.849950198106,NA,NA,NA,NA,NA,NA,NA,2018-07-01,1899,"Total revenues accrual",NA,"OK",NA
"ar1","Spain","Revenues","2018-08-01",170.849950198106,NA,NA,NA,NA,NA,NA,NA,2018-08-01,1899,"Total revenues accrual",NA,"OK",NA
"ar1","Spain","Revenues","2018-08-03",170.849950198106,NA,NA,NA,NA,NA,NA,NA,2018-08-01,1899,"Total revenues accrual",NA,"OK",NA
"ar1","Spain","Revenues","2018-08-05",170.849950198106,NA,NA,NA,NA,NA,NA,NA,2018-08-01,1899,"Total revenues accrual",NA,"OK",NA
"ar1","Spain","Revenues","2018-08-15",170.849950198106,NA,NA,NA,NA,NA,NA,NA,2018-08-01,1899,"Total revenues accrual",NA,"OK",NA
"ar1","Spain","Revenues","2018-08-27",170.849950198106,NA,NA,NA,NA,NA,NA,NA,2018-08-01,1899,"Total revenues accrual",NA,"OK",NA
"ar1","Spain","Revenues","2018-08-30",170.849950198106,NA,NA,NA,NA,NA,NA,NA,2018-08-01,1899,"Total revenues accrual",NA,"OK",NA
"ar1","Spain","Revenues","2018-09-01",170.849950198106,NA,NA,NA,NA,NA,NA,NA,2018-09-01,1899,"Total revenues accrual",NA,"OK",NA
"ar1","Spain","Revenues","2018-09-05",170.849950198106,NA,NA,NA,NA,NA,NA,NA,2018-09-01,1899,"Total revenues accrual",NA,"OK",NA
"ar1","Spain","Revenues","2018-09-06",170.849950198106,NA,NA,NA,NA,NA,NA,NA,2018-09-01,1899,"Total revenues accrual",NA,"OK",NA
"ar1","Spain","Revenues","2018-09-15",444.877049659583,NA,NA,NA,NA,NA,NA,NA,2018-09-01,1217,"Total revenues accrual",NA,"OK",NA
"ar1","Spain","Revenues","2018-09-27",444.877049659583,NA,NA,NA,NA,NA,NA,NA,2018-09-01,1217,"Total revenues accrual",NA,"OK",NA
"ar1","Spain","Revenues","2018-10-01",444.877049659583,NA,NA,NA,NA,NA,NA,NA,2018-10-01,1217,"Total revenues accrual",NA,"OK",NA
"ar1","Spain","Revenues","2018-10-05",444.877049659583,NA,NA,NA,NA,NA,NA,NA,2018-10-01,1217,"Total revenues accrual",NA,"OK",NA
"ar1","Spain","Revenues","2018-10-15",444.877049659583,NA,NA,NA,NA,NA,NA,NA,2018-10-01,1217,"Total revenues accrual",NA,"OK",NA
"ar1","Spain","Revenues","2018-10-25",444.877049659583,NA,NA,NA,NA,NA,NA,NA,2018-10-01,1217,"Total revenues accrual",NA,"OK",NA
"ar1","Spain","Revenues","2018-10-27",444.877049659583,NA,NA,NA,NA,NA,NA,NA,2018-10-01,1217,"Total revenues accrual",NA,"OK",NA
"ar1","Spain","Revenues","2018-11-01",444.877049659583,NA,NA,NA,NA,NA,NA,NA,2018-11-01,1217,"Total revenues accrual",NA,"OK",NA
"ar1","Spain","Revenues","2018-11-04",444.877049659583,NA,NA,NA,NA,NA,NA,NA,2018-11-01,1217,"Total revenues accrual",NA,"OK",NA
"ar1","Spain","Revenues","2018-11-05",444.877049659583,NA,NA,NA,NA,NA,NA,NA,2018-11-01,1217,"Total revenues accrual",NA,"OK",NA
"ar1","Spain","Revenues","2018-11-15",444.877049659583,NA,NA,NA,NA,NA,NA,NA,2018-11-01,1217,"Total revenues accrual",NA,"OK",NA
"ar1","Spain","Revenues","2018-11-27",444.877049659583,NA,NA,NA,NA,NA,NA,NA,2018-11-01,1217,"Total revenues accrual",NA,"OK",NA
"ar1","Spain","Revenues","2018-11-29",444.877049659583,NA,NA,NA,NA,NA,NA,NA,2018-11-01,1217,"Total revenues accrual",NA,"OK",NA
"ar1","Spain","Revenues","2018-12-01",444.877049659583,NA,NA,NA,NA,NA,NA,NA,2018-12-01,1217,"Total revenues accrual",NA,"OK",NA
"ar1","Spain","Revenues","2018-12-05",444.877049659583,NA,NA,NA,NA,NA,NA,NA,2018-12-01,1217,"Total revenues accrual",NA,"OK",NA
"ar1","Spain","Revenues","2018-12-06",444.877049659583,NA,NA,NA,NA,NA,NA,NA,2018-12-01,1217,"Total revenues accrual",NA,"OK",NA
"ar1","Spain","Revenues","2018-12-15",-140.874765192843,NA,NA,NA,NA,NA,NA,NA,2018-12-01,3575,"Total revenues accrual",NA,"OK",NA
"ar1","Spain","Revenues","2018-12-27",-140.874765192843,NA,NA,NA,NA,NA,NA,NA,2018-12-01,3575,"Total revenues accrual",NA,"OK",NA
"ar1","Spain","Revenues","2019-01-01",-140.874765192843,NA,NA,NA,NA,NA,NA,NA,2019-01-01,3575,"Total revenues accrual",NA,"OK",NA
"ar1","Spain","Revenues","2019-01-02",-140.874765192843,NA,NA,NA,NA,NA,NA,NA,2019-01-01,3575,"Total revenues accrual",NA,"OK",NA
"ar1","Spain","Revenues","2019-01-05",-140.874765192843,NA,NA,NA,NA,NA,NA,NA,2019-01-01,3575,"Total revenues accrual",NA,"OK",NA
"ar1","Spain","Revenues","2019-01-15",-140.874765192843,NA,NA,NA,NA,NA,NA,NA,2019-01-01,3575,"Total revenues accrual",NA,"OK",NA
"ar1","Spain","Revenues","2019-01-27",-140.874765192843,NA,NA,NA,NA,NA,NA,NA,2019-01-01,3575,"Total revenues accrual",NA,"OK",NA
"ar1","Spain","Revenues","2019-01-31",-140.874765192843,NA,NA,NA,NA,NA,NA,NA,2019-01-01,3575,"Total revenues accrual",NA,"OK",NA
"ar1","Spain","Revenues","2019-02-01",-140.874765192843,NA,NA,NA,NA,NA,NA,NA,2019-02-01,3575,"Total revenues accrual",NA,"OK",NA
"ar1","Spain","Revenues","2019-02-05",-140.874765192843,NA,NA,NA,NA,NA,NA,NA,2019-02-01,3575,"Total revenues accrual",NA,"OK",NA
"ar1","Spain","Revenues","2019-02-15",-140.874765192843,NA,NA,NA,NA,NA,NA,NA,2019-02-01,3575,"Total revenues accrual",NA,"OK",NA
"ar1","Spain","Revenues","2019-02-27",-140.874765192843,NA,NA,NA,NA,NA,NA,NA,2019-02-01,3575,"Total revenues accrual",NA,"OK",NA
"ar1","Spain","Revenues","2019-02-28",-140.874765192843,NA,NA,NA,NA,NA,NA,NA,2019-02-01,3575,"Total revenues accrual",NA,"OK",NA
"ar1","Spain","Revenues","2019-03-01",-140.874765192843,NA,NA,NA,NA,NA,NA,NA,2019-03-01,3575,"Total revenues accrual",NA,"OK",NA
"ar1","Spain","Revenues","2019-03-05",-140.874765192843,NA,NA,NA,NA,NA,NA,NA,2019-03-01,3575,"Total revenues accrual",NA,"OK",NA
"ar1","Spain","Revenues","2019-03-15",1018.2531595664,NA,NA,NA,NA,NA,NA,NA,2019-03-01,-362,"Total revenues accrual",NA,"OK",NA
"ar1","Spain","Revenues","2019-03-27",1018.2531595664,NA,NA,NA,NA,NA,NA,NA,2019-03-01,-362,"Total revenues accrual",NA,"OK",NA
"ar1","Spain","Revenues","2019-03-28",1018.2531595664,NA,NA,NA,NA,NA,NA,NA,2019-03-01,-362,"Total revenues accrual",NA,"OK",NA
"ar1","Spain","Revenues","2019-04-01",1018.2531595664,NA,NA,NA,NA,NA,NA,NA,2019-04-01,-362,"Total revenues accrual",NA,"OK",NA
"ar1","Spain","Revenues","2019-04-05",1018.2531595664,NA,NA,NA,NA,NA,NA,NA,2019-04-01,-362,"Total revenues accrual",NA,"OK",NA
"ar1","Spain","Revenues","2019-04-15",1018.2531595664,NA,NA,NA,NA,NA,NA,NA,2019-04-01,-362,"Total revenues accrual",NA,"OK",NA
"ar1","Spain","Revenues","2019-04-25",1018.2531595664,NA,NA,NA,NA,NA,NA,NA,2019-04-01,-362,"Total revenues accrual",NA,"OK",NA
"ar1","Spain","Revenues","2019-04-27",1018.2531595664,NA,NA,NA,NA,NA,NA,NA,2019-04-01,-362,"Total revenues accrual",NA,"OK",NA
"ar1","Spain","Revenues","2019-05-01",1018.2531595664,NA,NA,NA,NA,NA,NA,NA,2019-05-01,-362,"Total revenues accrual",NA,"OK",NA
"ar1","Spain","Revenues","2019-05-03",1018.2531595664,NA,NA,NA,NA,NA,NA,NA,2019-05-01,-362,"Total revenues accrual",NA,"OK",NA
"ar1","Spain","Revenues","2019-05-05",1018.2531595664,NA,NA,NA,NA,NA,NA,NA,2019-05-01,-362,"Total revenues accrual",NA,"OK",NA
"ar1","Spain","Revenues","2019-05-15",1018.2531595664,NA,NA,NA,NA,NA,NA,NA,2019-05-01,-362,"Total revenues accrual",NA,"OK",NA
"ar1","Spain","Revenues","2019-05-27",1018.2531595664,NA,NA,NA,NA,NA,NA,NA,2019-05-01,-362,"Total revenues accrual",NA,"OK",NA
"ar1","Spain","Revenues","2019-05-30",1018.2531595664,NA,NA,NA,NA,NA,NA,NA,2019-05-01,-362,"Total revenues accrual",NA,"OK",NA
"ar1","Spain","Revenues","2019-06-01",1018.2531595664,NA,NA,NA,NA,NA,NA,NA,2019-06-01,-362,"Total revenues accrual",NA,"OK",NA
"ar1","Spain","Revenues","2019-06-05",1018.2531595664,NA,NA,NA,NA,NA,NA,NA,2019-06-01,-362,"Total revenues accrual",NA,"OK",NA
"ar1","Spain","Revenues","2019-06-06",1018.2531595664,NA,NA,NA,NA,NA,NA,NA,2019-06-01,-362,"Total revenues accrual",NA,"OK",NA
"ar1","Spain","Revenues","2019-06-15",725.218511794766,NA,NA,NA,NA,NA,NA,NA,2019-06-01,565,"Total revenues accrual",NA,"OK",NA
"ar1","Spain","Revenues","2019-06-27",725.218511794766,NA,NA,NA,NA,NA,NA,NA,2019-06-01,565,"Total revenues accrual",NA,"OK",NA
"ar1","Spain","Revenues","2019-07-01",725.218511794766,NA,NA,NA,NA,NA,NA,NA,2019-07-01,565,"Total revenues accrual",NA,"OK",NA
"ar1","Spain","Revenues","2019-07-05",725.218511794766,NA,NA,NA,NA,NA,NA,NA,2019-07-01,565,"Total revenues accrual",NA,"OK",NA
"ar1","Spain","Revenues","2019-07-15",725.218511794766,NA,NA,NA,NA,NA,NA,NA,2019-07-01,565,"Total revenues accrual",NA,"OK",NA
"ar1","Spain","Revenues","2019-07-25",725.218511794766,NA,NA,NA,NA,NA,NA,NA,2019-07-01,565,"Total revenues accrual",NA,"OK",NA
"ar1","Spain","Revenues","2019-07-27",725.218511794766,NA,NA,NA,NA,NA,NA,NA,2019-07-01,565,"Total revenues accrual",NA,"OK",NA
"ar1","Spain","Revenues","2019-08-01",725.218511794766,NA,NA,NA,NA,NA,NA,NA,2019-08-01,565,"Total revenues accrual",NA,"OK",NA
"ar1","Spain","Revenues","2019-08-04",725.218511794766,NA,NA,NA,NA,NA,NA,NA,2019-08-01,565,"Total revenues accrual",NA,"OK",NA
"ar1","Spain","Revenues","2019-08-05",725.218511794766,NA,NA,NA,NA,NA,NA,NA,2019-08-01,565,"Total revenues accrual",NA,"OK",NA
"ar1","Spain","Revenues","2019-08-15",725.218511794766,NA,NA,NA,NA,NA,NA,NA,2019-08-01,565,"Total revenues accrual",NA,"OK",NA
"ar1","Spain","Revenues","2019-08-27",725.218511794766,NA,NA,NA,NA,NA,NA,NA,2019-08-01,565,"Total revenues accrual",NA,"OK",NA
"ar1","Spain","Revenues","2019-08-29",725.218511794766,NA,NA,NA,NA,NA,NA,NA,2019-08-01,565,"Total revenues accrual",NA,"OK",NA
"ar1","Spain","Revenues","2019-09-01",725.218511794766,NA,NA,NA,NA,NA,NA,NA,2019-09-01,565,"Total revenues accrual",NA,"OK",NA
"ar1","Spain","Revenues","2019-09-05",725.218511794766,NA,NA,NA,NA,NA,NA,NA,2019-09-01,565,"Total revenues accrual",NA,"OK",NA
"ar1","Spain","Revenues","2019-09-07",725.218511794766,NA,NA,NA,NA,NA,NA,NA,2019-09-01,565,"Total revenues accrual",NA,"OK",NA
"ar1","Spain","Revenues","2019-09-15",687.007301753441,NA,NA,NA,NA,NA,NA,NA,2019-09-01,691,"Total revenues accrual",NA,"OK",NA
"ar1","Spain","Revenues","2019-09-26",687.007301753441,NA,NA,NA,NA,NA,NA,NA,2019-09-01,691,"Total revenues accrual",NA,"OK",NA
"ar1","Spain","Revenues","2019-09-27",687.007301753441,NA,NA,NA,NA,NA,NA,NA,2019-09-01,691,"Total revenues accrual",NA,"OK",NA
"ar1","Spain","Revenues","2019-10-01",687.007301753441,NA,NA,NA,NA,NA,NA,NA,2019-10-01,691,"Total revenues accrual",NA,"OK",NA
"ar1","Spain","Revenues","2019-10-02",687.007301753441,NA,NA,NA,NA,NA,NA,NA,2019-10-01,691,"Total revenues accrual",NA,"OK",NA
"ar1","Spain","Revenues","2019-10-05",687.007301753441,NA,NA,NA,NA,NA,NA,NA,2019-10-01,691,"Total revenues accrual",NA,"OK",NA
"ar1","Spain","Revenues","2019-10-15",687.007301753441,NA,NA,NA,NA,NA,NA,NA,2019-10-01,691,"Total revenues accrual",NA,"OK",NA
"ar1","Spain","Revenues","2019-10-27",687.007301753441,NA,NA,NA,NA,NA,NA,NA,2019-10-01,691,"Total revenues accrual",NA,"OK",NA
"ar1","Spain","Revenues","2019-10-31",687.007301753441,NA,NA,NA,NA,NA,NA,NA,2019-10-01,691,"Total revenues accrual",NA,"OK",NA
"ar1","Spain","Revenues","2019-11-01",687.007301753441,NA,NA,NA,NA,NA,NA,NA,2019-11-01,691,"Total revenues accrual",NA,"OK",NA
"ar1","Spain","Revenues","2019-11-05",687.007301753441,NA,NA,NA,NA,NA,NA,NA,2019-11-01,691,"Total revenues accrual",NA,"OK",NA
"ar1","Spain","Revenues","2019-11-15",687.007301753441,NA,NA,NA,NA,NA,NA,NA,2019-11-01,691,"Total revenues accrual",NA,"OK",NA
"ar1","Spain","Revenues","2019-11-27",687.007301753441,NA,NA,NA,NA,NA,NA,NA,2019-11-01,691,"Total revenues accrual",NA,"OK",NA
"ar1","Spain","Revenues","2019-11-28",687.007301753441,NA,NA,NA,NA,NA,NA,NA,2019-11-01,691,"Total revenues accrual",NA,"OK",NA
"ar1","Spain","Revenues","2019-12-01",687.007301753441,NA,NA,NA,NA,NA,NA,NA,2019-12-01,691,"Total revenues accrual",NA,"OK",NA
"ar1","Spain","Revenues","2019-12-05",687.007301753441,NA,NA,NA,NA,NA,NA,NA,2019-12-01,691,"Total revenues accrual",NA,"OK",NA
"ar1","Spain","Revenues","2019-12-07",687.007301753441,NA,NA,NA,NA,NA,NA,NA,2019-12-01,691,"Total revenues accrual",NA,"OK",NA
"ar1","Spain","Revenues","2019-12-15",1032.62343126257,NA,NA,NA,NA,NA,NA,NA,2019-12-01,-590,"Total revenues accrual",NA,"OK",NA
"ar1","Spain","Revenues","2019-12-26",1032.62343126257,NA,NA,NA,NA,NA,NA,NA,2019-12-01,-590,"Total revenues accrual",NA,"OK",NA
"ar1","Spain","Revenues","2019-12-27",1032.62343126257,NA,NA,NA,NA,NA,NA,NA,2019-12-01,-590,"Total revenues accrual",NA,"OK",NA
"ar1","Spain","Revenues","2020-01-01",1032.62343126257,NA,NA,NA,NA,NA,NA,NA,2020-01-01,-590,"Total revenues accrual",NA,"OK",NA
"ar1","Spain","Revenues","2020-01-03",1032.62343126257,NA,NA,NA,NA,NA,NA,NA,2020-01-01,-590,"Total revenues accrual",NA,"OK",NA
"ar1","Spain","Revenues","2020-01-05",1032.62343126257,NA,NA,NA,NA,NA,NA,NA,2020-01-01,-590,"Total revenues accrual",NA,"OK",NA
"ar1","Spain","Revenues","2020-01-15",1032.62343126257,NA,NA,NA,NA,NA,NA,NA,2020-01-01,-590,"Total revenues accrual",NA,"OK",NA
"ar1","Spain","Revenues","2020-01-27",1032.62343126257,NA,NA,NA,NA,NA,NA,NA,2020-01-01,-590,"Total revenues accrual",NA,"OK",NA
"ar1","Spain","Revenues","2020-01-30",1032.62343126257,NA,NA,NA,NA,NA,NA,NA,2020-01-01,-590,"Total revenues accrual",NA,"OK",NA
"ar1","Spain","Revenues","2020-02-01",1032.62343126257,NA,NA,NA,NA,NA,NA,NA,2020-02-01,-590,"Total revenues accrual",NA,"OK",NA
"ar1","Spain","Revenues","2020-02-05",1032.62343126257,NA,NA,NA,NA,NA,NA,NA,2020-02-01,-590,"Total revenues accrual",NA,"OK",NA
"ar1","Spain","Revenues","2020-02-06",1032.62343126257,NA,NA,NA,NA,NA,NA,NA,2020-02-01,-590,"Total revenues accrual",NA,"OK",NA
"ar1","Spain","Revenues","2020-02-15",1032.62343126257,NA,NA,NA,NA,NA,NA,NA,2020-02-01,-590,"Total revenues accrual",NA,"OK",NA
"ar1","Spain","Revenues","2020-02-27",1032.62343126257,NA,NA,NA,NA,NA,NA,NA,2020-02-01,-590,"Total revenues accrual",NA,"OK",NA
"ar1","Spain","Revenues","2020-03-01",1032.62343126257,NA,NA,NA,NA,NA,NA,NA,2020-03-01,-590,"Total revenues accrual",NA,"OK",NA
"ar1","Spain","Revenues","2020-03-05",1032.62343126257,NA,NA,NA,NA,NA,NA,NA,2020-03-01,-590,"Total revenues accrual",NA,"OK",NA
"ar1","Spain","Revenues","2020-03-07",1032.62343126257,NA,NA,NA,NA,NA,NA,NA,2020-03-01,-590,"Total revenues accrual",NA,"OK",NA
"ar1","Spain","Revenues","2020-03-15",670.774498398692,NA,NA,NA,NA,NA,NA,NA,2020-03-01,593,"Total revenues accrual",NA,"OK",NA
"ar1","Spain","Revenues","2020-03-26",670.774498398692,NA,NA,NA,NA,NA,NA,NA,2020-03-01,593,"Total revenues accrual",NA,"OK",NA
"ar1","Spain","Revenues","2020-03-27",670.774498398692,NA,NA,NA,NA,NA,NA,NA,2020-03-01,593,"Total revenues accrual",NA,"OK",NA
"ar1","Spain","Revenues","2020-04-01",670.774498398692,NA,NA,NA,NA,NA,NA,NA,2020-04-01,593,"Total revenues accrual",NA,"OK",NA
"ar1","Spain","Revenues","2020-04-03",670.774498398692,NA,NA,NA,NA,NA,NA,NA,2020-04-01,593,"Total revenues accrual",NA,"OK",NA
"ar1","Spain","Revenues","2020-04-05",670.774498398692,NA,NA,NA,NA,NA,NA,NA,2020-04-01,593,"Total revenues accrual",NA,"OK",NA
"ar1","Spain","Revenues","2020-04-15",670.774498398692,NA,NA,NA,NA,NA,NA,NA,2020-04-01,593,"Total revenues accrual",NA,"OK",NA
"ar1","Spain","Revenues","2020-04-27",670.774498398692,NA,NA,NA,NA,NA,NA,NA,2020-04-01,593,"Total revenues accrual",NA,"OK",NA
"ar1","Spain","Revenues","2020-04-30",670.774498398692,NA,NA,NA,NA,NA,NA,NA,2020-04-01,593,"Total revenues accrual",NA,"OK",NA
"ar1","Spain","Revenues","2020-05-01",670.774498398692,NA,NA,NA,NA,NA,NA,NA,2020-05-01,593,"Total revenues accrual",NA,"OK",NA
"ar1","Spain","Revenues","2020-05-05",670.774498398692,NA,NA,NA,NA,NA,NA,NA,2020-05-01,593,"Total revenues accrual",NA,"OK",NA
"ar1","Spain","Revenues","2020-05-15",670.774498398692,NA,NA,NA,NA,NA,NA,NA,2020-05-01,593,"Total revenues accrual",NA,"OK",NA
"ar1","Spain","Revenues","2020-05-27",670.774498398692,NA,NA,NA,NA,NA,NA,NA,2020-05-01,593,"Total revenues accrual",NA,"OK",NA
"ar1","Spain","Revenues","2020-05-28",670.774498398692,NA,NA,NA,NA,NA,NA,NA,2020-05-01,593,"Total revenues accrual",NA,"OK",NA
"ar1","Spain","Revenues","2020-06-01",670.774498398692,NA,NA,NA,NA,NA,NA,NA,2020-06-01,593,"Total revenues accrual",NA,"OK",NA
"ar1","Spain","Revenues","2020-06-05",670.774498398692,NA,NA,NA,NA,NA,NA,NA,2020-06-01,593,"Total revenues accrual",NA,"OK",NA
"ar1","Spain","Revenues","2020-06-15",5550.00133386899,NA,NA,NA,NA,NA,NA,NA,2020-06-01,-18801,"Total revenues accrual",NA,"OK",NA
"ar1","Spain","Revenues","2020-06-25",5550.00133386899,NA,NA,NA,NA,NA,NA,NA,2020-06-01,-18801,"Total revenues accrual",NA,"OK",NA
"ar1","Spain","Revenues","2020-06-27",5550.00133386899,NA,NA,NA,NA,NA,NA,NA,2020-06-01,-18801,"Total revenues accrual",NA,"OK",NA
"ar1","Spain","Revenues","2020-07-01",5550.00133386899,NA,NA,NA,NA,NA,NA,NA,2020-07-01,-18801,"Total revenues accrual",NA,"OK",NA
"ar1","Spain","Revenues","2020-07-03",5550.00133386899,NA,NA,NA,NA,NA,NA,NA,2020-07-01,-18801,"Total revenues accrual",NA,"OK",NA
"ar1","Spain","Revenues","2020-07-05",5550.00133386899,NA,NA,NA,NA,NA,NA,NA,2020-07-01,-18801,"Total revenues accrual",NA,"OK",NA
"ar1","Spain","Revenues","2020-07-15",5550.00133386899,NA,NA,NA,NA,NA,NA,NA,2020-07-01,-18801,"Total revenues accrual",NA,"OK",NA
"ar1","Spain","Revenues","2020-07-27",5550.00133386899,NA,NA,NA,NA,NA,NA,NA,2020-07-01,-18801,"Total revenues accrual",NA,"OK",NA
"ar1","Spain","Revenues","2020-07-30",5550.00133386899,NA,NA,NA,NA,NA,NA,NA,2020-07-01,-18801,"Total revenues accrual",NA,"OK",NA
"ar1","Spain","Revenues","2020-08-01",5550.00133386899,NA,NA,NA,NA,NA,NA,NA,2020-08-01,-18801,"Total revenues accrual",NA,"OK",NA
"ar1","Spain","Revenues","2020-08-05",5550.00133386899,NA,NA,NA,NA,NA,NA,NA,2020-08-01,-18801,"Total revenues accrual",NA,"OK",NA
"ar1","Spain","Revenues","2020-08-06",5550.00133386899,NA,NA,NA,NA,NA,NA,NA,2020-08-01,-18801,"Total revenues accrual",NA,"OK",NA
"ar1","Spain","Revenues","2020-08-15",5550.00133386899,NA,NA,NA,NA,NA,NA,NA,2020-08-01,-18801,"Total revenues accrual",NA,"OK",NA
"ar1","Spain","Revenues","2020-08-27",5550.00133386899,NA,NA,NA,NA,NA,NA,NA,2020-08-01,-18801,"Total revenues accrual",NA,"OK",NA
"ar1","Spain","Revenues","2020-09-01",5550.00133386899,NA,NA,NA,NA,NA,NA,NA,2020-09-01,-18801,"Total revenues accrual",NA,"OK",NA
"ar1","Spain","Revenues","2020-09-02",5550.00133386899,NA,NA,NA,NA,NA,NA,NA,2020-09-01,-18801,"Total revenues accrual",NA,"OK",NA
"ar1","Spain","Revenues","2020-09-05",5550.00133386899,NA,NA,NA,NA,NA,NA,NA,2020-09-01,-18801,"Total revenues accrual",NA,"OK",NA
"ar1","Spain","Revenues","2020-09-15",-10148.4120014512,NA,NA,NA,NA,NA,NA,NA,2020-09-01,15532,"Total revenues accrual",NA,"OK",NA
"ar1","Spain","Revenues","2020-09-24",-10148.4120014512,NA,NA,NA,NA,NA,NA,NA,2020-09-01,15532,"Total revenues accrual",NA,"OK",NA
"ar1","Spain","Revenues","2020-09-27",-10148.4120014512,NA,NA,NA,NA,NA,NA,NA,2020-09-01,15532,"Total revenues accrual",NA,"OK",NA
"ar1","Spain","Revenues","2020-10-01",-10148.4120014512,NA,NA,NA,NA,NA,NA,NA,2020-10-01,15532,"Total revenues accrual",NA,"OK",NA
"ar1","Spain","Revenues","2020-10-04",-10148.4120014512,NA,NA,NA,NA,NA,NA,NA,2020-10-01,15532,"Total revenues accrual",NA,"OK",NA
"ar1","Spain","Revenues","2020-10-05",-10148.4120014512,NA,NA,NA,NA,NA,NA,NA,2020-10-01,15532,"Total revenues accrual",NA,"OK",NA
"ar1","Spain","Revenues","2020-10-15",-10148.4120014512,NA,NA,NA,NA,NA,NA,NA,2020-10-01,15532,"Total revenues accrual",NA,"OK",NA
"ar1","Spain","Revenues","2020-10-27",-10148.4120014512,NA,NA,NA,NA,NA,NA,NA,2020-10-01,15532,"Total revenues accrual",NA,"OK",NA
"ar1","Spain","Revenues","2020-10-29",-10148.4120014512,NA,NA,NA,NA,NA,NA,NA,2020-10-01,15532,"Total revenues accrual",NA,"OK",NA
"ar1","Spain","Revenues","2020-11-01",-10148.4120014512,NA,NA,NA,NA,NA,NA,NA,2020-11-01,15532,"Total revenues accrual",NA,"OK",NA
"ar1","Spain","Revenues","2020-11-05",-10148.4120014512,NA,NA,NA,NA,NA,NA,NA,2020-11-01,15532,"Total revenues accrual",NA,"OK",NA
"ar1","Spain","Revenues","2020-11-07",-10148.4120014512,NA,NA,NA,NA,NA,NA,NA,2020-11-01,15532,"Total revenues accrual",NA,"OK",NA
"ar1","Spain","Revenues","2020-11-15",-10148.4120014512,NA,NA,NA,NA,NA,NA,NA,2020-11-01,15532,"Total revenues accrual",NA,"OK",NA
"ar1","Spain","Revenues","2020-11-26",-10148.4120014512,NA,NA,NA,NA,NA,NA,NA,2020-11-01,15532,"Total revenues accrual",NA,"OK",NA
"ar1","Spain","Revenues","2020-11-27",-10148.4120014512,NA,NA,NA,NA,NA,NA,NA,2020-11-01,15532,"Total revenues accrual",NA,"OK",NA
"ar1","Spain","Revenues","2020-12-01",-10148.4120014512,NA,NA,NA,NA,NA,NA,NA,2020-12-01,15532,"Total revenues accrual",NA,"OK",NA
"ar1","Spain","Revenues","2020-12-02",-10148.4120014512,NA,NA,NA,NA,NA,NA,NA,2020-12-01,15532,"Total revenues accrual",NA,"OK",NA
"ar1","Spain","Revenues","2020-12-05",-10148.4120014512,NA,NA,NA,NA,NA,NA,NA,2020-12-01,15532,"Total revenues accrual",NA,"OK",NA
"ar1","Spain","Revenues","2020-12-15",-303.010470017787,NA,NA,NA,NA,NA,NA,NA,2020-12-01,2710,"Total revenues accrual",NA,"OK",NA
"ar1","Spain","Revenues","2020-12-27",-303.010470017787,NA,NA,NA,NA,NA,NA,NA,2020-12-01,2710,"Total revenues accrual",NA,"OK",NA
"ar1","Spain","Revenues","2020-12-31",-303.010470017787,NA,NA,NA,NA,NA,NA,NA,2020-12-01,2710,"Total revenues accrual",NA,"OK",NA
"ar1","Spain","Revenues","2021-01-01",-303.010470017787,NA,NA,NA,NA,NA,NA,NA,2021-01-01,2710,"Total revenues accrual",NA,"OK",NA
"ar1","Spain","Revenues","2021-01-05",-303.010470017787,NA,NA,NA,NA,NA,NA,NA,2021-01-01,2710,"Total revenues accrual",NA,"OK",NA
"ar1","Spain","Revenues","2021-01-15",-303.010470017787,NA,NA,NA,NA,NA,NA,NA,2021-01-01,2710,"Total revenues accrual",NA,"OK",NA
"ar1","Spain","Revenues","2021-01-27",-303.010470017787,NA,NA,NA,NA,NA,NA,NA,2021-01-01,2710,"Total revenues accrual",NA,"OK",NA
"ar1","Spain","Revenues","2021-01-28",-303.010470017787,NA,NA,NA,NA,NA,NA,NA,2021-01-01,2710,"Total revenues accrual",NA,"OK",NA
"ar1","Spain","Revenues","2021-02-01",-303.010470017787,NA,NA,NA,NA,NA,NA,NA,2021-02-01,2710,"Total revenues accrual",NA,"OK",NA
"ar1","Spain","Revenues","2021-02-05",-303.010470017787,NA,NA,NA,NA,NA,NA,NA,2021-02-01,2710,"Total revenues accrual",NA,"OK",NA
"ar1","Spain","Revenues","2021-02-15",-303.010470017787,NA,NA,NA,NA,NA,NA,NA,2021-02-01,2710,"Total revenues accrual",NA,"OK",NA
"ar1","Spain","Revenues","2021-02-25",-303.010470017787,NA,NA,NA,NA,NA,NA,NA,2021-02-01,2710,"Total revenues accrual",NA,"OK",NA
"ar1","Spain","Revenues","2021-02-27",-303.010470017787,NA,NA,NA,NA,NA,NA,NA,2021-02-01,2710,"Total revenues accrual",NA,"OK",NA
"ar1","Spain","Revenues","2021-03-01",-303.010470017787,NA,NA,NA,NA,NA,NA,NA,2021-03-01,2710,"Total revenues accrual",NA,"OK",NA
"ar1","Spain","Revenues","2021-03-05",-303.010470017787,NA,NA,NA,NA,NA,NA,NA,2021-03-01,2710,"Total revenues accrual",NA,"OK",NA
"ar1","Spain","Revenues","2021-03-15",-144.603881247765,NA,NA,NA,NA,NA,NA,NA,2021-03-01,2527,"Total revenues accrual",NA,"OK",NA
"ar1","Spain","Revenues","2021-03-25",-144.603881247765,NA,NA,NA,NA,NA,NA,NA,2021-03-01,2527,"Total revenues accrual",NA,"OK",NA
"ar1","Spain","Revenues","2021-03-27",-144.603881247765,NA,NA,NA,NA,NA,NA,NA,2021-03-01,2527,"Total revenues accrual",NA,"OK",NA
"ar1","Spain","Revenues","2021-04-01",-144.603881247765,NA,NA,NA,NA,NA,NA,NA,2021-04-01,2527,"Total revenues accrual",NA,"OK",NA
"ar1","Spain","Revenues","2021-04-04",-144.603881247765,NA,NA,NA,NA,NA,NA,NA,2021-04-01,2527,"Total revenues accrual",NA,"OK",NA
"ar1","Spain","Revenues","2021-04-05",-144.603881247765,NA,NA,NA,NA,NA,NA,NA,2021-04-01,2527,"Total revenues accrual",NA,"OK",NA
"ar1","Spain","Revenues","2021-04-15",-144.603881247765,NA,NA,NA,NA,NA,NA,NA,2021-04-01,2527,"Total revenues accrual",NA,"OK",NA
"ar1","Spain","Revenues","2021-04-27",-144.603881247765,NA,NA,NA,NA,NA,NA,NA,2021-04-01,2527,"Total revenues accrual",NA,"OK",NA
"ar1","Spain","Revenues","2021-04-29",-144.603881247765,NA,NA,NA,NA,NA,NA,NA,2021-04-01,2527,"Total revenues accrual",NA,"OK",NA
"ar1","Spain","Revenues","2021-05-01",-144.603881247765,NA,NA,NA,NA,NA,NA,NA,2021-05-01,2527,"Total revenues accrual",NA,"OK",NA
"ar1","Spain","Revenues","2021-05-05",-144.603881247765,NA,NA,NA,NA,NA,NA,NA,2021-05-01,2527,"Total revenues accrual",NA,"OK",NA
"ar1","Spain","Revenues","2021-05-06",-144.603881247765,NA,NA,NA,NA,NA,NA,NA,2021-05-01,2527,"Total revenues accrual",NA,"OK",NA
"ar1","Spain","Revenues","2021-05-15",-144.603881247765,NA,NA,NA,NA,NA,NA,NA,2021-05-01,2527,"Total revenues accrual",NA,"OK",NA
"ar1","Spain","Revenues","2021-05-27",-144.603881247765,NA,NA,NA,NA,NA,NA,NA,2021-05-01,2527,"Total revenues accrual",NA,"OK",NA
"ar1","Spain","Revenues","2021-06-01",-144.603881247765,NA,NA,NA,NA,NA,NA,NA,2021-06-01,2527,"Total revenues accrual",NA,"OK",NA
"ar1","Spain","Revenues","2021-06-02",-144.603881247765,NA,NA,NA,NA,NA,NA,NA,2021-06-01,2527,"Total revenues accrual",NA,"OK",NA
"ar1","Spain","Revenues","2021-06-05",-144.603881247765,NA,NA,NA,NA,NA,NA,NA,2021-06-01,2527,"Total revenues accrual",NA,"OK",NA
"ar1","Spain","Revenues","2021-06-15",-41.9112918678527,NA,NA,NA,NA,NA,NA,NA,2021-06-01,2451,"Total revenues accrual",NA,"OK",NA
"ar1","Spain","Revenues","2021-06-24",-41.9112918678527,NA,NA,NA,NA,NA,NA,NA,2021-06-01,2451,"Total revenues accrual",NA,"OK",NA
"ar1","Spain","Revenues","2021-06-27",-41.9112918678527,NA,NA,NA,NA,NA,NA,NA,2021-06-01,2451,"Total revenues accrual",NA,"OK",NA
"ar1","Spain","Revenues","2021-07-01",-41.9112918678527,NA,NA,NA,NA,NA,NA,NA,2021-07-01,2451,"Total revenues accrual",NA,"OK",NA
"ar1","Spain","Revenues","2021-07-04",-41.9112918678527,NA,NA,NA,NA,NA,NA,NA,2021-07-01,2451,"Total revenues accrual",NA,"OK",NA
"ar1","Spain","Revenues","2021-07-05",-41.9112918678527,NA,NA,NA,NA,NA,NA,NA,2021-07-01,2451,"Total revenues accrual",NA,"OK",NA
"ar1","Spain","Revenues","2021-07-15",-41.9112918678527,NA,NA,NA,NA,NA,NA,NA,2021-07-01,2451,"Total revenues accrual",NA,"OK",NA
"ar1","Spain","Revenues","2021-07-27",-41.9112918678527,NA,NA,NA,NA,NA,NA,NA,2021-07-01,2451,"Total revenues accrual",NA,"OK",NA
"ar1","Spain","Revenues","2021-07-29",-41.9112918678527,NA,NA,NA,NA,NA,NA,NA,2021-07-01,2451,"Total revenues accrual",NA,"OK",NA
"ar1","Spain","Revenues","2021-08-01",-41.9112918678527,NA,NA,NA,NA,NA,NA,NA,2021-08-01,2451,"Total revenues accrual",NA,"OK",NA
"ar1","Spain","Revenues","2021-08-05",-41.9112918678527,NA,NA,NA,NA,NA,NA,NA,2021-08-01,2451,"Total revenues accrual",NA,"OK",NA
"ar1","Spain","Revenues","2021-08-07",-41.9112918678527,NA,NA,NA,NA,NA,NA,NA,2021-08-01,2451,"Total revenues accrual",NA,"OK",NA
"ar1","Spain","Revenues","2021-08-15",-41.9112918678527,NA,NA,NA,NA,NA,NA,NA,2021-08-01,2451,"Total revenues accrual",NA,"OK",NA
"ar1","Spain","Revenues","2021-08-26",-41.9112918678527,NA,NA,NA,NA,NA,NA,NA,2021-08-01,2451,"Total revenues accrual",NA,"OK",NA
"ar1","Spain","Revenues","2021-08-27",-41.9112918678527,NA,NA,NA,NA,NA,NA,NA,2021-08-01,2451,"Total revenues accrual",NA,"OK",NA
"ar1","Spain","Revenues","2021-09-01",-41.9112918678527,NA,NA,NA,NA,NA,NA,NA,2021-09-01,2451,"Total revenues accrual",NA,"OK",NA
"ar1","Spain","Revenues","2021-09-03",-41.9112918678527,NA,NA,NA,NA,NA,NA,NA,2021-09-01,2451,"Total revenues accrual",NA,"OK",NA
"ar1","Spain","Revenues","2021-09-05",-41.9112918678527,NA,NA,NA,NA,NA,NA,NA,2021-09-01,2451,"Total revenues accrual",NA,"OK",NA
"ar1","Spain","Revenues","2021-09-15",-2673.88761583272,NA,NA,NA,NA,NA,NA,NA,2021-09-01,10291,"Total revenues accrual",NA,"OK",NA
"ar1","Spain","Revenues","2021-09-27",-2673.88761583272,NA,NA,NA,NA,NA,NA,NA,2021-09-01,10291,"Total revenues accrual",NA,"OK",NA
"ar1","Spain","Revenues","2021-09-30",-2673.88761583272,NA,NA,NA,NA,NA,NA,NA,2021-09-01,10291,"Total revenues accrual",NA,"OK",NA
"ar1","Spain","Revenues","2021-10-01",-2673.88761583272,NA,NA,NA,NA,NA,NA,NA,2021-10-01,10291,"Total revenues accrual",NA,"OK",NA
"ar1","Spain","Revenues","2021-10-05",-2673.88761583272,NA,NA,NA,NA,NA,NA,NA,2021-10-01,10291,"Total revenues accrual",NA,"OK",NA
"ar1","Spain","Revenues","2021-10-15",-2673.88761583272,NA,NA,NA,NA,NA,NA,NA,2021-10-01,10291,"Total revenues accrual",NA,"OK",NA
"ar1","Spain","Revenues","2021-10-27",-2673.88761583272,NA,NA,NA,NA,NA,NA,NA,2021-10-01,10291,"Total revenues accrual",NA,"OK",NA
"ar1","Spain","Revenues","2021-10-28",-2673.88761583272,NA,NA,NA,NA,NA,NA,NA,2021-10-01,10291,"Total revenues accrual",NA,"OK",NA
"ar1","Spain","Revenues","2021-11-01",-2673.88761583272,NA,NA,NA,NA,NA,NA,NA,2021-11-01,10291,"Total revenues accrual",NA,"OK",NA
"ar1","Spain","Revenues","2021-11-05",-2673.88761583272,NA,NA,NA,NA,NA,NA,NA,2021-11-01,10291,"Total revenues accrual",NA,"OK",NA
"ar1","Spain","Revenues","2021-11-15",-2673.88761583272,NA,NA,NA,NA,NA,NA,NA,2021-11-01,10291,"Total revenues accrual",NA,"OK",NA
"ar1","Spain","Revenues","2021-11-25",-2673.88761583272,NA,NA,NA,NA,NA,NA,NA,2021-11-01,10291,"Total revenues accrual",NA,"OK",NA
"ar1","Spain","Revenues","2021-11-27",-2673.88761583272,NA,NA,NA,NA,NA,NA,NA,2021-11-01,10291,"Total revenues accrual",NA,"OK",NA
"ar1","Spain","Revenues","2021-12-01",-2673.88761583272,NA,NA,NA,NA,NA,NA,NA,2021-12-01,10291,"Total revenues accrual",NA,"OK",NA
"ar1","Spain","Revenues","2021-12-03",-2673.88761583272,NA,NA,NA,NA,NA,NA,NA,2021-12-01,10291,"Total revenues accrual",NA,"OK",NA
"ar1","Spain","Revenues","2021-12-05",-2673.88761583272,NA,NA,NA,NA,NA,NA,NA,2021-12-01,10291,"Total revenues accrual",NA,"OK",NA
"ar1","Spain","Revenues","2021-12-15",498.056636777622,NA,NA,NA,NA,NA,NA,NA,2021-12-01,2247,"Total revenues accrual",NA,"OK",NA
"ar1","Spain","Revenues","2021-12-27",498.056636777622,NA,NA,NA,NA,NA,NA,NA,2021-12-01,2247,"Total revenues accrual",NA,"OK",NA
"ar1","Spain","Revenues","2021-12-30",498.056636777622,NA,NA,NA,NA,NA,NA,NA,2021-12-01,2247,"Total revenues accrual",NA,"OK",NA
"ar1","Spain","Revenues","2022-01-01",498.056636777622,NA,NA,NA,NA,NA,NA,NA,2022-01-01,2247,"Total revenues accrual",NA,"OK",NA
"ar1","Spain","Revenues","2022-01-05",498.056636777622,NA,NA,NA,NA,NA,NA,NA,2022-01-01,2247,"Total revenues accrual",NA,"OK",NA
"ar1","Spain","Revenues","2022-01-06",498.056636777622,NA,NA,NA,NA,NA,NA,NA,2022-01-01,2247,"Total revenues accrual",NA,"OK",NA
"ar1","Spain","Revenues","2022-01-15",498.056636777622,NA,NA,NA,NA,NA,NA,NA,2022-01-01,2247,"Total revenues accrual",NA,"OK",NA
"ar1","Spain","Revenues","2022-01-27",498.056636777622,NA,NA,NA,NA,NA,NA,NA,2022-01-01,2247,"Total revenues accrual",NA,"OK",NA
"ar1","Spain","Revenues","2022-02-01",498.056636777622,NA,NA,NA,NA,NA,NA,NA,2022-02-01,2247,"Total revenues accrual",NA,"OK",NA
"ar1","Spain","Revenues","2022-02-02",498.056636777622,NA,NA,NA,NA,NA,NA,NA,2022-02-01,2247,"Total revenues accrual",NA,"OK",NA
"ar1","Spain","Revenues","2022-02-05",498.056636777622,NA,NA,NA,NA,NA,NA,NA,2022-02-01,2247,"Total revenues accrual",NA,"OK",NA
"ar1","Spain","Revenues","2022-02-15",498.056636777622,NA,NA,NA,NA,NA,NA,NA,2022-02-01,2247,"Total revenues accrual",NA,"OK",NA
"ar1","Spain","Revenues","2022-02-24",498.056636777622,NA,NA,NA,NA,NA,NA,NA,2022-02-01,2247,"Total revenues accrual",NA,"OK",NA
"ar1","Spain","Revenues","2022-02-27",498.056636777622,NA,NA,NA,NA,NA,NA,NA,2022-02-01,2247,"Total revenues accrual",NA,"OK",NA
"ar1","Spain","Revenues","2022-03-01",498.056636777622,NA,NA,NA,NA,NA,NA,NA,2022-03-01,2247,"Total revenues accrual",NA,"OK",NA
"ar1","Spain","Revenues","2022-03-02",498.056636777622,NA,NA,NA,NA,NA,NA,NA,2022-03-01,2247,"Total revenues accrual",NA,"OK",NA
"ar1","Spain","Revenues","2022-03-05",498.056636777622,NA,NA,NA,NA,NA,NA,NA,2022-03-01,2247,"Total revenues accrual",NA,"OK",NA
"ar1","Spain","Revenues","2022-03-15",1373.2952419649,NA,NA,NA,NA,NA,NA,NA,2022-03-01,-626,"Total revenues accrual",NA,"OK",NA
"ar1","Spain","Revenues","2022-03-27",1373.2952419649,NA,NA,NA,NA,NA,NA,NA,2022-03-01,-626,"Total revenues accrual",NA,"OK",NA
"ar1","Spain","Revenues","2022-03-31",1373.2952419649,NA,NA,NA,NA,NA,NA,NA,2022-03-01,-626,"Total revenues accrual",NA,"OK",NA
"ar1","Spain","Revenues","2022-04-01",1373.2952419649,NA,NA,NA,NA,NA,NA,NA,2022-04-01,-626,"Total revenues accrual",NA,"OK",NA
"ar1","Spain","Revenues","2022-04-05",1373.2952419649,NA,NA,NA,NA,NA,NA,NA,2022-04-01,-626,"Total revenues accrual",NA,"OK",NA
"ar1","Spain","Revenues","2022-04-15",1373.2952419649,NA,NA,NA,NA,NA,NA,NA,2022-04-01,-626,"Total revenues accrual",NA,"OK",NA
"ar1","Spain","Revenues","2022-04-27",1373.2952419649,NA,NA,NA,NA,NA,NA,NA,2022-04-01,-626,"Total revenues accrual",NA,"OK",NA
"ar1","Spain","Revenues","2022-04-28",1373.2952419649,NA,NA,NA,NA,NA,NA,NA,2022-04-01,-626,"Total revenues accrual",NA,"OK",NA
"ar1","Spain","Revenues","2022-05-01",1373.2952419649,NA,NA,NA,NA,NA,NA,NA,2022-05-01,-626,"Total revenues accrual",NA,"OK",NA
"ar1","Spain","Revenues","2022-05-05",1373.2952419649,NA,NA,NA,NA,NA,NA,NA,2022-05-01,-626,"Total revenues accrual",NA,"OK",NA
"ar1","Spain","Revenues","2022-05-07",1373.2952419649,NA,NA,NA,NA,NA,NA,NA,2022-05-01,-626,"Total revenues accrual",NA,"OK",NA
"ar1","Spain","Revenues","2022-05-15",1373.2952419649,NA,NA,NA,NA,NA,NA,NA,2022-05-01,-626,"Total revenues accrual",NA,"OK",NA
"ar1","Spain","Revenues","2022-05-26",1373.2952419649,NA,NA,NA,NA,NA,NA,NA,2022-05-01,-626,"Total revenues accrual",NA,"OK",NA
"ar1","Spain","Revenues","2022-05-27",1373.2952419649,NA,NA,NA,NA,NA,NA,NA,2022-05-01,-626,"Total revenues accrual",NA,"OK",NA
"ar1","Spain","Revenues","2022-06-01",1373.2952419649,NA,NA,NA,NA,NA,NA,NA,2022-06-01,-626,"Total revenues accrual",NA,"OK",NA
"ar1","Spain","Revenues","2022-06-03",1373.2952419649,NA,NA,NA,NA,NA,NA,NA,2022-06-01,-626,"Total revenues accrual",NA,"OK",NA
"ar1","Spain","Revenues","2022-06-05",1373.2952419649,NA,NA,NA,NA,NA,NA,NA,2022-06-01,-626,"Total revenues accrual",NA,"OK",NA
"ar1","Spain","Revenues","2022-06-15",172.028159391332,NA,NA,NA,NA,NA,NA,NA,2022-06-01,3301,"Total revenues accrual",NA,"OK",NA
"ar1","Spain","Revenues","2022-06-27",172.028159391332,NA,NA,NA,NA,NA,NA,NA,2022-06-01,3301,"Total revenues accrual",NA,"OK",NA
"ar1","Spain","Revenues","2022-06-30",172.028159391332,NA,NA,NA,NA,NA,NA,NA,2022-06-01,3301,"Total revenues accrual",NA,"OK",NA
"ar1","Spain","Revenues","2022-07-01",172.028159391332,NA,NA,NA,NA,NA,NA,NA,2022-07-01,3301,"Total revenues accrual",NA,"OK",NA
"ar1","Spain","Revenues","2022-07-05",172.028159391332,NA,NA,NA,NA,NA,NA,NA,2022-07-01,3301,"Total revenues accrual",NA,"OK",NA
"ar1","Spain","Revenues","2022-07-15",172.028159391332,NA,NA,NA,NA,NA,NA,NA,2022-07-01,3301,"Total revenues accrual",NA,"OK",NA
"ar1","Spain","Revenues","2022-07-27",172.028159391332,NA,NA,NA,NA,NA,NA,NA,2022-07-01,3301,"Total revenues accrual",NA,"OK",NA
"ar1","Spain","Revenues","2022-07-28",172.028159391332,NA,NA,NA,NA,NA,NA,NA,2022-07-01,3301,"Total revenues accrual",NA,"OK",NA
"ar1","Spain","Revenues","2022-08-01",172.028159391332,NA,NA,NA,NA,NA,NA,NA,2022-08-01,3301,"Total revenues accrual",NA,"OK",NA
"ar1","Spain","Revenues","2022-08-05",172.028159391332,NA,NA,NA,NA,NA,NA,NA,2022-08-01,3301,"Total revenues accrual",NA,"OK",NA
"ar1","Spain","Revenues","2022-08-15",172.028159391332,NA,NA,NA,NA,NA,NA,NA,2022-08-01,3301,"Total revenues accrual",NA,"OK",NA
"ar1","Spain","Revenues","2022-08-25",172.028159391332,NA,NA,NA,NA,NA,NA,NA,2022-08-01,3301,"Total revenues accrual",NA,"OK",NA
"ar1","Spain","Revenues","2022-08-27",172.028159391332,NA,NA,NA,NA,NA,NA,NA,2022-08-01,3301,"Total revenues accrual",NA,"OK",NA
"ar1","Spain","Revenues","2022-09-01",172.028159391332,NA,NA,NA,NA,NA,NA,NA,2022-09-01,3301,"Total revenues accrual",NA,"OK",NA
"ar1","Spain","Revenues","2022-09-04",172.028159391332,NA,NA,NA,NA,NA,NA,NA,2022-09-01,3301,"Total revenues accrual",NA,"OK",NA
"ar1","Spain","Revenues","2022-09-05",172.028159391332,NA,NA,NA,NA,NA,NA,NA,2022-09-01,3301,"Total revenues accrual",NA,"OK",NA
"ar1","Spain","Revenues","2022-09-15",127.357970693045,NA,NA,NA,NA,NA,NA,NA,2022-09-01,3769,"Total revenues accrual",NA,"OK",NA
"ar1","Spain","Revenues","2022-09-27",127.357970693045,NA,NA,NA,NA,NA,NA,NA,2022-09-01,3769,"Total revenues accrual",NA,"OK",NA
"ar1","Spain","Revenues","2022-09-29",127.357970693045,NA,NA,NA,NA,NA,NA,NA,2022-09-01,3769,"Total revenues accrual",NA,"OK",NA
"ar1","Spain","Revenues","2022-10-01",127.357970693045,NA,NA,NA,NA,NA,NA,NA,2022-10-01,3769,"Total revenues accrual",NA,"OK",NA
"ar1","Spain","Revenues","2022-10-05",127.357970693045,NA,NA,NA,NA,NA,NA,NA,2022-10-01,3769,"Total revenues accrual",NA,"OK",NA
"ar1","Spain","Revenues","2022-10-06",127.357970693045,NA,NA,NA,NA,NA,NA,NA,2022-10-01,3769,"Total revenues accrual",NA,"OK",NA
"ar1","Spain","Revenues","2022-10-15",127.357970693045,NA,NA,NA,NA,NA,NA,NA,2022-10-01,3769,"Total revenues accrual",NA,"OK",NA
"ar1","Spain","Revenues","2022-10-27",127.357970693045,NA,NA,NA,NA,NA,NA,NA,2022-10-01,3769,"Total revenues accrual",NA,"OK",NA
"ar1","Spain","Revenues","2022-11-01",127.357970693045,NA,NA,NA,NA,NA,NA,NA,2022-11-01,3769,"Total revenues accrual",NA,"OK",NA
"ar1","Spain","Revenues","2022-11-02",127.357970693045,NA,NA,NA,NA,NA,NA,NA,2022-11-01,3769,"Total revenues accrual",NA,"OK",NA
"ar1","Spain","Revenues","2022-11-05",127.357970693045,NA,NA,NA,NA,NA,NA,NA,2022-11-01,3769,"Total revenues accrual",NA,"OK",NA
"ar1","Spain","Revenues","2022-11-15",127.357970693045,NA,NA,NA,NA,NA,NA,NA,2022-11-01,3769,"Total revenues accrual",NA,"OK",NA
"ar1","Spain","Revenues","2022-11-24",127.357970693045,NA,NA,NA,NA,NA,NA,NA,2022-11-01,3769,"Total revenues accrual",NA,"OK",NA
"ar1","Spain","Revenues","2022-11-27",127.357970693045,NA,NA,NA,NA,NA,NA,NA,2022-11-01,3769,"Total revenues accrual",NA,"OK",NA
"ar1","Spain","Revenues","2022-12-01",127.357970693045,NA,NA,NA,NA,NA,NA,NA,2022-12-01,3769,"Total revenues accrual",NA,"OK",NA
"ar1","Spain","Revenues","2022-12-04",127.357970693045,NA,NA,NA,NA,NA,NA,NA,2022-12-01,3769,"Total revenues accrual",NA,"OK",NA
"ar1","Spain","Revenues","2022-12-05",127.357970693045,NA,NA,NA,NA,NA,NA,NA,2022-12-01,3769,"Total revenues accrual",NA,"OK",NA
"ar1","Spain","Revenues","2022-12-15",1179.94141256663,NA,NA,NA,NA,NA,NA,NA,2022-12-01,351,"Total revenues accrual",NA,"OK",NA
"ar1","Spain","Revenues","2022-12-27",1179.94141256663,NA,NA,NA,NA,NA,NA,NA,2022-12-01,351,"Total revenues accrual",NA,"OK",NA
"ar1","Spain","Revenues","2022-12-29",1179.94141256663,NA,NA,NA,NA,NA,NA,NA,2022-12-01,351,"Total revenues accrual",NA,"OK",NA
"ar1","Spain","Revenues","2023-01-01",1179.94141256663,NA,NA,NA,NA,NA,NA,NA,2023-01-01,351,"Total revenues accrual",NA,"OK",NA
"ar1","Spain","Revenues","2023-01-05",1179.94141256663,NA,NA,NA,NA,NA,NA,NA,2023-01-01,351,"Total revenues accrual",NA,"OK",NA
"ar1","Spain","Revenues","2023-01-07",1179.94141256663,NA,NA,NA,NA,NA,NA,NA,2023-01-01,351,"Total revenues accrual",NA,"OK",NA
"ar1","Spain","Revenues","2023-01-15",1179.94141256663,NA,NA,NA,NA,NA,NA,NA,2023-01-01,351,"Total revenues accrual",NA,"OK",NA
"ar1","Spain","Revenues","2023-01-26",1179.94141256663,NA,NA,NA,NA,NA,NA,NA,2023-01-01,351,"Total revenues accrual",NA,"OK",NA
"ar1","Spain","Revenues","2023-01-27",1179.94141256663,NA,NA,NA,NA,NA,NA,NA,2023-01-01,351,"Total revenues accrual",NA,"OK",NA
"ar1","Spain","Revenues","2023-02-01",1179.94141256663,NA,NA,NA,NA,NA,NA,NA,2023-02-01,351,"Total revenues accrual",NA,"OK",NA
"ar1","Spain","Revenues","2023-02-03",1179.94141256663,NA,NA,NA,NA,NA,NA,NA,2023-02-01,351,"Total revenues accrual",NA,"OK",NA
"ar1","Spain","Revenues","2023-02-05",1179.94141256663,NA,NA,NA,NA,NA,NA,NA,2023-02-01,351,"Total revenues accrual",NA,"OK",NA
"ar1","Spain","Revenues","2023-02-15",1179.94141256663,NA,NA,NA,NA,NA,NA,NA,2023-02-01,351,"Total revenues accrual",NA,"OK",NA
"ar1","Spain","Revenues","2023-02-23",1179.94141256663,NA,NA,NA,NA,NA,NA,NA,2023-02-01,351,"Total revenues accrual",NA,"OK",NA
"ar1","Spain","Revenues","2023-02-27",1179.94141256663,NA,NA,NA,NA,NA,NA,NA,2023-02-01,351,"Total revenues accrual",NA,"OK",NA
"ar1","Spain","Revenues","2023-03-01",1179.94141256663,NA,NA,NA,NA,NA,NA,NA,2023-03-01,351,"Total revenues accrual",NA,"OK",NA
"ar1","Spain","Revenues","2023-03-03",1179.94141256663,NA,NA,NA,NA,NA,NA,NA,2023-03-01,351,"Total revenues accrual",NA,"OK",NA
"ar1","Spain","Revenues","2023-03-05",1179.94141256663,NA,NA,NA,NA,NA,NA,NA,2023-03-01,351,"Total revenues accrual",NA,"OK",NA
"ar1","Spain","Revenues","2023-03-15",-931.22712928749,NA,NA,NA,NA,NA,NA,NA,2023-03-01,7552,"Total revenues accrual",NA,"OK",NA
"ar1","Spain","Revenues","2023-03-27",-931.22712928749,NA,NA,NA,NA,NA,NA,NA,2023-03-01,7552,"Total revenues accrual",NA,"OK",NA
"ar1","Spain","Revenues","2023-03-30",-931.22712928749,NA,NA,NA,NA,NA,NA,NA,2023-03-01,7552,"Total revenues accrual",NA,"OK",NA
"ar1","Spain","Revenues","2023-04-01",-931.22712928749,NA,NA,NA,NA,NA,NA,NA,2023-04-01,7552,"Total revenues accrual",NA,"OK",NA
"ar1","Spain","Revenues","2023-04-05",-931.22712928749,NA,NA,NA,NA,NA,NA,NA,2023-04-01,7552,"Total revenues accrual",NA,"OK",NA
"ar1","Spain","Revenues","2023-04-06",-931.22712928749,NA,NA,NA,NA,NA,NA,NA,2023-04-01,7552,"Total revenues accrual",NA,"OK",NA
"ar1","Spain","Revenues","2023-04-15",-931.22712928749,NA,NA,NA,NA,NA,NA,NA,2023-04-01,7552,"Total revenues accrual",NA,"OK",NA
"ar1","Spain","Revenues","2023-04-27",-931.22712928749,NA,NA,NA,NA,NA,NA,NA,2023-04-01,7552,"Total revenues accrual",NA,"OK",NA
"ar1","Spain","Revenues","2023-05-01",-931.22712928749,NA,NA,NA,NA,NA,NA,NA,2023-05-01,7552,"Total revenues accrual",NA,"OK",NA
"ar1","Spain","Revenues","2023-05-05",-931.22712928749,NA,NA,NA,NA,NA,NA,NA,2023-05-01,7552,"Total revenues accrual",NA,"OK",NA
"ar1","Spain","Revenues","2023-05-15",-931.22712928749,NA,NA,NA,NA,NA,NA,NA,2023-05-01,7552,"Total revenues accrual",NA,"OK",NA
"ar1","Spain","Revenues","2023-05-25",-931.22712928749,NA,NA,NA,NA,NA,NA,NA,2023-05-01,7552,"Total revenues accrual",NA,"OK",NA
"ar1","Spain","Revenues","2023-05-27",-931.22712928749,NA,NA,NA,NA,NA,NA,NA,2023-05-01,7552,"Total revenues accrual",NA,"OK",NA
"ar1","Spain","Revenues","2023-06-01",-931.22712928749,NA,NA,NA,NA,NA,NA,NA,2023-06-01,7552,"Total revenues accrual",NA,"OK",NA
"ar1","Spain","Revenues","2023-06-04",-931.22712928749,NA,NA,NA,NA,NA,NA,NA,2023-06-01,7552,"Total revenues accrual",NA,"OK",NA
"ar1","Spain","Revenues","2023-06-05",-931.22712928749,NA,NA,NA,NA,NA,NA,NA,2023-06-01,7552,"Total revenues accrual",NA,"OK",NA
"ar1","Spain","Revenues","2023-06-15",1304.03873263795,NA,NA,NA,NA,NA,NA,NA,2023-06-01,425,"Total revenues accrual",NA,"OK",NA
"ar1","Spain","Revenues","2023-06-27",1304.03873263795,NA,NA,NA,NA,NA,NA,NA,2023-06-01,425,"Total revenues accrual",NA,"OK",NA
"ar1","Spain","Revenues","2023-06-29",1304.03873263795,NA,NA,NA,NA,NA,NA,NA,2023-06-01,425,"Total revenues accrual",NA,"OK",NA
"ar1","Spain","Revenues","2023-07-01",1304.03873263795,NA,NA,NA,NA,NA,NA,NA,2023-07-01,425,"Total revenues accrual",NA,"OK",NA
"ar1","Spain","Revenues","2023-07-05",1304.03873263795,NA,NA,NA,NA,NA,NA,NA,2023-07-01,425,"Total revenues accrual",NA,"OK",NA
"ar1","Spain","Revenues","2023-07-06",1304.03873263795,NA,NA,NA,NA,NA,NA,NA,2023-07-01,425,"Total revenues accrual",NA,"OK",NA
"ar1","Spain","Revenues","2023-07-15",1304.03873263795,NA,NA,NA,NA,NA,NA,NA,2023-07-01,425,"Total revenues accrual",NA,"OK",NA
"ar1","Spain","Revenues","2023-07-27",1304.03873263795,NA,NA,NA,NA,NA,NA,NA,2023-07-01,425,"Total revenues accrual",NA,"OK",NA
"ar1","Spain","Revenues","2023-08-01",1304.03873263795,NA,NA,NA,NA,NA,NA,NA,2023-08-01,425,"Total revenues accrual",NA,"OK",NA
"ar1","Spain","Revenues","2023-08-02",1304.03873263795,NA,NA,NA,NA,NA,NA,NA,2023-08-01,425,"Total revenues accrual",NA,"OK",NA
"ar1","Spain","Revenues","2023-08-05",1304.03873263795,NA,NA,NA,NA,NA,NA,NA,2023-08-01,425,"Total revenues accrual",NA,"OK",NA
"ar1","Spain","Revenues","2023-08-15",1304.03873263795,NA,NA,NA,NA,NA,NA,NA,2023-08-01,425,"Total revenues accrual",NA,"OK",NA
"ar1","Spain","Revenues","2023-08-27",1304.03873263795,NA,NA,NA,NA,NA,NA,NA,2023-08-01,425,"Total revenues accrual",NA,"OK",NA
"ar1","Spain","Revenues","2023-08-31",1304.03873263795,NA,NA,NA,NA,NA,NA,NA,2023-08-01,425,"Total revenues accrual",NA,"OK",NA
"ar1","Spain","Revenues","2023-09-01",1304.03873263795,NA,NA,NA,NA,NA,NA,NA,2023-09-01,425,"Total revenues accrual",NA,"OK",NA
"ar1","Spain","Revenues","2023-09-05",1304.03873263795,NA,NA,NA,NA,NA,NA,NA,2023-09-01,425,"Total revenues accrual",NA,"OK",NA
"ar1","Spain","Revenues","2023-09-15",513.350564954332,NA,NA,NA,NA,NA,NA,NA,2023-09-01,3162,"Total revenues accrual",NA,"OK",NA
"ar1","Spain","Revenues","2023-09-27",513.350564954332,NA,NA,NA,NA,NA,NA,NA,2023-09-01,3162,"Total revenues accrual",NA,"OK",NA
"ar1","Spain","Revenues","2023-09-28",513.350564954332,NA,NA,NA,NA,NA,NA,NA,2023-09-01,3162,"Total revenues accrual",NA,"OK",NA
"ar1","Spain","Revenues","2023-10-01",513.350564954332,NA,NA,NA,NA,NA,NA,NA,2023-10-01,3162,"Total revenues accrual",NA,"OK",NA
"ar1","Spain","Revenues","2023-10-05",513.350564954332,NA,NA,NA,NA,NA,NA,NA,2023-10-01,3162,"Total revenues accrual",NA,"OK",NA
"ar1","Spain","Revenues","2023-10-07",513.350564954332,NA,NA,NA,NA,NA,NA,NA,2023-10-01,3162,"Total revenues accrual",NA,"OK",NA
"ar1","Spain","Revenues","2023-10-15",513.350564954332,NA,NA,NA,NA,NA,NA,NA,2023-10-01,3162,"Total revenues accrual",NA,"OK",NA
"ar1","Spain","Revenues","2023-10-26",513.350564954332,NA,NA,NA,NA,NA,NA,NA,2023-10-01,3162,"Total revenues accrual",NA,"OK",NA
"ar1","Spain","Revenues","2023-10-27",513.350564954332,NA,NA,NA,NA,NA,NA,NA,2023-10-01,3162,"Total revenues accrual",NA,"OK",NA
"ar1","Spain","Revenues","2023-11-01",513.350564954332,NA,NA,NA,NA,NA,NA,NA,2023-11-01,3162,"Total revenues accrual",NA,"OK",NA
"ar1","Spain","Revenues","2023-11-03",513.350564954332,NA,NA,NA,NA,NA,NA,NA,2023-11-01,3162,"Total revenues accrual",NA,"OK",NA
"ar1","Spain","Revenues","2023-11-05",513.350564954332,NA,NA,NA,NA,NA,NA,NA,2023-11-01,3162,"Total revenues accrual",NA,"OK",NA
"ar1","Spain","Revenues","2023-11-15",513.350564954332,NA,NA,NA,NA,NA,NA,NA,2023-11-01,3162,"Total revenues accrual",NA,"OK",NA
"ar1","Spain","Revenues","2023-11-27",513.350564954332,NA,NA,NA,NA,NA,NA,NA,2023-11-01,3162,"Total revenues accrual",NA,"OK",NA
"ar1","Spain","Revenues","2023-11-30",513.350564954332,NA,NA,NA,NA,NA,NA,NA,2023-11-01,3162,"Total revenues accrual",NA,"OK",NA
"ar1","Spain","Revenues","2023-12-01",513.350564954332,NA,NA,NA,NA,NA,NA,NA,2023-12-01,3162,"Total revenues accrual",NA,"OK",NA
"ar1","Spain","Revenues","2023-12-05",513.350564954332,NA,NA,NA,NA,NA,NA,NA,2023-12-01,3162,"Total revenues accrual",NA,"OK",NA
"ar1","Spain","Revenues","2023-12-15",-303.526870820062,NA,NA,NA,NA,NA,NA,NA,2023-12-01,6487,"Total revenues accrual",NA,"OK",NA
"ar1","Spain","Revenues","2023-12-27",-303.526870820062,NA,NA,NA,NA,NA,NA,NA,2023-12-01,6487,"Total revenues accrual",NA,"OK",NA
"ar1","Spain","Revenues","2023-12-28",-303.526870820062,NA,NA,NA,NA,NA,NA,NA,2023-12-01,6487,"Total revenues accrual",NA,"OK",NA
"ar1","Spain","Revenues","2024-01-01",-303.526870820062,NA,NA,NA,NA,NA,NA,NA,2024-01-01,6487,"Total revenues accrual",NA,"OK",NA
"ar1","Spain","Revenues","2024-01-05",-303.526870820062,NA,NA,NA,NA,NA,NA,NA,2024-01-01,6487,"Total revenues accrual",NA,"OK",NA
"ar1","Spain","Revenues","2024-01-15",-303.526870820062,NA,NA,NA,NA,NA,NA,NA,2024-01-01,6487,"Total revenues accrual",NA,"OK",NA
"ar1","Spain","Revenues","2024-01-25",-303.526870820062,NA,NA,NA,NA,NA,NA,NA,2024-01-01,6487,"Total revenues accrual",NA,"OK",NA
"ar1","Spain","Revenues","2024-01-27",-303.526870820062,NA,NA,NA,NA,NA,NA,NA,2024-01-01,6487,"Total revenues accrual",NA,"OK",NA
"ar1","Spain","Revenues","2024-02-01",-303.526870820062,NA,NA,NA,NA,NA,NA,NA,2024-02-01,6487,"Total revenues accrual",NA,"OK",NA
"ar1","Spain","Revenues","2024-02-04",-303.526870820062,NA,NA,NA,NA,NA,NA,NA,2024-02-01,6487,"Total revenues accrual",NA,"OK",NA
"ar1","Spain","Revenues","2024-02-05",-303.526870820062,NA,NA,NA,NA,NA,NA,NA,2024-02-01,6487,"Total revenues accrual",NA,"OK",NA
"ar1","Spain","Revenues","2024-02-15",-303.526870820062,NA,NA,NA,NA,NA,NA,NA,2024-02-01,6487,"Total revenues accrual",NA,"OK",NA
"ar1","Spain","Revenues","2024-02-27",-303.526870820062,NA,NA,NA,NA,NA,NA,NA,2024-02-01,6487,"Total revenues accrual",NA,"OK",NA
"ar1","Spain","Revenues","2024-02-29",-303.526870820062,NA,NA,NA,NA,NA,NA,NA,2024-02-01,6487,"Total revenues accrual",NA,"OK",NA
"ar1","Spain","Revenues","2024-03-01",-303.526870820062,NA,NA,NA,NA,NA,NA,NA,2024-03-01,6487,"Total revenues accrual",NA,"OK",NA
"ar1","Spain","Revenues","2024-03-05",-303.526870820062,NA,NA,NA,NA,NA,NA,NA,2024-03-01,6487,"Total revenues accrual",NA,"OK",NA
"ar1","Spain","Revenues","2024-03-15",1842.68564187565,NA,NA,NA,NA,NA,NA,NA,2024-03-01,-984,"Total revenues accrual",NA,"OK",NA
"ar1","Spain","Revenues","2024-03-27",1842.68564187565,NA,NA,NA,NA,NA,NA,NA,2024-03-01,-984,"Total revenues accrual",NA,"OK",NA
"ar1","Spain","Revenues","2024-03-28",1842.68564187565,NA,NA,NA,NA,NA,NA,NA,2024-03-01,-984,"Total revenues accrual",NA,"OK",NA
"ar1","Spain","Revenues","2024-04-01",1842.68564187565,NA,NA,NA,NA,NA,NA,NA,2024-04-01,-984,"Total revenues accrual",NA,"OK",NA
"ar1","Spain","Revenues","2024-04-05",1842.68564187565,NA,NA,NA,NA,NA,NA,NA,2024-04-01,-984,"Total revenues accrual",NA,"OK",NA
"ar1","Spain","Revenues","2024-04-15",1842.68564187565,NA,NA,NA,NA,NA,NA,NA,2024-04-01,-984,"Total revenues accrual",NA,"OK",NA
"ar1","Spain","Revenues","2024-04-25",1842.68564187565,NA,NA,NA,NA,NA,NA,NA,2024-04-01,-984,"Total revenues accrual",NA,"OK",NA
"ar1","Spain","Revenues","2024-04-27",1842.68564187565,NA,NA,NA,NA,NA,NA,NA,2024-04-01,-984,"Total revenues accrual",NA,"OK",NA
"ar1","Spain","Revenues","2024-05-01",1842.68564187565,NA,NA,NA,NA,NA,NA,NA,2024-05-01,-984,"Total revenues accrual",NA,"OK",NA
"ar1","Spain","Revenues","2024-05-03",1842.68564187565,NA,NA,NA,NA,NA,NA,NA,2024-05-01,-984,"Total revenues accrual",NA,"OK",NA
"ar1","Spain","Revenues","2024-05-05",1842.68564187565,NA,NA,NA,NA,NA,NA,NA,2024-05-01,-984,"Total revenues accrual",NA,"OK",NA
"ar1","Spain","Revenues","2024-05-15",1842.68564187565,NA,NA,NA,NA,NA,NA,NA,2024-05-01,-984,"Total revenues accrual",NA,"OK",NA
"ar1","Spain","Revenues","2024-05-27",1842.68564187565,NA,NA,NA,NA,NA,NA,NA,2024-05-01,-984,"Total revenues accrual",NA,"OK",NA
"ar1","Spain","Revenues","2024-05-30",1842.68564187565,NA,NA,NA,NA,NA,NA,NA,2024-05-01,-984,"Total revenues accrual",NA,"OK",NA
"ar1","Spain","Revenues","2024-06-01",1842.68564187565,NA,NA,NA,NA,NA,NA,NA,2024-06-01,-984,"Total revenues accrual",NA,"OK",NA
"ar1","Spain","Revenues","2024-06-05",1842.68564187565,NA,NA,NA,NA,NA,NA,NA,2024-06-01,-984,"Total revenues accrual",NA,"OK",NA
"ar1","Spain","Revenues","2024-06-06",1842.68564187565,NA,NA,NA,NA,NA,NA,NA,2024-06-01,-984,"Total revenues accrual",NA,"OK",NA
"ar1","Spain","Revenues","2024-06-15",613.865428804708,NA,NA,NA,NA,NA,NA,NA,2024-06-01,3290,"Total revenues accrual",NA,"OK",NA
"ar1","Spain","Revenues","2024-06-27",613.865428804708,NA,NA,NA,NA,NA,NA,NA,2024-06-01,3290,"Total revenues accrual",NA,"OK",NA
"ar1","Spain","Revenues","2024-07-01",613.865428804708,NA,NA,NA,NA,NA,NA,NA,2024-07-01,3290,"Total revenues accrual",NA,"OK",NA
"ar1","Spain","Revenues","2024-07-05",613.865428804708,NA,NA,NA,NA,NA,NA,NA,2024-07-01,3290,"Total revenues accrual",NA,"OK",NA
"ar1","Spain","Revenues","2024-07-15",613.865428804708,NA,NA,NA,NA,NA,NA,NA,2024-07-01,3290,"Total revenues accrual",NA,"OK",NA
"ar1","Spain","Revenues","2024-07-25",613.865428804708,NA,NA,NA,NA,NA,NA,NA,2024-07-01,3290,"Total revenues accrual",NA,"OK",NA
"ar1","Spain","Revenues","2024-07-27",613.865428804708,NA,NA,NA,NA,NA,NA,NA,2024-07-01,3290,"Total revenues accrual",NA,"OK",NA
"ar1","Spain","Revenues","2024-08-01",613.865428804708,NA,NA,NA,NA,NA,NA,NA,2024-08-01,3290,"Total revenues accrual",NA,"OK",NA
"ar1","Spain","Revenues","2024-08-04",613.865428804708,NA,NA,NA,NA,NA,NA,NA,2024-08-01,3290,"Total revenues accrual",NA,"OK",NA
"ar1","Spain","Revenues","2024-08-05",613.865428804708,NA,NA,NA,NA,NA,NA,NA,2024-08-01,3290,"Total revenues accrual",NA,"OK",NA
"ar1","Spain","Revenues","2024-08-15",613.865428804708,NA,NA,NA,NA,NA,NA,NA,2024-08-01,3290,"Total revenues accrual",NA,"OK",NA
"ar1","Spain","Revenues","2024-08-27",613.865428804708,NA,NA,NA,NA,NA,NA,NA,2024-08-01,3290,"Total revenues accrual",NA,"OK",NA
"ar1","Spain","Revenues","2024-08-29",613.865428804708,NA,NA,NA,NA,NA,NA,NA,2024-08-01,3290,"Total revenues accrual",NA,"OK",NA
"ar1","Spain","Revenues","2024-09-01",613.865428804708,NA,NA,NA,NA,NA,NA,NA,2024-09-01,3290,"Total revenues accrual",NA,"OK",NA
"ar1","Spain","Revenues","2024-09-05",613.865428804708,NA,NA,NA,NA,NA,NA,NA,2024-09-01,3290,"Total revenues accrual",NA,"OK",NA
"ar1","Spain","Revenues","2024-09-07",613.865428804708,NA,NA,NA,NA,NA,NA,NA,2024-09-01,3290,"Total revenues accrual",NA,"OK",NA
"ar1","Spain","Revenues","2024-09-15",658.547318696228,NA,NA,NA,NA,NA,NA,NA,2024-09-01,3347,"Total revenues accrual",NA,"OK",NA
"ar1","Spain","Revenues","2024-09-26",658.547318696228,NA,NA,NA,NA,NA,NA,NA,2024-09-01,3347,"Total revenues accrual",NA,"OK",NA
"ar1","Spain","Revenues","2024-09-27",658.547318696228,NA,NA,NA,NA,NA,NA,NA,2024-09-01,3347,"Total revenues accrual",NA,"OK",NA
"ar1","Spain","Revenues","2024-10-01",658.547318696228,NA,NA,NA,NA,NA,NA,NA,2024-10-01,3347,"Total revenues accrual",NA,"OK",NA
"ar1","Spain","Revenues","2024-10-02",658.547318696228,NA,NA,NA,NA,NA,NA,NA,2024-10-01,3347,"Total revenues accrual",NA,"OK",NA
"ar1","Spain","Revenues","2024-10-05",658.547318696228,NA,NA,NA,NA,NA,NA,NA,2024-10-01,3347,"Total revenues accrual",NA,"OK",NA
"ar1","Spain","Revenues","2024-10-15",658.547318696228,NA,NA,NA,NA,NA,NA,NA,2024-10-01,3347,"Total revenues accrual",NA,"OK",NA
"ar1","Spain","Revenues","2024-10-27",658.547318696228,NA,NA,NA,NA,NA,NA,NA,2024-10-01,3347,"Total revenues accrual",NA,"OK",NA
"ar1","Spain","Revenues","2024-10-31",658.547318696228,NA,NA,NA,NA,NA,NA,NA,2024-10-01,3347,"Total revenues accrual",NA,"OK",NA
"ar1","Spain","Revenues","2024-11-01",658.547318696228,NA,NA,NA,NA,NA,NA,NA,2024-11-01,3347,"Total revenues accrual",NA,"OK",NA
"ar1","Spain","Revenues","2024-11-05",658.547318696228,NA,NA,NA,NA,NA,NA,NA,2024-11-01,3347,"Total revenues accrual",NA,"OK",NA
"ar1","Spain","Revenues","2024-11-15",658.547318696228,NA,NA,NA,NA,NA,NA,NA,2024-11-01,3347,"Total revenues accrual",NA,"OK",NA
"ar1","Spain","Revenues","2024-11-27",658.547318696228,NA,NA,NA,NA,NA,NA,NA,2024-11-01,3347,"Total revenues accrual",NA,"OK",NA
"ar1","Spain","Revenues","2024-11-28",658.547318696228,NA,NA,NA,NA,NA,NA,NA,2024-11-01,3347,"Total revenues accrual",NA,"OK",NA
"ar1","Spain","Revenues","2024-12-01",658.547318696228,NA,NA,NA,NA,NA,NA,NA,2024-12-01,3347,"Total revenues accrual",NA,"OK",NA
"ar1","Spain","Revenues","2024-12-05",658.547318696228,NA,NA,NA,NA,NA,NA,NA,2024-12-01,3347,"Total revenues accrual",NA,"OK",NA
"ar1","Spain","Revenues","2024-12-07",658.547318696228,NA,NA,NA,NA,NA,NA,NA,2024-12-01,3347,"Total revenues accrual",NA,"OK",NA
"ar1","Spain","Revenues","2024-12-15",370.381402035297,NA,NA,NA,NA,NA,NA,NA,2024-12-01,4698,"Total revenues accrual",NA,"OK",NA
"ar1","Spain","Revenues","2024-12-26",370.381402035297,NA,NA,NA,NA,NA,NA,NA,2024-12-01,4698,"Total revenues accrual",NA,"OK",NA
"ar1","Spain","Revenues","2024-12-27",370.381402035297,NA,NA,NA,NA,NA,NA,NA,2024-12-01,4698,"Total revenues accrual",NA,"OK",NA
"ar1","Spain","Revenues","2025-01-01",370.381402035297,NA,NA,NA,NA,NA,NA,NA,2025-01-01,4698,"Total revenues accrual",NA,"OK",NA
"ar1","Spain","Revenues","2025-01-03",370.381402035297,NA,NA,NA,NA,NA,NA,NA,2025-01-01,4698,"Total revenues accrual",NA,"OK",NA
"ar1","Spain","Revenues","2025-01-05",370.381402035297,NA,NA,NA,NA,NA,NA,NA,2025-01-01,4698,"Total revenues accrual",NA,"OK",NA
"ar1","Spain","Revenues","2025-01-15",370.381402035297,NA,NA,NA,NA,NA,NA,NA,2025-01-01,4698,"Total revenues accrual",NA,"OK",NA
"ar1","Spain","Revenues","2025-01-27",370.381402035297,NA,NA,NA,NA,NA,NA,NA,2025-01-01,4698,"Total revenues accrual",NA,"OK",NA
"ar1","Spain","Revenues","2025-01-30",370.381402035297,NA,NA,NA,NA,NA,NA,NA,2025-01-01,4698,"Total revenues accrual",NA,"OK",NA
"ar1","Spain","Revenues","2025-02-01",370.381402035297,NA,NA,NA,NA,NA,NA,NA,2025-02-01,4698,"Total revenues accrual",NA,"OK",NA
"ar1","Spain","Revenues","2025-02-05",370.381402035297,NA,NA,NA,NA,NA,NA,NA,2025-02-01,4698,"Total revenues accrual",NA,"OK",NA
"ar1","Spain","Revenues","2025-02-06",370.381402035297,NA,NA,NA,NA,NA,NA,NA,2025-02-01,4698,"Total revenues accrual",NA,"OK",NA
"ar1","Spain","Revenues","2025-02-15",370.381402035297,NA,NA,NA,NA,NA,NA,NA,2025-02-01,4698,"Total revenues accrual",NA,"OK",NA
"ar1","Spain","Revenues","2025-02-27",370.381402035297,NA,NA,NA,NA,NA,NA,NA,2025-02-01,4698,"Total revenues accrual",NA,"OK",NA
"ar1","Spain","Revenues","2025-03-01",370.381402035297,NA,NA,NA,NA,NA,NA,NA,2025-03-01,4698,"Total revenues accrual",NA,"OK",NA
"ar1","Spain","Revenues","2025-03-05",370.381402035297,NA,NA,NA,NA,NA,NA,NA,2025-03-01,4698,"Total revenues accrual",NA,"OK",NA
"ar1","Spain","Revenues","2025-03-06",370.381402035297,NA,NA,NA,NA,NA,NA,NA,2025-03-01,4698,"Total revenues accrual",NA,"OK",NA
"ar1","Spain","Revenues","2025-03-15",2007.92820475977,NA,NA,NA,NA,NA,NA,NA,2025-03-01,-1203,"Total revenues accrual",NA,"OK",NA
"ar1","Spain","Revenues","2025-03-27",2007.92820475977,NA,NA,NA,NA,NA,NA,NA,2025-03-01,-1203,"Total revenues accrual",NA,"OK",NA
"ar1","Spain","Revenues","2025-04-01",2007.92820475977,NA,NA,NA,NA,NA,NA,NA,2025-04-01,-1203,"Total revenues accrual",NA,"OK",NA
"ar1","Spain","Revenues","2025-04-02",2007.92820475977,NA,NA,NA,NA,NA,NA,NA,2025-04-01,-1203,"Total revenues accrual",NA,"OK",NA
"ar1","Spain","Revenues","2025-04-05",2007.92820475977,NA,NA,NA,NA,NA,NA,NA,2025-04-01,-1203,"Total revenues accrual",NA,"OK",NA
"ar1","Spain","Revenues","2025-04-15",2007.92820475977,NA,NA,NA,NA,NA,NA,NA,2025-04-01,-1203,"Total revenues accrual",NA,"OK",NA
"ar1","Spain","Revenues","2025-04-24",2007.92820475977,NA,NA,NA,NA,NA,NA,NA,2025-04-01,-1203,"Total revenues accrual",NA,"OK",NA
"ar1","Spain","Revenues","2025-04-27",2007.92820475977,NA,NA,NA,NA,NA,NA,NA,2025-04-01,-1203,"Total revenues accrual",NA,"OK",NA
"ar1","Spain","Revenues","2025-05-01",2007.92820475977,NA,NA,NA,NA,NA,NA,NA,2025-05-01,-1203,"Total revenues accrual",NA,"OK",NA
"ar1","Spain","Revenues","2025-05-04",2007.92820475977,NA,NA,NA,NA,NA,NA,NA,2025-05-01,-1203,"Total revenues accrual",NA,"OK",NA
"ar1","Spain","Revenues","2025-05-05",2007.92820475977,NA,NA,NA,NA,NA,NA,NA,2025-05-01,-1203,"Total revenues accrual",NA,"OK",NA
"ar1","Spain","Revenues","2025-05-15",2007.92820475977,NA,NA,NA,NA,NA,NA,NA,2025-05-01,-1203,"Total revenues accrual",NA,"OK",NA
"ar1","Spain","Revenues","2025-05-27",2007.92820475977,NA,NA,NA,NA,NA,NA,NA,2025-05-01,-1203,"Total revenues accrual",NA,"OK",NA
"ar1","Spain","Revenues","2025-05-29",2007.92820475977,NA,NA,NA,NA,NA,NA,NA,2025-05-01,-1203,"Total revenues accrual",NA,"OK",NA
"ar1","Spain","Revenues","2025-06-01",2007.92820475977,NA,NA,NA,NA,NA,NA,NA,2025-06-01,-1203,"Total revenues accrual",NA,"OK",NA
"ar1","Spain","Revenues","2025-06-05",2007.92820475977,NA,NA,NA,NA,NA,NA,NA,2025-06-01,-1203,"Total revenues accrual",NA,"OK",NA
"ar1","Spain","Revenues","2025-06-07",2007.92820475977,NA,NA,NA,NA,NA,NA,NA,2025-06-01,-1203,"Total revenues accrual",NA,"OK",NA
"ar1","Spain","Revenues","2025-06-15",328.370622555753,NA,NA,NA,NA,NA,NA,NA,2025-06-01,4751,"Total revenues accrual",NA,"OK",NA
"ar1","Spain","Revenues","2025-06-26",328.370622555753,NA,NA,NA,NA,NA,NA,NA,2025-06-01,4751,"Total revenues accrual",NA,"OK",NA
"ar1","Spain","Revenues","2025-06-27",328.370622555753,NA,NA,NA,NA,NA,NA,NA,2025-06-01,4751,"Total revenues accrual",NA,"OK",NA
"ar1","Spain","Revenues","2025-07-01",328.370622555753,NA,NA,NA,NA,NA,NA,NA,2025-07-01,4751,"Total revenues accrual",NA,"OK",NA
"ar1","Spain","Revenues","2025-07-02",328.370622555753,NA,NA,NA,NA,NA,NA,NA,2025-07-01,4751,"Total revenues accrual",NA,"OK",NA
"ar1","Spain","Revenues","2025-07-05",328.370622555753,NA,NA,NA,NA,NA,NA,NA,2025-07-01,4751,"Total revenues accrual",NA,"OK",NA
"ar1","Spain","Revenues","2025-07-15",328.370622555753,NA,NA,NA,NA,NA,NA,NA,2025-07-01,4751,"Total revenues accrual",NA,"OK",NA
"ar1","Spain","Revenues","2025-07-27",328.370622555753,NA,NA,NA,NA,NA,NA,NA,2025-07-01,4751,"Total revenues accrual",NA,"OK",NA
"ar1","Spain","Revenues","2025-07-31",328.370622555753,NA,NA,NA,NA,NA,NA,NA,2025-07-01,4751,"Total revenues accrual",NA,"OK",NA
"ar1","Spain","Revenues","2025-08-01",328.370622555753,NA,NA,NA,NA,NA,NA,NA,2025-08-01,4751,"Total revenues accrual",NA,"OK",NA
"ar1","Spain","Revenues","2025-08-05",328.370622555753,NA,NA,NA,NA,NA,NA,NA,2025-08-01,4751,"Total revenues accrual",NA,"OK",NA
"ar1","Spain","Revenues","2025-08-15",328.370622555753,NA,NA,NA,NA,NA,NA,NA,2025-08-01,4751,"Total revenues accrual",NA,"OK",NA
"ar1","Spain","Revenues","2025-08-27",328.370622555753,NA,NA,NA,NA,NA,NA,NA,2025-08-01,4751,"Total revenues accrual",NA,"OK",NA
"ar1","Spain","Revenues","2025-08-28",328.370622555753,NA,NA,NA,NA,NA,NA,NA,2025-08-01,4751,"Total revenues accrual",NA,"OK",NA
"ar1","Spain","Revenues","2025-09-01",328.370622555753,NA,NA,NA,NA,NA,NA,NA,2025-09-01,4751,"Total revenues accrual",NA,"OK",NA
"ar1","Spain","Revenues","2025-09-05",328.370622555753,NA,NA,NA,NA,NA,NA,NA,2025-09-01,4751,"Total revenues accrual",NA,"OK",NA
"ar1","Spain","Revenues","2025-09-15",697.691587573019,NA,NA,NA,NA,NA,NA,NA,2025-09-01,3792,"Total revenues accrual",NA,"OK",NA
"ar1","Spain","Revenues","2025-09-25",697.691587573019,NA,NA,NA,NA,NA,NA,NA,2025-09-01,3792,"Total revenues accrual",NA,"OK",NA
"ar1","Spain","Revenues","2025-09-27",697.691587573019,NA,NA,NA,NA,NA,NA,NA,2025-09-01,3792,"Total revenues accrual",NA,"OK",NA
"ar1","Spain","Revenues","2025-10-01",697.691587573019,NA,NA,NA,NA,NA,NA,NA,2025-10-01,3792,"Total revenues accrual",NA,"OK",NA
"ar1","Spain","Revenues","2025-10-03",697.691587573019,NA,NA,NA,NA,NA,NA,NA,2025-10-01,3792,"Total revenues accrual",NA,"OK",NA
"ar1","Spain","Revenues","2025-10-05",697.691587573019,NA,NA,NA,NA,NA,NA,NA,2025-10-01,3792,"Total revenues accrual",NA,"OK",NA
"ar1","Spain","Revenues","2025-10-15",697.691587573019,NA,NA,NA,NA,NA,NA,NA,2025-10-01,3792,"Total revenues accrual",NA,"OK",NA
"ar1","Spain","Revenues","2025-10-27",697.691587573019,NA,NA,NA,NA,NA,NA,NA,2025-10-01,3792,"Total revenues accrual",NA,"OK",NA
"ar1","Spain","Revenues","2025-10-30",697.691587573019,NA,NA,NA,NA,NA,NA,NA,2025-10-01,3792,"Total revenues accrual",NA,"OK",NA
"ar1","Spain","Revenues","2025-11-01",697.691587573019,NA,NA,NA,NA,NA,NA,NA,2025-11-01,3792,"Total revenues accrual",NA,"OK",NA
"ar1","Spain","Revenues","2025-11-05",697.691587573019,NA,NA,NA,NA,NA,NA,NA,2025-11-01,3792,"Total revenues accrual",NA,"OK",NA
"ar1","Spain","Revenues","2025-11-06",697.691587573019,NA,NA,NA,NA,NA,NA,NA,2025-11-01,3792,"Total revenues accrual",NA,"OK",NA
"ar1","Spain","Revenues","2025-11-15",697.691587573019,NA,NA,NA,NA,NA,NA,NA,2025-11-01,3792,"Total revenues accrual",NA,"OK",NA
"ar1","Spain","Revenues","2025-11-27",697.691587573019,NA,NA,NA,NA,NA,NA,NA,2025-11-01,3792,"Total revenues accrual",NA,"OK",NA
"ar1","Spain","Revenues","2025-12-01",697.691587573019,NA,NA,NA,NA,NA,NA,NA,2025-12-01,3792,"Total revenues accrual",NA,"OK",NA
"ar1","Spain","Revenues","2025-12-05",697.691587573019,NA,NA,NA,NA,NA,NA,NA,2025-12-01,3792,"Total revenues accrual",NA,"OK",NA
"ar1","Spain","Revenues","2025-12-15",767.183474592544,NA,NA,NA,NA,NA,NA,NA,2025-12-01,3792,"Total revenues accrual",NA,"OK",NA
"ar1","Spain","Revenues","2025-12-25",767.183474592544,NA,NA,NA,NA,NA,NA,NA,2025-12-01,3792,"Total revenues accrual",NA,"OK",NA
"ar1","Spain","Revenues","2025-12-27",767.183474592544,NA,NA,NA,NA,NA,NA,NA,2025-12-01,3792,"Total revenues accrual",NA,"OK",NA
"ar1","Spain","Revenues","2026-01-05",767.183474592544,NA,NA,NA,NA,NA,NA,NA,2026-01-01,3792,"Total revenues accrual",NA,"OK",NA
"ar1","Spain","Revenues","2026-01-15",767.183474592544,NA,NA,NA,NA,NA,NA,NA,2026-01-01,3792,"Total revenues accrual",NA,"OK",NA
"ar1","Spain","Revenues","2026-02-05",767.183474592544,NA,NA,NA,NA,NA,NA,NA,2026-02-01,3792,"Total revenues accrual",NA,"OK",NA
"ar1","Spain","Revenues","2026-02-15",767.183474592544,NA,NA,NA,NA,NA,NA,NA,2026-02-01,3792,"Total revenues accrual",NA,"OK",NA
"ar1","Spain","Revenues","2026-03-15",767.183474592544,NA,NA,NA,NA,NA,NA,NA,2026-03-01,3792,"Total revenues accrual",NA,"OK",NA
