"model","country","block","publication_date","nowcast_value","nb_factors","lambda","gamma","cv_mse","df","n_selected","n_selected_groups","date_new","last_obs_y","target_name","selected_columns","status","error"
"sg_lasso","Italy","Expenditures","2013-01-01",277.589698061408,NA,0.24901266426495,0.5,1.75868464352108,1,1,1,2013-01-01,842.467064675002,"Total expenditures accrual","Y_lag1","OK",NA
"sg_lasso","Italy","Expenditures","2013-01-02",277.589698061408,NA,0.24901266426495,0.5,1.75868464352108,1,1,1,2013-01-01,842.467064675002,"Total expenditures accrual","Y_lag1","OK",NA
"sg_lasso","Italy","Expenditures","2013-01-15",277.589698061408,NA,0.24901266426495,0.5,1.75868464352108,1,1,1,2013-01-01,842.467064675002,"Total expenditures accrual","Y_lag1","OK",NA
"sg_lasso","Italy","Expenditures","2013-01-27",277.589698061408,NA,0.24901266426495,0.5,1.75868464352108,1,1,1,2013-01-01,842.467064675002,"Total expenditures accrual","Y_lag1","OK",NA
"sg_lasso","Italy","Expenditures","2013-02-01",277.589698061408,NA,0.24901266426495,0.5,1.75868464352108,1,1,1,2013-02-01,842.467064675002,"Total expenditures accrual","Y_lag1","OK",NA
"sg_lasso","Italy","Expenditures","2013-02-05",277.589698061408,NA,0.24901266426495,0.5,1.75868464352108,1,1,1,2013-02-01,842.467064675002,"Total expenditures accrual","Y_lag1","OK",NA
"sg_lasso","Italy","Expenditures","2013-02-15",277.589698061408,NA,0.24901266426495,0.5,1.75868464352108,1,1,1,2013-02-01,842.467064675002,"Total expenditures accrual","Y_lag1","OK",NA
"sg_lasso","Italy","Expenditures","2013-02-27",277.589698061408,NA,0.24901266426495,0.5,1.75868464352108,1,1,1,2013-02-01,842.467064675002,"Total expenditures accrual","Y_lag1","OK",NA
"sg_lasso","Italy","Expenditures","2013-03-01",277.589698061408,NA,0.24901266426495,0.5,1.75868464352108,1,1,1,2013-03-01,842.467064675002,"Total expenditures accrual","Y_lag1","OK",NA
"sg_lasso","Italy","Expenditures","2013-03-05",277.589698061408,NA,0.24901266426495,0.5,1.75868464352108,1,1,1,2013-03-01,842.467064675002,"Total expenditures accrual","Y_lag1","OK",NA
"sg_lasso","Italy","Expenditures","2013-03-15",482.619631392724,NA,0.242085759129649,0.5,2.08472999486676,2,2,2,2013-03-01,385.42545232398,"Total expenditures accrual","Y_lag1; Energy prices_leg0","OK",NA
"sg_lasso","Italy","Expenditures","2013-03-27",481.320889155851,NA,0.240935610956868,0.5,2.37904450675538,2,2,2,2013-03-01,385.42545232398,"Total expenditures accrual","Y_lag1; Energy prices_leg0","OK",NA
"sg_lasso","Italy","Expenditures","2013-04-01",479.312818179938,NA,0.240935610956868,0.5,2.37904450675538,2,2,2,2013-04-01,385.42545232398,"Total expenditures accrual","Y_lag1; Energy prices_leg0","OK",NA
"sg_lasso","Italy","Expenditures","2013-04-15",479.312818179938,NA,0.240935610956868,0.5,2.37904450675538,2,2,2,2013-04-01,385.42545232398,"Total expenditures accrual","Y_lag1; Energy prices_leg0","OK",NA
"sg_lasso","Italy","Expenditures","2013-04-27",470.723029259943,NA,0.240935610956868,0.5,2.37904450675538,2,2,2,2013-04-01,385.42545232398,"Total expenditures accrual","Y_lag1; Energy prices_leg0","OK",NA
"sg_lasso","Italy","Expenditures","2013-05-01",458.109444971243,NA,0.240935610956868,0.5,2.37904450675538,2,2,2,2013-05-01,385.42545232398,"Total expenditures accrual","Y_lag1; Energy prices_leg0","OK",NA
"sg_lasso","Italy","Expenditures","2013-05-03",458.109444971243,NA,0.240935610956868,0.5,2.37904450675538,2,2,2,2013-05-01,385.42545232398,"Total expenditures accrual","Y_lag1; Energy prices_leg0","OK",NA
"sg_lasso","Italy","Expenditures","2013-05-15",458.109444971243,NA,0.240935610956868,0.5,2.37904450675538,2,2,2,2013-05-01,385.42545232398,"Total expenditures accrual","Y_lag1; Energy prices_leg0","OK",NA
"sg_lasso","Italy","Expenditures","2013-05-27",456.620611927283,NA,0.240935610956868,0.5,2.37904450675538,2,2,2,2013-05-01,385.42545232398,"Total expenditures accrual","Y_lag1; Energy prices_leg0","OK",NA
"sg_lasso","Italy","Expenditures","2013-06-01",446.541989963327,NA,0.240935610956868,0.5,2.37904450675538,2,2,2,2013-06-01,385.42545232398,"Total expenditures accrual","Y_lag1; Energy prices_leg0","OK",NA
"sg_lasso","Italy","Expenditures","2013-06-06",446.541989963327,NA,0.240935610956868,0.5,2.37904450675538,2,2,2,2013-06-01,385.42545232398,"Total expenditures accrual","Y_lag1; Energy prices_leg0","OK",NA
"sg_lasso","Italy","Expenditures","2013-06-15",525.314582470314,NA,0.240761137008416,0.5,1.71715063056445,1,1,1,2013-06-01,257.219041075004,"Total expenditures accrual","Y_lag1","OK",NA
"sg_lasso","Italy","Expenditures","2013-06-27",525.314582470314,NA,0.240761137008416,0.5,1.60235613093973,1,1,1,2013-06-01,257.219041075004,"Total expenditures accrual","Y_lag1","OK",NA
"sg_lasso","Italy","Expenditures","2013-07-01",525.314582470314,NA,0.240761137008416,0.5,1.60235613093973,1,1,1,2013-07-01,257.219041075004,"Total expenditures accrual","Y_lag1","OK",NA
"sg_lasso","Italy","Expenditures","2013-07-15",525.314582470314,NA,0.240761137008416,0.5,1.60235613093973,1,1,1,2013-07-01,257.219041075004,"Total expenditures accrual","Y_lag1","OK",NA
"sg_lasso","Italy","Expenditures","2013-07-27",525.314582470314,NA,0.240761137008416,0.5,1.60235613093973,1,1,1,2013-07-01,257.219041075004,"Total expenditures accrual","Y_lag1","OK",NA
"sg_lasso","Italy","Expenditures","2013-08-01",525.314582470314,NA,0.240761137008416,0.5,1.60235613093973,1,1,1,2013-08-01,257.219041075004,"Total expenditures accrual","Y_lag1","OK",NA
"sg_lasso","Italy","Expenditures","2013-08-04",525.314582470314,NA,0.240761137008416,0.5,1.60235613093973,1,1,1,2013-08-01,257.219041075004,"Total expenditures accrual","Y_lag1","OK",NA
"sg_lasso","Italy","Expenditures","2013-08-15",525.314582470314,NA,0.240761137008416,0.5,1.60235613093973,1,1,1,2013-08-01,257.219041075004,"Total expenditures accrual","Y_lag1","OK",NA
"sg_lasso","Italy","Expenditures","2013-08-27",525.314582470314,NA,0.240761137008416,0.5,1.60235613093973,1,1,1,2013-08-01,257.219041075004,"Total expenditures accrual","Y_lag1","OK",NA
"sg_lasso","Italy","Expenditures","2013-09-01",525.314582470314,NA,0.240761137008416,0.5,1.60235613093973,1,1,1,2013-09-01,257.219041075004,"Total expenditures accrual","Y_lag1","OK",NA
"sg_lasso","Italy","Expenditures","2013-09-07",525.314582470314,NA,0.240761137008416,0.5,1.60235613093973,1,1,1,2013-09-01,257.219041075004,"Total expenditures accrual","Y_lag1","OK",NA
"sg_lasso","Italy","Expenditures","2013-09-15",502.108659938513,NA,0.238371478952295,0.5,1.55337262850325,1,1,1,2013-09-01,264.001227703004,"Total expenditures accrual","Y_lag1","OK",NA
"sg_lasso","Italy","Expenditures","2013-09-27",502.108659938513,NA,0.238371478952295,0.5,1.24045676702586,1,1,1,2013-09-01,264.001227703004,"Total expenditures accrual","Y_lag1","OK",NA
"sg_lasso","Italy","Expenditures","2013-10-01",502.108659938513,NA,0.238371478952295,0.5,1.24045676702586,1,1,1,2013-10-01,264.001227703004,"Total expenditures accrual","Y_lag1","OK",NA
"sg_lasso","Italy","Expenditures","2013-10-02",502.108659938513,NA,0.238371478952295,0.5,1.24045676702586,1,1,1,2013-10-01,264.001227703004,"Total expenditures accrual","Y_lag1","OK",NA
"sg_lasso","Italy","Expenditures","2013-10-15",502.108659938513,NA,0.238371478952295,0.5,1.24045676702586,1,1,1,2013-10-01,264.001227703004,"Total expenditures accrual","Y_lag1","OK",NA
"sg_lasso","Italy","Expenditures","2013-10-27",502.108659938513,NA,0.238371478952295,0.5,1.24045676702586,1,1,1,2013-10-01,264.001227703004,"Total expenditures accrual","Y_lag1","OK",NA
"sg_lasso","Italy","Expenditures","2013-11-01",502.108659938513,NA,0.238371478952295,0.5,1.24045676702586,1,1,1,2013-11-01,264.001227703004,"Total expenditures accrual","Y_lag1","OK",NA
"sg_lasso","Italy","Expenditures","2013-11-05",502.108659938513,NA,0.238371478952295,0.5,1.24045676702586,1,1,1,2013-11-01,264.001227703004,"Total expenditures accrual","Y_lag1","OK",NA
"sg_lasso","Italy","Expenditures","2013-11-15",502.108659938513,NA,0.238371478952295,0.5,1.24045676702586,1,1,1,2013-11-01,264.001227703004,"Total expenditures accrual","Y_lag1","OK",NA
"sg_lasso","Italy","Expenditures","2013-11-27",502.108659938513,NA,0.238371478952295,0.5,1.24045676702586,1,1,1,2013-11-01,264.001227703004,"Total expenditures accrual","Y_lag1","OK",NA
"sg_lasso","Italy","Expenditures","2013-12-01",502.108659938513,NA,0.238371478952295,0.5,1.24045676702586,1,1,1,2013-12-01,264.001227703004,"Total expenditures accrual","Y_lag1","OK",NA
"sg_lasso","Italy","Expenditures","2013-12-07",502.108659938513,NA,0.238371478952295,0.5,1.24045676702586,1,1,1,2013-12-01,264.001227703004,"Total expenditures accrual","Y_lag1","OK",NA
"sg_lasso","Italy","Expenditures","2013-12-15",1418.19622388046,NA,0.249366947035474,0.5,1.01634228175788,2,2,2,2013-12-01,-3382.68086822599,"Total expenditures accrual","Y_lag1; Energy prices_leg0","OK",NA
"sg_lasso","Italy","Expenditures","2013-12-27",1619.39097010618,NA,0.244956300830602,0.5,0.996822368720927,3,3,3,2013-12-01,-3382.68086822599,"Total expenditures accrual","Y_lag1; Unemployment rate_leg0; Energy prices_leg0","OK",NA
"sg_lasso","Italy","Expenditures","2014-01-01",1731.49824625892,NA,0.244956300830602,0.5,0.996822368720927,3,3,3,2014-01-01,-3382.68086822599,"Total expenditures accrual","Y_lag1; Unemployment rate_leg0; Energy prices_leg0","OK",NA
"sg_lasso","Italy","Expenditures","2014-01-03",1731.49824625892,NA,0.244956300830602,0.5,0.996822368720927,3,3,3,2014-01-01,-3382.68086822599,"Total expenditures accrual","Y_lag1; Unemployment rate_leg0; Energy prices_leg0","OK",NA
"sg_lasso","Italy","Expenditures","2014-01-15",1731.49824625892,NA,0.244956300830602,0.5,0.996822368720927,3,3,3,2014-01-01,-3382.68086822599,"Total expenditures accrual","Y_lag1; Unemployment rate_leg0; Energy prices_leg0","OK",NA
"sg_lasso","Italy","Expenditures","2014-01-27",1708.53323600005,NA,0.244956300830602,0.5,0.996822368720927,3,3,3,2014-01-01,-3382.68086822599,"Total expenditures accrual","Y_lag1; Unemployment rate_leg0; Energy prices_leg0","OK",NA
"sg_lasso","Italy","Expenditures","2014-02-01",1777.42826677664,NA,0.244956300830602,0.5,0.996822368720927,3,3,3,2014-02-01,-3382.68086822599,"Total expenditures accrual","Y_lag1; Unemployment rate_leg0; Energy prices_leg0","OK",NA
"sg_lasso","Italy","Expenditures","2014-02-06",1777.42826677664,NA,0.244956300830602,0.5,0.996822368720927,3,3,3,2014-02-01,-3382.68086822599,"Total expenditures accrual","Y_lag1; Unemployment rate_leg0; Energy prices_leg0","OK",NA
"sg_lasso","Italy","Expenditures","2014-02-15",1788.29936734292,NA,0.244956300830602,0.5,0.996822368720927,3,3,3,2014-02-01,-3382.68086822599,"Total expenditures accrual","Y_lag1; Unemployment rate_leg0; Energy prices_leg0","OK",NA
"sg_lasso","Italy","Expenditures","2014-02-27",1742.36934682519,NA,0.244956300830602,0.5,0.996822368720927,3,3,3,2014-02-01,-3382.68086822599,"Total expenditures accrual","Y_lag1; Unemployment rate_leg0; Energy prices_leg0","OK",NA
"sg_lasso","Italy","Expenditures","2014-03-01",1684.34541661488,NA,0.244956300830602,0.5,0.996822368720927,3,3,3,2014-03-01,-3382.68086822599,"Total expenditures accrual","Y_lag1; Unemployment rate_leg0; Energy prices_leg0","OK",NA
"sg_lasso","Italy","Expenditures","2014-03-06",1684.34541661488,NA,0.244956300830602,0.5,0.996822368720927,3,3,3,2014-03-01,-3382.68086822599,"Total expenditures accrual","Y_lag1; Unemployment rate_leg0; Energy prices_leg0","OK",NA
"sg_lasso","Italy","Expenditures","2014-03-15",-841.547687063539,NA,0.208765454064726,0.5,0.823400905479766,3,3,3,2014-03-01,2295.486851244,"Total expenditures accrual","Y_lag1; Unemployment rate_leg0; Energy prices_leg0","OK",NA
"sg_lasso","Italy","Expenditures","2014-03-27",-818.966018889824,NA,0.208765454064726,0.5,0.825042314666479,3,3,3,2014-03-01,2295.486851244,"Total expenditures accrual","Y_lag1; Unemployment rate_leg0; Energy prices_leg0","OK",NA
"sg_lasso","Italy","Expenditures","2014-04-01",-879.946715166454,NA,0.208765454064726,0.5,0.825042314666479,3,3,3,2014-04-01,2295.486851244,"Total expenditures accrual","Y_lag1; Unemployment rate_leg0; Energy prices_leg0","OK",NA
"sg_lasso","Italy","Expenditures","2014-04-02",-879.946715166454,NA,0.208765454064726,0.5,0.825042314666479,3,3,3,2014-04-01,2295.486851244,"Total expenditures accrual","Y_lag1; Unemployment rate_leg0; Energy prices_leg0","OK",NA
"sg_lasso","Italy","Expenditures","2014-04-15",-879.946715166454,NA,0.208765454064726,0.5,0.825042314666479,3,3,3,2014-04-01,2295.486851244,"Total expenditures accrual","Y_lag1; Unemployment rate_leg0; Energy prices_leg0","OK",NA
"sg_lasso","Italy","Expenditures","2014-04-27",-993.027302012185,NA,0.208765454064726,0.5,0.825042314666479,3,3,3,2014-04-01,2295.486851244,"Total expenditures accrual","Y_lag1; Unemployment rate_leg0; Energy prices_leg0","OK",NA
"sg_lasso","Italy","Expenditures","2014-05-01",-1235.4146499382,NA,0.208765454064726,0.5,0.825042314666479,3,3,3,2014-05-01,2295.486851244,"Total expenditures accrual","Y_lag1; Unemployment rate_leg0; Energy prices_leg0","OK",NA
"sg_lasso","Italy","Expenditures","2014-05-04",-1235.4146499382,NA,0.208765454064726,0.5,0.825042314666479,3,3,3,2014-05-01,2295.486851244,"Total expenditures accrual","Y_lag1; Unemployment rate_leg0; Energy prices_leg0","OK",NA
"sg_lasso","Italy","Expenditures","2014-05-15",-1203.49809573287,NA,0.208765454064726,0.5,0.825042314666479,3,3,3,2014-05-01,2295.486851244,"Total expenditures accrual","Y_lag1; Unemployment rate_leg0; Energy prices_leg0","OK",NA
"sg_lasso","Italy","Expenditures","2014-05-27",-1068.16495188052,NA,0.208765454064726,0.5,0.825042314666479,3,3,3,2014-05-01,2295.486851244,"Total expenditures accrual","Y_lag1; Unemployment rate_leg0; Energy prices_leg0","OK",NA
"sg_lasso","Italy","Expenditures","2014-06-01",-1013.99584066856,NA,0.208765454064726,0.5,0.825042314666479,3,3,3,2014-06-01,2295.486851244,"Total expenditures accrual","Y_lag1; Unemployment rate_leg0; Energy prices_leg0","OK",NA
"sg_lasso","Italy","Expenditures","2014-06-07",-1013.99584066856,NA,0.208765454064726,0.5,0.825042314666479,3,3,3,2014-06-01,2295.486851244,"Total expenditures accrual","Y_lag1; Unemployment rate_leg0; Energy prices_leg0","OK",NA
"sg_lasso","Italy","Expenditures","2014-06-15",489.249604894698,NA,0.280583228407368,0.5,0.883637197645635,1,1,1,2014-06-01,-204.84255553002,"Total expenditures accrual","Y_lag1","OK",NA
"sg_lasso","Italy","Expenditures","2014-06-27",489.249604894698,NA,0.280583228407368,0.5,0.88349069377578,1,1,1,2014-06-01,-204.84255553002,"Total expenditures accrual","Y_lag1","OK",NA
"sg_lasso","Italy","Expenditures","2014-07-01",489.249604894698,NA,0.280583228407368,0.5,0.88349069377578,1,1,1,2014-07-01,-204.84255553002,"Total expenditures accrual","Y_lag1","OK",NA
"sg_lasso","Italy","Expenditures","2014-07-02",489.249604894698,NA,0.280583228407368,0.5,0.88349069377578,1,1,1,2014-07-01,-204.84255553002,"Total expenditures accrual","Y_lag1","OK",NA
"sg_lasso","Italy","Expenditures","2014-07-15",489.249604894698,NA,0.280583228407368,0.5,0.88349069377578,1,1,1,2014-07-01,-204.84255553002,"Total expenditures accrual","Y_lag1","OK",NA
"sg_lasso","Italy","Expenditures","2014-07-27",489.249604894698,NA,0.280583228407368,0.5,0.88349069377578,1,1,1,2014-07-01,-204.84255553002,"Total expenditures accrual","Y_lag1","OK",NA
"sg_lasso","Italy","Expenditures","2014-08-01",489.249604894698,NA,0.280583228407368,0.5,0.88349069377578,1,1,1,2014-08-01,-204.84255553002,"Total expenditures accrual","Y_lag1","OK",NA
"sg_lasso","Italy","Expenditures","2014-08-05",489.249604894698,NA,0.280583228407368,0.5,0.88349069377578,1,1,1,2014-08-01,-204.84255553002,"Total expenditures accrual","Y_lag1","OK",NA
"sg_lasso","Italy","Expenditures","2014-08-15",489.249604894698,NA,0.280583228407368,0.5,0.88349069377578,1,1,1,2014-08-01,-204.84255553002,"Total expenditures accrual","Y_lag1","OK",NA
"sg_lasso","Italy","Expenditures","2014-08-27",489.249604894698,NA,0.280583228407368,0.5,0.88349069377578,1,1,1,2014-08-01,-204.84255553002,"Total expenditures accrual","Y_lag1","OK",NA
"sg_lasso","Italy","Expenditures","2014-09-01",489.249604894698,NA,0.280583228407368,0.5,0.88349069377578,1,1,1,2014-09-01,-204.84255553002,"Total expenditures accrual","Y_lag1","OK",NA
"sg_lasso","Italy","Expenditures","2014-09-15",-215.108615241821,NA,0.27551430097064,0.5,0.473606034144091,1,1,1,2014-09-01,1519.72253792902,"Total expenditures accrual","Y_lag1","OK",NA
"sg_lasso","Italy","Expenditures","2014-09-27",-215.108615241821,NA,0.302376605190959,0.5,0.473623140930198,1,1,1,2014-09-01,1519.72253792902,"Total expenditures accrual","Y_lag1","OK",NA
"sg_lasso","Italy","Expenditures","2014-10-01",-215.108615241821,NA,0.302376605190959,0.5,0.473623140930198,1,1,1,2014-10-01,1519.72253792902,"Total expenditures accrual","Y_lag1","OK",NA
"sg_lasso","Italy","Expenditures","2014-10-03",-215.108615241821,NA,0.302376605190959,0.5,0.473623140930198,1,1,1,2014-10-01,1519.72253792902,"Total expenditures accrual","Y_lag1","OK",NA
"sg_lasso","Italy","Expenditures","2014-10-15",-215.108615241821,NA,0.302376605190959,0.5,0.473623140930198,1,1,1,2014-10-01,1519.72253792902,"Total expenditures accrual","Y_lag1","OK",NA
"sg_lasso","Italy","Expenditures","2014-10-27",-215.108615241821,NA,0.302376605190959,0.5,0.473623140930198,1,1,1,2014-10-01,1519.72253792902,"Total expenditures accrual","Y_lag1","OK",NA
"sg_lasso","Italy","Expenditures","2014-11-01",-215.108615241821,NA,0.302376605190959,0.5,0.473623140930198,1,1,1,2014-11-01,1519.72253792902,"Total expenditures accrual","Y_lag1","OK",NA
"sg_lasso","Italy","Expenditures","2014-11-06",-215.108615241821,NA,0.302376605190959,0.5,0.473623140930198,1,1,1,2014-11-01,1519.72253792902,"Total expenditures accrual","Y_lag1","OK",NA
"sg_lasso","Italy","Expenditures","2014-11-15",-215.108615241821,NA,0.302376605190959,0.5,0.473623140930198,1,1,1,2014-11-01,1519.72253792902,"Total expenditures accrual","Y_lag1","OK",NA
"sg_lasso","Italy","Expenditures","2014-11-27",-215.108615241821,NA,0.302376605190959,0.5,0.473623140930198,1,1,1,2014-11-01,1519.72253792902,"Total expenditures accrual","Y_lag1","OK",NA
"sg_lasso","Italy","Expenditures","2014-12-01",-215.108615241821,NA,0.302376605190959,0.5,0.473623140930198,1,1,1,2014-12-01,1519.72253792902,"Total expenditures accrual","Y_lag1","OK",NA
"sg_lasso","Italy","Expenditures","2014-12-15",250.407764810125,NA,0.113216258361995,0.5,0.216446760595715,5,5,5,2014-12-01,2085.53374647,"Total expenditures accrual","Y_lag1; 10y yield_leg0; Unemployment rate_leg0; Share of LT unemp_leg0; Geopolitical risk index_leg0","OK",NA
"sg_lasso","Italy","Expenditures","2014-12-27",250.407764810125,NA,0.113216258361995,0.5,0.201125898950148,5,5,5,2014-12-01,2085.53374647,"Total expenditures accrual","Y_lag1; 10y yield_leg0; Unemployment rate_leg0; Share of LT unemp_leg0; Geopolitical risk index_leg0","OK",NA
"sg_lasso","Italy","Expenditures","2015-01-01",335.130658554537,NA,0.113216258361995,0.5,0.201125898950148,5,5,5,2015-01-01,2085.53374647,"Total expenditures accrual","Y_lag1; 10y yield_leg0; Unemployment rate_leg0; Share of LT unemp_leg0; Geopolitical risk index_leg0","OK",NA
"sg_lasso","Italy","Expenditures","2015-01-04",335.130658554537,NA,0.113216258361995,0.5,0.201125898950148,5,5,5,2015-01-01,2085.53374647,"Total expenditures accrual","Y_lag1; 10y yield_leg0; Unemployment rate_leg0; Share of LT unemp_leg0; Geopolitical risk index_leg0","OK",NA
"sg_lasso","Italy","Expenditures","2015-01-15",-895.617948581682,NA,0.113216258361995,0.5,0.201125898950148,5,5,5,2015-01-01,2085.53374647,"Total expenditures accrual","Y_lag1; 10y yield_leg0; Unemployment rate_leg0; Share of LT unemp_leg0; Geopolitical risk index_leg0","OK",NA
"sg_lasso","Italy","Expenditures","2015-01-27",-895.617948581682,NA,0.113216258361995,0.5,0.201125898950148,5,5,5,2015-01-01,2085.53374647,"Total expenditures accrual","Y_lag1; 10y yield_leg0; Unemployment rate_leg0; Share of LT unemp_leg0; Geopolitical risk index_leg0","OK",NA
"sg_lasso","Italy","Expenditures","2015-02-01",-1738.58008925039,NA,0.113216258361995,0.5,0.201125898950148,5,5,5,2015-02-01,2085.53374647,"Total expenditures accrual","Y_lag1; 10y yield_leg0; Unemployment rate_leg0; Share of LT unemp_leg0; Geopolitical risk index_leg0","OK",NA
"sg_lasso","Italy","Expenditures","2015-02-07",-1738.58008925039,NA,0.113216258361995,0.5,0.201125898950148,5,5,5,2015-02-01,2085.53374647,"Total expenditures accrual","Y_lag1; 10y yield_leg0; Unemployment rate_leg0; Share of LT unemp_leg0; Geopolitical risk index_leg0","OK",NA
"sg_lasso","Italy","Expenditures","2015-02-15",-815.518633898226,NA,0.113216258361995,0.5,0.201125898950148,5,5,5,2015-02-01,2085.53374647,"Total expenditures accrual","Y_lag1; 10y yield_leg0; Unemployment rate_leg0; Share of LT unemp_leg0; Geopolitical risk index_leg0","OK",NA
"sg_lasso","Italy","Expenditures","2015-02-27",-815.518633898226,NA,0.113216258361995,0.5,0.201125898950148,5,5,5,2015-02-01,2085.53374647,"Total expenditures accrual","Y_lag1; 10y yield_leg0; Unemployment rate_leg0; Share of LT unemp_leg0; Geopolitical risk index_leg0","OK",NA
"sg_lasso","Italy","Expenditures","2015-03-01",-1199.36803162912,NA,0.113216258361995,0.5,0.201125898950148,5,5,5,2015-03-01,2085.53374647,"Total expenditures accrual","Y_lag1; 10y yield_leg0; Unemployment rate_leg0; Share of LT unemp_leg0; Geopolitical risk index_leg0","OK",NA
"sg_lasso","Italy","Expenditures","2015-03-07",-1199.36803162912,NA,0.113216258361995,0.5,0.201125898950148,5,5,5,2015-03-01,2085.53374647,"Total expenditures accrual","Y_lag1; 10y yield_leg0; Unemployment rate_leg0; Share of LT unemp_leg0; Geopolitical risk index_leg0","OK",NA
"sg_lasso","Italy","Expenditures","2015-03-15",617.205253951898,NA,0.100575715704035,0.5,0.765762105957096,5,5,5,2015-03-01,-2356.89132350101,"Total expenditures accrual","Y_lag1; 10y yield_leg0; Unemployment rate_leg0; Share of LT unemp_leg0; Geopolitical risk index_leg0","OK",NA
"sg_lasso","Italy","Expenditures","2015-03-27",617.205253951898,NA,0.100575715704035,0.5,0.767292692928401,5,5,5,2015-03-01,-2356.89132350101,"Total expenditures accrual","Y_lag1; 10y yield_leg0; Unemployment rate_leg0; Share of LT unemp_leg0; Geopolitical risk index_leg0","OK",NA
"sg_lasso","Italy","Expenditures","2015-04-01",1967.68067132524,NA,0.100575715704035,0.5,0.767292692928401,5,5,5,2015-04-01,-2356.89132350101,"Total expenditures accrual","Y_lag1; 10y yield_leg0; Unemployment rate_leg0; Share of LT unemp_leg0; Geopolitical risk index_leg0","OK",NA
"sg_lasso","Italy","Expenditures","2015-04-03",1967.68067132524,NA,0.100575715704035,0.5,0.767292692928401,5,5,5,2015-04-01,-2356.89132350101,"Total expenditures accrual","Y_lag1; 10y yield_leg0; Unemployment rate_leg0; Share of LT unemp_leg0; Geopolitical risk index_leg0","OK",NA
"sg_lasso","Italy","Expenditures","2015-04-15",2235.93438416013,NA,0.100575715704035,0.5,0.767292692928401,5,5,5,2015-04-01,-2356.89132350101,"Total expenditures accrual","Y_lag1; 10y yield_leg0; Unemployment rate_leg0; Share of LT unemp_leg0; Geopolitical risk index_leg0","OK",NA
"sg_lasso","Italy","Expenditures","2015-04-27",2235.93438416013,NA,0.100575715704035,0.5,0.767292692928401,5,5,5,2015-04-01,-2356.89132350101,"Total expenditures accrual","Y_lag1; 10y yield_leg0; Unemployment rate_leg0; Share of LT unemp_leg0; Geopolitical risk index_leg0","OK",NA
"sg_lasso","Italy","Expenditures","2015-05-01",2197.74201785547,NA,0.100575715704035,0.5,0.767292692928401,5,5,5,2015-05-01,-2356.89132350101,"Total expenditures accrual","Y_lag1; 10y yield_leg0; Unemployment rate_leg0; Share of LT unemp_leg0; Geopolitical risk index_leg0","OK",NA
"sg_lasso","Italy","Expenditures","2015-05-05",2197.74201785547,NA,0.100575715704035,0.5,0.767292692928401,5,5,5,2015-05-01,-2356.89132350101,"Total expenditures accrual","Y_lag1; 10y yield_leg0; Unemployment rate_leg0; Share of LT unemp_leg0; Geopolitical risk index_leg0","OK",NA
"sg_lasso","Italy","Expenditures","2015-05-15",1392.98087935081,NA,0.100575715704035,0.5,0.767292692928401,5,5,5,2015-05-01,-2356.89132350101,"Total expenditures accrual","Y_lag1; 10y yield_leg0; Unemployment rate_leg0; Share of LT unemp_leg0; Geopolitical risk index_leg0","OK",NA
"sg_lasso","Italy","Expenditures","2015-05-27",1392.98087935081,NA,0.100575715704035,0.5,0.767292692928401,5,5,5,2015-05-01,-2356.89132350101,"Total expenditures accrual","Y_lag1; 10y yield_leg0; Unemployment rate_leg0; Share of LT unemp_leg0; Geopolitical risk index_leg0","OK",NA
"sg_lasso","Italy","Expenditures","2015-06-01",861.438757014086,NA,0.100575715704035,0.5,0.767292692928401,5,5,5,2015-06-01,-2356.89132350101,"Total expenditures accrual","Y_lag1; 10y yield_leg0; Unemployment rate_leg0; Share of LT unemp_leg0; Geopolitical risk index_leg0","OK",NA
"sg_lasso","Italy","Expenditures","2015-06-15",-566.957272686314,NA,0.283433506245218,0.5,0.332682026028122,2,2,2,2015-06-01,2309.31024172,"Total expenditures accrual","Y_lag1; Unemployment rate_leg0","OK",NA
"sg_lasso","Italy","Expenditures","2015-06-27",-566.957272686314,NA,0.283433506245218,0.5,0.331985372072396,2,2,2,2015-06-01,2309.31024172,"Total expenditures accrual","Y_lag1; Unemployment rate_leg0","OK",NA
"sg_lasso","Italy","Expenditures","2015-07-01",-566.957272686313,NA,0.283433506245218,0.5,0.331985372072396,2,2,2,2015-07-01,2309.31024172,"Total expenditures accrual","Y_lag1; Unemployment rate_leg0","OK",NA
"sg_lasso","Italy","Expenditures","2015-07-03",-566.957272686313,NA,0.283433506245218,0.5,0.331985372072396,2,2,2,2015-07-01,2309.31024172,"Total expenditures accrual","Y_lag1; Unemployment rate_leg0","OK",NA
"sg_lasso","Italy","Expenditures","2015-07-15",-576.729725050436,NA,0.283433506245218,0.5,0.331985372072396,2,2,2,2015-07-01,2309.31024172,"Total expenditures accrual","Y_lag1; Unemployment rate_leg0","OK",NA
"sg_lasso","Italy","Expenditures","2015-07-27",-576.729725050436,NA,0.283433506245218,0.5,0.331985372072396,2,2,2,2015-07-01,2309.31024172,"Total expenditures accrual","Y_lag1; Unemployment rate_leg0","OK",NA
"sg_lasso","Italy","Expenditures","2015-08-01",-557.184820322191,NA,0.283433506245218,0.5,0.331985372072396,2,2,2,2015-08-01,2309.31024172,"Total expenditures accrual","Y_lag1; Unemployment rate_leg0","OK",NA
"sg_lasso","Italy","Expenditures","2015-08-06",-557.184820322191,NA,0.283433506245218,0.5,0.331985372072396,2,2,2,2015-08-01,2309.31024172,"Total expenditures accrual","Y_lag1; Unemployment rate_leg0","OK",NA
"sg_lasso","Italy","Expenditures","2015-08-15",-591.388403596619,NA,0.283433506245218,0.5,0.331985372072396,2,2,2,2015-08-01,2309.31024172,"Total expenditures accrual","Y_lag1; Unemployment rate_leg0","OK",NA
"sg_lasso","Italy","Expenditures","2015-08-27",-591.388403596619,NA,0.283433506245218,0.5,0.331985372072396,2,2,2,2015-08-01,2309.31024172,"Total expenditures accrual","Y_lag1; Unemployment rate_leg0","OK",NA
"sg_lasso","Italy","Expenditures","2015-09-01",-635.364439235168,NA,0.283433506245218,0.5,0.331985372072396,2,2,2,2015-09-01,2309.31024172,"Total expenditures accrual","Y_lag1; Unemployment rate_leg0","OK",NA
"sg_lasso","Italy","Expenditures","2015-09-02",-635.364439235168,NA,0.283433506245218,0.5,0.331985372072396,2,2,2,2015-09-01,2309.31024172,"Total expenditures accrual","Y_lag1; Unemployment rate_leg0","OK",NA
"sg_lasso","Italy","Expenditures","2015-09-15",1316.13634108948,NA,0.29988152625706,0.5,0.33426939077765,2,2,2,2015-09-01,-1735.527743377,"Total expenditures accrual","Y_lag1; Unemployment rate_leg0","OK",NA
"sg_lasso","Italy","Expenditures","2015-09-27",1316.13634108948,NA,0.29988152625706,0.5,0.33426939077765,2,2,2,2015-09-01,-1735.527743377,"Total expenditures accrual","Y_lag1; Unemployment rate_leg0","OK",NA
"sg_lasso","Italy","Expenditures","2015-10-01",1314.43130083411,NA,0.29988152625706,0.5,0.33426939077765,2,2,2,2015-10-01,-1735.527743377,"Total expenditures accrual","Y_lag1; Unemployment rate_leg0","OK",NA
"sg_lasso","Italy","Expenditures","2015-10-04",1314.43130083411,NA,0.29988152625706,0.5,0.33426939077765,2,2,2,2015-10-01,-1735.527743377,"Total expenditures accrual","Y_lag1; Unemployment rate_leg0","OK",NA
"sg_lasso","Italy","Expenditures","2015-10-15",1316.13634108948,NA,0.29988152625706,0.5,0.33426939077765,2,2,2,2015-10-01,-1735.527743377,"Total expenditures accrual","Y_lag1; Unemployment rate_leg0","OK",NA
"sg_lasso","Italy","Expenditures","2015-10-27",1316.13634108948,NA,0.29988152625706,0.5,0.33426939077765,2,2,2,2015-10-01,-1735.527743377,"Total expenditures accrual","Y_lag1; Unemployment rate_leg0","OK",NA
"sg_lasso","Italy","Expenditures","2015-11-01",1328.07162287704,NA,0.29988152625706,0.5,0.33426939077765,2,2,2,2015-11-01,-1735.527743377,"Total expenditures accrual","Y_lag1; Unemployment rate_leg0","OK",NA
"sg_lasso","Italy","Expenditures","2015-11-07",1328.07162287704,NA,0.29988152625706,0.5,0.33426939077765,2,2,2,2015-11-01,-1735.527743377,"Total expenditures accrual","Y_lag1; Unemployment rate_leg0","OK",NA
"sg_lasso","Italy","Expenditures","2015-11-15",1331.48170338778,NA,0.29988152625706,0.5,0.33426939077765,2,2,2,2015-11-01,-1735.527743377,"Total expenditures accrual","Y_lag1; Unemployment rate_leg0","OK",NA
"sg_lasso","Italy","Expenditures","2015-11-27",1331.48170338778,NA,0.29988152625706,0.5,0.33426939077765,2,2,2,2015-11-01,-1735.527743377,"Total expenditures accrual","Y_lag1; Unemployment rate_leg0","OK",NA
"sg_lasso","Italy","Expenditures","2015-12-01",1336.59682415388,NA,0.29988152625706,0.5,0.33426939077765,2,2,2,2015-12-01,-1735.527743377,"Total expenditures accrual","Y_lag1; Unemployment rate_leg0","OK",NA
"sg_lasso","Italy","Expenditures","2015-12-02",1336.59682415388,NA,0.29988152625706,0.5,0.33426939077765,2,2,2,2015-12-01,-1735.527743377,"Total expenditures accrual","Y_lag1; Unemployment rate_leg0","OK",NA
"sg_lasso","Italy","Expenditures","2015-12-15",-1140.28731095024,NA,0.0895499595206194,0.5,0.285291288402388,5,5,5,2015-12-01,3169.45015404301,"Total expenditures accrual","Y_lag1; 10y yield_leg0; Unemployment rate_leg0; Share of LT unemp_leg0; Geopolitical risk index_leg0","OK",NA
"sg_lasso","Italy","Expenditures","2015-12-27",-1139.55788991543,NA,0.0815945879268381,0.5,0.288847372839327,5,5,5,2015-12-01,3169.45015404301,"Total expenditures accrual","Y_lag1; 10y yield_leg0; Unemployment rate_leg0; Share of LT unemp_leg0; Geopolitical risk index_leg0","OK",NA
"sg_lasso","Italy","Expenditures","2016-01-01",-1782.95956366277,NA,0.0815945879268381,0.5,0.288847372839327,5,5,5,2016-01-01,3169.45015404301,"Total expenditures accrual","Y_lag1; 10y yield_leg0; Unemployment rate_leg0; Share of LT unemp_leg0; Geopolitical risk index_leg0","OK",NA
"sg_lasso","Italy","Expenditures","2016-01-05",-1782.95956366277,NA,0.0815945879268381,0.5,0.288847372839327,5,5,5,2016-01-01,3169.45015404301,"Total expenditures accrual","Y_lag1; 10y yield_leg0; Unemployment rate_leg0; Share of LT unemp_leg0; Geopolitical risk index_leg0","OK",NA
"sg_lasso","Italy","Expenditures","2016-01-15",-1105.09233211691,NA,0.0815945879268381,0.5,0.288847372839327,5,5,5,2016-01-01,3169.45015404301,"Total expenditures accrual","Y_lag1; 10y yield_leg0; Unemployment rate_leg0; Share of LT unemp_leg0; Geopolitical risk index_leg0","OK",NA
"sg_lasso","Italy","Expenditures","2016-01-27",-1105.09233211691,NA,0.0815945879268381,0.5,0.288847372839327,5,5,5,2016-01-01,3169.45015404301,"Total expenditures accrual","Y_lag1; 10y yield_leg0; Unemployment rate_leg0; Share of LT unemp_leg0; Geopolitical risk index_leg0","OK",NA
"sg_lasso","Italy","Expenditures","2016-02-01",-1613.0512552611,NA,0.0815945879268381,0.5,0.288847372839327,5,5,5,2016-02-01,3169.45015404301,"Total expenditures accrual","Y_lag1; 10y yield_leg0; Unemployment rate_leg0; Share of LT unemp_leg0; Geopolitical risk index_leg0","OK",NA
"sg_lasso","Italy","Expenditures","2016-02-15",-2019.77159418861,NA,0.0815945879268381,0.5,0.288847372839327,5,5,5,2016-02-01,3169.45015404301,"Total expenditures accrual","Y_lag1; 10y yield_leg0; Unemployment rate_leg0; Share of LT unemp_leg0; Geopolitical risk index_leg0","OK",NA
"sg_lasso","Italy","Expenditures","2016-02-27",-2019.77159418861,NA,0.0815945879268381,0.5,0.288847372839327,5,5,5,2016-02-01,3169.45015404301,"Total expenditures accrual","Y_lag1; 10y yield_leg0; Unemployment rate_leg0; Share of LT unemp_leg0; Geopolitical risk index_leg0","OK",NA
"sg_lasso","Italy","Expenditures","2016-03-01",-1783.81491191535,NA,0.0815945879268381,0.5,0.288847372839327,5,5,5,2016-03-01,3169.45015404301,"Total expenditures accrual","Y_lag1; 10y yield_leg0; Unemployment rate_leg0; Share of LT unemp_leg0; Geopolitical risk index_leg0","OK",NA
"sg_lasso","Italy","Expenditures","2016-03-02",-1783.81491191535,NA,0.0815945879268381,0.5,0.288847372839327,5,5,5,2016-03-01,3169.45015404301,"Total expenditures accrual","Y_lag1; 10y yield_leg0; Unemployment rate_leg0; Share of LT unemp_leg0; Geopolitical risk index_leg0","OK",NA
"sg_lasso","Italy","Expenditures","2016-03-15",1449.28343889816,NA,0.283072464895893,0.5,0.365095204436476,1,1,1,2016-03-01,-1670.73239088,"Total expenditures accrual","Y_lag1","OK",NA
"sg_lasso","Italy","Expenditures","2016-03-27",1449.28343889816,NA,0.283072464895893,0.5,0.365095204436476,1,1,1,2016-03-01,-1670.73239088,"Total expenditures accrual","Y_lag1","OK",NA
"sg_lasso","Italy","Expenditures","2016-04-01",1449.28343889816,NA,0.283072464895893,0.5,0.365095204436476,1,1,1,2016-04-01,-1670.73239088,"Total expenditures accrual","Y_lag1","OK",NA
"sg_lasso","Italy","Expenditures","2016-04-05",1449.28343889816,NA,0.283072464895893,0.5,0.365095204436476,1,1,1,2016-04-01,-1670.73239088,"Total expenditures accrual","Y_lag1","OK",NA
"sg_lasso","Italy","Expenditures","2016-04-15",1449.28343889816,NA,0.283072464895893,0.5,0.365095204436476,1,1,1,2016-04-01,-1670.73239088,"Total expenditures accrual","Y_lag1","OK",NA
"sg_lasso","Italy","Expenditures","2016-04-27",1449.28343889816,NA,0.283072464895893,0.5,0.365095204436476,1,1,1,2016-04-01,-1670.73239088,"Total expenditures accrual","Y_lag1","OK",NA
"sg_lasso","Italy","Expenditures","2016-05-01",1449.28343889816,NA,0.283072464895893,0.5,0.365095204436476,1,1,1,2016-05-01,-1670.73239088,"Total expenditures accrual","Y_lag1","OK",NA
"sg_lasso","Italy","Expenditures","2016-05-07",1449.28343889816,NA,0.283072464895893,0.5,0.365095204436476,1,1,1,2016-05-01,-1670.73239088,"Total expenditures accrual","Y_lag1","OK",NA
"sg_lasso","Italy","Expenditures","2016-05-15",1449.28343889816,NA,0.283072464895893,0.5,0.365095204436476,1,1,1,2016-05-01,-1670.73239088,"Total expenditures accrual","Y_lag1","OK",NA
"sg_lasso","Italy","Expenditures","2016-05-27",1449.28343889816,NA,0.283072464895893,0.5,0.365095204436476,1,1,1,2016-05-01,-1670.73239088,"Total expenditures accrual","Y_lag1","OK",NA
"sg_lasso","Italy","Expenditures","2016-06-01",1449.28343889816,NA,0.283072464895893,0.5,0.365095204436476,1,1,1,2016-06-01,-1670.73239088,"Total expenditures accrual","Y_lag1","OK",NA
"sg_lasso","Italy","Expenditures","2016-06-03",1449.28343889816,NA,0.283072464895893,0.5,0.365095204436476,1,1,1,2016-06-01,-1670.73239088,"Total expenditures accrual","Y_lag1","OK",NA
"sg_lasso","Italy","Expenditures","2016-06-15",1585.3013691679,NA,0.278920441306206,0.5,0.648908101345098,2,2,2,2016-06-01,-2688.43726456902,"Total expenditures accrual","Y_lag1; Unemployment rate_leg0","OK",NA
"sg_lasso","Italy","Expenditures","2016-06-27",1585.3013691679,NA,0.278920441306206,0.5,0.648686734874184,2,2,2,2016-06-01,-2688.43726456902,"Total expenditures accrual","Y_lag1; Unemployment rate_leg0","OK",NA
"sg_lasso","Italy","Expenditures","2016-07-01",1542.82534740082,NA,0.278920441306206,0.5,0.648686734874184,2,2,2,2016-07-01,-2688.43726456902,"Total expenditures accrual","Y_lag1; Unemployment rate_leg0","OK",NA
"sg_lasso","Italy","Expenditures","2016-07-05",1542.82534740082,NA,0.278920441306206,0.5,0.648686734874184,2,2,2,2016-07-01,-2688.43726456902,"Total expenditures accrual","Y_lag1; Unemployment rate_leg0","OK",NA
"sg_lasso","Italy","Expenditures","2016-07-15",1627.77739093497,NA,0.278920441306206,0.5,0.648686734874184,2,2,2,2016-07-01,-2688.43726456902,"Total expenditures accrual","Y_lag1; Unemployment rate_leg0","OK",NA
"sg_lasso","Italy","Expenditures","2016-07-27",1627.77739093497,NA,0.278920441306206,0.5,0.648686734874184,2,2,2,2016-07-01,-2688.43726456902,"Total expenditures accrual","Y_lag1; Unemployment rate_leg0","OK",NA
"sg_lasso","Italy","Expenditures","2016-08-01",1613.61871701261,NA,0.278920441306206,0.5,0.648686734874184,2,2,2,2016-08-01,-2688.43726456902,"Total expenditures accrual","Y_lag1; Unemployment rate_leg0","OK",NA
"sg_lasso","Italy","Expenditures","2016-08-15",1571.14269524554,NA,0.278920441306206,0.5,0.648686734874184,2,2,2,2016-08-01,-2688.43726456902,"Total expenditures accrual","Y_lag1; Unemployment rate_leg0","OK",NA
"sg_lasso","Italy","Expenditures","2016-08-27",1571.14269524554,NA,0.278920441306206,0.5,0.648686734874184,2,2,2,2016-08-01,-2688.43726456902,"Total expenditures accrual","Y_lag1; Unemployment rate_leg0","OK",NA
"sg_lasso","Italy","Expenditures","2016-09-01",1613.61871701261,NA,0.278920441306206,0.5,0.648686734874184,2,2,2,2016-09-01,-2688.43726456902,"Total expenditures accrual","Y_lag1; Unemployment rate_leg0","OK",NA
"sg_lasso","Italy","Expenditures","2016-09-04",1613.61871701261,NA,0.278920441306206,0.5,0.648686734874184,2,2,2,2016-09-01,-2688.43726456902,"Total expenditures accrual","Y_lag1; Unemployment rate_leg0","OK",NA
"sg_lasso","Italy","Expenditures","2016-09-15",-928.867139058011,NA,0.272054278605657,0.5,0.441290983217018,2,2,2,2016-09-01,2696.503276854,"Total expenditures accrual","Y_lag1; Unemployment rate_leg0","OK",NA
"sg_lasso","Italy","Expenditures","2016-09-27",-928.867139058011,NA,0.272054278605657,0.5,0.446976825865517,2,2,2,2016-09-01,2696.503276854,"Total expenditures accrual","Y_lag1; Unemployment rate_leg0","OK",NA
"sg_lasso","Italy","Expenditures","2016-10-01",-959.497057757153,NA,0.272054278605657,0.5,0.446976825865517,2,2,2,2016-10-01,2696.503276854,"Total expenditures accrual","Y_lag1; Unemployment rate_leg0","OK",NA
"sg_lasso","Italy","Expenditures","2016-10-06",-959.497057757153,NA,0.272054278605657,0.5,0.446976825865517,2,2,2,2016-10-01,2696.503276854,"Total expenditures accrual","Y_lag1; Unemployment rate_leg0","OK",NA
"sg_lasso","Italy","Expenditures","2016-10-15",-913.55217970844,NA,0.272054278605657,0.5,0.446976825865517,2,2,2,2016-10-01,2696.503276854,"Total expenditures accrual","Y_lag1; Unemployment rate_leg0","OK",NA
"sg_lasso","Italy","Expenditures","2016-10-27",-913.55217970844,NA,0.272054278605657,0.5,0.446976825865517,2,2,2,2016-10-01,2696.503276854,"Total expenditures accrual","Y_lag1; Unemployment rate_leg0","OK",NA
"sg_lasso","Italy","Expenditures","2016-11-01",-852.292342310155,NA,0.272054278605657,0.5,0.446976825865517,2,2,2,2016-11-01,2696.503276854,"Total expenditures accrual","Y_lag1; Unemployment rate_leg0","OK",NA
"sg_lasso","Italy","Expenditures","2016-11-02",-852.292342310155,NA,0.272054278605657,0.5,0.446976825865517,2,2,2,2016-11-01,2696.503276854,"Total expenditures accrual","Y_lag1; Unemployment rate_leg0","OK",NA
"sg_lasso","Italy","Expenditures","2016-11-15",-928.867139058011,NA,0.272054278605657,0.5,0.446976825865517,2,2,2,2016-11-01,2696.503276854,"Total expenditures accrual","Y_lag1; Unemployment rate_leg0","OK",NA
"sg_lasso","Italy","Expenditures","2016-11-27",-928.867139058011,NA,0.272054278605657,0.5,0.446976825865517,2,2,2,2016-11-01,2696.503276854,"Total expenditures accrual","Y_lag1; Unemployment rate_leg0","OK",NA
"sg_lasso","Italy","Expenditures","2016-12-01",-959.497057757153,NA,0.272054278605657,0.5,0.446976825865517,2,2,2,2016-12-01,2696.503276854,"Total expenditures accrual","Y_lag1; Unemployment rate_leg0","OK",NA
"sg_lasso","Italy","Expenditures","2016-12-04",-959.497057757153,NA,0.272054278605657,0.5,0.446976825865517,2,2,2,2016-12-01,2696.503276854,"Total expenditures accrual","Y_lag1; Unemployment rate_leg0","OK",NA
"sg_lasso","Italy","Expenditures","2016-12-15",239.803156023634,NA,0.273117348086886,0.5,0.351070877406794,2,2,2,2016-12-01,583.987790394021,"Total expenditures accrual","Y_lag1; Unemployment rate_leg0","OK",NA
"sg_lasso","Italy","Expenditures","2016-12-27",239.803156023634,NA,0.273117348086886,0.5,0.351070877406794,2,2,2,2016-12-01,583.987790394021,"Total expenditures accrual","Y_lag1; Unemployment rate_leg0","OK",NA
"sg_lasso","Italy","Expenditures","2017-01-01",239.803156023634,NA,0.273117348086886,0.5,0.351070877406794,2,2,2,2017-01-01,583.987790394021,"Total expenditures accrual","Y_lag1; Unemployment rate_leg0","OK",NA
"sg_lasso","Italy","Expenditures","2017-01-07",239.803156023634,NA,0.273117348086886,0.5,0.351070877406794,2,2,2,2017-01-01,583.987790394021,"Total expenditures accrual","Y_lag1; Unemployment rate_leg0","OK",NA
"sg_lasso","Italy","Expenditures","2017-01-15",137.047556930073,NA,0.273117348086886,0.5,0.351070877406794,2,2,2,2017-01-01,583.987790394021,"Total expenditures accrual","Y_lag1; Unemployment rate_leg0","OK",NA
"sg_lasso","Italy","Expenditures","2017-01-27",137.047556930073,NA,0.273117348086886,0.5,0.351070877406794,2,2,2,2017-01-01,583.987790394021,"Total expenditures accrual","Y_lag1; Unemployment rate_leg0","OK",NA
"sg_lasso","Italy","Expenditures","2017-02-01",137.047556930073,NA,0.273117348086886,0.5,0.351070877406794,2,2,2,2017-02-01,583.987790394021,"Total expenditures accrual","Y_lag1; Unemployment rate_leg0","OK",NA
"sg_lasso","Italy","Expenditures","2017-02-03",137.047556930073,NA,0.273117348086886,0.5,0.351070877406794,2,2,2,2017-02-01,583.987790394021,"Total expenditures accrual","Y_lag1; Unemployment rate_leg0","OK",NA
"sg_lasso","Italy","Expenditures","2017-02-15",157.598676748785,NA,0.273117348086886,0.5,0.351070877406794,2,2,2,2017-02-01,583.987790394021,"Total expenditures accrual","Y_lag1; Unemployment rate_leg0","OK",NA
"sg_lasso","Italy","Expenditures","2017-02-27",157.598676748785,NA,0.273117348086886,0.5,0.351070877406794,2,2,2,2017-02-01,583.987790394021,"Total expenditures accrual","Y_lag1; Unemployment rate_leg0","OK",NA
"sg_lasso","Italy","Expenditures","2017-03-01",75.3941974739358,NA,0.273117348086886,0.5,0.351070877406794,2,2,2,2017-03-01,583.987790394021,"Total expenditures accrual","Y_lag1; Unemployment rate_leg0","OK",NA
"sg_lasso","Italy","Expenditures","2017-03-03",75.3941974739358,NA,0.273117348086886,0.5,0.351070877406794,2,2,2,2017-03-01,583.987790394021,"Total expenditures accrual","Y_lag1; Unemployment rate_leg0","OK",NA
"sg_lasso","Italy","Expenditures","2017-03-15",332.598315500278,NA,0.269743388685625,0.5,0.454182668753081,2,2,2,2017-03-01,28.3022097969952,"Total expenditures accrual","Y_lag1; Unemployment rate_leg0","OK",NA
"sg_lasso","Italy","Expenditures","2017-03-27",332.598315500278,NA,0.269743388685625,0.5,0.455115423862151,2,2,2,2017-03-01,28.3022097969952,"Total expenditures accrual","Y_lag1; Unemployment rate_leg0","OK",NA
"sg_lasso","Italy","Expenditures","2017-04-01",332.598315500278,NA,0.269743388685625,0.5,0.455115423862151,2,2,2,2017-04-01,28.3022097969952,"Total expenditures accrual","Y_lag1; Unemployment rate_leg0","OK",NA
"sg_lasso","Italy","Expenditures","2017-04-06",332.598315500278,NA,0.269743388685625,0.5,0.455115423862151,2,2,2,2017-04-01,28.3022097969952,"Total expenditures accrual","Y_lag1; Unemployment rate_leg0","OK",NA
"sg_lasso","Italy","Expenditures","2017-04-15",385.862109304092,NA,0.269743388685625,0.5,0.455115423862151,2,2,2,2017-04-01,28.3022097969952,"Total expenditures accrual","Y_lag1; Unemployment rate_leg0","OK",NA
"sg_lasso","Italy","Expenditures","2017-04-27",385.862109304092,NA,0.269743388685625,0.5,0.455115423862151,2,2,2,2017-04-01,28.3022097969952,"Total expenditures accrual","Y_lag1; Unemployment rate_leg0","OK",NA
"sg_lasso","Italy","Expenditures","2017-05-01",421.371305173302,NA,0.269743388685625,0.5,0.455115423862151,2,2,2,2017-05-01,28.3022097969952,"Total expenditures accrual","Y_lag1; Unemployment rate_leg0","OK",NA
"sg_lasso","Italy","Expenditures","2017-05-15",332.598315500278,NA,0.269743388685625,0.5,0.455115423862151,2,2,2,2017-05-01,28.3022097969952,"Total expenditures accrual","Y_lag1; Unemployment rate_leg0","OK",NA
"sg_lasso","Italy","Expenditures","2017-05-27",332.598315500278,NA,0.269743388685625,0.5,0.455115423862151,2,2,2,2017-05-01,28.3022097969952,"Total expenditures accrual","Y_lag1; Unemployment rate_leg0","OK",NA
"sg_lasso","Italy","Expenditures","2017-06-01",297.089119631068,NA,0.269743388685625,0.5,0.455115423862151,2,2,2,2017-06-01,28.3022097969952,"Total expenditures accrual","Y_lag1; Unemployment rate_leg0","OK",NA
"sg_lasso","Italy","Expenditures","2017-06-04",297.089119631068,NA,0.269743388685625,0.5,0.455115423862151,2,2,2,2017-06-01,28.3022097969952,"Total expenditures accrual","Y_lag1; Unemployment rate_leg0","OK",NA
"sg_lasso","Italy","Expenditures","2017-06-15",-1978.65805561193,NA,0.102513273229791,0.5,0.594888433952614,6,6,6,2017-06-01,4991.28189866099,"Total expenditures accrual","Y_lag1; 10y yield_leg0; Unemployment rate_leg0; Share of LT unemp_leg0; Geopolitical risk index_leg0; Energy prices_leg0","OK",NA
"sg_lasso","Italy","Expenditures","2017-06-27",-1797.16324948002,NA,0.23681895714088,0.5,0.598482401465406,2,2,2,2017-06-01,4991.28189866099,"Total expenditures accrual","Y_lag1; Unemployment rate_leg0","OK",NA
"sg_lasso","Italy","Expenditures","2017-07-01",-1760.50722938501,NA,0.23681895714088,0.5,0.598482401465406,2,2,2,2017-07-01,4991.28189866099,"Total expenditures accrual","Y_lag1; Unemployment rate_leg0","OK",NA
"sg_lasso","Italy","Expenditures","2017-07-06",-1760.50722938501,NA,0.23681895714088,0.5,0.598482401465406,2,2,2,2017-07-01,4991.28189866099,"Total expenditures accrual","Y_lag1; Unemployment rate_leg0","OK",NA
"sg_lasso","Italy","Expenditures","2017-07-15",-1888.80329971755,NA,0.23681895714088,0.5,0.598482401465406,2,2,2,2017-07-01,4991.28189866099,"Total expenditures accrual","Y_lag1; Unemployment rate_leg0","OK",NA
"sg_lasso","Italy","Expenditures","2017-07-27",-1888.80329971755,NA,0.23681895714088,0.5,0.598482401465406,2,2,2,2017-07-01,4991.28189866099,"Total expenditures accrual","Y_lag1; Unemployment rate_leg0","OK",NA
"sg_lasso","Italy","Expenditures","2017-08-01",-1888.80329971755,NA,0.23681895714088,0.5,0.598482401465406,2,2,2,2017-08-01,4991.28189866099,"Total expenditures accrual","Y_lag1; Unemployment rate_leg0","OK",NA
"sg_lasso","Italy","Expenditures","2017-08-02",-1888.80329971755,NA,0.23681895714088,0.5,0.598482401465406,2,2,2,2017-08-01,4991.28189866099,"Total expenditures accrual","Y_lag1; Unemployment rate_leg0","OK",NA
"sg_lasso","Italy","Expenditures","2017-08-15",-1760.50722938501,NA,0.23681895714088,0.5,0.598482401465406,2,2,2,2017-08-01,4991.28189866099,"Total expenditures accrual","Y_lag1; Unemployment rate_leg0","OK",NA
"sg_lasso","Italy","Expenditures","2017-08-27",-1760.50722938501,NA,0.23681895714088,0.5,0.598482401465406,2,2,2,2017-08-01,4991.28189866099,"Total expenditures accrual","Y_lag1; Unemployment rate_leg0","OK",NA
"sg_lasso","Italy","Expenditures","2017-09-01",-1760.50722938501,NA,0.23681895714088,0.5,0.598482401465406,2,2,2,2017-09-01,4991.28189866099,"Total expenditures accrual","Y_lag1; Unemployment rate_leg0","OK",NA
"sg_lasso","Italy","Expenditures","2017-09-05",-1760.50722938501,NA,0.23681895714088,0.5,0.598482401465406,2,2,2,2017-09-01,4991.28189866099,"Total expenditures accrual","Y_lag1; Unemployment rate_leg0","OK",NA
"sg_lasso","Italy","Expenditures","2017-09-15",822.627991428739,NA,0.0992305338636502,0.5,0.928424335451972,5,5,5,2017-09-01,-1250.00878231801,"Total expenditures accrual","Y_lag1; 10y yield_leg0; Unemployment rate_leg0; Share of LT unemp_leg0; Geopolitical risk index_leg0","OK",NA
"sg_lasso","Italy","Expenditures","2017-09-27",822.627991428739,NA,0.0992305338636502,0.5,0.928441529991504,5,5,5,2017-09-01,-1250.00878231801,"Total expenditures accrual","Y_lag1; 10y yield_leg0; Unemployment rate_leg0; Share of LT unemp_leg0; Geopolitical risk index_leg0","OK",NA
"sg_lasso","Italy","Expenditures","2017-10-01",1291.6411519336,NA,0.0992305338636502,0.5,0.928441529991504,5,5,5,2017-10-01,-1250.00878231801,"Total expenditures accrual","Y_lag1; 10y yield_leg0; Unemployment rate_leg0; Share of LT unemp_leg0; Geopolitical risk index_leg0","OK",NA
"sg_lasso","Italy","Expenditures","2017-10-07",1291.6411519336,NA,0.0992305338636502,0.5,0.928441529991504,5,5,5,2017-10-01,-1250.00878231801,"Total expenditures accrual","Y_lag1; 10y yield_leg0; Unemployment rate_leg0; Share of LT unemp_leg0; Geopolitical risk index_leg0","OK",NA
"sg_lasso","Italy","Expenditures","2017-10-15",1291.6411519336,NA,0.0992305338636502,0.5,0.928441529991504,5,5,5,2017-10-01,-1250.00878231801,"Total expenditures accrual","Y_lag1; 10y yield_leg0; Unemployment rate_leg0; Share of LT unemp_leg0; Geopolitical risk index_leg0","OK",NA
"sg_lasso","Italy","Expenditures","2017-10-27",1291.6411519336,NA,0.0992305338636502,0.5,0.928441529991504,5,5,5,2017-10-01,-1250.00878231801,"Total expenditures accrual","Y_lag1; 10y yield_leg0; Unemployment rate_leg0; Share of LT unemp_leg0; Geopolitical risk index_leg0","OK",NA
"sg_lasso","Italy","Expenditures","2017-11-01",1042.61264235618,NA,0.0992305338636502,0.5,0.928441529991504,5,5,5,2017-11-01,-1250.00878231801,"Total expenditures accrual","Y_lag1; 10y yield_leg0; Unemployment rate_leg0; Share of LT unemp_leg0; Geopolitical risk index_leg0","OK",NA
"sg_lasso","Italy","Expenditures","2017-11-03",1042.61264235618,NA,0.0992305338636502,0.5,0.928441529991504,5,5,5,2017-11-01,-1250.00878231801,"Total expenditures accrual","Y_lag1; 10y yield_leg0; Unemployment rate_leg0; Share of LT unemp_leg0; Geopolitical risk index_leg0","OK",NA
"sg_lasso","Italy","Expenditures","2017-11-15",1042.61264235619,NA,0.0992305338636502,0.5,0.928441529991504,5,5,5,2017-11-01,-1250.00878231801,"Total expenditures accrual","Y_lag1; 10y yield_leg0; Unemployment rate_leg0; Share of LT unemp_leg0; Geopolitical risk index_leg0","OK",NA
"sg_lasso","Italy","Expenditures","2017-11-27",1042.61264235619,NA,0.0992305338636502,0.5,0.928441529991504,5,5,5,2017-11-01,-1250.00878231801,"Total expenditures accrual","Y_lag1; 10y yield_leg0; Unemployment rate_leg0; Share of LT unemp_leg0; Geopolitical risk index_leg0","OK",NA
"sg_lasso","Italy","Expenditures","2017-12-01",981.524275370206,NA,0.0992305338636502,0.5,0.928441529991504,5,5,5,2017-12-01,-1250.00878231801,"Total expenditures accrual","Y_lag1; 10y yield_leg0; Unemployment rate_leg0; Share of LT unemp_leg0; Geopolitical risk index_leg0","OK",NA
"sg_lasso","Italy","Expenditures","2017-12-05",981.524275370206,NA,0.0992305338636502,0.5,0.928441529991504,5,5,5,2017-12-01,-1250.00878231801,"Total expenditures accrual","Y_lag1; 10y yield_leg0; Unemployment rate_leg0; Share of LT unemp_leg0; Geopolitical risk index_leg0","OK",NA
"sg_lasso","Italy","Expenditures","2017-12-15",1021.34408827865,NA,0.271590971903557,0.5,0.630758570450016,2,2,2,2017-12-01,-1138.41673879998,"Total expenditures accrual","Y_lag1; Unemployment rate_leg0","OK",NA
"sg_lasso","Italy","Expenditures","2017-12-27",1021.34408827865,NA,0.271590971903557,0.5,0.630758570450016,2,2,2,2017-12-01,-1138.41673879998,"Total expenditures accrual","Y_lag1; Unemployment rate_leg0","OK",NA
"sg_lasso","Italy","Expenditures","2018-01-01",1021.34408827865,NA,0.271590971903557,0.5,0.630758570450016,2,2,2,2018-01-01,-1138.41673879998,"Total expenditures accrual","Y_lag1; Unemployment rate_leg0","OK",NA
"sg_lasso","Italy","Expenditures","2018-01-15",1021.34408827865,NA,0.271590971903557,0.5,0.630758570450016,2,2,2,2018-01-01,-1138.41673879998,"Total expenditures accrual","Y_lag1; Unemployment rate_leg0","OK",NA
"sg_lasso","Italy","Expenditures","2018-01-27",1021.34408827865,NA,0.271590971903557,0.5,0.630758570450016,2,2,2,2018-01-01,-1138.41673879998,"Total expenditures accrual","Y_lag1; Unemployment rate_leg0","OK",NA
"sg_lasso","Italy","Expenditures","2018-02-01",1021.34408827865,NA,0.271590971903557,0.5,0.630758570450016,2,2,2,2018-02-01,-1138.41673879998,"Total expenditures accrual","Y_lag1; Unemployment rate_leg0","OK",NA
"sg_lasso","Italy","Expenditures","2018-02-04",1021.34408827865,NA,0.271590971903557,0.5,0.630758570450016,2,2,2,2018-02-01,-1138.41673879998,"Total expenditures accrual","Y_lag1; Unemployment rate_leg0","OK",NA
"sg_lasso","Italy","Expenditures","2018-02-15",1032.51076142284,NA,0.271590971903557,0.5,0.630758570450016,2,2,2,2018-02-01,-1138.41673879998,"Total expenditures accrual","Y_lag1; Unemployment rate_leg0","OK",NA
"sg_lasso","Italy","Expenditures","2018-02-27",1032.51076142284,NA,0.271590971903557,0.5,0.630758570450016,2,2,2,2018-02-01,-1138.41673879998,"Total expenditures accrual","Y_lag1; Unemployment rate_leg0","OK",NA
"sg_lasso","Italy","Expenditures","2018-03-01",1043.67743456703,NA,0.271590971903557,0.5,0.630758570450016,2,2,2,2018-03-01,-1138.41673879998,"Total expenditures accrual","Y_lag1; Unemployment rate_leg0","OK",NA
"sg_lasso","Italy","Expenditures","2018-03-04",1043.67743456703,NA,0.271590971903557,0.5,0.630758570450016,2,2,2,2018-03-01,-1138.41673879998,"Total expenditures accrual","Y_lag1; Unemployment rate_leg0","OK",NA
"sg_lasso","Italy","Expenditures","2018-03-15",-131.166318316803,NA,0.255254801484939,0.5,0.639376413942593,2,2,2,2018-03-01,1476.33791299199,"Total expenditures accrual","Y_lag1; Unemployment rate_leg0","OK",NA
"sg_lasso","Italy","Expenditures","2018-03-27",-131.166318316803,NA,0.255254801484939,0.5,0.639376413942593,2,2,2,2018-03-01,1476.33791299199,"Total expenditures accrual","Y_lag1; Unemployment rate_leg0","OK",NA
"sg_lasso","Italy","Expenditures","2018-04-01",-142.621449986333,NA,0.255254801484939,0.5,0.639376413942593,2,2,2,2018-04-01,1476.33791299199,"Total expenditures accrual","Y_lag1; Unemployment rate_leg0","OK",NA
"sg_lasso","Italy","Expenditures","2018-04-07",-142.621449986333,NA,0.255254801484939,0.5,0.639376413942593,2,2,2,2018-04-01,1476.33791299199,"Total expenditures accrual","Y_lag1; Unemployment rate_leg0","OK",NA
"sg_lasso","Italy","Expenditures","2018-04-15",-108.256054977742,NA,0.255254801484939,0.5,0.639376413942593,2,2,2,2018-04-01,1476.33791299199,"Total expenditures accrual","Y_lag1; Unemployment rate_leg0","OK",NA
"sg_lasso","Italy","Expenditures","2018-04-27",-108.256054977742,NA,0.255254801484939,0.5,0.639376413942593,2,2,2,2018-04-01,1476.33791299199,"Total expenditures accrual","Y_lag1; Unemployment rate_leg0","OK",NA
"sg_lasso","Italy","Expenditures","2018-05-01",-108.256054977742,NA,0.255254801484939,0.5,0.639376413942593,2,2,2,2018-05-01,1476.33791299199,"Total expenditures accrual","Y_lag1; Unemployment rate_leg0","OK",NA
"sg_lasso","Italy","Expenditures","2018-05-02",-108.256054977742,NA,0.255254801484939,0.5,0.639376413942593,2,2,2,2018-05-01,1476.33791299199,"Total expenditures accrual","Y_lag1; Unemployment rate_leg0","OK",NA
"sg_lasso","Italy","Expenditures","2018-05-15",-108.256054977742,NA,0.255254801484939,0.5,0.639376413942593,2,2,2,2018-05-01,1476.33791299199,"Total expenditures accrual","Y_lag1; Unemployment rate_leg0","OK",NA
"sg_lasso","Italy","Expenditures","2018-05-27",-108.256054977742,NA,0.255254801484939,0.5,0.639376413942593,2,2,2,2018-05-01,1476.33791299199,"Total expenditures accrual","Y_lag1; Unemployment rate_leg0","OK",NA
"sg_lasso","Italy","Expenditures","2018-06-01",-73.8906599691515,NA,0.255254801484939,0.5,0.639376413942593,2,2,2,2018-06-01,1476.33791299199,"Total expenditures accrual","Y_lag1; Unemployment rate_leg0","OK",NA
"sg_lasso","Italy","Expenditures","2018-06-05",-73.8906599691515,NA,0.255254801484939,0.5,0.639376413942593,2,2,2,2018-06-01,1476.33791299199,"Total expenditures accrual","Y_lag1; Unemployment rate_leg0","OK",NA
"sg_lasso","Italy","Expenditures","2018-06-15",1204.64345691899,NA,0.262398666826454,0.5,0.624439361406868,2,2,2,2018-06-01,-1588.086074099,"Total expenditures accrual","Y_lag1; Unemployment rate_leg0","OK",NA
"sg_lasso","Italy","Expenditures","2018-06-27",1204.64345691899,NA,0.262398666826454,0.5,0.624439361406868,2,2,2,2018-06-01,-1588.086074099,"Total expenditures accrual","Y_lag1; Unemployment rate_leg0","OK",NA
"sg_lasso","Italy","Expenditures","2018-07-01",1145.52262471204,NA,0.262398666826454,0.5,0.624439361406868,2,2,2,2018-07-01,-1588.086074099,"Total expenditures accrual","Y_lag1; Unemployment rate_leg0","OK",NA
"sg_lasso","Italy","Expenditures","2018-07-07",1145.52262471204,NA,0.262398666826454,0.5,0.624439361406868,2,2,2,2018-07-01,-1588.086074099,"Total expenditures accrual","Y_lag1; Unemployment rate_leg0","OK",NA
"sg_lasso","Italy","Expenditures","2018-07-15",1204.64345691899,NA,0.262398666826454,0.5,0.624439361406868,2,2,2,2018-07-01,-1588.086074099,"Total expenditures accrual","Y_lag1; Unemployment rate_leg0","OK",NA
"sg_lasso","Italy","Expenditures","2018-07-27",1204.64345691899,NA,0.262398666826454,0.5,0.624439361406868,2,2,2,2018-07-01,-1588.086074099,"Total expenditures accrual","Y_lag1; Unemployment rate_leg0","OK",NA
"sg_lasso","Italy","Expenditures","2018-08-01",1204.64345691899,NA,0.262398666826454,0.5,0.624439361406868,2,2,2,2018-08-01,-1588.086074099,"Total expenditures accrual","Y_lag1; Unemployment rate_leg0","OK",NA
"sg_lasso","Italy","Expenditures","2018-08-03",1204.64345691899,NA,0.262398666826454,0.5,0.624439361406868,2,2,2,2018-08-01,-1588.086074099,"Total expenditures accrual","Y_lag1; Unemployment rate_leg0","OK",NA
"sg_lasso","Italy","Expenditures","2018-08-15",1145.52262471204,NA,0.262398666826454,0.5,0.624439361406868,2,2,2,2018-08-01,-1588.086074099,"Total expenditures accrual","Y_lag1; Unemployment rate_leg0","OK",NA
"sg_lasso","Italy","Expenditures","2018-08-27",1145.52262471204,NA,0.262398666826454,0.5,0.624439361406868,2,2,2,2018-08-01,-1588.086074099,"Total expenditures accrual","Y_lag1; Unemployment rate_leg0","OK",NA
"sg_lasso","Italy","Expenditures","2018-09-01",1145.52262471204,NA,0.262398666826454,0.5,0.624439361406868,2,2,2,2018-09-01,-1588.086074099,"Total expenditures accrual","Y_lag1; Unemployment rate_leg0","OK",NA
"sg_lasso","Italy","Expenditures","2018-09-06",1145.52262471204,NA,0.262398666826454,0.5,0.624439361406868,2,2,2,2018-09-01,-1588.086074099,"Total expenditures accrual","Y_lag1; Unemployment rate_leg0","OK",NA
"sg_lasso","Italy","Expenditures","2018-09-15",-1177.91970776716,NA,0.234871757836927,0.5,0.706967254933645,1,1,1,2018-09-01,3694.985517027,"Total expenditures accrual","Y_lag1","OK",NA
"sg_lasso","Italy","Expenditures","2018-09-27",-1177.91970776716,NA,0.234871757836927,0.5,0.707340454908754,1,1,1,2018-09-01,3694.985517027,"Total expenditures accrual","Y_lag1","OK",NA
"sg_lasso","Italy","Expenditures","2018-10-01",-1177.91970776716,NA,0.234871757836927,0.5,0.707340454908754,1,1,1,2018-10-01,3694.985517027,"Total expenditures accrual","Y_lag1","OK",NA
"sg_lasso","Italy","Expenditures","2018-10-15",-1177.91970776716,NA,0.234871757836927,0.5,0.707340454908754,1,1,1,2018-10-01,3694.985517027,"Total expenditures accrual","Y_lag1","OK",NA
"sg_lasso","Italy","Expenditures","2018-10-27",-1177.91970776716,NA,0.234871757836927,0.5,0.707340454908754,1,1,1,2018-10-01,3694.985517027,"Total expenditures accrual","Y_lag1","OK",NA
"sg_lasso","Italy","Expenditures","2018-11-01",-1177.91970776716,NA,0.234871757836927,0.5,0.707340454908754,1,1,1,2018-11-01,3694.985517027,"Total expenditures accrual","Y_lag1","OK",NA
"sg_lasso","Italy","Expenditures","2018-11-04",-1177.91970776716,NA,0.234871757836927,0.5,0.707340454908754,1,1,1,2018-11-01,3694.985517027,"Total expenditures accrual","Y_lag1","OK",NA
"sg_lasso","Italy","Expenditures","2018-11-15",-1177.91970776716,NA,0.234871757836927,0.5,0.707340454908754,1,1,1,2018-11-01,3694.985517027,"Total expenditures accrual","Y_lag1","OK",NA
"sg_lasso","Italy","Expenditures","2018-11-27",-1177.91970776716,NA,0.234871757836927,0.5,0.707340454908754,1,1,1,2018-11-01,3694.985517027,"Total expenditures accrual","Y_lag1","OK",NA
"sg_lasso","Italy","Expenditures","2018-12-01",-1177.91970776716,NA,0.234871757836927,0.5,0.707340454908754,1,1,1,2018-12-01,3694.985517027,"Total expenditures accrual","Y_lag1","OK",NA
"sg_lasso","Italy","Expenditures","2018-12-06",-1177.91970776716,NA,0.234871757836927,0.5,0.707340454908754,1,1,1,2018-12-01,3694.985517027,"Total expenditures accrual","Y_lag1","OK",NA
"sg_lasso","Italy","Expenditures","2018-12-15",436.832238148644,NA,0.235070192846133,0.5,0.611992756447271,2,2,2,2018-12-01,470.334108034993,"Total expenditures accrual","Y_lag1; Unemployment rate_leg0","OK",NA
"sg_lasso","Italy","Expenditures","2018-12-27",436.832238148644,NA,0.235070192846133,0.5,0.607601082521078,2,2,2,2018-12-01,470.334108034993,"Total expenditures accrual","Y_lag1; Unemployment rate_leg0","OK",NA
"sg_lasso","Italy","Expenditures","2019-01-01",418.205913384004,NA,0.235070192846133,0.5,0.607601082521078,2,2,2,2019-01-01,470.334108034993,"Total expenditures accrual","Y_lag1; Unemployment rate_leg0","OK",NA
"sg_lasso","Italy","Expenditures","2019-01-02",418.205913384004,NA,0.235070192846133,0.5,0.607601082521078,2,2,2,2019-01-01,470.334108034993,"Total expenditures accrual","Y_lag1; Unemployment rate_leg0","OK",NA
"sg_lasso","Italy","Expenditures","2019-01-15",418.205913384004,NA,0.235070192846133,0.5,0.607601082521078,2,2,2,2019-01-01,470.334108034993,"Total expenditures accrual","Y_lag1; Unemployment rate_leg0","OK",NA
"sg_lasso","Italy","Expenditures","2019-01-27",418.205913384004,NA,0.235070192846133,0.5,0.607601082521078,2,2,2,2019-01-01,470.334108034993,"Total expenditures accrual","Y_lag1; Unemployment rate_leg0","OK",NA
"sg_lasso","Italy","Expenditures","2019-02-01",390.266426237044,NA,0.235070192846133,0.5,0.607601082521078,2,2,2,2019-02-01,470.334108034993,"Total expenditures accrual","Y_lag1; Unemployment rate_leg0","OK",NA
"sg_lasso","Italy","Expenditures","2019-02-05",390.266426237044,NA,0.235070192846133,0.5,0.607601082521078,2,2,2,2019-02-01,470.334108034993,"Total expenditures accrual","Y_lag1; Unemployment rate_leg0","OK",NA
"sg_lasso","Italy","Expenditures","2019-02-15",404.236169810524,NA,0.235070192846133,0.5,0.607601082521078,2,2,2,2019-02-01,470.334108034993,"Total expenditures accrual","Y_lag1; Unemployment rate_leg0","OK",NA
"sg_lasso","Italy","Expenditures","2019-02-27",404.236169810524,NA,0.235070192846133,0.5,0.607601082521078,2,2,2,2019-02-01,470.334108034993,"Total expenditures accrual","Y_lag1; Unemployment rate_leg0","OK",NA
"sg_lasso","Italy","Expenditures","2019-03-01",418.205913384004,NA,0.235070192846133,0.5,0.607601082521078,2,2,2,2019-03-01,470.334108034993,"Total expenditures accrual","Y_lag1; Unemployment rate_leg0","OK",NA
"sg_lasso","Italy","Expenditures","2019-03-05",418.205913384004,NA,0.235070192846133,0.5,0.607601082521078,2,2,2,2019-03-01,470.334108034993,"Total expenditures accrual","Y_lag1; Unemployment rate_leg0","OK",NA
"sg_lasso","Italy","Expenditures","2019-03-15",-17.7734336890958,NA,0.226879930117082,0.5,0.704672460260112,2,2,2,2019-03-01,1496.76010399801,"Total expenditures accrual","Y_lag1; Unemployment rate_leg0","OK",NA
"sg_lasso","Italy","Expenditures","2019-03-27",-17.7734336890958,NA,0.226879930117082,0.5,0.705902928938959,2,2,2,2019-03-01,1496.76010399801,"Total expenditures accrual","Y_lag1; Unemployment rate_leg0","OK",NA
"sg_lasso","Italy","Expenditures","2019-04-01",6.47593080950958,NA,0.226879930117082,0.5,0.705902928938959,2,2,2,2019-04-01,1496.76010399801,"Total expenditures accrual","Y_lag1; Unemployment rate_leg0","OK",NA
"sg_lasso","Italy","Expenditures","2019-04-15",-17.7734336890958,NA,0.226879930117082,0.5,0.705902928938959,2,2,2,2019-04-01,1496.76010399801,"Total expenditures accrual","Y_lag1; Unemployment rate_leg0","OK",NA
"sg_lasso","Italy","Expenditures","2019-04-27",-17.7734336890958,NA,0.226879930117082,0.5,0.705902928938959,2,2,2,2019-04-01,1496.76010399801,"Total expenditures accrual","Y_lag1; Unemployment rate_leg0","OK",NA
"sg_lasso","Italy","Expenditures","2019-05-01",-42.0227981877013,NA,0.226879930117082,0.5,0.705902928938959,2,2,2,2019-05-01,1496.76010399801,"Total expenditures accrual","Y_lag1; Unemployment rate_leg0","OK",NA
"sg_lasso","Italy","Expenditures","2019-05-03",-42.0227981877013,NA,0.226879930117082,0.5,0.705902928938959,2,2,2,2019-05-01,1496.76010399801,"Total expenditures accrual","Y_lag1; Unemployment rate_leg0","OK",NA
"sg_lasso","Italy","Expenditures","2019-05-15",-25.856555188631,NA,0.226879930117082,0.5,0.705902928938959,2,2,2,2019-05-01,1496.76010399801,"Total expenditures accrual","Y_lag1; Unemployment rate_leg0","OK",NA
"sg_lasso","Italy","Expenditures","2019-05-27",-25.856555188631,NA,0.226879930117082,0.5,0.705902928938959,2,2,2,2019-05-01,1496.76010399801,"Total expenditures accrual","Y_lag1; Unemployment rate_leg0","OK",NA
"sg_lasso","Italy","Expenditures","2019-06-01",-33.9396766881662,NA,0.226879930117082,0.5,0.705902928938959,2,2,2,2019-06-01,1496.76010399801,"Total expenditures accrual","Y_lag1; Unemployment rate_leg0","OK",NA
"sg_lasso","Italy","Expenditures","2019-06-06",-33.9396766881662,NA,0.226879930117082,0.5,0.705902928938959,2,2,2,2019-06-01,1496.76010399801,"Total expenditures accrual","Y_lag1; Unemployment rate_leg0","OK",NA
"sg_lasso","Italy","Expenditures","2019-06-15",1124.78347475599,NA,0.237342153934766,0.5,0.607116888808298,2,2,2,2019-06-01,-1159.070995496,"Total expenditures accrual","Y_lag1; Unemployment rate_leg0","OK",NA
"sg_lasso","Italy","Expenditures","2019-06-27",1141.01046921469,NA,0.243115332010104,0.5,0.60643063509932,2,2,2,2019-06-01,-1159.070995496,"Total expenditures accrual","Y_lag1; Unemployment rate_leg0","OK",NA
"sg_lasso","Italy","Expenditures","2019-07-01",1136.21563447577,NA,0.243115332010104,0.5,0.60643063509932,2,2,2,2019-07-01,-1159.070995496,"Total expenditures accrual","Y_lag1; Unemployment rate_leg0","OK",NA
"sg_lasso","Italy","Expenditures","2019-07-15",1131.42079973686,NA,0.243115332010104,0.5,0.60643063509932,2,2,2,2019-07-01,-1159.070995496,"Total expenditures accrual","Y_lag1; Unemployment rate_leg0","OK",NA
"sg_lasso","Italy","Expenditures","2019-07-27",1131.42079973686,NA,0.243115332010104,0.5,0.60643063509932,2,2,2,2019-07-01,-1159.070995496,"Total expenditures accrual","Y_lag1; Unemployment rate_leg0","OK",NA
"sg_lasso","Italy","Expenditures","2019-08-01",1112.2414607812,NA,0.243115332010104,0.5,0.60643063509932,2,2,2,2019-08-01,-1159.070995496,"Total expenditures accrual","Y_lag1; Unemployment rate_leg0","OK",NA
"sg_lasso","Italy","Expenditures","2019-08-04",1112.2414607812,NA,0.243115332010104,0.5,0.60643063509932,2,2,2,2019-08-01,-1159.070995496,"Total expenditures accrual","Y_lag1; Unemployment rate_leg0","OK",NA
"sg_lasso","Italy","Expenditures","2019-08-15",1131.42079973686,NA,0.243115332010104,0.5,0.60643063509932,2,2,2,2019-08-01,-1159.070995496,"Total expenditures accrual","Y_lag1; Unemployment rate_leg0","OK",NA
"sg_lasso","Italy","Expenditures","2019-08-27",1131.42079973686,NA,0.243115332010104,0.5,0.60643063509932,2,2,2,2019-08-01,-1159.070995496,"Total expenditures accrual","Y_lag1; Unemployment rate_leg0","OK",NA
"sg_lasso","Italy","Expenditures","2019-09-01",1145.8053039536,NA,0.243115332010104,0.5,0.60643063509932,2,2,2,2019-09-01,-1159.070995496,"Total expenditures accrual","Y_lag1; Unemployment rate_leg0","OK",NA
"sg_lasso","Italy","Expenditures","2019-09-07",1145.8053039536,NA,0.243115332010104,0.5,0.60643063509932,2,2,2,2019-09-01,-1159.070995496,"Total expenditures accrual","Y_lag1; Unemployment rate_leg0","OK",NA
"sg_lasso","Italy","Expenditures","2019-09-15",-490.815999712768,NA,0.212222889581859,0.5,0.665150312455309,2,2,2,2019-09-01,2399.65064349599,"Total expenditures accrual","Y_lag1; Unemployment rate_leg0","OK",NA
"sg_lasso","Italy","Expenditures","2019-09-27",-490.815999712768,NA,0.212222889581859,0.5,0.664512287041127,2,2,2,2019-09-01,2399.65064349599,"Total expenditures accrual","Y_lag1; Unemployment rate_leg0","OK",NA
"sg_lasso","Italy","Expenditures","2019-10-01",-478.657127232884,NA,0.212222889581859,0.5,0.664512287041127,2,2,2,2019-10-01,2399.65064349599,"Total expenditures accrual","Y_lag1; Unemployment rate_leg0","OK",NA
"sg_lasso","Italy","Expenditures","2019-10-02",-478.657127232884,NA,0.212222889581859,0.5,0.664512287041127,2,2,2,2019-10-01,2399.65064349599,"Total expenditures accrual","Y_lag1; Unemployment rate_leg0","OK",NA
"sg_lasso","Italy","Expenditures","2019-10-15",-448.259946033175,NA,0.212222889581859,0.5,0.664512287041127,2,2,2,2019-10-01,2399.65064349599,"Total expenditures accrual","Y_lag1; Unemployment rate_leg0","OK",NA
"sg_lasso","Italy","Expenditures","2019-10-27",-448.259946033175,NA,0.212222889581859,0.5,0.664512287041127,2,2,2,2019-10-01,2399.65064349599,"Total expenditures accrual","Y_lag1; Unemployment rate_leg0","OK",NA
"sg_lasso","Italy","Expenditures","2019-11-01",-430.021637313349,NA,0.212222889581859,0.5,0.664512287041127,2,2,2,2019-11-01,2399.65064349599,"Total expenditures accrual","Y_lag1; Unemployment rate_leg0","OK",NA
"sg_lasso","Italy","Expenditures","2019-11-05",-430.021637313349,NA,0.212222889581859,0.5,0.664512287041127,2,2,2,2019-11-01,2399.65064349599,"Total expenditures accrual","Y_lag1; Unemployment rate_leg0","OK",NA
"sg_lasso","Italy","Expenditures","2019-11-15",-460.418818513058,NA,0.212222889581859,0.5,0.664512287041127,2,2,2,2019-11-01,2399.65064349599,"Total expenditures accrual","Y_lag1; Unemployment rate_leg0","OK",NA
"sg_lasso","Italy","Expenditures","2019-11-27",-460.418818513058,NA,0.212222889581859,0.5,0.664512287041127,2,2,2,2019-11-01,2399.65064349599,"Total expenditures accrual","Y_lag1; Unemployment rate_leg0","OK",NA
"sg_lasso","Italy","Expenditures","2019-12-01",-460.418818513058,NA,0.212222889581859,0.5,0.664512287041127,2,2,2,2019-12-01,2399.65064349599,"Total expenditures accrual","Y_lag1; Unemployment rate_leg0","OK",NA
"sg_lasso","Italy","Expenditures","2019-12-07",-460.418818513058,NA,0.212222889581859,0.5,0.664512287041127,2,2,2,2019-12-01,2399.65064349599,"Total expenditures accrual","Y_lag1; Unemployment rate_leg0","OK",NA
"sg_lasso","Italy","Expenditures","2019-12-15",684.839029091909,NA,0.212053003954257,0.5,0.720738585207006,2,2,2,2019-12-01,57.4536415770126,"Total expenditures accrual","Y_lag1; Unemployment rate_leg0","OK",NA
"sg_lasso","Italy","Expenditures","2019-12-27",684.839029091909,NA,0.212053003954257,0.5,0.721040555649293,2,2,2,2019-12-01,57.4536415770126,"Total expenditures accrual","Y_lag1; Unemployment rate_leg0","OK",NA
"sg_lasso","Italy","Expenditures","2020-01-01",684.83902909191,NA,0.212053003954257,0.5,0.721040555649293,2,2,2,2020-01-01,57.4536415770126,"Total expenditures accrual","Y_lag1; Unemployment rate_leg0","OK",NA
"sg_lasso","Italy","Expenditures","2020-01-03",684.83902909191,NA,0.212053003954257,0.5,0.721040555649293,2,2,2,2020-01-01,57.4536415770126,"Total expenditures accrual","Y_lag1; Unemployment rate_leg0","OK",NA
"sg_lasso","Italy","Expenditures","2020-01-15",662.967318907511,NA,0.212053003954257,0.5,0.721040555649293,2,2,2,2020-01-01,57.4536415770126,"Total expenditures accrual","Y_lag1; Unemployment rate_leg0","OK",NA
"sg_lasso","Italy","Expenditures","2020-01-27",662.967318907511,NA,0.212053003954257,0.5,0.721040555649293,2,2,2,2020-01-01,57.4536415770126,"Total expenditures accrual","Y_lag1; Unemployment rate_leg0","OK",NA
"sg_lasso","Italy","Expenditures","2020-02-01",677.548459030443,NA,0.212053003954257,0.5,0.721040555649293,2,2,2,2020-02-01,57.4536415770126,"Total expenditures accrual","Y_lag1; Unemployment rate_leg0","OK",NA
"sg_lasso","Italy","Expenditures","2020-02-06",677.548459030443,NA,0.212053003954257,0.5,0.721040555649293,2,2,2,2020-02-01,57.4536415770126,"Total expenditures accrual","Y_lag1; Unemployment rate_leg0","OK",NA
"sg_lasso","Italy","Expenditures","2020-02-15",662.967318907511,NA,0.212053003954257,0.5,0.721040555649293,2,2,2,2020-02-01,57.4536415770126,"Total expenditures accrual","Y_lag1; Unemployment rate_leg0","OK",NA
"sg_lasso","Italy","Expenditures","2020-02-27",662.967318907511,NA,0.212053003954257,0.5,0.721040555649293,2,2,2,2020-02-01,57.4536415770126,"Total expenditures accrual","Y_lag1; Unemployment rate_leg0","OK",NA
"sg_lasso","Italy","Expenditures","2020-03-01",626.514468600181,NA,0.212053003954257,0.5,0.721040555649293,2,2,2,2020-03-01,57.4536415770126,"Total expenditures accrual","Y_lag1; Unemployment rate_leg0","OK",NA
"sg_lasso","Italy","Expenditures","2020-03-07",626.514468600181,NA,0.212053003954257,0.5,0.721040555649293,2,2,2,2020-03-01,57.4536415770126,"Total expenditures accrual","Y_lag1; Unemployment rate_leg0","OK",NA
"sg_lasso","Italy","Expenditures","2020-03-15",-2676.13444403463,NA,0.348738761961323,0.5,0.523719652056249,2,2,2,2020-03-01,7566.113887466,"Total expenditures accrual","Y_lag1; Hours worked_leg0","OK",NA
"sg_lasso","Italy","Expenditures","2020-03-27",-2676.13444403463,NA,0.348738761961323,0.5,0.523719652056249,2,2,2,2020-03-01,7566.113887466,"Total expenditures accrual","Y_lag1; Hours worked_leg0","OK",NA
"sg_lasso","Italy","Expenditures","2020-04-01",-2617.92998333768,NA,0.348738761961323,0.5,0.523719652056249,2,2,2,2020-04-01,7566.113887466,"Total expenditures accrual","Y_lag1; Hours worked_leg0","OK",NA
"sg_lasso","Italy","Expenditures","2020-04-03",-2617.92998333768,NA,0.348738761961323,0.5,0.523719652056249,2,2,2,2020-04-01,7566.113887466,"Total expenditures accrual","Y_lag1; Hours worked_leg0","OK",NA
"sg_lasso","Italy","Expenditures","2020-04-15",-2617.92998333768,NA,0.348738761961323,0.5,0.523719652056249,2,2,2,2020-04-01,7566.113887466,"Total expenditures accrual","Y_lag1; Hours worked_leg0","OK",NA
"sg_lasso","Italy","Expenditures","2020-04-27",-2617.92998333768,NA,0.348738761961323,0.5,0.523719652056249,2,2,2,2020-04-01,7566.113887466,"Total expenditures accrual","Y_lag1; Hours worked_leg0","OK",NA
"sg_lasso","Italy","Expenditures","2020-05-01",-2559.72552264073,NA,0.348738761961323,0.5,0.523719652056249,2,2,2,2020-05-01,7566.113887466,"Total expenditures accrual","Y_lag1; Hours worked_leg0","OK",NA
"sg_lasso","Italy","Expenditures","2020-05-05",-2559.72552264073,NA,0.348738761961323,0.5,0.523719652056249,2,2,2,2020-05-01,7566.113887466,"Total expenditures accrual","Y_lag1; Hours worked_leg0","OK",NA
"sg_lasso","Italy","Expenditures","2020-05-15",-2559.72552264073,NA,0.348738761961323,0.5,0.523719652056249,2,2,2,2020-05-01,7566.113887466,"Total expenditures accrual","Y_lag1; Hours worked_leg0","OK",NA
"sg_lasso","Italy","Expenditures","2020-05-27",-2559.72552264073,NA,0.348738761961323,0.5,0.523719652056249,2,2,2,2020-05-01,7566.113887466,"Total expenditures accrual","Y_lag1; Hours worked_leg0","OK",NA
"sg_lasso","Italy","Expenditures","2020-06-01",-2559.72552264073,NA,0.348738761961323,0.5,0.523719652056249,2,2,2,2020-06-01,7566.113887466,"Total expenditures accrual","Y_lag1; Hours worked_leg0","OK",NA
"sg_lasso","Italy","Expenditures","2020-06-15",3696.95479296631,NA,0.379192701498573,0.5,0.38446189380248,2,2,2,2020-06-01,10879.199557993,"Total expenditures accrual","Y_lag1; Hours worked_leg0","OK",NA
"sg_lasso","Italy","Expenditures","2020-06-27",3696.95479296631,NA,0.379192701498573,0.5,0.38446189380248,2,2,2,2020-06-01,10879.199557993,"Total expenditures accrual","Y_lag1; Hours worked_leg0","OK",NA
"sg_lasso","Italy","Expenditures","2020-07-01",4854.79982250033,NA,0.379192701498573,0.5,0.38446189380248,2,2,2,2020-07-01,10879.199557993,"Total expenditures accrual","Y_lag1; Hours worked_leg0","OK",NA
"sg_lasso","Italy","Expenditures","2020-07-03",4854.79982250033,NA,0.379192701498573,0.5,0.38446189380248,2,2,2,2020-07-01,10879.199557993,"Total expenditures accrual","Y_lag1; Hours worked_leg0","OK",NA
"sg_lasso","Italy","Expenditures","2020-07-15",4854.79982250033,NA,0.379192701498573,0.5,0.38446189380248,2,2,2,2020-07-01,10879.199557993,"Total expenditures accrual","Y_lag1; Hours worked_leg0","OK",NA
"sg_lasso","Italy","Expenditures","2020-07-27",4854.79982250033,NA,0.379192701498573,0.5,0.38446189380248,2,2,2,2020-07-01,10879.199557993,"Total expenditures accrual","Y_lag1; Hours worked_leg0","OK",NA
"sg_lasso","Italy","Expenditures","2020-08-01",6012.64485203435,NA,0.379192701498573,0.5,0.38446189380248,2,2,2,2020-08-01,10879.199557993,"Total expenditures accrual","Y_lag1; Hours worked_leg0","OK",NA
"sg_lasso","Italy","Expenditures","2020-08-06",6012.64485203435,NA,0.379192701498573,0.5,0.38446189380248,2,2,2,2020-08-01,10879.199557993,"Total expenditures accrual","Y_lag1; Hours worked_leg0","OK",NA
"sg_lasso","Italy","Expenditures","2020-08-15",6012.64485203435,NA,0.379192701498573,0.5,0.38446189380248,2,2,2,2020-08-01,10879.199557993,"Total expenditures accrual","Y_lag1; Hours worked_leg0","OK",NA
"sg_lasso","Italy","Expenditures","2020-08-27",6012.64485203435,NA,0.379192701498573,0.5,0.38446189380248,2,2,2,2020-08-01,10879.199557993,"Total expenditures accrual","Y_lag1; Hours worked_leg0","OK",NA
"sg_lasso","Italy","Expenditures","2020-09-01",6012.64485203435,NA,0.379192701498573,0.5,0.38446189380248,2,2,2,2020-09-01,10879.199557993,"Total expenditures accrual","Y_lag1; Hours worked_leg0","OK",NA
"sg_lasso","Italy","Expenditures","2020-09-02",6012.64485203435,NA,0.379192701498573,0.5,0.38446189380248,2,2,2,2020-09-01,10879.199557993,"Total expenditures accrual","Y_lag1; Hours worked_leg0","OK",NA
"sg_lasso","Italy","Expenditures","2020-09-15",5798.18850148491,NA,0.0336478284520254,0.5,0.377439492378559,9,9,9,2020-09-01,3047.62859534699,"Total expenditures accrual","Y_lag1; 10y yield_leg0; HICPX_leg0; Unemployment rate_leg0; Unemployment inflows_leg0; Share of LT unemp_leg0; Geopolitical risk index_leg0; Hours worked_leg0; Payroll Mass_leg0","OK",NA
"sg_lasso","Italy","Expenditures","2020-09-27",5630.26712368609,NA,0.03692845018762,0.5,0.387860206241066,9,9,9,2020-09-01,3047.62859534699,"Total expenditures accrual","Y_lag1; 10y yield_leg0; HICPX_leg0; Unemployment rate_leg0; Unemployment inflows_leg0; Share of LT unemp_leg0; Geopolitical risk index_leg0; Hours worked_leg0; Payroll Mass_leg0","OK",NA
"sg_lasso","Italy","Expenditures","2020-10-01",-8472.47196938043,NA,0.03692845018762,0.5,0.387860206241066,9,9,9,2020-10-01,3047.62859534699,"Total expenditures accrual","Y_lag1; 10y yield_leg0; HICPX_leg0; Unemployment rate_leg0; Unemployment inflows_leg0; Share of LT unemp_leg0; Geopolitical risk index_leg0; Hours worked_leg0; Payroll Mass_leg0","OK",NA
"sg_lasso","Italy","Expenditures","2020-10-04",-8472.47196938043,NA,0.03692845018762,0.5,0.387860206241066,9,9,9,2020-10-01,3047.62859534699,"Total expenditures accrual","Y_lag1; 10y yield_leg0; HICPX_leg0; Unemployment rate_leg0; Unemployment inflows_leg0; Share of LT unemp_leg0; Geopolitical risk index_leg0; Hours worked_leg0; Payroll Mass_leg0","OK",NA
"sg_lasso","Italy","Expenditures","2020-10-15",-8320.64882156824,NA,0.03692845018762,0.5,0.387860206241066,9,9,9,2020-10-01,3047.62859534699,"Total expenditures accrual","Y_lag1; 10y yield_leg0; HICPX_leg0; Unemployment rate_leg0; Unemployment inflows_leg0; Share of LT unemp_leg0; Geopolitical risk index_leg0; Hours worked_leg0; Payroll Mass_leg0","OK",NA
"sg_lasso","Italy","Expenditures","2020-10-27",-8779.88410997036,NA,0.03692845018762,0.5,0.387860206241066,9,9,9,2020-10-01,3047.62859534699,"Total expenditures accrual","Y_lag1; 10y yield_leg0; HICPX_leg0; Unemployment rate_leg0; Unemployment inflows_leg0; Share of LT unemp_leg0; Geopolitical risk index_leg0; Hours worked_leg0; Payroll Mass_leg0","OK",NA
"sg_lasso","Italy","Expenditures","2020-11-01",-21037.0413678862,NA,0.03692845018762,0.5,0.387860206241066,9,9,9,2020-11-01,3047.62859534699,"Total expenditures accrual","Y_lag1; 10y yield_leg0; HICPX_leg0; Unemployment rate_leg0; Unemployment inflows_leg0; Share of LT unemp_leg0; Geopolitical risk index_leg0; Hours worked_leg0; Payroll Mass_leg0","OK",NA
"sg_lasso","Italy","Expenditures","2020-11-07",-21037.0413678862,NA,0.03692845018762,0.5,0.387860206241066,9,9,9,2020-11-01,3047.62859534699,"Total expenditures accrual","Y_lag1; 10y yield_leg0; HICPX_leg0; Unemployment rate_leg0; Unemployment inflows_leg0; Share of LT unemp_leg0; Geopolitical risk index_leg0; Hours worked_leg0; Payroll Mass_leg0","OK",NA
"sg_lasso","Italy","Expenditures","2020-11-15",-20313.1066228593,NA,0.03692845018762,0.5,0.387860206241066,9,9,9,2020-11-01,3047.62859534699,"Total expenditures accrual","Y_lag1; 10y yield_leg0; HICPX_leg0; Unemployment rate_leg0; Unemployment inflows_leg0; Share of LT unemp_leg0; Geopolitical risk index_leg0; Hours worked_leg0; Payroll Mass_leg0","OK",NA
"sg_lasso","Italy","Expenditures","2020-11-27",-20221.2595651789,NA,0.03692845018762,0.5,0.387860206241066,9,9,9,2020-11-01,3047.62859534699,"Total expenditures accrual","Y_lag1; 10y yield_leg0; HICPX_leg0; Unemployment rate_leg0; Unemployment inflows_leg0; Share of LT unemp_leg0; Geopolitical risk index_leg0; Hours worked_leg0; Payroll Mass_leg0","OK",NA
"sg_lasso","Italy","Expenditures","2020-12-01",-19822.5491285462,NA,0.03692845018762,0.5,0.387860206241066,9,9,9,2020-12-01,3047.62859534699,"Total expenditures accrual","Y_lag1; 10y yield_leg0; HICPX_leg0; Unemployment rate_leg0; Unemployment inflows_leg0; Share of LT unemp_leg0; Geopolitical risk index_leg0; Hours worked_leg0; Payroll Mass_leg0","OK",NA
"sg_lasso","Italy","Expenditures","2020-12-02",-19822.5491285462,NA,0.03692845018762,0.5,0.387860206241066,9,9,9,2020-12-01,3047.62859534699,"Total expenditures accrual","Y_lag1; 10y yield_leg0; HICPX_leg0; Unemployment rate_leg0; Unemployment inflows_leg0; Share of LT unemp_leg0; Geopolitical risk index_leg0; Hours worked_leg0; Payroll Mass_leg0","OK",NA
"sg_lasso","Italy","Expenditures","2020-12-15",-244.168793409321,NA,0.0890366614912193,0.5,0.405623069052461,8,8,8,2020-12-01,1306.38700414801,"Total expenditures accrual","Y_lag1; Debt-to-GDP ratio_leg0; Unemployment inflows_leg0; Share of LT unemp_leg0; Geopolitical risk index_leg0; Retail sales_leg0; Hours worked_leg0; Cash revenues_leg0","OK",NA
"sg_lasso","Italy","Expenditures","2020-12-27",-244.168793409321,NA,0.0890366614912193,0.5,0.405623069052461,8,8,8,2020-12-01,1306.38700414801,"Total expenditures accrual","Y_lag1; Debt-to-GDP ratio_leg0; Unemployment inflows_leg0; Share of LT unemp_leg0; Geopolitical risk index_leg0; Retail sales_leg0; Hours worked_leg0; Cash revenues_leg0","OK",NA
"sg_lasso","Italy","Expenditures","2021-01-01",464.358422938019,NA,0.0890366614912193,0.5,0.405623069052461,8,8,8,2021-01-01,1306.38700414801,"Total expenditures accrual","Y_lag1; Debt-to-GDP ratio_leg0; Unemployment inflows_leg0; Share of LT unemp_leg0; Geopolitical risk index_leg0; Retail sales_leg0; Hours worked_leg0; Cash revenues_leg0","OK",NA
"sg_lasso","Italy","Expenditures","2021-01-05",534.578064951069,NA,0.0890366614912193,0.5,0.405623069052461,8,8,8,2021-01-01,1306.38700414801,"Total expenditures accrual","Y_lag1; Debt-to-GDP ratio_leg0; Unemployment inflows_leg0; Share of LT unemp_leg0; Geopolitical risk index_leg0; Retail sales_leg0; Hours worked_leg0; Cash revenues_leg0","OK",NA
"sg_lasso","Italy","Expenditures","2021-01-15",471.555071631686,NA,0.0890366614912193,0.5,0.405623069052461,8,8,8,2021-01-01,1306.38700414801,"Total expenditures accrual","Y_lag1; Debt-to-GDP ratio_leg0; Unemployment inflows_leg0; Share of LT unemp_leg0; Geopolitical risk index_leg0; Retail sales_leg0; Hours worked_leg0; Cash revenues_leg0","OK",NA
"sg_lasso","Italy","Expenditures","2021-01-27",471.555071631686,NA,0.0890366614912193,0.5,0.405623069052461,8,8,8,2021-01-01,1306.38700414801,"Total expenditures accrual","Y_lag1; Debt-to-GDP ratio_leg0; Unemployment inflows_leg0; Share of LT unemp_leg0; Geopolitical risk index_leg0; Retail sales_leg0; Hours worked_leg0; Cash revenues_leg0","OK",NA
"sg_lasso","Italy","Expenditures","2021-02-01",644.168280422174,NA,0.0890366614912193,0.5,0.405623069052461,8,8,8,2021-02-01,1306.38700414801,"Total expenditures accrual","Y_lag1; Debt-to-GDP ratio_leg0; Unemployment inflows_leg0; Share of LT unemp_leg0; Geopolitical risk index_leg0; Retail sales_leg0; Hours worked_leg0; Cash revenues_leg0","OK",NA
"sg_lasso","Italy","Expenditures","2021-02-15",439.293477561794,NA,0.0890366614912193,0.5,0.405623069052461,8,8,8,2021-02-01,1306.38700414801,"Total expenditures accrual","Y_lag1; Debt-to-GDP ratio_leg0; Unemployment inflows_leg0; Share of LT unemp_leg0; Geopolitical risk index_leg0; Retail sales_leg0; Hours worked_leg0; Cash revenues_leg0","OK",NA
"sg_lasso","Italy","Expenditures","2021-02-27",439.293477561794,NA,0.0890366614912193,0.5,0.405623069052461,8,8,8,2021-02-01,1306.38700414801,"Total expenditures accrual","Y_lag1; Debt-to-GDP ratio_leg0; Unemployment inflows_leg0; Share of LT unemp_leg0; Geopolitical risk index_leg0; Retail sales_leg0; Hours worked_leg0; Cash revenues_leg0","OK",NA
"sg_lasso","Italy","Expenditures","2021-03-01",5.51912806130974,NA,0.0890366614912193,0.5,0.405623069052461,8,8,8,2021-03-01,1306.38700414801,"Total expenditures accrual","Y_lag1; Debt-to-GDP ratio_leg0; Unemployment inflows_leg0; Share of LT unemp_leg0; Geopolitical risk index_leg0; Retail sales_leg0; Hours worked_leg0; Cash revenues_leg0","OK",NA
"sg_lasso","Italy","Expenditures","2021-03-15",637.421286084156,NA,0.13897216139576,0.5,0.407798862780029,6,6,6,2021-03-01,11114.726269801,"Total expenditures accrual","Y_lag1; HICPX_leg0; Debt-to-GDP ratio_leg0; Share of LT unemp_leg0; Retail sales_leg0; Hours worked_leg0","OK",NA
"sg_lasso","Italy","Expenditures","2021-03-27",178.005738104407,NA,0.167392460398608,0.5,0.402525953129086,5,5,5,2021-03-01,11114.726269801,"Total expenditures accrual","Y_lag1; Debt-to-GDP ratio_leg0; Share of LT unemp_leg0; Retail sales_leg0; Hours worked_leg0","OK",NA
"sg_lasso","Italy","Expenditures","2021-04-01",-63.1983021387805,NA,0.167392460398608,0.5,0.402525953129086,5,5,5,2021-04-01,11114.726269801,"Total expenditures accrual","Y_lag1; Debt-to-GDP ratio_leg0; Share of LT unemp_leg0; Retail sales_leg0; Hours worked_leg0","OK",NA
"sg_lasso","Italy","Expenditures","2021-04-04",-126.524447464547,NA,0.167392460398608,0.5,0.402525953129086,5,5,5,2021-04-01,11114.726269801,"Total expenditures accrual","Y_lag1; Debt-to-GDP ratio_leg0; Share of LT unemp_leg0; Retail sales_leg0; Hours worked_leg0","OK",NA
"sg_lasso","Italy","Expenditures","2021-04-15",-126.524447464547,NA,0.167392460398608,0.5,0.402525953129086,5,5,5,2021-04-01,11114.726269801,"Total expenditures accrual","Y_lag1; Debt-to-GDP ratio_leg0; Share of LT unemp_leg0; Retail sales_leg0; Hours worked_leg0","OK",NA
"sg_lasso","Italy","Expenditures","2021-04-27",-126.524447464547,NA,0.167392460398608,0.5,0.402525953129086,5,5,5,2021-04-01,11114.726269801,"Total expenditures accrual","Y_lag1; Debt-to-GDP ratio_leg0; Share of LT unemp_leg0; Retail sales_leg0; Hours worked_leg0","OK",NA
"sg_lasso","Italy","Expenditures","2021-05-01",188.811048038366,NA,0.167392460398608,0.5,0.402525953129086,5,5,5,2021-05-01,11114.726269801,"Total expenditures accrual","Y_lag1; Debt-to-GDP ratio_leg0; Share of LT unemp_leg0; Retail sales_leg0; Hours worked_leg0","OK",NA
"sg_lasso","Italy","Expenditures","2021-05-06",-236.205447113381,NA,0.167392460398608,0.5,0.402525953129086,5,5,5,2021-05-01,11114.726269801,"Total expenditures accrual","Y_lag1; Debt-to-GDP ratio_leg0; Share of LT unemp_leg0; Retail sales_leg0; Hours worked_leg0","OK",NA
"sg_lasso","Italy","Expenditures","2021-05-15",-634.877610567924,NA,0.167392460398608,0.5,0.402525953129086,5,5,5,2021-05-01,11114.726269801,"Total expenditures accrual","Y_lag1; Debt-to-GDP ratio_leg0; Share of LT unemp_leg0; Retail sales_leg0; Hours worked_leg0","OK",NA
"sg_lasso","Italy","Expenditures","2021-05-27",-634.877610567924,NA,0.167392460398608,0.5,0.402525953129086,5,5,5,2021-05-01,11114.726269801,"Total expenditures accrual","Y_lag1; Debt-to-GDP ratio_leg0; Share of LT unemp_leg0; Retail sales_leg0; Hours worked_leg0","OK",NA
"sg_lasso","Italy","Expenditures","2021-06-01",-1521.89241449998,NA,0.167392460398608,0.5,0.402525953129086,5,5,5,2021-06-01,11114.726269801,"Total expenditures accrual","Y_lag1; Debt-to-GDP ratio_leg0; Share of LT unemp_leg0; Retail sales_leg0; Hours worked_leg0","OK",NA
"sg_lasso","Italy","Expenditures","2021-06-02",-1628.27900370384,NA,0.167392460398608,0.5,0.402525953129086,5,5,5,2021-06-01,11114.726269801,"Total expenditures accrual","Y_lag1; Debt-to-GDP ratio_leg0; Share of LT unemp_leg0; Retail sales_leg0; Hours worked_leg0","OK",NA
"sg_lasso","Italy","Expenditures","2021-06-15",1034.01879899197,NA,0.0707415067685809,0.5,0.44267201431393,7,7,7,2021-06-01,5348.31867697099,"Total expenditures accrual","Y_lag1; Unemployment inflows_leg0; Share of LT unemp_leg0; Retail sales_leg0; Hours worked_leg0; Energy prices_leg0; Cash revenues_leg0","OK",NA
"sg_lasso","Italy","Expenditures","2021-06-27",941.534123337029,NA,0.0707415067685809,0.5,0.436930712575052,7,7,7,2021-06-01,5348.31867697099,"Total expenditures accrual","Y_lag1; Unemployment inflows_leg0; Share of LT unemp_leg0; Retail sales_leg0; Hours worked_leg0; Energy prices_leg0; Cash revenues_leg0","OK",NA
"sg_lasso","Italy","Expenditures","2021-07-01",-1032.12512941563,NA,0.0707415067685809,0.5,0.436930712575052,7,7,7,2021-07-01,5348.31867697099,"Total expenditures accrual","Y_lag1; Unemployment inflows_leg0; Share of LT unemp_leg0; Retail sales_leg0; Hours worked_leg0; Energy prices_leg0; Cash revenues_leg0","OK",NA
"sg_lasso","Italy","Expenditures","2021-07-04",-859.929457514638,NA,0.0707415067685809,0.5,0.436930712575052,7,7,7,2021-07-01,5348.31867697099,"Total expenditures accrual","Y_lag1; Unemployment inflows_leg0; Share of LT unemp_leg0; Retail sales_leg0; Hours worked_leg0; Energy prices_leg0; Cash revenues_leg0","OK",NA
"sg_lasso","Italy","Expenditures","2021-07-15",-863.043542206818,NA,0.0707415067685809,0.5,0.436930712575052,7,7,7,2021-07-01,5348.31867697099,"Total expenditures accrual","Y_lag1; Unemployment inflows_leg0; Share of LT unemp_leg0; Retail sales_leg0; Hours worked_leg0; Energy prices_leg0; Cash revenues_leg0","OK",NA
"sg_lasso","Italy","Expenditures","2021-07-27",106.529011828809,NA,0.0707415067685809,0.5,0.436930712575052,7,7,7,2021-07-01,5348.31867697099,"Total expenditures accrual","Y_lag1; Unemployment inflows_leg0; Share of LT unemp_leg0; Retail sales_leg0; Hours worked_leg0; Energy prices_leg0; Cash revenues_leg0","OK",NA
"sg_lasso","Italy","Expenditures","2021-08-01",-67.9112239209571,NA,0.0707415067685809,0.5,0.436930712575052,7,7,7,2021-08-01,5348.31867697099,"Total expenditures accrual","Y_lag1; Unemployment inflows_leg0; Share of LT unemp_leg0; Retail sales_leg0; Hours worked_leg0; Energy prices_leg0; Cash revenues_leg0","OK",NA
"sg_lasso","Italy","Expenditures","2021-08-07",-150.947602842152,NA,0.0707415067685809,0.5,0.436930712575052,7,7,7,2021-08-01,5348.31867697099,"Total expenditures accrual","Y_lag1; Unemployment inflows_leg0; Share of LT unemp_leg0; Retail sales_leg0; Hours worked_leg0; Energy prices_leg0; Cash revenues_leg0","OK",NA
"sg_lasso","Italy","Expenditures","2021-08-15",329.292184881698,NA,0.0707415067685809,0.5,0.436930712575052,7,7,7,2021-08-01,5348.31867697099,"Total expenditures accrual","Y_lag1; Unemployment inflows_leg0; Share of LT unemp_leg0; Retail sales_leg0; Hours worked_leg0; Energy prices_leg0; Cash revenues_leg0","OK",NA
"sg_lasso","Italy","Expenditures","2021-08-27",-461.674898673682,NA,0.0707415067685809,0.5,0.436930712575052,7,7,7,2021-08-01,5348.31867697099,"Total expenditures accrual","Y_lag1; Unemployment inflows_leg0; Share of LT unemp_leg0; Retail sales_leg0; Hours worked_leg0; Energy prices_leg0; Cash revenues_leg0","OK",NA
"sg_lasso","Italy","Expenditures","2021-09-01",283.215567818036,NA,0.0707415067685809,0.5,0.436930712575052,7,7,7,2021-09-01,5348.31867697099,"Total expenditures accrual","Y_lag1; Unemployment inflows_leg0; Share of LT unemp_leg0; Retail sales_leg0; Hours worked_leg0; Energy prices_leg0; Cash revenues_leg0","OK",NA
"sg_lasso","Italy","Expenditures","2021-09-03",216.131192073228,NA,0.0707415067685809,0.5,0.436930712575052,7,7,7,2021-09-01,5348.31867697099,"Total expenditures accrual","Y_lag1; Unemployment inflows_leg0; Share of LT unemp_leg0; Retail sales_leg0; Hours worked_leg0; Energy prices_leg0; Cash revenues_leg0","OK",NA
"sg_lasso","Italy","Expenditures","2021-09-15",-1098.35152373393,NA,0.158857469952939,0.5,0.411026943527817,3,3,3,2021-09-01,-3010.59603244299,"Total expenditures accrual","Y_lag1; Share of LT unemp_leg0; Retail sales_leg0","OK",NA
"sg_lasso","Italy","Expenditures","2021-09-27",-961.920416858277,NA,0.1743458771627,0.5,0.41257225857478,3,3,3,2021-09-01,-3010.59603244299,"Total expenditures accrual","Y_lag1; Share of LT unemp_leg0; Retail sales_leg0","OK",NA
"sg_lasso","Italy","Expenditures","2021-10-01",-844.06097425525,NA,0.1743458771627,0.5,0.41257225857478,3,3,3,2021-10-01,-3010.59603244299,"Total expenditures accrual","Y_lag1; Share of LT unemp_leg0; Retail sales_leg0","OK",NA
"sg_lasso","Italy","Expenditures","2021-10-05",-1092.67499461617,NA,0.1743458771627,0.5,0.41257225857478,3,3,3,2021-10-01,-3010.59603244299,"Total expenditures accrual","Y_lag1; Share of LT unemp_leg0; Retail sales_leg0","OK",NA
"sg_lasso","Italy","Expenditures","2021-10-15",-1092.67499461617,NA,0.1743458771627,0.5,0.41257225857478,3,3,3,2021-10-01,-3010.59603244299,"Total expenditures accrual","Y_lag1; Share of LT unemp_leg0; Retail sales_leg0","OK",NA
"sg_lasso","Italy","Expenditures","2021-10-27",-1092.67499461617,NA,0.1743458771627,0.5,0.41257225857478,3,3,3,2021-10-01,-3010.59603244299,"Total expenditures accrual","Y_lag1; Share of LT unemp_leg0; Retail sales_leg0","OK",NA
"sg_lasso","Italy","Expenditures","2021-11-01",-880.593315039203,NA,0.1743458771627,0.5,0.41257225857478,3,3,3,2021-11-01,-3010.59603244299,"Total expenditures accrual","Y_lag1; Share of LT unemp_leg0; Retail sales_leg0","OK",NA
"sg_lasso","Italy","Expenditures","2021-11-15",-880.593315039203,NA,0.1743458771627,0.5,0.41257225857478,3,3,3,2021-11-01,-3010.59603244299,"Total expenditures accrual","Y_lag1; Share of LT unemp_leg0; Retail sales_leg0","OK",NA
"sg_lasso","Italy","Expenditures","2021-11-27",-880.593315039203,NA,0.1743458771627,0.5,0.41257225857478,3,3,3,2021-11-01,-3010.59603244299,"Total expenditures accrual","Y_lag1; Share of LT unemp_leg0; Retail sales_leg0","OK",NA
"sg_lasso","Italy","Expenditures","2021-12-01",-842.139703675323,NA,0.1743458771627,0.5,0.41257225857478,3,3,3,2021-12-01,-3010.59603244299,"Total expenditures accrual","Y_lag1; Share of LT unemp_leg0; Retail sales_leg0","OK",NA
"sg_lasso","Italy","Expenditures","2021-12-03",-887.194696243671,NA,0.1743458771627,0.5,0.41257225857478,3,3,3,2021-12-01,-3010.59603244299,"Total expenditures accrual","Y_lag1; Share of LT unemp_leg0; Retail sales_leg0","OK",NA
"sg_lasso","Italy","Expenditures","2021-12-15",2657.45994137378,NA,0.122448045995309,0.5,0.3901739309718,7,7,7,2021-12-01,8264.284822077,"Total expenditures accrual","Y_lag1; Unemployment inflows_leg0; Share of LT unemp_leg0; Retail sales_leg0; Hours worked_leg0; Energy prices_leg0; Cash revenues_leg0","OK",NA
"sg_lasso","Italy","Expenditures","2021-12-27",2157.84930634033,NA,0.0843986883981233,0.5,0.386766017826317,7,7,7,2021-12-01,8264.284822077,"Total expenditures accrual","Y_lag1; Unemployment inflows_leg0; Share of LT unemp_leg0; Retail sales_leg0; Hours worked_leg0; Energy prices_leg0; Cash revenues_leg0","OK",NA
"sg_lasso","Italy","Expenditures","2022-01-01",42.2148931277745,NA,0.0843986883981233,0.5,0.386766017826317,7,7,7,2022-01-01,8264.284822077,"Total expenditures accrual","Y_lag1; Unemployment inflows_leg0; Share of LT unemp_leg0; Retail sales_leg0; Hours worked_leg0; Energy prices_leg0; Cash revenues_leg0","OK",NA
"sg_lasso","Italy","Expenditures","2022-01-06",218.863447997736,NA,0.0843986883981233,0.5,0.386766017826317,7,7,7,2022-01-01,8264.284822077,"Total expenditures accrual","Y_lag1; Unemployment inflows_leg0; Share of LT unemp_leg0; Retail sales_leg0; Hours worked_leg0; Energy prices_leg0; Cash revenues_leg0","OK",NA
"sg_lasso","Italy","Expenditures","2022-01-15",253.915925266613,NA,0.0843986883981233,0.5,0.386766017826317,7,7,7,2022-01-01,8264.284822077,"Total expenditures accrual","Y_lag1; Unemployment inflows_leg0; Share of LT unemp_leg0; Retail sales_leg0; Hours worked_leg0; Energy prices_leg0; Cash revenues_leg0","OK",NA
"sg_lasso","Italy","Expenditures","2022-01-27",4666.79499774058,NA,0.0843986883981233,0.5,0.386766017826317,7,7,7,2022-01-01,8264.284822077,"Total expenditures accrual","Y_lag1; Unemployment inflows_leg0; Share of LT unemp_leg0; Retail sales_leg0; Hours worked_leg0; Energy prices_leg0; Cash revenues_leg0","OK",NA
"sg_lasso","Italy","Expenditures","2022-02-01",7489.50206449966,NA,0.0843986883981233,0.5,0.386766017826317,7,7,7,2022-02-01,8264.284822077,"Total expenditures accrual","Y_lag1; Unemployment inflows_leg0; Share of LT unemp_leg0; Retail sales_leg0; Hours worked_leg0; Energy prices_leg0; Cash revenues_leg0","OK",NA
"sg_lasso","Italy","Expenditures","2022-02-02",7472.85988684624,NA,0.0843986883981233,0.5,0.386766017826317,7,7,7,2022-02-01,8264.284822077,"Total expenditures accrual","Y_lag1; Unemployment inflows_leg0; Share of LT unemp_leg0; Retail sales_leg0; Hours worked_leg0; Energy prices_leg0; Cash revenues_leg0","OK",NA
"sg_lasso","Italy","Expenditures","2022-02-15",7632.79274434521,NA,0.0843986883981233,0.5,0.386766017826317,7,7,7,2022-02-01,8264.284822077,"Total expenditures accrual","Y_lag1; Unemployment inflows_leg0; Share of LT unemp_leg0; Retail sales_leg0; Hours worked_leg0; Energy prices_leg0; Cash revenues_leg0","OK",NA
"sg_lasso","Italy","Expenditures","2022-02-27",6096.45706726169,NA,0.0843986883981233,0.5,0.386766017826317,7,7,7,2022-02-01,8264.284822077,"Total expenditures accrual","Y_lag1; Unemployment inflows_leg0; Share of LT unemp_leg0; Retail sales_leg0; Hours worked_leg0; Energy prices_leg0; Cash revenues_leg0","OK",NA
"sg_lasso","Italy","Expenditures","2022-03-01",9327.99217463652,NA,0.0843986883981233,0.5,0.386766017826317,7,7,7,2022-03-01,8264.284822077,"Total expenditures accrual","Y_lag1; Unemployment inflows_leg0; Share of LT unemp_leg0; Retail sales_leg0; Hours worked_leg0; Energy prices_leg0; Cash revenues_leg0","OK",NA
"sg_lasso","Italy","Expenditures","2022-03-02",9334.02858586019,NA,0.0843986883981233,0.5,0.386766017826317,7,7,7,2022-03-01,8264.284822077,"Total expenditures accrual","Y_lag1; Unemployment inflows_leg0; Share of LT unemp_leg0; Retail sales_leg0; Hours worked_leg0; Energy prices_leg0; Cash revenues_leg0","OK",NA
"sg_lasso","Italy","Expenditures","2022-03-15",3364.72279929839,NA,0.0493954844318802,0.5,0.338399650493352,10,10,10,2022-03-01,-327.274869468005,"Total expenditures accrual","Y_lag1; Debt-to-GDP ratio_leg0; Unemployment rate_leg0; Unemployment inflows_leg0; Share of LT unemp_leg0; Geopolitical risk index_leg0; Retail sales_leg0; Hours worked_leg0; Energy prices_leg0; Cash revenues_leg0","OK",NA
"sg_lasso","Italy","Expenditures","2022-03-27",3507.36090672576,NA,0.0450073257346117,0.5,0.335763463282092,10,10,10,2022-03-01,-327.274869468005,"Total expenditures accrual","Y_lag1; Debt-to-GDP ratio_leg0; Unemployment rate_leg0; Unemployment inflows_leg0; Share of LT unemp_leg0; Geopolitical risk index_leg0; Retail sales_leg0; Hours worked_leg0; Energy prices_leg0; Cash revenues_leg0","OK",NA
"sg_lasso","Italy","Expenditures","2022-04-01",2753.11265986157,NA,0.0450073257346117,0.5,0.335763463282092,10,10,10,2022-04-01,-327.274869468005,"Total expenditures accrual","Y_lag1; Debt-to-GDP ratio_leg0; Unemployment rate_leg0; Unemployment inflows_leg0; Share of LT unemp_leg0; Geopolitical risk index_leg0; Retail sales_leg0; Hours worked_leg0; Energy prices_leg0; Cash revenues_leg0","OK",NA
"sg_lasso","Italy","Expenditures","2022-04-05",2842.44043434298,NA,0.0450073257346117,0.5,0.335763463282092,10,10,10,2022-04-01,-327.274869468005,"Total expenditures accrual","Y_lag1; Debt-to-GDP ratio_leg0; Unemployment rate_leg0; Unemployment inflows_leg0; Share of LT unemp_leg0; Geopolitical risk index_leg0; Retail sales_leg0; Hours worked_leg0; Energy prices_leg0; Cash revenues_leg0","OK",NA
"sg_lasso","Italy","Expenditures","2022-04-15",2999.43599918581,NA,0.0450073257346117,0.5,0.335763463282092,10,10,10,2022-04-01,-327.274869468005,"Total expenditures accrual","Y_lag1; Debt-to-GDP ratio_leg0; Unemployment rate_leg0; Unemployment inflows_leg0; Share of LT unemp_leg0; Geopolitical risk index_leg0; Retail sales_leg0; Hours worked_leg0; Energy prices_leg0; Cash revenues_leg0","OK",NA
"sg_lasso","Italy","Expenditures","2022-04-27",319.591250868222,NA,0.0450073257346117,0.5,0.335763463282092,10,10,10,2022-04-01,-327.274869468005,"Total expenditures accrual","Y_lag1; Debt-to-GDP ratio_leg0; Unemployment rate_leg0; Unemployment inflows_leg0; Share of LT unemp_leg0; Geopolitical risk index_leg0; Retail sales_leg0; Hours worked_leg0; Energy prices_leg0; Cash revenues_leg0","OK",NA
"sg_lasso","Italy","Expenditures","2022-05-01",-2666.45521589235,NA,0.0450073257346117,0.5,0.335763463282092,10,10,10,2022-05-01,-327.274869468005,"Total expenditures accrual","Y_lag1; Debt-to-GDP ratio_leg0; Unemployment rate_leg0; Unemployment inflows_leg0; Share of LT unemp_leg0; Geopolitical risk index_leg0; Retail sales_leg0; Hours worked_leg0; Energy prices_leg0; Cash revenues_leg0","OK",NA
"sg_lasso","Italy","Expenditures","2022-05-07",-3089.4908140305,NA,0.0450073257346117,0.5,0.335763463282092,10,10,10,2022-05-01,-327.274869468005,"Total expenditures accrual","Y_lag1; Debt-to-GDP ratio_leg0; Unemployment rate_leg0; Unemployment inflows_leg0; Share of LT unemp_leg0; Geopolitical risk index_leg0; Retail sales_leg0; Hours worked_leg0; Energy prices_leg0; Cash revenues_leg0","OK",NA
"sg_lasso","Italy","Expenditures","2022-05-15",-2983.49626876287,NA,0.0450073257346117,0.5,0.335763463282092,10,10,10,2022-05-01,-327.274869468005,"Total expenditures accrual","Y_lag1; Debt-to-GDP ratio_leg0; Unemployment rate_leg0; Unemployment inflows_leg0; Share of LT unemp_leg0; Geopolitical risk index_leg0; Retail sales_leg0; Hours worked_leg0; Energy prices_leg0; Cash revenues_leg0","OK",NA
"sg_lasso","Italy","Expenditures","2022-05-27",-888.081835690558,NA,0.0450073257346117,0.5,0.335763463282092,10,10,10,2022-05-01,-327.274869468005,"Total expenditures accrual","Y_lag1; Debt-to-GDP ratio_leg0; Unemployment rate_leg0; Unemployment inflows_leg0; Share of LT unemp_leg0; Geopolitical risk index_leg0; Retail sales_leg0; Hours worked_leg0; Energy prices_leg0; Cash revenues_leg0","OK",NA
"sg_lasso","Italy","Expenditures","2022-06-01",-1483.75075852958,NA,0.0450073257346117,0.5,0.335763463282092,10,10,10,2022-06-01,-327.274869468005,"Total expenditures accrual","Y_lag1; Debt-to-GDP ratio_leg0; Unemployment rate_leg0; Unemployment inflows_leg0; Share of LT unemp_leg0; Geopolitical risk index_leg0; Retail sales_leg0; Hours worked_leg0; Energy prices_leg0; Cash revenues_leg0","OK",NA
"sg_lasso","Italy","Expenditures","2022-06-03",-1057.95747260279,NA,0.0450073257346117,0.5,0.335763463282092,10,10,10,2022-06-01,-327.274869468005,"Total expenditures accrual","Y_lag1; Debt-to-GDP ratio_leg0; Unemployment rate_leg0; Unemployment inflows_leg0; Share of LT unemp_leg0; Geopolitical risk index_leg0; Retail sales_leg0; Hours worked_leg0; Energy prices_leg0; Cash revenues_leg0","OK",NA
"sg_lasso","Italy","Expenditures","2022-06-15",123.223983392961,NA,0.0170269476856412,0.5,0.273622244182521,12,12,12,2022-06-01,4179.768984636,"Total expenditures accrual","Y_lag1; HICPX_leg0; Debt-to-GDP ratio_leg0; Unemployment rate_leg0; Unemployment inflows_leg0; Share of LT unemp_leg0; IP_leg0; Retail sales_leg0; Hours worked_leg0; Payroll Mass_leg0; Energy prices_leg0; Cash revenues_leg0","OK",NA
"sg_lasso","Italy","Expenditures","2022-06-27",182.604389788851,NA,0.018687054065106,0.5,0.273074369201633,12,12,12,2022-06-01,4179.768984636,"Total expenditures accrual","Y_lag1; HICPX_leg0; Debt-to-GDP ratio_leg0; Unemployment rate_leg0; Unemployment inflows_leg0; Share of LT unemp_leg0; Geopolitical risk index_leg0; Retail sales_leg0; Hours worked_leg0; Payroll Mass_leg0; Energy prices_leg0; Cash revenues_leg0","OK",NA
"sg_lasso","Italy","Expenditures","2022-07-01",4495.49373074664,NA,0.018687054065106,0.5,0.273074369201633,12,12,12,2022-07-01,4179.768984636,"Total expenditures accrual","Y_lag1; HICPX_leg0; Debt-to-GDP ratio_leg0; Unemployment rate_leg0; Unemployment inflows_leg0; Share of LT unemp_leg0; Geopolitical risk index_leg0; Retail sales_leg0; Hours worked_leg0; Payroll Mass_leg0; Energy prices_leg0; Cash revenues_leg0","OK",NA
"sg_lasso","Italy","Expenditures","2022-07-05",4451.73502020812,NA,0.018687054065106,0.5,0.273074369201633,12,12,12,2022-07-01,4179.768984636,"Total expenditures accrual","Y_lag1; HICPX_leg0; Debt-to-GDP ratio_leg0; Unemployment rate_leg0; Unemployment inflows_leg0; Share of LT unemp_leg0; Geopolitical risk index_leg0; Retail sales_leg0; Hours worked_leg0; Payroll Mass_leg0; Energy prices_leg0; Cash revenues_leg0","OK",NA
"sg_lasso","Italy","Expenditures","2022-07-15",4793.38285299559,NA,0.018687054065106,0.5,0.273074369201633,12,12,12,2022-07-01,4179.768984636,"Total expenditures accrual","Y_lag1; HICPX_leg0; Debt-to-GDP ratio_leg0; Unemployment rate_leg0; Unemployment inflows_leg0; Share of LT unemp_leg0; Geopolitical risk index_leg0; Retail sales_leg0; Hours worked_leg0; Payroll Mass_leg0; Energy prices_leg0; Cash revenues_leg0","OK",NA
"sg_lasso","Italy","Expenditures","2022-07-27",3249.49489799253,NA,0.018687054065106,0.5,0.273074369201633,12,12,12,2022-07-01,4179.768984636,"Total expenditures accrual","Y_lag1; HICPX_leg0; Debt-to-GDP ratio_leg0; Unemployment rate_leg0; Unemployment inflows_leg0; Share of LT unemp_leg0; Geopolitical risk index_leg0; Retail sales_leg0; Hours worked_leg0; Payroll Mass_leg0; Energy prices_leg0; Cash revenues_leg0","OK",NA
"sg_lasso","Italy","Expenditures","2022-08-01",4251.78620710244,NA,0.018687054065106,0.5,0.273074369201633,12,12,12,2022-08-01,4179.768984636,"Total expenditures accrual","Y_lag1; HICPX_leg0; Debt-to-GDP ratio_leg0; Unemployment rate_leg0; Unemployment inflows_leg0; Share of LT unemp_leg0; Geopolitical risk index_leg0; Retail sales_leg0; Hours worked_leg0; Payroll Mass_leg0; Energy prices_leg0; Cash revenues_leg0","OK",NA
"sg_lasso","Italy","Expenditures","2022-08-15",3519.8910180034,NA,0.018687054065106,0.5,0.273074369201633,12,12,12,2022-08-01,4179.768984636,"Total expenditures accrual","Y_lag1; HICPX_leg0; Debt-to-GDP ratio_leg0; Unemployment rate_leg0; Unemployment inflows_leg0; Share of LT unemp_leg0; Geopolitical risk index_leg0; Retail sales_leg0; Hours worked_leg0; Payroll Mass_leg0; Energy prices_leg0; Cash revenues_leg0","OK",NA
"sg_lasso","Italy","Expenditures","2022-08-27",4475.94432588795,NA,0.018687054065106,0.5,0.273074369201633,12,12,12,2022-08-01,4179.768984636,"Total expenditures accrual","Y_lag1; HICPX_leg0; Debt-to-GDP ratio_leg0; Unemployment rate_leg0; Unemployment inflows_leg0; Share of LT unemp_leg0; Geopolitical risk index_leg0; Retail sales_leg0; Hours worked_leg0; Payroll Mass_leg0; Energy prices_leg0; Cash revenues_leg0","OK",NA
"sg_lasso","Italy","Expenditures","2022-09-01",3510.86684864056,NA,0.018687054065106,0.5,0.273074369201633,12,12,12,2022-09-01,4179.768984636,"Total expenditures accrual","Y_lag1; HICPX_leg0; Debt-to-GDP ratio_leg0; Unemployment rate_leg0; Unemployment inflows_leg0; Share of LT unemp_leg0; Geopolitical risk index_leg0; Retail sales_leg0; Hours worked_leg0; Payroll Mass_leg0; Energy prices_leg0; Cash revenues_leg0","OK",NA
"sg_lasso","Italy","Expenditures","2022-09-04",3529.54047783137,NA,0.018687054065106,0.5,0.273074369201633,12,12,12,2022-09-01,4179.768984636,"Total expenditures accrual","Y_lag1; HICPX_leg0; Debt-to-GDP ratio_leg0; Unemployment rate_leg0; Unemployment inflows_leg0; Share of LT unemp_leg0; Geopolitical risk index_leg0; Retail sales_leg0; Hours worked_leg0; Payroll Mass_leg0; Energy prices_leg0; Cash revenues_leg0","OK",NA
"sg_lasso","Italy","Expenditures","2022-09-15",6029.62599816558,NA,0.0239103174377398,0.5,0.27024649229829,13,13,13,2022-09-01,14801.986847293,"Total expenditures accrual","Y_lag1; 10y yield_leg0; HICPX_leg0; Debt-to-GDP ratio_leg0; Unemployment rate_leg0; Unemployment inflows_leg0; Share of LT unemp_leg0; Geopolitical risk index_leg0; Retail sales_leg0; Hours worked_leg0; Payroll Mass_leg0; Energy prices_leg0; Cash revenues_leg0","OK",NA
"sg_lasso","Italy","Expenditures","2022-09-27",5111.73285900973,NA,0.0217861907361673,0.5,0.26984149975724,13,13,13,2022-09-01,14801.986847293,"Total expenditures accrual","Y_lag1; 10y yield_leg0; HICPX_leg0; Debt-to-GDP ratio_leg0; Unemployment rate_leg0; Unemployment inflows_leg0; Share of LT unemp_leg0; Geopolitical risk index_leg0; Retail sales_leg0; Hours worked_leg0; Payroll Mass_leg0; Energy prices_leg0; Cash revenues_leg0","OK",NA
"sg_lasso","Italy","Expenditures","2022-10-01",5578.14159556365,NA,0.0217861907361673,0.5,0.26984149975724,13,13,13,2022-10-01,14801.986847293,"Total expenditures accrual","Y_lag1; 10y yield_leg0; HICPX_leg0; Debt-to-GDP ratio_leg0; Unemployment rate_leg0; Unemployment inflows_leg0; Share of LT unemp_leg0; Geopolitical risk index_leg0; Retail sales_leg0; Hours worked_leg0; Payroll Mass_leg0; Energy prices_leg0; Cash revenues_leg0","OK",NA
"sg_lasso","Italy","Expenditures","2022-10-06",5666.29442067829,NA,0.0217861907361673,0.5,0.26984149975724,13,13,13,2022-10-01,14801.986847293,"Total expenditures accrual","Y_lag1; 10y yield_leg0; HICPX_leg0; Debt-to-GDP ratio_leg0; Unemployment rate_leg0; Unemployment inflows_leg0; Share of LT unemp_leg0; Geopolitical risk index_leg0; Retail sales_leg0; Hours worked_leg0; Payroll Mass_leg0; Energy prices_leg0; Cash revenues_leg0","OK",NA
"sg_lasso","Italy","Expenditures","2022-10-15",3551.74614132906,NA,0.0217861907361673,0.5,0.26984149975724,13,13,13,2022-10-01,14801.986847293,"Total expenditures accrual","Y_lag1; 10y yield_leg0; HICPX_leg0; Debt-to-GDP ratio_leg0; Unemployment rate_leg0; Unemployment inflows_leg0; Share of LT unemp_leg0; Geopolitical risk index_leg0; Retail sales_leg0; Hours worked_leg0; Payroll Mass_leg0; Energy prices_leg0; Cash revenues_leg0","OK",NA
"sg_lasso","Italy","Expenditures","2022-10-27",10312.2275213013,NA,0.0217861907361673,0.5,0.26984149975724,13,13,13,2022-10-01,14801.986847293,"Total expenditures accrual","Y_lag1; 10y yield_leg0; HICPX_leg0; Debt-to-GDP ratio_leg0; Unemployment rate_leg0; Unemployment inflows_leg0; Share of LT unemp_leg0; Geopolitical risk index_leg0; Retail sales_leg0; Hours worked_leg0; Payroll Mass_leg0; Energy prices_leg0; Cash revenues_leg0","OK",NA
"sg_lasso","Italy","Expenditures","2022-11-01",15006.4004009564,NA,0.0217861907361673,0.5,0.26984149975724,13,13,13,2022-11-01,14801.986847293,"Total expenditures accrual","Y_lag1; 10y yield_leg0; HICPX_leg0; Debt-to-GDP ratio_leg0; Unemployment rate_leg0; Unemployment inflows_leg0; Share of LT unemp_leg0; Geopolitical risk index_leg0; Retail sales_leg0; Hours worked_leg0; Payroll Mass_leg0; Energy prices_leg0; Cash revenues_leg0","OK",NA
"sg_lasso","Italy","Expenditures","2022-11-02",15048.9145340295,NA,0.0217861907361673,0.5,0.26984149975724,13,13,13,2022-11-01,14801.986847293,"Total expenditures accrual","Y_lag1; 10y yield_leg0; HICPX_leg0; Debt-to-GDP ratio_leg0; Unemployment rate_leg0; Unemployment inflows_leg0; Share of LT unemp_leg0; Geopolitical risk index_leg0; Retail sales_leg0; Hours worked_leg0; Payroll Mass_leg0; Energy prices_leg0; Cash revenues_leg0","OK",NA
"sg_lasso","Italy","Expenditures","2022-11-15",15479.2290739583,NA,0.0217861907361673,0.5,0.26984149975724,13,13,13,2022-11-01,14801.986847293,"Total expenditures accrual","Y_lag1; 10y yield_leg0; HICPX_leg0; Debt-to-GDP ratio_leg0; Unemployment rate_leg0; Unemployment inflows_leg0; Share of LT unemp_leg0; Geopolitical risk index_leg0; Retail sales_leg0; Hours worked_leg0; Payroll Mass_leg0; Energy prices_leg0; Cash revenues_leg0","OK",NA
"sg_lasso","Italy","Expenditures","2022-11-27",8920.01042945694,NA,0.0217861907361673,0.5,0.26984149975724,13,13,13,2022-11-01,14801.986847293,"Total expenditures accrual","Y_lag1; 10y yield_leg0; HICPX_leg0; Debt-to-GDP ratio_leg0; Unemployment rate_leg0; Unemployment inflows_leg0; Share of LT unemp_leg0; Geopolitical risk index_leg0; Retail sales_leg0; Hours worked_leg0; Payroll Mass_leg0; Energy prices_leg0; Cash revenues_leg0","OK",NA
"sg_lasso","Italy","Expenditures","2022-12-01",7819.26041400058,NA,0.0217861907361673,0.5,0.26984149975724,13,13,13,2022-12-01,14801.986847293,"Total expenditures accrual","Y_lag1; 10y yield_leg0; HICPX_leg0; Debt-to-GDP ratio_leg0; Unemployment rate_leg0; Unemployment inflows_leg0; Share of LT unemp_leg0; Geopolitical risk index_leg0; Retail sales_leg0; Hours worked_leg0; Payroll Mass_leg0; Energy prices_leg0; Cash revenues_leg0","OK",NA
"sg_lasso","Italy","Expenditures","2022-12-04",7876.98744442087,NA,0.0217861907361673,0.5,0.26984149975724,13,13,13,2022-12-01,14801.986847293,"Total expenditures accrual","Y_lag1; 10y yield_leg0; HICPX_leg0; Debt-to-GDP ratio_leg0; Unemployment rate_leg0; Unemployment inflows_leg0; Share of LT unemp_leg0; Geopolitical risk index_leg0; Retail sales_leg0; Hours worked_leg0; Payroll Mass_leg0; Energy prices_leg0; Cash revenues_leg0","OK",NA
"sg_lasso","Italy","Expenditures","2022-12-15",5415.34831347619,NA,0.0157731654567276,0.5,0.276322970406452,11,11,11,2022-12-01,434.600859738013,"Total expenditures accrual","Y_lag1; 10y yield_leg0; HICPX_leg0; Debt-to-GDP ratio_leg0; Unemployment rate_leg0; Unemployment inflows_leg0; Share of LT unemp_leg0; Retail sales_leg0; Hours worked_leg0; Payroll Mass_leg0; Energy prices_leg0","OK",NA
"sg_lasso","Italy","Expenditures","2022-12-27",5550.13131550652,NA,0.0173110296166763,0.5,0.268040966337484,11,11,11,2022-12-01,434.600859738013,"Total expenditures accrual","Y_lag1; 10y yield_leg0; HICPX_leg0; Debt-to-GDP ratio_leg0; Unemployment rate_leg0; Unemployment inflows_leg0; Share of LT unemp_leg0; Retail sales_leg0; Hours worked_leg0; Payroll Mass_leg0; Energy prices_leg0","OK",NA
"sg_lasso","Italy","Expenditures","2023-01-01",3909.96623852311,NA,0.0173110296166763,0.5,0.268040966337484,11,11,11,2023-01-01,434.600859738013,"Total expenditures accrual","Y_lag1; 10y yield_leg0; HICPX_leg0; Debt-to-GDP ratio_leg0; Unemployment rate_leg0; Unemployment inflows_leg0; Share of LT unemp_leg0; Retail sales_leg0; Hours worked_leg0; Payroll Mass_leg0; Energy prices_leg0","OK",NA
"sg_lasso","Italy","Expenditures","2023-01-07",3814.12707628728,NA,0.0173110296166763,0.5,0.268040966337484,11,11,11,2023-01-01,434.600859738013,"Total expenditures accrual","Y_lag1; 10y yield_leg0; HICPX_leg0; Debt-to-GDP ratio_leg0; Unemployment rate_leg0; Unemployment inflows_leg0; Share of LT unemp_leg0; Retail sales_leg0; Hours worked_leg0; Payroll Mass_leg0; Energy prices_leg0","OK",NA
"sg_lasso","Italy","Expenditures","2023-01-15",4330.81496148916,NA,0.0173110296166763,0.5,0.268040966337484,11,11,11,2023-01-01,434.600859738013,"Total expenditures accrual","Y_lag1; 10y yield_leg0; HICPX_leg0; Debt-to-GDP ratio_leg0; Unemployment rate_leg0; Unemployment inflows_leg0; Share of LT unemp_leg0; Retail sales_leg0; Hours worked_leg0; Payroll Mass_leg0; Energy prices_leg0","OK",NA
"sg_lasso","Italy","Expenditures","2023-01-27",4048.29429399738,NA,0.0173110296166763,0.5,0.268040966337484,11,11,11,2023-01-01,434.600859738013,"Total expenditures accrual","Y_lag1; 10y yield_leg0; HICPX_leg0; Debt-to-GDP ratio_leg0; Unemployment rate_leg0; Unemployment inflows_leg0; Share of LT unemp_leg0; Retail sales_leg0; Hours worked_leg0; Payroll Mass_leg0; Energy prices_leg0","OK",NA
"sg_lasso","Italy","Expenditures","2023-02-01",4900.78914439866,NA,0.0173110296166763,0.5,0.268040966337484,11,11,11,2023-02-01,434.600859738013,"Total expenditures accrual","Y_lag1; 10y yield_leg0; HICPX_leg0; Debt-to-GDP ratio_leg0; Unemployment rate_leg0; Unemployment inflows_leg0; Share of LT unemp_leg0; Retail sales_leg0; Hours worked_leg0; Payroll Mass_leg0; Energy prices_leg0","OK",NA
"sg_lasso","Italy","Expenditures","2023-02-03",5038.55052051469,NA,0.0173110296166763,0.5,0.268040966337484,11,11,11,2023-02-01,434.600859738013,"Total expenditures accrual","Y_lag1; 10y yield_leg0; HICPX_leg0; Debt-to-GDP ratio_leg0; Unemployment rate_leg0; Unemployment inflows_leg0; Share of LT unemp_leg0; Retail sales_leg0; Hours worked_leg0; Payroll Mass_leg0; Energy prices_leg0","OK",NA
"sg_lasso","Italy","Expenditures","2023-02-15",4083.07285445884,NA,0.0173110296166763,0.5,0.268040966337484,11,11,11,2023-02-01,434.600859738013,"Total expenditures accrual","Y_lag1; 10y yield_leg0; HICPX_leg0; Debt-to-GDP ratio_leg0; Unemployment rate_leg0; Unemployment inflows_leg0; Share of LT unemp_leg0; Retail sales_leg0; Hours worked_leg0; Payroll Mass_leg0; Energy prices_leg0","OK",NA
"sg_lasso","Italy","Expenditures","2023-02-27",4468.56557888158,NA,0.0173110296166763,0.5,0.268040966337484,11,11,11,2023-02-01,434.600859738013,"Total expenditures accrual","Y_lag1; 10y yield_leg0; HICPX_leg0; Debt-to-GDP ratio_leg0; Unemployment rate_leg0; Unemployment inflows_leg0; Share of LT unemp_leg0; Retail sales_leg0; Hours worked_leg0; Payroll Mass_leg0; Energy prices_leg0","OK",NA
"sg_lasso","Italy","Expenditures","2023-03-01",4183.49251653439,NA,0.0173110296166763,0.5,0.268040966337484,11,11,11,2023-03-01,434.600859738013,"Total expenditures accrual","Y_lag1; 10y yield_leg0; HICPX_leg0; Debt-to-GDP ratio_leg0; Unemployment rate_leg0; Unemployment inflows_leg0; Share of LT unemp_leg0; Retail sales_leg0; Hours worked_leg0; Payroll Mass_leg0; Energy prices_leg0","OK",NA
"sg_lasso","Italy","Expenditures","2023-03-03",4191.07576407236,NA,0.0173110296166763,0.5,0.268040966337484,11,11,11,2023-03-01,434.600859738013,"Total expenditures accrual","Y_lag1; 10y yield_leg0; HICPX_leg0; Debt-to-GDP ratio_leg0; Unemployment rate_leg0; Unemployment inflows_leg0; Share of LT unemp_leg0; Retail sales_leg0; Hours worked_leg0; Payroll Mass_leg0; Energy prices_leg0","OK",NA
"sg_lasso","Italy","Expenditures","2023-03-15",822.23671102179,NA,0.0249153942268373,0.5,0.195391346972255,11,11,11,2023-03-01,-4387.03233866097,"Total expenditures accrual","Y_lag1; HICPX_leg0; Debt-to-GDP ratio_leg0; Unemployment rate_leg0; Unemployment inflows_leg0; Share of LT unemp_leg0; Retail sales_leg0; Hours worked_leg0; Payroll Mass_leg0; Energy prices_leg0; Cash revenues_leg0","OK",NA
"sg_lasso","Italy","Expenditures","2023-03-27",5.20782421335753,NA,0.0273446144057268,0.5,0.210249236623811,11,11,11,2023-03-01,-4387.03233866097,"Total expenditures accrual","Y_lag1; HICPX_leg0; Debt-to-GDP ratio_leg0; Unemployment rate_leg0; Unemployment inflows_leg0; Share of LT unemp_leg0; Retail sales_leg0; Hours worked_leg0; Payroll Mass_leg0; Energy prices_leg0; Cash revenues_leg0","OK",NA
"sg_lasso","Italy","Expenditures","2023-04-01",-3444.80779129384,NA,0.0273446144057268,0.5,0.210249236623811,11,11,11,2023-04-01,-4387.03233866097,"Total expenditures accrual","Y_lag1; HICPX_leg0; Debt-to-GDP ratio_leg0; Unemployment rate_leg0; Unemployment inflows_leg0; Share of LT unemp_leg0; Retail sales_leg0; Hours worked_leg0; Payroll Mass_leg0; Energy prices_leg0; Cash revenues_leg0","OK",NA
"sg_lasso","Italy","Expenditures","2023-04-06",-3433.34382895087,NA,0.0273446144057268,0.5,0.210249236623811,11,11,11,2023-04-01,-4387.03233866097,"Total expenditures accrual","Y_lag1; HICPX_leg0; Debt-to-GDP ratio_leg0; Unemployment rate_leg0; Unemployment inflows_leg0; Share of LT unemp_leg0; Retail sales_leg0; Hours worked_leg0; Payroll Mass_leg0; Energy prices_leg0; Cash revenues_leg0","OK",NA
"sg_lasso","Italy","Expenditures","2023-04-15",-2603.36916496666,NA,0.0273446144057268,0.5,0.210249236623811,11,11,11,2023-04-01,-4387.03233866097,"Total expenditures accrual","Y_lag1; HICPX_leg0; Debt-to-GDP ratio_leg0; Unemployment rate_leg0; Unemployment inflows_leg0; Share of LT unemp_leg0; Retail sales_leg0; Hours worked_leg0; Payroll Mass_leg0; Energy prices_leg0; Cash revenues_leg0","OK",NA
"sg_lasso","Italy","Expenditures","2023-04-27",-1339.06911569139,NA,0.0273446144057268,0.5,0.210249236623811,11,11,11,2023-04-01,-4387.03233866097,"Total expenditures accrual","Y_lag1; HICPX_leg0; Debt-to-GDP ratio_leg0; Unemployment rate_leg0; Unemployment inflows_leg0; Share of LT unemp_leg0; Retail sales_leg0; Hours worked_leg0; Payroll Mass_leg0; Energy prices_leg0; Cash revenues_leg0","OK",NA
"sg_lasso","Italy","Expenditures","2023-05-01",-1219.96768201024,NA,0.0273446144057268,0.5,0.210249236623811,11,11,11,2023-05-01,-4387.03233866097,"Total expenditures accrual","Y_lag1; HICPX_leg0; Debt-to-GDP ratio_leg0; Unemployment rate_leg0; Unemployment inflows_leg0; Share of LT unemp_leg0; Retail sales_leg0; Hours worked_leg0; Payroll Mass_leg0; Energy prices_leg0; Cash revenues_leg0","OK",NA
"sg_lasso","Italy","Expenditures","2023-05-15",-738.448483118535,NA,0.0273446144057268,0.5,0.210249236623811,11,11,11,2023-05-01,-4387.03233866097,"Total expenditures accrual","Y_lag1; HICPX_leg0; Debt-to-GDP ratio_leg0; Unemployment rate_leg0; Unemployment inflows_leg0; Share of LT unemp_leg0; Retail sales_leg0; Hours worked_leg0; Payroll Mass_leg0; Energy prices_leg0; Cash revenues_leg0","OK",NA
"sg_lasso","Italy","Expenditures","2023-05-27",-619.926176243488,NA,0.0273446144057268,0.5,0.210249236623811,11,11,11,2023-05-01,-4387.03233866097,"Total expenditures accrual","Y_lag1; HICPX_leg0; Debt-to-GDP ratio_leg0; Unemployment rate_leg0; Unemployment inflows_leg0; Share of LT unemp_leg0; Retail sales_leg0; Hours worked_leg0; Payroll Mass_leg0; Energy prices_leg0; Cash revenues_leg0","OK",NA
"sg_lasso","Italy","Expenditures","2023-06-01",2082.14916413013,NA,0.0273446144057268,0.5,0.210249236623811,11,11,11,2023-06-01,-4387.03233866097,"Total expenditures accrual","Y_lag1; HICPX_leg0; Debt-to-GDP ratio_leg0; Unemployment rate_leg0; Unemployment inflows_leg0; Share of LT unemp_leg0; Retail sales_leg0; Hours worked_leg0; Payroll Mass_leg0; Energy prices_leg0; Cash revenues_leg0","OK",NA
"sg_lasso","Italy","Expenditures","2023-06-04",2132.79272502048,NA,0.0273446144057268,0.5,0.210249236623811,11,11,11,2023-06-01,-4387.03233866097,"Total expenditures accrual","Y_lag1; HICPX_leg0; Debt-to-GDP ratio_leg0; Unemployment rate_leg0; Unemployment inflows_leg0; Share of LT unemp_leg0; Retail sales_leg0; Hours worked_leg0; Payroll Mass_leg0; Energy prices_leg0; Cash revenues_leg0","OK",NA
"sg_lasso","Italy","Expenditures","2023-06-15",852.65323488902,NA,0.0275867121372469,0.5,0.229196084135815,11,11,11,2023-06-01,-1344.92595036305,"Total expenditures accrual","Y_lag1; HICPX_leg0; Debt-to-GDP ratio_leg0; Unemployment rate_leg0; Unemployment inflows_leg0; Share of LT unemp_leg0; Retail sales_leg0; Hours worked_leg0; Payroll Mass_leg0; Energy prices_leg0; Cash revenues_leg0","OK",NA
"sg_lasso","Italy","Expenditures","2023-06-27",-6.28468149538571,NA,0.0275867121372469,0.5,0.225474861229262,11,11,11,2023-06-01,-1344.92595036305,"Total expenditures accrual","Y_lag1; HICPX_leg0; Debt-to-GDP ratio_leg0; Unemployment rate_leg0; Unemployment inflows_leg0; Share of LT unemp_leg0; Retail sales_leg0; Hours worked_leg0; Payroll Mass_leg0; Energy prices_leg0; Cash revenues_leg0","OK",NA
"sg_lasso","Italy","Expenditures","2023-07-01",-330.498232163839,NA,0.0275867121372469,0.5,0.225474861229262,11,11,11,2023-07-01,-1344.92595036305,"Total expenditures accrual","Y_lag1; HICPX_leg0; Debt-to-GDP ratio_leg0; Unemployment rate_leg0; Unemployment inflows_leg0; Share of LT unemp_leg0; Retail sales_leg0; Hours worked_leg0; Payroll Mass_leg0; Energy prices_leg0; Cash revenues_leg0","OK",NA
"sg_lasso","Italy","Expenditures","2023-07-06",-310.555190435671,NA,0.0275867121372469,0.5,0.225474861229262,11,11,11,2023-07-01,-1344.92595036305,"Total expenditures accrual","Y_lag1; HICPX_leg0; Debt-to-GDP ratio_leg0; Unemployment rate_leg0; Unemployment inflows_leg0; Share of LT unemp_leg0; Retail sales_leg0; Hours worked_leg0; Payroll Mass_leg0; Energy prices_leg0; Cash revenues_leg0","OK",NA
"sg_lasso","Italy","Expenditures","2023-07-15",-1529.47641758497,NA,0.0275867121372469,0.5,0.225474861229262,11,11,11,2023-07-01,-1344.92595036305,"Total expenditures accrual","Y_lag1; HICPX_leg0; Debt-to-GDP ratio_leg0; Unemployment rate_leg0; Unemployment inflows_leg0; Share of LT unemp_leg0; Retail sales_leg0; Hours worked_leg0; Payroll Mass_leg0; Energy prices_leg0; Cash revenues_leg0","OK",NA
"sg_lasso","Italy","Expenditures","2023-07-27",-736.318018574138,NA,0.0275867121372469,0.5,0.225474861229262,11,11,11,2023-07-01,-1344.92595036305,"Total expenditures accrual","Y_lag1; HICPX_leg0; Debt-to-GDP ratio_leg0; Unemployment rate_leg0; Unemployment inflows_leg0; Share of LT unemp_leg0; Retail sales_leg0; Hours worked_leg0; Payroll Mass_leg0; Energy prices_leg0; Cash revenues_leg0","OK",NA
"sg_lasso","Italy","Expenditures","2023-08-01",-2072.80937605625,NA,0.0275867121372469,0.5,0.225474861229262,11,11,11,2023-08-01,-1344.92595036305,"Total expenditures accrual","Y_lag1; HICPX_leg0; Debt-to-GDP ratio_leg0; Unemployment rate_leg0; Unemployment inflows_leg0; Share of LT unemp_leg0; Retail sales_leg0; Hours worked_leg0; Payroll Mass_leg0; Energy prices_leg0; Cash revenues_leg0","OK",NA
"sg_lasso","Italy","Expenditures","2023-08-02",-2041.7535975404,NA,0.0275867121372469,0.5,0.225474861229262,11,11,11,2023-08-01,-1344.92595036305,"Total expenditures accrual","Y_lag1; HICPX_leg0; Debt-to-GDP ratio_leg0; Unemployment rate_leg0; Unemployment inflows_leg0; Share of LT unemp_leg0; Retail sales_leg0; Hours worked_leg0; Payroll Mass_leg0; Energy prices_leg0; Cash revenues_leg0","OK",NA
"sg_lasso","Italy","Expenditures","2023-08-15",961.813663427064,NA,0.0275867121372469,0.5,0.225474861229262,11,11,11,2023-08-01,-1344.92595036305,"Total expenditures accrual","Y_lag1; HICPX_leg0; Debt-to-GDP ratio_leg0; Unemployment rate_leg0; Unemployment inflows_leg0; Share of LT unemp_leg0; Retail sales_leg0; Hours worked_leg0; Payroll Mass_leg0; Energy prices_leg0; Cash revenues_leg0","OK",NA
"sg_lasso","Italy","Expenditures","2023-08-27",434.069756734817,NA,0.0275867121372469,0.5,0.225474861229262,11,11,11,2023-08-01,-1344.92595036305,"Total expenditures accrual","Y_lag1; HICPX_leg0; Debt-to-GDP ratio_leg0; Unemployment rate_leg0; Unemployment inflows_leg0; Share of LT unemp_leg0; Retail sales_leg0; Hours worked_leg0; Payroll Mass_leg0; Energy prices_leg0; Cash revenues_leg0","OK",NA
"sg_lasso","Italy","Expenditures","2023-09-01",2535.12910311558,NA,0.0275867121372469,0.5,0.225474861229262,11,11,11,2023-09-01,-1344.92595036305,"Total expenditures accrual","Y_lag1; HICPX_leg0; Debt-to-GDP ratio_leg0; Unemployment rate_leg0; Unemployment inflows_leg0; Share of LT unemp_leg0; Retail sales_leg0; Hours worked_leg0; Payroll Mass_leg0; Energy prices_leg0; Cash revenues_leg0","OK",NA
"sg_lasso","Italy","Expenditures","2023-09-05",2621.74856556981,NA,0.0275867121372469,0.5,0.225474861229262,11,11,11,2023-09-01,-1344.92595036305,"Total expenditures accrual","Y_lag1; HICPX_leg0; Debt-to-GDP ratio_leg0; Unemployment rate_leg0; Unemployment inflows_leg0; Share of LT unemp_leg0; Retail sales_leg0; Hours worked_leg0; Payroll Mass_leg0; Energy prices_leg0; Cash revenues_leg0","OK",NA
"sg_lasso","Italy","Expenditures","2023-09-15",1547.8115103959,NA,0.0332074821523064,0.5,0.192882985943011,11,11,11,2023-09-01,8363.48065558,"Total expenditures accrual","Y_lag1; 10y yield_leg0; HICPX_leg0; Unemployment rate_leg0; Unemployment inflows_leg0; Share of LT unemp_leg0; Retail sales_leg0; Hours worked_leg0; Payroll Mass_leg0; Energy prices_leg0; Cash revenues_leg0","OK",NA
"sg_lasso","Italy","Expenditures","2023-09-27",935.32095833519,NA,0.0332074821523064,0.5,0.201998985001372,11,11,11,2023-09-01,8363.48065558,"Total expenditures accrual","Y_lag1; 10y yield_leg0; HICPX_leg0; Unemployment rate_leg0; Unemployment inflows_leg0; Share of LT unemp_leg0; Retail sales_leg0; Hours worked_leg0; Payroll Mass_leg0; Energy prices_leg0; Cash revenues_leg0","OK",NA
"sg_lasso","Italy","Expenditures","2023-10-01",1321.33288392715,NA,0.0332074821523064,0.5,0.201998985001372,11,11,11,2023-10-01,8363.48065558,"Total expenditures accrual","Y_lag1; 10y yield_leg0; HICPX_leg0; Unemployment rate_leg0; Unemployment inflows_leg0; Share of LT unemp_leg0; Retail sales_leg0; Hours worked_leg0; Payroll Mass_leg0; Energy prices_leg0; Cash revenues_leg0","OK",NA
"sg_lasso","Italy","Expenditures","2023-10-07",1253.8613686173,NA,0.0332074821523064,0.5,0.201998985001372,11,11,11,2023-10-01,8363.48065558,"Total expenditures accrual","Y_lag1; 10y yield_leg0; HICPX_leg0; Unemployment rate_leg0; Unemployment inflows_leg0; Share of LT unemp_leg0; Retail sales_leg0; Hours worked_leg0; Payroll Mass_leg0; Energy prices_leg0; Cash revenues_leg0","OK",NA
"sg_lasso","Italy","Expenditures","2023-10-15",2127.51209626448,NA,0.0332074821523064,0.5,0.201998985001372,11,11,11,2023-10-01,8363.48065558,"Total expenditures accrual","Y_lag1; 10y yield_leg0; HICPX_leg0; Unemployment rate_leg0; Unemployment inflows_leg0; Share of LT unemp_leg0; Retail sales_leg0; Hours worked_leg0; Payroll Mass_leg0; Energy prices_leg0; Cash revenues_leg0","OK",NA
"sg_lasso","Italy","Expenditures","2023-10-27",1499.09593654328,NA,0.0332074821523064,0.5,0.201998985001372,11,11,11,2023-10-01,8363.48065558,"Total expenditures accrual","Y_lag1; 10y yield_leg0; HICPX_leg0; Unemployment rate_leg0; Unemployment inflows_leg0; Share of LT unemp_leg0; Retail sales_leg0; Hours worked_leg0; Payroll Mass_leg0; Energy prices_leg0; Cash revenues_leg0","OK",NA
"sg_lasso","Italy","Expenditures","2023-11-01",-11.335696000411,NA,0.0332074821523064,0.5,0.201998985001372,11,11,11,2023-11-01,8363.48065558,"Total expenditures accrual","Y_lag1; 10y yield_leg0; HICPX_leg0; Unemployment rate_leg0; Unemployment inflows_leg0; Share of LT unemp_leg0; Retail sales_leg0; Hours worked_leg0; Payroll Mass_leg0; Energy prices_leg0; Cash revenues_leg0","OK",NA
"sg_lasso","Italy","Expenditures","2023-11-03",-65.8453524175516,NA,0.0332074821523064,0.5,0.201998985001372,11,11,11,2023-11-01,8363.48065558,"Total expenditures accrual","Y_lag1; 10y yield_leg0; HICPX_leg0; Unemployment rate_leg0; Unemployment inflows_leg0; Share of LT unemp_leg0; Retail sales_leg0; Hours worked_leg0; Payroll Mass_leg0; Energy prices_leg0; Cash revenues_leg0","OK",NA
"sg_lasso","Italy","Expenditures","2023-11-15",323.39887802344,NA,0.0332074821523064,0.5,0.201998985001372,11,11,11,2023-11-01,8363.48065558,"Total expenditures accrual","Y_lag1; 10y yield_leg0; HICPX_leg0; Unemployment rate_leg0; Unemployment inflows_leg0; Share of LT unemp_leg0; Retail sales_leg0; Hours worked_leg0; Payroll Mass_leg0; Energy prices_leg0; Cash revenues_leg0","OK",NA
"sg_lasso","Italy","Expenditures","2023-11-27",-345.356080523309,NA,0.0332074821523064,0.5,0.201998985001372,11,11,11,2023-11-01,8363.48065558,"Total expenditures accrual","Y_lag1; 10y yield_leg0; HICPX_leg0; Unemployment rate_leg0; Unemployment inflows_leg0; Share of LT unemp_leg0; Retail sales_leg0; Hours worked_leg0; Payroll Mass_leg0; Energy prices_leg0; Cash revenues_leg0","OK",NA
"sg_lasso","Italy","Expenditures","2023-12-01",-540.457965320748,NA,0.0332074821523064,0.5,0.201998985001372,11,11,11,2023-12-01,8363.48065558,"Total expenditures accrual","Y_lag1; 10y yield_leg0; HICPX_leg0; Unemployment rate_leg0; Unemployment inflows_leg0; Share of LT unemp_leg0; Retail sales_leg0; Hours worked_leg0; Payroll Mass_leg0; Energy prices_leg0; Cash revenues_leg0","OK",NA
"sg_lasso","Italy","Expenditures","2023-12-05",-452.387173918038,NA,0.0332074821523064,0.5,0.201998985001372,11,11,11,2023-12-01,8363.48065558,"Total expenditures accrual","Y_lag1; 10y yield_leg0; HICPX_leg0; Unemployment rate_leg0; Unemployment inflows_leg0; Share of LT unemp_leg0; Retail sales_leg0; Hours worked_leg0; Payroll Mass_leg0; Energy prices_leg0; Cash revenues_leg0","OK",NA
"sg_lasso","Italy","Expenditures","2023-12-15",11344.953605021,NA,0.0210389693226763,0.5,0.20968440993161,13,13,13,2023-12-01,22381.62169969,"Total expenditures accrual","Y_lag1; 10y yield_leg0; HICPX_leg0; Unemployment rate_leg0; Unemployment inflows_leg0; Share of LT unemp_leg0; Geopolitical risk index_leg0; IP_leg0; Retail sales_leg0; Hours worked_leg0; Payroll Mass_leg0; Energy prices_leg0; Cash revenues_leg0","OK",NA
"sg_lasso","Italy","Expenditures","2023-12-27",9816.47139757166,NA,0.014501345461652,0.5,0.203518338304071,14,14,14,2023-12-01,22381.62169969,"Total expenditures accrual","Y_lag1; 10y yield_leg0; HICPX_leg0; Debt-to-GDP ratio_leg0; Unemployment rate_leg0; Unemployment inflows_leg0; Share of LT unemp_leg0; Geopolitical risk index_leg0; IP_leg0; Retail sales_leg0; Hours worked_leg0; Payroll Mass_leg0; Energy prices_leg0; Cash revenues_leg0","OK",NA
"sg_lasso","Italy","Expenditures","2024-01-01",9100.72777348783,NA,0.014501345461652,0.5,0.203518338304071,14,14,14,2024-01-01,22381.62169969,"Total expenditures accrual","Y_lag1; 10y yield_leg0; HICPX_leg0; Debt-to-GDP ratio_leg0; Unemployment rate_leg0; Unemployment inflows_leg0; Share of LT unemp_leg0; Geopolitical risk index_leg0; IP_leg0; Retail sales_leg0; Hours worked_leg0; Payroll Mass_leg0; Energy prices_leg0; Cash revenues_leg0","OK",NA
"sg_lasso","Italy","Expenditures","2024-01-15",8731.45244206629,NA,0.014501345461652,0.5,0.203518338304071,14,14,14,2024-01-01,22381.62169969,"Total expenditures accrual","Y_lag1; 10y yield_leg0; HICPX_leg0; Debt-to-GDP ratio_leg0; Unemployment rate_leg0; Unemployment inflows_leg0; Share of LT unemp_leg0; Geopolitical risk index_leg0; IP_leg0; Retail sales_leg0; Hours worked_leg0; Payroll Mass_leg0; Energy prices_leg0; Cash revenues_leg0","OK",NA
"sg_lasso","Italy","Expenditures","2024-01-27",8624.77410894409,NA,0.014501345461652,0.5,0.203518338304071,14,14,14,2024-01-01,22381.62169969,"Total expenditures accrual","Y_lag1; 10y yield_leg0; HICPX_leg0; Debt-to-GDP ratio_leg0; Unemployment rate_leg0; Unemployment inflows_leg0; Share of LT unemp_leg0; Geopolitical risk index_leg0; IP_leg0; Retail sales_leg0; Hours worked_leg0; Payroll Mass_leg0; Energy prices_leg0; Cash revenues_leg0","OK",NA
"sg_lasso","Italy","Expenditures","2024-02-01",7339.93767810975,NA,0.014501345461652,0.5,0.203518338304071,14,14,14,2024-02-01,22381.62169969,"Total expenditures accrual","Y_lag1; 10y yield_leg0; HICPX_leg0; Debt-to-GDP ratio_leg0; Unemployment rate_leg0; Unemployment inflows_leg0; Share of LT unemp_leg0; Geopolitical risk index_leg0; IP_leg0; Retail sales_leg0; Hours worked_leg0; Payroll Mass_leg0; Energy prices_leg0; Cash revenues_leg0","OK",NA
"sg_lasso","Italy","Expenditures","2024-02-04",7300.79723270407,NA,0.014501345461652,0.5,0.203518338304071,14,14,14,2024-02-01,22381.62169969,"Total expenditures accrual","Y_lag1; 10y yield_leg0; HICPX_leg0; Debt-to-GDP ratio_leg0; Unemployment rate_leg0; Unemployment inflows_leg0; Share of LT unemp_leg0; Geopolitical risk index_leg0; IP_leg0; Retail sales_leg0; Hours worked_leg0; Payroll Mass_leg0; Energy prices_leg0; Cash revenues_leg0","OK",NA
"sg_lasso","Italy","Expenditures","2024-02-15",7199.91984947175,NA,0.014501345461652,0.5,0.203518338304071,14,14,14,2024-02-01,22381.62169969,"Total expenditures accrual","Y_lag1; 10y yield_leg0; HICPX_leg0; Debt-to-GDP ratio_leg0; Unemployment rate_leg0; Unemployment inflows_leg0; Share of LT unemp_leg0; Geopolitical risk index_leg0; IP_leg0; Retail sales_leg0; Hours worked_leg0; Payroll Mass_leg0; Energy prices_leg0; Cash revenues_leg0","OK",NA
"sg_lasso","Italy","Expenditures","2024-02-27",8008.53749668397,NA,0.014501345461652,0.5,0.203518338304071,14,14,14,2024-02-01,22381.62169969,"Total expenditures accrual","Y_lag1; 10y yield_leg0; HICPX_leg0; Debt-to-GDP ratio_leg0; Unemployment rate_leg0; Unemployment inflows_leg0; Share of LT unemp_leg0; Geopolitical risk index_leg0; IP_leg0; Retail sales_leg0; Hours worked_leg0; Payroll Mass_leg0; Energy prices_leg0; Cash revenues_leg0","OK",NA
"sg_lasso","Italy","Expenditures","2024-03-01",8113.14564803404,NA,0.014501345461652,0.5,0.203518338304071,14,14,14,2024-03-01,22381.62169969,"Total expenditures accrual","Y_lag1; 10y yield_leg0; HICPX_leg0; Debt-to-GDP ratio_leg0; Unemployment rate_leg0; Unemployment inflows_leg0; Share of LT unemp_leg0; Geopolitical risk index_leg0; IP_leg0; Retail sales_leg0; Hours worked_leg0; Payroll Mass_leg0; Energy prices_leg0; Cash revenues_leg0","OK",NA
"sg_lasso","Italy","Expenditures","2024-03-05",8139.73212453144,NA,0.014501345461652,0.5,0.203518338304071,14,14,14,2024-03-01,22381.62169969,"Total expenditures accrual","Y_lag1; 10y yield_leg0; HICPX_leg0; Debt-to-GDP ratio_leg0; Unemployment rate_leg0; Unemployment inflows_leg0; Share of LT unemp_leg0; Geopolitical risk index_leg0; IP_leg0; Retail sales_leg0; Hours worked_leg0; Payroll Mass_leg0; Energy prices_leg0; Cash revenues_leg0","OK",NA
"sg_lasso","Italy","Expenditures","2024-03-15",9404.87170247785,NA,0.0124409718533827,0.5,0.0560868062857465,12,12,12,2024-03-01,-33448.735209908,"Total expenditures accrual","Y_lag1; 10y yield_leg0; HICPX_leg0; Debt-to-GDP ratio_leg0; Unemployment rate_leg0; Unemployment inflows_leg0; Share of LT unemp_leg0; Geopolitical risk index_leg0; Hours worked_leg0; Payroll Mass_leg0; Energy prices_leg0; Cash revenues_leg0","OK",NA
"sg_lasso","Italy","Expenditures","2024-03-27",10156.791230314,NA,0.0124409718533827,0.5,0.0563541913280967,12,12,12,2024-03-01,-33448.735209908,"Total expenditures accrual","Y_lag1; 10y yield_leg0; HICPX_leg0; Debt-to-GDP ratio_leg0; Unemployment rate_leg0; Unemployment inflows_leg0; Share of LT unemp_leg0; Geopolitical risk index_leg0; Hours worked_leg0; Payroll Mass_leg0; Energy prices_leg0; Cash revenues_leg0","OK",NA
"sg_lasso","Italy","Expenditures","2024-04-01",3249.18385871666,NA,0.0124409718533827,0.5,0.0563541913280967,12,12,12,2024-04-01,-33448.735209908,"Total expenditures accrual","Y_lag1; 10y yield_leg0; HICPX_leg0; Debt-to-GDP ratio_leg0; Unemployment rate_leg0; Unemployment inflows_leg0; Share of LT unemp_leg0; Geopolitical risk index_leg0; Hours worked_leg0; Payroll Mass_leg0; Energy prices_leg0; Cash revenues_leg0","OK",NA
"sg_lasso","Italy","Expenditures","2024-04-15",2101.33049378535,NA,0.0124409718533827,0.5,0.0563541913280967,12,12,12,2024-04-01,-33448.735209908,"Total expenditures accrual","Y_lag1; 10y yield_leg0; HICPX_leg0; Debt-to-GDP ratio_leg0; Unemployment rate_leg0; Unemployment inflows_leg0; Share of LT unemp_leg0; Geopolitical risk index_leg0; Hours worked_leg0; Payroll Mass_leg0; Energy prices_leg0; Cash revenues_leg0","OK",NA
"sg_lasso","Italy","Expenditures","2024-04-27",2225.84200813878,NA,0.0124409718533827,0.5,0.0563541913280967,12,12,12,2024-04-01,-33448.735209908,"Total expenditures accrual","Y_lag1; 10y yield_leg0; HICPX_leg0; Debt-to-GDP ratio_leg0; Unemployment rate_leg0; Unemployment inflows_leg0; Share of LT unemp_leg0; Geopolitical risk index_leg0; Hours worked_leg0; Payroll Mass_leg0; Energy prices_leg0; Cash revenues_leg0","OK",NA
"sg_lasso","Italy","Expenditures","2024-05-01",9621.82669287443,NA,0.0124409718533827,0.5,0.0563541913280967,12,12,12,2024-05-01,-33448.735209908,"Total expenditures accrual","Y_lag1; 10y yield_leg0; HICPX_leg0; Debt-to-GDP ratio_leg0; Unemployment rate_leg0; Unemployment inflows_leg0; Share of LT unemp_leg0; Geopolitical risk index_leg0; Hours worked_leg0; Payroll Mass_leg0; Energy prices_leg0; Cash revenues_leg0","OK",NA
"sg_lasso","Italy","Expenditures","2024-05-03",9621.82669287443,NA,0.0124409718533827,0.5,0.0563541913280967,12,12,12,2024-05-01,-33448.735209908,"Total expenditures accrual","Y_lag1; 10y yield_leg0; HICPX_leg0; Debt-to-GDP ratio_leg0; Unemployment rate_leg0; Unemployment inflows_leg0; Share of LT unemp_leg0; Geopolitical risk index_leg0; Hours worked_leg0; Payroll Mass_leg0; Energy prices_leg0; Cash revenues_leg0","OK",NA
"sg_lasso","Italy","Expenditures","2024-05-15",11462.510664825,NA,0.0124409718533827,0.5,0.0563541913280967,12,12,12,2024-05-01,-33448.735209908,"Total expenditures accrual","Y_lag1; 10y yield_leg0; HICPX_leg0; Debt-to-GDP ratio_leg0; Unemployment rate_leg0; Unemployment inflows_leg0; Share of LT unemp_leg0; Geopolitical risk index_leg0; Hours worked_leg0; Payroll Mass_leg0; Energy prices_leg0; Cash revenues_leg0","OK",NA
"sg_lasso","Italy","Expenditures","2024-05-27",11604.2834779482,NA,0.0124409718533827,0.5,0.0563541913280967,12,12,12,2024-05-01,-33448.735209908,"Total expenditures accrual","Y_lag1; 10y yield_leg0; HICPX_leg0; Debt-to-GDP ratio_leg0; Unemployment rate_leg0; Unemployment inflows_leg0; Share of LT unemp_leg0; Geopolitical risk index_leg0; Hours worked_leg0; Payroll Mass_leg0; Energy prices_leg0; Cash revenues_leg0","OK",NA
"sg_lasso","Italy","Expenditures","2024-06-01",12404.9937240338,NA,0.0124409718533827,0.5,0.0563541913280967,12,12,12,2024-06-01,-33448.735209908,"Total expenditures accrual","Y_lag1; 10y yield_leg0; HICPX_leg0; Debt-to-GDP ratio_leg0; Unemployment rate_leg0; Unemployment inflows_leg0; Share of LT unemp_leg0; Geopolitical risk index_leg0; Hours worked_leg0; Payroll Mass_leg0; Energy prices_leg0; Cash revenues_leg0","OK",NA
"sg_lasso","Italy","Expenditures","2024-06-06",12404.9937240338,NA,0.0124409718533827,0.5,0.0563541913280967,12,12,12,2024-06-01,-33448.735209908,"Total expenditures accrual","Y_lag1; 10y yield_leg0; HICPX_leg0; Debt-to-GDP ratio_leg0; Unemployment rate_leg0; Unemployment inflows_leg0; Share of LT unemp_leg0; Geopolitical risk index_leg0; Hours worked_leg0; Payroll Mass_leg0; Energy prices_leg0; Cash revenues_leg0","OK",NA
"sg_lasso","Italy","Expenditures","2024-06-15",-1188.64448535381,NA,0.0101075212585582,0.5,0.0512888713252342,14,14,14,2024-06-01,2687.53869387298,"Total expenditures accrual","Y_lag1; 10y yield_leg0; HICPX_leg0; Debt-to-GDP ratio_leg0; Unemployment rate_leg0; Unemployment inflows_leg0; Share of LT unemp_leg0; Geopolitical risk index_leg0; IP_leg0; Retail sales_leg0; Hours worked_leg0; Payroll Mass_leg0; Energy prices_leg0; Cash revenues_leg0","OK",NA
"sg_lasso","Italy","Expenditures","2024-06-27",-996.604124851577,NA,0.0092095969274438,0.5,0.0507363497832908,14,14,14,2024-06-01,2687.53869387298,"Total expenditures accrual","Y_lag1; 10y yield_leg0; HICPX_leg0; Debt-to-GDP ratio_leg0; Unemployment rate_leg0; Unemployment inflows_leg0; Share of LT unemp_leg0; Geopolitical risk index_leg0; IP_leg0; Retail sales_leg0; Hours worked_leg0; Payroll Mass_leg0; Energy prices_leg0; Cash revenues_leg0","OK",NA
"sg_lasso","Italy","Expenditures","2024-07-01",12083.5806554746,NA,0.0092095969274438,0.5,0.0507363497832908,14,14,14,2024-07-01,2687.53869387298,"Total expenditures accrual","Y_lag1; 10y yield_leg0; HICPX_leg0; Debt-to-GDP ratio_leg0; Unemployment rate_leg0; Unemployment inflows_leg0; Share of LT unemp_leg0; Geopolitical risk index_leg0; IP_leg0; Retail sales_leg0; Hours worked_leg0; Payroll Mass_leg0; Energy prices_leg0; Cash revenues_leg0","OK",NA
"sg_lasso","Italy","Expenditures","2024-07-15",13973.9938049843,NA,0.0092095969274438,0.5,0.0507363497832908,14,14,14,2024-07-01,2687.53869387298,"Total expenditures accrual","Y_lag1; 10y yield_leg0; HICPX_leg0; Debt-to-GDP ratio_leg0; Unemployment rate_leg0; Unemployment inflows_leg0; Share of LT unemp_leg0; Geopolitical risk index_leg0; IP_leg0; Retail sales_leg0; Hours worked_leg0; Payroll Mass_leg0; Energy prices_leg0; Cash revenues_leg0","OK",NA
"sg_lasso","Italy","Expenditures","2024-07-27",14702.2514957241,NA,0.0092095969274438,0.5,0.0507363497832908,14,14,14,2024-07-01,2687.53869387298,"Total expenditures accrual","Y_lag1; 10y yield_leg0; HICPX_leg0; Debt-to-GDP ratio_leg0; Unemployment rate_leg0; Unemployment inflows_leg0; Share of LT unemp_leg0; Geopolitical risk index_leg0; IP_leg0; Retail sales_leg0; Hours worked_leg0; Payroll Mass_leg0; Energy prices_leg0; Cash revenues_leg0","OK",NA
"sg_lasso","Italy","Expenditures","2024-08-01",27664.512420372,NA,0.0092095969274438,0.5,0.0507363497832908,14,14,14,2024-08-01,2687.53869387298,"Total expenditures accrual","Y_lag1; 10y yield_leg0; HICPX_leg0; Debt-to-GDP ratio_leg0; Unemployment rate_leg0; Unemployment inflows_leg0; Share of LT unemp_leg0; Geopolitical risk index_leg0; IP_leg0; Retail sales_leg0; Hours worked_leg0; Payroll Mass_leg0; Energy prices_leg0; Cash revenues_leg0","OK",NA
"sg_lasso","Italy","Expenditures","2024-08-04",27668.0867142797,NA,0.0092095969274438,0.5,0.0507363497832908,14,14,14,2024-08-01,2687.53869387298,"Total expenditures accrual","Y_lag1; 10y yield_leg0; HICPX_leg0; Debt-to-GDP ratio_leg0; Unemployment rate_leg0; Unemployment inflows_leg0; Share of LT unemp_leg0; Geopolitical risk index_leg0; IP_leg0; Retail sales_leg0; Hours worked_leg0; Payroll Mass_leg0; Energy prices_leg0; Cash revenues_leg0","OK",NA
"sg_lasso","Italy","Expenditures","2024-08-15",26927.353966974,NA,0.0092095969274438,0.5,0.0507363497832908,14,14,14,2024-08-01,2687.53869387298,"Total expenditures accrual","Y_lag1; 10y yield_leg0; HICPX_leg0; Debt-to-GDP ratio_leg0; Unemployment rate_leg0; Unemployment inflows_leg0; Share of LT unemp_leg0; Geopolitical risk index_leg0; IP_leg0; Retail sales_leg0; Hours worked_leg0; Payroll Mass_leg0; Energy prices_leg0; Cash revenues_leg0","OK",NA
"sg_lasso","Italy","Expenditures","2024-08-27",26043.8868402631,NA,0.0092095969274438,0.5,0.0507363497832908,14,14,14,2024-08-01,2687.53869387298,"Total expenditures accrual","Y_lag1; 10y yield_leg0; HICPX_leg0; Debt-to-GDP ratio_leg0; Unemployment rate_leg0; Unemployment inflows_leg0; Share of LT unemp_leg0; Geopolitical risk index_leg0; IP_leg0; Retail sales_leg0; Hours worked_leg0; Payroll Mass_leg0; Energy prices_leg0; Cash revenues_leg0","OK",NA
"sg_lasso","Italy","Expenditures","2024-09-01",27177.827811034,NA,0.0092095969274438,0.5,0.0507363497832908,14,14,14,2024-09-01,2687.53869387298,"Total expenditures accrual","Y_lag1; 10y yield_leg0; HICPX_leg0; Debt-to-GDP ratio_leg0; Unemployment rate_leg0; Unemployment inflows_leg0; Share of LT unemp_leg0; Geopolitical risk index_leg0; IP_leg0; Retail sales_leg0; Hours worked_leg0; Payroll Mass_leg0; Energy prices_leg0; Cash revenues_leg0","OK",NA
"sg_lasso","Italy","Expenditures","2024-09-07",27157.5019268605,NA,0.0092095969274438,0.5,0.0507363497832908,14,14,14,2024-09-01,2687.53869387298,"Total expenditures accrual","Y_lag1; 10y yield_leg0; HICPX_leg0; Debt-to-GDP ratio_leg0; Unemployment rate_leg0; Unemployment inflows_leg0; Share of LT unemp_leg0; Geopolitical risk index_leg0; IP_leg0; Retail sales_leg0; Hours worked_leg0; Payroll Mass_leg0; Energy prices_leg0; Cash revenues_leg0","OK",NA
"sg_lasso","Italy","Expenditures","2024-09-15",4474.04853550357,NA,0.249420709704463,0.5,0.0895655225648875,2,2,2,2024-09-01,-295.536493353953,"Total expenditures accrual","Y_lag1; Cash revenues_leg0","OK",NA
"sg_lasso","Italy","Expenditures","2024-09-27",4474.04853550357,NA,0.249420709704463,0.5,0.0895655225648875,2,2,2,2024-09-01,-295.536493353953,"Total expenditures accrual","Y_lag1; Cash revenues_leg0","OK",NA
"sg_lasso","Italy","Expenditures","2024-10-01",4640.11209662814,NA,0.249420709704463,0.5,0.0895655225648875,2,2,2,2024-10-01,-295.536493353953,"Total expenditures accrual","Y_lag1; Cash revenues_leg0","OK",NA
"sg_lasso","Italy","Expenditures","2024-10-02",4640.11209662814,NA,0.249420709704463,0.5,0.0895655225648875,2,2,2,2024-10-01,-295.536493353953,"Total expenditures accrual","Y_lag1; Cash revenues_leg0","OK",NA
"sg_lasso","Italy","Expenditures","2024-10-15",4440.94079041056,NA,0.249420709704463,0.5,0.0895655225648875,2,2,2,2024-10-01,-295.536493353953,"Total expenditures accrual","Y_lag1; Cash revenues_leg0","OK",NA
"sg_lasso","Italy","Expenditures","2024-10-27",4440.94079041056,NA,0.249420709704463,0.5,0.0895655225648875,2,2,2,2024-10-01,-295.536493353953,"Total expenditures accrual","Y_lag1; Cash revenues_leg0","OK",NA
"sg_lasso","Italy","Expenditures","2024-11-01",4206.21088382476,NA,0.249420709704463,0.5,0.0895655225648875,2,2,2,2024-11-01,-295.536493353953,"Total expenditures accrual","Y_lag1; Cash revenues_leg0","OK",NA
"sg_lasso","Italy","Expenditures","2024-11-05",4206.21088382476,NA,0.249420709704463,0.5,0.0895655225648875,2,2,2,2024-11-01,-295.536493353953,"Total expenditures accrual","Y_lag1; Cash revenues_leg0","OK",NA
"sg_lasso","Italy","Expenditures","2024-11-15",4345.43295762337,NA,0.249420709704463,0.5,0.0895655225648875,2,2,2,2024-11-01,-295.536493353953,"Total expenditures accrual","Y_lag1; Cash revenues_leg0","OK",NA
"sg_lasso","Italy","Expenditures","2024-11-27",4345.43295762337,NA,0.249420709704463,0.5,0.0895655225648875,2,2,2,2024-11-01,-295.536493353953,"Total expenditures accrual","Y_lag1; Cash revenues_leg0","OK",NA
"sg_lasso","Italy","Expenditures","2024-12-01",4285.48372520441,NA,0.249420709704463,0.5,0.0895655225648875,2,2,2,2024-12-01,-295.536493353953,"Total expenditures accrual","Y_lag1; Cash revenues_leg0","OK",NA
"sg_lasso","Italy","Expenditures","2024-12-07",4285.48372520441,NA,0.249420709704463,0.5,0.0895655225648875,2,2,2,2024-12-01,-295.536493353953,"Total expenditures accrual","Y_lag1; Cash revenues_leg0","OK",NA
"sg_lasso","Italy","Expenditures","2024-12-15",3686.42247249742,NA,0.225772368056382,0.5,0.0901665654643496,2,2,2,2024-12-01,3711.19635158696,"Total expenditures accrual","Y_lag1; Cash revenues_leg0","OK",NA
"sg_lasso","Italy","Expenditures","2024-12-27",3686.42247249742,NA,0.225772368056382,0.5,0.0901665654643496,2,2,2,2024-12-01,3711.19635158696,"Total expenditures accrual","Y_lag1; Cash revenues_leg0","OK",NA
"sg_lasso","Italy","Expenditures","2025-01-01",3782.27798182296,NA,0.225772368056382,0.5,0.0901665654643496,2,2,2,2025-01-01,3711.19635158696,"Total expenditures accrual","Y_lag1; Cash revenues_leg0","OK",NA
"sg_lasso","Italy","Expenditures","2025-01-03",3782.27798182296,NA,0.225772368056382,0.5,0.0901665654643496,2,2,2,2025-01-01,3711.19635158696,"Total expenditures accrual","Y_lag1; Cash revenues_leg0","OK",NA
"sg_lasso","Italy","Expenditures","2025-01-15",3994.0023847232,NA,0.225772368056382,0.5,0.0901665654643496,2,2,2,2025-01-01,3711.19635158696,"Total expenditures accrual","Y_lag1; Cash revenues_leg0","OK",NA
"sg_lasso","Italy","Expenditures","2025-01-27",3994.0023847232,NA,0.225772368056382,0.5,0.0901665654643496,2,2,2,2025-01-01,3711.19635158696,"Total expenditures accrual","Y_lag1; Cash revenues_leg0","OK",NA
"sg_lasso","Italy","Expenditures","2025-02-01",4152.36816241522,NA,0.225772368056382,0.5,0.0901665654643496,2,2,2,2025-02-01,3711.19635158696,"Total expenditures accrual","Y_lag1; Cash revenues_leg0","OK",NA
"sg_lasso","Italy","Expenditures","2025-02-06",4152.36816241522,NA,0.225772368056382,0.5,0.0901665654643496,2,2,2,2025-02-01,3711.19635158696,"Total expenditures accrual","Y_lag1; Cash revenues_leg0","OK",NA
"sg_lasso","Italy","Expenditures","2025-02-15",-7989.63425122922,NA,0.225772368056382,0.5,0.0901665654643496,2,2,2,2025-02-01,3711.19635158696,"Total expenditures accrual","Y_lag1; Cash revenues_leg0","OK",NA
"sg_lasso","Italy","Expenditures","2025-02-27",-7989.63425122922,NA,0.225772368056382,0.5,0.0901665654643496,2,2,2,2025-02-01,3711.19635158696,"Total expenditures accrual","Y_lag1; Cash revenues_leg0","OK",NA
"sg_lasso","Italy","Expenditures","2025-03-01",-19919.9122619734,NA,0.225772368056382,0.5,0.0901665654643496,2,2,2,2025-03-01,3711.19635158696,"Total expenditures accrual","Y_lag1; Cash revenues_leg0","OK",NA
"sg_lasso","Italy","Expenditures","2025-03-06",-19919.9122619734,NA,0.225772368056382,0.5,0.0901665654643496,2,2,2,2025-03-01,3711.19635158696,"Total expenditures accrual","Y_lag1; Cash revenues_leg0","OK",NA
"sg_lasso","Italy","Expenditures","2025-03-15",-2246.05051634464,NA,0.0391178634666069,0.5,0.0744928545573929,10,10,10,2025-03-01,3538.63574448699,"Total expenditures accrual","Y_lag1; HICPX_leg0; Debt-to-GDP ratio_leg0; Unemployment rate_leg0; Geopolitical risk index_leg0; Retail sales_leg0; Hours worked_leg0; Payroll Mass_leg0; Energy prices_leg0; Cash revenues_leg0","OK",NA
"sg_lasso","Italy","Expenditures","2025-03-27",-2236.70641823927,NA,0.0391178634666069,0.5,0.0769015695368868,9,9,9,2025-03-01,3538.63574448699,"Total expenditures accrual","Y_lag1; HICPX_leg0; Debt-to-GDP ratio_leg0; Unemployment rate_leg0; Retail sales_leg0; Hours worked_leg0; Payroll Mass_leg0; Energy prices_leg0; Cash revenues_leg0","OK",NA
"sg_lasso","Italy","Expenditures","2025-04-01",-2959.26378233273,NA,0.0391178634666069,0.5,0.0769015695368868,9,9,9,2025-04-01,3538.63574448699,"Total expenditures accrual","Y_lag1; HICPX_leg0; Debt-to-GDP ratio_leg0; Unemployment rate_leg0; Retail sales_leg0; Hours worked_leg0; Payroll Mass_leg0; Energy prices_leg0; Cash revenues_leg0","OK",NA
"sg_lasso","Italy","Expenditures","2025-04-02",-2957.43157855422,NA,0.0391178634666069,0.5,0.0769015695368868,9,9,9,2025-04-01,3538.63574448699,"Total expenditures accrual","Y_lag1; HICPX_leg0; Debt-to-GDP ratio_leg0; Unemployment rate_leg0; Retail sales_leg0; Hours worked_leg0; Payroll Mass_leg0; Energy prices_leg0; Cash revenues_leg0","OK",NA
"sg_lasso","Italy","Expenditures","2025-04-15",-2626.70053938055,NA,0.0391178634666069,0.5,0.0769015695368868,9,9,9,2025-04-01,3538.63574448699,"Total expenditures accrual","Y_lag1; HICPX_leg0; Debt-to-GDP ratio_leg0; Unemployment rate_leg0; Retail sales_leg0; Hours worked_leg0; Payroll Mass_leg0; Energy prices_leg0; Cash revenues_leg0","OK",NA
"sg_lasso","Italy","Expenditures","2025-04-27",-3057.40608723097,NA,0.0391178634666069,0.5,0.0769015695368868,9,9,9,2025-04-01,3538.63574448699,"Total expenditures accrual","Y_lag1; HICPX_leg0; Debt-to-GDP ratio_leg0; Unemployment rate_leg0; Retail sales_leg0; Hours worked_leg0; Payroll Mass_leg0; Energy prices_leg0; Cash revenues_leg0","OK",NA
"sg_lasso","Italy","Expenditures","2025-05-01",10654.3281764008,NA,0.0391178634666069,0.5,0.0769015695368868,9,9,9,2025-05-01,3538.63574448699,"Total expenditures accrual","Y_lag1; HICPX_leg0; Debt-to-GDP ratio_leg0; Unemployment rate_leg0; Retail sales_leg0; Hours worked_leg0; Payroll Mass_leg0; Energy prices_leg0; Cash revenues_leg0","OK",NA
"sg_lasso","Italy","Expenditures","2025-05-04",10655.9007426307,NA,0.0391178634666069,0.5,0.0769015695368868,9,9,9,2025-05-01,3538.63574448699,"Total expenditures accrual","Y_lag1; HICPX_leg0; Debt-to-GDP ratio_leg0; Unemployment rate_leg0; Retail sales_leg0; Hours worked_leg0; Payroll Mass_leg0; Energy prices_leg0; Cash revenues_leg0","OK",NA
"sg_lasso","Italy","Expenditures","2025-05-15",10431.2857938506,NA,0.0391178634666069,0.5,0.0769015695368868,9,9,9,2025-05-01,3538.63574448699,"Total expenditures accrual","Y_lag1; HICPX_leg0; Debt-to-GDP ratio_leg0; Unemployment rate_leg0; Retail sales_leg0; Hours worked_leg0; Payroll Mass_leg0; Energy prices_leg0; Cash revenues_leg0","OK",NA
"sg_lasso","Italy","Expenditures","2025-05-27",10428.2674379293,NA,0.0391178634666069,0.5,0.0769015695368868,9,9,9,2025-05-01,3538.63574448699,"Total expenditures accrual","Y_lag1; HICPX_leg0; Debt-to-GDP ratio_leg0; Unemployment rate_leg0; Retail sales_leg0; Hours worked_leg0; Payroll Mass_leg0; Energy prices_leg0; Cash revenues_leg0","OK",NA
"sg_lasso","Italy","Expenditures","2025-06-01",10104.0643945595,NA,0.0391178634666069,0.5,0.0769015695368868,9,9,9,2025-06-01,3538.63574448699,"Total expenditures accrual","Y_lag1; HICPX_leg0; Debt-to-GDP ratio_leg0; Unemployment rate_leg0; Retail sales_leg0; Hours worked_leg0; Payroll Mass_leg0; Energy prices_leg0; Cash revenues_leg0","OK",NA
"sg_lasso","Italy","Expenditures","2025-06-07",10092.5353361162,NA,0.0391178634666069,0.5,0.0769015695368868,9,9,9,2025-06-01,3538.63574448699,"Total expenditures accrual","Y_lag1; HICPX_leg0; Debt-to-GDP ratio_leg0; Unemployment rate_leg0; Retail sales_leg0; Hours worked_leg0; Payroll Mass_leg0; Energy prices_leg0; Cash revenues_leg0","OK",NA
"sg_lasso","Italy","Expenditures","2025-06-15",7060.87582978089,NA,0.0285356309347511,0.5,0.0860923505110218,8,8,8,2025-06-01,94.0941097880132,"Total expenditures accrual","Y_lag1; HICPX_leg0; Unemployment rate_leg0; Retail sales_leg0; Hours worked_leg0; Payroll Mass_leg0; Energy prices_leg0; Cash revenues_leg0","OK",NA
"sg_lasso","Italy","Expenditures","2025-06-27",7382.91217954649,NA,0.0260006041300022,0.5,0.0849187423876463,8,8,8,2025-06-01,94.0941097880132,"Total expenditures accrual","Y_lag1; HICPX_leg0; Unemployment rate_leg0; Retail sales_leg0; Hours worked_leg0; Payroll Mass_leg0; Energy prices_leg0; Cash revenues_leg0","OK",NA
"sg_lasso","Italy","Expenditures","2025-07-01",8334.81739845483,NA,0.0260006041300022,0.5,0.0849187423876463,8,8,8,2025-07-01,94.0941097880132,"Total expenditures accrual","Y_lag1; HICPX_leg0; Unemployment rate_leg0; Retail sales_leg0; Hours worked_leg0; Payroll Mass_leg0; Energy prices_leg0; Cash revenues_leg0","OK",NA
"sg_lasso","Italy","Expenditures","2025-07-02",8348.42181977554,NA,0.0260006041300022,0.5,0.0849187423876463,8,8,8,2025-07-01,94.0941097880132,"Total expenditures accrual","Y_lag1; HICPX_leg0; Unemployment rate_leg0; Retail sales_leg0; Hours worked_leg0; Payroll Mass_leg0; Energy prices_leg0; Cash revenues_leg0","OK",NA
"sg_lasso","Italy","Expenditures","2025-07-15",8082.54890063595,NA,0.0260006041300022,0.5,0.0849187423876463,8,8,8,2025-07-01,94.0941097880132,"Total expenditures accrual","Y_lag1; HICPX_leg0; Unemployment rate_leg0; Retail sales_leg0; Hours worked_leg0; Payroll Mass_leg0; Energy prices_leg0; Cash revenues_leg0","OK",NA
"sg_lasso","Italy","Expenditures","2025-07-27",8477.42569504081,NA,0.0260006041300022,0.5,0.0849187423876463,8,8,8,2025-07-01,94.0941097880132,"Total expenditures accrual","Y_lag1; HICPX_leg0; Unemployment rate_leg0; Retail sales_leg0; Hours worked_leg0; Payroll Mass_leg0; Energy prices_leg0; Cash revenues_leg0","OK",NA
"sg_lasso","Italy","Expenditures","2025-08-01",9335.61887951793,NA,0.0260006041300022,0.5,0.0849187423876463,8,8,8,2025-08-01,94.0941097880132,"Total expenditures accrual","Y_lag1; HICPX_leg0; Unemployment rate_leg0; Retail sales_leg0; Hours worked_leg0; Payroll Mass_leg0; Energy prices_leg0; Cash revenues_leg0","OK",NA
"sg_lasso","Italy","Expenditures","2025-08-05",9339.48711900642,NA,0.0260006041300022,0.5,0.0849187423876463,8,8,8,2025-08-01,94.0941097880132,"Total expenditures accrual","Y_lag1; HICPX_leg0; Unemployment rate_leg0; Retail sales_leg0; Hours worked_leg0; Payroll Mass_leg0; Energy prices_leg0; Cash revenues_leg0","OK",NA
"sg_lasso","Italy","Expenditures","2025-08-15",9141.95573536098,NA,0.0260006041300022,0.5,0.0849187423876463,8,8,8,2025-08-01,94.0941097880132,"Total expenditures accrual","Y_lag1; HICPX_leg0; Unemployment rate_leg0; Retail sales_leg0; Hours worked_leg0; Payroll Mass_leg0; Energy prices_leg0; Cash revenues_leg0","OK",NA
"sg_lasso","Italy","Expenditures","2025-08-27",8603.48737935435,NA,0.0260006041300022,0.5,0.0849187423876463,8,8,8,2025-08-01,94.0941097880132,"Total expenditures accrual","Y_lag1; HICPX_leg0; Unemployment rate_leg0; Retail sales_leg0; Hours worked_leg0; Payroll Mass_leg0; Energy prices_leg0; Cash revenues_leg0","OK",NA
"sg_lasso","Italy","Expenditures","2025-09-01",8037.30477892968,NA,0.0260006041300022,0.5,0.0849187423876463,8,8,8,2025-09-01,94.0941097880132,"Total expenditures accrual","Y_lag1; HICPX_leg0; Unemployment rate_leg0; Retail sales_leg0; Hours worked_leg0; Payroll Mass_leg0; Energy prices_leg0; Cash revenues_leg0","OK",NA
"sg_lasso","Italy","Expenditures","2025-09-15",5203.38983527233,NA,0.0337849659521171,0.5,0.0958241537666014,8,8,8,2025-09-01,1773.608119026,"Total expenditures accrual","Y_lag1; HICPX_leg0; Unemployment rate_leg0; Retail sales_leg0; Hours worked_leg0; Payroll Mass_leg0; Energy prices_leg0; Cash revenues_leg0","OK",NA
"sg_lasso","Italy","Expenditures","2025-09-27",5125.3158821175,NA,0.0370789584246735,0.5,0.0968324114231476,8,8,8,2025-09-01,1773.608119026,"Total expenditures accrual","Y_lag1; HICPX_leg0; Unemployment rate_leg0; Retail sales_leg0; Hours worked_leg0; Payroll Mass_leg0; Energy prices_leg0; Cash revenues_leg0","OK",NA
"sg_lasso","Italy","Expenditures","2025-10-01",4762.91996097051,NA,0.0370789584246735,0.5,0.0968324114231476,8,8,8,2025-10-01,1773.608119026,"Total expenditures accrual","Y_lag1; HICPX_leg0; Unemployment rate_leg0; Retail sales_leg0; Hours worked_leg0; Payroll Mass_leg0; Energy prices_leg0; Cash revenues_leg0","OK",NA
"sg_lasso","Italy","Expenditures","2025-10-03",4762.91996097051,NA,0.0370789584246735,0.5,0.0968324114231476,8,8,8,2025-10-01,1773.608119026,"Total expenditures accrual","Y_lag1; HICPX_leg0; Unemployment rate_leg0; Retail sales_leg0; Hours worked_leg0; Payroll Mass_leg0; Energy prices_leg0; Cash revenues_leg0","OK",NA
"sg_lasso","Italy","Expenditures","2025-10-15",4845.04778202426,NA,0.0370789584246735,0.5,0.0968324114231476,8,8,8,2025-10-01,1773.608119026,"Total expenditures accrual","Y_lag1; HICPX_leg0; Unemployment rate_leg0; Retail sales_leg0; Hours worked_leg0; Payroll Mass_leg0; Energy prices_leg0; Cash revenues_leg0","OK",NA
"sg_lasso","Italy","Expenditures","2025-10-27",4692.58493435707,NA,0.0370789584246735,0.5,0.0968324114231476,8,8,8,2025-10-01,1773.608119026,"Total expenditures accrual","Y_lag1; HICPX_leg0; Unemployment rate_leg0; Retail sales_leg0; Hours worked_leg0; Payroll Mass_leg0; Energy prices_leg0; Cash revenues_leg0","OK",NA
"sg_lasso","Italy","Expenditures","2025-11-01",4869.76567104257,NA,0.0370789584246735,0.5,0.0968324114231476,8,8,8,2025-11-01,1773.608119026,"Total expenditures accrual","Y_lag1; HICPX_leg0; Unemployment rate_leg0; Retail sales_leg0; Hours worked_leg0; Payroll Mass_leg0; Energy prices_leg0; Cash revenues_leg0","OK",NA
"sg_lasso","Italy","Expenditures","2025-11-06",4869.76567104257,NA,0.0370789584246735,0.5,0.0968324114231476,8,8,8,2025-11-01,1773.608119026,"Total expenditures accrual","Y_lag1; HICPX_leg0; Unemployment rate_leg0; Retail sales_leg0; Hours worked_leg0; Payroll Mass_leg0; Energy prices_leg0; Cash revenues_leg0","OK",NA
"sg_lasso","Italy","Expenditures","2025-11-15",4808.5077394607,NA,0.0370789584246735,0.5,0.0968324114231476,8,8,8,2025-11-01,1773.608119026,"Total expenditures accrual","Y_lag1; HICPX_leg0; Unemployment rate_leg0; Retail sales_leg0; Hours worked_leg0; Payroll Mass_leg0; Energy prices_leg0; Cash revenues_leg0","OK",NA
"sg_lasso","Italy","Expenditures","2025-11-27",4977.62841948228,NA,0.0370789584246735,0.5,0.0968324114231476,8,8,8,2025-11-01,1773.608119026,"Total expenditures accrual","Y_lag1; HICPX_leg0; Unemployment rate_leg0; Retail sales_leg0; Hours worked_leg0; Payroll Mass_leg0; Energy prices_leg0; Cash revenues_leg0","OK",NA
"sg_lasso","Italy","Expenditures","2025-12-01",5015.15614130855,NA,0.0370789584246735,0.5,0.0968324114231476,8,8,8,2025-12-01,1773.608119026,"Total expenditures accrual","Y_lag1; HICPX_leg0; Unemployment rate_leg0; Retail sales_leg0; Hours worked_leg0; Payroll Mass_leg0; Energy prices_leg0; Cash revenues_leg0","OK",NA
"sg_lasso","Italy","Expenditures","2025-12-15",3605.11607219579,NA,0.0842127167387649,0.5,0.0986002864536017,4,4,4,2025-12-01,1773.608119026,"Total expenditures accrual","Y_lag1; Hours worked_leg0; Energy prices_leg0; Cash revenues_leg0","OK",NA
"sg_lasso","Italy","Expenditures","2025-12-27",3588.82497180929,NA,0.0842127167387649,0.5,0.0986040119620923,4,4,4,2025-12-01,1773.608119026,"Total expenditures accrual","Y_lag1; Hours worked_leg0; Energy prices_leg0; Cash revenues_leg0","OK",NA
"sg_lasso","Italy","Expenditures","2026-01-15",3498.51056833537,NA,0.0842127167387649,0.5,0.0986040119620923,4,4,4,2026-01-01,1773.608119026,"Total expenditures accrual","Y_lag1; Hours worked_leg0; Energy prices_leg0; Cash revenues_leg0","OK",NA
"sg_lasso","Italy","Expenditures","2026-02-15",3300.91536070518,NA,0.0842127167387649,0.5,0.0986040119620923,4,4,4,2026-02-01,1773.608119026,"Total expenditures accrual","Y_lag1; Hours worked_leg0; Energy prices_leg0; Cash revenues_leg0","OK",NA
"sg_lasso","Italy","Expenditures","2026-03-15",3166.05332038007,NA,0.0842127167387649,0.5,0.0986040119620923,4,4,4,2026-03-01,1773.608119026,"Total expenditures accrual","Y_lag1; Hours worked_leg0; Energy prices_leg0; Cash revenues_leg0","OK",NA
