"model","country","block","publication_date","nowcast_value","nb_factors","lambda","gamma","cv_mse","df","n_selected","n_selected_groups","date_new","last_obs_y","target_name","selected_columns","status","error"
"factor_midas","Spain","Revenues","2013-01-01",-1396.14120033067,1,NA,NA,NA,NA,NA,NA,2013-01-01,576,"Total revenues accrual",NA,"OK",NA
"factor_midas","Spain","Revenues","2013-01-02",-1385.65729782427,1,NA,NA,NA,NA,NA,NA,2013-01-01,576,"Total revenues accrual",NA,"OK",NA
"factor_midas","Spain","Revenues","2013-01-05",-2046.28813652686,1,NA,NA,NA,NA,NA,NA,2013-01-01,576,"Total revenues accrual",NA,"OK",NA
"factor_midas","Spain","Revenues","2013-01-15",-5853.6266859642,1,NA,NA,NA,NA,NA,NA,2013-01-01,576,"Total revenues accrual",NA,"OK",NA
"factor_midas","Spain","Revenues","2013-01-27",-5424.26270639064,1,NA,NA,NA,NA,NA,NA,2013-01-01,576,"Total revenues accrual",NA,"OK",NA
"factor_midas","Spain","Revenues","2013-01-31",-5179.63563192613,1,NA,NA,NA,NA,NA,NA,2013-01-01,576,"Total revenues accrual",NA,"OK",NA
"factor_midas","Spain","Revenues","2013-02-01",-6339.16116724423,1,NA,NA,NA,NA,NA,NA,2013-02-01,576,"Total revenues accrual",NA,"OK",NA
"factor_midas","Spain","Revenues","2013-02-05",-4097.58641161852,1,NA,NA,NA,NA,NA,NA,2013-02-01,576,"Total revenues accrual",NA,"OK",NA
"factor_midas","Spain","Revenues","2013-02-15",-4531.65691581114,1,NA,NA,NA,NA,NA,NA,2013-02-01,576,"Total revenues accrual",NA,"OK",NA
"factor_midas","Spain","Revenues","2013-02-27",-5432.4000894289,1,NA,NA,NA,NA,NA,NA,2013-02-01,576,"Total revenues accrual",NA,"OK",NA
"factor_midas","Spain","Revenues","2013-02-28",-6138.44549039177,1,NA,NA,NA,NA,NA,NA,2013-02-01,576,"Total revenues accrual",NA,"OK",NA
"factor_midas","Spain","Revenues","2013-03-01",-2749.69241137348,1,NA,NA,NA,NA,NA,NA,2013-03-01,576,"Total revenues accrual",NA,"OK",NA
"factor_midas","Spain","Revenues","2013-03-05",-6975.85936567756,1,NA,NA,NA,NA,NA,NA,2013-03-01,576,"Total revenues accrual",NA,"OK",NA
"factor_midas","Spain","Revenues","2013-03-15",-339.233130977604,1,NA,NA,NA,NA,NA,NA,2013-03-01,1180,"Total revenues accrual",NA,"OK",NA
"factor_midas","Spain","Revenues","2013-03-27",-300.304529922655,1,NA,NA,NA,NA,NA,NA,2013-03-01,1180,"Total revenues accrual",NA,"OK",NA
"factor_midas","Spain","Revenues","2013-03-28",-283.313385221985,1,NA,NA,NA,NA,NA,NA,2013-03-01,1180,"Total revenues accrual",NA,"OK",NA
"factor_midas","Spain","Revenues","2013-04-01",-276.464281553604,1,NA,NA,NA,NA,NA,NA,2013-04-01,1180,"Total revenues accrual",NA,"OK",NA
"factor_midas","Spain","Revenues","2013-04-05",-311.880642517259,1,NA,NA,NA,NA,NA,NA,2013-04-01,1180,"Total revenues accrual",NA,"OK",NA
"factor_midas","Spain","Revenues","2013-04-15",-325.744936308457,1,NA,NA,NA,NA,NA,NA,2013-04-01,1180,"Total revenues accrual",NA,"OK",NA
"factor_midas","Spain","Revenues","2013-04-25",-398.672772321441,1,NA,NA,NA,NA,NA,NA,2013-04-01,1180,"Total revenues accrual",NA,"OK",NA
"factor_midas","Spain","Revenues","2013-04-27",-338.059389468107,1,NA,NA,NA,NA,NA,NA,2013-04-01,1180,"Total revenues accrual",NA,"OK",NA
"factor_midas","Spain","Revenues","2013-05-01",NA,NA,NA,NA,NA,NA,NA,NA,NA,NA,"Total revenues accrual",NA,"KO","Not possible to estimate MIDAS model, more parameters than observations"
"factor_midas","Spain","Revenues","2013-05-03",NA,NA,NA,NA,NA,NA,NA,NA,NA,NA,"Total revenues accrual",NA,"KO","Not possible to estimate MIDAS model, more parameters than observations"
"factor_midas","Spain","Revenues","2013-05-05",NA,NA,NA,NA,NA,NA,NA,NA,NA,NA,"Total revenues accrual",NA,"KO","Not possible to estimate MIDAS model, more parameters than observations"
"factor_midas","Spain","Revenues","2013-05-15",-347.305521282261,1,NA,NA,NA,NA,NA,NA,2013-05-01,1180,"Total revenues accrual",NA,"OK",NA
"factor_midas","Spain","Revenues","2013-05-27",-309.800179972835,1,NA,NA,NA,NA,NA,NA,2013-05-01,1180,"Total revenues accrual",NA,"OK",NA
"factor_midas","Spain","Revenues","2013-05-30",-262.781274808785,1,NA,NA,NA,NA,NA,NA,2013-05-01,1180,"Total revenues accrual",NA,"OK",NA
"factor_midas","Spain","Revenues","2013-06-01",NA,NA,NA,NA,NA,NA,NA,NA,NA,NA,"Total revenues accrual",NA,"KO","Not possible to estimate MIDAS model, more parameters than observations"
"factor_midas","Spain","Revenues","2013-06-05",NA,NA,NA,NA,NA,NA,NA,NA,NA,NA,"Total revenues accrual",NA,"KO","Not possible to estimate MIDAS model, more parameters than observations"
"factor_midas","Spain","Revenues","2013-06-06",NA,NA,NA,NA,NA,NA,NA,NA,NA,NA,"Total revenues accrual",NA,"KO","Not possible to estimate MIDAS model, more parameters than observations"
"factor_midas","Spain","Revenues","2013-06-15",766.465382093937,1,NA,NA,NA,NA,NA,NA,2013-06-01,-998,"Total revenues accrual",NA,"OK",NA
"factor_midas","Spain","Revenues","2013-06-27",732.79945503824,1,NA,NA,NA,NA,NA,NA,2013-06-01,-998,"Total revenues accrual",NA,"OK",NA
"factor_midas","Spain","Revenues","2013-07-01",715.443891360841,1,NA,NA,NA,NA,NA,NA,2013-07-01,-998,"Total revenues accrual",NA,"OK",NA
"factor_midas","Spain","Revenues","2013-07-05",683.964121397658,1,NA,NA,NA,NA,NA,NA,2013-07-01,-998,"Total revenues accrual",NA,"OK",NA
"factor_midas","Spain","Revenues","2013-07-15",660.377089647912,1,NA,NA,NA,NA,NA,NA,2013-07-01,-998,"Total revenues accrual",NA,"OK",NA
"factor_midas","Spain","Revenues","2013-07-25",612.825207667561,1,NA,NA,NA,NA,NA,NA,2013-07-01,-998,"Total revenues accrual",NA,"OK",NA
"factor_midas","Spain","Revenues","2013-07-27",557.713394806222,1,NA,NA,NA,NA,NA,NA,2013-07-01,-998,"Total revenues accrual",NA,"OK",NA
"factor_midas","Spain","Revenues","2013-08-01",534.329817530744,1,NA,NA,NA,NA,NA,NA,2013-08-01,-998,"Total revenues accrual",NA,"OK",NA
"factor_midas","Spain","Revenues","2013-08-04",535.599696384986,1,NA,NA,NA,NA,NA,NA,2013-08-01,-998,"Total revenues accrual",NA,"OK",NA
"factor_midas","Spain","Revenues","2013-08-05",531.83895919863,1,NA,NA,NA,NA,NA,NA,2013-08-01,-998,"Total revenues accrual",NA,"OK",NA
"factor_midas","Spain","Revenues","2013-08-15",488.318165510393,1,NA,NA,NA,NA,NA,NA,2013-08-01,-998,"Total revenues accrual",NA,"OK",NA
"factor_midas","Spain","Revenues","2013-08-27",466.530602033145,1,NA,NA,NA,NA,NA,NA,2013-08-01,-998,"Total revenues accrual",NA,"OK",NA
"factor_midas","Spain","Revenues","2013-08-29",474.996730169613,1,NA,NA,NA,NA,NA,NA,2013-08-01,-998,"Total revenues accrual",NA,"OK",NA
"factor_midas","Spain","Revenues","2013-09-01",436.126895893518,1,NA,NA,NA,NA,NA,NA,2013-09-01,-998,"Total revenues accrual",NA,"OK",NA
"factor_midas","Spain","Revenues","2013-09-05",-102.025796824074,1,NA,NA,NA,NA,NA,NA,2013-09-01,-998,"Total revenues accrual",NA,"OK",NA
"factor_midas","Spain","Revenues","2013-09-07",-90.7082485033463,1,NA,NA,NA,NA,NA,NA,2013-09-01,-998,"Total revenues accrual",NA,"OK",NA
"factor_midas","Spain","Revenues","2013-09-15",-396.772316657453,1,NA,NA,NA,NA,NA,NA,2013-09-01,601,"Total revenues accrual",NA,"OK",NA
"factor_midas","Spain","Revenues","2013-09-26",-420.160180128156,1,NA,NA,NA,NA,NA,NA,2013-09-01,601,"Total revenues accrual",NA,"OK",NA
"factor_midas","Spain","Revenues","2013-09-27",-424.34360537748,1,NA,NA,NA,NA,NA,NA,2013-09-01,601,"Total revenues accrual",NA,"OK",NA
"factor_midas","Spain","Revenues","2013-10-01",-447.35360454566,1,NA,NA,NA,NA,NA,NA,2013-10-01,601,"Total revenues accrual",NA,"OK",NA
"factor_midas","Spain","Revenues","2013-10-02",-438.436754127038,1,NA,NA,NA,NA,NA,NA,2013-10-01,601,"Total revenues accrual",NA,"OK",NA
"factor_midas","Spain","Revenues","2013-10-05",-482.814892595312,1,NA,NA,NA,NA,NA,NA,2013-10-01,601,"Total revenues accrual",NA,"OK",NA
"factor_midas","Spain","Revenues","2013-10-15",-470.793591829268,1,NA,NA,NA,NA,NA,NA,2013-10-01,601,"Total revenues accrual",NA,"OK",NA
"factor_midas","Spain","Revenues","2013-10-27",-423.388406836857,1,NA,NA,NA,NA,NA,NA,2013-10-01,601,"Total revenues accrual",NA,"OK",NA
"factor_midas","Spain","Revenues","2013-10-31",-344.973348148328,1,NA,NA,NA,NA,NA,NA,2013-10-01,601,"Total revenues accrual",NA,"OK",NA
"factor_midas","Spain","Revenues","2013-11-01",-354.05868565021,1,NA,NA,NA,NA,NA,NA,2013-11-01,601,"Total revenues accrual",NA,"OK",NA
"factor_midas","Spain","Revenues","2013-11-05",-334.935378873732,1,NA,NA,NA,NA,NA,NA,2013-11-01,601,"Total revenues accrual",NA,"OK",NA
"factor_midas","Spain","Revenues","2013-11-15",-312.457309562618,1,NA,NA,NA,NA,NA,NA,2013-11-01,601,"Total revenues accrual",NA,"OK",NA
"factor_midas","Spain","Revenues","2013-11-27",-294.945741279199,1,NA,NA,NA,NA,NA,NA,2013-11-01,601,"Total revenues accrual",NA,"OK",NA
"factor_midas","Spain","Revenues","2013-11-28",-313.714997484527,1,NA,NA,NA,NA,NA,NA,2013-11-01,601,"Total revenues accrual",NA,"OK",NA
"factor_midas","Spain","Revenues","2013-12-01",-317.953607579291,1,NA,NA,NA,NA,NA,NA,2013-12-01,601,"Total revenues accrual",NA,"OK",NA
"factor_midas","Spain","Revenues","2013-12-05",-410.766900168546,1,NA,NA,NA,NA,NA,NA,2013-12-01,601,"Total revenues accrual",NA,"OK",NA
"factor_midas","Spain","Revenues","2013-12-07",-386.931700769296,1,NA,NA,NA,NA,NA,NA,2013-12-01,601,"Total revenues accrual",NA,"OK",NA
"factor_midas","Spain","Revenues","2013-12-15",-489.171793123145,1,NA,NA,NA,NA,NA,NA,2013-12-01,1073,"Total revenues accrual",NA,"OK",NA
"factor_midas","Spain","Revenues","2013-12-26",-508.769055302771,1,NA,NA,NA,NA,NA,NA,2013-12-01,1073,"Total revenues accrual",NA,"OK",NA
"factor_midas","Spain","Revenues","2013-12-27",-510.337893152257,1,NA,NA,NA,NA,NA,NA,2013-12-01,1073,"Total revenues accrual",NA,"OK",NA
"factor_midas","Spain","Revenues","2014-01-01",-521.010162065054,1,NA,NA,NA,NA,NA,NA,2014-01-01,1073,"Total revenues accrual",NA,"OK",NA
"factor_midas","Spain","Revenues","2014-01-03",-521.288288384824,1,NA,NA,NA,NA,NA,NA,2014-01-01,1073,"Total revenues accrual",NA,"OK",NA
"factor_midas","Spain","Revenues","2014-01-05",-531.568308040552,1,NA,NA,NA,NA,NA,NA,2014-01-01,1073,"Total revenues accrual",NA,"OK",NA
"factor_midas","Spain","Revenues","2014-01-15",-495.157410307066,1,NA,NA,NA,NA,NA,NA,2014-01-01,1073,"Total revenues accrual",NA,"OK",NA
"factor_midas","Spain","Revenues","2014-01-27",-482.083734229184,1,NA,NA,NA,NA,NA,NA,2014-01-01,1073,"Total revenues accrual",NA,"OK",NA
"factor_midas","Spain","Revenues","2014-01-30",-474.819952839916,1,NA,NA,NA,NA,NA,NA,2014-01-01,1073,"Total revenues accrual",NA,"OK",NA
"factor_midas","Spain","Revenues","2014-02-01",-481.385622281115,1,NA,NA,NA,NA,NA,NA,2014-02-01,1073,"Total revenues accrual",NA,"OK",NA
"factor_midas","Spain","Revenues","2014-02-05",-497.505564658674,1,NA,NA,NA,NA,NA,NA,2014-02-01,1073,"Total revenues accrual",NA,"OK",NA
"factor_midas","Spain","Revenues","2014-02-06",-508.865188102625,1,NA,NA,NA,NA,NA,NA,2014-02-01,1073,"Total revenues accrual",NA,"OK",NA
"factor_midas","Spain","Revenues","2014-02-15",-506.082734656614,1,NA,NA,NA,NA,NA,NA,2014-02-01,1073,"Total revenues accrual",NA,"OK",NA
"factor_midas","Spain","Revenues","2014-02-27",-500.752619586338,1,NA,NA,NA,NA,NA,NA,2014-02-01,1073,"Total revenues accrual",NA,"OK",NA
"factor_midas","Spain","Revenues","2014-03-01",-515.167598282697,1,NA,NA,NA,NA,NA,NA,2014-03-01,1073,"Total revenues accrual",NA,"OK",NA
"factor_midas","Spain","Revenues","2014-03-05",-345.404028983406,1,NA,NA,NA,NA,NA,NA,2014-03-01,1073,"Total revenues accrual",NA,"OK",NA
"factor_midas","Spain","Revenues","2014-03-06",-327.993170121235,1,NA,NA,NA,NA,NA,NA,2014-03-01,1073,"Total revenues accrual",NA,"OK",NA
"factor_midas","Spain","Revenues","2014-03-15",-576.822221382212,1,NA,NA,NA,NA,NA,NA,2014-03-01,1653,"Total revenues accrual",NA,"OK",NA
"factor_midas","Spain","Revenues","2014-03-27",-574.781353904992,1,NA,NA,NA,NA,NA,NA,2014-03-01,1653,"Total revenues accrual",NA,"OK",NA
"factor_midas","Spain","Revenues","2014-04-01",1045.47241836427,2,NA,NA,NA,NA,NA,NA,2014-04-01,1653,"Total revenues accrual",NA,"OK",NA
"factor_midas","Spain","Revenues","2014-04-02",1008.83831252937,2,NA,NA,NA,NA,NA,NA,2014-04-01,1653,"Total revenues accrual",NA,"OK",NA
"factor_midas","Spain","Revenues","2014-04-05",1028.90330098526,2,NA,NA,NA,NA,NA,NA,2014-04-01,1653,"Total revenues accrual",NA,"OK",NA
"factor_midas","Spain","Revenues","2014-04-15",1056.50225085568,2,NA,NA,NA,NA,NA,NA,2014-04-01,1653,"Total revenues accrual",NA,"OK",NA
"factor_midas","Spain","Revenues","2014-04-24",1008.94352316657,2,NA,NA,NA,NA,NA,NA,2014-04-01,1653,"Total revenues accrual",NA,"OK",NA
"factor_midas","Spain","Revenues","2014-04-27",935.596234586212,2,NA,NA,NA,NA,NA,NA,2014-04-01,1653,"Total revenues accrual",NA,"OK",NA
"factor_midas","Spain","Revenues","2014-05-01",916.062345839855,2,NA,NA,NA,NA,NA,NA,2014-05-01,1653,"Total revenues accrual",NA,"OK",NA
"factor_midas","Spain","Revenues","2014-05-04",918.95897293504,2,NA,NA,NA,NA,NA,NA,2014-05-01,1653,"Total revenues accrual",NA,"OK",NA
"factor_midas","Spain","Revenues","2014-05-05",933.871500034865,2,NA,NA,NA,NA,NA,NA,2014-05-01,1653,"Total revenues accrual",NA,"OK",NA
"factor_midas","Spain","Revenues","2014-05-15",926.951819859201,2,NA,NA,NA,NA,NA,NA,2014-05-01,1653,"Total revenues accrual",NA,"OK",NA
"factor_midas","Spain","Revenues","2014-05-27",946.399708651407,2,NA,NA,NA,NA,NA,NA,2014-05-01,1653,"Total revenues accrual",NA,"OK",NA
"factor_midas","Spain","Revenues","2014-05-29",941.284492525057,2,NA,NA,NA,NA,NA,NA,2014-05-01,1653,"Total revenues accrual",NA,"OK",NA
"factor_midas","Spain","Revenues","2014-06-01",906.559828652555,2,NA,NA,NA,NA,NA,NA,2014-06-01,1653,"Total revenues accrual",NA,"OK",NA
"factor_midas","Spain","Revenues","2014-06-05",360.835798461991,2,NA,NA,NA,NA,NA,NA,2014-06-01,1653,"Total revenues accrual",NA,"OK",NA
"factor_midas","Spain","Revenues","2014-06-07",350.260213227948,2,NA,NA,NA,NA,NA,NA,2014-06-01,1653,"Total revenues accrual",NA,"OK",NA
"factor_midas","Spain","Revenues","2014-06-15",2480.12027938778,2,NA,NA,NA,NA,NA,NA,2014-06-01,-1194,"Total revenues accrual",NA,"OK",NA
"factor_midas","Spain","Revenues","2014-06-26",2675.13188525351,2,NA,NA,NA,NA,NA,NA,2014-06-01,-1194,"Total revenues accrual",NA,"OK",NA
"factor_midas","Spain","Revenues","2014-06-27",2600.03290161824,2,NA,NA,NA,NA,NA,NA,2014-06-01,-1194,"Total revenues accrual",NA,"OK",NA
"factor_midas","Spain","Revenues","2014-07-01",2751.3927711406,2,NA,NA,NA,NA,NA,NA,2014-07-01,-1194,"Total revenues accrual",NA,"OK",NA
"factor_midas","Spain","Revenues","2014-07-02",2762.35939904525,2,NA,NA,NA,NA,NA,NA,2014-07-01,-1194,"Total revenues accrual",NA,"OK",NA
"factor_midas","Spain","Revenues","2014-07-05",2772.42846335987,2,NA,NA,NA,NA,NA,NA,2014-07-01,-1194,"Total revenues accrual",NA,"OK",NA
"factor_midas","Spain","Revenues","2014-07-15",2688.38534961125,2,NA,NA,NA,NA,NA,NA,2014-07-01,-1194,"Total revenues accrual",NA,"OK",NA
"factor_midas","Spain","Revenues","2014-07-27",2842.39665673848,2,NA,NA,NA,NA,NA,NA,2014-07-01,-1194,"Total revenues accrual",NA,"OK",NA
"factor_midas","Spain","Revenues","2014-07-31",2854.87639609207,2,NA,NA,NA,NA,NA,NA,2014-07-01,-1194,"Total revenues accrual",NA,"OK",NA
"factor_midas","Spain","Revenues","2014-08-01",3068.30532514915,4,NA,NA,NA,NA,NA,NA,2014-08-01,-1194,"Total revenues accrual",NA,"OK",NA
"factor_midas","Spain","Revenues","2014-08-05",2473.71578875459,4,NA,NA,NA,NA,NA,NA,2014-08-01,-1194,"Total revenues accrual",NA,"OK",NA
"factor_midas","Spain","Revenues","2014-08-15",2756.09345166522,2,NA,NA,NA,NA,NA,NA,2014-08-01,-1194,"Total revenues accrual",NA,"OK",NA
"factor_midas","Spain","Revenues","2014-08-27",2696.15104926571,2,NA,NA,NA,NA,NA,NA,2014-08-01,-1194,"Total revenues accrual",NA,"OK",NA
"factor_midas","Spain","Revenues","2014-08-28",2699.27226650357,2,NA,NA,NA,NA,NA,NA,2014-08-01,-1194,"Total revenues accrual",NA,"OK",NA
"factor_midas","Spain","Revenues","2014-09-01",2634.84329391767,2,NA,NA,NA,NA,NA,NA,2014-09-01,-1194,"Total revenues accrual",NA,"OK",NA
"factor_midas","Spain","Revenues","2014-09-05",2890.14696048865,2,NA,NA,NA,NA,NA,NA,2014-09-01,-1194,"Total revenues accrual",NA,"OK",NA
"factor_midas","Spain","Revenues","2014-09-15",589.395765757041,2,NA,NA,NA,NA,NA,NA,2014-09-01,502,"Total revenues accrual",NA,"OK",NA
"factor_midas","Spain","Revenues","2014-09-25",617.891108125705,2,NA,NA,NA,NA,NA,NA,2014-09-01,502,"Total revenues accrual",NA,"OK",NA
"factor_midas","Spain","Revenues","2014-09-27",474.266820024588,2,NA,NA,NA,NA,NA,NA,2014-09-01,502,"Total revenues accrual",NA,"OK",NA
"factor_midas","Spain","Revenues","2014-10-01",557.309573064272,2,NA,NA,NA,NA,NA,NA,2014-10-01,502,"Total revenues accrual",NA,"OK",NA
"factor_midas","Spain","Revenues","2014-10-03",560.968049482403,2,NA,NA,NA,NA,NA,NA,2014-10-01,502,"Total revenues accrual",NA,"OK",NA
"factor_midas","Spain","Revenues","2014-10-05",511.22696316217,2,NA,NA,NA,NA,NA,NA,2014-10-01,502,"Total revenues accrual",NA,"OK",NA
"factor_midas","Spain","Revenues","2014-10-15",514.546763476197,2,NA,NA,NA,NA,NA,NA,2014-10-01,502,"Total revenues accrual",NA,"OK",NA
"factor_midas","Spain","Revenues","2014-10-27",853.157954058385,2,NA,NA,NA,NA,NA,NA,2014-10-01,502,"Total revenues accrual",NA,"OK",NA
"factor_midas","Spain","Revenues","2014-10-30",828.864176281844,2,NA,NA,NA,NA,NA,NA,2014-10-01,502,"Total revenues accrual",NA,"OK",NA
"factor_midas","Spain","Revenues","2014-11-01",810.766404389844,2,NA,NA,NA,NA,NA,NA,2014-11-01,502,"Total revenues accrual",NA,"OK",NA
"factor_midas","Spain","Revenues","2014-11-05",993.865301898836,2,NA,NA,NA,NA,NA,NA,2014-11-01,502,"Total revenues accrual",NA,"OK",NA
"factor_midas","Spain","Revenues","2014-11-06",957.725163162372,2,NA,NA,NA,NA,NA,NA,2014-11-01,502,"Total revenues accrual",NA,"OK",NA
"factor_midas","Spain","Revenues","2014-11-15",977.514472364856,2,NA,NA,NA,NA,NA,NA,2014-11-01,502,"Total revenues accrual",NA,"OK",NA
"factor_midas","Spain","Revenues","2014-11-27",848.228965854061,2,NA,NA,NA,NA,NA,NA,2014-11-01,502,"Total revenues accrual",NA,"OK",NA
"factor_midas","Spain","Revenues","2014-12-01",-300.126743828141,4,NA,NA,NA,NA,NA,NA,2014-12-01,502,"Total revenues accrual",NA,"OK",NA
"factor_midas","Spain","Revenues","2014-12-05",-739.499658401216,4,NA,NA,NA,NA,NA,NA,2014-12-01,502,"Total revenues accrual",NA,"OK",NA
"factor_midas","Spain","Revenues","2014-12-15",3704.40659100457,4,NA,NA,NA,NA,NA,NA,2014-12-01,1075,"Total revenues accrual",NA,"OK",NA
"factor_midas","Spain","Revenues","2014-12-25",3731.53255284562,4,NA,NA,NA,NA,NA,NA,2014-12-01,1075,"Total revenues accrual",NA,"OK",NA
"factor_midas","Spain","Revenues","2014-12-27",3986.92407074345,4,NA,NA,NA,NA,NA,NA,2014-12-01,1075,"Total revenues accrual",NA,"OK",NA
"factor_midas","Spain","Revenues","2015-01-01",4639.50835247024,4,NA,NA,NA,NA,NA,NA,2015-01-01,1075,"Total revenues accrual",NA,"OK",NA
"factor_midas","Spain","Revenues","2015-01-04",4646.60684793605,4,NA,NA,NA,NA,NA,NA,2015-01-01,1075,"Total revenues accrual",NA,"OK",NA
"factor_midas","Spain","Revenues","2015-01-05",1059.54374969935,4,NA,NA,NA,NA,NA,NA,2015-01-01,1075,"Total revenues accrual",NA,"OK",NA
"factor_midas","Spain","Revenues","2015-01-15",-1169.24580991681,4,NA,NA,NA,NA,NA,NA,2015-01-01,1075,"Total revenues accrual",NA,"OK",NA
"factor_midas","Spain","Revenues","2015-01-27",-1135.33598658029,4,NA,NA,NA,NA,NA,NA,2015-01-01,1075,"Total revenues accrual",NA,"OK",NA
"factor_midas","Spain","Revenues","2015-01-29",-993.451916111396,4,NA,NA,NA,NA,NA,NA,2015-01-01,1075,"Total revenues accrual",NA,"OK",NA
"factor_midas","Spain","Revenues","2015-02-01",-600.083735166611,4,NA,NA,NA,NA,NA,NA,2015-02-01,1075,"Total revenues accrual",NA,"OK",NA
"factor_midas","Spain","Revenues","2015-02-05",1429.21913098088,4,NA,NA,NA,NA,NA,NA,2015-02-01,1075,"Total revenues accrual",NA,"OK",NA
"factor_midas","Spain","Revenues","2015-02-07",1419.94208712103,4,NA,NA,NA,NA,NA,NA,2015-02-01,1075,"Total revenues accrual",NA,"OK",NA
"factor_midas","Spain","Revenues","2015-02-15",4067.99333052045,4,NA,NA,NA,NA,NA,NA,2015-02-01,1075,"Total revenues accrual",NA,"OK",NA
"factor_midas","Spain","Revenues","2015-02-26",3774.38926751143,4,NA,NA,NA,NA,NA,NA,2015-02-01,1075,"Total revenues accrual",NA,"OK",NA
"factor_midas","Spain","Revenues","2015-02-27",3449.86537103582,4,NA,NA,NA,NA,NA,NA,2015-02-01,1075,"Total revenues accrual",NA,"OK",NA
"factor_midas","Spain","Revenues","2015-03-01",3709.88645779029,4,NA,NA,NA,NA,NA,NA,2015-03-01,1075,"Total revenues accrual",NA,"OK",NA
"factor_midas","Spain","Revenues","2015-03-05",1648.96412154541,4,NA,NA,NA,NA,NA,NA,2015-03-01,1075,"Total revenues accrual",NA,"OK",NA
"factor_midas","Spain","Revenues","2015-03-07",1602.96470345735,4,NA,NA,NA,NA,NA,NA,2015-03-01,1075,"Total revenues accrual",NA,"OK",NA
"factor_midas","Spain","Revenues","2015-03-15",-4257.65146628862,4,NA,NA,NA,NA,NA,NA,2015-03-01,2013,"Total revenues accrual",NA,"OK",NA
"factor_midas","Spain","Revenues","2015-03-26",-4257.14532682597,4,NA,NA,NA,NA,NA,NA,2015-03-01,2013,"Total revenues accrual",NA,"OK",NA
"factor_midas","Spain","Revenues","2015-03-27",-5154.48365990017,4,NA,NA,NA,NA,NA,NA,2015-03-01,2013,"Total revenues accrual",NA,"OK",NA
"factor_midas","Spain","Revenues","2015-04-01",-6092.20382764303,4,NA,NA,NA,NA,NA,NA,2015-04-01,2013,"Total revenues accrual",NA,"OK",NA
"factor_midas","Spain","Revenues","2015-04-03",-6135.04334795897,4,NA,NA,NA,NA,NA,NA,2015-04-01,2013,"Total revenues accrual",NA,"OK",NA
"factor_midas","Spain","Revenues","2015-04-05",-5242.6257433435,4,NA,NA,NA,NA,NA,NA,2015-04-01,2013,"Total revenues accrual",NA,"OK",NA
"factor_midas","Spain","Revenues","2015-04-15",979.343253493342,4,NA,NA,NA,NA,NA,NA,2015-04-01,2013,"Total revenues accrual",NA,"OK",NA
"factor_midas","Spain","Revenues","2015-04-27",2113.7465460961,4,NA,NA,NA,NA,NA,NA,2015-04-01,2013,"Total revenues accrual",NA,"OK",NA
"factor_midas","Spain","Revenues","2015-04-30",2143.9590245982,4,NA,NA,NA,NA,NA,NA,2015-04-01,2013,"Total revenues accrual",NA,"OK",NA
"factor_midas","Spain","Revenues","2015-05-01",2501.11048134601,4,NA,NA,NA,NA,NA,NA,2015-05-01,2013,"Total revenues accrual",NA,"OK",NA
"factor_midas","Spain","Revenues","2015-05-05",2488.64219645359,4,NA,NA,NA,NA,NA,NA,2015-05-01,2013,"Total revenues accrual",NA,"OK",NA
"factor_midas","Spain","Revenues","2015-05-15",1446.84929984098,4,NA,NA,NA,NA,NA,NA,2015-05-01,2013,"Total revenues accrual",NA,"OK",NA
"factor_midas","Spain","Revenues","2015-05-27",2504.31669636988,4,NA,NA,NA,NA,NA,NA,2015-05-01,2013,"Total revenues accrual",NA,"OK",NA
"factor_midas","Spain","Revenues","2015-05-28",2507.89552954286,4,NA,NA,NA,NA,NA,NA,2015-05-01,2013,"Total revenues accrual",NA,"OK",NA
"factor_midas","Spain","Revenues","2015-06-01",2838.8139392045,4,NA,NA,NA,NA,NA,NA,2015-06-01,2013,"Total revenues accrual",NA,"OK",NA
"factor_midas","Spain","Revenues","2015-06-05",3183.13868808878,4,NA,NA,NA,NA,NA,NA,2015-06-01,2013,"Total revenues accrual",NA,"OK",NA
"factor_midas","Spain","Revenues","2015-06-15",69.9646636853369,4,NA,NA,NA,NA,NA,NA,2015-06-01,76,"Total revenues accrual",NA,"OK",NA
"factor_midas","Spain","Revenues","2015-06-25",62.4583413123626,4,NA,NA,NA,NA,NA,NA,2015-06-01,76,"Total revenues accrual",NA,"OK",NA
"factor_midas","Spain","Revenues","2015-06-27",-1005.60979217017,4,NA,NA,NA,NA,NA,NA,2015-06-01,76,"Total revenues accrual",NA,"OK",NA
"factor_midas","Spain","Revenues","2015-07-01",-1549.87806975353,4,NA,NA,NA,NA,NA,NA,2015-07-01,76,"Total revenues accrual",NA,"OK",NA
"factor_midas","Spain","Revenues","2015-07-03",-1554.81638643074,4,NA,NA,NA,NA,NA,NA,2015-07-01,76,"Total revenues accrual",NA,"OK",NA
"factor_midas","Spain","Revenues","2015-07-05",-4001.33425349237,4,NA,NA,NA,NA,NA,NA,2015-07-01,76,"Total revenues accrual",NA,"OK",NA
"factor_midas","Spain","Revenues","2015-07-15",2864.33843478011,4,NA,NA,NA,NA,NA,NA,2015-07-01,76,"Total revenues accrual",NA,"OK",NA
"factor_midas","Spain","Revenues","2015-07-27",1475.78129432838,4,NA,NA,NA,NA,NA,NA,2015-07-01,76,"Total revenues accrual",NA,"OK",NA
"factor_midas","Spain","Revenues","2015-07-30",1462.37116661356,4,NA,NA,NA,NA,NA,NA,2015-07-01,76,"Total revenues accrual",NA,"OK",NA
"factor_midas","Spain","Revenues","2015-08-01",2363.44081571013,4,NA,NA,NA,NA,NA,NA,2015-08-01,76,"Total revenues accrual",NA,"OK",NA
"factor_midas","Spain","Revenues","2015-08-05",1293.73214948293,4,NA,NA,NA,NA,NA,NA,2015-08-01,76,"Total revenues accrual",NA,"OK",NA
"factor_midas","Spain","Revenues","2015-08-06",1281.93496372849,4,NA,NA,NA,NA,NA,NA,2015-08-01,76,"Total revenues accrual",NA,"OK",NA
"factor_midas","Spain","Revenues","2015-08-15",-1628.1842231652,4,NA,NA,NA,NA,NA,NA,2015-08-01,76,"Total revenues accrual",NA,"OK",NA
"factor_midas","Spain","Revenues","2015-08-27",-418.987646304743,4,NA,NA,NA,NA,NA,NA,2015-08-01,76,"Total revenues accrual",NA,"OK",NA
"factor_midas","Spain","Revenues","2015-09-01",-1236.80544450123,4,NA,NA,NA,NA,NA,NA,2015-09-01,76,"Total revenues accrual",NA,"OK",NA
"factor_midas","Spain","Revenues","2015-09-02",-1220.64193366994,4,NA,NA,NA,NA,NA,NA,2015-09-01,76,"Total revenues accrual",NA,"OK",NA
"factor_midas","Spain","Revenues","2015-09-05",-1378.6098058961,4,NA,NA,NA,NA,NA,NA,2015-09-01,76,"Total revenues accrual",NA,"OK",NA
"factor_midas","Spain","Revenues","2015-09-15",7036.47358609084,4,NA,NA,NA,NA,NA,NA,2015-09-01,-258,"Total revenues accrual",NA,"OK",NA
"factor_midas","Spain","Revenues","2015-09-24",7060.06517926184,4,NA,NA,NA,NA,NA,NA,2015-09-01,-258,"Total revenues accrual",NA,"OK",NA
"factor_midas","Spain","Revenues","2015-09-27",4968.22522383237,4,NA,NA,NA,NA,NA,NA,2015-09-01,-258,"Total revenues accrual",NA,"OK",NA
"factor_midas","Spain","Revenues","2015-10-01",4453.08631395175,4,NA,NA,NA,NA,NA,NA,2015-10-01,-258,"Total revenues accrual",NA,"OK",NA
"factor_midas","Spain","Revenues","2015-10-04",4448.51686186687,4,NA,NA,NA,NA,NA,NA,2015-10-01,-258,"Total revenues accrual",NA,"OK",NA
"factor_midas","Spain","Revenues","2015-10-05",5967.11735407089,4,NA,NA,NA,NA,NA,NA,2015-10-01,-258,"Total revenues accrual",NA,"OK",NA
"factor_midas","Spain","Revenues","2015-10-15",2033.74889777711,4,NA,NA,NA,NA,NA,NA,2015-10-01,-258,"Total revenues accrual",NA,"OK",NA
"factor_midas","Spain","Revenues","2015-10-27",3873.85624414727,4,NA,NA,NA,NA,NA,NA,2015-10-01,-258,"Total revenues accrual",NA,"OK",NA
"factor_midas","Spain","Revenues","2015-10-29",3786.24228022848,4,NA,NA,NA,NA,NA,NA,2015-10-01,-258,"Total revenues accrual",NA,"OK",NA
"factor_midas","Spain","Revenues","2015-11-01",3671.42319113643,4,NA,NA,NA,NA,NA,NA,2015-11-01,-258,"Total revenues accrual",NA,"OK",NA
"factor_midas","Spain","Revenues","2015-11-05",1022.75503798176,2,NA,NA,NA,NA,NA,NA,2015-11-01,-258,"Total revenues accrual",NA,"OK",NA
"factor_midas","Spain","Revenues","2015-11-07",1039.55809801357,2,NA,NA,NA,NA,NA,NA,2015-11-01,-258,"Total revenues accrual",NA,"OK",NA
"factor_midas","Spain","Revenues","2015-11-15",1043.65631009972,2,NA,NA,NA,NA,NA,NA,2015-11-01,-258,"Total revenues accrual",NA,"OK",NA
"factor_midas","Spain","Revenues","2015-11-26",1046.46706483069,2,NA,NA,NA,NA,NA,NA,2015-11-01,-258,"Total revenues accrual",NA,"OK",NA
"factor_midas","Spain","Revenues","2015-11-27",1116.73691709234,2,NA,NA,NA,NA,NA,NA,2015-11-01,-258,"Total revenues accrual",NA,"OK",NA
"factor_midas","Spain","Revenues","2015-12-01",1085.70748048373,2,NA,NA,NA,NA,NA,NA,2015-12-01,-258,"Total revenues accrual",NA,"OK",NA
"factor_midas","Spain","Revenues","2015-12-02",1100.56532849583,2,NA,NA,NA,NA,NA,NA,2015-12-01,-258,"Total revenues accrual",NA,"OK",NA
"factor_midas","Spain","Revenues","2015-12-05",1189.98812601077,2,NA,NA,NA,NA,NA,NA,2015-12-01,-258,"Total revenues accrual",NA,"OK",NA
"factor_midas","Spain","Revenues","2015-12-15",-196.231497470612,2,NA,NA,NA,NA,NA,NA,2015-12-01,1721,"Total revenues accrual",NA,"OK",NA
"factor_midas","Spain","Revenues","2015-12-27",976.667041564428,4,NA,NA,NA,NA,NA,NA,2015-12-01,1721,"Total revenues accrual",NA,"OK",NA
"factor_midas","Spain","Revenues","2015-12-31",87.3748957804362,2,NA,NA,NA,NA,NA,NA,2015-12-01,1721,"Total revenues accrual",NA,"OK",NA
"factor_midas","Spain","Revenues","2016-01-01",1472.63349033245,4,NA,NA,NA,NA,NA,NA,2016-01-01,1721,"Total revenues accrual",NA,"OK",NA
"factor_midas","Spain","Revenues","2016-01-05",1517.04899077897,4,NA,NA,NA,NA,NA,NA,2016-01-01,1721,"Total revenues accrual",NA,"OK",NA
"factor_midas","Spain","Revenues","2016-01-15",63.4932997406277,2,NA,NA,NA,NA,NA,NA,2016-01-01,1721,"Total revenues accrual",NA,"OK",NA
"factor_midas","Spain","Revenues","2016-01-27",264.169018254405,2,NA,NA,NA,NA,NA,NA,2016-01-01,1721,"Total revenues accrual",NA,"OK",NA
"factor_midas","Spain","Revenues","2016-01-28",219.544963613284,2,NA,NA,NA,NA,NA,NA,2016-01-01,1721,"Total revenues accrual",NA,"OK",NA
"factor_midas","Spain","Revenues","2016-02-01",162.686531350824,2,NA,NA,NA,NA,NA,NA,2016-02-01,1721,"Total revenues accrual",NA,"OK",NA
"factor_midas","Spain","Revenues","2016-02-05",179.318315065875,2,NA,NA,NA,NA,NA,NA,2016-02-01,1721,"Total revenues accrual",NA,"OK",NA
"factor_midas","Spain","Revenues","2016-02-15",220.557473629303,2,NA,NA,NA,NA,NA,NA,2016-02-01,1721,"Total revenues accrual",NA,"OK",NA
"factor_midas","Spain","Revenues","2016-02-25",225.702128303526,2,NA,NA,NA,NA,NA,NA,2016-02-01,1721,"Total revenues accrual",NA,"OK",NA
"factor_midas","Spain","Revenues","2016-02-27",421.279386537156,2,NA,NA,NA,NA,NA,NA,2016-02-01,1721,"Total revenues accrual",NA,"OK",NA
"factor_midas","Spain","Revenues","2016-03-01",438.474935345443,2,NA,NA,NA,NA,NA,NA,2016-03-01,1721,"Total revenues accrual",NA,"OK",NA
"factor_midas","Spain","Revenues","2016-03-02",427.003721239717,2,NA,NA,NA,NA,NA,NA,2016-03-01,1721,"Total revenues accrual",NA,"OK",NA
"factor_midas","Spain","Revenues","2016-03-05",387.945745791477,2,NA,NA,NA,NA,NA,NA,2016-03-01,1721,"Total revenues accrual",NA,"OK",NA
"factor_midas","Spain","Revenues","2016-03-15",1218.45720392851,2,NA,NA,NA,NA,NA,NA,2016-03-01,-827,"Total revenues accrual",NA,"OK",NA
"factor_midas","Spain","Revenues","2016-03-27",1014.36205577927,2,NA,NA,NA,NA,NA,NA,2016-03-01,-827,"Total revenues accrual",NA,"OK",NA
"factor_midas","Spain","Revenues","2016-03-31",1012.87637635054,2,NA,NA,NA,NA,NA,NA,2016-03-01,-827,"Total revenues accrual",NA,"OK",NA
"factor_midas","Spain","Revenues","2016-04-01",989.555657622003,2,NA,NA,NA,NA,NA,NA,2016-04-01,-827,"Total revenues accrual",NA,"OK",NA
"factor_midas","Spain","Revenues","2016-04-05",988.69742659287,2,NA,NA,NA,NA,NA,NA,2016-04-01,-827,"Total revenues accrual",NA,"OK",NA
"factor_midas","Spain","Revenues","2016-04-15",925.278511363622,2,NA,NA,NA,NA,NA,NA,2016-04-01,-827,"Total revenues accrual",NA,"OK",NA
"factor_midas","Spain","Revenues","2016-04-27",982.355973834447,2,NA,NA,NA,NA,NA,NA,2016-04-01,-827,"Total revenues accrual",NA,"OK",NA
"factor_midas","Spain","Revenues","2016-04-28",972.929697204852,2,NA,NA,NA,NA,NA,NA,2016-04-01,-827,"Total revenues accrual",NA,"OK",NA
"factor_midas","Spain","Revenues","2016-05-01",1030.06869817984,2,NA,NA,NA,NA,NA,NA,2016-05-01,-827,"Total revenues accrual",NA,"OK",NA
"factor_midas","Spain","Revenues","2016-05-05",1054.27485113813,2,NA,NA,NA,NA,NA,NA,2016-05-01,-827,"Total revenues accrual",NA,"OK",NA
"factor_midas","Spain","Revenues","2016-05-07",1058.90813306535,2,NA,NA,NA,NA,NA,NA,2016-05-01,-827,"Total revenues accrual",NA,"OK",NA
"factor_midas","Spain","Revenues","2016-05-15",1021.19872701434,2,NA,NA,NA,NA,NA,NA,2016-05-01,-827,"Total revenues accrual",NA,"OK",NA
"factor_midas","Spain","Revenues","2016-05-26",1017.34662463468,2,NA,NA,NA,NA,NA,NA,2016-05-01,-827,"Total revenues accrual",NA,"OK",NA
"factor_midas","Spain","Revenues","2016-05-27",1042.29420307226,2,NA,NA,NA,NA,NA,NA,2016-05-01,-827,"Total revenues accrual",NA,"OK",NA
"factor_midas","Spain","Revenues","2016-06-01",1016.67026499337,2,NA,NA,NA,NA,NA,NA,2016-06-01,-827,"Total revenues accrual",NA,"OK",NA
"factor_midas","Spain","Revenues","2016-06-03",1027.66954276244,2,NA,NA,NA,NA,NA,NA,2016-06-01,-827,"Total revenues accrual",NA,"OK",NA
"factor_midas","Spain","Revenues","2016-06-05",961.490946154721,2,NA,NA,NA,NA,NA,NA,2016-06-01,-827,"Total revenues accrual",NA,"OK",NA
"factor_midas","Spain","Revenues","2016-06-15",173.808087549009,2,NA,NA,NA,NA,NA,NA,2016-06-01,511,"Total revenues accrual",NA,"OK",NA
"factor_midas","Spain","Revenues","2016-06-27",100.324157600004,2,NA,NA,NA,NA,NA,NA,2016-06-01,511,"Total revenues accrual",NA,"OK",NA
"factor_midas","Spain","Revenues","2016-06-30",113.51841246137,2,NA,NA,NA,NA,NA,NA,2016-06-01,511,"Total revenues accrual",NA,"OK",NA
"factor_midas","Spain","Revenues","2016-07-01",82.8787595622363,2,NA,NA,NA,NA,NA,NA,2016-07-01,511,"Total revenues accrual",NA,"OK",NA
"factor_midas","Spain","Revenues","2016-07-05",137.277117885107,2,NA,NA,NA,NA,NA,NA,2016-07-01,511,"Total revenues accrual",NA,"OK",NA
"factor_midas","Spain","Revenues","2016-07-15",9.46606114452726,2,NA,NA,NA,NA,NA,NA,2016-07-01,511,"Total revenues accrual",NA,"OK",NA
"factor_midas","Spain","Revenues","2016-07-27",205.987597763384,2,NA,NA,NA,NA,NA,NA,2016-07-01,511,"Total revenues accrual",NA,"OK",NA
"factor_midas","Spain","Revenues","2016-07-28",203.97458800886,2,NA,NA,NA,NA,NA,NA,2016-07-01,511,"Total revenues accrual",NA,"OK",NA
"factor_midas","Spain","Revenues","2016-08-01",182.396396805525,2,NA,NA,NA,NA,NA,NA,2016-08-01,511,"Total revenues accrual",NA,"OK",NA
"factor_midas","Spain","Revenues","2016-08-05",292.097912193336,2,NA,NA,NA,NA,NA,NA,2016-08-01,511,"Total revenues accrual",NA,"OK",NA
"factor_midas","Spain","Revenues","2016-08-15",144.515657812245,2,NA,NA,NA,NA,NA,NA,2016-08-01,511,"Total revenues accrual",NA,"OK",NA
"factor_midas","Spain","Revenues","2016-08-25",126.514461628368,2,NA,NA,NA,NA,NA,NA,2016-08-01,511,"Total revenues accrual",NA,"OK",NA
"factor_midas","Spain","Revenues","2016-08-27",128.365655607094,2,NA,NA,NA,NA,NA,NA,2016-08-01,511,"Total revenues accrual",NA,"OK",NA
"factor_midas","Spain","Revenues","2016-09-01",106.254710817311,2,NA,NA,NA,NA,NA,NA,2016-09-01,511,"Total revenues accrual",NA,"OK",NA
"factor_midas","Spain","Revenues","2016-09-04",118.60724613514,2,NA,NA,NA,NA,NA,NA,2016-09-01,511,"Total revenues accrual",NA,"OK",NA
"factor_midas","Spain","Revenues","2016-09-05",-38.2681534798778,2,NA,NA,NA,NA,NA,NA,2016-09-01,511,"Total revenues accrual",NA,"OK",NA
"factor_midas","Spain","Revenues","2016-09-15",-86.2039525191296,2,NA,NA,NA,NA,NA,NA,2016-09-01,1777,"Total revenues accrual",NA,"OK",NA
"factor_midas","Spain","Revenues","2016-09-27",-228.329897031727,2,NA,NA,NA,NA,NA,NA,2016-09-01,1777,"Total revenues accrual",NA,"OK",NA
"factor_midas","Spain","Revenues","2016-09-29",-194.682572878122,2,NA,NA,NA,NA,NA,NA,2016-09-01,1777,"Total revenues accrual",NA,"OK",NA
"factor_midas","Spain","Revenues","2016-10-01",-245.329373621557,2,NA,NA,NA,NA,NA,NA,2016-10-01,1777,"Total revenues accrual",NA,"OK",NA
"factor_midas","Spain","Revenues","2016-10-05",-256.403094415753,2,NA,NA,NA,NA,NA,NA,2016-10-01,1777,"Total revenues accrual",NA,"OK",NA
"factor_midas","Spain","Revenues","2016-10-06",-257.001477025262,2,NA,NA,NA,NA,NA,NA,2016-10-01,1777,"Total revenues accrual",NA,"OK",NA
"factor_midas","Spain","Revenues","2016-10-15",-250.9370743947,2,NA,NA,NA,NA,NA,NA,2016-10-01,1777,"Total revenues accrual",NA,"OK",NA
"factor_midas","Spain","Revenues","2016-10-27",-341.47028882269,2,NA,NA,NA,NA,NA,NA,2016-10-01,1777,"Total revenues accrual",NA,"OK",NA
"factor_midas","Spain","Revenues","2016-11-01",-346.182719039087,2,NA,NA,NA,NA,NA,NA,2016-11-01,1777,"Total revenues accrual",NA,"OK",NA
"factor_midas","Spain","Revenues","2016-11-02",-354.819147840106,2,NA,NA,NA,NA,NA,NA,2016-11-01,1777,"Total revenues accrual",NA,"OK",NA
"factor_midas","Spain","Revenues","2016-11-05",-351.876257136743,2,NA,NA,NA,NA,NA,NA,2016-11-01,1777,"Total revenues accrual",NA,"OK",NA
"factor_midas","Spain","Revenues","2016-11-15",-324.027578635977,2,NA,NA,NA,NA,NA,NA,2016-11-01,1777,"Total revenues accrual",NA,"OK",NA
"factor_midas","Spain","Revenues","2016-11-24",-336.228566201803,2,NA,NA,NA,NA,NA,NA,2016-11-01,1777,"Total revenues accrual",NA,"OK",NA
"factor_midas","Spain","Revenues","2016-11-27",-384.553422679834,2,NA,NA,NA,NA,NA,NA,2016-11-01,1777,"Total revenues accrual",NA,"OK",NA
"factor_midas","Spain","Revenues","2016-12-01",-379.593654937168,2,NA,NA,NA,NA,NA,NA,2016-12-01,1777,"Total revenues accrual",NA,"OK",NA
"factor_midas","Spain","Revenues","2016-12-04",-386.153850320561,2,NA,NA,NA,NA,NA,NA,2016-12-01,1777,"Total revenues accrual",NA,"OK",NA
"factor_midas","Spain","Revenues","2016-12-05",-338.241693564134,2,NA,NA,NA,NA,NA,NA,2016-12-01,1777,"Total revenues accrual",NA,"OK",NA
"factor_midas","Spain","Revenues","2016-12-15",283.997469207087,2,NA,NA,NA,NA,NA,NA,2016-12-01,1169,"Total revenues accrual",NA,"OK",NA
"factor_midas","Spain","Revenues","2016-12-27",26.2547505689782,2,NA,NA,NA,NA,NA,NA,2016-12-01,1169,"Total revenues accrual",NA,"OK",NA
"factor_midas","Spain","Revenues","2016-12-29",-5.11350133560751,2,NA,NA,NA,NA,NA,NA,2016-12-01,1169,"Total revenues accrual",NA,"OK",NA
"factor_midas","Spain","Revenues","2017-01-01",-2.17778624954815,2,NA,NA,NA,NA,NA,NA,2017-01-01,1169,"Total revenues accrual",NA,"OK",NA
"factor_midas","Spain","Revenues","2017-01-05",11.223066453908,2,NA,NA,NA,NA,NA,NA,2017-01-01,1169,"Total revenues accrual",NA,"OK",NA
"factor_midas","Spain","Revenues","2017-01-07",-13.8522349244316,2,NA,NA,NA,NA,NA,NA,2017-01-01,1169,"Total revenues accrual",NA,"OK",NA
"factor_midas","Spain","Revenues","2017-01-15",-39.2503112800891,2,NA,NA,NA,NA,NA,NA,2017-01-01,1169,"Total revenues accrual",NA,"OK",NA
"factor_midas","Spain","Revenues","2017-01-26",-33.9140296852589,2,NA,NA,NA,NA,NA,NA,2017-01-01,1169,"Total revenues accrual",NA,"OK",NA
"factor_midas","Spain","Revenues","2017-01-27",-91.4624450399436,2,NA,NA,NA,NA,NA,NA,2017-01-01,1169,"Total revenues accrual",NA,"OK",NA
"factor_midas","Spain","Revenues","2017-02-01",-78.8018194314284,2,NA,NA,NA,NA,NA,NA,2017-02-01,1169,"Total revenues accrual",NA,"OK",NA
"factor_midas","Spain","Revenues","2017-02-03",-76.0743928124054,2,NA,NA,NA,NA,NA,NA,2017-02-01,1169,"Total revenues accrual",NA,"OK",NA
"factor_midas","Spain","Revenues","2017-02-05",-94.8477495689117,2,NA,NA,NA,NA,NA,NA,2017-02-01,1169,"Total revenues accrual",NA,"OK",NA
"factor_midas","Spain","Revenues","2017-02-15",-106.356360568421,2,NA,NA,NA,NA,NA,NA,2017-02-01,1169,"Total revenues accrual",NA,"OK",NA
"factor_midas","Spain","Revenues","2017-02-23",-56.3372173783985,2,NA,NA,NA,NA,NA,NA,2017-02-01,1169,"Total revenues accrual",NA,"OK",NA
"factor_midas","Spain","Revenues","2017-02-27",-14.5172840911716,2,NA,NA,NA,NA,NA,NA,2017-02-01,1169,"Total revenues accrual",NA,"OK",NA
"factor_midas","Spain","Revenues","2017-03-01",3582.90695252662,4,NA,NA,NA,NA,NA,NA,2017-03-01,1169,"Total revenues accrual",NA,"OK",NA
"factor_midas","Spain","Revenues","2017-03-03",3662.81159245711,4,NA,NA,NA,NA,NA,NA,2017-03-01,1169,"Total revenues accrual",NA,"OK",NA
"factor_midas","Spain","Revenues","2017-03-05",52.8642846142643,2,NA,NA,NA,NA,NA,NA,2017-03-01,1169,"Total revenues accrual",NA,"OK",NA
"factor_midas","Spain","Revenues","2017-03-15",706.095617494988,2,NA,NA,NA,NA,NA,NA,2017-03-01,793,"Total revenues accrual",NA,"OK",NA
"factor_midas","Spain","Revenues","2017-03-27",696.266770440179,2,NA,NA,NA,NA,NA,NA,2017-03-01,793,"Total revenues accrual",NA,"OK",NA
"factor_midas","Spain","Revenues","2017-03-30",645.143895461959,2,NA,NA,NA,NA,NA,NA,2017-03-01,793,"Total revenues accrual",NA,"OK",NA
"factor_midas","Spain","Revenues","2017-04-01",624.611205127824,2,NA,NA,NA,NA,NA,NA,2017-04-01,793,"Total revenues accrual",NA,"OK",NA
"factor_midas","Spain","Revenues","2017-04-05",638.809232640901,2,NA,NA,NA,NA,NA,NA,2017-04-01,793,"Total revenues accrual",NA,"OK",NA
"factor_midas","Spain","Revenues","2017-04-06",607.815402708532,2,NA,NA,NA,NA,NA,NA,2017-04-01,793,"Total revenues accrual",NA,"OK",NA
"factor_midas","Spain","Revenues","2017-04-15",485.8619907334,2,NA,NA,NA,NA,NA,NA,2017-04-01,793,"Total revenues accrual",NA,"OK",NA
"factor_midas","Spain","Revenues","2017-04-27",336.624835209821,2,NA,NA,NA,NA,NA,NA,2017-04-01,793,"Total revenues accrual",NA,"OK",NA
"factor_midas","Spain","Revenues","2017-05-01",326.661891131155,2,NA,NA,NA,NA,NA,NA,2017-05-01,793,"Total revenues accrual",NA,"OK",NA
"factor_midas","Spain","Revenues","2017-05-05",327.487195940551,2,NA,NA,NA,NA,NA,NA,2017-05-01,793,"Total revenues accrual",NA,"OK",NA
"factor_midas","Spain","Revenues","2017-05-15",426.196103022736,2,NA,NA,NA,NA,NA,NA,2017-05-01,793,"Total revenues accrual",NA,"OK",NA
"factor_midas","Spain","Revenues","2017-05-25",429.498822229932,2,NA,NA,NA,NA,NA,NA,2017-05-01,793,"Total revenues accrual",NA,"OK",NA
"factor_midas","Spain","Revenues","2017-05-27",481.918329592324,2,NA,NA,NA,NA,NA,NA,2017-05-01,793,"Total revenues accrual",NA,"OK",NA
"factor_midas","Spain","Revenues","2017-06-01",938.35054755585,4,NA,NA,NA,NA,NA,NA,2017-06-01,793,"Total revenues accrual",NA,"OK",NA
"factor_midas","Spain","Revenues","2017-06-04",978.989874215518,4,NA,NA,NA,NA,NA,NA,2017-06-01,793,"Total revenues accrual",NA,"OK",NA
"factor_midas","Spain","Revenues","2017-06-05",1131.03615982208,4,NA,NA,NA,NA,NA,NA,2017-06-01,793,"Total revenues accrual",NA,"OK",NA
"factor_midas","Spain","Revenues","2017-06-15",-990.612262104635,4,NA,NA,NA,NA,NA,NA,2017-06-01,1596,"Total revenues accrual",NA,"OK",NA
"factor_midas","Spain","Revenues","2017-06-27",-314.01995725512,4,NA,NA,NA,NA,NA,NA,2017-06-01,1596,"Total revenues accrual",NA,"OK",NA
"factor_midas","Spain","Revenues","2017-06-29",-254.623717774131,4,NA,NA,NA,NA,NA,NA,2017-06-01,1596,"Total revenues accrual",NA,"OK",NA
"factor_midas","Spain","Revenues","2017-07-01",434.414976407709,4,NA,NA,NA,NA,NA,NA,2017-07-01,1596,"Total revenues accrual",NA,"OK",NA
"factor_midas","Spain","Revenues","2017-07-05",342.609789189049,2,NA,NA,NA,NA,NA,NA,2017-07-01,1596,"Total revenues accrual",NA,"OK",NA
"factor_midas","Spain","Revenues","2017-07-06",341.945674705542,2,NA,NA,NA,NA,NA,NA,2017-07-01,1596,"Total revenues accrual",NA,"OK",NA
"factor_midas","Spain","Revenues","2017-07-15",123.695304137649,4,NA,NA,NA,NA,NA,NA,2017-07-01,1596,"Total revenues accrual",NA,"OK",NA
"factor_midas","Spain","Revenues","2017-07-27",73.0881502210721,4,NA,NA,NA,NA,NA,NA,2017-07-01,1596,"Total revenues accrual",NA,"OK",NA
"factor_midas","Spain","Revenues","2017-08-01",237.490066000256,4,NA,NA,NA,NA,NA,NA,2017-08-01,1596,"Total revenues accrual",NA,"OK",NA
"factor_midas","Spain","Revenues","2017-08-02",238.464500123171,4,NA,NA,NA,NA,NA,NA,2017-08-01,1596,"Total revenues accrual",NA,"OK",NA
"factor_midas","Spain","Revenues","2017-08-05",307.185490914266,4,NA,NA,NA,NA,NA,NA,2017-08-01,1596,"Total revenues accrual",NA,"OK",NA
"factor_midas","Spain","Revenues","2017-08-15",280.619885555429,4,NA,NA,NA,NA,NA,NA,2017-08-01,1596,"Total revenues accrual",NA,"OK",NA
"factor_midas","Spain","Revenues","2017-08-27",-150.670770318279,4,NA,NA,NA,NA,NA,NA,2017-08-01,1596,"Total revenues accrual",NA,"OK",NA
"factor_midas","Spain","Revenues","2017-08-31",-97.9158264079479,4,NA,NA,NA,NA,NA,NA,2017-08-01,1596,"Total revenues accrual",NA,"OK",NA
"factor_midas","Spain","Revenues","2017-09-01",-100.034742576232,4,NA,NA,NA,NA,NA,NA,2017-09-01,1596,"Total revenues accrual",NA,"OK",NA
"factor_midas","Spain","Revenues","2017-09-05",-289.489479686201,4,NA,NA,NA,NA,NA,NA,2017-09-01,1596,"Total revenues accrual",NA,"OK",NA
"factor_midas","Spain","Revenues","2017-09-15",618.496597260032,4,NA,NA,NA,NA,NA,NA,2017-09-01,1015,"Total revenues accrual",NA,"OK",NA
"factor_midas","Spain","Revenues","2017-09-27",340.75156296827,4,NA,NA,NA,NA,NA,NA,2017-09-01,1015,"Total revenues accrual",NA,"OK",NA
"factor_midas","Spain","Revenues","2017-09-28",345.632207670652,4,NA,NA,NA,NA,NA,NA,2017-09-01,1015,"Total revenues accrual",NA,"OK",NA
"factor_midas","Spain","Revenues","2017-10-01",-370.580190830964,4,NA,NA,NA,NA,NA,NA,2017-10-01,1015,"Total revenues accrual",NA,"OK",NA
"factor_midas","Spain","Revenues","2017-10-05",-301.687993915543,4,NA,NA,NA,NA,NA,NA,2017-10-01,1015,"Total revenues accrual",NA,"OK",NA
"factor_midas","Spain","Revenues","2017-10-07",-276.710712831793,4,NA,NA,NA,NA,NA,NA,2017-10-01,1015,"Total revenues accrual",NA,"OK",NA
"factor_midas","Spain","Revenues","2017-10-15",-75.3559988619621,4,NA,NA,NA,NA,NA,NA,2017-10-01,1015,"Total revenues accrual",NA,"OK",NA
"factor_midas","Spain","Revenues","2017-10-26",-68.3454902815264,4,NA,NA,NA,NA,NA,NA,2017-10-01,1015,"Total revenues accrual",NA,"OK",NA
"factor_midas","Spain","Revenues","2017-10-27",728.217699769795,4,NA,NA,NA,NA,NA,NA,2017-10-01,1015,"Total revenues accrual",NA,"OK",NA
"factor_midas","Spain","Revenues","2017-11-01",1041.78042849326,4,NA,NA,NA,NA,NA,NA,2017-11-01,1015,"Total revenues accrual",NA,"OK",NA
"factor_midas","Spain","Revenues","2017-11-03",1027.59972551947,4,NA,NA,NA,NA,NA,NA,2017-11-01,1015,"Total revenues accrual",NA,"OK",NA
"factor_midas","Spain","Revenues","2017-11-05",787.035098831152,4,NA,NA,NA,NA,NA,NA,2017-11-01,1015,"Total revenues accrual",NA,"OK",NA
"factor_midas","Spain","Revenues","2017-11-15",964.167558872552,4,NA,NA,NA,NA,NA,NA,2017-11-01,1015,"Total revenues accrual",NA,"OK",NA
"factor_midas","Spain","Revenues","2017-11-27",325.176886957476,4,NA,NA,NA,NA,NA,NA,2017-11-01,1015,"Total revenues accrual",NA,"OK",NA
"factor_midas","Spain","Revenues","2017-11-30",362.437259520149,4,NA,NA,NA,NA,NA,NA,2017-11-01,1015,"Total revenues accrual",NA,"OK",NA
"factor_midas","Spain","Revenues","2017-12-01",281.763714606057,4,NA,NA,NA,NA,NA,NA,2017-12-01,1015,"Total revenues accrual",NA,"OK",NA
"factor_midas","Spain","Revenues","2017-12-05",615.790912009333,4,NA,NA,NA,NA,NA,NA,2017-12-01,1015,"Total revenues accrual",NA,"OK",NA
"factor_midas","Spain","Revenues","2017-12-15",-192.78800355536,4,NA,NA,NA,NA,NA,NA,2017-12-01,1127,"Total revenues accrual",NA,"OK",NA
"factor_midas","Spain","Revenues","2017-12-27",266.206559278597,4,NA,NA,NA,NA,NA,NA,2017-12-01,1127,"Total revenues accrual",NA,"OK",NA
"factor_midas","Spain","Revenues","2017-12-28",264.60466289406,4,NA,NA,NA,NA,NA,NA,2017-12-01,1127,"Total revenues accrual",NA,"OK",NA
"factor_midas","Spain","Revenues","2018-01-01",-1025.51896922228,4,NA,NA,NA,NA,NA,NA,2018-01-01,1127,"Total revenues accrual",NA,"OK",NA
"factor_midas","Spain","Revenues","2018-01-05",-815.211298360884,4,NA,NA,NA,NA,NA,NA,2018-01-01,1127,"Total revenues accrual",NA,"OK",NA
"factor_midas","Spain","Revenues","2018-01-15",-455.268780986399,4,NA,NA,NA,NA,NA,NA,2018-01-01,1127,"Total revenues accrual",NA,"OK",NA
"factor_midas","Spain","Revenues","2018-01-25",-456.155318297967,4,NA,NA,NA,NA,NA,NA,2018-01-01,1127,"Total revenues accrual",NA,"OK",NA
"factor_midas","Spain","Revenues","2018-01-27",-455.179116857219,4,NA,NA,NA,NA,NA,NA,2018-01-01,1127,"Total revenues accrual",NA,"OK",NA
"factor_midas","Spain","Revenues","2018-02-01",-242.636655103964,4,NA,NA,NA,NA,NA,NA,2018-02-01,1127,"Total revenues accrual",NA,"OK",NA
"factor_midas","Spain","Revenues","2018-02-04",-243.142340042789,4,NA,NA,NA,NA,NA,NA,2018-02-01,1127,"Total revenues accrual",NA,"OK",NA
"factor_midas","Spain","Revenues","2018-02-05",-192.431323756489,4,NA,NA,NA,NA,NA,NA,2018-02-01,1127,"Total revenues accrual",NA,"OK",NA
"factor_midas","Spain","Revenues","2018-02-15",-124.030918359551,4,NA,NA,NA,NA,NA,NA,2018-02-01,1127,"Total revenues accrual",NA,"OK",NA
"factor_midas","Spain","Revenues","2018-02-22",-133.647425660843,4,NA,NA,NA,NA,NA,NA,2018-02-01,1127,"Total revenues accrual",NA,"OK",NA
"factor_midas","Spain","Revenues","2018-02-27",537.789674897777,4,NA,NA,NA,NA,NA,NA,2018-02-01,1127,"Total revenues accrual",NA,"OK",NA
"factor_midas","Spain","Revenues","2018-03-01",621.025088201232,4,NA,NA,NA,NA,NA,NA,2018-03-01,1127,"Total revenues accrual",NA,"OK",NA
"factor_midas","Spain","Revenues","2018-03-04",729.089767460831,4,NA,NA,NA,NA,NA,NA,2018-03-01,1127,"Total revenues accrual",NA,"OK",NA
"factor_midas","Spain","Revenues","2018-03-05",1588.90642564876,4,NA,NA,NA,NA,NA,NA,2018-03-01,1127,"Total revenues accrual",NA,"OK",NA
"factor_midas","Spain","Revenues","2018-03-15",618.43192303231,4,NA,NA,NA,NA,NA,NA,2018-03-01,2383,"Total revenues accrual",NA,"OK",NA
"factor_midas","Spain","Revenues","2018-03-27",-952.58619266105,4,NA,NA,NA,NA,NA,NA,2018-03-01,2383,"Total revenues accrual",NA,"OK",NA
"factor_midas","Spain","Revenues","2018-03-29",-1027.33691855208,4,NA,NA,NA,NA,NA,NA,2018-03-01,2383,"Total revenues accrual",NA,"OK",NA
"factor_midas","Spain","Revenues","2018-04-01",-1816.56345322876,4,NA,NA,NA,NA,NA,NA,2018-04-01,2383,"Total revenues accrual",NA,"OK",NA
"factor_midas","Spain","Revenues","2018-04-05",-1415.71980796048,4,NA,NA,NA,NA,NA,NA,2018-04-01,2383,"Total revenues accrual",NA,"OK",NA
"factor_midas","Spain","Revenues","2018-04-07",-1413.34050030527,4,NA,NA,NA,NA,NA,NA,2018-04-01,2383,"Total revenues accrual",NA,"OK",NA
"factor_midas","Spain","Revenues","2018-04-15",-1383.552223573,4,NA,NA,NA,NA,NA,NA,2018-04-01,2383,"Total revenues accrual",NA,"OK",NA
"factor_midas","Spain","Revenues","2018-04-26",-1371.47996882022,4,NA,NA,NA,NA,NA,NA,2018-04-01,2383,"Total revenues accrual",NA,"OK",NA
"factor_midas","Spain","Revenues","2018-04-27",-1029.59125125148,4,NA,NA,NA,NA,NA,NA,2018-04-01,2383,"Total revenues accrual",NA,"OK",NA
"factor_midas","Spain","Revenues","2018-05-01",-533.360098634686,4,NA,NA,NA,NA,NA,NA,2018-05-01,2383,"Total revenues accrual",NA,"OK",NA
"factor_midas","Spain","Revenues","2018-05-02",-538.733712148615,4,NA,NA,NA,NA,NA,NA,2018-05-01,2383,"Total revenues accrual",NA,"OK",NA
"factor_midas","Spain","Revenues","2018-05-05",-279.478236322651,4,NA,NA,NA,NA,NA,NA,2018-05-01,2383,"Total revenues accrual",NA,"OK",NA
"factor_midas","Spain","Revenues","2018-05-15",-333.083711076127,4,NA,NA,NA,NA,NA,NA,2018-05-01,2383,"Total revenues accrual",NA,"OK",NA
"factor_midas","Spain","Revenues","2018-05-27",72.3424016988866,4,NA,NA,NA,NA,NA,NA,2018-05-01,2383,"Total revenues accrual",NA,"OK",NA
"factor_midas","Spain","Revenues","2018-05-31",77.5874068262814,4,NA,NA,NA,NA,NA,NA,2018-05-01,2383,"Total revenues accrual",NA,"OK",NA
"factor_midas","Spain","Revenues","2018-06-01",287.300485468416,4,NA,NA,NA,NA,NA,NA,2018-06-01,2383,"Total revenues accrual",NA,"OK",NA
"factor_midas","Spain","Revenues","2018-06-05",222.607440856215,4,NA,NA,NA,NA,NA,NA,2018-06-01,2383,"Total revenues accrual",NA,"OK",NA
"factor_midas","Spain","Revenues","2018-06-15",1708.11212646777,4,NA,NA,NA,NA,NA,NA,2018-06-01,1899,"Total revenues accrual",NA,"OK",NA
"factor_midas","Spain","Revenues","2018-06-27",961.056958103687,4,NA,NA,NA,NA,NA,NA,2018-06-01,1899,"Total revenues accrual",NA,"OK",NA
"factor_midas","Spain","Revenues","2018-06-28",974.636702596074,4,NA,NA,NA,NA,NA,NA,2018-06-01,1899,"Total revenues accrual",NA,"OK",NA
"factor_midas","Spain","Revenues","2018-07-01",-51.9243443489539,4,NA,NA,NA,NA,NA,NA,2018-07-01,1899,"Total revenues accrual",NA,"OK",NA
"factor_midas","Spain","Revenues","2018-07-05",-202.470929522494,4,NA,NA,NA,NA,NA,NA,2018-07-01,1899,"Total revenues accrual",NA,"OK",NA
"factor_midas","Spain","Revenues","2018-07-07",-196.992901766391,4,NA,NA,NA,NA,NA,NA,2018-07-01,1899,"Total revenues accrual",NA,"OK",NA
"factor_midas","Spain","Revenues","2018-07-15",-187.146277449514,4,NA,NA,NA,NA,NA,NA,2018-07-01,1899,"Total revenues accrual",NA,"OK",NA
"factor_midas","Spain","Revenues","2018-07-26",-220.191130601473,4,NA,NA,NA,NA,NA,NA,2018-07-01,1899,"Total revenues accrual",NA,"OK",NA
"factor_midas","Spain","Revenues","2018-07-27",-648.335113346123,4,NA,NA,NA,NA,NA,NA,2018-07-01,1899,"Total revenues accrual",NA,"OK",NA
"factor_midas","Spain","Revenues","2018-08-01",-300.683800436535,4,NA,NA,NA,NA,NA,NA,2018-08-01,1899,"Total revenues accrual",NA,"OK",NA
"factor_midas","Spain","Revenues","2018-08-03",-301.185593180097,4,NA,NA,NA,NA,NA,NA,2018-08-01,1899,"Total revenues accrual",NA,"OK",NA
"factor_midas","Spain","Revenues","2018-08-05",-410.895456290952,4,NA,NA,NA,NA,NA,NA,2018-08-01,1899,"Total revenues accrual",NA,"OK",NA
"factor_midas","Spain","Revenues","2018-08-15",-401.4484296623,4,NA,NA,NA,NA,NA,NA,2018-08-01,1899,"Total revenues accrual",NA,"OK",NA
"factor_midas","Spain","Revenues","2018-08-27",-387.337062082768,4,NA,NA,NA,NA,NA,NA,2018-08-01,1899,"Total revenues accrual",NA,"OK",NA
"factor_midas","Spain","Revenues","2018-08-30",-315.804357674293,4,NA,NA,NA,NA,NA,NA,2018-08-01,1899,"Total revenues accrual",NA,"OK",NA
"factor_midas","Spain","Revenues","2018-09-01",-502.615851108022,4,NA,NA,NA,NA,NA,NA,2018-09-01,1899,"Total revenues accrual",NA,"OK",NA
"factor_midas","Spain","Revenues","2018-09-05",-403.452153362191,4,NA,NA,NA,NA,NA,NA,2018-09-01,1899,"Total revenues accrual",NA,"OK",NA
"factor_midas","Spain","Revenues","2018-09-06",-452.762430126943,4,NA,NA,NA,NA,NA,NA,2018-09-01,1899,"Total revenues accrual",NA,"OK",NA
"factor_midas","Spain","Revenues","2018-09-15",-202.520912845504,4,NA,NA,NA,NA,NA,NA,2018-09-01,1217,"Total revenues accrual",NA,"OK",NA
"factor_midas","Spain","Revenues","2018-09-27",-196.526141447369,4,NA,NA,NA,NA,NA,NA,2018-09-01,1217,"Total revenues accrual",NA,"OK",NA
"factor_midas","Spain","Revenues","2018-10-01",549.426956976292,4,NA,NA,NA,NA,NA,NA,2018-10-01,1217,"Total revenues accrual",NA,"OK",NA
"factor_midas","Spain","Revenues","2018-10-05",904.522556941368,4,NA,NA,NA,NA,NA,NA,2018-10-01,1217,"Total revenues accrual",NA,"OK",NA
"factor_midas","Spain","Revenues","2018-10-15",562.65373363915,4,NA,NA,NA,NA,NA,NA,2018-10-01,1217,"Total revenues accrual",NA,"OK",NA
"factor_midas","Spain","Revenues","2018-10-25",600.112329084144,4,NA,NA,NA,NA,NA,NA,2018-10-01,1217,"Total revenues accrual",NA,"OK",NA
"factor_midas","Spain","Revenues","2018-10-27",1800.94257739823,4,NA,NA,NA,NA,NA,NA,2018-10-01,1217,"Total revenues accrual",NA,"OK",NA
"factor_midas","Spain","Revenues","2018-11-01",1269.97365513921,4,NA,NA,NA,NA,NA,NA,2018-11-01,1217,"Total revenues accrual",NA,"OK",NA
"factor_midas","Spain","Revenues","2018-11-04",1262.34742838956,4,NA,NA,NA,NA,NA,NA,2018-11-01,1217,"Total revenues accrual",NA,"OK",NA
"factor_midas","Spain","Revenues","2018-11-05",1075.06911104718,4,NA,NA,NA,NA,NA,NA,2018-11-01,1217,"Total revenues accrual",NA,"OK",NA
"factor_midas","Spain","Revenues","2018-11-15",1063.79536065505,4,NA,NA,NA,NA,NA,NA,2018-11-01,1217,"Total revenues accrual",NA,"OK",NA
"factor_midas","Spain","Revenues","2018-11-27",-88.8682576090126,4,NA,NA,NA,NA,NA,NA,2018-11-01,1217,"Total revenues accrual",NA,"OK",NA
"factor_midas","Spain","Revenues","2018-11-29",-97.753498416357,4,NA,NA,NA,NA,NA,NA,2018-11-01,1217,"Total revenues accrual",NA,"OK",NA
"factor_midas","Spain","Revenues","2018-12-01",-51.1137318339155,4,NA,NA,NA,NA,NA,NA,2018-12-01,1217,"Total revenues accrual",NA,"OK",NA
"factor_midas","Spain","Revenues","2018-12-05",-384.758659795571,4,NA,NA,NA,NA,NA,NA,2018-12-01,1217,"Total revenues accrual",NA,"OK",NA
"factor_midas","Spain","Revenues","2018-12-06",-444.720716124688,4,NA,NA,NA,NA,NA,NA,2018-12-01,1217,"Total revenues accrual",NA,"OK",NA
"factor_midas","Spain","Revenues","2018-12-15",153.277288097387,4,NA,NA,NA,NA,NA,NA,2018-12-01,3575,"Total revenues accrual",NA,"OK",NA
"factor_midas","Spain","Revenues","2018-12-27",886.952511910433,4,NA,NA,NA,NA,NA,NA,2018-12-01,3575,"Total revenues accrual",NA,"OK",NA
"factor_midas","Spain","Revenues","2019-01-01",625.448574874713,4,NA,NA,NA,NA,NA,NA,2019-01-01,3575,"Total revenues accrual",NA,"OK",NA
"factor_midas","Spain","Revenues","2019-01-02",620.847769201372,4,NA,NA,NA,NA,NA,NA,2019-01-01,3575,"Total revenues accrual",NA,"OK",NA
"factor_midas","Spain","Revenues","2019-01-05",-1363.73160369846,4,NA,NA,NA,NA,NA,NA,2019-01-01,3575,"Total revenues accrual",NA,"OK",NA
"factor_midas","Spain","Revenues","2019-01-15",-1109.35515530728,4,NA,NA,NA,NA,NA,NA,2019-01-01,3575,"Total revenues accrual",NA,"OK",NA
"factor_midas","Spain","Revenues","2019-01-27",-941.294897622108,4,NA,NA,NA,NA,NA,NA,2019-01-01,3575,"Total revenues accrual",NA,"OK",NA
"factor_midas","Spain","Revenues","2019-01-31",-947.604950448018,4,NA,NA,NA,NA,NA,NA,2019-01-01,3575,"Total revenues accrual",NA,"OK",NA
"factor_midas","Spain","Revenues","2019-02-01",-1520.66231632783,4,NA,NA,NA,NA,NA,NA,2019-02-01,3575,"Total revenues accrual",NA,"OK",NA
"factor_midas","Spain","Revenues","2019-02-05",-1271.40156756392,4,NA,NA,NA,NA,NA,NA,2019-02-01,3575,"Total revenues accrual",NA,"OK",NA
"factor_midas","Spain","Revenues","2019-02-15",-969.219560069981,4,NA,NA,NA,NA,NA,NA,2019-02-01,3575,"Total revenues accrual",NA,"OK",NA
"factor_midas","Spain","Revenues","2019-02-27",-931.470866034554,4,NA,NA,NA,NA,NA,NA,2019-02-01,3575,"Total revenues accrual",NA,"OK",NA
"factor_midas","Spain","Revenues","2019-02-28",-952.063064570391,4,NA,NA,NA,NA,NA,NA,2019-02-01,3575,"Total revenues accrual",NA,"OK",NA
"factor_midas","Spain","Revenues","2019-03-01",-921.148498500902,4,NA,NA,NA,NA,NA,NA,2019-03-01,3575,"Total revenues accrual",NA,"OK",NA
"factor_midas","Spain","Revenues","2019-03-05",-1158.38692079055,4,NA,NA,NA,NA,NA,NA,2019-03-01,3575,"Total revenues accrual",NA,"OK",NA
"factor_midas","Spain","Revenues","2019-03-15",1632.19876133881,4,NA,NA,NA,NA,NA,NA,2019-03-01,-362,"Total revenues accrual",NA,"OK",NA
"factor_midas","Spain","Revenues","2019-03-27",2193.9854327087,4,NA,NA,NA,NA,NA,NA,2019-03-01,-362,"Total revenues accrual",NA,"OK",NA
"factor_midas","Spain","Revenues","2019-03-28",2232.5021303078,4,NA,NA,NA,NA,NA,NA,2019-03-01,-362,"Total revenues accrual",NA,"OK",NA
"factor_midas","Spain","Revenues","2019-04-01",1333.1471522124,4,NA,NA,NA,NA,NA,NA,2019-04-01,-362,"Total revenues accrual",NA,"OK",NA
"factor_midas","Spain","Revenues","2019-04-05",1296.45032187597,4,NA,NA,NA,NA,NA,NA,2019-04-01,-362,"Total revenues accrual",NA,"OK",NA
"factor_midas","Spain","Revenues","2019-04-15",1323.62494277807,4,NA,NA,NA,NA,NA,NA,2019-04-01,-362,"Total revenues accrual",NA,"OK",NA
"factor_midas","Spain","Revenues","2019-04-25",1265.95093869672,4,NA,NA,NA,NA,NA,NA,2019-04-01,-362,"Total revenues accrual",NA,"OK",NA
"factor_midas","Spain","Revenues","2019-04-27",1167.13322028931,4,NA,NA,NA,NA,NA,NA,2019-04-01,-362,"Total revenues accrual",NA,"OK",NA
"factor_midas","Spain","Revenues","2019-05-01",1608.06305436993,4,NA,NA,NA,NA,NA,NA,2019-05-01,-362,"Total revenues accrual",NA,"OK",NA
"factor_midas","Spain","Revenues","2019-05-03",1583.70568150369,4,NA,NA,NA,NA,NA,NA,2019-05-01,-362,"Total revenues accrual",NA,"OK",NA
"factor_midas","Spain","Revenues","2019-05-05",1280.34845085588,4,NA,NA,NA,NA,NA,NA,2019-05-01,-362,"Total revenues accrual",NA,"OK",NA
"factor_midas","Spain","Revenues","2019-05-15",1367.65779675917,4,NA,NA,NA,NA,NA,NA,2019-05-01,-362,"Total revenues accrual",NA,"OK",NA
"factor_midas","Spain","Revenues","2019-05-27",1049.91206130397,4,NA,NA,NA,NA,NA,NA,2019-05-01,-362,"Total revenues accrual",NA,"OK",NA
"factor_midas","Spain","Revenues","2019-05-30",1042.6437398435,4,NA,NA,NA,NA,NA,NA,2019-05-01,-362,"Total revenues accrual",NA,"OK",NA
"factor_midas","Spain","Revenues","2019-06-01",743.517402448329,4,NA,NA,NA,NA,NA,NA,2019-06-01,-362,"Total revenues accrual",NA,"OK",NA
"factor_midas","Spain","Revenues","2019-06-05",606.957862790396,4,NA,NA,NA,NA,NA,NA,2019-06-01,-362,"Total revenues accrual",NA,"OK",NA
"factor_midas","Spain","Revenues","2019-06-06",631.667330341064,4,NA,NA,NA,NA,NA,NA,2019-06-01,-362,"Total revenues accrual",NA,"OK",NA
"factor_midas","Spain","Revenues","2019-06-15",865.249793889387,2,NA,NA,NA,NA,NA,NA,2019-06-01,565,"Total revenues accrual",NA,"OK",NA
"factor_midas","Spain","Revenues","2019-06-27",938.516095359121,2,NA,NA,NA,NA,NA,NA,2019-06-01,565,"Total revenues accrual",NA,"OK",NA
"factor_midas","Spain","Revenues","2019-07-01",902.725057024132,2,NA,NA,NA,NA,NA,NA,2019-07-01,565,"Total revenues accrual",NA,"OK",NA
"factor_midas","Spain","Revenues","2019-07-05",883.853001847463,2,NA,NA,NA,NA,NA,NA,2019-07-01,565,"Total revenues accrual",NA,"OK",NA
"factor_midas","Spain","Revenues","2019-07-15",889.485678150429,2,NA,NA,NA,NA,NA,NA,2019-07-01,565,"Total revenues accrual",NA,"OK",NA
"factor_midas","Spain","Revenues","2019-07-25",910.188841562619,2,NA,NA,NA,NA,NA,NA,2019-07-01,565,"Total revenues accrual",NA,"OK",NA
"factor_midas","Spain","Revenues","2019-07-27",792.843790613481,2,NA,NA,NA,NA,NA,NA,2019-07-01,565,"Total revenues accrual",NA,"OK",NA
"factor_midas","Spain","Revenues","2019-08-01",742.381935401732,2,NA,NA,NA,NA,NA,NA,2019-08-01,565,"Total revenues accrual",NA,"OK",NA
"factor_midas","Spain","Revenues","2019-08-04",736.021185799783,2,NA,NA,NA,NA,NA,NA,2019-08-01,565,"Total revenues accrual",NA,"OK",NA
"factor_midas","Spain","Revenues","2019-08-05",730.152646371763,2,NA,NA,NA,NA,NA,NA,2019-08-01,565,"Total revenues accrual",NA,"OK",NA
"factor_midas","Spain","Revenues","2019-08-15",736.918649041677,2,NA,NA,NA,NA,NA,NA,2019-08-01,565,"Total revenues accrual",NA,"OK",NA
"factor_midas","Spain","Revenues","2019-08-27",701.262485560186,2,NA,NA,NA,NA,NA,NA,2019-08-01,565,"Total revenues accrual",NA,"OK",NA
"factor_midas","Spain","Revenues","2019-08-29",685.855300356951,2,NA,NA,NA,NA,NA,NA,2019-08-01,565,"Total revenues accrual",NA,"OK",NA
"factor_midas","Spain","Revenues","2019-09-01",-2484.77778753702,4,NA,NA,NA,NA,NA,NA,2019-09-01,565,"Total revenues accrual",NA,"OK",NA
"factor_midas","Spain","Revenues","2019-09-05",795.04853695633,2,NA,NA,NA,NA,NA,NA,2019-09-01,565,"Total revenues accrual",NA,"OK",NA
"factor_midas","Spain","Revenues","2019-09-07",824.988422745217,2,NA,NA,NA,NA,NA,NA,2019-09-01,565,"Total revenues accrual",NA,"OK",NA
"factor_midas","Spain","Revenues","2019-09-15",1500.15621416625,2,NA,NA,NA,NA,NA,NA,2019-09-01,691,"Total revenues accrual",NA,"OK",NA
"factor_midas","Spain","Revenues","2019-09-26",1352.7471089119,2,NA,NA,NA,NA,NA,NA,2019-09-01,691,"Total revenues accrual",NA,"OK",NA
"factor_midas","Spain","Revenues","2019-09-27",1325.83013149464,2,NA,NA,NA,NA,NA,NA,2019-09-01,691,"Total revenues accrual",NA,"OK",NA
"factor_midas","Spain","Revenues","2019-10-01",1252.1787911789,2,NA,NA,NA,NA,NA,NA,2019-10-01,691,"Total revenues accrual",NA,"OK",NA
"factor_midas","Spain","Revenues","2019-10-02",1257.72844603804,2,NA,NA,NA,NA,NA,NA,2019-10-01,691,"Total revenues accrual",NA,"OK",NA
"factor_midas","Spain","Revenues","2019-10-05",1260.98768625323,2,NA,NA,NA,NA,NA,NA,2019-10-01,691,"Total revenues accrual",NA,"OK",NA
"factor_midas","Spain","Revenues","2019-10-15",1345.80541747282,2,NA,NA,NA,NA,NA,NA,2019-10-01,691,"Total revenues accrual",NA,"OK",NA
"factor_midas","Spain","Revenues","2019-10-27",1298.37903422619,2,NA,NA,NA,NA,NA,NA,2019-10-01,691,"Total revenues accrual",NA,"OK",NA
"factor_midas","Spain","Revenues","2019-10-31",1219.21205185951,2,NA,NA,NA,NA,NA,NA,2019-10-01,691,"Total revenues accrual",NA,"OK",NA
"factor_midas","Spain","Revenues","2019-11-01",1161.9193742099,2,NA,NA,NA,NA,NA,NA,2019-11-01,691,"Total revenues accrual",NA,"OK",NA
"factor_midas","Spain","Revenues","2019-11-05",1162.86846625364,2,NA,NA,NA,NA,NA,NA,2019-11-01,691,"Total revenues accrual",NA,"OK",NA
"factor_midas","Spain","Revenues","2019-11-15",1180.84098815787,2,NA,NA,NA,NA,NA,NA,2019-11-01,691,"Total revenues accrual",NA,"OK",NA
"factor_midas","Spain","Revenues","2019-11-27",1151.09519641389,2,NA,NA,NA,NA,NA,NA,2019-11-01,691,"Total revenues accrual",NA,"OK",NA
"factor_midas","Spain","Revenues","2019-11-28",1133.61657044641,2,NA,NA,NA,NA,NA,NA,2019-11-01,691,"Total revenues accrual",NA,"OK",NA
"factor_midas","Spain","Revenues","2019-12-01",1088.37923597282,2,NA,NA,NA,NA,NA,NA,2019-12-01,691,"Total revenues accrual",NA,"OK",NA
"factor_midas","Spain","Revenues","2019-12-05",1204.08683516523,2,NA,NA,NA,NA,NA,NA,2019-12-01,691,"Total revenues accrual",NA,"OK",NA
"factor_midas","Spain","Revenues","2019-12-07",1207.57042758307,2,NA,NA,NA,NA,NA,NA,2019-12-01,691,"Total revenues accrual",NA,"OK",NA
"factor_midas","Spain","Revenues","2019-12-15",1300.40119215051,2,NA,NA,NA,NA,NA,NA,2019-12-01,-590,"Total revenues accrual",NA,"OK",NA
"factor_midas","Spain","Revenues","2019-12-26",1301.04797227492,2,NA,NA,NA,NA,NA,NA,2019-12-01,-590,"Total revenues accrual",NA,"OK",NA
"factor_midas","Spain","Revenues","2019-12-27",1314.64881243007,2,NA,NA,NA,NA,NA,NA,2019-12-01,-590,"Total revenues accrual",NA,"OK",NA
"factor_midas","Spain","Revenues","2020-01-01",1319.06318629812,2,NA,NA,NA,NA,NA,NA,2020-01-01,-590,"Total revenues accrual",NA,"OK",NA
"factor_midas","Spain","Revenues","2020-01-03",1326.1206576933,2,NA,NA,NA,NA,NA,NA,2020-01-01,-590,"Total revenues accrual",NA,"OK",NA
"factor_midas","Spain","Revenues","2020-01-05",1313.40679108868,2,NA,NA,NA,NA,NA,NA,2020-01-01,-590,"Total revenues accrual",NA,"OK",NA
"factor_midas","Spain","Revenues","2020-01-15",1272.09886501828,2,NA,NA,NA,NA,NA,NA,2020-01-01,-590,"Total revenues accrual",NA,"OK",NA
"factor_midas","Spain","Revenues","2020-01-27",1171.66189567911,2,NA,NA,NA,NA,NA,NA,2020-01-01,-590,"Total revenues accrual",NA,"OK",NA
"factor_midas","Spain","Revenues","2020-01-30",1120.75240479236,2,NA,NA,NA,NA,NA,NA,2020-01-01,-590,"Total revenues accrual",NA,"OK",NA
"factor_midas","Spain","Revenues","2020-02-01",1195.64293674618,2,NA,NA,NA,NA,NA,NA,2020-02-01,-590,"Total revenues accrual",NA,"OK",NA
"factor_midas","Spain","Revenues","2020-02-05",1201.53071800587,2,NA,NA,NA,NA,NA,NA,2020-02-01,-590,"Total revenues accrual",NA,"OK",NA
"factor_midas","Spain","Revenues","2020-02-06",1223.74700605011,2,NA,NA,NA,NA,NA,NA,2020-02-01,-590,"Total revenues accrual",NA,"OK",NA
"factor_midas","Spain","Revenues","2020-02-15",1181.85583370489,2,NA,NA,NA,NA,NA,NA,2020-02-01,-590,"Total revenues accrual",NA,"OK",NA
"factor_midas","Spain","Revenues","2020-02-27",1105.44885468887,2,NA,NA,NA,NA,NA,NA,2020-02-01,-590,"Total revenues accrual",NA,"OK",NA
"factor_midas","Spain","Revenues","2020-03-01",949.290552989649,2,NA,NA,NA,NA,NA,NA,2020-03-01,-590,"Total revenues accrual",NA,"OK",NA
"factor_midas","Spain","Revenues","2020-03-05",898.987557773706,2,NA,NA,NA,NA,NA,NA,2020-03-01,-590,"Total revenues accrual",NA,"OK",NA
"factor_midas","Spain","Revenues","2020-03-07",807.041675103845,2,NA,NA,NA,NA,NA,NA,2020-03-01,-590,"Total revenues accrual",NA,"OK",NA
"factor_midas","Spain","Revenues","2020-03-15",-1382.33676082627,2,NA,NA,NA,NA,NA,NA,2020-03-01,593,"Total revenues accrual",NA,"OK",NA
"factor_midas","Spain","Revenues","2020-03-26",-1510.57605950991,2,NA,NA,NA,NA,NA,NA,2020-03-01,593,"Total revenues accrual",NA,"OK",NA
"factor_midas","Spain","Revenues","2020-03-27",-1440.25570510902,2,NA,NA,NA,NA,NA,NA,2020-03-01,593,"Total revenues accrual",NA,"OK",NA
"factor_midas","Spain","Revenues","2020-04-01",-1060.58072809959,4,NA,NA,NA,NA,NA,NA,2020-04-01,593,"Total revenues accrual",NA,"OK",NA
"factor_midas","Spain","Revenues","2020-04-03",-1274.84248547347,4,NA,NA,NA,NA,NA,NA,2020-04-01,593,"Total revenues accrual",NA,"OK",NA
"factor_midas","Spain","Revenues","2020-04-05",-1274.69081877072,4,NA,NA,NA,NA,NA,NA,2020-04-01,593,"Total revenues accrual",NA,"OK",NA
"factor_midas","Spain","Revenues","2020-04-15",-561.668653388725,4,NA,NA,NA,NA,NA,NA,2020-04-01,593,"Total revenues accrual",NA,"OK",NA
"factor_midas","Spain","Revenues","2020-04-27",-813.928086511311,4,NA,NA,NA,NA,NA,NA,2020-04-01,593,"Total revenues accrual",NA,"OK",NA
"factor_midas","Spain","Revenues","2020-04-30",-2964.91501943564,4,NA,NA,NA,NA,NA,NA,2020-04-01,593,"Total revenues accrual",NA,"OK",NA
"factor_midas","Spain","Revenues","2020-05-01",-3718.39088726463,4,NA,NA,NA,NA,NA,NA,2020-05-01,593,"Total revenues accrual",NA,"OK",NA
"factor_midas","Spain","Revenues","2020-05-05",-2953.58344895996,4,NA,NA,NA,NA,NA,NA,2020-05-01,593,"Total revenues accrual",NA,"OK",NA
"factor_midas","Spain","Revenues","2020-05-15",-2730.13114792189,4,NA,NA,NA,NA,NA,NA,2020-05-01,593,"Total revenues accrual",NA,"OK",NA
"factor_midas","Spain","Revenues","2020-05-27",-4458.89630044888,4,NA,NA,NA,NA,NA,NA,2020-05-01,593,"Total revenues accrual",NA,"OK",NA
"factor_midas","Spain","Revenues","2020-05-28",-4365.13867813713,4,NA,NA,NA,NA,NA,NA,2020-05-01,593,"Total revenues accrual",NA,"OK",NA
"factor_midas","Spain","Revenues","2020-06-01",-2782.8650055724,4,NA,NA,NA,NA,NA,NA,2020-06-01,593,"Total revenues accrual",NA,"OK",NA
"factor_midas","Spain","Revenues","2020-06-05",-1635.76707016639,4,NA,NA,NA,NA,NA,NA,2020-06-01,593,"Total revenues accrual",NA,"OK",NA
"factor_midas","Spain","Revenues","2020-06-15",-23258.1898698618,4,NA,NA,NA,NA,NA,NA,2020-06-01,-18801,"Total revenues accrual",NA,"OK",NA
"factor_midas","Spain","Revenues","2020-06-25",-25683.8313930267,4,NA,NA,NA,NA,NA,NA,2020-06-01,-18801,"Total revenues accrual",NA,"OK",NA
"factor_midas","Spain","Revenues","2020-06-27",-23623.1906605858,4,NA,NA,NA,NA,NA,NA,2020-06-01,-18801,"Total revenues accrual",NA,"OK",NA
"factor_midas","Spain","Revenues","2020-07-01",-19882.7430879,4,NA,NA,NA,NA,NA,NA,2020-07-01,-18801,"Total revenues accrual",NA,"OK",NA
"factor_midas","Spain","Revenues","2020-07-03",-19887.1786100737,4,NA,NA,NA,NA,NA,NA,2020-07-01,-18801,"Total revenues accrual",NA,"OK",NA
"factor_midas","Spain","Revenues","2020-07-05",-10864.6361829653,4,NA,NA,NA,NA,NA,NA,2020-07-01,-18801,"Total revenues accrual",NA,"OK",NA
"factor_midas","Spain","Revenues","2020-07-15",3664.55740978343,4,NA,NA,NA,NA,NA,NA,2020-07-01,-18801,"Total revenues accrual",NA,"OK",NA
"factor_midas","Spain","Revenues","2020-07-27",161.235174862312,4,NA,NA,NA,NA,NA,NA,2020-07-01,-18801,"Total revenues accrual",NA,"OK",NA
"factor_midas","Spain","Revenues","2020-07-30",1069.81519901281,4,NA,NA,NA,NA,NA,NA,2020-07-01,-18801,"Total revenues accrual",NA,"OK",NA
"factor_midas","Spain","Revenues","2020-08-01",4468.10174789826,4,NA,NA,NA,NA,NA,NA,2020-08-01,-18801,"Total revenues accrual",NA,"OK",NA
"factor_midas","Spain","Revenues","2020-08-05",4364.86857476064,4,NA,NA,NA,NA,NA,NA,2020-08-01,-18801,"Total revenues accrual",NA,"OK",NA
"factor_midas","Spain","Revenues","2020-08-06",4328.89574061552,4,NA,NA,NA,NA,NA,NA,2020-08-01,-18801,"Total revenues accrual",NA,"OK",NA
"factor_midas","Spain","Revenues","2020-08-15",-4355.34083569137,4,NA,NA,NA,NA,NA,NA,2020-08-01,-18801,"Total revenues accrual",NA,"OK",NA
"factor_midas","Spain","Revenues","2020-08-27",-773.220040361872,4,NA,NA,NA,NA,NA,NA,2020-08-01,-18801,"Total revenues accrual",NA,"OK",NA
"factor_midas","Spain","Revenues","2020-09-01",749.871663101174,4,NA,NA,NA,NA,NA,NA,2020-09-01,-18801,"Total revenues accrual",NA,"OK",NA
"factor_midas","Spain","Revenues","2020-09-02",741.411352356929,4,NA,NA,NA,NA,NA,NA,2020-09-01,-18801,"Total revenues accrual",NA,"OK",NA
"factor_midas","Spain","Revenues","2020-09-05",7460.98213728409,1,NA,NA,NA,NA,NA,NA,2020-09-01,-18801,"Total revenues accrual",NA,"OK",NA
"factor_midas","Spain","Revenues","2020-09-15",4604.34973169948,4,NA,NA,NA,NA,NA,NA,2020-09-01,15532,"Total revenues accrual",NA,"OK",NA
"factor_midas","Spain","Revenues","2020-09-24",4493.20898653214,4,NA,NA,NA,NA,NA,NA,2020-09-01,15532,"Total revenues accrual",NA,"OK",NA
"factor_midas","Spain","Revenues","2020-09-27",4756.53987955507,4,NA,NA,NA,NA,NA,NA,2020-09-01,15532,"Total revenues accrual",NA,"OK",NA
"factor_midas","Spain","Revenues","2020-10-01",8623.05205478416,4,NA,NA,NA,NA,NA,NA,2020-10-01,15532,"Total revenues accrual",NA,"OK",NA
"factor_midas","Spain","Revenues","2020-10-04",8650.89742298381,4,NA,NA,NA,NA,NA,NA,2020-10-01,15532,"Total revenues accrual",NA,"OK",NA
"factor_midas","Spain","Revenues","2020-10-05",7450.14690045061,4,NA,NA,NA,NA,NA,NA,2020-10-01,15532,"Total revenues accrual",NA,"OK",NA
"factor_midas","Spain","Revenues","2020-10-15",6048.59998215881,4,NA,NA,NA,NA,NA,NA,2020-10-01,15532,"Total revenues accrual",NA,"OK",NA
"factor_midas","Spain","Revenues","2020-10-27",4908.36259707568,4,NA,NA,NA,NA,NA,NA,2020-10-01,15532,"Total revenues accrual",NA,"OK",NA
"factor_midas","Spain","Revenues","2020-10-29",4903.19563307704,4,NA,NA,NA,NA,NA,NA,2020-10-01,15532,"Total revenues accrual",NA,"OK",NA
"factor_midas","Spain","Revenues","2020-11-01",3786.04946552186,2,NA,NA,NA,NA,NA,NA,2020-11-01,15532,"Total revenues accrual",NA,"OK",NA
"factor_midas","Spain","Revenues","2020-11-05",3780.03985229498,2,NA,NA,NA,NA,NA,NA,2020-11-01,15532,"Total revenues accrual",NA,"OK",NA
"factor_midas","Spain","Revenues","2020-11-07",3776.8623263131,2,NA,NA,NA,NA,NA,NA,2020-11-01,15532,"Total revenues accrual",NA,"OK",NA
"factor_midas","Spain","Revenues","2020-11-15",3481.44797395581,2,NA,NA,NA,NA,NA,NA,2020-11-01,15532,"Total revenues accrual",NA,"OK",NA
"factor_midas","Spain","Revenues","2020-11-26",3501.29371282486,2,NA,NA,NA,NA,NA,NA,2020-11-01,15532,"Total revenues accrual",NA,"OK",NA
"factor_midas","Spain","Revenues","2020-11-27",2887.12713438285,2,NA,NA,NA,NA,NA,NA,2020-11-01,15532,"Total revenues accrual",NA,"OK",NA
"factor_midas","Spain","Revenues","2020-12-01",3662.73464850835,1,NA,NA,NA,NA,NA,NA,2020-12-01,15532,"Total revenues accrual",NA,"OK",NA
"factor_midas","Spain","Revenues","2020-12-02",3705.38789507977,1,NA,NA,NA,NA,NA,NA,2020-12-01,15532,"Total revenues accrual",NA,"OK",NA
"factor_midas","Spain","Revenues","2020-12-05",122.369863225363,1,NA,NA,NA,NA,NA,NA,2020-12-01,15532,"Total revenues accrual",NA,"OK",NA
"factor_midas","Spain","Revenues","2020-12-15",48.4837174510128,2,NA,NA,NA,NA,NA,NA,2020-12-01,2710,"Total revenues accrual",NA,"OK",NA
"factor_midas","Spain","Revenues","2020-12-27",354.552990135816,1,NA,NA,NA,NA,NA,NA,2020-12-01,2710,"Total revenues accrual",NA,"OK",NA
"factor_midas","Spain","Revenues","2020-12-31",487.413621278613,1,NA,NA,NA,NA,NA,NA,2020-12-01,2710,"Total revenues accrual",NA,"OK",NA
"factor_midas","Spain","Revenues","2021-01-01",660.701495992187,1,NA,NA,NA,NA,NA,NA,2021-01-01,2710,"Total revenues accrual",NA,"OK",NA
"factor_midas","Spain","Revenues","2021-01-05",183.108349979452,1,NA,NA,NA,NA,NA,NA,2021-01-01,2710,"Total revenues accrual",NA,"OK",NA
"factor_midas","Spain","Revenues","2021-01-15",475.921992183475,1,NA,NA,NA,NA,NA,NA,2021-01-01,2710,"Total revenues accrual",NA,"OK",NA
"factor_midas","Spain","Revenues","2021-01-27",1026.77571082672,1,NA,NA,NA,NA,NA,NA,2021-01-01,2710,"Total revenues accrual",NA,"OK",NA
"factor_midas","Spain","Revenues","2021-01-28",1139.7719641059,1,NA,NA,NA,NA,NA,NA,2021-01-01,2710,"Total revenues accrual",NA,"OK",NA
"factor_midas","Spain","Revenues","2021-02-01",3672.40350971159,4,NA,NA,NA,NA,NA,NA,2021-02-01,2710,"Total revenues accrual",NA,"OK",NA
"factor_midas","Spain","Revenues","2021-02-05",3665.46043471765,4,NA,NA,NA,NA,NA,NA,2021-02-01,2710,"Total revenues accrual",NA,"OK",NA
"factor_midas","Spain","Revenues","2021-02-15",1278.14099208742,1,NA,NA,NA,NA,NA,NA,2021-02-01,2710,"Total revenues accrual",NA,"OK",NA
"factor_midas","Spain","Revenues","2021-02-25",1228.91711810761,1,NA,NA,NA,NA,NA,NA,2021-02-01,2710,"Total revenues accrual",NA,"OK",NA
"factor_midas","Spain","Revenues","2021-02-27",1008.08048079476,1,NA,NA,NA,NA,NA,NA,2021-02-01,2710,"Total revenues accrual",NA,"OK",NA
"factor_midas","Spain","Revenues","2021-03-01",1128.05089935727,1,NA,NA,NA,NA,NA,NA,2021-03-01,2710,"Total revenues accrual",NA,"OK",NA
"factor_midas","Spain","Revenues","2021-03-05",1354.05804917204,1,NA,NA,NA,NA,NA,NA,2021-03-01,2710,"Total revenues accrual",NA,"OK",NA
"factor_midas","Spain","Revenues","2021-03-15",411.860830283114,1,NA,NA,NA,NA,NA,NA,2021-03-01,2527,"Total revenues accrual",NA,"OK",NA
"factor_midas","Spain","Revenues","2021-03-25",699.493458362075,1,NA,NA,NA,NA,NA,NA,2021-03-01,2527,"Total revenues accrual",NA,"OK",NA
"factor_midas","Spain","Revenues","2021-03-27",451.753671141325,1,NA,NA,NA,NA,NA,NA,2021-03-01,2527,"Total revenues accrual",NA,"OK",NA
"factor_midas","Spain","Revenues","2021-04-01",480.797047165465,1,NA,NA,NA,NA,NA,NA,2021-04-01,2527,"Total revenues accrual",NA,"OK",NA
"factor_midas","Spain","Revenues","2021-04-04",300.356843637482,1,NA,NA,NA,NA,NA,NA,2021-04-01,2527,"Total revenues accrual",NA,"OK",NA
"factor_midas","Spain","Revenues","2021-04-05",112.198775667404,1,NA,NA,NA,NA,NA,NA,2021-04-01,2527,"Total revenues accrual",NA,"OK",NA
"factor_midas","Spain","Revenues","2021-04-15",16.1933063239428,1,NA,NA,NA,NA,NA,NA,2021-04-01,2527,"Total revenues accrual",NA,"OK",NA
"factor_midas","Spain","Revenues","2021-04-27",74.8158537321457,1,NA,NA,NA,NA,NA,NA,2021-04-01,2527,"Total revenues accrual",NA,"OK",NA
"factor_midas","Spain","Revenues","2021-04-29",203.118591334871,1,NA,NA,NA,NA,NA,NA,2021-04-01,2527,"Total revenues accrual",NA,"OK",NA
"factor_midas","Spain","Revenues","2021-05-01",169.673141914081,1,NA,NA,NA,NA,NA,NA,2021-05-01,2527,"Total revenues accrual",NA,"OK",NA
"factor_midas","Spain","Revenues","2021-05-05",247.261437058316,1,NA,NA,NA,NA,NA,NA,2021-05-01,2527,"Total revenues accrual",NA,"OK",NA
"factor_midas","Spain","Revenues","2021-05-06",264.626747572024,1,NA,NA,NA,NA,NA,NA,2021-05-01,2527,"Total revenues accrual",NA,"OK",NA
"factor_midas","Spain","Revenues","2021-05-15",228.83334472173,1,NA,NA,NA,NA,NA,NA,2021-05-01,2527,"Total revenues accrual",NA,"OK",NA
"factor_midas","Spain","Revenues","2021-05-27",386.955443098943,1,NA,NA,NA,NA,NA,NA,2021-05-01,2527,"Total revenues accrual",NA,"OK",NA
"factor_midas","Spain","Revenues","2021-06-01",423.176481443005,1,NA,NA,NA,NA,NA,NA,2021-06-01,2527,"Total revenues accrual",NA,"OK",NA
"factor_midas","Spain","Revenues","2021-06-02",466.935629774984,1,NA,NA,NA,NA,NA,NA,2021-06-01,2527,"Total revenues accrual",NA,"OK",NA
"factor_midas","Spain","Revenues","2021-06-05",489.851099753267,1,NA,NA,NA,NA,NA,NA,2021-06-01,2527,"Total revenues accrual",NA,"OK",NA
"factor_midas","Spain","Revenues","2021-06-15",2720.92732499138,1,NA,NA,NA,NA,NA,NA,2021-06-01,2451,"Total revenues accrual",NA,"OK",NA
"factor_midas","Spain","Revenues","2021-06-24",2829.2920285297,1,NA,NA,NA,NA,NA,NA,2021-06-01,2451,"Total revenues accrual",NA,"OK",NA
"factor_midas","Spain","Revenues","2021-06-27",2639.95128872875,1,NA,NA,NA,NA,NA,NA,2021-06-01,2451,"Total revenues accrual",NA,"OK",NA
"factor_midas","Spain","Revenues","2021-07-01",2710.07071953807,1,NA,NA,NA,NA,NA,NA,2021-07-01,2451,"Total revenues accrual",NA,"OK",NA
"factor_midas","Spain","Revenues","2021-07-04",2731.5050775527,1,NA,NA,NA,NA,NA,NA,2021-07-01,2451,"Total revenues accrual",NA,"OK",NA
"factor_midas","Spain","Revenues","2021-07-05",2603.96788984366,1,NA,NA,NA,NA,NA,NA,2021-07-01,2451,"Total revenues accrual",NA,"OK",NA
"factor_midas","Spain","Revenues","2021-07-15",2412.06830221155,1,NA,NA,NA,NA,NA,NA,2021-07-01,2451,"Total revenues accrual",NA,"OK",NA
"factor_midas","Spain","Revenues","2021-07-27",3064.23208239767,1,NA,NA,NA,NA,NA,NA,2021-07-01,2451,"Total revenues accrual",NA,"OK",NA
"factor_midas","Spain","Revenues","2021-07-29",3213.88614784762,1,NA,NA,NA,NA,NA,NA,2021-07-01,2451,"Total revenues accrual",NA,"OK",NA
"factor_midas","Spain","Revenues","2021-08-01",3217.65679651748,1,NA,NA,NA,NA,NA,NA,2021-08-01,2451,"Total revenues accrual",NA,"OK",NA
"factor_midas","Spain","Revenues","2021-08-05",3213.37003875671,1,NA,NA,NA,NA,NA,NA,2021-08-01,2451,"Total revenues accrual",NA,"OK",NA
"factor_midas","Spain","Revenues","2021-08-07",3221.4384038585,1,NA,NA,NA,NA,NA,NA,2021-08-01,2451,"Total revenues accrual",NA,"OK",NA
"factor_midas","Spain","Revenues","2021-08-15",3284.4896867521,1,NA,NA,NA,NA,NA,NA,2021-08-01,2451,"Total revenues accrual",NA,"OK",NA
"factor_midas","Spain","Revenues","2021-08-26",3244.19464742928,1,NA,NA,NA,NA,NA,NA,2021-08-01,2451,"Total revenues accrual",NA,"OK",NA
"factor_midas","Spain","Revenues","2021-08-27",3101.925085316,1,NA,NA,NA,NA,NA,NA,2021-08-01,2451,"Total revenues accrual",NA,"OK",NA
"factor_midas","Spain","Revenues","2021-09-01",3182.52117930584,1,NA,NA,NA,NA,NA,NA,2021-09-01,2451,"Total revenues accrual",NA,"OK",NA
"factor_midas","Spain","Revenues","2021-09-03",3213.45255238555,1,NA,NA,NA,NA,NA,NA,2021-09-01,2451,"Total revenues accrual",NA,"OK",NA
"factor_midas","Spain","Revenues","2021-09-05",3821.80812021076,1,NA,NA,NA,NA,NA,NA,2021-09-01,2451,"Total revenues accrual",NA,"OK",NA
"factor_midas","Spain","Revenues","2021-09-15",2010.73483311339,1,NA,NA,NA,NA,NA,NA,2021-09-01,10291,"Total revenues accrual",NA,"OK",NA
"factor_midas","Spain","Revenues","2021-09-27",1998.05532652008,1,NA,NA,NA,NA,NA,NA,2021-09-01,10291,"Total revenues accrual",NA,"OK",NA
"factor_midas","Spain","Revenues","2021-09-30",2063.24510065273,1,NA,NA,NA,NA,NA,NA,2021-09-01,10291,"Total revenues accrual",NA,"OK",NA
"factor_midas","Spain","Revenues","2021-10-01",1925.71557992358,1,NA,NA,NA,NA,NA,NA,2021-10-01,10291,"Total revenues accrual",NA,"OK",NA
"factor_midas","Spain","Revenues","2021-10-05",1792.83876853248,1,NA,NA,NA,NA,NA,NA,2021-10-01,10291,"Total revenues accrual",NA,"OK",NA
"factor_midas","Spain","Revenues","2021-10-15",2076.57950289229,1,NA,NA,NA,NA,NA,NA,2021-10-01,10291,"Total revenues accrual",NA,"OK",NA
"factor_midas","Spain","Revenues","2021-10-27",2198.90480875797,1,NA,NA,NA,NA,NA,NA,2021-10-01,10291,"Total revenues accrual",NA,"OK",NA
"factor_midas","Spain","Revenues","2021-10-28",2344.5508748691,1,NA,NA,NA,NA,NA,NA,2021-10-01,10291,"Total revenues accrual",NA,"OK",NA
"factor_midas","Spain","Revenues","2021-11-01",2378.24758158313,1,NA,NA,NA,NA,NA,NA,2021-11-01,10291,"Total revenues accrual",NA,"OK",NA
"factor_midas","Spain","Revenues","2021-11-05",2377.64217010713,1,NA,NA,NA,NA,NA,NA,2021-11-01,10291,"Total revenues accrual",NA,"OK",NA
"factor_midas","Spain","Revenues","2021-11-15",2367.5683699993,1,NA,NA,NA,NA,NA,NA,2021-11-01,10291,"Total revenues accrual",NA,"OK",NA
"factor_midas","Spain","Revenues","2021-11-25",2385.52376044921,1,NA,NA,NA,NA,NA,NA,2021-11-01,10291,"Total revenues accrual",NA,"OK",NA
"factor_midas","Spain","Revenues","2021-11-27",2273.26950568312,1,NA,NA,NA,NA,NA,NA,2021-11-01,10291,"Total revenues accrual",NA,"OK",NA
"factor_midas","Spain","Revenues","2021-12-01",2164.92804097398,1,NA,NA,NA,NA,NA,NA,2021-12-01,10291,"Total revenues accrual",NA,"OK",NA
"factor_midas","Spain","Revenues","2021-12-03",1929.5123999202,1,NA,NA,NA,NA,NA,NA,2021-12-01,10291,"Total revenues accrual",NA,"OK",NA
"factor_midas","Spain","Revenues","2021-12-05",2209.51151350567,1,NA,NA,NA,NA,NA,NA,2021-12-01,10291,"Total revenues accrual",NA,"OK",NA
"factor_midas","Spain","Revenues","2021-12-15",3542.45851688585,1,NA,NA,NA,NA,NA,NA,2021-12-01,2247,"Total revenues accrual",NA,"OK",NA
"factor_midas","Spain","Revenues","2021-12-27",3707.1339531261,1,NA,NA,NA,NA,NA,NA,2021-12-01,2247,"Total revenues accrual",NA,"OK",NA
"factor_midas","Spain","Revenues","2021-12-30",3634.46710474113,1,NA,NA,NA,NA,NA,NA,2021-12-01,2247,"Total revenues accrual",NA,"OK",NA
"factor_midas","Spain","Revenues","2022-01-01",3705.67651809799,1,NA,NA,NA,NA,NA,NA,2022-01-01,2247,"Total revenues accrual",NA,"OK",NA
"factor_midas","Spain","Revenues","2022-01-05",3864.99497810799,1,NA,NA,NA,NA,NA,NA,2022-01-01,2247,"Total revenues accrual",NA,"OK",NA
"factor_midas","Spain","Revenues","2022-01-06",3854.63829587712,1,NA,NA,NA,NA,NA,NA,2022-01-01,2247,"Total revenues accrual",NA,"OK",NA
"factor_midas","Spain","Revenues","2022-01-15",10704.971577936,4,NA,NA,NA,NA,NA,NA,2022-01-01,2247,"Total revenues accrual",NA,"OK",NA
"factor_midas","Spain","Revenues","2022-01-27",2908.3696959804,1,NA,NA,NA,NA,NA,NA,2022-01-01,2247,"Total revenues accrual",NA,"OK",NA
"factor_midas","Spain","Revenues","2022-02-01",2936.25745112691,1,NA,NA,NA,NA,NA,NA,2022-02-01,2247,"Total revenues accrual",NA,"OK",NA
"factor_midas","Spain","Revenues","2022-02-02",2931.60484837598,1,NA,NA,NA,NA,NA,NA,2022-02-01,2247,"Total revenues accrual",NA,"OK",NA
"factor_midas","Spain","Revenues","2022-02-05",2963.98955724385,1,NA,NA,NA,NA,NA,NA,2022-02-01,2247,"Total revenues accrual",NA,"OK",NA
"factor_midas","Spain","Revenues","2022-02-15",2925.87991166187,1,NA,NA,NA,NA,NA,NA,2022-02-01,2247,"Total revenues accrual",NA,"OK",NA
"factor_midas","Spain","Revenues","2022-02-24",2904.69297460786,1,NA,NA,NA,NA,NA,NA,2022-02-01,2247,"Total revenues accrual",NA,"OK",NA
"factor_midas","Spain","Revenues","2022-02-27",2840.55787914477,1,NA,NA,NA,NA,NA,NA,2022-02-01,2247,"Total revenues accrual",NA,"OK",NA
"factor_midas","Spain","Revenues","2022-03-01",7185.90113451852,4,NA,NA,NA,NA,NA,NA,2022-03-01,2247,"Total revenues accrual",NA,"OK",NA
"factor_midas","Spain","Revenues","2022-03-02",7182.29129742589,4,NA,NA,NA,NA,NA,NA,2022-03-01,2247,"Total revenues accrual",NA,"OK",NA
"factor_midas","Spain","Revenues","2022-03-05",7456.02547472531,4,NA,NA,NA,NA,NA,NA,2022-03-01,2247,"Total revenues accrual",NA,"OK",NA
"factor_midas","Spain","Revenues","2022-03-15",4391.70219038477,1,NA,NA,NA,NA,NA,NA,2022-03-01,-626,"Total revenues accrual",NA,"OK",NA
"factor_midas","Spain","Revenues","2022-03-27",5194.05118457798,1,NA,NA,NA,NA,NA,NA,2022-03-01,-626,"Total revenues accrual",NA,"OK",NA
"factor_midas","Spain","Revenues","2022-03-31",4775.15228402588,1,NA,NA,NA,NA,NA,NA,2022-03-01,-626,"Total revenues accrual",NA,"OK",NA
"factor_midas","Spain","Revenues","2022-04-01",8378.83056617322,4,NA,NA,NA,NA,NA,NA,2022-04-01,-626,"Total revenues accrual",NA,"OK",NA
"factor_midas","Spain","Revenues","2022-04-05",7413.85196447409,4,NA,NA,NA,NA,NA,NA,2022-04-01,-626,"Total revenues accrual",NA,"OK",NA
"factor_midas","Spain","Revenues","2022-04-15",7412.2523946428,4,NA,NA,NA,NA,NA,NA,2022-04-01,-626,"Total revenues accrual",NA,"OK",NA
"factor_midas","Spain","Revenues","2022-04-27",3553.72110267426,1,NA,NA,NA,NA,NA,NA,2022-04-01,-626,"Total revenues accrual",NA,"OK",NA
"factor_midas","Spain","Revenues","2022-04-28",3288.01139119136,1,NA,NA,NA,NA,NA,NA,2022-04-01,-626,"Total revenues accrual",NA,"OK",NA
"factor_midas","Spain","Revenues","2022-05-01",3579.6625859553,1,NA,NA,NA,NA,NA,NA,2022-05-01,-626,"Total revenues accrual",NA,"OK",NA
"factor_midas","Spain","Revenues","2022-05-05",3599.63486740004,1,NA,NA,NA,NA,NA,NA,2022-05-01,-626,"Total revenues accrual",NA,"OK",NA
"factor_midas","Spain","Revenues","2022-05-07",3590.05765483591,1,NA,NA,NA,NA,NA,NA,2022-05-01,-626,"Total revenues accrual",NA,"OK",NA
"factor_midas","Spain","Revenues","2022-05-15",3598.81118950245,1,NA,NA,NA,NA,NA,NA,2022-05-01,-626,"Total revenues accrual",NA,"OK",NA
"factor_midas","Spain","Revenues","2022-05-26",3562.40714049736,1,NA,NA,NA,NA,NA,NA,2022-05-01,-626,"Total revenues accrual",NA,"OK",NA
"factor_midas","Spain","Revenues","2022-05-27",3335.39858918389,1,NA,NA,NA,NA,NA,NA,2022-05-01,-626,"Total revenues accrual",NA,"OK",NA
"factor_midas","Spain","Revenues","2022-06-01",3445.05500033008,1,NA,NA,NA,NA,NA,NA,2022-06-01,-626,"Total revenues accrual",NA,"OK",NA
"factor_midas","Spain","Revenues","2022-06-03",3392.43368879552,1,NA,NA,NA,NA,NA,NA,2022-06-01,-626,"Total revenues accrual",NA,"OK",NA
"factor_midas","Spain","Revenues","2022-06-05",4713.52287273096,1,NA,NA,NA,NA,NA,NA,2022-06-01,-626,"Total revenues accrual",NA,"OK",NA
"factor_midas","Spain","Revenues","2022-06-15",3582.63119897415,1,NA,NA,NA,NA,NA,NA,2022-06-01,3301,"Total revenues accrual",NA,"OK",NA
"factor_midas","Spain","Revenues","2022-06-27",4293.87896429332,1,NA,NA,NA,NA,NA,NA,2022-06-01,3301,"Total revenues accrual",NA,"OK",NA
"factor_midas","Spain","Revenues","2022-06-30",4212.04923174993,1,NA,NA,NA,NA,NA,NA,2022-06-01,3301,"Total revenues accrual",NA,"OK",NA
"factor_midas","Spain","Revenues","2022-07-01",10531.4943727495,4,NA,NA,NA,NA,NA,NA,2022-07-01,3301,"Total revenues accrual",NA,"OK",NA
"factor_midas","Spain","Revenues","2022-07-05",3248.38102109877,1,NA,NA,NA,NA,NA,NA,2022-07-01,3301,"Total revenues accrual",NA,"OK",NA
"factor_midas","Spain","Revenues","2022-07-15",3850.62183029502,1,NA,NA,NA,NA,NA,NA,2022-07-01,3301,"Total revenues accrual",NA,"OK",NA
"factor_midas","Spain","Revenues","2022-07-27",3359.90976408705,1,NA,NA,NA,NA,NA,NA,2022-07-01,3301,"Total revenues accrual",NA,"OK",NA
"factor_midas","Spain","Revenues","2022-07-28",3114.44315792852,1,NA,NA,NA,NA,NA,NA,2022-07-01,3301,"Total revenues accrual",NA,"OK",NA
"factor_midas","Spain","Revenues","2022-08-01",3127.27652861349,1,NA,NA,NA,NA,NA,NA,2022-08-01,3301,"Total revenues accrual",NA,"OK",NA
"factor_midas","Spain","Revenues","2022-08-05",3108.61688493108,1,NA,NA,NA,NA,NA,NA,2022-08-01,3301,"Total revenues accrual",NA,"OK",NA
"factor_midas","Spain","Revenues","2022-08-15",3145.63463791604,1,NA,NA,NA,NA,NA,NA,2022-08-01,3301,"Total revenues accrual",NA,"OK",NA
"factor_midas","Spain","Revenues","2022-08-25",3141.00404291309,1,NA,NA,NA,NA,NA,NA,2022-08-01,3301,"Total revenues accrual",NA,"OK",NA
"factor_midas","Spain","Revenues","2022-08-27",3249.06498536876,1,NA,NA,NA,NA,NA,NA,2022-08-01,3301,"Total revenues accrual",NA,"OK",NA
"factor_midas","Spain","Revenues","2022-09-01",3463.78169238329,1,NA,NA,NA,NA,NA,NA,2022-09-01,3301,"Total revenues accrual",NA,"OK",NA
"factor_midas","Spain","Revenues","2022-09-04",3438.00633520911,1,NA,NA,NA,NA,NA,NA,2022-09-01,3301,"Total revenues accrual",NA,"OK",NA
"factor_midas","Spain","Revenues","2022-09-05",3234.74996298611,1,NA,NA,NA,NA,NA,NA,2022-09-01,3301,"Total revenues accrual",NA,"OK",NA
"factor_midas","Spain","Revenues","2022-09-15",1907.73771931651,1,NA,NA,NA,NA,NA,NA,2022-09-01,3769,"Total revenues accrual",NA,"OK",NA
"factor_midas","Spain","Revenues","2022-09-27",1557.44281008184,1,NA,NA,NA,NA,NA,NA,2022-09-01,3769,"Total revenues accrual",NA,"OK",NA
"factor_midas","Spain","Revenues","2022-09-29",1522.25179034657,1,NA,NA,NA,NA,NA,NA,2022-09-01,3769,"Total revenues accrual",NA,"OK",NA
"factor_midas","Spain","Revenues","2022-10-01",1551.12824185103,1,NA,NA,NA,NA,NA,NA,2022-10-01,3769,"Total revenues accrual",NA,"OK",NA
"factor_midas","Spain","Revenues","2022-10-05",1904.27752783779,1,NA,NA,NA,NA,NA,NA,2022-10-01,3769,"Total revenues accrual",NA,"OK",NA
"factor_midas","Spain","Revenues","2022-10-06",1890.86442607624,1,NA,NA,NA,NA,NA,NA,2022-10-01,3769,"Total revenues accrual",NA,"OK",NA
"factor_midas","Spain","Revenues","2022-10-15",1561.45568354171,1,NA,NA,NA,NA,NA,NA,2022-10-01,3769,"Total revenues accrual",NA,"OK",NA
"factor_midas","Spain","Revenues","2022-10-27",1650.24483406489,1,NA,NA,NA,NA,NA,NA,2022-10-01,3769,"Total revenues accrual",NA,"OK",NA
"factor_midas","Spain","Revenues","2022-11-01",1712.87962155389,1,NA,NA,NA,NA,NA,NA,2022-11-01,3769,"Total revenues accrual",NA,"OK",NA
"factor_midas","Spain","Revenues","2022-11-02",1711.58833474667,1,NA,NA,NA,NA,NA,NA,2022-11-01,3769,"Total revenues accrual",NA,"OK",NA
"factor_midas","Spain","Revenues","2022-11-05",1809.08429831838,1,NA,NA,NA,NA,NA,NA,2022-11-01,3769,"Total revenues accrual",NA,"OK",NA
"factor_midas","Spain","Revenues","2022-11-15",1646.50544236675,1,NA,NA,NA,NA,NA,NA,2022-11-01,3769,"Total revenues accrual",NA,"OK",NA
"factor_midas","Spain","Revenues","2022-11-24",1673.26501226773,1,NA,NA,NA,NA,NA,NA,2022-11-01,3769,"Total revenues accrual",NA,"OK",NA
"factor_midas","Spain","Revenues","2022-11-27",1721.26530155222,1,NA,NA,NA,NA,NA,NA,2022-11-01,3769,"Total revenues accrual",NA,"OK",NA
"factor_midas","Spain","Revenues","2022-12-01",1890.30157962721,1,NA,NA,NA,NA,NA,NA,2022-12-01,3769,"Total revenues accrual",NA,"OK",NA
"factor_midas","Spain","Revenues","2022-12-04",1828.98873576731,1,NA,NA,NA,NA,NA,NA,2022-12-01,3769,"Total revenues accrual",NA,"OK",NA
"factor_midas","Spain","Revenues","2022-12-05",1186.31616119006,1,NA,NA,NA,NA,NA,NA,2022-12-01,3769,"Total revenues accrual",NA,"OK",NA
"factor_midas","Spain","Revenues","2022-12-15",1223.6833924715,1,NA,NA,NA,NA,NA,NA,2022-12-01,351,"Total revenues accrual",NA,"OK",NA
"factor_midas","Spain","Revenues","2022-12-27",1642.97883962336,1,NA,NA,NA,NA,NA,NA,2022-12-01,351,"Total revenues accrual",NA,"OK",NA
"factor_midas","Spain","Revenues","2022-12-29",1728.90941482104,1,NA,NA,NA,NA,NA,NA,2022-12-01,351,"Total revenues accrual",NA,"OK",NA
"factor_midas","Spain","Revenues","2023-01-01",1709.50937141959,1,NA,NA,NA,NA,NA,NA,2023-01-01,351,"Total revenues accrual",NA,"OK",NA
"factor_midas","Spain","Revenues","2023-01-05",1755.29422661943,1,NA,NA,NA,NA,NA,NA,2023-01-01,351,"Total revenues accrual",NA,"OK",NA
"factor_midas","Spain","Revenues","2023-01-07",1999.95542858571,1,NA,NA,NA,NA,NA,NA,2023-01-01,351,"Total revenues accrual",NA,"OK",NA
"factor_midas","Spain","Revenues","2023-01-15",2142.32465309169,1,NA,NA,NA,NA,NA,NA,2023-01-01,351,"Total revenues accrual",NA,"OK",NA
"factor_midas","Spain","Revenues","2023-01-26",2262.45874108713,1,NA,NA,NA,NA,NA,NA,2023-01-01,351,"Total revenues accrual",NA,"OK",NA
"factor_midas","Spain","Revenues","2023-01-27",2847.66004250786,1,NA,NA,NA,NA,NA,NA,2023-01-01,351,"Total revenues accrual",NA,"OK",NA
"factor_midas","Spain","Revenues","2023-02-01",2863.27704653059,1,NA,NA,NA,NA,NA,NA,2023-02-01,351,"Total revenues accrual",NA,"OK",NA
"factor_midas","Spain","Revenues","2023-02-03",2904.60345728949,1,NA,NA,NA,NA,NA,NA,2023-02-01,351,"Total revenues accrual",NA,"OK",NA
"factor_midas","Spain","Revenues","2023-02-05",2907.76290783463,1,NA,NA,NA,NA,NA,NA,2023-02-01,351,"Total revenues accrual",NA,"OK",NA
"factor_midas","Spain","Revenues","2023-02-15",2884.65695949368,1,NA,NA,NA,NA,NA,NA,2023-02-01,351,"Total revenues accrual",NA,"OK",NA
"factor_midas","Spain","Revenues","2023-02-23",2912.65531033155,1,NA,NA,NA,NA,NA,NA,2023-02-01,351,"Total revenues accrual",NA,"OK",NA
"factor_midas","Spain","Revenues","2023-02-27",3035.45104105713,1,NA,NA,NA,NA,NA,NA,2023-02-01,351,"Total revenues accrual",NA,"OK",NA
"factor_midas","Spain","Revenues","2023-03-01",3058.53330400823,1,NA,NA,NA,NA,NA,NA,2023-03-01,351,"Total revenues accrual",NA,"OK",NA
"factor_midas","Spain","Revenues","2023-03-03",3118.49893791437,1,NA,NA,NA,NA,NA,NA,2023-03-01,351,"Total revenues accrual",NA,"OK",NA
"factor_midas","Spain","Revenues","2023-03-05",3485.65693597478,1,NA,NA,NA,NA,NA,NA,2023-03-01,351,"Total revenues accrual",NA,"OK",NA
"factor_midas","Spain","Revenues","2023-03-15",1672.31635081337,1,NA,NA,NA,NA,NA,NA,2023-03-01,7552,"Total revenues accrual",NA,"OK",NA
"factor_midas","Spain","Revenues","2023-03-27",786.806020248971,1,NA,NA,NA,NA,NA,NA,2023-03-01,7552,"Total revenues accrual",NA,"OK",NA
"factor_midas","Spain","Revenues","2023-03-30",793.306319849608,1,NA,NA,NA,NA,NA,NA,2023-03-01,7552,"Total revenues accrual",NA,"OK",NA
"factor_midas","Spain","Revenues","2023-04-01",832.135583039644,1,NA,NA,NA,NA,NA,NA,2023-04-01,7552,"Total revenues accrual",NA,"OK",NA
"factor_midas","Spain","Revenues","2023-04-05",810.463967735023,1,NA,NA,NA,NA,NA,NA,2023-04-01,7552,"Total revenues accrual",NA,"OK",NA
"factor_midas","Spain","Revenues","2023-04-06",903.839772959673,1,NA,NA,NA,NA,NA,NA,2023-04-01,7552,"Total revenues accrual",NA,"OK",NA
"factor_midas","Spain","Revenues","2023-04-15",1060.36650722015,1,NA,NA,NA,NA,NA,NA,2023-04-01,7552,"Total revenues accrual",NA,"OK",NA
"factor_midas","Spain","Revenues","2023-04-27",565.44170846364,1,NA,NA,NA,NA,NA,NA,2023-04-01,7552,"Total revenues accrual",NA,"OK",NA
"factor_midas","Spain","Revenues","2023-05-01",812.974684639243,1,NA,NA,NA,NA,NA,NA,2023-05-01,7552,"Total revenues accrual",NA,"OK",NA
"factor_midas","Spain","Revenues","2023-05-05",766.377942400919,1,NA,NA,NA,NA,NA,NA,2023-05-01,7552,"Total revenues accrual",NA,"OK",NA
"factor_midas","Spain","Revenues","2023-05-15",735.484261401542,1,NA,NA,NA,NA,NA,NA,2023-05-01,7552,"Total revenues accrual",NA,"OK",NA
"factor_midas","Spain","Revenues","2023-05-25",827.343273746215,1,NA,NA,NA,NA,NA,NA,2023-05-01,7552,"Total revenues accrual",NA,"OK",NA
"factor_midas","Spain","Revenues","2023-05-27",70.1728950065126,1,NA,NA,NA,NA,NA,NA,2023-05-01,7552,"Total revenues accrual",NA,"OK",NA
"factor_midas","Spain","Revenues","2023-06-01",72.381134240482,1,NA,NA,NA,NA,NA,NA,2023-06-01,7552,"Total revenues accrual",NA,"OK",NA
"factor_midas","Spain","Revenues","2023-06-04",74.8186903347623,1,NA,NA,NA,NA,NA,NA,2023-06-01,7552,"Total revenues accrual",NA,"OK",NA
"factor_midas","Spain","Revenues","2023-06-05",-85.6137148630737,1,NA,NA,NA,NA,NA,NA,2023-06-01,7552,"Total revenues accrual",NA,"OK",NA
"factor_midas","Spain","Revenues","2023-06-15",2276.88795235813,1,NA,NA,NA,NA,NA,NA,2023-06-01,425,"Total revenues accrual",NA,"OK",NA
"factor_midas","Spain","Revenues","2023-06-27",2241.98558651995,1,NA,NA,NA,NA,NA,NA,2023-06-01,425,"Total revenues accrual",NA,"OK",NA
"factor_midas","Spain","Revenues","2023-06-29",2196.70248478875,1,NA,NA,NA,NA,NA,NA,2023-06-01,425,"Total revenues accrual",NA,"OK",NA
"factor_midas","Spain","Revenues","2023-07-01",2194.72407090558,1,NA,NA,NA,NA,NA,NA,2023-07-01,425,"Total revenues accrual",NA,"OK",NA
"factor_midas","Spain","Revenues","2023-07-05",2228.64691834703,1,NA,NA,NA,NA,NA,NA,2023-07-01,425,"Total revenues accrual",NA,"OK",NA
"factor_midas","Spain","Revenues","2023-07-06",2235.04833175855,1,NA,NA,NA,NA,NA,NA,2023-07-01,425,"Total revenues accrual",NA,"OK",NA
"factor_midas","Spain","Revenues","2023-07-15",2146.8890019036,1,NA,NA,NA,NA,NA,NA,2023-07-01,425,"Total revenues accrual",NA,"OK",NA
"factor_midas","Spain","Revenues","2023-07-27",3067.4181614615,1,NA,NA,NA,NA,NA,NA,2023-07-01,425,"Total revenues accrual",NA,"OK",NA
"factor_midas","Spain","Revenues","2023-08-01",3064.80930965878,1,NA,NA,NA,NA,NA,NA,2023-08-01,425,"Total revenues accrual",NA,"OK",NA
"factor_midas","Spain","Revenues","2023-08-02",3081.76259679171,1,NA,NA,NA,NA,NA,NA,2023-08-01,425,"Total revenues accrual",NA,"OK",NA
"factor_midas","Spain","Revenues","2023-08-05",3146.00724927431,1,NA,NA,NA,NA,NA,NA,2023-08-01,425,"Total revenues accrual",NA,"OK",NA
"factor_midas","Spain","Revenues","2023-08-15",3261.42385933437,1,NA,NA,NA,NA,NA,NA,2023-08-01,425,"Total revenues accrual",NA,"OK",NA
"factor_midas","Spain","Revenues","2023-08-27",3705.39602909223,1,NA,NA,NA,NA,NA,NA,2023-08-01,425,"Total revenues accrual",NA,"OK",NA
"factor_midas","Spain","Revenues","2023-08-31",3667.97244431952,1,NA,NA,NA,NA,NA,NA,2023-08-01,425,"Total revenues accrual",NA,"OK",NA
"factor_midas","Spain","Revenues","2023-09-01",3615.90631797823,1,NA,NA,NA,NA,NA,NA,2023-09-01,425,"Total revenues accrual",NA,"OK",NA
"factor_midas","Spain","Revenues","2023-09-05",3904.29622698151,1,NA,NA,NA,NA,NA,NA,2023-09-01,425,"Total revenues accrual",NA,"OK",NA
"factor_midas","Spain","Revenues","2023-09-15",2030.35321621059,1,NA,NA,NA,NA,NA,NA,2023-09-01,3162,"Total revenues accrual",NA,"OK",NA
"factor_midas","Spain","Revenues","2023-09-27",1938.12707020726,1,NA,NA,NA,NA,NA,NA,2023-09-01,3162,"Total revenues accrual",NA,"OK",NA
"factor_midas","Spain","Revenues","2023-09-28",1781.92932871554,1,NA,NA,NA,NA,NA,NA,2023-09-01,3162,"Total revenues accrual",NA,"OK",NA
"factor_midas","Spain","Revenues","2023-10-01",1955.42638292206,1,NA,NA,NA,NA,NA,NA,2023-10-01,3162,"Total revenues accrual",NA,"OK",NA
"factor_midas","Spain","Revenues","2023-10-05",2070.82619629385,1,NA,NA,NA,NA,NA,NA,2023-10-01,3162,"Total revenues accrual",NA,"OK",NA
"factor_midas","Spain","Revenues","2023-10-07",2091.42793724005,1,NA,NA,NA,NA,NA,NA,2023-10-01,3162,"Total revenues accrual",NA,"OK",NA
"factor_midas","Spain","Revenues","2023-10-15",2005.43650712328,1,NA,NA,NA,NA,NA,NA,2023-10-01,3162,"Total revenues accrual",NA,"OK",NA
"factor_midas","Spain","Revenues","2023-10-26",2082.23667204899,1,NA,NA,NA,NA,NA,NA,2023-10-01,3162,"Total revenues accrual",NA,"OK",NA
"factor_midas","Spain","Revenues","2023-10-27",1950.32780108755,1,NA,NA,NA,NA,NA,NA,2023-10-01,3162,"Total revenues accrual",NA,"OK",NA
"factor_midas","Spain","Revenues","2023-11-01",2049.67997968977,1,NA,NA,NA,NA,NA,NA,2023-11-01,3162,"Total revenues accrual",NA,"OK",NA
"factor_midas","Spain","Revenues","2023-11-03",1980.52225642231,1,NA,NA,NA,NA,NA,NA,2023-11-01,3162,"Total revenues accrual",NA,"OK",NA
"factor_midas","Spain","Revenues","2023-11-05",2123.538633287,1,NA,NA,NA,NA,NA,NA,2023-11-01,3162,"Total revenues accrual",NA,"OK",NA
"factor_midas","Spain","Revenues","2023-11-15",2309.161790677,1,NA,NA,NA,NA,NA,NA,2023-11-01,3162,"Total revenues accrual",NA,"OK",NA
"factor_midas","Spain","Revenues","2023-11-27",2328.03090913769,1,NA,NA,NA,NA,NA,NA,2023-11-01,3162,"Total revenues accrual",NA,"OK",NA
"factor_midas","Spain","Revenues","2023-11-30",2386.38430238924,1,NA,NA,NA,NA,NA,NA,2023-11-01,3162,"Total revenues accrual",NA,"OK",NA
"factor_midas","Spain","Revenues","2023-12-01",2399.56561230338,1,NA,NA,NA,NA,NA,NA,2023-12-01,3162,"Total revenues accrual",NA,"OK",NA
"factor_midas","Spain","Revenues","2023-12-05",2505.35547408206,1,NA,NA,NA,NA,NA,NA,2023-12-01,3162,"Total revenues accrual",NA,"OK",NA
"factor_midas","Spain","Revenues","2023-12-15",1766.1783479608,1,NA,NA,NA,NA,NA,NA,2023-12-01,6487,"Total revenues accrual",NA,"OK",NA
"factor_midas","Spain","Revenues","2023-12-27",1723.45336690532,1,NA,NA,NA,NA,NA,NA,2023-12-01,6487,"Total revenues accrual",NA,"OK",NA
"factor_midas","Spain","Revenues","2023-12-28",1815.89580834914,1,NA,NA,NA,NA,NA,NA,2023-12-01,6487,"Total revenues accrual",NA,"OK",NA
"factor_midas","Spain","Revenues","2024-01-01",1879.66856383592,1,NA,NA,NA,NA,NA,NA,2024-01-01,6487,"Total revenues accrual",NA,"OK",NA
"factor_midas","Spain","Revenues","2024-01-05",1905.15176345154,1,NA,NA,NA,NA,NA,NA,2024-01-01,6487,"Total revenues accrual",NA,"OK",NA
"factor_midas","Spain","Revenues","2024-01-15",1812.95749895313,1,NA,NA,NA,NA,NA,NA,2024-01-01,6487,"Total revenues accrual",NA,"OK",NA
"factor_midas","Spain","Revenues","2024-01-25",1866.84279862432,1,NA,NA,NA,NA,NA,NA,2024-01-01,6487,"Total revenues accrual",NA,"OK",NA
"factor_midas","Spain","Revenues","2024-01-27",2118.76470958525,1,NA,NA,NA,NA,NA,NA,2024-01-01,6487,"Total revenues accrual",NA,"OK",NA
"factor_midas","Spain","Revenues","2024-02-01",1999.74749063588,1,NA,NA,NA,NA,NA,NA,2024-02-01,6487,"Total revenues accrual",NA,"OK",NA
"factor_midas","Spain","Revenues","2024-02-04",2001.83249773127,1,NA,NA,NA,NA,NA,NA,2024-02-01,6487,"Total revenues accrual",NA,"OK",NA
"factor_midas","Spain","Revenues","2024-02-05",2196.93285494766,1,NA,NA,NA,NA,NA,NA,2024-02-01,6487,"Total revenues accrual",NA,"OK",NA
"factor_midas","Spain","Revenues","2024-02-15",2167.4043777749,1,NA,NA,NA,NA,NA,NA,2024-02-01,6487,"Total revenues accrual",NA,"OK",NA
"factor_midas","Spain","Revenues","2024-02-27",2297.08791123947,1,NA,NA,NA,NA,NA,NA,2024-02-01,6487,"Total revenues accrual",NA,"OK",NA
"factor_midas","Spain","Revenues","2024-02-29",2300.74559873157,1,NA,NA,NA,NA,NA,NA,2024-02-01,6487,"Total revenues accrual",NA,"OK",NA
"factor_midas","Spain","Revenues","2024-03-01",2132.80951313358,1,NA,NA,NA,NA,NA,NA,2024-03-01,6487,"Total revenues accrual",NA,"OK",NA
"factor_midas","Spain","Revenues","2024-03-05",1971.07332232247,1,NA,NA,NA,NA,NA,NA,2024-03-01,6487,"Total revenues accrual",NA,"OK",NA
"factor_midas","Spain","Revenues","2024-03-15",1636.27116259921,1,NA,NA,NA,NA,NA,NA,2024-03-01,-984,"Total revenues accrual",NA,"OK",NA
"factor_midas","Spain","Revenues","2024-03-27",1481.43495995995,1,NA,NA,NA,NA,NA,NA,2024-03-01,-984,"Total revenues accrual",NA,"OK",NA
"factor_midas","Spain","Revenues","2024-03-28",1464.11440746496,1,NA,NA,NA,NA,NA,NA,2024-03-01,-984,"Total revenues accrual",NA,"OK",NA
"factor_midas","Spain","Revenues","2024-04-01",1584.51631533322,1,NA,NA,NA,NA,NA,NA,2024-04-01,-984,"Total revenues accrual",NA,"OK",NA
"factor_midas","Spain","Revenues","2024-04-05",1654.41383749612,1,NA,NA,NA,NA,NA,NA,2024-04-01,-984,"Total revenues accrual",NA,"OK",NA
"factor_midas","Spain","Revenues","2024-04-15",1807.40161765646,1,NA,NA,NA,NA,NA,NA,2024-04-01,-984,"Total revenues accrual",NA,"OK",NA
"factor_midas","Spain","Revenues","2024-04-25",1902.61519645518,1,NA,NA,NA,NA,NA,NA,2024-04-01,-984,"Total revenues accrual",NA,"OK",NA
"factor_midas","Spain","Revenues","2024-04-27",2365.72483917726,1,NA,NA,NA,NA,NA,NA,2024-04-01,-984,"Total revenues accrual",NA,"OK",NA
"factor_midas","Spain","Revenues","2024-05-01",2455.98255815158,1,NA,NA,NA,NA,NA,NA,2024-05-01,-984,"Total revenues accrual",NA,"OK",NA
"factor_midas","Spain","Revenues","2024-05-03",2496.19367066121,1,NA,NA,NA,NA,NA,NA,2024-05-01,-984,"Total revenues accrual",NA,"OK",NA
"factor_midas","Spain","Revenues","2024-05-05",2492.1513194754,1,NA,NA,NA,NA,NA,NA,2024-05-01,-984,"Total revenues accrual",NA,"OK",NA
"factor_midas","Spain","Revenues","2024-05-15",2617.17080230857,1,NA,NA,NA,NA,NA,NA,2024-05-01,-984,"Total revenues accrual",NA,"OK",NA
"factor_midas","Spain","Revenues","2024-05-27",2811.98028680245,1,NA,NA,NA,NA,NA,NA,2024-05-01,-984,"Total revenues accrual",NA,"OK",NA
"factor_midas","Spain","Revenues","2024-05-30",2952.9827992198,1,NA,NA,NA,NA,NA,NA,2024-05-01,-984,"Total revenues accrual",NA,"OK",NA
"factor_midas","Spain","Revenues","2024-06-01",3012.37126450739,1,NA,NA,NA,NA,NA,NA,2024-06-01,-984,"Total revenues accrual",NA,"OK",NA
"factor_midas","Spain","Revenues","2024-06-05",2989.02146856112,1,NA,NA,NA,NA,NA,NA,2024-06-01,-984,"Total revenues accrual",NA,"OK",NA
"factor_midas","Spain","Revenues","2024-06-06",2981.23675971975,1,NA,NA,NA,NA,NA,NA,2024-06-01,-984,"Total revenues accrual",NA,"OK",NA
"factor_midas","Spain","Revenues","2024-06-15",2565.51187862842,1,NA,NA,NA,NA,NA,NA,2024-06-01,3290,"Total revenues accrual",NA,"OK",NA
"factor_midas","Spain","Revenues","2024-06-27",2656.34491579348,1,NA,NA,NA,NA,NA,NA,2024-06-01,3290,"Total revenues accrual",NA,"OK",NA
"factor_midas","Spain","Revenues","2024-07-01",2749.09246490033,1,NA,NA,NA,NA,NA,NA,2024-07-01,3290,"Total revenues accrual",NA,"OK",NA
"factor_midas","Spain","Revenues","2024-07-05",2587.00822022271,1,NA,NA,NA,NA,NA,NA,2024-07-01,3290,"Total revenues accrual",NA,"OK",NA
"factor_midas","Spain","Revenues","2024-07-15",2331.46907639413,1,NA,NA,NA,NA,NA,NA,2024-07-01,3290,"Total revenues accrual",NA,"OK",NA
"factor_midas","Spain","Revenues","2024-07-25",2401.39354737321,1,NA,NA,NA,NA,NA,NA,2024-07-01,3290,"Total revenues accrual",NA,"OK",NA
"factor_midas","Spain","Revenues","2024-07-27",2123.75917804556,1,NA,NA,NA,NA,NA,NA,2024-07-01,3290,"Total revenues accrual",NA,"OK",NA
"factor_midas","Spain","Revenues","2024-08-01",2128.33205696141,1,NA,NA,NA,NA,NA,NA,2024-08-01,3290,"Total revenues accrual",NA,"OK",NA
"factor_midas","Spain","Revenues","2024-08-04",2118.35742029153,1,NA,NA,NA,NA,NA,NA,2024-08-01,3290,"Total revenues accrual",NA,"OK",NA
"factor_midas","Spain","Revenues","2024-08-05",2049.97590638371,1,NA,NA,NA,NA,NA,NA,2024-08-01,3290,"Total revenues accrual",NA,"OK",NA
"factor_midas","Spain","Revenues","2024-08-15",2036.68761772825,1,NA,NA,NA,NA,NA,NA,2024-08-01,3290,"Total revenues accrual",NA,"OK",NA
"factor_midas","Spain","Revenues","2024-08-27",1812.97410079418,1,NA,NA,NA,NA,NA,NA,2024-08-01,3290,"Total revenues accrual",NA,"OK",NA
"factor_midas","Spain","Revenues","2024-08-29",1767.21339926483,1,NA,NA,NA,NA,NA,NA,2024-08-01,3290,"Total revenues accrual",NA,"OK",NA
"factor_midas","Spain","Revenues","2024-09-01",1695.71677817602,1,NA,NA,NA,NA,NA,NA,2024-09-01,3290,"Total revenues accrual",NA,"OK",NA
"factor_midas","Spain","Revenues","2024-09-05",1502.46285477456,1,NA,NA,NA,NA,NA,NA,2024-09-01,3290,"Total revenues accrual",NA,"OK",NA
"factor_midas","Spain","Revenues","2024-09-07",1556.75426685846,1,NA,NA,NA,NA,NA,NA,2024-09-01,3290,"Total revenues accrual",NA,"OK",NA
"factor_midas","Spain","Revenues","2024-09-15",1606.65712524979,1,NA,NA,NA,NA,NA,NA,2024-09-01,3347,"Total revenues accrual",NA,"OK",NA
"factor_midas","Spain","Revenues","2024-09-26",1693.85110652695,1,NA,NA,NA,NA,NA,NA,2024-09-01,3347,"Total revenues accrual",NA,"OK",NA
"factor_midas","Spain","Revenues","2024-09-27",1609.3725016966,1,NA,NA,NA,NA,NA,NA,2024-09-01,3347,"Total revenues accrual",NA,"OK",NA
"factor_midas","Spain","Revenues","2024-10-01",1631.56341946313,1,NA,NA,NA,NA,NA,NA,2024-10-01,3347,"Total revenues accrual",NA,"OK",NA
"factor_midas","Spain","Revenues","2024-10-02",1645.97669727991,1,NA,NA,NA,NA,NA,NA,2024-10-01,3347,"Total revenues accrual",NA,"OK",NA
"factor_midas","Spain","Revenues","2024-10-05",1803.88678210562,1,NA,NA,NA,NA,NA,NA,2024-10-01,3347,"Total revenues accrual",NA,"OK",NA
"factor_midas","Spain","Revenues","2024-10-15",1666.34637449103,1,NA,NA,NA,NA,NA,NA,2024-10-01,3347,"Total revenues accrual",NA,"OK",NA
"factor_midas","Spain","Revenues","2024-10-27",1700.62298427265,1,NA,NA,NA,NA,NA,NA,2024-10-01,3347,"Total revenues accrual",NA,"OK",NA
"factor_midas","Spain","Revenues","2024-10-31",1410.28955409573,1,NA,NA,NA,NA,NA,NA,2024-10-01,3347,"Total revenues accrual",NA,"OK",NA
"factor_midas","Spain","Revenues","2024-11-01",1411.25122460241,1,NA,NA,NA,NA,NA,NA,2024-11-01,3347,"Total revenues accrual",NA,"OK",NA
"factor_midas","Spain","Revenues","2024-11-05",1426.87241213343,1,NA,NA,NA,NA,NA,NA,2024-11-01,3347,"Total revenues accrual",NA,"OK",NA
"factor_midas","Spain","Revenues","2024-11-15",1636.58399615332,1,NA,NA,NA,NA,NA,NA,2024-11-01,3347,"Total revenues accrual",NA,"OK",NA
"factor_midas","Spain","Revenues","2024-11-27",1502.59762154337,1,NA,NA,NA,NA,NA,NA,2024-11-01,3347,"Total revenues accrual",NA,"OK",NA
"factor_midas","Spain","Revenues","2024-11-28",1424.56857586572,1,NA,NA,NA,NA,NA,NA,2024-11-01,3347,"Total revenues accrual",NA,"OK",NA
"factor_midas","Spain","Revenues","2024-12-01",1513.52173545845,1,NA,NA,NA,NA,NA,NA,2024-12-01,3347,"Total revenues accrual",NA,"OK",NA
"factor_midas","Spain","Revenues","2024-12-05",1826.29573753608,1,NA,NA,NA,NA,NA,NA,2024-12-01,3347,"Total revenues accrual",NA,"OK",NA
"factor_midas","Spain","Revenues","2024-12-07",1956.29873387832,1,NA,NA,NA,NA,NA,NA,2024-12-01,3347,"Total revenues accrual",NA,"OK",NA
"factor_midas","Spain","Revenues","2024-12-15",3462.30841264868,1,NA,NA,NA,NA,NA,NA,2024-12-01,4698,"Total revenues accrual",NA,"OK",NA
"factor_midas","Spain","Revenues","2024-12-26",3495.30860913778,1,NA,NA,NA,NA,NA,NA,2024-12-01,4698,"Total revenues accrual",NA,"OK",NA
"factor_midas","Spain","Revenues","2024-12-27",3607.60501214041,1,NA,NA,NA,NA,NA,NA,2024-12-01,4698,"Total revenues accrual",NA,"OK",NA
"factor_midas","Spain","Revenues","2025-01-01",3639.29296872742,1,NA,NA,NA,NA,NA,NA,2025-01-01,4698,"Total revenues accrual",NA,"OK",NA
"factor_midas","Spain","Revenues","2025-01-03",3570.21474000075,1,NA,NA,NA,NA,NA,NA,2025-01-01,4698,"Total revenues accrual",NA,"OK",NA
"factor_midas","Spain","Revenues","2025-01-05",3792.25850045906,1,NA,NA,NA,NA,NA,NA,2025-01-01,4698,"Total revenues accrual",NA,"OK",NA
"factor_midas","Spain","Revenues","2025-01-15",3748.31438460815,1,NA,NA,NA,NA,NA,NA,2025-01-01,4698,"Total revenues accrual",NA,"OK",NA
"factor_midas","Spain","Revenues","2025-01-27",3555.92818485933,1,NA,NA,NA,NA,NA,NA,2025-01-01,4698,"Total revenues accrual",NA,"OK",NA
"factor_midas","Spain","Revenues","2025-01-30",3582.37568054601,1,NA,NA,NA,NA,NA,NA,2025-01-01,4698,"Total revenues accrual",NA,"OK",NA
"factor_midas","Spain","Revenues","2025-02-01",3732.01109834231,1,NA,NA,NA,NA,NA,NA,2025-02-01,4698,"Total revenues accrual",NA,"OK",NA
"factor_midas","Spain","Revenues","2025-02-05",3830.88488199816,1,NA,NA,NA,NA,NA,NA,2025-02-01,4698,"Total revenues accrual",NA,"OK",NA
"factor_midas","Spain","Revenues","2025-02-06",3796.58032733944,1,NA,NA,NA,NA,NA,NA,2025-02-01,4698,"Total revenues accrual",NA,"OK",NA
"factor_midas","Spain","Revenues","2025-02-15",3876.37195982444,1,NA,NA,NA,NA,NA,NA,2025-02-01,4698,"Total revenues accrual",NA,"OK",NA
"factor_midas","Spain","Revenues","2025-02-27",3969.27327024491,1,NA,NA,NA,NA,NA,NA,2025-02-01,4698,"Total revenues accrual",NA,"OK",NA
"factor_midas","Spain","Revenues","2025-03-01",4019.32392828825,1,NA,NA,NA,NA,NA,NA,2025-03-01,4698,"Total revenues accrual",NA,"OK",NA
"factor_midas","Spain","Revenues","2025-03-05",3650.44948086726,1,NA,NA,NA,NA,NA,NA,2025-03-01,4698,"Total revenues accrual",NA,"OK",NA
"factor_midas","Spain","Revenues","2025-03-06",3676.40310702459,1,NA,NA,NA,NA,NA,NA,2025-03-01,4698,"Total revenues accrual",NA,"OK",NA
"factor_midas","Spain","Revenues","2025-03-15",2894.87607502555,1,NA,NA,NA,NA,NA,NA,2025-03-01,-1203,"Total revenues accrual",NA,"OK",NA
"factor_midas","Spain","Revenues","2025-03-27",3019.07359505097,1,NA,NA,NA,NA,NA,NA,2025-03-01,-1203,"Total revenues accrual",NA,"OK",NA
"factor_midas","Spain","Revenues","2025-04-01",3081.06906133382,1,NA,NA,NA,NA,NA,NA,2025-04-01,-1203,"Total revenues accrual",NA,"OK",NA
"factor_midas","Spain","Revenues","2025-04-02",3125.58510849333,1,NA,NA,NA,NA,NA,NA,2025-04-01,-1203,"Total revenues accrual",NA,"OK",NA
"factor_midas","Spain","Revenues","2025-04-05",3251.3772648021,1,NA,NA,NA,NA,NA,NA,2025-04-01,-1203,"Total revenues accrual",NA,"OK",NA
"factor_midas","Spain","Revenues","2025-04-15",3245.24035393243,1,NA,NA,NA,NA,NA,NA,2025-04-01,-1203,"Total revenues accrual",NA,"OK",NA
"factor_midas","Spain","Revenues","2025-04-24",3222.05038332209,1,NA,NA,NA,NA,NA,NA,2025-04-01,-1203,"Total revenues accrual",NA,"OK",NA
"factor_midas","Spain","Revenues","2025-04-27",3214.50662066521,1,NA,NA,NA,NA,NA,NA,2025-04-01,-1203,"Total revenues accrual",NA,"OK",NA
"factor_midas","Spain","Revenues","2025-05-01",3297.79508995377,1,NA,NA,NA,NA,NA,NA,2025-05-01,-1203,"Total revenues accrual",NA,"OK",NA
"factor_midas","Spain","Revenues","2025-05-04",3288.3473216153,1,NA,NA,NA,NA,NA,NA,2025-05-01,-1203,"Total revenues accrual",NA,"OK",NA
"factor_midas","Spain","Revenues","2025-05-05",3408.58778481199,1,NA,NA,NA,NA,NA,NA,2025-05-01,-1203,"Total revenues accrual",NA,"OK",NA
"factor_midas","Spain","Revenues","2025-05-15",3345.95816835264,1,NA,NA,NA,NA,NA,NA,2025-05-01,-1203,"Total revenues accrual",NA,"OK",NA
"factor_midas","Spain","Revenues","2025-05-27",3475.12451522885,1,NA,NA,NA,NA,NA,NA,2025-05-01,-1203,"Total revenues accrual",NA,"OK",NA
"factor_midas","Spain","Revenues","2025-05-29",3463.35107129852,1,NA,NA,NA,NA,NA,NA,2025-05-01,-1203,"Total revenues accrual",NA,"OK",NA
"factor_midas","Spain","Revenues","2025-06-01",3522.44153632744,1,NA,NA,NA,NA,NA,NA,2025-06-01,-1203,"Total revenues accrual",NA,"OK",NA
"factor_midas","Spain","Revenues","2025-06-05",3310.26061753965,1,NA,NA,NA,NA,NA,NA,2025-06-01,-1203,"Total revenues accrual",NA,"OK",NA
"factor_midas","Spain","Revenues","2025-06-07",3385.80394905032,1,NA,NA,NA,NA,NA,NA,2025-06-01,-1203,"Total revenues accrual",NA,"OK",NA
"factor_midas","Spain","Revenues","2025-06-15",2539.97504442223,1,NA,NA,NA,NA,NA,NA,2025-06-01,4751,"Total revenues accrual",NA,"OK",NA
"factor_midas","Spain","Revenues","2025-06-26",2491.57240472753,1,NA,NA,NA,NA,NA,NA,2025-06-01,4751,"Total revenues accrual",NA,"OK",NA
"factor_midas","Spain","Revenues","2025-06-27",2662.70346375706,1,NA,NA,NA,NA,NA,NA,2025-06-01,4751,"Total revenues accrual",NA,"OK",NA
"factor_midas","Spain","Revenues","2025-07-01",2689.36175995073,1,NA,NA,NA,NA,NA,NA,2025-07-01,4751,"Total revenues accrual",NA,"OK",NA
"factor_midas","Spain","Revenues","2025-07-02",2687.63200844822,1,NA,NA,NA,NA,NA,NA,2025-07-01,4751,"Total revenues accrual",NA,"OK",NA
"factor_midas","Spain","Revenues","2025-07-05",2890.43232186444,1,NA,NA,NA,NA,NA,NA,2025-07-01,4751,"Total revenues accrual",NA,"OK",NA
"factor_midas","Spain","Revenues","2025-07-15",2797.20557769668,1,NA,NA,NA,NA,NA,NA,2025-07-01,4751,"Total revenues accrual",NA,"OK",NA
"factor_midas","Spain","Revenues","2025-07-27",2792.02722198585,1,NA,NA,NA,NA,NA,NA,2025-07-01,4751,"Total revenues accrual",NA,"OK",NA
"factor_midas","Spain","Revenues","2025-07-31",2829.01508181838,1,NA,NA,NA,NA,NA,NA,2025-07-01,4751,"Total revenues accrual",NA,"OK",NA
"factor_midas","Spain","Revenues","2025-08-01",2837.86877150523,1,NA,NA,NA,NA,NA,NA,2025-08-01,4751,"Total revenues accrual",NA,"OK",NA
"factor_midas","Spain","Revenues","2025-08-05",2886.56916851064,1,NA,NA,NA,NA,NA,NA,2025-08-01,4751,"Total revenues accrual",NA,"OK",NA
"factor_midas","Spain","Revenues","2025-08-15",2823.62747655516,1,NA,NA,NA,NA,NA,NA,2025-08-01,4751,"Total revenues accrual",NA,"OK",NA
"factor_midas","Spain","Revenues","2025-08-27",2966.90808280302,1,NA,NA,NA,NA,NA,NA,2025-08-01,4751,"Total revenues accrual",NA,"OK",NA
"factor_midas","Spain","Revenues","2025-08-28",3011.33440809017,1,NA,NA,NA,NA,NA,NA,2025-08-01,4751,"Total revenues accrual",NA,"OK",NA
"factor_midas","Spain","Revenues","2025-09-01",3060.78333326514,1,NA,NA,NA,NA,NA,NA,2025-09-01,4751,"Total revenues accrual",NA,"OK",NA
"factor_midas","Spain","Revenues","2025-09-05",3084.52956028327,1,NA,NA,NA,NA,NA,NA,2025-09-01,4751,"Total revenues accrual",NA,"OK",NA
"factor_midas","Spain","Revenues","2025-09-15",3037.53304346563,1,NA,NA,NA,NA,NA,NA,2025-09-01,3792,"Total revenues accrual",NA,"OK",NA
"factor_midas","Spain","Revenues","2025-09-25",3139.66534112939,1,NA,NA,NA,NA,NA,NA,2025-09-01,3792,"Total revenues accrual",NA,"OK",NA
"factor_midas","Spain","Revenues","2025-09-27",3263.22110594241,1,NA,NA,NA,NA,NA,NA,2025-09-01,3792,"Total revenues accrual",NA,"OK",NA
"factor_midas","Spain","Revenues","2025-10-01",3250.47473476,1,NA,NA,NA,NA,NA,NA,2025-10-01,3792,"Total revenues accrual",NA,"OK",NA
"factor_midas","Spain","Revenues","2025-10-03",3250.47473476,1,NA,NA,NA,NA,NA,NA,2025-10-01,3792,"Total revenues accrual",NA,"OK",NA
"factor_midas","Spain","Revenues","2025-10-05",3169.839535566,1,NA,NA,NA,NA,NA,NA,2025-10-01,3792,"Total revenues accrual",NA,"OK",NA
"factor_midas","Spain","Revenues","2025-10-15",3209.60323319929,1,NA,NA,NA,NA,NA,NA,2025-10-01,3792,"Total revenues accrual",NA,"OK",NA
"factor_midas","Spain","Revenues","2025-10-27",3219.4655798154,1,NA,NA,NA,NA,NA,NA,2025-10-01,3792,"Total revenues accrual",NA,"OK",NA
"factor_midas","Spain","Revenues","2025-10-30",3193.1973933766,1,NA,NA,NA,NA,NA,NA,2025-10-01,3792,"Total revenues accrual",NA,"OK",NA
"factor_midas","Spain","Revenues","2025-11-01",3146.44281031851,1,NA,NA,NA,NA,NA,NA,2025-11-01,3792,"Total revenues accrual",NA,"OK",NA
"factor_midas","Spain","Revenues","2025-11-05",3005.55141034148,1,NA,NA,NA,NA,NA,NA,2025-11-01,3792,"Total revenues accrual",NA,"OK",NA
"factor_midas","Spain","Revenues","2025-11-06",3005.55141034148,1,NA,NA,NA,NA,NA,NA,2025-11-01,3792,"Total revenues accrual",NA,"OK",NA
"factor_midas","Spain","Revenues","2025-11-15",3118.87475977981,1,NA,NA,NA,NA,NA,NA,2025-11-01,3792,"Total revenues accrual",NA,"OK",NA
"factor_midas","Spain","Revenues","2025-11-27",3006.8720361207,1,NA,NA,NA,NA,NA,NA,2025-11-01,3792,"Total revenues accrual",NA,"OK",NA
"factor_midas","Spain","Revenues","2025-12-01",2919.03575878055,1,NA,NA,NA,NA,NA,NA,2025-12-01,3792,"Total revenues accrual",NA,"OK",NA
"factor_midas","Spain","Revenues","2025-12-05",2800.66855673302,1,NA,NA,NA,NA,NA,NA,2025-12-01,3792,"Total revenues accrual",NA,"OK",NA
"factor_midas","Spain","Revenues","2025-12-15",3354.45686971783,1,NA,NA,NA,NA,NA,NA,2025-12-01,3792,"Total revenues accrual",NA,"OK",NA
"factor_midas","Spain","Revenues","2025-12-25",3333.10245102222,1,NA,NA,NA,NA,NA,NA,2025-12-01,3792,"Total revenues accrual",NA,"OK",NA
"factor_midas","Spain","Revenues","2025-12-27",3197.39906211279,1,NA,NA,NA,NA,NA,NA,2025-12-01,3792,"Total revenues accrual",NA,"OK",NA
"factor_midas","Spain","Revenues","2026-01-05",3241.28930318438,1,NA,NA,NA,NA,NA,NA,2026-01-01,3792,"Total revenues accrual",NA,"OK",NA
"factor_midas","Spain","Revenues","2026-01-15",3241.28930318438,1,NA,NA,NA,NA,NA,NA,2026-01-01,3792,"Total revenues accrual",NA,"OK",NA
"factor_midas","Spain","Revenues","2026-02-05",3273.60526830087,1,NA,NA,NA,NA,NA,NA,2026-02-01,3792,"Total revenues accrual",NA,"OK",NA
"factor_midas","Spain","Revenues","2026-02-15",3273.60526830087,1,NA,NA,NA,NA,NA,NA,2026-02-01,3792,"Total revenues accrual",NA,"OK",NA
"factor_midas","Spain","Revenues","2026-03-15",3276.56651548118,1,NA,NA,NA,NA,NA,NA,2026-03-01,3792,"Total revenues accrual",NA,"OK",NA
