"model","country","block","publication_date","nowcast_value","nb_factors","lambda","gamma","cv_mse","df","n_selected","n_selected_groups","date_new","last_obs_y","target_name","selected_columns","status","error"
"ar1","Italy","Revenues","2013-01-01",816.322769397159,NA,NA,NA,NA,NA,NA,NA,2013-01-01,2323.98549642999,"Total revenues accrual",NA,"OK",NA
"ar1","Italy","Revenues","2013-01-02",816.322769397159,NA,NA,NA,NA,NA,NA,NA,2013-01-01,2323.98549642999,"Total revenues accrual",NA,"OK",NA
"ar1","Italy","Revenues","2013-01-05",816.322769397159,NA,NA,NA,NA,NA,NA,NA,2013-01-01,2323.98549642999,"Total revenues accrual",NA,"OK",NA
"ar1","Italy","Revenues","2013-01-15",816.322769397159,NA,NA,NA,NA,NA,NA,NA,2013-01-01,2323.98549642999,"Total revenues accrual",NA,"OK",NA
"ar1","Italy","Revenues","2013-01-27",816.322769397159,NA,NA,NA,NA,NA,NA,NA,2013-01-01,2323.98549642999,"Total revenues accrual",NA,"OK",NA
"ar1","Italy","Revenues","2013-01-31",816.322769397159,NA,NA,NA,NA,NA,NA,NA,2013-01-01,2323.98549642999,"Total revenues accrual",NA,"OK",NA
"ar1","Italy","Revenues","2013-02-01",816.322769397159,NA,NA,NA,NA,NA,NA,NA,2013-02-01,2323.98549642999,"Total revenues accrual",NA,"OK",NA
"ar1","Italy","Revenues","2013-02-05",816.322769397159,NA,NA,NA,NA,NA,NA,NA,2013-02-01,2323.98549642999,"Total revenues accrual",NA,"OK",NA
"ar1","Italy","Revenues","2013-02-15",816.322769397159,NA,NA,NA,NA,NA,NA,NA,2013-02-01,2323.98549642999,"Total revenues accrual",NA,"OK",NA
"ar1","Italy","Revenues","2013-02-27",816.322769397159,NA,NA,NA,NA,NA,NA,NA,2013-02-01,2323.98549642999,"Total revenues accrual",NA,"OK",NA
"ar1","Italy","Revenues","2013-02-28",816.322769397159,NA,NA,NA,NA,NA,NA,NA,2013-02-01,2323.98549642999,"Total revenues accrual",NA,"OK",NA
"ar1","Italy","Revenues","2013-03-01",816.322769397159,NA,NA,NA,NA,NA,NA,NA,2013-03-01,2323.98549642999,"Total revenues accrual",NA,"OK",NA
"ar1","Italy","Revenues","2013-03-05",816.322769397159,NA,NA,NA,NA,NA,NA,NA,2013-03-01,2323.98549642999,"Total revenues accrual",NA,"OK",NA
"ar1","Italy","Revenues","2013-03-15",4350.40757853851,NA,NA,NA,NA,NA,NA,NA,2013-03-01,-5009.323791748,"Total revenues accrual",NA,"OK",NA
"ar1","Italy","Revenues","2013-03-27",4350.40757853851,NA,NA,NA,NA,NA,NA,NA,2013-03-01,-5009.323791748,"Total revenues accrual",NA,"OK",NA
"ar1","Italy","Revenues","2013-03-28",4350.40757853851,NA,NA,NA,NA,NA,NA,NA,2013-03-01,-5009.323791748,"Total revenues accrual",NA,"OK",NA
"ar1","Italy","Revenues","2013-04-01",4350.40757853851,NA,NA,NA,NA,NA,NA,NA,2013-04-01,-5009.323791748,"Total revenues accrual",NA,"OK",NA
"ar1","Italy","Revenues","2013-04-05",4350.40757853851,NA,NA,NA,NA,NA,NA,NA,2013-04-01,-5009.323791748,"Total revenues accrual",NA,"OK",NA
"ar1","Italy","Revenues","2013-04-15",4350.40757853851,NA,NA,NA,NA,NA,NA,NA,2013-04-01,-5009.323791748,"Total revenues accrual",NA,"OK",NA
"ar1","Italy","Revenues","2013-04-25",4350.40757853851,NA,NA,NA,NA,NA,NA,NA,2013-04-01,-5009.323791748,"Total revenues accrual",NA,"OK",NA
"ar1","Italy","Revenues","2013-04-27",4350.40757853851,NA,NA,NA,NA,NA,NA,NA,2013-04-01,-5009.323791748,"Total revenues accrual",NA,"OK",NA
"ar1","Italy","Revenues","2013-05-01",4350.40757853851,NA,NA,NA,NA,NA,NA,NA,2013-05-01,-5009.323791748,"Total revenues accrual",NA,"OK",NA
"ar1","Italy","Revenues","2013-05-03",4350.40757853851,NA,NA,NA,NA,NA,NA,NA,2013-05-01,-5009.323791748,"Total revenues accrual",NA,"OK",NA
"ar1","Italy","Revenues","2013-05-05",4350.40757853851,NA,NA,NA,NA,NA,NA,NA,2013-05-01,-5009.323791748,"Total revenues accrual",NA,"OK",NA
"ar1","Italy","Revenues","2013-05-15",4350.40757853851,NA,NA,NA,NA,NA,NA,NA,2013-05-01,-5009.323791748,"Total revenues accrual",NA,"OK",NA
"ar1","Italy","Revenues","2013-05-27",4350.40757853851,NA,NA,NA,NA,NA,NA,NA,2013-05-01,-5009.323791748,"Total revenues accrual",NA,"OK",NA
"ar1","Italy","Revenues","2013-05-30",4350.40757853851,NA,NA,NA,NA,NA,NA,NA,2013-05-01,-5009.323791748,"Total revenues accrual",NA,"OK",NA
"ar1","Italy","Revenues","2013-06-01",4350.40757853851,NA,NA,NA,NA,NA,NA,NA,2013-06-01,-5009.323791748,"Total revenues accrual",NA,"OK",NA
"ar1","Italy","Revenues","2013-06-05",4350.40757853851,NA,NA,NA,NA,NA,NA,NA,2013-06-01,-5009.323791748,"Total revenues accrual",NA,"OK",NA
"ar1","Italy","Revenues","2013-06-06",4350.40757853851,NA,NA,NA,NA,NA,NA,NA,2013-06-01,-5009.323791748,"Total revenues accrual",NA,"OK",NA
"ar1","Italy","Revenues","2013-06-15",-1608.03014925299,NA,NA,NA,NA,NA,NA,NA,2013-06-01,5391.10068391202,"Total revenues accrual",NA,"OK",NA
"ar1","Italy","Revenues","2013-06-27",-1608.03014925299,NA,NA,NA,NA,NA,NA,NA,2013-06-01,5391.10068391202,"Total revenues accrual",NA,"OK",NA
"ar1","Italy","Revenues","2013-07-01",-1608.03014925299,NA,NA,NA,NA,NA,NA,NA,2013-07-01,5391.10068391202,"Total revenues accrual",NA,"OK",NA
"ar1","Italy","Revenues","2013-07-05",-1608.03014925299,NA,NA,NA,NA,NA,NA,NA,2013-07-01,5391.10068391202,"Total revenues accrual",NA,"OK",NA
"ar1","Italy","Revenues","2013-07-15",-1608.03014925299,NA,NA,NA,NA,NA,NA,NA,2013-07-01,5391.10068391202,"Total revenues accrual",NA,"OK",NA
"ar1","Italy","Revenues","2013-07-25",-1608.03014925299,NA,NA,NA,NA,NA,NA,NA,2013-07-01,5391.10068391202,"Total revenues accrual",NA,"OK",NA
"ar1","Italy","Revenues","2013-07-27",-1608.03014925299,NA,NA,NA,NA,NA,NA,NA,2013-07-01,5391.10068391202,"Total revenues accrual",NA,"OK",NA
"ar1","Italy","Revenues","2013-08-01",-1608.03014925299,NA,NA,NA,NA,NA,NA,NA,2013-08-01,5391.10068391202,"Total revenues accrual",NA,"OK",NA
"ar1","Italy","Revenues","2013-08-04",-1608.03014925299,NA,NA,NA,NA,NA,NA,NA,2013-08-01,5391.10068391202,"Total revenues accrual",NA,"OK",NA
"ar1","Italy","Revenues","2013-08-05",-1608.03014925299,NA,NA,NA,NA,NA,NA,NA,2013-08-01,5391.10068391202,"Total revenues accrual",NA,"OK",NA
"ar1","Italy","Revenues","2013-08-15",-1608.03014925299,NA,NA,NA,NA,NA,NA,NA,2013-08-01,5391.10068391202,"Total revenues accrual",NA,"OK",NA
"ar1","Italy","Revenues","2013-08-27",-1608.03014925299,NA,NA,NA,NA,NA,NA,NA,2013-08-01,5391.10068391202,"Total revenues accrual",NA,"OK",NA
"ar1","Italy","Revenues","2013-08-29",-1608.03014925299,NA,NA,NA,NA,NA,NA,NA,2013-08-01,5391.10068391202,"Total revenues accrual",NA,"OK",NA
"ar1","Italy","Revenues","2013-09-01",-1608.03014925299,NA,NA,NA,NA,NA,NA,NA,2013-09-01,5391.10068391202,"Total revenues accrual",NA,"OK",NA
"ar1","Italy","Revenues","2013-09-05",-1608.03014925299,NA,NA,NA,NA,NA,NA,NA,2013-09-01,5391.10068391202,"Total revenues accrual",NA,"OK",NA
"ar1","Italy","Revenues","2013-09-07",-1608.03014925299,NA,NA,NA,NA,NA,NA,NA,2013-09-01,5391.10068391202,"Total revenues accrual",NA,"OK",NA
"ar1","Italy","Revenues","2013-09-15",5587.51050538181,NA,NA,NA,NA,NA,NA,NA,2013-09-01,-5656.62504277602,"Total revenues accrual",NA,"OK",NA
"ar1","Italy","Revenues","2013-09-26",5587.51050538181,NA,NA,NA,NA,NA,NA,NA,2013-09-01,-5656.62504277602,"Total revenues accrual",NA,"OK",NA
"ar1","Italy","Revenues","2013-09-27",5587.51050538181,NA,NA,NA,NA,NA,NA,NA,2013-09-01,-5656.62504277602,"Total revenues accrual",NA,"OK",NA
"ar1","Italy","Revenues","2013-10-01",5587.51050538181,NA,NA,NA,NA,NA,NA,NA,2013-10-01,-5656.62504277602,"Total revenues accrual",NA,"OK",NA
"ar1","Italy","Revenues","2013-10-02",5587.51050538181,NA,NA,NA,NA,NA,NA,NA,2013-10-01,-5656.62504277602,"Total revenues accrual",NA,"OK",NA
"ar1","Italy","Revenues","2013-10-05",5587.51050538181,NA,NA,NA,NA,NA,NA,NA,2013-10-01,-5656.62504277602,"Total revenues accrual",NA,"OK",NA
"ar1","Italy","Revenues","2013-10-15",5587.51050538181,NA,NA,NA,NA,NA,NA,NA,2013-10-01,-5656.62504277602,"Total revenues accrual",NA,"OK",NA
"ar1","Italy","Revenues","2013-10-27",5587.51050538181,NA,NA,NA,NA,NA,NA,NA,2013-10-01,-5656.62504277602,"Total revenues accrual",NA,"OK",NA
"ar1","Italy","Revenues","2013-10-31",5587.51050538181,NA,NA,NA,NA,NA,NA,NA,2013-10-01,-5656.62504277602,"Total revenues accrual",NA,"OK",NA
"ar1","Italy","Revenues","2013-11-01",5587.51050538181,NA,NA,NA,NA,NA,NA,NA,2013-11-01,-5656.62504277602,"Total revenues accrual",NA,"OK",NA
"ar1","Italy","Revenues","2013-11-05",5587.51050538181,NA,NA,NA,NA,NA,NA,NA,2013-11-01,-5656.62504277602,"Total revenues accrual",NA,"OK",NA
"ar1","Italy","Revenues","2013-11-15",5587.51050538181,NA,NA,NA,NA,NA,NA,NA,2013-11-01,-5656.62504277602,"Total revenues accrual",NA,"OK",NA
"ar1","Italy","Revenues","2013-11-27",5587.51050538181,NA,NA,NA,NA,NA,NA,NA,2013-11-01,-5656.62504277602,"Total revenues accrual",NA,"OK",NA
"ar1","Italy","Revenues","2013-11-28",5587.51050538181,NA,NA,NA,NA,NA,NA,NA,2013-11-01,-5656.62504277602,"Total revenues accrual",NA,"OK",NA
"ar1","Italy","Revenues","2013-12-01",5587.51050538181,NA,NA,NA,NA,NA,NA,NA,2013-12-01,-5656.62504277602,"Total revenues accrual",NA,"OK",NA
"ar1","Italy","Revenues","2013-12-05",5587.51050538181,NA,NA,NA,NA,NA,NA,NA,2013-12-01,-5656.62504277602,"Total revenues accrual",NA,"OK",NA
"ar1","Italy","Revenues","2013-12-07",5587.51050538181,NA,NA,NA,NA,NA,NA,NA,2013-12-01,-5656.62504277602,"Total revenues accrual",NA,"OK",NA
"ar1","Italy","Revenues","2013-12-15",-83.8409411134252,NA,NA,NA,NA,NA,NA,NA,2013-12-01,2062.96121274901,"Total revenues accrual",NA,"OK",NA
"ar1","Italy","Revenues","2013-12-26",-83.8409411134252,NA,NA,NA,NA,NA,NA,NA,2013-12-01,2062.96121274901,"Total revenues accrual",NA,"OK",NA
"ar1","Italy","Revenues","2013-12-27",-83.8409411134252,NA,NA,NA,NA,NA,NA,NA,2013-12-01,2062.96121274901,"Total revenues accrual",NA,"OK",NA
"ar1","Italy","Revenues","2014-01-01",-83.8409411134252,NA,NA,NA,NA,NA,NA,NA,2014-01-01,2062.96121274901,"Total revenues accrual",NA,"OK",NA
"ar1","Italy","Revenues","2014-01-03",-83.8409411134252,NA,NA,NA,NA,NA,NA,NA,2014-01-01,2062.96121274901,"Total revenues accrual",NA,"OK",NA
"ar1","Italy","Revenues","2014-01-05",-83.8409411134252,NA,NA,NA,NA,NA,NA,NA,2014-01-01,2062.96121274901,"Total revenues accrual",NA,"OK",NA
"ar1","Italy","Revenues","2014-01-15",-83.8409411134252,NA,NA,NA,NA,NA,NA,NA,2014-01-01,2062.96121274901,"Total revenues accrual",NA,"OK",NA
"ar1","Italy","Revenues","2014-01-27",-83.8409411134252,NA,NA,NA,NA,NA,NA,NA,2014-01-01,2062.96121274901,"Total revenues accrual",NA,"OK",NA
"ar1","Italy","Revenues","2014-01-30",-83.8409411134252,NA,NA,NA,NA,NA,NA,NA,2014-01-01,2062.96121274901,"Total revenues accrual",NA,"OK",NA
"ar1","Italy","Revenues","2014-02-01",-83.8409411134252,NA,NA,NA,NA,NA,NA,NA,2014-02-01,2062.96121274901,"Total revenues accrual",NA,"OK",NA
"ar1","Italy","Revenues","2014-02-05",-83.8409411134252,NA,NA,NA,NA,NA,NA,NA,2014-02-01,2062.96121274901,"Total revenues accrual",NA,"OK",NA
"ar1","Italy","Revenues","2014-02-06",-83.8409411134252,NA,NA,NA,NA,NA,NA,NA,2014-02-01,2062.96121274901,"Total revenues accrual",NA,"OK",NA
"ar1","Italy","Revenues","2014-02-15",-83.8409411134252,NA,NA,NA,NA,NA,NA,NA,2014-02-01,2062.96121274901,"Total revenues accrual",NA,"OK",NA
"ar1","Italy","Revenues","2014-02-27",-83.8409411134252,NA,NA,NA,NA,NA,NA,NA,2014-02-01,2062.96121274901,"Total revenues accrual",NA,"OK",NA
"ar1","Italy","Revenues","2014-03-01",-83.8409411134252,NA,NA,NA,NA,NA,NA,NA,2014-03-01,2062.96121274901,"Total revenues accrual",NA,"OK",NA
"ar1","Italy","Revenues","2014-03-05",-83.8409411134252,NA,NA,NA,NA,NA,NA,NA,2014-03-01,2062.96121274901,"Total revenues accrual",NA,"OK",NA
"ar1","Italy","Revenues","2014-03-06",-83.8409411134252,NA,NA,NA,NA,NA,NA,NA,2014-03-01,2062.96121274901,"Total revenues accrual",NA,"OK",NA
"ar1","Italy","Revenues","2014-03-15",1009.82904395348,NA,NA,NA,NA,NA,NA,NA,2014-03-01,290.801771169004,"Total revenues accrual",NA,"OK",NA
"ar1","Italy","Revenues","2014-03-27",1009.82904395348,NA,NA,NA,NA,NA,NA,NA,2014-03-01,290.801771169004,"Total revenues accrual",NA,"OK",NA
"ar1","Italy","Revenues","2014-04-01",1009.82904395348,NA,NA,NA,NA,NA,NA,NA,2014-04-01,290.801771169004,"Total revenues accrual",NA,"OK",NA
"ar1","Italy","Revenues","2014-04-02",1009.82904395348,NA,NA,NA,NA,NA,NA,NA,2014-04-01,290.801771169004,"Total revenues accrual",NA,"OK",NA
"ar1","Italy","Revenues","2014-04-05",1009.82904395348,NA,NA,NA,NA,NA,NA,NA,2014-04-01,290.801771169004,"Total revenues accrual",NA,"OK",NA
"ar1","Italy","Revenues","2014-04-15",1009.82904395348,NA,NA,NA,NA,NA,NA,NA,2014-04-01,290.801771169004,"Total revenues accrual",NA,"OK",NA
"ar1","Italy","Revenues","2014-04-24",1009.82904395348,NA,NA,NA,NA,NA,NA,NA,2014-04-01,290.801771169004,"Total revenues accrual",NA,"OK",NA
"ar1","Italy","Revenues","2014-04-27",1009.82904395348,NA,NA,NA,NA,NA,NA,NA,2014-04-01,290.801771169004,"Total revenues accrual",NA,"OK",NA
"ar1","Italy","Revenues","2014-05-01",1009.82904395348,NA,NA,NA,NA,NA,NA,NA,2014-05-01,290.801771169004,"Total revenues accrual",NA,"OK",NA
"ar1","Italy","Revenues","2014-05-04",1009.82904395348,NA,NA,NA,NA,NA,NA,NA,2014-05-01,290.801771169004,"Total revenues accrual",NA,"OK",NA
"ar1","Italy","Revenues","2014-05-05",1009.82904395348,NA,NA,NA,NA,NA,NA,NA,2014-05-01,290.801771169004,"Total revenues accrual",NA,"OK",NA
"ar1","Italy","Revenues","2014-05-15",1009.82904395348,NA,NA,NA,NA,NA,NA,NA,2014-05-01,290.801771169004,"Total revenues accrual",NA,"OK",NA
"ar1","Italy","Revenues","2014-05-27",1009.82904395348,NA,NA,NA,NA,NA,NA,NA,2014-05-01,290.801771169004,"Total revenues accrual",NA,"OK",NA
"ar1","Italy","Revenues","2014-05-29",1009.82904395348,NA,NA,NA,NA,NA,NA,NA,2014-05-01,290.801771169004,"Total revenues accrual",NA,"OK",NA
"ar1","Italy","Revenues","2014-06-01",1009.82904395348,NA,NA,NA,NA,NA,NA,NA,2014-06-01,290.801771169004,"Total revenues accrual",NA,"OK",NA
"ar1","Italy","Revenues","2014-06-05",1009.82904395348,NA,NA,NA,NA,NA,NA,NA,2014-06-01,290.801771169004,"Total revenues accrual",NA,"OK",NA
"ar1","Italy","Revenues","2014-06-07",1009.82904395348,NA,NA,NA,NA,NA,NA,NA,2014-06-01,290.801771169004,"Total revenues accrual",NA,"OK",NA
"ar1","Italy","Revenues","2014-06-15",1206.90057021982,NA,NA,NA,NA,NA,NA,NA,2014-06-01,-164.110854252998,"Total revenues accrual",NA,"OK",NA
"ar1","Italy","Revenues","2014-06-26",1206.90057021982,NA,NA,NA,NA,NA,NA,NA,2014-06-01,-164.110854252998,"Total revenues accrual",NA,"OK",NA
"ar1","Italy","Revenues","2014-06-27",1206.90057021982,NA,NA,NA,NA,NA,NA,NA,2014-06-01,-164.110854252998,"Total revenues accrual",NA,"OK",NA
"ar1","Italy","Revenues","2014-07-01",1206.90057021982,NA,NA,NA,NA,NA,NA,NA,2014-07-01,-164.110854252998,"Total revenues accrual",NA,"OK",NA
"ar1","Italy","Revenues","2014-07-02",1206.90057021982,NA,NA,NA,NA,NA,NA,NA,2014-07-01,-164.110854252998,"Total revenues accrual",NA,"OK",NA
"ar1","Italy","Revenues","2014-07-05",1206.90057021982,NA,NA,NA,NA,NA,NA,NA,2014-07-01,-164.110854252998,"Total revenues accrual",NA,"OK",NA
"ar1","Italy","Revenues","2014-07-15",1206.90057021982,NA,NA,NA,NA,NA,NA,NA,2014-07-01,-164.110854252998,"Total revenues accrual",NA,"OK",NA
"ar1","Italy","Revenues","2014-07-27",1206.90057021982,NA,NA,NA,NA,NA,NA,NA,2014-07-01,-164.110854252998,"Total revenues accrual",NA,"OK",NA
"ar1","Italy","Revenues","2014-07-31",1206.90057021982,NA,NA,NA,NA,NA,NA,NA,2014-07-01,-164.110854252998,"Total revenues accrual",NA,"OK",NA
"ar1","Italy","Revenues","2014-08-01",1206.90057021982,NA,NA,NA,NA,NA,NA,NA,2014-08-01,-164.110854252998,"Total revenues accrual",NA,"OK",NA
"ar1","Italy","Revenues","2014-08-05",1206.90057021982,NA,NA,NA,NA,NA,NA,NA,2014-08-01,-164.110854252998,"Total revenues accrual",NA,"OK",NA
"ar1","Italy","Revenues","2014-08-15",1206.90057021982,NA,NA,NA,NA,NA,NA,NA,2014-08-01,-164.110854252998,"Total revenues accrual",NA,"OK",NA
"ar1","Italy","Revenues","2014-08-27",1206.90057021982,NA,NA,NA,NA,NA,NA,NA,2014-08-01,-164.110854252998,"Total revenues accrual",NA,"OK",NA
"ar1","Italy","Revenues","2014-08-28",1206.90057021982,NA,NA,NA,NA,NA,NA,NA,2014-08-01,-164.110854252998,"Total revenues accrual",NA,"OK",NA
"ar1","Italy","Revenues","2014-09-01",1206.90057021982,NA,NA,NA,NA,NA,NA,NA,2014-09-01,-164.110854252998,"Total revenues accrual",NA,"OK",NA
"ar1","Italy","Revenues","2014-09-05",1206.90057021982,NA,NA,NA,NA,NA,NA,NA,2014-09-01,-164.110854252998,"Total revenues accrual",NA,"OK",NA
"ar1","Italy","Revenues","2014-09-15",562.113198468793,NA,NA,NA,NA,NA,NA,NA,2014-09-01,882.058085138997,"Total revenues accrual",NA,"OK",NA
"ar1","Italy","Revenues","2014-09-25",562.113198468793,NA,NA,NA,NA,NA,NA,NA,2014-09-01,882.058085138997,"Total revenues accrual",NA,"OK",NA
"ar1","Italy","Revenues","2014-09-27",562.113198468793,NA,NA,NA,NA,NA,NA,NA,2014-09-01,882.058085138997,"Total revenues accrual",NA,"OK",NA
"ar1","Italy","Revenues","2014-10-01",562.113198468793,NA,NA,NA,NA,NA,NA,NA,2014-10-01,882.058085138997,"Total revenues accrual",NA,"OK",NA
"ar1","Italy","Revenues","2014-10-03",562.113198468793,NA,NA,NA,NA,NA,NA,NA,2014-10-01,882.058085138997,"Total revenues accrual",NA,"OK",NA
"ar1","Italy","Revenues","2014-10-05",562.113198468793,NA,NA,NA,NA,NA,NA,NA,2014-10-01,882.058085138997,"Total revenues accrual",NA,"OK",NA
"ar1","Italy","Revenues","2014-10-15",562.113198468793,NA,NA,NA,NA,NA,NA,NA,2014-10-01,882.058085138997,"Total revenues accrual",NA,"OK",NA
"ar1","Italy","Revenues","2014-10-27",562.113198468793,NA,NA,NA,NA,NA,NA,NA,2014-10-01,882.058085138997,"Total revenues accrual",NA,"OK",NA
"ar1","Italy","Revenues","2014-10-30",562.113198468793,NA,NA,NA,NA,NA,NA,NA,2014-10-01,882.058085138997,"Total revenues accrual",NA,"OK",NA
"ar1","Italy","Revenues","2014-11-01",562.113198468793,NA,NA,NA,NA,NA,NA,NA,2014-11-01,882.058085138997,"Total revenues accrual",NA,"OK",NA
"ar1","Italy","Revenues","2014-11-05",562.113198468793,NA,NA,NA,NA,NA,NA,NA,2014-11-01,882.058085138997,"Total revenues accrual",NA,"OK",NA
"ar1","Italy","Revenues","2014-11-06",562.113198468793,NA,NA,NA,NA,NA,NA,NA,2014-11-01,882.058085138997,"Total revenues accrual",NA,"OK",NA
"ar1","Italy","Revenues","2014-11-15",562.113198468793,NA,NA,NA,NA,NA,NA,NA,2014-11-01,882.058085138997,"Total revenues accrual",NA,"OK",NA
"ar1","Italy","Revenues","2014-11-27",562.113198468793,NA,NA,NA,NA,NA,NA,NA,2014-11-01,882.058085138997,"Total revenues accrual",NA,"OK",NA
"ar1","Italy","Revenues","2014-12-01",562.113198468793,NA,NA,NA,NA,NA,NA,NA,2014-12-01,882.058085138997,"Total revenues accrual",NA,"OK",NA
"ar1","Italy","Revenues","2014-12-05",562.113198468793,NA,NA,NA,NA,NA,NA,NA,2014-12-01,882.058085138997,"Total revenues accrual",NA,"OK",NA
"ar1","Italy","Revenues","2014-12-15",-158.737628006743,NA,NA,NA,NA,NA,NA,NA,2014-12-01,2249.65883548299,"Total revenues accrual",NA,"OK",NA
"ar1","Italy","Revenues","2014-12-25",-158.737628006743,NA,NA,NA,NA,NA,NA,NA,2014-12-01,2249.65883548299,"Total revenues accrual",NA,"OK",NA
"ar1","Italy","Revenues","2014-12-27",-158.737628006743,NA,NA,NA,NA,NA,NA,NA,2014-12-01,2249.65883548299,"Total revenues accrual",NA,"OK",NA
"ar1","Italy","Revenues","2015-01-01",-158.737628006743,NA,NA,NA,NA,NA,NA,NA,2015-01-01,2249.65883548299,"Total revenues accrual",NA,"OK",NA
"ar1","Italy","Revenues","2015-01-04",-158.737628006743,NA,NA,NA,NA,NA,NA,NA,2015-01-01,2249.65883548299,"Total revenues accrual",NA,"OK",NA
"ar1","Italy","Revenues","2015-01-05",-158.737628006743,NA,NA,NA,NA,NA,NA,NA,2015-01-01,2249.65883548299,"Total revenues accrual",NA,"OK",NA
"ar1","Italy","Revenues","2015-01-15",-158.737628006743,NA,NA,NA,NA,NA,NA,NA,2015-01-01,2249.65883548299,"Total revenues accrual",NA,"OK",NA
"ar1","Italy","Revenues","2015-01-27",-158.737628006743,NA,NA,NA,NA,NA,NA,NA,2015-01-01,2249.65883548299,"Total revenues accrual",NA,"OK",NA
"ar1","Italy","Revenues","2015-01-29",-158.737628006743,NA,NA,NA,NA,NA,NA,NA,2015-01-01,2249.65883548299,"Total revenues accrual",NA,"OK",NA
"ar1","Italy","Revenues","2015-02-01",-158.737628006743,NA,NA,NA,NA,NA,NA,NA,2015-02-01,2249.65883548299,"Total revenues accrual",NA,"OK",NA
"ar1","Italy","Revenues","2015-02-05",-158.737628006743,NA,NA,NA,NA,NA,NA,NA,2015-02-01,2249.65883548299,"Total revenues accrual",NA,"OK",NA
"ar1","Italy","Revenues","2015-02-07",-158.737628006743,NA,NA,NA,NA,NA,NA,NA,2015-02-01,2249.65883548299,"Total revenues accrual",NA,"OK",NA
"ar1","Italy","Revenues","2015-02-15",-158.737628006743,NA,NA,NA,NA,NA,NA,NA,2015-02-01,2249.65883548299,"Total revenues accrual",NA,"OK",NA
"ar1","Italy","Revenues","2015-02-26",-158.737628006743,NA,NA,NA,NA,NA,NA,NA,2015-02-01,2249.65883548299,"Total revenues accrual",NA,"OK",NA
"ar1","Italy","Revenues","2015-02-27",-158.737628006743,NA,NA,NA,NA,NA,NA,NA,2015-02-01,2249.65883548299,"Total revenues accrual",NA,"OK",NA
"ar1","Italy","Revenues","2015-03-01",-158.737628006743,NA,NA,NA,NA,NA,NA,NA,2015-03-01,2249.65883548299,"Total revenues accrual",NA,"OK",NA
"ar1","Italy","Revenues","2015-03-05",-158.737628006743,NA,NA,NA,NA,NA,NA,NA,2015-03-01,2249.65883548299,"Total revenues accrual",NA,"OK",NA
"ar1","Italy","Revenues","2015-03-07",-158.737628006743,NA,NA,NA,NA,NA,NA,NA,2015-03-01,2249.65883548299,"Total revenues accrual",NA,"OK",NA
"ar1","Italy","Revenues","2015-03-15",1849.96084674413,NA,NA,NA,NA,NA,NA,NA,2015-03-01,-1188.08695390899,"Total revenues accrual",NA,"OK",NA
"ar1","Italy","Revenues","2015-03-26",1849.96084674413,NA,NA,NA,NA,NA,NA,NA,2015-03-01,-1188.08695390899,"Total revenues accrual",NA,"OK",NA
"ar1","Italy","Revenues","2015-03-27",1849.96084674413,NA,NA,NA,NA,NA,NA,NA,2015-03-01,-1188.08695390899,"Total revenues accrual",NA,"OK",NA
"ar1","Italy","Revenues","2015-04-01",1849.96084674413,NA,NA,NA,NA,NA,NA,NA,2015-04-01,-1188.08695390899,"Total revenues accrual",NA,"OK",NA
"ar1","Italy","Revenues","2015-04-03",1849.96084674413,NA,NA,NA,NA,NA,NA,NA,2015-04-01,-1188.08695390899,"Total revenues accrual",NA,"OK",NA
"ar1","Italy","Revenues","2015-04-05",1849.96084674413,NA,NA,NA,NA,NA,NA,NA,2015-04-01,-1188.08695390899,"Total revenues accrual",NA,"OK",NA
"ar1","Italy","Revenues","2015-04-15",1849.96084674413,NA,NA,NA,NA,NA,NA,NA,2015-04-01,-1188.08695390899,"Total revenues accrual",NA,"OK",NA
"ar1","Italy","Revenues","2015-04-27",1849.96084674413,NA,NA,NA,NA,NA,NA,NA,2015-04-01,-1188.08695390899,"Total revenues accrual",NA,"OK",NA
"ar1","Italy","Revenues","2015-04-30",1849.96084674413,NA,NA,NA,NA,NA,NA,NA,2015-04-01,-1188.08695390899,"Total revenues accrual",NA,"OK",NA
"ar1","Italy","Revenues","2015-05-01",1849.96084674413,NA,NA,NA,NA,NA,NA,NA,2015-05-01,-1188.08695390899,"Total revenues accrual",NA,"OK",NA
"ar1","Italy","Revenues","2015-05-05",1849.96084674413,NA,NA,NA,NA,NA,NA,NA,2015-05-01,-1188.08695390899,"Total revenues accrual",NA,"OK",NA
"ar1","Italy","Revenues","2015-05-15",1849.96084674413,NA,NA,NA,NA,NA,NA,NA,2015-05-01,-1188.08695390899,"Total revenues accrual",NA,"OK",NA
"ar1","Italy","Revenues","2015-05-27",1849.96084674413,NA,NA,NA,NA,NA,NA,NA,2015-05-01,-1188.08695390899,"Total revenues accrual",NA,"OK",NA
"ar1","Italy","Revenues","2015-05-28",1849.96084674413,NA,NA,NA,NA,NA,NA,NA,2015-05-01,-1188.08695390899,"Total revenues accrual",NA,"OK",NA
"ar1","Italy","Revenues","2015-06-01",1849.96084674413,NA,NA,NA,NA,NA,NA,NA,2015-06-01,-1188.08695390899,"Total revenues accrual",NA,"OK",NA
"ar1","Italy","Revenues","2015-06-05",1849.96084674413,NA,NA,NA,NA,NA,NA,NA,2015-06-01,-1188.08695390899,"Total revenues accrual",NA,"OK",NA
"ar1","Italy","Revenues","2015-06-15",-296.744240545301,NA,NA,NA,NA,NA,NA,NA,2015-06-01,2402.82809338201,"Total revenues accrual",NA,"OK",NA
"ar1","Italy","Revenues","2015-06-25",-296.744240545301,NA,NA,NA,NA,NA,NA,NA,2015-06-01,2402.82809338201,"Total revenues accrual",NA,"OK",NA
"ar1","Italy","Revenues","2015-06-27",-296.744240545301,NA,NA,NA,NA,NA,NA,NA,2015-06-01,2402.82809338201,"Total revenues accrual",NA,"OK",NA
"ar1","Italy","Revenues","2015-07-01",-296.744240545301,NA,NA,NA,NA,NA,NA,NA,2015-07-01,2402.82809338201,"Total revenues accrual",NA,"OK",NA
"ar1","Italy","Revenues","2015-07-03",-296.744240545301,NA,NA,NA,NA,NA,NA,NA,2015-07-01,2402.82809338201,"Total revenues accrual",NA,"OK",NA
"ar1","Italy","Revenues","2015-07-05",-296.744240545301,NA,NA,NA,NA,NA,NA,NA,2015-07-01,2402.82809338201,"Total revenues accrual",NA,"OK",NA
"ar1","Italy","Revenues","2015-07-15",-296.744240545301,NA,NA,NA,NA,NA,NA,NA,2015-07-01,2402.82809338201,"Total revenues accrual",NA,"OK",NA
"ar1","Italy","Revenues","2015-07-27",-296.744240545301,NA,NA,NA,NA,NA,NA,NA,2015-07-01,2402.82809338201,"Total revenues accrual",NA,"OK",NA
"ar1","Italy","Revenues","2015-07-30",-296.744240545301,NA,NA,NA,NA,NA,NA,NA,2015-07-01,2402.82809338201,"Total revenues accrual",NA,"OK",NA
"ar1","Italy","Revenues","2015-08-01",-296.744240545301,NA,NA,NA,NA,NA,NA,NA,2015-08-01,2402.82809338201,"Total revenues accrual",NA,"OK",NA
"ar1","Italy","Revenues","2015-08-05",-296.744240545301,NA,NA,NA,NA,NA,NA,NA,2015-08-01,2402.82809338201,"Total revenues accrual",NA,"OK",NA
"ar1","Italy","Revenues","2015-08-06",-296.744240545301,NA,NA,NA,NA,NA,NA,NA,2015-08-01,2402.82809338201,"Total revenues accrual",NA,"OK",NA
"ar1","Italy","Revenues","2015-08-15",-296.744240545301,NA,NA,NA,NA,NA,NA,NA,2015-08-01,2402.82809338201,"Total revenues accrual",NA,"OK",NA
"ar1","Italy","Revenues","2015-08-27",-296.744240545301,NA,NA,NA,NA,NA,NA,NA,2015-08-01,2402.82809338201,"Total revenues accrual",NA,"OK",NA
"ar1","Italy","Revenues","2015-09-01",-296.744240545301,NA,NA,NA,NA,NA,NA,NA,2015-09-01,2402.82809338201,"Total revenues accrual",NA,"OK",NA
"ar1","Italy","Revenues","2015-09-02",-296.744240545301,NA,NA,NA,NA,NA,NA,NA,2015-09-01,2402.82809338201,"Total revenues accrual",NA,"OK",NA
"ar1","Italy","Revenues","2015-09-05",-296.744240545301,NA,NA,NA,NA,NA,NA,NA,2015-09-01,2402.82809338201,"Total revenues accrual",NA,"OK",NA
"ar1","Italy","Revenues","2015-09-15",1234.38982933921,NA,NA,NA,NA,NA,NA,NA,2015-09-01,-100.881081639003,"Total revenues accrual",NA,"OK",NA
"ar1","Italy","Revenues","2015-09-24",1234.38982933921,NA,NA,NA,NA,NA,NA,NA,2015-09-01,-100.881081639003,"Total revenues accrual",NA,"OK",NA
"ar1","Italy","Revenues","2015-09-27",1234.38982933921,NA,NA,NA,NA,NA,NA,NA,2015-09-01,-100.881081639003,"Total revenues accrual",NA,"OK",NA
"ar1","Italy","Revenues","2015-10-01",1234.38982933921,NA,NA,NA,NA,NA,NA,NA,2015-10-01,-100.881081639003,"Total revenues accrual",NA,"OK",NA
"ar1","Italy","Revenues","2015-10-04",1234.38982933921,NA,NA,NA,NA,NA,NA,NA,2015-10-01,-100.881081639003,"Total revenues accrual",NA,"OK",NA
"ar1","Italy","Revenues","2015-10-05",1234.38982933921,NA,NA,NA,NA,NA,NA,NA,2015-10-01,-100.881081639003,"Total revenues accrual",NA,"OK",NA
"ar1","Italy","Revenues","2015-10-15",1234.38982933921,NA,NA,NA,NA,NA,NA,NA,2015-10-01,-100.881081639003,"Total revenues accrual",NA,"OK",NA
"ar1","Italy","Revenues","2015-10-27",1234.38982933921,NA,NA,NA,NA,NA,NA,NA,2015-10-01,-100.881081639003,"Total revenues accrual",NA,"OK",NA
"ar1","Italy","Revenues","2015-10-29",1234.38982933921,NA,NA,NA,NA,NA,NA,NA,2015-10-01,-100.881081639003,"Total revenues accrual",NA,"OK",NA
"ar1","Italy","Revenues","2015-11-01",1234.38982933921,NA,NA,NA,NA,NA,NA,NA,2015-11-01,-100.881081639003,"Total revenues accrual",NA,"OK",NA
"ar1","Italy","Revenues","2015-11-05",1234.38982933921,NA,NA,NA,NA,NA,NA,NA,2015-11-01,-100.881081639003,"Total revenues accrual",NA,"OK",NA
"ar1","Italy","Revenues","2015-11-07",1234.38982933921,NA,NA,NA,NA,NA,NA,NA,2015-11-01,-100.881081639003,"Total revenues accrual",NA,"OK",NA
"ar1","Italy","Revenues","2015-11-15",1234.38982933921,NA,NA,NA,NA,NA,NA,NA,2015-11-01,-100.881081639003,"Total revenues accrual",NA,"OK",NA
"ar1","Italy","Revenues","2015-11-26",1234.38982933921,NA,NA,NA,NA,NA,NA,NA,2015-11-01,-100.881081639003,"Total revenues accrual",NA,"OK",NA
"ar1","Italy","Revenues","2015-11-27",1234.38982933921,NA,NA,NA,NA,NA,NA,NA,2015-11-01,-100.881081639003,"Total revenues accrual",NA,"OK",NA
"ar1","Italy","Revenues","2015-12-01",1234.38982933921,NA,NA,NA,NA,NA,NA,NA,2015-12-01,-100.881081639003,"Total revenues accrual",NA,"OK",NA
"ar1","Italy","Revenues","2015-12-02",1234.38982933921,NA,NA,NA,NA,NA,NA,NA,2015-12-01,-100.881081639003,"Total revenues accrual",NA,"OK",NA
"ar1","Italy","Revenues","2015-12-05",1234.38982933921,NA,NA,NA,NA,NA,NA,NA,2015-12-01,-100.881081639003,"Total revenues accrual",NA,"OK",NA
"ar1","Italy","Revenues","2015-12-15",552.601967594928,NA,NA,NA,NA,NA,NA,NA,2015-12-01,1005.824692917,"Total revenues accrual",NA,"OK",NA
"ar1","Italy","Revenues","2015-12-27",552.601967594928,NA,NA,NA,NA,NA,NA,NA,2015-12-01,1005.824692917,"Total revenues accrual",NA,"OK",NA
"ar1","Italy","Revenues","2015-12-31",552.601967594928,NA,NA,NA,NA,NA,NA,NA,2015-12-01,1005.824692917,"Total revenues accrual",NA,"OK",NA
"ar1","Italy","Revenues","2016-01-01",552.601967594928,NA,NA,NA,NA,NA,NA,NA,2016-01-01,1005.824692917,"Total revenues accrual",NA,"OK",NA
"ar1","Italy","Revenues","2016-01-05",552.601967594928,NA,NA,NA,NA,NA,NA,NA,2016-01-01,1005.824692917,"Total revenues accrual",NA,"OK",NA
"ar1","Italy","Revenues","2016-01-15",552.601967594928,NA,NA,NA,NA,NA,NA,NA,2016-01-01,1005.824692917,"Total revenues accrual",NA,"OK",NA
"ar1","Italy","Revenues","2016-01-27",552.601967594928,NA,NA,NA,NA,NA,NA,NA,2016-01-01,1005.824692917,"Total revenues accrual",NA,"OK",NA
"ar1","Italy","Revenues","2016-01-28",552.601967594928,NA,NA,NA,NA,NA,NA,NA,2016-01-01,1005.824692917,"Total revenues accrual",NA,"OK",NA
"ar1","Italy","Revenues","2016-02-01",552.601967594928,NA,NA,NA,NA,NA,NA,NA,2016-02-01,1005.824692917,"Total revenues accrual",NA,"OK",NA
"ar1","Italy","Revenues","2016-02-05",552.601967594928,NA,NA,NA,NA,NA,NA,NA,2016-02-01,1005.824692917,"Total revenues accrual",NA,"OK",NA
"ar1","Italy","Revenues","2016-02-15",552.601967594928,NA,NA,NA,NA,NA,NA,NA,2016-02-01,1005.824692917,"Total revenues accrual",NA,"OK",NA
"ar1","Italy","Revenues","2016-02-25",552.601967594928,NA,NA,NA,NA,NA,NA,NA,2016-02-01,1005.824692917,"Total revenues accrual",NA,"OK",NA
"ar1","Italy","Revenues","2016-02-27",552.601967594928,NA,NA,NA,NA,NA,NA,NA,2016-02-01,1005.824692917,"Total revenues accrual",NA,"OK",NA
"ar1","Italy","Revenues","2016-03-01",552.601967594928,NA,NA,NA,NA,NA,NA,NA,2016-03-01,1005.824692917,"Total revenues accrual",NA,"OK",NA
"ar1","Italy","Revenues","2016-03-02",552.601967594928,NA,NA,NA,NA,NA,NA,NA,2016-03-01,1005.824692917,"Total revenues accrual",NA,"OK",NA
"ar1","Italy","Revenues","2016-03-05",552.601967594928,NA,NA,NA,NA,NA,NA,NA,2016-03-01,1005.824692917,"Total revenues accrual",NA,"OK",NA
"ar1","Italy","Revenues","2016-03-15",2097.62697273657,NA,NA,NA,NA,NA,NA,NA,2016-03-01,-1695.967683005,"Total revenues accrual",NA,"OK",NA
"ar1","Italy","Revenues","2016-03-27",2097.62697273657,NA,NA,NA,NA,NA,NA,NA,2016-03-01,-1695.967683005,"Total revenues accrual",NA,"OK",NA
"ar1","Italy","Revenues","2016-03-31",2097.62697273657,NA,NA,NA,NA,NA,NA,NA,2016-03-01,-1695.967683005,"Total revenues accrual",NA,"OK",NA
"ar1","Italy","Revenues","2016-04-01",2097.62697273657,NA,NA,NA,NA,NA,NA,NA,2016-04-01,-1695.967683005,"Total revenues accrual",NA,"OK",NA
"ar1","Italy","Revenues","2016-04-05",2097.62697273657,NA,NA,NA,NA,NA,NA,NA,2016-04-01,-1695.967683005,"Total revenues accrual",NA,"OK",NA
"ar1","Italy","Revenues","2016-04-15",2097.62697273657,NA,NA,NA,NA,NA,NA,NA,2016-04-01,-1695.967683005,"Total revenues accrual",NA,"OK",NA
"ar1","Italy","Revenues","2016-04-27",2097.62697273657,NA,NA,NA,NA,NA,NA,NA,2016-04-01,-1695.967683005,"Total revenues accrual",NA,"OK",NA
"ar1","Italy","Revenues","2016-04-28",2097.62697273657,NA,NA,NA,NA,NA,NA,NA,2016-04-01,-1695.967683005,"Total revenues accrual",NA,"OK",NA
"ar1","Italy","Revenues","2016-05-01",2097.62697273657,NA,NA,NA,NA,NA,NA,NA,2016-05-01,-1695.967683005,"Total revenues accrual",NA,"OK",NA
"ar1","Italy","Revenues","2016-05-05",2097.62697273657,NA,NA,NA,NA,NA,NA,NA,2016-05-01,-1695.967683005,"Total revenues accrual",NA,"OK",NA
"ar1","Italy","Revenues","2016-05-07",2097.62697273657,NA,NA,NA,NA,NA,NA,NA,2016-05-01,-1695.967683005,"Total revenues accrual",NA,"OK",NA
"ar1","Italy","Revenues","2016-05-15",2097.62697273657,NA,NA,NA,NA,NA,NA,NA,2016-05-01,-1695.967683005,"Total revenues accrual",NA,"OK",NA
"ar1","Italy","Revenues","2016-05-26",2097.62697273657,NA,NA,NA,NA,NA,NA,NA,2016-05-01,-1695.967683005,"Total revenues accrual",NA,"OK",NA
"ar1","Italy","Revenues","2016-05-27",2097.62697273657,NA,NA,NA,NA,NA,NA,NA,2016-05-01,-1695.967683005,"Total revenues accrual",NA,"OK",NA
"ar1","Italy","Revenues","2016-06-01",2097.62697273657,NA,NA,NA,NA,NA,NA,NA,2016-06-01,-1695.967683005,"Total revenues accrual",NA,"OK",NA
"ar1","Italy","Revenues","2016-06-03",2097.62697273657,NA,NA,NA,NA,NA,NA,NA,2016-06-01,-1695.967683005,"Total revenues accrual",NA,"OK",NA
"ar1","Italy","Revenues","2016-06-05",2097.62697273657,NA,NA,NA,NA,NA,NA,NA,2016-06-01,-1695.967683005,"Total revenues accrual",NA,"OK",NA
"ar1","Italy","Revenues","2016-06-15",495.276957637164,NA,NA,NA,NA,NA,NA,NA,2016-06-01,857.456360217009,"Total revenues accrual",NA,"OK",NA
"ar1","Italy","Revenues","2016-06-27",495.276957637164,NA,NA,NA,NA,NA,NA,NA,2016-06-01,857.456360217009,"Total revenues accrual",NA,"OK",NA
"ar1","Italy","Revenues","2016-06-30",495.276957637164,NA,NA,NA,NA,NA,NA,NA,2016-06-01,857.456360217009,"Total revenues accrual",NA,"OK",NA
"ar1","Italy","Revenues","2016-07-01",495.276957637164,NA,NA,NA,NA,NA,NA,NA,2016-07-01,857.456360217009,"Total revenues accrual",NA,"OK",NA
"ar1","Italy","Revenues","2016-07-05",495.276957637164,NA,NA,NA,NA,NA,NA,NA,2016-07-01,857.456360217009,"Total revenues accrual",NA,"OK",NA
"ar1","Italy","Revenues","2016-07-15",495.276957637164,NA,NA,NA,NA,NA,NA,NA,2016-07-01,857.456360217009,"Total revenues accrual",NA,"OK",NA
"ar1","Italy","Revenues","2016-07-27",495.276957637164,NA,NA,NA,NA,NA,NA,NA,2016-07-01,857.456360217009,"Total revenues accrual",NA,"OK",NA
"ar1","Italy","Revenues","2016-07-28",495.276957637164,NA,NA,NA,NA,NA,NA,NA,2016-07-01,857.456360217009,"Total revenues accrual",NA,"OK",NA
"ar1","Italy","Revenues","2016-08-01",495.276957637164,NA,NA,NA,NA,NA,NA,NA,2016-08-01,857.456360217009,"Total revenues accrual",NA,"OK",NA
"ar1","Italy","Revenues","2016-08-05",495.276957637164,NA,NA,NA,NA,NA,NA,NA,2016-08-01,857.456360217009,"Total revenues accrual",NA,"OK",NA
"ar1","Italy","Revenues","2016-08-15",495.276957637164,NA,NA,NA,NA,NA,NA,NA,2016-08-01,857.456360217009,"Total revenues accrual",NA,"OK",NA
"ar1","Italy","Revenues","2016-08-25",495.276957637164,NA,NA,NA,NA,NA,NA,NA,2016-08-01,857.456360217009,"Total revenues accrual",NA,"OK",NA
"ar1","Italy","Revenues","2016-08-27",495.276957637164,NA,NA,NA,NA,NA,NA,NA,2016-08-01,857.456360217009,"Total revenues accrual",NA,"OK",NA
"ar1","Italy","Revenues","2016-09-01",495.276957637164,NA,NA,NA,NA,NA,NA,NA,2016-09-01,857.456360217009,"Total revenues accrual",NA,"OK",NA
"ar1","Italy","Revenues","2016-09-04",495.276957637164,NA,NA,NA,NA,NA,NA,NA,2016-09-01,857.456360217009,"Total revenues accrual",NA,"OK",NA
"ar1","Italy","Revenues","2016-09-05",495.276957637164,NA,NA,NA,NA,NA,NA,NA,2016-09-01,857.456360217009,"Total revenues accrual",NA,"OK",NA
"ar1","Italy","Revenues","2016-09-15",618.658291447308,NA,NA,NA,NA,NA,NA,NA,2016-09-01,660.940993586992,"Total revenues accrual",NA,"OK",NA
"ar1","Italy","Revenues","2016-09-27",618.658291447308,NA,NA,NA,NA,NA,NA,NA,2016-09-01,660.940993586992,"Total revenues accrual",NA,"OK",NA
"ar1","Italy","Revenues","2016-09-29",618.658291447308,NA,NA,NA,NA,NA,NA,NA,2016-09-01,660.940993586992,"Total revenues accrual",NA,"OK",NA
"ar1","Italy","Revenues","2016-10-01",618.658291447308,NA,NA,NA,NA,NA,NA,NA,2016-10-01,660.940993586992,"Total revenues accrual",NA,"OK",NA
"ar1","Italy","Revenues","2016-10-05",618.658291447308,NA,NA,NA,NA,NA,NA,NA,2016-10-01,660.940993586992,"Total revenues accrual",NA,"OK",NA
"ar1","Italy","Revenues","2016-10-06",618.658291447308,NA,NA,NA,NA,NA,NA,NA,2016-10-01,660.940993586992,"Total revenues accrual",NA,"OK",NA
"ar1","Italy","Revenues","2016-10-15",618.658291447308,NA,NA,NA,NA,NA,NA,NA,2016-10-01,660.940993586992,"Total revenues accrual",NA,"OK",NA
"ar1","Italy","Revenues","2016-10-27",618.658291447308,NA,NA,NA,NA,NA,NA,NA,2016-10-01,660.940993586992,"Total revenues accrual",NA,"OK",NA
"ar1","Italy","Revenues","2016-11-01",618.658291447308,NA,NA,NA,NA,NA,NA,NA,2016-11-01,660.940993586992,"Total revenues accrual",NA,"OK",NA
"ar1","Italy","Revenues","2016-11-02",618.658291447308,NA,NA,NA,NA,NA,NA,NA,2016-11-01,660.940993586992,"Total revenues accrual",NA,"OK",NA
"ar1","Italy","Revenues","2016-11-05",618.658291447308,NA,NA,NA,NA,NA,NA,NA,2016-11-01,660.940993586992,"Total revenues accrual",NA,"OK",NA
"ar1","Italy","Revenues","2016-11-15",618.658291447308,NA,NA,NA,NA,NA,NA,NA,2016-11-01,660.940993586992,"Total revenues accrual",NA,"OK",NA
"ar1","Italy","Revenues","2016-11-24",618.658291447308,NA,NA,NA,NA,NA,NA,NA,2016-11-01,660.940993586992,"Total revenues accrual",NA,"OK",NA
"ar1","Italy","Revenues","2016-11-27",618.658291447308,NA,NA,NA,NA,NA,NA,NA,2016-11-01,660.940993586992,"Total revenues accrual",NA,"OK",NA
"ar1","Italy","Revenues","2016-12-01",618.658291447308,NA,NA,NA,NA,NA,NA,NA,2016-12-01,660.940993586992,"Total revenues accrual",NA,"OK",NA
"ar1","Italy","Revenues","2016-12-04",618.658291447308,NA,NA,NA,NA,NA,NA,NA,2016-12-01,660.940993586992,"Total revenues accrual",NA,"OK",NA
"ar1","Italy","Revenues","2016-12-05",618.658291447308,NA,NA,NA,NA,NA,NA,NA,2016-12-01,660.940993586992,"Total revenues accrual",NA,"OK",NA
"ar1","Italy","Revenues","2016-12-15",2470.88195924125,NA,NA,NA,NA,NA,NA,NA,2016-12-01,-2673.28116281598,"Total revenues accrual",NA,"OK",NA
"ar1","Italy","Revenues","2016-12-27",2470.88195924125,NA,NA,NA,NA,NA,NA,NA,2016-12-01,-2673.28116281598,"Total revenues accrual",NA,"OK",NA
"ar1","Italy","Revenues","2016-12-29",2470.88195924125,NA,NA,NA,NA,NA,NA,NA,2016-12-01,-2673.28116281598,"Total revenues accrual",NA,"OK",NA
"ar1","Italy","Revenues","2017-01-01",2470.88195924125,NA,NA,NA,NA,NA,NA,NA,2017-01-01,-2673.28116281598,"Total revenues accrual",NA,"OK",NA
"ar1","Italy","Revenues","2017-01-05",2470.88195924125,NA,NA,NA,NA,NA,NA,NA,2017-01-01,-2673.28116281598,"Total revenues accrual",NA,"OK",NA
"ar1","Italy","Revenues","2017-01-07",2470.88195924125,NA,NA,NA,NA,NA,NA,NA,2017-01-01,-2673.28116281598,"Total revenues accrual",NA,"OK",NA
"ar1","Italy","Revenues","2017-01-15",2470.88195924125,NA,NA,NA,NA,NA,NA,NA,2017-01-01,-2673.28116281598,"Total revenues accrual",NA,"OK",NA
"ar1","Italy","Revenues","2017-01-26",2470.88195924125,NA,NA,NA,NA,NA,NA,NA,2017-01-01,-2673.28116281598,"Total revenues accrual",NA,"OK",NA
"ar1","Italy","Revenues","2017-01-27",2470.88195924125,NA,NA,NA,NA,NA,NA,NA,2017-01-01,-2673.28116281598,"Total revenues accrual",NA,"OK",NA
"ar1","Italy","Revenues","2017-02-01",2470.88195924125,NA,NA,NA,NA,NA,NA,NA,2017-02-01,-2673.28116281598,"Total revenues accrual",NA,"OK",NA
"ar1","Italy","Revenues","2017-02-03",2470.88195924125,NA,NA,NA,NA,NA,NA,NA,2017-02-01,-2673.28116281598,"Total revenues accrual",NA,"OK",NA
"ar1","Italy","Revenues","2017-02-05",2470.88195924125,NA,NA,NA,NA,NA,NA,NA,2017-02-01,-2673.28116281598,"Total revenues accrual",NA,"OK",NA
"ar1","Italy","Revenues","2017-02-15",2470.88195924125,NA,NA,NA,NA,NA,NA,NA,2017-02-01,-2673.28116281598,"Total revenues accrual",NA,"OK",NA
"ar1","Italy","Revenues","2017-02-23",2470.88195924125,NA,NA,NA,NA,NA,NA,NA,2017-02-01,-2673.28116281598,"Total revenues accrual",NA,"OK",NA
"ar1","Italy","Revenues","2017-02-27",2470.88195924125,NA,NA,NA,NA,NA,NA,NA,2017-02-01,-2673.28116281598,"Total revenues accrual",NA,"OK",NA
"ar1","Italy","Revenues","2017-03-01",2470.88195924125,NA,NA,NA,NA,NA,NA,NA,2017-03-01,-2673.28116281598,"Total revenues accrual",NA,"OK",NA
"ar1","Italy","Revenues","2017-03-03",2470.88195924125,NA,NA,NA,NA,NA,NA,NA,2017-03-01,-2673.28116281598,"Total revenues accrual",NA,"OK",NA
"ar1","Italy","Revenues","2017-03-05",2470.88195924125,NA,NA,NA,NA,NA,NA,NA,2017-03-01,-2673.28116281598,"Total revenues accrual",NA,"OK",NA
"ar1","Italy","Revenues","2017-03-15",-1881.45452786487,NA,NA,NA,NA,NA,NA,NA,2017-03-01,4582.44801732199,"Total revenues accrual",NA,"OK",NA
"ar1","Italy","Revenues","2017-03-27",-1881.45452786487,NA,NA,NA,NA,NA,NA,NA,2017-03-01,4582.44801732199,"Total revenues accrual",NA,"OK",NA
"ar1","Italy","Revenues","2017-03-30",-1881.45452786487,NA,NA,NA,NA,NA,NA,NA,2017-03-01,4582.44801732199,"Total revenues accrual",NA,"OK",NA
"ar1","Italy","Revenues","2017-04-01",-1881.45452786487,NA,NA,NA,NA,NA,NA,NA,2017-04-01,4582.44801732199,"Total revenues accrual",NA,"OK",NA
"ar1","Italy","Revenues","2017-04-05",-1881.45452786487,NA,NA,NA,NA,NA,NA,NA,2017-04-01,4582.44801732199,"Total revenues accrual",NA,"OK",NA
"ar1","Italy","Revenues","2017-04-06",-1881.45452786487,NA,NA,NA,NA,NA,NA,NA,2017-04-01,4582.44801732199,"Total revenues accrual",NA,"OK",NA
"ar1","Italy","Revenues","2017-04-15",-1881.45452786487,NA,NA,NA,NA,NA,NA,NA,2017-04-01,4582.44801732199,"Total revenues accrual",NA,"OK",NA
"ar1","Italy","Revenues","2017-04-27",-1881.45452786487,NA,NA,NA,NA,NA,NA,NA,2017-04-01,4582.44801732199,"Total revenues accrual",NA,"OK",NA
"ar1","Italy","Revenues","2017-05-01",-1881.45452786487,NA,NA,NA,NA,NA,NA,NA,2017-05-01,4582.44801732199,"Total revenues accrual",NA,"OK",NA
"ar1","Italy","Revenues","2017-05-05",-1881.45452786487,NA,NA,NA,NA,NA,NA,NA,2017-05-01,4582.44801732199,"Total revenues accrual",NA,"OK",NA
"ar1","Italy","Revenues","2017-05-15",-1881.45452786487,NA,NA,NA,NA,NA,NA,NA,2017-05-01,4582.44801732199,"Total revenues accrual",NA,"OK",NA
"ar1","Italy","Revenues","2017-05-25",-1881.45452786487,NA,NA,NA,NA,NA,NA,NA,2017-05-01,4582.44801732199,"Total revenues accrual",NA,"OK",NA
"ar1","Italy","Revenues","2017-05-27",-1881.45452786487,NA,NA,NA,NA,NA,NA,NA,2017-05-01,4582.44801732199,"Total revenues accrual",NA,"OK",NA
"ar1","Italy","Revenues","2017-06-01",-1881.45452786487,NA,NA,NA,NA,NA,NA,NA,2017-06-01,4582.44801732199,"Total revenues accrual",NA,"OK",NA
"ar1","Italy","Revenues","2017-06-04",-1881.45452786487,NA,NA,NA,NA,NA,NA,NA,2017-06-01,4582.44801732199,"Total revenues accrual",NA,"OK",NA
"ar1","Italy","Revenues","2017-06-05",-1881.45452786487,NA,NA,NA,NA,NA,NA,NA,2017-06-01,4582.44801732199,"Total revenues accrual",NA,"OK",NA
"ar1","Italy","Revenues","2017-06-15",1529.87565957076,NA,NA,NA,NA,NA,NA,NA,2017-06-01,-864.155980369018,"Total revenues accrual",NA,"OK",NA
"ar1","Italy","Revenues","2017-06-27",1529.87565957076,NA,NA,NA,NA,NA,NA,NA,2017-06-01,-864.155980369018,"Total revenues accrual",NA,"OK",NA
"ar1","Italy","Revenues","2017-06-29",1529.87565957076,NA,NA,NA,NA,NA,NA,NA,2017-06-01,-864.155980369018,"Total revenues accrual",NA,"OK",NA
"ar1","Italy","Revenues","2017-07-01",1529.87565957076,NA,NA,NA,NA,NA,NA,NA,2017-07-01,-864.155980369018,"Total revenues accrual",NA,"OK",NA
"ar1","Italy","Revenues","2017-07-05",1529.87565957076,NA,NA,NA,NA,NA,NA,NA,2017-07-01,-864.155980369018,"Total revenues accrual",NA,"OK",NA
"ar1","Italy","Revenues","2017-07-06",1529.87565957076,NA,NA,NA,NA,NA,NA,NA,2017-07-01,-864.155980369018,"Total revenues accrual",NA,"OK",NA
"ar1","Italy","Revenues","2017-07-15",1529.87565957076,NA,NA,NA,NA,NA,NA,NA,2017-07-01,-864.155980369018,"Total revenues accrual",NA,"OK",NA
"ar1","Italy","Revenues","2017-07-27",1529.87565957076,NA,NA,NA,NA,NA,NA,NA,2017-07-01,-864.155980369018,"Total revenues accrual",NA,"OK",NA
"ar1","Italy","Revenues","2017-08-01",1529.87565957076,NA,NA,NA,NA,NA,NA,NA,2017-08-01,-864.155980369018,"Total revenues accrual",NA,"OK",NA
"ar1","Italy","Revenues","2017-08-02",1529.87565957076,NA,NA,NA,NA,NA,NA,NA,2017-08-01,-864.155980369018,"Total revenues accrual",NA,"OK",NA
"ar1","Italy","Revenues","2017-08-05",1529.87565957076,NA,NA,NA,NA,NA,NA,NA,2017-08-01,-864.155980369018,"Total revenues accrual",NA,"OK",NA
"ar1","Italy","Revenues","2017-08-15",1529.87565957076,NA,NA,NA,NA,NA,NA,NA,2017-08-01,-864.155980369018,"Total revenues accrual",NA,"OK",NA
"ar1","Italy","Revenues","2017-08-27",1529.87565957076,NA,NA,NA,NA,NA,NA,NA,2017-08-01,-864.155980369018,"Total revenues accrual",NA,"OK",NA
"ar1","Italy","Revenues","2017-08-31",1529.87565957076,NA,NA,NA,NA,NA,NA,NA,2017-08-01,-864.155980369018,"Total revenues accrual",NA,"OK",NA
"ar1","Italy","Revenues","2017-09-01",1529.87565957076,NA,NA,NA,NA,NA,NA,NA,2017-09-01,-864.155980369018,"Total revenues accrual",NA,"OK",NA
"ar1","Italy","Revenues","2017-09-05",1529.87565957076,NA,NA,NA,NA,NA,NA,NA,2017-09-01,-864.155980369018,"Total revenues accrual",NA,"OK",NA
"ar1","Italy","Revenues","2017-09-15",387.180104273988,NA,NA,NA,NA,NA,NA,NA,2017-09-01,986.858014535013,"Total revenues accrual",NA,"OK",NA
"ar1","Italy","Revenues","2017-09-27",387.180104273988,NA,NA,NA,NA,NA,NA,NA,2017-09-01,986.858014535013,"Total revenues accrual",NA,"OK",NA
"ar1","Italy","Revenues","2017-09-28",387.180104273988,NA,NA,NA,NA,NA,NA,NA,2017-09-01,986.858014535013,"Total revenues accrual",NA,"OK",NA
"ar1","Italy","Revenues","2017-10-01",387.180104273988,NA,NA,NA,NA,NA,NA,NA,2017-10-01,986.858014535013,"Total revenues accrual",NA,"OK",NA
"ar1","Italy","Revenues","2017-10-05",387.180104273988,NA,NA,NA,NA,NA,NA,NA,2017-10-01,986.858014535013,"Total revenues accrual",NA,"OK",NA
"ar1","Italy","Revenues","2017-10-07",387.180104273988,NA,NA,NA,NA,NA,NA,NA,2017-10-01,986.858014535013,"Total revenues accrual",NA,"OK",NA
"ar1","Italy","Revenues","2017-10-15",387.180104273988,NA,NA,NA,NA,NA,NA,NA,2017-10-01,986.858014535013,"Total revenues accrual",NA,"OK",NA
"ar1","Italy","Revenues","2017-10-26",387.180104273988,NA,NA,NA,NA,NA,NA,NA,2017-10-01,986.858014535013,"Total revenues accrual",NA,"OK",NA
"ar1","Italy","Revenues","2017-10-27",387.180104273988,NA,NA,NA,NA,NA,NA,NA,2017-10-01,986.858014535013,"Total revenues accrual",NA,"OK",NA
"ar1","Italy","Revenues","2017-11-01",387.180104273988,NA,NA,NA,NA,NA,NA,NA,2017-11-01,986.858014535013,"Total revenues accrual",NA,"OK",NA
"ar1","Italy","Revenues","2017-11-03",387.180104273988,NA,NA,NA,NA,NA,NA,NA,2017-11-01,986.858014535013,"Total revenues accrual",NA,"OK",NA
"ar1","Italy","Revenues","2017-11-05",387.180104273988,NA,NA,NA,NA,NA,NA,NA,2017-11-01,986.858014535013,"Total revenues accrual",NA,"OK",NA
"ar1","Italy","Revenues","2017-11-15",387.180104273988,NA,NA,NA,NA,NA,NA,NA,2017-11-01,986.858014535013,"Total revenues accrual",NA,"OK",NA
"ar1","Italy","Revenues","2017-11-27",387.180104273988,NA,NA,NA,NA,NA,NA,NA,2017-11-01,986.858014535013,"Total revenues accrual",NA,"OK",NA
"ar1","Italy","Revenues","2017-11-30",387.180104273988,NA,NA,NA,NA,NA,NA,NA,2017-11-01,986.858014535013,"Total revenues accrual",NA,"OK",NA
"ar1","Italy","Revenues","2017-12-01",387.180104273988,NA,NA,NA,NA,NA,NA,NA,2017-12-01,986.858014535013,"Total revenues accrual",NA,"OK",NA
"ar1","Italy","Revenues","2017-12-05",387.180104273988,NA,NA,NA,NA,NA,NA,NA,2017-12-01,986.858014535013,"Total revenues accrual",NA,"OK",NA
"ar1","Italy","Revenues","2017-12-15",687.757605585807,NA,NA,NA,NA,NA,NA,NA,2017-12-01,495.450749431009,"Total revenues accrual",NA,"OK",NA
"ar1","Italy","Revenues","2017-12-27",687.757605585807,NA,NA,NA,NA,NA,NA,NA,2017-12-01,495.450749431009,"Total revenues accrual",NA,"OK",NA
"ar1","Italy","Revenues","2017-12-28",687.757605585807,NA,NA,NA,NA,NA,NA,NA,2017-12-01,495.450749431009,"Total revenues accrual",NA,"OK",NA
"ar1","Italy","Revenues","2018-01-01",687.757605585807,NA,NA,NA,NA,NA,NA,NA,2018-01-01,495.450749431009,"Total revenues accrual",NA,"OK",NA
"ar1","Italy","Revenues","2018-01-05",687.757605585807,NA,NA,NA,NA,NA,NA,NA,2018-01-01,495.450749431009,"Total revenues accrual",NA,"OK",NA
"ar1","Italy","Revenues","2018-01-15",687.757605585807,NA,NA,NA,NA,NA,NA,NA,2018-01-01,495.450749431009,"Total revenues accrual",NA,"OK",NA
"ar1","Italy","Revenues","2018-01-25",687.757605585807,NA,NA,NA,NA,NA,NA,NA,2018-01-01,495.450749431009,"Total revenues accrual",NA,"OK",NA
"ar1","Italy","Revenues","2018-01-27",687.757605585807,NA,NA,NA,NA,NA,NA,NA,2018-01-01,495.450749431009,"Total revenues accrual",NA,"OK",NA
"ar1","Italy","Revenues","2018-02-01",687.757605585807,NA,NA,NA,NA,NA,NA,NA,2018-02-01,495.450749431009,"Total revenues accrual",NA,"OK",NA
"ar1","Italy","Revenues","2018-02-04",687.757605585807,NA,NA,NA,NA,NA,NA,NA,2018-02-01,495.450749431009,"Total revenues accrual",NA,"OK",NA
"ar1","Italy","Revenues","2018-02-05",687.757605585807,NA,NA,NA,NA,NA,NA,NA,2018-02-01,495.450749431009,"Total revenues accrual",NA,"OK",NA
"ar1","Italy","Revenues","2018-02-15",687.757605585807,NA,NA,NA,NA,NA,NA,NA,2018-02-01,495.450749431009,"Total revenues accrual",NA,"OK",NA
"ar1","Italy","Revenues","2018-02-22",687.757605585807,NA,NA,NA,NA,NA,NA,NA,2018-02-01,495.450749431009,"Total revenues accrual",NA,"OK",NA
"ar1","Italy","Revenues","2018-02-27",687.757605585807,NA,NA,NA,NA,NA,NA,NA,2018-02-01,495.450749431009,"Total revenues accrual",NA,"OK",NA
"ar1","Italy","Revenues","2018-03-01",687.757605585807,NA,NA,NA,NA,NA,NA,NA,2018-03-01,495.450749431009,"Total revenues accrual",NA,"OK",NA
"ar1","Italy","Revenues","2018-03-04",687.757605585807,NA,NA,NA,NA,NA,NA,NA,2018-03-01,495.450749431009,"Total revenues accrual",NA,"OK",NA
"ar1","Italy","Revenues","2018-03-05",687.757605585807,NA,NA,NA,NA,NA,NA,NA,2018-03-01,495.450749431009,"Total revenues accrual",NA,"OK",NA
"ar1","Italy","Revenues","2018-03-15",68.9550180601113,NA,NA,NA,NA,NA,NA,NA,2018-03-01,1565.50714749299,"Total revenues accrual",NA,"OK",NA
"ar1","Italy","Revenues","2018-03-27",68.9550180601113,NA,NA,NA,NA,NA,NA,NA,2018-03-01,1565.50714749299,"Total revenues accrual",NA,"OK",NA
"ar1","Italy","Revenues","2018-03-29",68.9550180601113,NA,NA,NA,NA,NA,NA,NA,2018-03-01,1565.50714749299,"Total revenues accrual",NA,"OK",NA
"ar1","Italy","Revenues","2018-04-01",68.9550180601113,NA,NA,NA,NA,NA,NA,NA,2018-04-01,1565.50714749299,"Total revenues accrual",NA,"OK",NA
"ar1","Italy","Revenues","2018-04-05",68.9550180601113,NA,NA,NA,NA,NA,NA,NA,2018-04-01,1565.50714749299,"Total revenues accrual",NA,"OK",NA
"ar1","Italy","Revenues","2018-04-07",68.9550180601113,NA,NA,NA,NA,NA,NA,NA,2018-04-01,1565.50714749299,"Total revenues accrual",NA,"OK",NA
"ar1","Italy","Revenues","2018-04-15",68.9550180601113,NA,NA,NA,NA,NA,NA,NA,2018-04-01,1565.50714749299,"Total revenues accrual",NA,"OK",NA
"ar1","Italy","Revenues","2018-04-26",68.9550180601113,NA,NA,NA,NA,NA,NA,NA,2018-04-01,1565.50714749299,"Total revenues accrual",NA,"OK",NA
"ar1","Italy","Revenues","2018-04-27",68.9550180601113,NA,NA,NA,NA,NA,NA,NA,2018-04-01,1565.50714749299,"Total revenues accrual",NA,"OK",NA
"ar1","Italy","Revenues","2018-05-01",68.9550180601113,NA,NA,NA,NA,NA,NA,NA,2018-05-01,1565.50714749299,"Total revenues accrual",NA,"OK",NA
"ar1","Italy","Revenues","2018-05-02",68.9550180601113,NA,NA,NA,NA,NA,NA,NA,2018-05-01,1565.50714749299,"Total revenues accrual",NA,"OK",NA
"ar1","Italy","Revenues","2018-05-05",68.9550180601113,NA,NA,NA,NA,NA,NA,NA,2018-05-01,1565.50714749299,"Total revenues accrual",NA,"OK",NA
"ar1","Italy","Revenues","2018-05-15",68.9550180601113,NA,NA,NA,NA,NA,NA,NA,2018-05-01,1565.50714749299,"Total revenues accrual",NA,"OK",NA
"ar1","Italy","Revenues","2018-05-27",68.9550180601113,NA,NA,NA,NA,NA,NA,NA,2018-05-01,1565.50714749299,"Total revenues accrual",NA,"OK",NA
"ar1","Italy","Revenues","2018-05-31",68.9550180601113,NA,NA,NA,NA,NA,NA,NA,2018-05-01,1565.50714749299,"Total revenues accrual",NA,"OK",NA
"ar1","Italy","Revenues","2018-06-01",68.9550180601113,NA,NA,NA,NA,NA,NA,NA,2018-06-01,1565.50714749299,"Total revenues accrual",NA,"OK",NA
"ar1","Italy","Revenues","2018-06-05",68.9550180601113,NA,NA,NA,NA,NA,NA,NA,2018-06-01,1565.50714749299,"Total revenues accrual",NA,"OK",NA
"ar1","Italy","Revenues","2018-06-15",-208.298850082908,NA,NA,NA,NA,NA,NA,NA,2018-06-01,2149.64826263901,"Total revenues accrual",NA,"OK",NA
"ar1","Italy","Revenues","2018-06-27",-208.298850082908,NA,NA,NA,NA,NA,NA,NA,2018-06-01,2149.64826263901,"Total revenues accrual",NA,"OK",NA
"ar1","Italy","Revenues","2018-06-28",-208.298850082908,NA,NA,NA,NA,NA,NA,NA,2018-06-01,2149.64826263901,"Total revenues accrual",NA,"OK",NA
"ar1","Italy","Revenues","2018-07-01",-208.298850082908,NA,NA,NA,NA,NA,NA,NA,2018-07-01,2149.64826263901,"Total revenues accrual",NA,"OK",NA
"ar1","Italy","Revenues","2018-07-05",-208.298850082908,NA,NA,NA,NA,NA,NA,NA,2018-07-01,2149.64826263901,"Total revenues accrual",NA,"OK",NA
"ar1","Italy","Revenues","2018-07-07",-208.298850082908,NA,NA,NA,NA,NA,NA,NA,2018-07-01,2149.64826263901,"Total revenues accrual",NA,"OK",NA
"ar1","Italy","Revenues","2018-07-15",-208.298850082908,NA,NA,NA,NA,NA,NA,NA,2018-07-01,2149.64826263901,"Total revenues accrual",NA,"OK",NA
"ar1","Italy","Revenues","2018-07-26",-208.298850082908,NA,NA,NA,NA,NA,NA,NA,2018-07-01,2149.64826263901,"Total revenues accrual",NA,"OK",NA
"ar1","Italy","Revenues","2018-07-27",-208.298850082908,NA,NA,NA,NA,NA,NA,NA,2018-07-01,2149.64826263901,"Total revenues accrual",NA,"OK",NA
"ar1","Italy","Revenues","2018-08-01",-208.298850082908,NA,NA,NA,NA,NA,NA,NA,2018-08-01,2149.64826263901,"Total revenues accrual",NA,"OK",NA
"ar1","Italy","Revenues","2018-08-03",-208.298850082908,NA,NA,NA,NA,NA,NA,NA,2018-08-01,2149.64826263901,"Total revenues accrual",NA,"OK",NA
"ar1","Italy","Revenues","2018-08-05",-208.298850082908,NA,NA,NA,NA,NA,NA,NA,2018-08-01,2149.64826263901,"Total revenues accrual",NA,"OK",NA
"ar1","Italy","Revenues","2018-08-15",-208.298850082908,NA,NA,NA,NA,NA,NA,NA,2018-08-01,2149.64826263901,"Total revenues accrual",NA,"OK",NA
"ar1","Italy","Revenues","2018-08-27",-208.298850082908,NA,NA,NA,NA,NA,NA,NA,2018-08-01,2149.64826263901,"Total revenues accrual",NA,"OK",NA
"ar1","Italy","Revenues","2018-08-30",-208.298850082908,NA,NA,NA,NA,NA,NA,NA,2018-08-01,2149.64826263901,"Total revenues accrual",NA,"OK",NA
"ar1","Italy","Revenues","2018-09-01",-208.298850082908,NA,NA,NA,NA,NA,NA,NA,2018-09-01,2149.64826263901,"Total revenues accrual",NA,"OK",NA
"ar1","Italy","Revenues","2018-09-05",-208.298850082908,NA,NA,NA,NA,NA,NA,NA,2018-09-01,2149.64826263901,"Total revenues accrual",NA,"OK",NA
"ar1","Italy","Revenues","2018-09-06",-208.298850082908,NA,NA,NA,NA,NA,NA,NA,2018-09-01,2149.64826263901,"Total revenues accrual",NA,"OK",NA
"ar1","Italy","Revenues","2018-09-15",1647.90109515083,NA,NA,NA,NA,NA,NA,NA,2018-09-01,-984.461774886004,"Total revenues accrual",NA,"OK",NA
"ar1","Italy","Revenues","2018-09-27",1647.90109515083,NA,NA,NA,NA,NA,NA,NA,2018-09-01,-984.461774886004,"Total revenues accrual",NA,"OK",NA
"ar1","Italy","Revenues","2018-10-01",1647.90109515083,NA,NA,NA,NA,NA,NA,NA,2018-10-01,-984.461774886004,"Total revenues accrual",NA,"OK",NA
"ar1","Italy","Revenues","2018-10-05",1647.90109515083,NA,NA,NA,NA,NA,NA,NA,2018-10-01,-984.461774886004,"Total revenues accrual",NA,"OK",NA
"ar1","Italy","Revenues","2018-10-15",1647.90109515083,NA,NA,NA,NA,NA,NA,NA,2018-10-01,-984.461774886004,"Total revenues accrual",NA,"OK",NA
"ar1","Italy","Revenues","2018-10-25",1647.90109515083,NA,NA,NA,NA,NA,NA,NA,2018-10-01,-984.461774886004,"Total revenues accrual",NA,"OK",NA
"ar1","Italy","Revenues","2018-10-27",1647.90109515083,NA,NA,NA,NA,NA,NA,NA,2018-10-01,-984.461774886004,"Total revenues accrual",NA,"OK",NA
"ar1","Italy","Revenues","2018-11-01",1647.90109515083,NA,NA,NA,NA,NA,NA,NA,2018-11-01,-984.461774886004,"Total revenues accrual",NA,"OK",NA
"ar1","Italy","Revenues","2018-11-04",1647.90109515083,NA,NA,NA,NA,NA,NA,NA,2018-11-01,-984.461774886004,"Total revenues accrual",NA,"OK",NA
"ar1","Italy","Revenues","2018-11-05",1647.90109515083,NA,NA,NA,NA,NA,NA,NA,2018-11-01,-984.461774886004,"Total revenues accrual",NA,"OK",NA
"ar1","Italy","Revenues","2018-11-15",1647.90109515083,NA,NA,NA,NA,NA,NA,NA,2018-11-01,-984.461774886004,"Total revenues accrual",NA,"OK",NA
"ar1","Italy","Revenues","2018-11-27",1647.90109515083,NA,NA,NA,NA,NA,NA,NA,2018-11-01,-984.461774886004,"Total revenues accrual",NA,"OK",NA
"ar1","Italy","Revenues","2018-11-29",1647.90109515083,NA,NA,NA,NA,NA,NA,NA,2018-11-01,-984.461774886004,"Total revenues accrual",NA,"OK",NA
"ar1","Italy","Revenues","2018-12-01",1647.90109515083,NA,NA,NA,NA,NA,NA,NA,2018-12-01,-984.461774886004,"Total revenues accrual",NA,"OK",NA
"ar1","Italy","Revenues","2018-12-05",1647.90109515083,NA,NA,NA,NA,NA,NA,NA,2018-12-01,-984.461774886004,"Total revenues accrual",NA,"OK",NA
"ar1","Italy","Revenues","2018-12-06",1647.90109515083,NA,NA,NA,NA,NA,NA,NA,2018-12-01,-984.461774886004,"Total revenues accrual",NA,"OK",NA
"ar1","Italy","Revenues","2018-12-15",1596.3691402725,NA,NA,NA,NA,NA,NA,NA,2018-12-01,-1087.47906282899,"Total revenues accrual",NA,"OK",NA
"ar1","Italy","Revenues","2018-12-27",1596.3691402725,NA,NA,NA,NA,NA,NA,NA,2018-12-01,-1087.47906282899,"Total revenues accrual",NA,"OK",NA
"ar1","Italy","Revenues","2019-01-01",1596.3691402725,NA,NA,NA,NA,NA,NA,NA,2019-01-01,-1087.47906282899,"Total revenues accrual",NA,"OK",NA
"ar1","Italy","Revenues","2019-01-02",1596.3691402725,NA,NA,NA,NA,NA,NA,NA,2019-01-01,-1087.47906282899,"Total revenues accrual",NA,"OK",NA
"ar1","Italy","Revenues","2019-01-05",1596.3691402725,NA,NA,NA,NA,NA,NA,NA,2019-01-01,-1087.47906282899,"Total revenues accrual",NA,"OK",NA
"ar1","Italy","Revenues","2019-01-15",1596.3691402725,NA,NA,NA,NA,NA,NA,NA,2019-01-01,-1087.47906282899,"Total revenues accrual",NA,"OK",NA
"ar1","Italy","Revenues","2019-01-27",1596.3691402725,NA,NA,NA,NA,NA,NA,NA,2019-01-01,-1087.47906282899,"Total revenues accrual",NA,"OK",NA
"ar1","Italy","Revenues","2019-01-31",1596.3691402725,NA,NA,NA,NA,NA,NA,NA,2019-01-01,-1087.47906282899,"Total revenues accrual",NA,"OK",NA
"ar1","Italy","Revenues","2019-02-01",1596.3691402725,NA,NA,NA,NA,NA,NA,NA,2019-02-01,-1087.47906282899,"Total revenues accrual",NA,"OK",NA
"ar1","Italy","Revenues","2019-02-05",1596.3691402725,NA,NA,NA,NA,NA,NA,NA,2019-02-01,-1087.47906282899,"Total revenues accrual",NA,"OK",NA
"ar1","Italy","Revenues","2019-02-15",1596.3691402725,NA,NA,NA,NA,NA,NA,NA,2019-02-01,-1087.47906282899,"Total revenues accrual",NA,"OK",NA
"ar1","Italy","Revenues","2019-02-27",1596.3691402725,NA,NA,NA,NA,NA,NA,NA,2019-02-01,-1087.47906282899,"Total revenues accrual",NA,"OK",NA
"ar1","Italy","Revenues","2019-02-28",1596.3691402725,NA,NA,NA,NA,NA,NA,NA,2019-02-01,-1087.47906282899,"Total revenues accrual",NA,"OK",NA
"ar1","Italy","Revenues","2019-03-01",1596.3691402725,NA,NA,NA,NA,NA,NA,NA,2019-03-01,-1087.47906282899,"Total revenues accrual",NA,"OK",NA
"ar1","Italy","Revenues","2019-03-05",1596.3691402725,NA,NA,NA,NA,NA,NA,NA,2019-03-01,-1087.47906282899,"Total revenues accrual",NA,"OK",NA
"ar1","Italy","Revenues","2019-03-15",-1723.27189586451,NA,NA,NA,NA,NA,NA,NA,2019-03-01,4610.048790381,"Total revenues accrual",NA,"OK",NA
"ar1","Italy","Revenues","2019-03-27",-1723.27189586451,NA,NA,NA,NA,NA,NA,NA,2019-03-01,4610.048790381,"Total revenues accrual",NA,"OK",NA
"ar1","Italy","Revenues","2019-03-28",-1723.27189586451,NA,NA,NA,NA,NA,NA,NA,2019-03-01,4610.048790381,"Total revenues accrual",NA,"OK",NA
"ar1","Italy","Revenues","2019-04-01",-1723.27189586451,NA,NA,NA,NA,NA,NA,NA,2019-04-01,4610.048790381,"Total revenues accrual",NA,"OK",NA
"ar1","Italy","Revenues","2019-04-05",-1723.27189586451,NA,NA,NA,NA,NA,NA,NA,2019-04-01,4610.048790381,"Total revenues accrual",NA,"OK",NA
"ar1","Italy","Revenues","2019-04-15",-1723.27189586451,NA,NA,NA,NA,NA,NA,NA,2019-04-01,4610.048790381,"Total revenues accrual",NA,"OK",NA
"ar1","Italy","Revenues","2019-04-25",-1723.27189586451,NA,NA,NA,NA,NA,NA,NA,2019-04-01,4610.048790381,"Total revenues accrual",NA,"OK",NA
"ar1","Italy","Revenues","2019-04-27",-1723.27189586451,NA,NA,NA,NA,NA,NA,NA,2019-04-01,4610.048790381,"Total revenues accrual",NA,"OK",NA
"ar1","Italy","Revenues","2019-05-01",-1723.27189586451,NA,NA,NA,NA,NA,NA,NA,2019-05-01,4610.048790381,"Total revenues accrual",NA,"OK",NA
"ar1","Italy","Revenues","2019-05-03",-1723.27189586451,NA,NA,NA,NA,NA,NA,NA,2019-05-01,4610.048790381,"Total revenues accrual",NA,"OK",NA
"ar1","Italy","Revenues","2019-05-05",-1723.27189586451,NA,NA,NA,NA,NA,NA,NA,2019-05-01,4610.048790381,"Total revenues accrual",NA,"OK",NA
"ar1","Italy","Revenues","2019-05-15",-1723.27189586451,NA,NA,NA,NA,NA,NA,NA,2019-05-01,4610.048790381,"Total revenues accrual",NA,"OK",NA
"ar1","Italy","Revenues","2019-05-27",-1723.27189586451,NA,NA,NA,NA,NA,NA,NA,2019-05-01,4610.048790381,"Total revenues accrual",NA,"OK",NA
"ar1","Italy","Revenues","2019-05-30",-1723.27189586451,NA,NA,NA,NA,NA,NA,NA,2019-05-01,4610.048790381,"Total revenues accrual",NA,"OK",NA
"ar1","Italy","Revenues","2019-06-01",-1723.27189586451,NA,NA,NA,NA,NA,NA,NA,2019-06-01,4610.048790381,"Total revenues accrual",NA,"OK",NA
"ar1","Italy","Revenues","2019-06-05",-1723.27189586451,NA,NA,NA,NA,NA,NA,NA,2019-06-01,4610.048790381,"Total revenues accrual",NA,"OK",NA
"ar1","Italy","Revenues","2019-06-06",-1723.27189586451,NA,NA,NA,NA,NA,NA,NA,2019-06-01,4610.048790381,"Total revenues accrual",NA,"OK",NA
"ar1","Italy","Revenues","2019-06-15",-1306.56774146274,NA,NA,NA,NA,NA,NA,NA,2019-06-01,4890.49802831598,"Total revenues accrual",NA,"OK",NA
"ar1","Italy","Revenues","2019-06-27",-1306.56774146274,NA,NA,NA,NA,NA,NA,NA,2019-06-01,4890.49802831598,"Total revenues accrual",NA,"OK",NA
"ar1","Italy","Revenues","2019-07-01",-1306.56774146274,NA,NA,NA,NA,NA,NA,NA,2019-07-01,4890.49802831598,"Total revenues accrual",NA,"OK",NA
"ar1","Italy","Revenues","2019-07-05",-1306.56774146274,NA,NA,NA,NA,NA,NA,NA,2019-07-01,4890.49802831598,"Total revenues accrual",NA,"OK",NA
"ar1","Italy","Revenues","2019-07-15",-1306.56774146274,NA,NA,NA,NA,NA,NA,NA,2019-07-01,4890.49802831598,"Total revenues accrual",NA,"OK",NA
"ar1","Italy","Revenues","2019-07-25",-1306.56774146274,NA,NA,NA,NA,NA,NA,NA,2019-07-01,4890.49802831598,"Total revenues accrual",NA,"OK",NA
"ar1","Italy","Revenues","2019-07-27",-1306.56774146274,NA,NA,NA,NA,NA,NA,NA,2019-07-01,4890.49802831598,"Total revenues accrual",NA,"OK",NA
"ar1","Italy","Revenues","2019-08-01",-1306.56774146274,NA,NA,NA,NA,NA,NA,NA,2019-08-01,4890.49802831598,"Total revenues accrual",NA,"OK",NA
"ar1","Italy","Revenues","2019-08-04",-1306.56774146274,NA,NA,NA,NA,NA,NA,NA,2019-08-01,4890.49802831598,"Total revenues accrual",NA,"OK",NA
"ar1","Italy","Revenues","2019-08-05",-1306.56774146274,NA,NA,NA,NA,NA,NA,NA,2019-08-01,4890.49802831598,"Total revenues accrual",NA,"OK",NA
"ar1","Italy","Revenues","2019-08-15",-1306.56774146274,NA,NA,NA,NA,NA,NA,NA,2019-08-01,4890.49802831598,"Total revenues accrual",NA,"OK",NA
"ar1","Italy","Revenues","2019-08-27",-1306.56774146274,NA,NA,NA,NA,NA,NA,NA,2019-08-01,4890.49802831598,"Total revenues accrual",NA,"OK",NA
"ar1","Italy","Revenues","2019-08-29",-1306.56774146274,NA,NA,NA,NA,NA,NA,NA,2019-08-01,4890.49802831598,"Total revenues accrual",NA,"OK",NA
"ar1","Italy","Revenues","2019-09-01",-1306.56774146274,NA,NA,NA,NA,NA,NA,NA,2019-09-01,4890.49802831598,"Total revenues accrual",NA,"OK",NA
"ar1","Italy","Revenues","2019-09-05",-1306.56774146274,NA,NA,NA,NA,NA,NA,NA,2019-09-01,4890.49802831598,"Total revenues accrual",NA,"OK",NA
"ar1","Italy","Revenues","2019-09-07",-1306.56774146274,NA,NA,NA,NA,NA,NA,NA,2019-09-01,4890.49802831598,"Total revenues accrual",NA,"OK",NA
"ar1","Italy","Revenues","2019-09-15",2833.95497453168,NA,NA,NA,NA,NA,NA,NA,2019-09-01,-3162.993473571,"Total revenues accrual",NA,"OK",NA
"ar1","Italy","Revenues","2019-09-26",2833.95497453168,NA,NA,NA,NA,NA,NA,NA,2019-09-01,-3162.993473571,"Total revenues accrual",NA,"OK",NA
"ar1","Italy","Revenues","2019-09-27",2833.95497453168,NA,NA,NA,NA,NA,NA,NA,2019-09-01,-3162.993473571,"Total revenues accrual",NA,"OK",NA
"ar1","Italy","Revenues","2019-10-01",2833.95497453168,NA,NA,NA,NA,NA,NA,NA,2019-10-01,-3162.993473571,"Total revenues accrual",NA,"OK",NA
"ar1","Italy","Revenues","2019-10-02",2833.95497453168,NA,NA,NA,NA,NA,NA,NA,2019-10-01,-3162.993473571,"Total revenues accrual",NA,"OK",NA
"ar1","Italy","Revenues","2019-10-05",2833.95497453168,NA,NA,NA,NA,NA,NA,NA,2019-10-01,-3162.993473571,"Total revenues accrual",NA,"OK",NA
"ar1","Italy","Revenues","2019-10-15",2833.95497453168,NA,NA,NA,NA,NA,NA,NA,2019-10-01,-3162.993473571,"Total revenues accrual",NA,"OK",NA
"ar1","Italy","Revenues","2019-10-27",2833.95497453168,NA,NA,NA,NA,NA,NA,NA,2019-10-01,-3162.993473571,"Total revenues accrual",NA,"OK",NA
"ar1","Italy","Revenues","2019-10-31",2833.95497453168,NA,NA,NA,NA,NA,NA,NA,2019-10-01,-3162.993473571,"Total revenues accrual",NA,"OK",NA
"ar1","Italy","Revenues","2019-11-01",2833.95497453168,NA,NA,NA,NA,NA,NA,NA,2019-11-01,-3162.993473571,"Total revenues accrual",NA,"OK",NA
"ar1","Italy","Revenues","2019-11-05",2833.95497453168,NA,NA,NA,NA,NA,NA,NA,2019-11-01,-3162.993473571,"Total revenues accrual",NA,"OK",NA
"ar1","Italy","Revenues","2019-11-15",2833.95497453168,NA,NA,NA,NA,NA,NA,NA,2019-11-01,-3162.993473571,"Total revenues accrual",NA,"OK",NA
"ar1","Italy","Revenues","2019-11-27",2833.95497453168,NA,NA,NA,NA,NA,NA,NA,2019-11-01,-3162.993473571,"Total revenues accrual",NA,"OK",NA
"ar1","Italy","Revenues","2019-11-28",2833.95497453168,NA,NA,NA,NA,NA,NA,NA,2019-11-01,-3162.993473571,"Total revenues accrual",NA,"OK",NA
"ar1","Italy","Revenues","2019-12-01",2833.95497453168,NA,NA,NA,NA,NA,NA,NA,2019-12-01,-3162.993473571,"Total revenues accrual",NA,"OK",NA
"ar1","Italy","Revenues","2019-12-05",2833.95497453168,NA,NA,NA,NA,NA,NA,NA,2019-12-01,-3162.993473571,"Total revenues accrual",NA,"OK",NA
"ar1","Italy","Revenues","2019-12-07",2833.95497453168,NA,NA,NA,NA,NA,NA,NA,2019-12-01,-3162.993473571,"Total revenues accrual",NA,"OK",NA
"ar1","Italy","Revenues","2019-12-15",-192.986079308502,NA,NA,NA,NA,NA,NA,NA,2019-12-01,2506.21105402202,"Total revenues accrual",NA,"OK",NA
"ar1","Italy","Revenues","2019-12-26",-192.986079308502,NA,NA,NA,NA,NA,NA,NA,2019-12-01,2506.21105402202,"Total revenues accrual",NA,"OK",NA
"ar1","Italy","Revenues","2019-12-27",-192.986079308502,NA,NA,NA,NA,NA,NA,NA,2019-12-01,2506.21105402202,"Total revenues accrual",NA,"OK",NA
"ar1","Italy","Revenues","2020-01-01",-192.986079308502,NA,NA,NA,NA,NA,NA,NA,2020-01-01,2506.21105402202,"Total revenues accrual",NA,"OK",NA
"ar1","Italy","Revenues","2020-01-03",-192.986079308502,NA,NA,NA,NA,NA,NA,NA,2020-01-01,2506.21105402202,"Total revenues accrual",NA,"OK",NA
"ar1","Italy","Revenues","2020-01-05",-192.986079308502,NA,NA,NA,NA,NA,NA,NA,2020-01-01,2506.21105402202,"Total revenues accrual",NA,"OK",NA
"ar1","Italy","Revenues","2020-01-15",-192.986079308502,NA,NA,NA,NA,NA,NA,NA,2020-01-01,2506.21105402202,"Total revenues accrual",NA,"OK",NA
"ar1","Italy","Revenues","2020-01-27",-192.986079308502,NA,NA,NA,NA,NA,NA,NA,2020-01-01,2506.21105402202,"Total revenues accrual",NA,"OK",NA
"ar1","Italy","Revenues","2020-01-30",-192.986079308502,NA,NA,NA,NA,NA,NA,NA,2020-01-01,2506.21105402202,"Total revenues accrual",NA,"OK",NA
"ar1","Italy","Revenues","2020-02-01",-192.986079308502,NA,NA,NA,NA,NA,NA,NA,2020-02-01,2506.21105402202,"Total revenues accrual",NA,"OK",NA
"ar1","Italy","Revenues","2020-02-05",-192.986079308502,NA,NA,NA,NA,NA,NA,NA,2020-02-01,2506.21105402202,"Total revenues accrual",NA,"OK",NA
"ar1","Italy","Revenues","2020-02-06",-192.986079308502,NA,NA,NA,NA,NA,NA,NA,2020-02-01,2506.21105402202,"Total revenues accrual",NA,"OK",NA
"ar1","Italy","Revenues","2020-02-15",-192.986079308502,NA,NA,NA,NA,NA,NA,NA,2020-02-01,2506.21105402202,"Total revenues accrual",NA,"OK",NA
"ar1","Italy","Revenues","2020-02-27",-192.986079308502,NA,NA,NA,NA,NA,NA,NA,2020-02-01,2506.21105402202,"Total revenues accrual",NA,"OK",NA
"ar1","Italy","Revenues","2020-03-01",-192.986079308502,NA,NA,NA,NA,NA,NA,NA,2020-03-01,2506.21105402202,"Total revenues accrual",NA,"OK",NA
"ar1","Italy","Revenues","2020-03-05",-192.986079308502,NA,NA,NA,NA,NA,NA,NA,2020-03-01,2506.21105402202,"Total revenues accrual",NA,"OK",NA
"ar1","Italy","Revenues","2020-03-07",-192.986079308502,NA,NA,NA,NA,NA,NA,NA,2020-03-01,2506.21105402202,"Total revenues accrual",NA,"OK",NA
"ar1","Italy","Revenues","2020-03-15",7687.95575845727,NA,NA,NA,NA,NA,NA,NA,2020-03-01,-11437.623507841,"Total revenues accrual",NA,"OK",NA
"ar1","Italy","Revenues","2020-03-26",7687.95575845727,NA,NA,NA,NA,NA,NA,NA,2020-03-01,-11437.623507841,"Total revenues accrual",NA,"OK",NA
"ar1","Italy","Revenues","2020-03-27",7687.95575845727,NA,NA,NA,NA,NA,NA,NA,2020-03-01,-11437.623507841,"Total revenues accrual",NA,"OK",NA
"ar1","Italy","Revenues","2020-04-01",7687.95575845727,NA,NA,NA,NA,NA,NA,NA,2020-04-01,-11437.623507841,"Total revenues accrual",NA,"OK",NA
"ar1","Italy","Revenues","2020-04-03",7687.95575845727,NA,NA,NA,NA,NA,NA,NA,2020-04-01,-11437.623507841,"Total revenues accrual",NA,"OK",NA
"ar1","Italy","Revenues","2020-04-05",7687.95575845727,NA,NA,NA,NA,NA,NA,NA,2020-04-01,-11437.623507841,"Total revenues accrual",NA,"OK",NA
"ar1","Italy","Revenues","2020-04-15",7687.95575845727,NA,NA,NA,NA,NA,NA,NA,2020-04-01,-11437.623507841,"Total revenues accrual",NA,"OK",NA
"ar1","Italy","Revenues","2020-04-27",7687.95575845727,NA,NA,NA,NA,NA,NA,NA,2020-04-01,-11437.623507841,"Total revenues accrual",NA,"OK",NA
"ar1","Italy","Revenues","2020-04-30",7687.95575845727,NA,NA,NA,NA,NA,NA,NA,2020-04-01,-11437.623507841,"Total revenues accrual",NA,"OK",NA
"ar1","Italy","Revenues","2020-05-01",7687.95575845727,NA,NA,NA,NA,NA,NA,NA,2020-05-01,-11437.623507841,"Total revenues accrual",NA,"OK",NA
"ar1","Italy","Revenues","2020-05-05",7687.95575845727,NA,NA,NA,NA,NA,NA,NA,2020-05-01,-11437.623507841,"Total revenues accrual",NA,"OK",NA
"ar1","Italy","Revenues","2020-05-15",7687.95575845727,NA,NA,NA,NA,NA,NA,NA,2020-05-01,-11437.623507841,"Total revenues accrual",NA,"OK",NA
"ar1","Italy","Revenues","2020-05-27",7687.95575845727,NA,NA,NA,NA,NA,NA,NA,2020-05-01,-11437.623507841,"Total revenues accrual",NA,"OK",NA
"ar1","Italy","Revenues","2020-05-28",7687.95575845727,NA,NA,NA,NA,NA,NA,NA,2020-05-01,-11437.623507841,"Total revenues accrual",NA,"OK",NA
"ar1","Italy","Revenues","2020-06-01",7687.95575845727,NA,NA,NA,NA,NA,NA,NA,2020-06-01,-11437.623507841,"Total revenues accrual",NA,"OK",NA
"ar1","Italy","Revenues","2020-06-05",7687.95575845727,NA,NA,NA,NA,NA,NA,NA,2020-06-01,-11437.623507841,"Total revenues accrual",NA,"OK",NA
"ar1","Italy","Revenues","2020-06-15",598.843552762868,NA,NA,NA,NA,NA,NA,NA,2020-06-01,-13037.487703956,"Total revenues accrual",NA,"OK",NA
"ar1","Italy","Revenues","2020-06-25",598.843552762868,NA,NA,NA,NA,NA,NA,NA,2020-06-01,-13037.487703956,"Total revenues accrual",NA,"OK",NA
"ar1","Italy","Revenues","2020-06-27",598.843552762868,NA,NA,NA,NA,NA,NA,NA,2020-06-01,-13037.487703956,"Total revenues accrual",NA,"OK",NA
"ar1","Italy","Revenues","2020-07-01",598.843552762868,NA,NA,NA,NA,NA,NA,NA,2020-07-01,-13037.487703956,"Total revenues accrual",NA,"OK",NA
"ar1","Italy","Revenues","2020-07-03",598.843552762868,NA,NA,NA,NA,NA,NA,NA,2020-07-01,-13037.487703956,"Total revenues accrual",NA,"OK",NA
"ar1","Italy","Revenues","2020-07-05",598.843552762868,NA,NA,NA,NA,NA,NA,NA,2020-07-01,-13037.487703956,"Total revenues accrual",NA,"OK",NA
"ar1","Italy","Revenues","2020-07-15",598.843552762868,NA,NA,NA,NA,NA,NA,NA,2020-07-01,-13037.487703956,"Total revenues accrual",NA,"OK",NA
"ar1","Italy","Revenues","2020-07-27",598.843552762868,NA,NA,NA,NA,NA,NA,NA,2020-07-01,-13037.487703956,"Total revenues accrual",NA,"OK",NA
"ar1","Italy","Revenues","2020-07-30",598.843552762868,NA,NA,NA,NA,NA,NA,NA,2020-07-01,-13037.487703956,"Total revenues accrual",NA,"OK",NA
"ar1","Italy","Revenues","2020-08-01",598.843552762868,NA,NA,NA,NA,NA,NA,NA,2020-08-01,-13037.487703956,"Total revenues accrual",NA,"OK",NA
"ar1","Italy","Revenues","2020-08-05",598.843552762868,NA,NA,NA,NA,NA,NA,NA,2020-08-01,-13037.487703956,"Total revenues accrual",NA,"OK",NA
"ar1","Italy","Revenues","2020-08-06",598.843552762868,NA,NA,NA,NA,NA,NA,NA,2020-08-01,-13037.487703956,"Total revenues accrual",NA,"OK",NA
"ar1","Italy","Revenues","2020-08-15",598.843552762868,NA,NA,NA,NA,NA,NA,NA,2020-08-01,-13037.487703956,"Total revenues accrual",NA,"OK",NA
"ar1","Italy","Revenues","2020-08-27",598.843552762868,NA,NA,NA,NA,NA,NA,NA,2020-08-01,-13037.487703956,"Total revenues accrual",NA,"OK",NA
"ar1","Italy","Revenues","2020-09-01",598.843552762868,NA,NA,NA,NA,NA,NA,NA,2020-09-01,-13037.487703956,"Total revenues accrual",NA,"OK",NA
"ar1","Italy","Revenues","2020-09-02",598.843552762868,NA,NA,NA,NA,NA,NA,NA,2020-09-01,-13037.487703956,"Total revenues accrual",NA,"OK",NA
"ar1","Italy","Revenues","2020-09-05",598.843552762868,NA,NA,NA,NA,NA,NA,NA,2020-09-01,-13037.487703956,"Total revenues accrual",NA,"OK",NA
"ar1","Italy","Revenues","2020-09-15",-1984.5915432873,NA,NA,NA,NA,NA,NA,NA,2020-09-01,9958.73484888201,"Total revenues accrual",NA,"OK",NA
"ar1","Italy","Revenues","2020-09-24",-1984.5915432873,NA,NA,NA,NA,NA,NA,NA,2020-09-01,9958.73484888201,"Total revenues accrual",NA,"OK",NA
"ar1","Italy","Revenues","2020-09-27",-1984.5915432873,NA,NA,NA,NA,NA,NA,NA,2020-09-01,9958.73484888201,"Total revenues accrual",NA,"OK",NA
"ar1","Italy","Revenues","2020-10-01",-1984.5915432873,NA,NA,NA,NA,NA,NA,NA,2020-10-01,9958.73484888201,"Total revenues accrual",NA,"OK",NA
"ar1","Italy","Revenues","2020-10-04",-1984.5915432873,NA,NA,NA,NA,NA,NA,NA,2020-10-01,9958.73484888201,"Total revenues accrual",NA,"OK",NA
"ar1","Italy","Revenues","2020-10-05",-1984.5915432873,NA,NA,NA,NA,NA,NA,NA,2020-10-01,9958.73484888201,"Total revenues accrual",NA,"OK",NA
"ar1","Italy","Revenues","2020-10-15",-1984.5915432873,NA,NA,NA,NA,NA,NA,NA,2020-10-01,9958.73484888201,"Total revenues accrual",NA,"OK",NA
"ar1","Italy","Revenues","2020-10-27",-1984.5915432873,NA,NA,NA,NA,NA,NA,NA,2020-10-01,9958.73484888201,"Total revenues accrual",NA,"OK",NA
"ar1","Italy","Revenues","2020-10-29",-1984.5915432873,NA,NA,NA,NA,NA,NA,NA,2020-10-01,9958.73484888201,"Total revenues accrual",NA,"OK",NA
"ar1","Italy","Revenues","2020-11-01",-1984.5915432873,NA,NA,NA,NA,NA,NA,NA,2020-11-01,9958.73484888201,"Total revenues accrual",NA,"OK",NA
"ar1","Italy","Revenues","2020-11-05",-1984.5915432873,NA,NA,NA,NA,NA,NA,NA,2020-11-01,9958.73484888201,"Total revenues accrual",NA,"OK",NA
"ar1","Italy","Revenues","2020-11-07",-1984.5915432873,NA,NA,NA,NA,NA,NA,NA,2020-11-01,9958.73484888201,"Total revenues accrual",NA,"OK",NA
"ar1","Italy","Revenues","2020-11-15",-1984.5915432873,NA,NA,NA,NA,NA,NA,NA,2020-11-01,9958.73484888201,"Total revenues accrual",NA,"OK",NA
"ar1","Italy","Revenues","2020-11-26",-1984.5915432873,NA,NA,NA,NA,NA,NA,NA,2020-11-01,9958.73484888201,"Total revenues accrual",NA,"OK",NA
"ar1","Italy","Revenues","2020-11-27",-1984.5915432873,NA,NA,NA,NA,NA,NA,NA,2020-11-01,9958.73484888201,"Total revenues accrual",NA,"OK",NA
"ar1","Italy","Revenues","2020-12-01",-1984.5915432873,NA,NA,NA,NA,NA,NA,NA,2020-12-01,9958.73484888201,"Total revenues accrual",NA,"OK",NA
"ar1","Italy","Revenues","2020-12-02",-1984.5915432873,NA,NA,NA,NA,NA,NA,NA,2020-12-01,9958.73484888201,"Total revenues accrual",NA,"OK",NA
"ar1","Italy","Revenues","2020-12-05",-1984.5915432873,NA,NA,NA,NA,NA,NA,NA,2020-12-01,9958.73484888201,"Total revenues accrual",NA,"OK",NA
"ar1","Italy","Revenues","2020-12-15",-181.514878996393,NA,NA,NA,NA,NA,NA,NA,2020-12-01,4429.77446097299,"Total revenues accrual",NA,"OK",NA
"ar1","Italy","Revenues","2020-12-27",-181.514878996393,NA,NA,NA,NA,NA,NA,NA,2020-12-01,4429.77446097299,"Total revenues accrual",NA,"OK",NA
"ar1","Italy","Revenues","2020-12-31",-181.514878996393,NA,NA,NA,NA,NA,NA,NA,2020-12-01,4429.77446097299,"Total revenues accrual",NA,"OK",NA
"ar1","Italy","Revenues","2021-01-01",-181.514878996393,NA,NA,NA,NA,NA,NA,NA,2021-01-01,4429.77446097299,"Total revenues accrual",NA,"OK",NA
"ar1","Italy","Revenues","2021-01-05",-181.514878996393,NA,NA,NA,NA,NA,NA,NA,2021-01-01,4429.77446097299,"Total revenues accrual",NA,"OK",NA
"ar1","Italy","Revenues","2021-01-15",-181.514878996393,NA,NA,NA,NA,NA,NA,NA,2021-01-01,4429.77446097299,"Total revenues accrual",NA,"OK",NA
"ar1","Italy","Revenues","2021-01-27",-181.514878996393,NA,NA,NA,NA,NA,NA,NA,2021-01-01,4429.77446097299,"Total revenues accrual",NA,"OK",NA
"ar1","Italy","Revenues","2021-01-28",-181.514878996393,NA,NA,NA,NA,NA,NA,NA,2021-01-01,4429.77446097299,"Total revenues accrual",NA,"OK",NA
"ar1","Italy","Revenues","2021-02-01",-181.514878996393,NA,NA,NA,NA,NA,NA,NA,2021-02-01,4429.77446097299,"Total revenues accrual",NA,"OK",NA
"ar1","Italy","Revenues","2021-02-05",-181.514878996393,NA,NA,NA,NA,NA,NA,NA,2021-02-01,4429.77446097299,"Total revenues accrual",NA,"OK",NA
"ar1","Italy","Revenues","2021-02-15",-181.514878996393,NA,NA,NA,NA,NA,NA,NA,2021-02-01,4429.77446097299,"Total revenues accrual",NA,"OK",NA
"ar1","Italy","Revenues","2021-02-25",-181.514878996393,NA,NA,NA,NA,NA,NA,NA,2021-02-01,4429.77446097299,"Total revenues accrual",NA,"OK",NA
"ar1","Italy","Revenues","2021-02-27",-181.514878996393,NA,NA,NA,NA,NA,NA,NA,2021-02-01,4429.77446097299,"Total revenues accrual",NA,"OK",NA
"ar1","Italy","Revenues","2021-03-01",-181.514878996393,NA,NA,NA,NA,NA,NA,NA,2021-03-01,4429.77446097299,"Total revenues accrual",NA,"OK",NA
"ar1","Italy","Revenues","2021-03-05",-181.514878996393,NA,NA,NA,NA,NA,NA,NA,2021-03-01,4429.77446097299,"Total revenues accrual",NA,"OK",NA
"ar1","Italy","Revenues","2021-03-15",-125.746156043829,NA,NA,NA,NA,NA,NA,NA,2021-03-01,6571.75572734902,"Total revenues accrual",NA,"OK",NA
"ar1","Italy","Revenues","2021-03-25",-125.746156043829,NA,NA,NA,NA,NA,NA,NA,2021-03-01,6571.75572734902,"Total revenues accrual",NA,"OK",NA
"ar1","Italy","Revenues","2021-03-27",-125.746156043829,NA,NA,NA,NA,NA,NA,NA,2021-03-01,6571.75572734902,"Total revenues accrual",NA,"OK",NA
"ar1","Italy","Revenues","2021-04-01",-125.746156043829,NA,NA,NA,NA,NA,NA,NA,2021-04-01,6571.75572734902,"Total revenues accrual",NA,"OK",NA
"ar1","Italy","Revenues","2021-04-04",-125.746156043829,NA,NA,NA,NA,NA,NA,NA,2021-04-01,6571.75572734902,"Total revenues accrual",NA,"OK",NA
"ar1","Italy","Revenues","2021-04-05",-125.746156043829,NA,NA,NA,NA,NA,NA,NA,2021-04-01,6571.75572734902,"Total revenues accrual",NA,"OK",NA
"ar1","Italy","Revenues","2021-04-15",-125.746156043829,NA,NA,NA,NA,NA,NA,NA,2021-04-01,6571.75572734902,"Total revenues accrual",NA,"OK",NA
"ar1","Italy","Revenues","2021-04-27",-125.746156043829,NA,NA,NA,NA,NA,NA,NA,2021-04-01,6571.75572734902,"Total revenues accrual",NA,"OK",NA
"ar1","Italy","Revenues","2021-04-29",-125.746156043829,NA,NA,NA,NA,NA,NA,NA,2021-04-01,6571.75572734902,"Total revenues accrual",NA,"OK",NA
"ar1","Italy","Revenues","2021-05-01",-125.746156043829,NA,NA,NA,NA,NA,NA,NA,2021-05-01,6571.75572734902,"Total revenues accrual",NA,"OK",NA
"ar1","Italy","Revenues","2021-05-05",-125.746156043829,NA,NA,NA,NA,NA,NA,NA,2021-05-01,6571.75572734902,"Total revenues accrual",NA,"OK",NA
"ar1","Italy","Revenues","2021-05-06",-125.746156043829,NA,NA,NA,NA,NA,NA,NA,2021-05-01,6571.75572734902,"Total revenues accrual",NA,"OK",NA
"ar1","Italy","Revenues","2021-05-15",-125.746156043829,NA,NA,NA,NA,NA,NA,NA,2021-05-01,6571.75572734902,"Total revenues accrual",NA,"OK",NA
"ar1","Italy","Revenues","2021-05-27",-125.746156043829,NA,NA,NA,NA,NA,NA,NA,2021-05-01,6571.75572734902,"Total revenues accrual",NA,"OK",NA
"ar1","Italy","Revenues","2021-06-01",-125.746156043829,NA,NA,NA,NA,NA,NA,NA,2021-06-01,6571.75572734902,"Total revenues accrual",NA,"OK",NA
"ar1","Italy","Revenues","2021-06-02",-125.746156043829,NA,NA,NA,NA,NA,NA,NA,2021-06-01,6571.75572734902,"Total revenues accrual",NA,"OK",NA
"ar1","Italy","Revenues","2021-06-05",-125.746156043829,NA,NA,NA,NA,NA,NA,NA,2021-06-01,6571.75572734902,"Total revenues accrual",NA,"OK",NA
"ar1","Italy","Revenues","2021-06-15",333.230528226675,NA,NA,NA,NA,NA,NA,NA,2021-06-01,6320.81514072299,"Total revenues accrual",NA,"OK",NA
"ar1","Italy","Revenues","2021-06-24",333.230528226675,NA,NA,NA,NA,NA,NA,NA,2021-06-01,6320.81514072299,"Total revenues accrual",NA,"OK",NA
"ar1","Italy","Revenues","2021-06-27",333.230528226675,NA,NA,NA,NA,NA,NA,NA,2021-06-01,6320.81514072299,"Total revenues accrual",NA,"OK",NA
"ar1","Italy","Revenues","2021-07-01",333.230528226675,NA,NA,NA,NA,NA,NA,NA,2021-07-01,6320.81514072299,"Total revenues accrual",NA,"OK",NA
"ar1","Italy","Revenues","2021-07-04",333.230528226675,NA,NA,NA,NA,NA,NA,NA,2021-07-01,6320.81514072299,"Total revenues accrual",NA,"OK",NA
"ar1","Italy","Revenues","2021-07-05",333.230528226675,NA,NA,NA,NA,NA,NA,NA,2021-07-01,6320.81514072299,"Total revenues accrual",NA,"OK",NA
"ar1","Italy","Revenues","2021-07-15",333.230528226675,NA,NA,NA,NA,NA,NA,NA,2021-07-01,6320.81514072299,"Total revenues accrual",NA,"OK",NA
"ar1","Italy","Revenues","2021-07-27",333.230528226675,NA,NA,NA,NA,NA,NA,NA,2021-07-01,6320.81514072299,"Total revenues accrual",NA,"OK",NA
"ar1","Italy","Revenues","2021-07-29",333.230528226675,NA,NA,NA,NA,NA,NA,NA,2021-07-01,6320.81514072299,"Total revenues accrual",NA,"OK",NA
"ar1","Italy","Revenues","2021-08-01",333.230528226675,NA,NA,NA,NA,NA,NA,NA,2021-08-01,6320.81514072299,"Total revenues accrual",NA,"OK",NA
"ar1","Italy","Revenues","2021-08-05",333.230528226675,NA,NA,NA,NA,NA,NA,NA,2021-08-01,6320.81514072299,"Total revenues accrual",NA,"OK",NA
"ar1","Italy","Revenues","2021-08-07",333.230528226675,NA,NA,NA,NA,NA,NA,NA,2021-08-01,6320.81514072299,"Total revenues accrual",NA,"OK",NA
"ar1","Italy","Revenues","2021-08-15",333.230528226675,NA,NA,NA,NA,NA,NA,NA,2021-08-01,6320.81514072299,"Total revenues accrual",NA,"OK",NA
"ar1","Italy","Revenues","2021-08-26",333.230528226675,NA,NA,NA,NA,NA,NA,NA,2021-08-01,6320.81514072299,"Total revenues accrual",NA,"OK",NA
"ar1","Italy","Revenues","2021-08-27",333.230528226675,NA,NA,NA,NA,NA,NA,NA,2021-08-01,6320.81514072299,"Total revenues accrual",NA,"OK",NA
"ar1","Italy","Revenues","2021-09-01",333.230528226675,NA,NA,NA,NA,NA,NA,NA,2021-09-01,6320.81514072299,"Total revenues accrual",NA,"OK",NA
"ar1","Italy","Revenues","2021-09-03",333.230528226675,NA,NA,NA,NA,NA,NA,NA,2021-09-01,6320.81514072299,"Total revenues accrual",NA,"OK",NA
"ar1","Italy","Revenues","2021-09-05",333.230528226675,NA,NA,NA,NA,NA,NA,NA,2021-09-01,6320.81514072299,"Total revenues accrual",NA,"OK",NA
"ar1","Italy","Revenues","2021-09-15",647.731917513211,NA,NA,NA,NA,NA,NA,NA,2021-09-01,4143.792833435,"Total revenues accrual",NA,"OK",NA
"ar1","Italy","Revenues","2021-09-27",647.731917513211,NA,NA,NA,NA,NA,NA,NA,2021-09-01,4143.792833435,"Total revenues accrual",NA,"OK",NA
"ar1","Italy","Revenues","2021-09-30",647.731917513211,NA,NA,NA,NA,NA,NA,NA,2021-09-01,4143.792833435,"Total revenues accrual",NA,"OK",NA
"ar1","Italy","Revenues","2021-10-01",647.731917513211,NA,NA,NA,NA,NA,NA,NA,2021-10-01,4143.792833435,"Total revenues accrual",NA,"OK",NA
"ar1","Italy","Revenues","2021-10-05",647.731917513211,NA,NA,NA,NA,NA,NA,NA,2021-10-01,4143.792833435,"Total revenues accrual",NA,"OK",NA
"ar1","Italy","Revenues","2021-10-15",647.731917513211,NA,NA,NA,NA,NA,NA,NA,2021-10-01,4143.792833435,"Total revenues accrual",NA,"OK",NA
"ar1","Italy","Revenues","2021-10-27",647.731917513211,NA,NA,NA,NA,NA,NA,NA,2021-10-01,4143.792833435,"Total revenues accrual",NA,"OK",NA
"ar1","Italy","Revenues","2021-10-28",647.731917513211,NA,NA,NA,NA,NA,NA,NA,2021-10-01,4143.792833435,"Total revenues accrual",NA,"OK",NA
"ar1","Italy","Revenues","2021-11-01",647.731917513211,NA,NA,NA,NA,NA,NA,NA,2021-11-01,4143.792833435,"Total revenues accrual",NA,"OK",NA
"ar1","Italy","Revenues","2021-11-05",647.731917513211,NA,NA,NA,NA,NA,NA,NA,2021-11-01,4143.792833435,"Total revenues accrual",NA,"OK",NA
"ar1","Italy","Revenues","2021-11-15",647.731917513211,NA,NA,NA,NA,NA,NA,NA,2021-11-01,4143.792833435,"Total revenues accrual",NA,"OK",NA
"ar1","Italy","Revenues","2021-11-25",647.731917513211,NA,NA,NA,NA,NA,NA,NA,2021-11-01,4143.792833435,"Total revenues accrual",NA,"OK",NA
"ar1","Italy","Revenues","2021-11-27",647.731917513211,NA,NA,NA,NA,NA,NA,NA,2021-11-01,4143.792833435,"Total revenues accrual",NA,"OK",NA
"ar1","Italy","Revenues","2021-12-01",647.731917513211,NA,NA,NA,NA,NA,NA,NA,2021-12-01,4143.792833435,"Total revenues accrual",NA,"OK",NA
"ar1","Italy","Revenues","2021-12-03",647.731917513211,NA,NA,NA,NA,NA,NA,NA,2021-12-01,4143.792833435,"Total revenues accrual",NA,"OK",NA
"ar1","Italy","Revenues","2021-12-05",647.731917513211,NA,NA,NA,NA,NA,NA,NA,2021-12-01,4143.792833435,"Total revenues accrual",NA,"OK",NA
"ar1","Italy","Revenues","2021-12-15",763.394201108214,NA,NA,NA,NA,NA,NA,NA,2021-12-01,2267.81688108601,"Total revenues accrual",NA,"OK",NA
"ar1","Italy","Revenues","2021-12-27",763.394201108214,NA,NA,NA,NA,NA,NA,NA,2021-12-01,2267.81688108601,"Total revenues accrual",NA,"OK",NA
"ar1","Italy","Revenues","2021-12-30",763.394201108214,NA,NA,NA,NA,NA,NA,NA,2021-12-01,2267.81688108601,"Total revenues accrual",NA,"OK",NA
"ar1","Italy","Revenues","2022-01-01",763.394201108214,NA,NA,NA,NA,NA,NA,NA,2022-01-01,2267.81688108601,"Total revenues accrual",NA,"OK",NA
"ar1","Italy","Revenues","2022-01-05",763.394201108214,NA,NA,NA,NA,NA,NA,NA,2022-01-01,2267.81688108601,"Total revenues accrual",NA,"OK",NA
"ar1","Italy","Revenues","2022-01-06",763.394201108214,NA,NA,NA,NA,NA,NA,NA,2022-01-01,2267.81688108601,"Total revenues accrual",NA,"OK",NA
"ar1","Italy","Revenues","2022-01-15",763.394201108214,NA,NA,NA,NA,NA,NA,NA,2022-01-01,2267.81688108601,"Total revenues accrual",NA,"OK",NA
"ar1","Italy","Revenues","2022-01-27",763.394201108214,NA,NA,NA,NA,NA,NA,NA,2022-01-01,2267.81688108601,"Total revenues accrual",NA,"OK",NA
"ar1","Italy","Revenues","2022-02-01",763.394201108214,NA,NA,NA,NA,NA,NA,NA,2022-02-01,2267.81688108601,"Total revenues accrual",NA,"OK",NA
"ar1","Italy","Revenues","2022-02-02",763.394201108214,NA,NA,NA,NA,NA,NA,NA,2022-02-01,2267.81688108601,"Total revenues accrual",NA,"OK",NA
"ar1","Italy","Revenues","2022-02-05",763.394201108214,NA,NA,NA,NA,NA,NA,NA,2022-02-01,2267.81688108601,"Total revenues accrual",NA,"OK",NA
"ar1","Italy","Revenues","2022-02-15",763.394201108214,NA,NA,NA,NA,NA,NA,NA,2022-02-01,2267.81688108601,"Total revenues accrual",NA,"OK",NA
"ar1","Italy","Revenues","2022-02-24",763.394201108214,NA,NA,NA,NA,NA,NA,NA,2022-02-01,2267.81688108601,"Total revenues accrual",NA,"OK",NA
"ar1","Italy","Revenues","2022-02-27",763.394201108214,NA,NA,NA,NA,NA,NA,NA,2022-02-01,2267.81688108601,"Total revenues accrual",NA,"OK",NA
"ar1","Italy","Revenues","2022-03-01",763.394201108214,NA,NA,NA,NA,NA,NA,NA,2022-03-01,2267.81688108601,"Total revenues accrual",NA,"OK",NA
"ar1","Italy","Revenues","2022-03-02",763.394201108214,NA,NA,NA,NA,NA,NA,NA,2022-03-01,2267.81688108601,"Total revenues accrual",NA,"OK",NA
"ar1","Italy","Revenues","2022-03-05",763.394201108214,NA,NA,NA,NA,NA,NA,NA,2022-03-01,2267.81688108601,"Total revenues accrual",NA,"OK",NA
"ar1","Italy","Revenues","2022-03-15",798.938540028114,NA,NA,NA,NA,NA,NA,NA,2022-03-01,5035.26821553698,"Total revenues accrual",NA,"OK",NA
"ar1","Italy","Revenues","2022-03-27",798.938540028114,NA,NA,NA,NA,NA,NA,NA,2022-03-01,5035.26821553698,"Total revenues accrual",NA,"OK",NA
"ar1","Italy","Revenues","2022-03-31",798.938540028114,NA,NA,NA,NA,NA,NA,NA,2022-03-01,5035.26821553698,"Total revenues accrual",NA,"OK",NA
"ar1","Italy","Revenues","2022-04-01",798.938540028114,NA,NA,NA,NA,NA,NA,NA,2022-04-01,5035.26821553698,"Total revenues accrual",NA,"OK",NA
"ar1","Italy","Revenues","2022-04-05",798.938540028114,NA,NA,NA,NA,NA,NA,NA,2022-04-01,5035.26821553698,"Total revenues accrual",NA,"OK",NA
"ar1","Italy","Revenues","2022-04-15",798.938540028114,NA,NA,NA,NA,NA,NA,NA,2022-04-01,5035.26821553698,"Total revenues accrual",NA,"OK",NA
"ar1","Italy","Revenues","2022-04-27",798.938540028114,NA,NA,NA,NA,NA,NA,NA,2022-04-01,5035.26821553698,"Total revenues accrual",NA,"OK",NA
"ar1","Italy","Revenues","2022-04-28",798.938540028114,NA,NA,NA,NA,NA,NA,NA,2022-04-01,5035.26821553698,"Total revenues accrual",NA,"OK",NA
"ar1","Italy","Revenues","2022-05-01",798.938540028114,NA,NA,NA,NA,NA,NA,NA,2022-05-01,5035.26821553698,"Total revenues accrual",NA,"OK",NA
"ar1","Italy","Revenues","2022-05-05",798.938540028114,NA,NA,NA,NA,NA,NA,NA,2022-05-01,5035.26821553698,"Total revenues accrual",NA,"OK",NA
"ar1","Italy","Revenues","2022-05-07",798.938540028114,NA,NA,NA,NA,NA,NA,NA,2022-05-01,5035.26821553698,"Total revenues accrual",NA,"OK",NA
"ar1","Italy","Revenues","2022-05-15",798.938540028114,NA,NA,NA,NA,NA,NA,NA,2022-05-01,5035.26821553698,"Total revenues accrual",NA,"OK",NA
"ar1","Italy","Revenues","2022-05-26",798.938540028114,NA,NA,NA,NA,NA,NA,NA,2022-05-01,5035.26821553698,"Total revenues accrual",NA,"OK",NA
"ar1","Italy","Revenues","2022-05-27",798.938540028114,NA,NA,NA,NA,NA,NA,NA,2022-05-01,5035.26821553698,"Total revenues accrual",NA,"OK",NA
"ar1","Italy","Revenues","2022-06-01",798.938540028114,NA,NA,NA,NA,NA,NA,NA,2022-06-01,5035.26821553698,"Total revenues accrual",NA,"OK",NA
"ar1","Italy","Revenues","2022-06-03",798.938540028114,NA,NA,NA,NA,NA,NA,NA,2022-06-01,5035.26821553698,"Total revenues accrual",NA,"OK",NA
"ar1","Italy","Revenues","2022-06-05",798.938540028114,NA,NA,NA,NA,NA,NA,NA,2022-06-01,5035.26821553698,"Total revenues accrual",NA,"OK",NA
"ar1","Italy","Revenues","2022-06-15",1082.94468087903,NA,NA,NA,NA,NA,NA,NA,2022-06-01,7283.59683435102,"Total revenues accrual",NA,"OK",NA
"ar1","Italy","Revenues","2022-06-27",1082.94468087903,NA,NA,NA,NA,NA,NA,NA,2022-06-01,7283.59683435102,"Total revenues accrual",NA,"OK",NA
"ar1","Italy","Revenues","2022-06-30",1082.94468087903,NA,NA,NA,NA,NA,NA,NA,2022-06-01,7283.59683435102,"Total revenues accrual",NA,"OK",NA
"ar1","Italy","Revenues","2022-07-01",1082.94468087903,NA,NA,NA,NA,NA,NA,NA,2022-07-01,7283.59683435102,"Total revenues accrual",NA,"OK",NA
"ar1","Italy","Revenues","2022-07-05",1082.94468087903,NA,NA,NA,NA,NA,NA,NA,2022-07-01,7283.59683435102,"Total revenues accrual",NA,"OK",NA
"ar1","Italy","Revenues","2022-07-15",1082.94468087903,NA,NA,NA,NA,NA,NA,NA,2022-07-01,7283.59683435102,"Total revenues accrual",NA,"OK",NA
"ar1","Italy","Revenues","2022-07-27",1082.94468087903,NA,NA,NA,NA,NA,NA,NA,2022-07-01,7283.59683435102,"Total revenues accrual",NA,"OK",NA
"ar1","Italy","Revenues","2022-07-28",1082.94468087903,NA,NA,NA,NA,NA,NA,NA,2022-07-01,7283.59683435102,"Total revenues accrual",NA,"OK",NA
"ar1","Italy","Revenues","2022-08-01",1082.94468087903,NA,NA,NA,NA,NA,NA,NA,2022-08-01,7283.59683435102,"Total revenues accrual",NA,"OK",NA
"ar1","Italy","Revenues","2022-08-05",1082.94468087903,NA,NA,NA,NA,NA,NA,NA,2022-08-01,7283.59683435102,"Total revenues accrual",NA,"OK",NA
"ar1","Italy","Revenues","2022-08-15",1082.94468087903,NA,NA,NA,NA,NA,NA,NA,2022-08-01,7283.59683435102,"Total revenues accrual",NA,"OK",NA
"ar1","Italy","Revenues","2022-08-25",1082.94468087903,NA,NA,NA,NA,NA,NA,NA,2022-08-01,7283.59683435102,"Total revenues accrual",NA,"OK",NA
"ar1","Italy","Revenues","2022-08-27",1082.94468087903,NA,NA,NA,NA,NA,NA,NA,2022-08-01,7283.59683435102,"Total revenues accrual",NA,"OK",NA
"ar1","Italy","Revenues","2022-09-01",1082.94468087903,NA,NA,NA,NA,NA,NA,NA,2022-09-01,7283.59683435102,"Total revenues accrual",NA,"OK",NA
"ar1","Italy","Revenues","2022-09-04",1082.94468087903,NA,NA,NA,NA,NA,NA,NA,2022-09-01,7283.59683435102,"Total revenues accrual",NA,"OK",NA
"ar1","Italy","Revenues","2022-09-05",1082.94468087903,NA,NA,NA,NA,NA,NA,NA,2022-09-01,7283.59683435102,"Total revenues accrual",NA,"OK",NA
"ar1","Italy","Revenues","2022-09-15",1051.57920175406,NA,NA,NA,NA,NA,NA,NA,2022-09-01,1667.09318746199,"Total revenues accrual",NA,"OK",NA
"ar1","Italy","Revenues","2022-09-27",1051.57920175406,NA,NA,NA,NA,NA,NA,NA,2022-09-01,1667.09318746199,"Total revenues accrual",NA,"OK",NA
"ar1","Italy","Revenues","2022-09-29",1051.57920175406,NA,NA,NA,NA,NA,NA,NA,2022-09-01,1667.09318746199,"Total revenues accrual",NA,"OK",NA
"ar1","Italy","Revenues","2022-10-01",1051.57920175406,NA,NA,NA,NA,NA,NA,NA,2022-10-01,1667.09318746199,"Total revenues accrual",NA,"OK",NA
"ar1","Italy","Revenues","2022-10-05",1051.57920175406,NA,NA,NA,NA,NA,NA,NA,2022-10-01,1667.09318746199,"Total revenues accrual",NA,"OK",NA
"ar1","Italy","Revenues","2022-10-06",1051.57920175406,NA,NA,NA,NA,NA,NA,NA,2022-10-01,1667.09318746199,"Total revenues accrual",NA,"OK",NA
"ar1","Italy","Revenues","2022-10-15",1051.57920175406,NA,NA,NA,NA,NA,NA,NA,2022-10-01,1667.09318746199,"Total revenues accrual",NA,"OK",NA
"ar1","Italy","Revenues","2022-10-27",1051.57920175406,NA,NA,NA,NA,NA,NA,NA,2022-10-01,1667.09318746199,"Total revenues accrual",NA,"OK",NA
"ar1","Italy","Revenues","2022-11-01",1051.57920175406,NA,NA,NA,NA,NA,NA,NA,2022-11-01,1667.09318746199,"Total revenues accrual",NA,"OK",NA
"ar1","Italy","Revenues","2022-11-02",1051.57920175406,NA,NA,NA,NA,NA,NA,NA,2022-11-01,1667.09318746199,"Total revenues accrual",NA,"OK",NA
"ar1","Italy","Revenues","2022-11-05",1051.57920175406,NA,NA,NA,NA,NA,NA,NA,2022-11-01,1667.09318746199,"Total revenues accrual",NA,"OK",NA
"ar1","Italy","Revenues","2022-11-15",1051.57920175406,NA,NA,NA,NA,NA,NA,NA,2022-11-01,1667.09318746199,"Total revenues accrual",NA,"OK",NA
"ar1","Italy","Revenues","2022-11-24",1051.57920175406,NA,NA,NA,NA,NA,NA,NA,2022-11-01,1667.09318746199,"Total revenues accrual",NA,"OK",NA
"ar1","Italy","Revenues","2022-11-27",1051.57920175406,NA,NA,NA,NA,NA,NA,NA,2022-11-01,1667.09318746199,"Total revenues accrual",NA,"OK",NA
"ar1","Italy","Revenues","2022-12-01",1051.57920175406,NA,NA,NA,NA,NA,NA,NA,2022-12-01,1667.09318746199,"Total revenues accrual",NA,"OK",NA
"ar1","Italy","Revenues","2022-12-04",1051.57920175406,NA,NA,NA,NA,NA,NA,NA,2022-12-01,1667.09318746199,"Total revenues accrual",NA,"OK",NA
"ar1","Italy","Revenues","2022-12-05",1051.57920175406,NA,NA,NA,NA,NA,NA,NA,2022-12-01,1667.09318746199,"Total revenues accrual",NA,"OK",NA
"ar1","Italy","Revenues","2022-12-15",996.103305044779,NA,NA,NA,NA,NA,NA,NA,2022-12-01,-480.154390993004,"Total revenues accrual",NA,"OK",NA
"ar1","Italy","Revenues","2022-12-27",996.103305044779,NA,NA,NA,NA,NA,NA,NA,2022-12-01,-480.154390993004,"Total revenues accrual",NA,"OK",NA
"ar1","Italy","Revenues","2022-12-29",996.103305044779,NA,NA,NA,NA,NA,NA,NA,2022-12-01,-480.154390993004,"Total revenues accrual",NA,"OK",NA
"ar1","Italy","Revenues","2023-01-01",996.103305044779,NA,NA,NA,NA,NA,NA,NA,2023-01-01,-480.154390993004,"Total revenues accrual",NA,"OK",NA
"ar1","Italy","Revenues","2023-01-05",996.103305044779,NA,NA,NA,NA,NA,NA,NA,2023-01-01,-480.154390993004,"Total revenues accrual",NA,"OK",NA
"ar1","Italy","Revenues","2023-01-07",996.103305044779,NA,NA,NA,NA,NA,NA,NA,2023-01-01,-480.154390993004,"Total revenues accrual",NA,"OK",NA
"ar1","Italy","Revenues","2023-01-15",996.103305044779,NA,NA,NA,NA,NA,NA,NA,2023-01-01,-480.154390993004,"Total revenues accrual",NA,"OK",NA
"ar1","Italy","Revenues","2023-01-26",996.103305044779,NA,NA,NA,NA,NA,NA,NA,2023-01-01,-480.154390993004,"Total revenues accrual",NA,"OK",NA
"ar1","Italy","Revenues","2023-01-27",996.103305044779,NA,NA,NA,NA,NA,NA,NA,2023-01-01,-480.154390993004,"Total revenues accrual",NA,"OK",NA
"ar1","Italy","Revenues","2023-02-01",996.103305044779,NA,NA,NA,NA,NA,NA,NA,2023-02-01,-480.154390993004,"Total revenues accrual",NA,"OK",NA
"ar1","Italy","Revenues","2023-02-03",996.103305044779,NA,NA,NA,NA,NA,NA,NA,2023-02-01,-480.154390993004,"Total revenues accrual",NA,"OK",NA
"ar1","Italy","Revenues","2023-02-05",996.103305044779,NA,NA,NA,NA,NA,NA,NA,2023-02-01,-480.154390993004,"Total revenues accrual",NA,"OK",NA
"ar1","Italy","Revenues","2023-02-15",996.103305044779,NA,NA,NA,NA,NA,NA,NA,2023-02-01,-480.154390993004,"Total revenues accrual",NA,"OK",NA
"ar1","Italy","Revenues","2023-02-23",996.103305044779,NA,NA,NA,NA,NA,NA,NA,2023-02-01,-480.154390993004,"Total revenues accrual",NA,"OK",NA
"ar1","Italy","Revenues","2023-02-27",996.103305044779,NA,NA,NA,NA,NA,NA,NA,2023-02-01,-480.154390993004,"Total revenues accrual",NA,"OK",NA
"ar1","Italy","Revenues","2023-03-01",996.103305044779,NA,NA,NA,NA,NA,NA,NA,2023-03-01,-480.154390993004,"Total revenues accrual",NA,"OK",NA
"ar1","Italy","Revenues","2023-03-03",996.103305044779,NA,NA,NA,NA,NA,NA,NA,2023-03-01,-480.154390993004,"Total revenues accrual",NA,"OK",NA
"ar1","Italy","Revenues","2023-03-05",996.103305044779,NA,NA,NA,NA,NA,NA,NA,2023-03-01,-480.154390993004,"Total revenues accrual",NA,"OK",NA
"ar1","Italy","Revenues","2023-03-15",1132.24763798292,NA,NA,NA,NA,NA,NA,NA,2023-03-01,6684.01043833801,"Total revenues accrual",NA,"OK",NA
"ar1","Italy","Revenues","2023-03-27",1132.24763798292,NA,NA,NA,NA,NA,NA,NA,2023-03-01,6684.01043833801,"Total revenues accrual",NA,"OK",NA
"ar1","Italy","Revenues","2023-03-30",1132.24763798292,NA,NA,NA,NA,NA,NA,NA,2023-03-01,6684.01043833801,"Total revenues accrual",NA,"OK",NA
"ar1","Italy","Revenues","2023-04-01",1132.24763798292,NA,NA,NA,NA,NA,NA,NA,2023-04-01,6684.01043833801,"Total revenues accrual",NA,"OK",NA
"ar1","Italy","Revenues","2023-04-05",1132.24763798292,NA,NA,NA,NA,NA,NA,NA,2023-04-01,6684.01043833801,"Total revenues accrual",NA,"OK",NA
"ar1","Italy","Revenues","2023-04-06",1132.24763798292,NA,NA,NA,NA,NA,NA,NA,2023-04-01,6684.01043833801,"Total revenues accrual",NA,"OK",NA
"ar1","Italy","Revenues","2023-04-15",1132.24763798292,NA,NA,NA,NA,NA,NA,NA,2023-04-01,6684.01043833801,"Total revenues accrual",NA,"OK",NA
"ar1","Italy","Revenues","2023-04-27",1132.24763798292,NA,NA,NA,NA,NA,NA,NA,2023-04-01,6684.01043833801,"Total revenues accrual",NA,"OK",NA
"ar1","Italy","Revenues","2023-05-01",1132.24763798292,NA,NA,NA,NA,NA,NA,NA,2023-05-01,6684.01043833801,"Total revenues accrual",NA,"OK",NA
"ar1","Italy","Revenues","2023-05-05",1132.24763798292,NA,NA,NA,NA,NA,NA,NA,2023-05-01,6684.01043833801,"Total revenues accrual",NA,"OK",NA
"ar1","Italy","Revenues","2023-05-15",1132.24763798292,NA,NA,NA,NA,NA,NA,NA,2023-05-01,6684.01043833801,"Total revenues accrual",NA,"OK",NA
"ar1","Italy","Revenues","2023-05-25",1132.24763798292,NA,NA,NA,NA,NA,NA,NA,2023-05-01,6684.01043833801,"Total revenues accrual",NA,"OK",NA
"ar1","Italy","Revenues","2023-05-27",1132.24763798292,NA,NA,NA,NA,NA,NA,NA,2023-05-01,6684.01043833801,"Total revenues accrual",NA,"OK",NA
"ar1","Italy","Revenues","2023-06-01",1132.24763798292,NA,NA,NA,NA,NA,NA,NA,2023-06-01,6684.01043833801,"Total revenues accrual",NA,"OK",NA
"ar1","Italy","Revenues","2023-06-04",1132.24763798292,NA,NA,NA,NA,NA,NA,NA,2023-06-01,6684.01043833801,"Total revenues accrual",NA,"OK",NA
"ar1","Italy","Revenues","2023-06-05",1132.24763798292,NA,NA,NA,NA,NA,NA,NA,2023-06-01,6684.01043833801,"Total revenues accrual",NA,"OK",NA
"ar1","Italy","Revenues","2023-06-15",1218.81556966585,NA,NA,NA,NA,NA,NA,NA,2023-06-01,3724.63652891899,"Total revenues accrual",NA,"OK",NA
"ar1","Italy","Revenues","2023-06-27",1218.81556966585,NA,NA,NA,NA,NA,NA,NA,2023-06-01,3724.63652891899,"Total revenues accrual",NA,"OK",NA
"ar1","Italy","Revenues","2023-06-29",1218.81556966585,NA,NA,NA,NA,NA,NA,NA,2023-06-01,3724.63652891899,"Total revenues accrual",NA,"OK",NA
"ar1","Italy","Revenues","2023-07-01",1218.81556966585,NA,NA,NA,NA,NA,NA,NA,2023-07-01,3724.63652891899,"Total revenues accrual",NA,"OK",NA
"ar1","Italy","Revenues","2023-07-05",1218.81556966585,NA,NA,NA,NA,NA,NA,NA,2023-07-01,3724.63652891899,"Total revenues accrual",NA,"OK",NA
"ar1","Italy","Revenues","2023-07-06",1218.81556966585,NA,NA,NA,NA,NA,NA,NA,2023-07-01,3724.63652891899,"Total revenues accrual",NA,"OK",NA
"ar1","Italy","Revenues","2023-07-15",1218.81556966585,NA,NA,NA,NA,NA,NA,NA,2023-07-01,3724.63652891899,"Total revenues accrual",NA,"OK",NA
"ar1","Italy","Revenues","2023-07-27",1218.81556966585,NA,NA,NA,NA,NA,NA,NA,2023-07-01,3724.63652891899,"Total revenues accrual",NA,"OK",NA
"ar1","Italy","Revenues","2023-08-01",1218.81556966585,NA,NA,NA,NA,NA,NA,NA,2023-08-01,3724.63652891899,"Total revenues accrual",NA,"OK",NA
"ar1","Italy","Revenues","2023-08-02",1218.81556966585,NA,NA,NA,NA,NA,NA,NA,2023-08-01,3724.63652891899,"Total revenues accrual",NA,"OK",NA
"ar1","Italy","Revenues","2023-08-05",1218.81556966585,NA,NA,NA,NA,NA,NA,NA,2023-08-01,3724.63652891899,"Total revenues accrual",NA,"OK",NA
"ar1","Italy","Revenues","2023-08-15",1218.81556966585,NA,NA,NA,NA,NA,NA,NA,2023-08-01,3724.63652891899,"Total revenues accrual",NA,"OK",NA
"ar1","Italy","Revenues","2023-08-27",1218.81556966585,NA,NA,NA,NA,NA,NA,NA,2023-08-01,3724.63652891899,"Total revenues accrual",NA,"OK",NA
"ar1","Italy","Revenues","2023-08-31",1218.81556966585,NA,NA,NA,NA,NA,NA,NA,2023-08-01,3724.63652891899,"Total revenues accrual",NA,"OK",NA
"ar1","Italy","Revenues","2023-09-01",1218.81556966585,NA,NA,NA,NA,NA,NA,NA,2023-09-01,3724.63652891899,"Total revenues accrual",NA,"OK",NA
"ar1","Italy","Revenues","2023-09-05",1218.81556966585,NA,NA,NA,NA,NA,NA,NA,2023-09-01,3724.63652891899,"Total revenues accrual",NA,"OK",NA
"ar1","Italy","Revenues","2023-09-15",1273.53843485509,NA,NA,NA,NA,NA,NA,NA,2023-09-01,3523.007048553,"Total revenues accrual",NA,"OK",NA
"ar1","Italy","Revenues","2023-09-27",1273.53843485509,NA,NA,NA,NA,NA,NA,NA,2023-09-01,3523.007048553,"Total revenues accrual",NA,"OK",NA
"ar1","Italy","Revenues","2023-09-28",1273.53843485509,NA,NA,NA,NA,NA,NA,NA,2023-09-01,3523.007048553,"Total revenues accrual",NA,"OK",NA
"ar1","Italy","Revenues","2023-10-01",1273.53843485509,NA,NA,NA,NA,NA,NA,NA,2023-10-01,3523.007048553,"Total revenues accrual",NA,"OK",NA
"ar1","Italy","Revenues","2023-10-05",1273.53843485509,NA,NA,NA,NA,NA,NA,NA,2023-10-01,3523.007048553,"Total revenues accrual",NA,"OK",NA
"ar1","Italy","Revenues","2023-10-07",1273.53843485509,NA,NA,NA,NA,NA,NA,NA,2023-10-01,3523.007048553,"Total revenues accrual",NA,"OK",NA
"ar1","Italy","Revenues","2023-10-15",1273.53843485509,NA,NA,NA,NA,NA,NA,NA,2023-10-01,3523.007048553,"Total revenues accrual",NA,"OK",NA
"ar1","Italy","Revenues","2023-10-26",1273.53843485509,NA,NA,NA,NA,NA,NA,NA,2023-10-01,3523.007048553,"Total revenues accrual",NA,"OK",NA
"ar1","Italy","Revenues","2023-10-27",1273.53843485509,NA,NA,NA,NA,NA,NA,NA,2023-10-01,3523.007048553,"Total revenues accrual",NA,"OK",NA
"ar1","Italy","Revenues","2023-11-01",1273.53843485509,NA,NA,NA,NA,NA,NA,NA,2023-11-01,3523.007048553,"Total revenues accrual",NA,"OK",NA
"ar1","Italy","Revenues","2023-11-03",1273.53843485509,NA,NA,NA,NA,NA,NA,NA,2023-11-01,3523.007048553,"Total revenues accrual",NA,"OK",NA
"ar1","Italy","Revenues","2023-11-05",1273.53843485509,NA,NA,NA,NA,NA,NA,NA,2023-11-01,3523.007048553,"Total revenues accrual",NA,"OK",NA
"ar1","Italy","Revenues","2023-11-15",1273.53843485509,NA,NA,NA,NA,NA,NA,NA,2023-11-01,3523.007048553,"Total revenues accrual",NA,"OK",NA
"ar1","Italy","Revenues","2023-11-27",1273.53843485509,NA,NA,NA,NA,NA,NA,NA,2023-11-01,3523.007048553,"Total revenues accrual",NA,"OK",NA
"ar1","Italy","Revenues","2023-11-30",1273.53843485509,NA,NA,NA,NA,NA,NA,NA,2023-11-01,3523.007048553,"Total revenues accrual",NA,"OK",NA
"ar1","Italy","Revenues","2023-12-01",1273.53843485509,NA,NA,NA,NA,NA,NA,NA,2023-12-01,3523.007048553,"Total revenues accrual",NA,"OK",NA
"ar1","Italy","Revenues","2023-12-05",1273.53843485509,NA,NA,NA,NA,NA,NA,NA,2023-12-01,3523.007048553,"Total revenues accrual",NA,"OK",NA
"ar1","Italy","Revenues","2023-12-15",1443.62201480918,NA,NA,NA,NA,NA,NA,NA,2023-12-01,5514.999172743,"Total revenues accrual",NA,"OK",NA
"ar1","Italy","Revenues","2023-12-27",1443.62201480918,NA,NA,NA,NA,NA,NA,NA,2023-12-01,5514.999172743,"Total revenues accrual",NA,"OK",NA
"ar1","Italy","Revenues","2023-12-28",1443.62201480918,NA,NA,NA,NA,NA,NA,NA,2023-12-01,5514.999172743,"Total revenues accrual",NA,"OK",NA
"ar1","Italy","Revenues","2024-01-01",1443.62201480918,NA,NA,NA,NA,NA,NA,NA,2024-01-01,5514.999172743,"Total revenues accrual",NA,"OK",NA
"ar1","Italy","Revenues","2024-01-05",1443.62201480918,NA,NA,NA,NA,NA,NA,NA,2024-01-01,5514.999172743,"Total revenues accrual",NA,"OK",NA
"ar1","Italy","Revenues","2024-01-15",1443.62201480918,NA,NA,NA,NA,NA,NA,NA,2024-01-01,5514.999172743,"Total revenues accrual",NA,"OK",NA
"ar1","Italy","Revenues","2024-01-25",1443.62201480918,NA,NA,NA,NA,NA,NA,NA,2024-01-01,5514.999172743,"Total revenues accrual",NA,"OK",NA
"ar1","Italy","Revenues","2024-01-27",1443.62201480918,NA,NA,NA,NA,NA,NA,NA,2024-01-01,5514.999172743,"Total revenues accrual",NA,"OK",NA
"ar1","Italy","Revenues","2024-02-01",1443.62201480918,NA,NA,NA,NA,NA,NA,NA,2024-02-01,5514.999172743,"Total revenues accrual",NA,"OK",NA
"ar1","Italy","Revenues","2024-02-04",1443.62201480918,NA,NA,NA,NA,NA,NA,NA,2024-02-01,5514.999172743,"Total revenues accrual",NA,"OK",NA
"ar1","Italy","Revenues","2024-02-05",1443.62201480918,NA,NA,NA,NA,NA,NA,NA,2024-02-01,5514.999172743,"Total revenues accrual",NA,"OK",NA
"ar1","Italy","Revenues","2024-02-15",1443.62201480918,NA,NA,NA,NA,NA,NA,NA,2024-02-01,5514.999172743,"Total revenues accrual",NA,"OK",NA
"ar1","Italy","Revenues","2024-02-27",1443.62201480918,NA,NA,NA,NA,NA,NA,NA,2024-02-01,5514.999172743,"Total revenues accrual",NA,"OK",NA
"ar1","Italy","Revenues","2024-02-29",1443.62201480918,NA,NA,NA,NA,NA,NA,NA,2024-02-01,5514.999172743,"Total revenues accrual",NA,"OK",NA
"ar1","Italy","Revenues","2024-03-01",1443.62201480918,NA,NA,NA,NA,NA,NA,NA,2024-03-01,5514.999172743,"Total revenues accrual",NA,"OK",NA
"ar1","Italy","Revenues","2024-03-05",1443.62201480918,NA,NA,NA,NA,NA,NA,NA,2024-03-01,5514.999172743,"Total revenues accrual",NA,"OK",NA
"ar1","Italy","Revenues","2024-03-15",1184.76117280084,NA,NA,NA,NA,NA,NA,NA,2024-03-01,-1667.00085450299,"Total revenues accrual",NA,"OK",NA
"ar1","Italy","Revenues","2024-03-27",1184.76117280084,NA,NA,NA,NA,NA,NA,NA,2024-03-01,-1667.00085450299,"Total revenues accrual",NA,"OK",NA
"ar1","Italy","Revenues","2024-03-28",1184.76117280084,NA,NA,NA,NA,NA,NA,NA,2024-03-01,-1667.00085450299,"Total revenues accrual",NA,"OK",NA
"ar1","Italy","Revenues","2024-04-01",1184.76117280084,NA,NA,NA,NA,NA,NA,NA,2024-04-01,-1667.00085450299,"Total revenues accrual",NA,"OK",NA
"ar1","Italy","Revenues","2024-04-05",1184.76117280084,NA,NA,NA,NA,NA,NA,NA,2024-04-01,-1667.00085450299,"Total revenues accrual",NA,"OK",NA
"ar1","Italy","Revenues","2024-04-15",1184.76117280084,NA,NA,NA,NA,NA,NA,NA,2024-04-01,-1667.00085450299,"Total revenues accrual",NA,"OK",NA
"ar1","Italy","Revenues","2024-04-25",1184.76117280084,NA,NA,NA,NA,NA,NA,NA,2024-04-01,-1667.00085450299,"Total revenues accrual",NA,"OK",NA
"ar1","Italy","Revenues","2024-04-27",1184.76117280084,NA,NA,NA,NA,NA,NA,NA,2024-04-01,-1667.00085450299,"Total revenues accrual",NA,"OK",NA
"ar1","Italy","Revenues","2024-05-01",1184.76117280084,NA,NA,NA,NA,NA,NA,NA,2024-05-01,-1667.00085450299,"Total revenues accrual",NA,"OK",NA
"ar1","Italy","Revenues","2024-05-03",1184.76117280084,NA,NA,NA,NA,NA,NA,NA,2024-05-01,-1667.00085450299,"Total revenues accrual",NA,"OK",NA
"ar1","Italy","Revenues","2024-05-05",1184.76117280084,NA,NA,NA,NA,NA,NA,NA,2024-05-01,-1667.00085450299,"Total revenues accrual",NA,"OK",NA
"ar1","Italy","Revenues","2024-05-15",1184.76117280084,NA,NA,NA,NA,NA,NA,NA,2024-05-01,-1667.00085450299,"Total revenues accrual",NA,"OK",NA
"ar1","Italy","Revenues","2024-05-27",1184.76117280084,NA,NA,NA,NA,NA,NA,NA,2024-05-01,-1667.00085450299,"Total revenues accrual",NA,"OK",NA
"ar1","Italy","Revenues","2024-05-30",1184.76117280084,NA,NA,NA,NA,NA,NA,NA,2024-05-01,-1667.00085450299,"Total revenues accrual",NA,"OK",NA
"ar1","Italy","Revenues","2024-06-01",1184.76117280084,NA,NA,NA,NA,NA,NA,NA,2024-06-01,-1667.00085450299,"Total revenues accrual",NA,"OK",NA
"ar1","Italy","Revenues","2024-06-05",1184.76117280084,NA,NA,NA,NA,NA,NA,NA,2024-06-01,-1667.00085450299,"Total revenues accrual",NA,"OK",NA
"ar1","Italy","Revenues","2024-06-06",1184.76117280084,NA,NA,NA,NA,NA,NA,NA,2024-06-01,-1667.00085450299,"Total revenues accrual",NA,"OK",NA
"ar1","Italy","Revenues","2024-06-15",1187.35279957565,NA,NA,NA,NA,NA,NA,NA,2024-06-01,-107.676327972993,"Total revenues accrual",NA,"OK",NA
"ar1","Italy","Revenues","2024-06-27",1187.35279957565,NA,NA,NA,NA,NA,NA,NA,2024-06-01,-107.676327972993,"Total revenues accrual",NA,"OK",NA
"ar1","Italy","Revenues","2024-07-01",1187.35279957565,NA,NA,NA,NA,NA,NA,NA,2024-07-01,-107.676327972993,"Total revenues accrual",NA,"OK",NA
"ar1","Italy","Revenues","2024-07-05",1187.35279957565,NA,NA,NA,NA,NA,NA,NA,2024-07-01,-107.676327972993,"Total revenues accrual",NA,"OK",NA
"ar1","Italy","Revenues","2024-07-15",1187.35279957565,NA,NA,NA,NA,NA,NA,NA,2024-07-01,-107.676327972993,"Total revenues accrual",NA,"OK",NA
"ar1","Italy","Revenues","2024-07-25",1187.35279957565,NA,NA,NA,NA,NA,NA,NA,2024-07-01,-107.676327972993,"Total revenues accrual",NA,"OK",NA
"ar1","Italy","Revenues","2024-07-27",1187.35279957565,NA,NA,NA,NA,NA,NA,NA,2024-07-01,-107.676327972993,"Total revenues accrual",NA,"OK",NA
"ar1","Italy","Revenues","2024-08-01",1187.35279957565,NA,NA,NA,NA,NA,NA,NA,2024-08-01,-107.676327972993,"Total revenues accrual",NA,"OK",NA
"ar1","Italy","Revenues","2024-08-04",1187.35279957565,NA,NA,NA,NA,NA,NA,NA,2024-08-01,-107.676327972993,"Total revenues accrual",NA,"OK",NA
"ar1","Italy","Revenues","2024-08-05",1187.35279957565,NA,NA,NA,NA,NA,NA,NA,2024-08-01,-107.676327972993,"Total revenues accrual",NA,"OK",NA
"ar1","Italy","Revenues","2024-08-15",1187.35279957565,NA,NA,NA,NA,NA,NA,NA,2024-08-01,-107.676327972993,"Total revenues accrual",NA,"OK",NA
"ar1","Italy","Revenues","2024-08-27",1187.35279957565,NA,NA,NA,NA,NA,NA,NA,2024-08-01,-107.676327972993,"Total revenues accrual",NA,"OK",NA
"ar1","Italy","Revenues","2024-08-29",1187.35279957565,NA,NA,NA,NA,NA,NA,NA,2024-08-01,-107.676327972993,"Total revenues accrual",NA,"OK",NA
"ar1","Italy","Revenues","2024-09-01",1187.35279957565,NA,NA,NA,NA,NA,NA,NA,2024-09-01,-107.676327972993,"Total revenues accrual",NA,"OK",NA
"ar1","Italy","Revenues","2024-09-05",1187.35279957565,NA,NA,NA,NA,NA,NA,NA,2024-09-01,-107.676327972993,"Total revenues accrual",NA,"OK",NA
"ar1","Italy","Revenues","2024-09-07",1187.35279957565,NA,NA,NA,NA,NA,NA,NA,2024-09-01,-107.676327972993,"Total revenues accrual",NA,"OK",NA
"ar1","Italy","Revenues","2024-09-15",1454.08065106651,NA,NA,NA,NA,NA,NA,NA,2024-09-01,8870.98826010496,"Total revenues accrual",NA,"OK",NA
"ar1","Italy","Revenues","2024-09-26",1454.08065106651,NA,NA,NA,NA,NA,NA,NA,2024-09-01,8870.98826010496,"Total revenues accrual",NA,"OK",NA
"ar1","Italy","Revenues","2024-09-27",1454.08065106651,NA,NA,NA,NA,NA,NA,NA,2024-09-01,8870.98826010496,"Total revenues accrual",NA,"OK",NA
"ar1","Italy","Revenues","2024-10-01",1454.08065106651,NA,NA,NA,NA,NA,NA,NA,2024-10-01,8870.98826010496,"Total revenues accrual",NA,"OK",NA
"ar1","Italy","Revenues","2024-10-02",1454.08065106651,NA,NA,NA,NA,NA,NA,NA,2024-10-01,8870.98826010496,"Total revenues accrual",NA,"OK",NA
"ar1","Italy","Revenues","2024-10-05",1454.08065106651,NA,NA,NA,NA,NA,NA,NA,2024-10-01,8870.98826010496,"Total revenues accrual",NA,"OK",NA
"ar1","Italy","Revenues","2024-10-15",1454.08065106651,NA,NA,NA,NA,NA,NA,NA,2024-10-01,8870.98826010496,"Total revenues accrual",NA,"OK",NA
"ar1","Italy","Revenues","2024-10-27",1454.08065106651,NA,NA,NA,NA,NA,NA,NA,2024-10-01,8870.98826010496,"Total revenues accrual",NA,"OK",NA
"ar1","Italy","Revenues","2024-10-31",1454.08065106651,NA,NA,NA,NA,NA,NA,NA,2024-10-01,8870.98826010496,"Total revenues accrual",NA,"OK",NA
"ar1","Italy","Revenues","2024-11-01",1454.08065106651,NA,NA,NA,NA,NA,NA,NA,2024-11-01,8870.98826010496,"Total revenues accrual",NA,"OK",NA
"ar1","Italy","Revenues","2024-11-05",1454.08065106651,NA,NA,NA,NA,NA,NA,NA,2024-11-01,8870.98826010496,"Total revenues accrual",NA,"OK",NA
"ar1","Italy","Revenues","2024-11-15",1454.08065106651,NA,NA,NA,NA,NA,NA,NA,2024-11-01,8870.98826010496,"Total revenues accrual",NA,"OK",NA
"ar1","Italy","Revenues","2024-11-27",1454.08065106651,NA,NA,NA,NA,NA,NA,NA,2024-11-01,8870.98826010496,"Total revenues accrual",NA,"OK",NA
"ar1","Italy","Revenues","2024-11-28",1454.08065106651,NA,NA,NA,NA,NA,NA,NA,2024-11-01,8870.98826010496,"Total revenues accrual",NA,"OK",NA
"ar1","Italy","Revenues","2024-12-01",1454.08065106651,NA,NA,NA,NA,NA,NA,NA,2024-12-01,8870.98826010496,"Total revenues accrual",NA,"OK",NA
"ar1","Italy","Revenues","2024-12-05",1454.08065106651,NA,NA,NA,NA,NA,NA,NA,2024-12-01,8870.98826010496,"Total revenues accrual",NA,"OK",NA
"ar1","Italy","Revenues","2024-12-07",1454.08065106651,NA,NA,NA,NA,NA,NA,NA,2024-12-01,8870.98826010496,"Total revenues accrual",NA,"OK",NA
"ar1","Italy","Revenues","2024-12-15",1413.8365578473,NA,NA,NA,NA,NA,NA,NA,2024-12-01,2825.94577286905,"Total revenues accrual",NA,"OK",NA
"ar1","Italy","Revenues","2024-12-26",1413.8365578473,NA,NA,NA,NA,NA,NA,NA,2024-12-01,2825.94577286905,"Total revenues accrual",NA,"OK",NA
"ar1","Italy","Revenues","2024-12-27",1413.8365578473,NA,NA,NA,NA,NA,NA,NA,2024-12-01,2825.94577286905,"Total revenues accrual",NA,"OK",NA
"ar1","Italy","Revenues","2025-01-01",1413.8365578473,NA,NA,NA,NA,NA,NA,NA,2025-01-01,2825.94577286905,"Total revenues accrual",NA,"OK",NA
"ar1","Italy","Revenues","2025-01-03",1413.8365578473,NA,NA,NA,NA,NA,NA,NA,2025-01-01,2825.94577286905,"Total revenues accrual",NA,"OK",NA
"ar1","Italy","Revenues","2025-01-05",1413.8365578473,NA,NA,NA,NA,NA,NA,NA,2025-01-01,2825.94577286905,"Total revenues accrual",NA,"OK",NA
"ar1","Italy","Revenues","2025-01-15",1413.8365578473,NA,NA,NA,NA,NA,NA,NA,2025-01-01,2825.94577286905,"Total revenues accrual",NA,"OK",NA
"ar1","Italy","Revenues","2025-01-27",1413.8365578473,NA,NA,NA,NA,NA,NA,NA,2025-01-01,2825.94577286905,"Total revenues accrual",NA,"OK",NA
"ar1","Italy","Revenues","2025-01-30",1413.8365578473,NA,NA,NA,NA,NA,NA,NA,2025-01-01,2825.94577286905,"Total revenues accrual",NA,"OK",NA
"ar1","Italy","Revenues","2025-02-01",1413.8365578473,NA,NA,NA,NA,NA,NA,NA,2025-02-01,2825.94577286905,"Total revenues accrual",NA,"OK",NA
"ar1","Italy","Revenues","2025-02-05",1413.8365578473,NA,NA,NA,NA,NA,NA,NA,2025-02-01,2825.94577286905,"Total revenues accrual",NA,"OK",NA
"ar1","Italy","Revenues","2025-02-06",1413.8365578473,NA,NA,NA,NA,NA,NA,NA,2025-02-01,2825.94577286905,"Total revenues accrual",NA,"OK",NA
"ar1","Italy","Revenues","2025-02-15",1413.8365578473,NA,NA,NA,NA,NA,NA,NA,2025-02-01,2825.94577286905,"Total revenues accrual",NA,"OK",NA
"ar1","Italy","Revenues","2025-02-27",1413.8365578473,NA,NA,NA,NA,NA,NA,NA,2025-02-01,2825.94577286905,"Total revenues accrual",NA,"OK",NA
"ar1","Italy","Revenues","2025-03-01",1413.8365578473,NA,NA,NA,NA,NA,NA,NA,2025-03-01,2825.94577286905,"Total revenues accrual",NA,"OK",NA
"ar1","Italy","Revenues","2025-03-05",1413.8365578473,NA,NA,NA,NA,NA,NA,NA,2025-03-01,2825.94577286905,"Total revenues accrual",NA,"OK",NA
"ar1","Italy","Revenues","2025-03-06",1413.8365578473,NA,NA,NA,NA,NA,NA,NA,2025-03-01,2825.94577286905,"Total revenues accrual",NA,"OK",NA
"ar1","Italy","Revenues","2025-03-15",1251.8919948678,NA,NA,NA,NA,NA,NA,NA,2025-03-01,-2272.18961520004,"Total revenues accrual",NA,"OK",NA
"ar1","Italy","Revenues","2025-03-27",1251.8919948678,NA,NA,NA,NA,NA,NA,NA,2025-03-01,-2272.18961520004,"Total revenues accrual",NA,"OK",NA
"ar1","Italy","Revenues","2025-04-01",1251.8919948678,NA,NA,NA,NA,NA,NA,NA,2025-04-01,-2272.18961520004,"Total revenues accrual",NA,"OK",NA
"ar1","Italy","Revenues","2025-04-02",1251.8919948678,NA,NA,NA,NA,NA,NA,NA,2025-04-01,-2272.18961520004,"Total revenues accrual",NA,"OK",NA
"ar1","Italy","Revenues","2025-04-05",1251.8919948678,NA,NA,NA,NA,NA,NA,NA,2025-04-01,-2272.18961520004,"Total revenues accrual",NA,"OK",NA
"ar1","Italy","Revenues","2025-04-15",1251.8919948678,NA,NA,NA,NA,NA,NA,NA,2025-04-01,-2272.18961520004,"Total revenues accrual",NA,"OK",NA
"ar1","Italy","Revenues","2025-04-24",1251.8919948678,NA,NA,NA,NA,NA,NA,NA,2025-04-01,-2272.18961520004,"Total revenues accrual",NA,"OK",NA
"ar1","Italy","Revenues","2025-04-27",1251.8919948678,NA,NA,NA,NA,NA,NA,NA,2025-04-01,-2272.18961520004,"Total revenues accrual",NA,"OK",NA
"ar1","Italy","Revenues","2025-05-01",1251.8919948678,NA,NA,NA,NA,NA,NA,NA,2025-05-01,-2272.18961520004,"Total revenues accrual",NA,"OK",NA
"ar1","Italy","Revenues","2025-05-04",1251.8919948678,NA,NA,NA,NA,NA,NA,NA,2025-05-01,-2272.18961520004,"Total revenues accrual",NA,"OK",NA
"ar1","Italy","Revenues","2025-05-05",1251.8919948678,NA,NA,NA,NA,NA,NA,NA,2025-05-01,-2272.18961520004,"Total revenues accrual",NA,"OK",NA
"ar1","Italy","Revenues","2025-05-15",1251.8919948678,NA,NA,NA,NA,NA,NA,NA,2025-05-01,-2272.18961520004,"Total revenues accrual",NA,"OK",NA
"ar1","Italy","Revenues","2025-05-27",1251.8919948678,NA,NA,NA,NA,NA,NA,NA,2025-05-01,-2272.18961520004,"Total revenues accrual",NA,"OK",NA
"ar1","Italy","Revenues","2025-05-29",1251.8919948678,NA,NA,NA,NA,NA,NA,NA,2025-05-01,-2272.18961520004,"Total revenues accrual",NA,"OK",NA
"ar1","Italy","Revenues","2025-06-01",1251.8919948678,NA,NA,NA,NA,NA,NA,NA,2025-06-01,-2272.18961520004,"Total revenues accrual",NA,"OK",NA
"ar1","Italy","Revenues","2025-06-05",1251.8919948678,NA,NA,NA,NA,NA,NA,NA,2025-06-01,-2272.18961520004,"Total revenues accrual",NA,"OK",NA
"ar1","Italy","Revenues","2025-06-07",1251.8919948678,NA,NA,NA,NA,NA,NA,NA,2025-06-01,-2272.18961520004,"Total revenues accrual",NA,"OK",NA
"ar1","Italy","Revenues","2025-06-15",1398.14135943496,NA,NA,NA,NA,NA,NA,NA,2025-06-01,5143.96670661401,"Total revenues accrual",NA,"OK",NA
"ar1","Italy","Revenues","2025-06-26",1398.14135943496,NA,NA,NA,NA,NA,NA,NA,2025-06-01,5143.96670661401,"Total revenues accrual",NA,"OK",NA
"ar1","Italy","Revenues","2025-06-27",1398.14135943496,NA,NA,NA,NA,NA,NA,NA,2025-06-01,5143.96670661401,"Total revenues accrual",NA,"OK",NA
"ar1","Italy","Revenues","2025-07-01",1398.14135943496,NA,NA,NA,NA,NA,NA,NA,2025-07-01,5143.96670661401,"Total revenues accrual",NA,"OK",NA
"ar1","Italy","Revenues","2025-07-02",1398.14135943496,NA,NA,NA,NA,NA,NA,NA,2025-07-01,5143.96670661401,"Total revenues accrual",NA,"OK",NA
"ar1","Italy","Revenues","2025-07-05",1398.14135943496,NA,NA,NA,NA,NA,NA,NA,2025-07-01,5143.96670661401,"Total revenues accrual",NA,"OK",NA
"ar1","Italy","Revenues","2025-07-15",1398.14135943496,NA,NA,NA,NA,NA,NA,NA,2025-07-01,5143.96670661401,"Total revenues accrual",NA,"OK",NA
"ar1","Italy","Revenues","2025-07-27",1398.14135943496,NA,NA,NA,NA,NA,NA,NA,2025-07-01,5143.96670661401,"Total revenues accrual",NA,"OK",NA
"ar1","Italy","Revenues","2025-07-31",1398.14135943496,NA,NA,NA,NA,NA,NA,NA,2025-07-01,5143.96670661401,"Total revenues accrual",NA,"OK",NA
"ar1","Italy","Revenues","2025-08-01",1398.14135943496,NA,NA,NA,NA,NA,NA,NA,2025-08-01,5143.96670661401,"Total revenues accrual",NA,"OK",NA
"ar1","Italy","Revenues","2025-08-05",1398.14135943496,NA,NA,NA,NA,NA,NA,NA,2025-08-01,5143.96670661401,"Total revenues accrual",NA,"OK",NA
"ar1","Italy","Revenues","2025-08-15",1398.14135943496,NA,NA,NA,NA,NA,NA,NA,2025-08-01,5143.96670661401,"Total revenues accrual",NA,"OK",NA
"ar1","Italy","Revenues","2025-08-27",1398.14135943496,NA,NA,NA,NA,NA,NA,NA,2025-08-01,5143.96670661401,"Total revenues accrual",NA,"OK",NA
"ar1","Italy","Revenues","2025-08-28",1398.14135943496,NA,NA,NA,NA,NA,NA,NA,2025-08-01,5143.96670661401,"Total revenues accrual",NA,"OK",NA
"ar1","Italy","Revenues","2025-09-01",1398.14135943496,NA,NA,NA,NA,NA,NA,NA,2025-09-01,5143.96670661401,"Total revenues accrual",NA,"OK",NA
"ar1","Italy","Revenues","2025-09-05",1398.14135943496,NA,NA,NA,NA,NA,NA,NA,2025-09-01,5143.96670661401,"Total revenues accrual",NA,"OK",NA
"ar1","Italy","Revenues","2025-09-15",1353.70599789422,NA,NA,NA,NA,NA,NA,NA,2025-09-01,-1063.63827190502,"Total revenues accrual",NA,"OK",NA
"ar1","Italy","Revenues","2025-09-25",1353.70599789422,NA,NA,NA,NA,NA,NA,NA,2025-09-01,-1063.63827190502,"Total revenues accrual",NA,"OK",NA
"ar1","Italy","Revenues","2025-09-27",1353.70599789422,NA,NA,NA,NA,NA,NA,NA,2025-09-01,-1063.63827190502,"Total revenues accrual",NA,"OK",NA
"ar1","Italy","Revenues","2025-10-01",1353.70599789422,NA,NA,NA,NA,NA,NA,NA,2025-10-01,-1063.63827190502,"Total revenues accrual",NA,"OK",NA
"ar1","Italy","Revenues","2025-10-03",1353.70599789422,NA,NA,NA,NA,NA,NA,NA,2025-10-01,-1063.63827190502,"Total revenues accrual",NA,"OK",NA
"ar1","Italy","Revenues","2025-10-05",1353.70599789422,NA,NA,NA,NA,NA,NA,NA,2025-10-01,-1063.63827190502,"Total revenues accrual",NA,"OK",NA
"ar1","Italy","Revenues","2025-10-15",1353.70599789422,NA,NA,NA,NA,NA,NA,NA,2025-10-01,-1063.63827190502,"Total revenues accrual",NA,"OK",NA
"ar1","Italy","Revenues","2025-10-27",1353.70599789422,NA,NA,NA,NA,NA,NA,NA,2025-10-01,-1063.63827190502,"Total revenues accrual",NA,"OK",NA
"ar1","Italy","Revenues","2025-10-30",1353.70599789422,NA,NA,NA,NA,NA,NA,NA,2025-10-01,-1063.63827190502,"Total revenues accrual",NA,"OK",NA
"ar1","Italy","Revenues","2025-11-01",1353.70599789422,NA,NA,NA,NA,NA,NA,NA,2025-11-01,-1063.63827190502,"Total revenues accrual",NA,"OK",NA
"ar1","Italy","Revenues","2025-11-05",1353.70599789422,NA,NA,NA,NA,NA,NA,NA,2025-11-01,-1063.63827190502,"Total revenues accrual",NA,"OK",NA
"ar1","Italy","Revenues","2025-11-06",1353.70599789422,NA,NA,NA,NA,NA,NA,NA,2025-11-01,-1063.63827190502,"Total revenues accrual",NA,"OK",NA
"ar1","Italy","Revenues","2025-11-15",1353.70599789422,NA,NA,NA,NA,NA,NA,NA,2025-11-01,-1063.63827190502,"Total revenues accrual",NA,"OK",NA
"ar1","Italy","Revenues","2025-11-27",1353.70599789422,NA,NA,NA,NA,NA,NA,NA,2025-11-01,-1063.63827190502,"Total revenues accrual",NA,"OK",NA
"ar1","Italy","Revenues","2025-12-01",1353.70599789422,NA,NA,NA,NA,NA,NA,NA,2025-12-01,-1063.63827190502,"Total revenues accrual",NA,"OK",NA
"ar1","Italy","Revenues","2025-12-05",1353.70599789422,NA,NA,NA,NA,NA,NA,NA,2025-12-01,-1063.63827190502,"Total revenues accrual",NA,"OK",NA
"ar1","Italy","Revenues","2025-12-15",1300.90726815886,NA,NA,NA,NA,NA,NA,NA,2025-12-01,-1063.63827190502,"Total revenues accrual",NA,"OK",NA
"ar1","Italy","Revenues","2025-12-25",1300.90726815886,NA,NA,NA,NA,NA,NA,NA,2025-12-01,-1063.63827190502,"Total revenues accrual",NA,"OK",NA
"ar1","Italy","Revenues","2025-12-27",1300.90726815886,NA,NA,NA,NA,NA,NA,NA,2025-12-01,-1063.63827190502,"Total revenues accrual",NA,"OK",NA
"ar1","Italy","Revenues","2026-01-05",1300.90726815886,NA,NA,NA,NA,NA,NA,NA,2026-01-01,-1063.63827190502,"Total revenues accrual",NA,"OK",NA
"ar1","Italy","Revenues","2026-01-15",1300.90726815886,NA,NA,NA,NA,NA,NA,NA,2026-01-01,-1063.63827190502,"Total revenues accrual",NA,"OK",NA
"ar1","Italy","Revenues","2026-02-05",1300.90726815886,NA,NA,NA,NA,NA,NA,NA,2026-02-01,-1063.63827190502,"Total revenues accrual",NA,"OK",NA
"ar1","Italy","Revenues","2026-02-15",1300.90726815886,NA,NA,NA,NA,NA,NA,NA,2026-02-01,-1063.63827190502,"Total revenues accrual",NA,"OK",NA
"ar1","Italy","Revenues","2026-03-15",1300.90726815886,NA,NA,NA,NA,NA,NA,NA,2026-03-01,-1063.63827190502,"Total revenues accrual",NA,"OK",NA
