"model","country","block","publication_date","nowcast_value","nb_factors","lambda","gamma","cv_mse","df","n_selected","n_selected_groups","date_new","last_obs_y","target_name","selected_columns","status","error"
"rw","France","Revenues","2013-01-01",9196.5,NA,NA,NA,NA,NA,NA,NA,2013-01-01,9196.5,"Total revenues accrual",NA,"OK",NA
"rw","France","Revenues","2013-01-02",9196.5,NA,NA,NA,NA,NA,NA,NA,2013-01-01,9196.5,"Total revenues accrual",NA,"OK",NA
"rw","France","Revenues","2013-01-05",9196.5,NA,NA,NA,NA,NA,NA,NA,2013-01-01,9196.5,"Total revenues accrual",NA,"OK",NA
"rw","France","Revenues","2013-01-15",9196.5,NA,NA,NA,NA,NA,NA,NA,2013-01-01,9196.5,"Total revenues accrual",NA,"OK",NA
"rw","France","Revenues","2013-01-27",9196.5,NA,NA,NA,NA,NA,NA,NA,2013-01-01,9196.5,"Total revenues accrual",NA,"OK",NA
"rw","France","Revenues","2013-01-31",9196.5,NA,NA,NA,NA,NA,NA,NA,2013-01-01,9196.5,"Total revenues accrual",NA,"OK",NA
"rw","France","Revenues","2013-02-01",9196.5,NA,NA,NA,NA,NA,NA,NA,2013-02-01,9196.5,"Total revenues accrual",NA,"OK",NA
"rw","France","Revenues","2013-02-05",9196.5,NA,NA,NA,NA,NA,NA,NA,2013-02-01,9196.5,"Total revenues accrual",NA,"OK",NA
"rw","France","Revenues","2013-02-15",9196.5,NA,NA,NA,NA,NA,NA,NA,2013-02-01,9196.5,"Total revenues accrual",NA,"OK",NA
"rw","France","Revenues","2013-02-27",9196.5,NA,NA,NA,NA,NA,NA,NA,2013-02-01,9196.5,"Total revenues accrual",NA,"OK",NA
"rw","France","Revenues","2013-02-28",9196.5,NA,NA,NA,NA,NA,NA,NA,2013-02-01,9196.5,"Total revenues accrual",NA,"OK",NA
"rw","France","Revenues","2013-03-01",9196.5,NA,NA,NA,NA,NA,NA,NA,2013-03-01,9196.5,"Total revenues accrual",NA,"OK",NA
"rw","France","Revenues","2013-03-05",9196.5,NA,NA,NA,NA,NA,NA,NA,2013-03-01,9196.5,"Total revenues accrual",NA,"OK",NA
"rw","France","Revenues","2013-03-15",-3982.10000000003,NA,NA,NA,NA,NA,NA,NA,2013-03-01,-3982.10000000003,"Total revenues accrual",NA,"OK",NA
"rw","France","Revenues","2013-03-27",-3982.10000000003,NA,NA,NA,NA,NA,NA,NA,2013-03-01,-3982.10000000003,"Total revenues accrual",NA,"OK",NA
"rw","France","Revenues","2013-03-28",-3982.10000000003,NA,NA,NA,NA,NA,NA,NA,2013-03-01,-3982.10000000003,"Total revenues accrual",NA,"OK",NA
"rw","France","Revenues","2013-04-01",-3982.10000000003,NA,NA,NA,NA,NA,NA,NA,2013-04-01,-3982.10000000003,"Total revenues accrual",NA,"OK",NA
"rw","France","Revenues","2013-04-05",-3982.10000000003,NA,NA,NA,NA,NA,NA,NA,2013-04-01,-3982.10000000003,"Total revenues accrual",NA,"OK",NA
"rw","France","Revenues","2013-04-15",-3982.10000000003,NA,NA,NA,NA,NA,NA,NA,2013-04-01,-3982.10000000003,"Total revenues accrual",NA,"OK",NA
"rw","France","Revenues","2013-04-25",-3982.10000000003,NA,NA,NA,NA,NA,NA,NA,2013-04-01,-3982.10000000003,"Total revenues accrual",NA,"OK",NA
"rw","France","Revenues","2013-04-27",-3982.10000000003,NA,NA,NA,NA,NA,NA,NA,2013-04-01,-3982.10000000003,"Total revenues accrual",NA,"OK",NA
"rw","France","Revenues","2013-05-01",-3982.10000000003,NA,NA,NA,NA,NA,NA,NA,2013-05-01,-3982.10000000003,"Total revenues accrual",NA,"OK",NA
"rw","France","Revenues","2013-05-03",-3982.10000000003,NA,NA,NA,NA,NA,NA,NA,2013-05-01,-3982.10000000003,"Total revenues accrual",NA,"OK",NA
"rw","France","Revenues","2013-05-05",-3982.10000000003,NA,NA,NA,NA,NA,NA,NA,2013-05-01,-3982.10000000003,"Total revenues accrual",NA,"OK",NA
"rw","France","Revenues","2013-05-15",-3982.10000000003,NA,NA,NA,NA,NA,NA,NA,2013-05-01,-3982.10000000003,"Total revenues accrual",NA,"OK",NA
"rw","France","Revenues","2013-05-27",-3982.10000000003,NA,NA,NA,NA,NA,NA,NA,2013-05-01,-3982.10000000003,"Total revenues accrual",NA,"OK",NA
"rw","France","Revenues","2013-05-30",-3982.10000000003,NA,NA,NA,NA,NA,NA,NA,2013-05-01,-3982.10000000003,"Total revenues accrual",NA,"OK",NA
"rw","France","Revenues","2013-06-01",-3982.10000000003,NA,NA,NA,NA,NA,NA,NA,2013-06-01,-3982.10000000003,"Total revenues accrual",NA,"OK",NA
"rw","France","Revenues","2013-06-05",-3982.10000000003,NA,NA,NA,NA,NA,NA,NA,2013-06-01,-3982.10000000003,"Total revenues accrual",NA,"OK",NA
"rw","France","Revenues","2013-06-06",-3982.10000000003,NA,NA,NA,NA,NA,NA,NA,2013-06-01,-3982.10000000003,"Total revenues accrual",NA,"OK",NA
"rw","France","Revenues","2013-06-15",3542.70000000001,NA,NA,NA,NA,NA,NA,NA,2013-06-01,3542.70000000001,"Total revenues accrual",NA,"OK",NA
"rw","France","Revenues","2013-06-27",3542.70000000001,NA,NA,NA,NA,NA,NA,NA,2013-06-01,3542.70000000001,"Total revenues accrual",NA,"OK",NA
"rw","France","Revenues","2013-07-01",3542.70000000001,NA,NA,NA,NA,NA,NA,NA,2013-07-01,3542.70000000001,"Total revenues accrual",NA,"OK",NA
"rw","France","Revenues","2013-07-05",3542.70000000001,NA,NA,NA,NA,NA,NA,NA,2013-07-01,3542.70000000001,"Total revenues accrual",NA,"OK",NA
"rw","France","Revenues","2013-07-15",3542.70000000001,NA,NA,NA,NA,NA,NA,NA,2013-07-01,3542.70000000001,"Total revenues accrual",NA,"OK",NA
"rw","France","Revenues","2013-07-25",3542.70000000001,NA,NA,NA,NA,NA,NA,NA,2013-07-01,3542.70000000001,"Total revenues accrual",NA,"OK",NA
"rw","France","Revenues","2013-07-27",3542.70000000001,NA,NA,NA,NA,NA,NA,NA,2013-07-01,3542.70000000001,"Total revenues accrual",NA,"OK",NA
"rw","France","Revenues","2013-08-01",3542.70000000001,NA,NA,NA,NA,NA,NA,NA,2013-08-01,3542.70000000001,"Total revenues accrual",NA,"OK",NA
"rw","France","Revenues","2013-08-04",3542.70000000001,NA,NA,NA,NA,NA,NA,NA,2013-08-01,3542.70000000001,"Total revenues accrual",NA,"OK",NA
"rw","France","Revenues","2013-08-05",3542.70000000001,NA,NA,NA,NA,NA,NA,NA,2013-08-01,3542.70000000001,"Total revenues accrual",NA,"OK",NA
"rw","France","Revenues","2013-08-15",3542.70000000001,NA,NA,NA,NA,NA,NA,NA,2013-08-01,3542.70000000001,"Total revenues accrual",NA,"OK",NA
"rw","France","Revenues","2013-08-27",3542.70000000001,NA,NA,NA,NA,NA,NA,NA,2013-08-01,3542.70000000001,"Total revenues accrual",NA,"OK",NA
"rw","France","Revenues","2013-08-29",3542.70000000001,NA,NA,NA,NA,NA,NA,NA,2013-08-01,3542.70000000001,"Total revenues accrual",NA,"OK",NA
"rw","France","Revenues","2013-09-01",3542.70000000001,NA,NA,NA,NA,NA,NA,NA,2013-09-01,3542.70000000001,"Total revenues accrual",NA,"OK",NA
"rw","France","Revenues","2013-09-05",3542.70000000001,NA,NA,NA,NA,NA,NA,NA,2013-09-01,3542.70000000001,"Total revenues accrual",NA,"OK",NA
"rw","France","Revenues","2013-09-07",3542.70000000001,NA,NA,NA,NA,NA,NA,NA,2013-09-01,3542.70000000001,"Total revenues accrual",NA,"OK",NA
"rw","France","Revenues","2013-09-15",2809.29999999999,NA,NA,NA,NA,NA,NA,NA,2013-09-01,2809.29999999999,"Total revenues accrual",NA,"OK",NA
"rw","France","Revenues","2013-09-26",2809.29999999999,NA,NA,NA,NA,NA,NA,NA,2013-09-01,2809.29999999999,"Total revenues accrual",NA,"OK",NA
"rw","France","Revenues","2013-09-27",2809.29999999999,NA,NA,NA,NA,NA,NA,NA,2013-09-01,2809.29999999999,"Total revenues accrual",NA,"OK",NA
"rw","France","Revenues","2013-10-01",2809.29999999999,NA,NA,NA,NA,NA,NA,NA,2013-10-01,2809.29999999999,"Total revenues accrual",NA,"OK",NA
"rw","France","Revenues","2013-10-02",2809.29999999999,NA,NA,NA,NA,NA,NA,NA,2013-10-01,2809.29999999999,"Total revenues accrual",NA,"OK",NA
"rw","France","Revenues","2013-10-05",2809.29999999999,NA,NA,NA,NA,NA,NA,NA,2013-10-01,2809.29999999999,"Total revenues accrual",NA,"OK",NA
"rw","France","Revenues","2013-10-15",2809.29999999999,NA,NA,NA,NA,NA,NA,NA,2013-10-01,2809.29999999999,"Total revenues accrual",NA,"OK",NA
"rw","France","Revenues","2013-10-27",2809.29999999999,NA,NA,NA,NA,NA,NA,NA,2013-10-01,2809.29999999999,"Total revenues accrual",NA,"OK",NA
"rw","France","Revenues","2013-10-31",2809.29999999999,NA,NA,NA,NA,NA,NA,NA,2013-10-01,2809.29999999999,"Total revenues accrual",NA,"OK",NA
"rw","France","Revenues","2013-11-01",2809.29999999999,NA,NA,NA,NA,NA,NA,NA,2013-11-01,2809.29999999999,"Total revenues accrual",NA,"OK",NA
"rw","France","Revenues","2013-11-05",2809.29999999999,NA,NA,NA,NA,NA,NA,NA,2013-11-01,2809.29999999999,"Total revenues accrual",NA,"OK",NA
"rw","France","Revenues","2013-11-15",2809.29999999999,NA,NA,NA,NA,NA,NA,NA,2013-11-01,2809.29999999999,"Total revenues accrual",NA,"OK",NA
"rw","France","Revenues","2013-11-27",2809.29999999999,NA,NA,NA,NA,NA,NA,NA,2013-11-01,2809.29999999999,"Total revenues accrual",NA,"OK",NA
"rw","France","Revenues","2013-11-28",2809.29999999999,NA,NA,NA,NA,NA,NA,NA,2013-11-01,2809.29999999999,"Total revenues accrual",NA,"OK",NA
"rw","France","Revenues","2013-12-01",2809.29999999999,NA,NA,NA,NA,NA,NA,NA,2013-12-01,2809.29999999999,"Total revenues accrual",NA,"OK",NA
"rw","France","Revenues","2013-12-05",2809.29999999999,NA,NA,NA,NA,NA,NA,NA,2013-12-01,2809.29999999999,"Total revenues accrual",NA,"OK",NA
"rw","France","Revenues","2013-12-07",2809.29999999999,NA,NA,NA,NA,NA,NA,NA,2013-12-01,2809.29999999999,"Total revenues accrual",NA,"OK",NA
"rw","France","Revenues","2013-12-15",1908.20000000001,NA,NA,NA,NA,NA,NA,NA,2013-12-01,1908.20000000001,"Total revenues accrual",NA,"OK",NA
"rw","France","Revenues","2013-12-26",1908.20000000001,NA,NA,NA,NA,NA,NA,NA,2013-12-01,1908.20000000001,"Total revenues accrual",NA,"OK",NA
"rw","France","Revenues","2013-12-27",1908.20000000001,NA,NA,NA,NA,NA,NA,NA,2013-12-01,1908.20000000001,"Total revenues accrual",NA,"OK",NA
"rw","France","Revenues","2014-01-01",1908.20000000001,NA,NA,NA,NA,NA,NA,NA,2014-01-01,1908.20000000001,"Total revenues accrual",NA,"OK",NA
"rw","France","Revenues","2014-01-03",1908.20000000001,NA,NA,NA,NA,NA,NA,NA,2014-01-01,1908.20000000001,"Total revenues accrual",NA,"OK",NA
"rw","France","Revenues","2014-01-05",1908.20000000001,NA,NA,NA,NA,NA,NA,NA,2014-01-01,1908.20000000001,"Total revenues accrual",NA,"OK",NA
"rw","France","Revenues","2014-01-15",1908.20000000001,NA,NA,NA,NA,NA,NA,NA,2014-01-01,1908.20000000001,"Total revenues accrual",NA,"OK",NA
"rw","France","Revenues","2014-01-27",1908.20000000001,NA,NA,NA,NA,NA,NA,NA,2014-01-01,1908.20000000001,"Total revenues accrual",NA,"OK",NA
"rw","France","Revenues","2014-01-30",1908.20000000001,NA,NA,NA,NA,NA,NA,NA,2014-01-01,1908.20000000001,"Total revenues accrual",NA,"OK",NA
"rw","France","Revenues","2014-02-01",1908.20000000001,NA,NA,NA,NA,NA,NA,NA,2014-02-01,1908.20000000001,"Total revenues accrual",NA,"OK",NA
"rw","France","Revenues","2014-02-05",1908.20000000001,NA,NA,NA,NA,NA,NA,NA,2014-02-01,1908.20000000001,"Total revenues accrual",NA,"OK",NA
"rw","France","Revenues","2014-02-06",1908.20000000001,NA,NA,NA,NA,NA,NA,NA,2014-02-01,1908.20000000001,"Total revenues accrual",NA,"OK",NA
"rw","France","Revenues","2014-02-15",1908.20000000001,NA,NA,NA,NA,NA,NA,NA,2014-02-01,1908.20000000001,"Total revenues accrual",NA,"OK",NA
"rw","France","Revenues","2014-02-27",1908.20000000001,NA,NA,NA,NA,NA,NA,NA,2014-02-01,1908.20000000001,"Total revenues accrual",NA,"OK",NA
"rw","France","Revenues","2014-03-01",1908.20000000001,NA,NA,NA,NA,NA,NA,NA,2014-03-01,1908.20000000001,"Total revenues accrual",NA,"OK",NA
"rw","France","Revenues","2014-03-05",1908.20000000001,NA,NA,NA,NA,NA,NA,NA,2014-03-01,1908.20000000001,"Total revenues accrual",NA,"OK",NA
"rw","France","Revenues","2014-03-06",1908.20000000001,NA,NA,NA,NA,NA,NA,NA,2014-03-01,1908.20000000001,"Total revenues accrual",NA,"OK",NA
"rw","France","Revenues","2014-03-15",1217.90000000002,NA,NA,NA,NA,NA,NA,NA,2014-03-01,1217.90000000002,"Total revenues accrual",NA,"OK",NA
"rw","France","Revenues","2014-03-27",1217.90000000002,NA,NA,NA,NA,NA,NA,NA,2014-03-01,1217.90000000002,"Total revenues accrual",NA,"OK",NA
"rw","France","Revenues","2014-04-01",1217.90000000002,NA,NA,NA,NA,NA,NA,NA,2014-04-01,1217.90000000002,"Total revenues accrual",NA,"OK",NA
"rw","France","Revenues","2014-04-02",1217.90000000002,NA,NA,NA,NA,NA,NA,NA,2014-04-01,1217.90000000002,"Total revenues accrual",NA,"OK",NA
"rw","France","Revenues","2014-04-05",1217.90000000002,NA,NA,NA,NA,NA,NA,NA,2014-04-01,1217.90000000002,"Total revenues accrual",NA,"OK",NA
"rw","France","Revenues","2014-04-15",1217.90000000002,NA,NA,NA,NA,NA,NA,NA,2014-04-01,1217.90000000002,"Total revenues accrual",NA,"OK",NA
"rw","France","Revenues","2014-04-24",1217.90000000002,NA,NA,NA,NA,NA,NA,NA,2014-04-01,1217.90000000002,"Total revenues accrual",NA,"OK",NA
"rw","France","Revenues","2014-04-27",1217.90000000002,NA,NA,NA,NA,NA,NA,NA,2014-04-01,1217.90000000002,"Total revenues accrual",NA,"OK",NA
"rw","France","Revenues","2014-05-01",1217.90000000002,NA,NA,NA,NA,NA,NA,NA,2014-05-01,1217.90000000002,"Total revenues accrual",NA,"OK",NA
"rw","France","Revenues","2014-05-04",1217.90000000002,NA,NA,NA,NA,NA,NA,NA,2014-05-01,1217.90000000002,"Total revenues accrual",NA,"OK",NA
"rw","France","Revenues","2014-05-05",1217.90000000002,NA,NA,NA,NA,NA,NA,NA,2014-05-01,1217.90000000002,"Total revenues accrual",NA,"OK",NA
"rw","France","Revenues","2014-05-15",1217.90000000002,NA,NA,NA,NA,NA,NA,NA,2014-05-01,1217.90000000002,"Total revenues accrual",NA,"OK",NA
"rw","France","Revenues","2014-05-27",1217.90000000002,NA,NA,NA,NA,NA,NA,NA,2014-05-01,1217.90000000002,"Total revenues accrual",NA,"OK",NA
"rw","France","Revenues","2014-05-29",1217.90000000002,NA,NA,NA,NA,NA,NA,NA,2014-05-01,1217.90000000002,"Total revenues accrual",NA,"OK",NA
"rw","France","Revenues","2014-06-01",1217.90000000002,NA,NA,NA,NA,NA,NA,NA,2014-06-01,1217.90000000002,"Total revenues accrual",NA,"OK",NA
"rw","France","Revenues","2014-06-05",1217.90000000002,NA,NA,NA,NA,NA,NA,NA,2014-06-01,1217.90000000002,"Total revenues accrual",NA,"OK",NA
"rw","France","Revenues","2014-06-07",1217.90000000002,NA,NA,NA,NA,NA,NA,NA,2014-06-01,1217.90000000002,"Total revenues accrual",NA,"OK",NA
"rw","France","Revenues","2014-06-15",-567.5,NA,NA,NA,NA,NA,NA,NA,2014-06-01,-567.5,"Total revenues accrual",NA,"OK",NA
"rw","France","Revenues","2014-06-26",-567.5,NA,NA,NA,NA,NA,NA,NA,2014-06-01,-567.5,"Total revenues accrual",NA,"OK",NA
"rw","France","Revenues","2014-06-27",-567.5,NA,NA,NA,NA,NA,NA,NA,2014-06-01,-567.5,"Total revenues accrual",NA,"OK",NA
"rw","France","Revenues","2014-07-01",-567.5,NA,NA,NA,NA,NA,NA,NA,2014-07-01,-567.5,"Total revenues accrual",NA,"OK",NA
"rw","France","Revenues","2014-07-02",-567.5,NA,NA,NA,NA,NA,NA,NA,2014-07-01,-567.5,"Total revenues accrual",NA,"OK",NA
"rw","France","Revenues","2014-07-05",-567.5,NA,NA,NA,NA,NA,NA,NA,2014-07-01,-567.5,"Total revenues accrual",NA,"OK",NA
"rw","France","Revenues","2014-07-15",-567.5,NA,NA,NA,NA,NA,NA,NA,2014-07-01,-567.5,"Total revenues accrual",NA,"OK",NA
"rw","France","Revenues","2014-07-27",-567.5,NA,NA,NA,NA,NA,NA,NA,2014-07-01,-567.5,"Total revenues accrual",NA,"OK",NA
"rw","France","Revenues","2014-07-31",-567.5,NA,NA,NA,NA,NA,NA,NA,2014-07-01,-567.5,"Total revenues accrual",NA,"OK",NA
"rw","France","Revenues","2014-08-01",-567.5,NA,NA,NA,NA,NA,NA,NA,2014-08-01,-567.5,"Total revenues accrual",NA,"OK",NA
"rw","France","Revenues","2014-08-05",-567.5,NA,NA,NA,NA,NA,NA,NA,2014-08-01,-567.5,"Total revenues accrual",NA,"OK",NA
"rw","France","Revenues","2014-08-15",-567.5,NA,NA,NA,NA,NA,NA,NA,2014-08-01,-567.5,"Total revenues accrual",NA,"OK",NA
"rw","France","Revenues","2014-08-27",-567.5,NA,NA,NA,NA,NA,NA,NA,2014-08-01,-567.5,"Total revenues accrual",NA,"OK",NA
"rw","France","Revenues","2014-08-28",-567.5,NA,NA,NA,NA,NA,NA,NA,2014-08-01,-567.5,"Total revenues accrual",NA,"OK",NA
"rw","France","Revenues","2014-09-01",-567.5,NA,NA,NA,NA,NA,NA,NA,2014-09-01,-567.5,"Total revenues accrual",NA,"OK",NA
"rw","France","Revenues","2014-09-05",-567.5,NA,NA,NA,NA,NA,NA,NA,2014-09-01,-567.5,"Total revenues accrual",NA,"OK",NA
"rw","France","Revenues","2014-09-15",2032.89999999997,NA,NA,NA,NA,NA,NA,NA,2014-09-01,2032.89999999997,"Total revenues accrual",NA,"OK",NA
"rw","France","Revenues","2014-09-25",2032.89999999997,NA,NA,NA,NA,NA,NA,NA,2014-09-01,2032.89999999997,"Total revenues accrual",NA,"OK",NA
"rw","France","Revenues","2014-09-27",2032.89999999997,NA,NA,NA,NA,NA,NA,NA,2014-09-01,2032.89999999997,"Total revenues accrual",NA,"OK",NA
"rw","France","Revenues","2014-10-01",2032.89999999997,NA,NA,NA,NA,NA,NA,NA,2014-10-01,2032.89999999997,"Total revenues accrual",NA,"OK",NA
"rw","France","Revenues","2014-10-03",2032.89999999997,NA,NA,NA,NA,NA,NA,NA,2014-10-01,2032.89999999997,"Total revenues accrual",NA,"OK",NA
"rw","France","Revenues","2014-10-05",2032.89999999997,NA,NA,NA,NA,NA,NA,NA,2014-10-01,2032.89999999997,"Total revenues accrual",NA,"OK",NA
"rw","France","Revenues","2014-10-15",2032.89999999997,NA,NA,NA,NA,NA,NA,NA,2014-10-01,2032.89999999997,"Total revenues accrual",NA,"OK",NA
"rw","France","Revenues","2014-10-27",2032.89999999997,NA,NA,NA,NA,NA,NA,NA,2014-10-01,2032.89999999997,"Total revenues accrual",NA,"OK",NA
"rw","France","Revenues","2014-10-30",2032.89999999997,NA,NA,NA,NA,NA,NA,NA,2014-10-01,2032.89999999997,"Total revenues accrual",NA,"OK",NA
"rw","France","Revenues","2014-11-01",2032.89999999997,NA,NA,NA,NA,NA,NA,NA,2014-11-01,2032.89999999997,"Total revenues accrual",NA,"OK",NA
"rw","France","Revenues","2014-11-05",2032.89999999997,NA,NA,NA,NA,NA,NA,NA,2014-11-01,2032.89999999997,"Total revenues accrual",NA,"OK",NA
"rw","France","Revenues","2014-11-06",2032.89999999997,NA,NA,NA,NA,NA,NA,NA,2014-11-01,2032.89999999997,"Total revenues accrual",NA,"OK",NA
"rw","France","Revenues","2014-11-15",2032.89999999997,NA,NA,NA,NA,NA,NA,NA,2014-11-01,2032.89999999997,"Total revenues accrual",NA,"OK",NA
"rw","France","Revenues","2014-11-27",2032.89999999997,NA,NA,NA,NA,NA,NA,NA,2014-11-01,2032.89999999997,"Total revenues accrual",NA,"OK",NA
"rw","France","Revenues","2014-12-01",2032.89999999997,NA,NA,NA,NA,NA,NA,NA,2014-12-01,2032.89999999997,"Total revenues accrual",NA,"OK",NA
"rw","France","Revenues","2014-12-05",2032.89999999997,NA,NA,NA,NA,NA,NA,NA,2014-12-01,2032.89999999997,"Total revenues accrual",NA,"OK",NA
"rw","France","Revenues","2014-12-15",-482.399999999965,NA,NA,NA,NA,NA,NA,NA,2014-12-01,-482.399999999965,"Total revenues accrual",NA,"OK",NA
"rw","France","Revenues","2014-12-25",-482.399999999965,NA,NA,NA,NA,NA,NA,NA,2014-12-01,-482.399999999965,"Total revenues accrual",NA,"OK",NA
"rw","France","Revenues","2014-12-27",-482.399999999965,NA,NA,NA,NA,NA,NA,NA,2014-12-01,-482.399999999965,"Total revenues accrual",NA,"OK",NA
"rw","France","Revenues","2015-01-01",-482.399999999965,NA,NA,NA,NA,NA,NA,NA,2015-01-01,-482.399999999965,"Total revenues accrual",NA,"OK",NA
"rw","France","Revenues","2015-01-04",-482.399999999965,NA,NA,NA,NA,NA,NA,NA,2015-01-01,-482.399999999965,"Total revenues accrual",NA,"OK",NA
"rw","France","Revenues","2015-01-05",-482.399999999965,NA,NA,NA,NA,NA,NA,NA,2015-01-01,-482.399999999965,"Total revenues accrual",NA,"OK",NA
"rw","France","Revenues","2015-01-15",-482.399999999965,NA,NA,NA,NA,NA,NA,NA,2015-01-01,-482.399999999965,"Total revenues accrual",NA,"OK",NA
"rw","France","Revenues","2015-01-27",-482.399999999965,NA,NA,NA,NA,NA,NA,NA,2015-01-01,-482.399999999965,"Total revenues accrual",NA,"OK",NA
"rw","France","Revenues","2015-01-29",-482.399999999965,NA,NA,NA,NA,NA,NA,NA,2015-01-01,-482.399999999965,"Total revenues accrual",NA,"OK",NA
"rw","France","Revenues","2015-02-01",-482.399999999965,NA,NA,NA,NA,NA,NA,NA,2015-02-01,-482.399999999965,"Total revenues accrual",NA,"OK",NA
"rw","France","Revenues","2015-02-05",-482.399999999965,NA,NA,NA,NA,NA,NA,NA,2015-02-01,-482.399999999965,"Total revenues accrual",NA,"OK",NA
"rw","France","Revenues","2015-02-07",-482.399999999965,NA,NA,NA,NA,NA,NA,NA,2015-02-01,-482.399999999965,"Total revenues accrual",NA,"OK",NA
"rw","France","Revenues","2015-02-15",-482.399999999965,NA,NA,NA,NA,NA,NA,NA,2015-02-01,-482.399999999965,"Total revenues accrual",NA,"OK",NA
"rw","France","Revenues","2015-02-26",-482.399999999965,NA,NA,NA,NA,NA,NA,NA,2015-02-01,-482.399999999965,"Total revenues accrual",NA,"OK",NA
"rw","France","Revenues","2015-02-27",-482.399999999965,NA,NA,NA,NA,NA,NA,NA,2015-02-01,-482.399999999965,"Total revenues accrual",NA,"OK",NA
"rw","France","Revenues","2015-03-01",-482.399999999965,NA,NA,NA,NA,NA,NA,NA,2015-03-01,-482.399999999965,"Total revenues accrual",NA,"OK",NA
"rw","France","Revenues","2015-03-05",-482.399999999965,NA,NA,NA,NA,NA,NA,NA,2015-03-01,-482.399999999965,"Total revenues accrual",NA,"OK",NA
"rw","France","Revenues","2015-03-07",-482.399999999965,NA,NA,NA,NA,NA,NA,NA,2015-03-01,-482.399999999965,"Total revenues accrual",NA,"OK",NA
"rw","France","Revenues","2015-03-15",3563.79999999999,NA,NA,NA,NA,NA,NA,NA,2015-03-01,3563.79999999999,"Total revenues accrual",NA,"OK",NA
"rw","France","Revenues","2015-03-26",3563.79999999999,NA,NA,NA,NA,NA,NA,NA,2015-03-01,3563.79999999999,"Total revenues accrual",NA,"OK",NA
"rw","France","Revenues","2015-03-27",3563.79999999999,NA,NA,NA,NA,NA,NA,NA,2015-03-01,3563.79999999999,"Total revenues accrual",NA,"OK",NA
"rw","France","Revenues","2015-04-01",3563.79999999999,NA,NA,NA,NA,NA,NA,NA,2015-04-01,3563.79999999999,"Total revenues accrual",NA,"OK",NA
"rw","France","Revenues","2015-04-03",3563.79999999999,NA,NA,NA,NA,NA,NA,NA,2015-04-01,3563.79999999999,"Total revenues accrual",NA,"OK",NA
"rw","France","Revenues","2015-04-05",3563.79999999999,NA,NA,NA,NA,NA,NA,NA,2015-04-01,3563.79999999999,"Total revenues accrual",NA,"OK",NA
"rw","France","Revenues","2015-04-15",3563.79999999999,NA,NA,NA,NA,NA,NA,NA,2015-04-01,3563.79999999999,"Total revenues accrual",NA,"OK",NA
"rw","France","Revenues","2015-04-27",3563.79999999999,NA,NA,NA,NA,NA,NA,NA,2015-04-01,3563.79999999999,"Total revenues accrual",NA,"OK",NA
"rw","France","Revenues","2015-04-30",3563.79999999999,NA,NA,NA,NA,NA,NA,NA,2015-04-01,3563.79999999999,"Total revenues accrual",NA,"OK",NA
"rw","France","Revenues","2015-05-01",3563.79999999999,NA,NA,NA,NA,NA,NA,NA,2015-05-01,3563.79999999999,"Total revenues accrual",NA,"OK",NA
"rw","France","Revenues","2015-05-05",3563.79999999999,NA,NA,NA,NA,NA,NA,NA,2015-05-01,3563.79999999999,"Total revenues accrual",NA,"OK",NA
"rw","France","Revenues","2015-05-15",3563.79999999999,NA,NA,NA,NA,NA,NA,NA,2015-05-01,3563.79999999999,"Total revenues accrual",NA,"OK",NA
"rw","France","Revenues","2015-05-27",3563.79999999999,NA,NA,NA,NA,NA,NA,NA,2015-05-01,3563.79999999999,"Total revenues accrual",NA,"OK",NA
"rw","France","Revenues","2015-05-28",3563.79999999999,NA,NA,NA,NA,NA,NA,NA,2015-05-01,3563.79999999999,"Total revenues accrual",NA,"OK",NA
"rw","France","Revenues","2015-06-01",3563.79999999999,NA,NA,NA,NA,NA,NA,NA,2015-06-01,3563.79999999999,"Total revenues accrual",NA,"OK",NA
"rw","France","Revenues","2015-06-05",3563.79999999999,NA,NA,NA,NA,NA,NA,NA,2015-06-01,3563.79999999999,"Total revenues accrual",NA,"OK",NA
"rw","France","Revenues","2015-06-15",660.299999999988,NA,NA,NA,NA,NA,NA,NA,2015-06-01,660.299999999988,"Total revenues accrual",NA,"OK",NA
"rw","France","Revenues","2015-06-25",660.299999999988,NA,NA,NA,NA,NA,NA,NA,2015-06-01,660.299999999988,"Total revenues accrual",NA,"OK",NA
"rw","France","Revenues","2015-06-27",660.299999999988,NA,NA,NA,NA,NA,NA,NA,2015-06-01,660.299999999988,"Total revenues accrual",NA,"OK",NA
"rw","France","Revenues","2015-07-01",660.299999999988,NA,NA,NA,NA,NA,NA,NA,2015-07-01,660.299999999988,"Total revenues accrual",NA,"OK",NA
"rw","France","Revenues","2015-07-03",660.299999999988,NA,NA,NA,NA,NA,NA,NA,2015-07-01,660.299999999988,"Total revenues accrual",NA,"OK",NA
"rw","France","Revenues","2015-07-05",660.299999999988,NA,NA,NA,NA,NA,NA,NA,2015-07-01,660.299999999988,"Total revenues accrual",NA,"OK",NA
"rw","France","Revenues","2015-07-15",660.299999999988,NA,NA,NA,NA,NA,NA,NA,2015-07-01,660.299999999988,"Total revenues accrual",NA,"OK",NA
"rw","France","Revenues","2015-07-27",660.299999999988,NA,NA,NA,NA,NA,NA,NA,2015-07-01,660.299999999988,"Total revenues accrual",NA,"OK",NA
"rw","France","Revenues","2015-07-30",660.299999999988,NA,NA,NA,NA,NA,NA,NA,2015-07-01,660.299999999988,"Total revenues accrual",NA,"OK",NA
"rw","France","Revenues","2015-08-01",660.299999999988,NA,NA,NA,NA,NA,NA,NA,2015-08-01,660.299999999988,"Total revenues accrual",NA,"OK",NA
"rw","France","Revenues","2015-08-05",660.299999999988,NA,NA,NA,NA,NA,NA,NA,2015-08-01,660.299999999988,"Total revenues accrual",NA,"OK",NA
"rw","France","Revenues","2015-08-06",660.299999999988,NA,NA,NA,NA,NA,NA,NA,2015-08-01,660.299999999988,"Total revenues accrual",NA,"OK",NA
"rw","France","Revenues","2015-08-15",660.299999999988,NA,NA,NA,NA,NA,NA,NA,2015-08-01,660.299999999988,"Total revenues accrual",NA,"OK",NA
"rw","France","Revenues","2015-08-27",660.299999999988,NA,NA,NA,NA,NA,NA,NA,2015-08-01,660.299999999988,"Total revenues accrual",NA,"OK",NA
"rw","France","Revenues","2015-09-01",660.299999999988,NA,NA,NA,NA,NA,NA,NA,2015-09-01,660.299999999988,"Total revenues accrual",NA,"OK",NA
"rw","France","Revenues","2015-09-02",660.299999999988,NA,NA,NA,NA,NA,NA,NA,2015-09-01,660.299999999988,"Total revenues accrual",NA,"OK",NA
"rw","France","Revenues","2015-09-05",660.299999999988,NA,NA,NA,NA,NA,NA,NA,2015-09-01,660.299999999988,"Total revenues accrual",NA,"OK",NA
"rw","France","Revenues","2015-09-15",2243.90000000002,NA,NA,NA,NA,NA,NA,NA,2015-09-01,2243.90000000002,"Total revenues accrual",NA,"OK",NA
"rw","France","Revenues","2015-09-24",2243.90000000002,NA,NA,NA,NA,NA,NA,NA,2015-09-01,2243.90000000002,"Total revenues accrual",NA,"OK",NA
"rw","France","Revenues","2015-09-27",2243.90000000002,NA,NA,NA,NA,NA,NA,NA,2015-09-01,2243.90000000002,"Total revenues accrual",NA,"OK",NA
"rw","France","Revenues","2015-10-01",2243.90000000002,NA,NA,NA,NA,NA,NA,NA,2015-10-01,2243.90000000002,"Total revenues accrual",NA,"OK",NA
"rw","France","Revenues","2015-10-04",2243.90000000002,NA,NA,NA,NA,NA,NA,NA,2015-10-01,2243.90000000002,"Total revenues accrual",NA,"OK",NA
"rw","France","Revenues","2015-10-05",2243.90000000002,NA,NA,NA,NA,NA,NA,NA,2015-10-01,2243.90000000002,"Total revenues accrual",NA,"OK",NA
"rw","France","Revenues","2015-10-15",2243.90000000002,NA,NA,NA,NA,NA,NA,NA,2015-10-01,2243.90000000002,"Total revenues accrual",NA,"OK",NA
"rw","France","Revenues","2015-10-27",2243.90000000002,NA,NA,NA,NA,NA,NA,NA,2015-10-01,2243.90000000002,"Total revenues accrual",NA,"OK",NA
"rw","France","Revenues","2015-10-29",2243.90000000002,NA,NA,NA,NA,NA,NA,NA,2015-10-01,2243.90000000002,"Total revenues accrual",NA,"OK",NA
"rw","France","Revenues","2015-11-01",2243.90000000002,NA,NA,NA,NA,NA,NA,NA,2015-11-01,2243.90000000002,"Total revenues accrual",NA,"OK",NA
"rw","France","Revenues","2015-11-05",2243.90000000002,NA,NA,NA,NA,NA,NA,NA,2015-11-01,2243.90000000002,"Total revenues accrual",NA,"OK",NA
"rw","France","Revenues","2015-11-07",2243.90000000002,NA,NA,NA,NA,NA,NA,NA,2015-11-01,2243.90000000002,"Total revenues accrual",NA,"OK",NA
"rw","France","Revenues","2015-11-15",2243.90000000002,NA,NA,NA,NA,NA,NA,NA,2015-11-01,2243.90000000002,"Total revenues accrual",NA,"OK",NA
"rw","France","Revenues","2015-11-26",2243.90000000002,NA,NA,NA,NA,NA,NA,NA,2015-11-01,2243.90000000002,"Total revenues accrual",NA,"OK",NA
"rw","France","Revenues","2015-11-27",2243.90000000002,NA,NA,NA,NA,NA,NA,NA,2015-11-01,2243.90000000002,"Total revenues accrual",NA,"OK",NA
"rw","France","Revenues","2015-12-01",2243.90000000002,NA,NA,NA,NA,NA,NA,NA,2015-12-01,2243.90000000002,"Total revenues accrual",NA,"OK",NA
"rw","France","Revenues","2015-12-02",2243.90000000002,NA,NA,NA,NA,NA,NA,NA,2015-12-01,2243.90000000002,"Total revenues accrual",NA,"OK",NA
"rw","France","Revenues","2015-12-05",2243.90000000002,NA,NA,NA,NA,NA,NA,NA,2015-12-01,2243.90000000002,"Total revenues accrual",NA,"OK",NA
"rw","France","Revenues","2015-12-15",108.5,NA,NA,NA,NA,NA,NA,NA,2015-12-01,108.5,"Total revenues accrual",NA,"OK",NA
"rw","France","Revenues","2015-12-27",108.5,NA,NA,NA,NA,NA,NA,NA,2015-12-01,108.5,"Total revenues accrual",NA,"OK",NA
"rw","France","Revenues","2015-12-31",108.5,NA,NA,NA,NA,NA,NA,NA,2015-12-01,108.5,"Total revenues accrual",NA,"OK",NA
"rw","France","Revenues","2016-01-01",108.5,NA,NA,NA,NA,NA,NA,NA,2016-01-01,108.5,"Total revenues accrual",NA,"OK",NA
"rw","France","Revenues","2016-01-05",108.5,NA,NA,NA,NA,NA,NA,NA,2016-01-01,108.5,"Total revenues accrual",NA,"OK",NA
"rw","France","Revenues","2016-01-15",108.5,NA,NA,NA,NA,NA,NA,NA,2016-01-01,108.5,"Total revenues accrual",NA,"OK",NA
"rw","France","Revenues","2016-01-27",108.5,NA,NA,NA,NA,NA,NA,NA,2016-01-01,108.5,"Total revenues accrual",NA,"OK",NA
"rw","France","Revenues","2016-01-28",108.5,NA,NA,NA,NA,NA,NA,NA,2016-01-01,108.5,"Total revenues accrual",NA,"OK",NA
"rw","France","Revenues","2016-02-01",108.5,NA,NA,NA,NA,NA,NA,NA,2016-02-01,108.5,"Total revenues accrual",NA,"OK",NA
"rw","France","Revenues","2016-02-05",108.5,NA,NA,NA,NA,NA,NA,NA,2016-02-01,108.5,"Total revenues accrual",NA,"OK",NA
"rw","France","Revenues","2016-02-15",108.5,NA,NA,NA,NA,NA,NA,NA,2016-02-01,108.5,"Total revenues accrual",NA,"OK",NA
"rw","France","Revenues","2016-02-25",108.5,NA,NA,NA,NA,NA,NA,NA,2016-02-01,108.5,"Total revenues accrual",NA,"OK",NA
"rw","France","Revenues","2016-02-27",108.5,NA,NA,NA,NA,NA,NA,NA,2016-02-01,108.5,"Total revenues accrual",NA,"OK",NA
"rw","France","Revenues","2016-03-01",108.5,NA,NA,NA,NA,NA,NA,NA,2016-03-01,108.5,"Total revenues accrual",NA,"OK",NA
"rw","France","Revenues","2016-03-02",108.5,NA,NA,NA,NA,NA,NA,NA,2016-03-01,108.5,"Total revenues accrual",NA,"OK",NA
"rw","France","Revenues","2016-03-05",108.5,NA,NA,NA,NA,NA,NA,NA,2016-03-01,108.5,"Total revenues accrual",NA,"OK",NA
"rw","France","Revenues","2016-03-15",-322.200000000012,NA,NA,NA,NA,NA,NA,NA,2016-03-01,-322.200000000012,"Total revenues accrual",NA,"OK",NA
"rw","France","Revenues","2016-03-27",-322.200000000012,NA,NA,NA,NA,NA,NA,NA,2016-03-01,-322.200000000012,"Total revenues accrual",NA,"OK",NA
"rw","France","Revenues","2016-03-31",-322.200000000012,NA,NA,NA,NA,NA,NA,NA,2016-03-01,-322.200000000012,"Total revenues accrual",NA,"OK",NA
"rw","France","Revenues","2016-04-01",-322.200000000012,NA,NA,NA,NA,NA,NA,NA,2016-04-01,-322.200000000012,"Total revenues accrual",NA,"OK",NA
"rw","France","Revenues","2016-04-05",-322.200000000012,NA,NA,NA,NA,NA,NA,NA,2016-04-01,-322.200000000012,"Total revenues accrual",NA,"OK",NA
"rw","France","Revenues","2016-04-15",-322.200000000012,NA,NA,NA,NA,NA,NA,NA,2016-04-01,-322.200000000012,"Total revenues accrual",NA,"OK",NA
"rw","France","Revenues","2016-04-27",-322.200000000012,NA,NA,NA,NA,NA,NA,NA,2016-04-01,-322.200000000012,"Total revenues accrual",NA,"OK",NA
"rw","France","Revenues","2016-04-28",-322.200000000012,NA,NA,NA,NA,NA,NA,NA,2016-04-01,-322.200000000012,"Total revenues accrual",NA,"OK",NA
"rw","France","Revenues","2016-05-01",-322.200000000012,NA,NA,NA,NA,NA,NA,NA,2016-05-01,-322.200000000012,"Total revenues accrual",NA,"OK",NA
"rw","France","Revenues","2016-05-05",-322.200000000012,NA,NA,NA,NA,NA,NA,NA,2016-05-01,-322.200000000012,"Total revenues accrual",NA,"OK",NA
"rw","France","Revenues","2016-05-07",-322.200000000012,NA,NA,NA,NA,NA,NA,NA,2016-05-01,-322.200000000012,"Total revenues accrual",NA,"OK",NA
"rw","France","Revenues","2016-05-15",-322.200000000012,NA,NA,NA,NA,NA,NA,NA,2016-05-01,-322.200000000012,"Total revenues accrual",NA,"OK",NA
"rw","France","Revenues","2016-05-26",-322.200000000012,NA,NA,NA,NA,NA,NA,NA,2016-05-01,-322.200000000012,"Total revenues accrual",NA,"OK",NA
"rw","France","Revenues","2016-05-27",-322.200000000012,NA,NA,NA,NA,NA,NA,NA,2016-05-01,-322.200000000012,"Total revenues accrual",NA,"OK",NA
"rw","France","Revenues","2016-06-01",-322.200000000012,NA,NA,NA,NA,NA,NA,NA,2016-06-01,-322.200000000012,"Total revenues accrual",NA,"OK",NA
"rw","France","Revenues","2016-06-03",-322.200000000012,NA,NA,NA,NA,NA,NA,NA,2016-06-01,-322.200000000012,"Total revenues accrual",NA,"OK",NA
"rw","France","Revenues","2016-06-05",-322.200000000012,NA,NA,NA,NA,NA,NA,NA,2016-06-01,-322.200000000012,"Total revenues accrual",NA,"OK",NA
"rw","France","Revenues","2016-06-15",1595.79999999999,NA,NA,NA,NA,NA,NA,NA,2016-06-01,1595.79999999999,"Total revenues accrual",NA,"OK",NA
"rw","France","Revenues","2016-06-27",1595.79999999999,NA,NA,NA,NA,NA,NA,NA,2016-06-01,1595.79999999999,"Total revenues accrual",NA,"OK",NA
"rw","France","Revenues","2016-06-30",1595.79999999999,NA,NA,NA,NA,NA,NA,NA,2016-06-01,1595.79999999999,"Total revenues accrual",NA,"OK",NA
"rw","France","Revenues","2016-07-01",1595.79999999999,NA,NA,NA,NA,NA,NA,NA,2016-07-01,1595.79999999999,"Total revenues accrual",NA,"OK",NA
"rw","France","Revenues","2016-07-05",1595.79999999999,NA,NA,NA,NA,NA,NA,NA,2016-07-01,1595.79999999999,"Total revenues accrual",NA,"OK",NA
"rw","France","Revenues","2016-07-15",1595.79999999999,NA,NA,NA,NA,NA,NA,NA,2016-07-01,1595.79999999999,"Total revenues accrual",NA,"OK",NA
"rw","France","Revenues","2016-07-27",1595.79999999999,NA,NA,NA,NA,NA,NA,NA,2016-07-01,1595.79999999999,"Total revenues accrual",NA,"OK",NA
"rw","France","Revenues","2016-07-28",1595.79999999999,NA,NA,NA,NA,NA,NA,NA,2016-07-01,1595.79999999999,"Total revenues accrual",NA,"OK",NA
"rw","France","Revenues","2016-08-01",1595.79999999999,NA,NA,NA,NA,NA,NA,NA,2016-08-01,1595.79999999999,"Total revenues accrual",NA,"OK",NA
"rw","France","Revenues","2016-08-05",1595.79999999999,NA,NA,NA,NA,NA,NA,NA,2016-08-01,1595.79999999999,"Total revenues accrual",NA,"OK",NA
"rw","France","Revenues","2016-08-15",1595.79999999999,NA,NA,NA,NA,NA,NA,NA,2016-08-01,1595.79999999999,"Total revenues accrual",NA,"OK",NA
"rw","France","Revenues","2016-08-25",1595.79999999999,NA,NA,NA,NA,NA,NA,NA,2016-08-01,1595.79999999999,"Total revenues accrual",NA,"OK",NA
"rw","France","Revenues","2016-08-27",1595.79999999999,NA,NA,NA,NA,NA,NA,NA,2016-08-01,1595.79999999999,"Total revenues accrual",NA,"OK",NA
"rw","France","Revenues","2016-09-01",1595.79999999999,NA,NA,NA,NA,NA,NA,NA,2016-09-01,1595.79999999999,"Total revenues accrual",NA,"OK",NA
"rw","France","Revenues","2016-09-04",1595.79999999999,NA,NA,NA,NA,NA,NA,NA,2016-09-01,1595.79999999999,"Total revenues accrual",NA,"OK",NA
"rw","France","Revenues","2016-09-05",1595.79999999999,NA,NA,NA,NA,NA,NA,NA,2016-09-01,1595.79999999999,"Total revenues accrual",NA,"OK",NA
"rw","France","Revenues","2016-09-15",276.799999999988,NA,NA,NA,NA,NA,NA,NA,2016-09-01,276.799999999988,"Total revenues accrual",NA,"OK",NA
"rw","France","Revenues","2016-09-27",276.799999999988,NA,NA,NA,NA,NA,NA,NA,2016-09-01,276.799999999988,"Total revenues accrual",NA,"OK",NA
"rw","France","Revenues","2016-09-29",276.799999999988,NA,NA,NA,NA,NA,NA,NA,2016-09-01,276.799999999988,"Total revenues accrual",NA,"OK",NA
"rw","France","Revenues","2016-10-01",276.799999999988,NA,NA,NA,NA,NA,NA,NA,2016-10-01,276.799999999988,"Total revenues accrual",NA,"OK",NA
"rw","France","Revenues","2016-10-05",276.799999999988,NA,NA,NA,NA,NA,NA,NA,2016-10-01,276.799999999988,"Total revenues accrual",NA,"OK",NA
"rw","France","Revenues","2016-10-06",276.799999999988,NA,NA,NA,NA,NA,NA,NA,2016-10-01,276.799999999988,"Total revenues accrual",NA,"OK",NA
"rw","France","Revenues","2016-10-15",276.799999999988,NA,NA,NA,NA,NA,NA,NA,2016-10-01,276.799999999988,"Total revenues accrual",NA,"OK",NA
"rw","France","Revenues","2016-10-27",276.799999999988,NA,NA,NA,NA,NA,NA,NA,2016-10-01,276.799999999988,"Total revenues accrual",NA,"OK",NA
"rw","France","Revenues","2016-11-01",276.799999999988,NA,NA,NA,NA,NA,NA,NA,2016-11-01,276.799999999988,"Total revenues accrual",NA,"OK",NA
"rw","France","Revenues","2016-11-02",276.799999999988,NA,NA,NA,NA,NA,NA,NA,2016-11-01,276.799999999988,"Total revenues accrual",NA,"OK",NA
"rw","France","Revenues","2016-11-05",276.799999999988,NA,NA,NA,NA,NA,NA,NA,2016-11-01,276.799999999988,"Total revenues accrual",NA,"OK",NA
"rw","France","Revenues","2016-11-15",276.799999999988,NA,NA,NA,NA,NA,NA,NA,2016-11-01,276.799999999988,"Total revenues accrual",NA,"OK",NA
"rw","France","Revenues","2016-11-24",276.799999999988,NA,NA,NA,NA,NA,NA,NA,2016-11-01,276.799999999988,"Total revenues accrual",NA,"OK",NA
"rw","France","Revenues","2016-11-27",276.799999999988,NA,NA,NA,NA,NA,NA,NA,2016-11-01,276.799999999988,"Total revenues accrual",NA,"OK",NA
"rw","France","Revenues","2016-12-01",276.799999999988,NA,NA,NA,NA,NA,NA,NA,2016-12-01,276.799999999988,"Total revenues accrual",NA,"OK",NA
"rw","France","Revenues","2016-12-04",276.799999999988,NA,NA,NA,NA,NA,NA,NA,2016-12-01,276.799999999988,"Total revenues accrual",NA,"OK",NA
"rw","France","Revenues","2016-12-05",276.799999999988,NA,NA,NA,NA,NA,NA,NA,2016-12-01,276.799999999988,"Total revenues accrual",NA,"OK",NA
"rw","France","Revenues","2016-12-15",4501.60000000003,NA,NA,NA,NA,NA,NA,NA,2016-12-01,4501.60000000003,"Total revenues accrual",NA,"OK",NA
"rw","France","Revenues","2016-12-27",4501.60000000003,NA,NA,NA,NA,NA,NA,NA,2016-12-01,4501.60000000003,"Total revenues accrual",NA,"OK",NA
"rw","France","Revenues","2016-12-29",4501.60000000003,NA,NA,NA,NA,NA,NA,NA,2016-12-01,4501.60000000003,"Total revenues accrual",NA,"OK",NA
"rw","France","Revenues","2017-01-01",4501.60000000003,NA,NA,NA,NA,NA,NA,NA,2017-01-01,4501.60000000003,"Total revenues accrual",NA,"OK",NA
"rw","France","Revenues","2017-01-05",4501.60000000003,NA,NA,NA,NA,NA,NA,NA,2017-01-01,4501.60000000003,"Total revenues accrual",NA,"OK",NA
"rw","France","Revenues","2017-01-07",4501.60000000003,NA,NA,NA,NA,NA,NA,NA,2017-01-01,4501.60000000003,"Total revenues accrual",NA,"OK",NA
"rw","France","Revenues","2017-01-15",4501.60000000003,NA,NA,NA,NA,NA,NA,NA,2017-01-01,4501.60000000003,"Total revenues accrual",NA,"OK",NA
"rw","France","Revenues","2017-01-26",4501.60000000003,NA,NA,NA,NA,NA,NA,NA,2017-01-01,4501.60000000003,"Total revenues accrual",NA,"OK",NA
"rw","France","Revenues","2017-01-27",4501.60000000003,NA,NA,NA,NA,NA,NA,NA,2017-01-01,4501.60000000003,"Total revenues accrual",NA,"OK",NA
"rw","France","Revenues","2017-02-01",4501.60000000003,NA,NA,NA,NA,NA,NA,NA,2017-02-01,4501.60000000003,"Total revenues accrual",NA,"OK",NA
"rw","France","Revenues","2017-02-03",4501.60000000003,NA,NA,NA,NA,NA,NA,NA,2017-02-01,4501.60000000003,"Total revenues accrual",NA,"OK",NA
"rw","France","Revenues","2017-02-05",4501.60000000003,NA,NA,NA,NA,NA,NA,NA,2017-02-01,4501.60000000003,"Total revenues accrual",NA,"OK",NA
"rw","France","Revenues","2017-02-15",4501.60000000003,NA,NA,NA,NA,NA,NA,NA,2017-02-01,4501.60000000003,"Total revenues accrual",NA,"OK",NA
"rw","France","Revenues","2017-02-23",4501.60000000003,NA,NA,NA,NA,NA,NA,NA,2017-02-01,4501.60000000003,"Total revenues accrual",NA,"OK",NA
"rw","France","Revenues","2017-02-27",4501.60000000003,NA,NA,NA,NA,NA,NA,NA,2017-02-01,4501.60000000003,"Total revenues accrual",NA,"OK",NA
"rw","France","Revenues","2017-03-01",4501.60000000003,NA,NA,NA,NA,NA,NA,NA,2017-03-01,4501.60000000003,"Total revenues accrual",NA,"OK",NA
"rw","France","Revenues","2017-03-03",4501.60000000003,NA,NA,NA,NA,NA,NA,NA,2017-03-01,4501.60000000003,"Total revenues accrual",NA,"OK",NA
"rw","France","Revenues","2017-03-05",4501.60000000003,NA,NA,NA,NA,NA,NA,NA,2017-03-01,4501.60000000003,"Total revenues accrual",NA,"OK",NA
"rw","France","Revenues","2017-03-15",2344.89999999997,NA,NA,NA,NA,NA,NA,NA,2017-03-01,2344.89999999997,"Total revenues accrual",NA,"OK",NA
"rw","France","Revenues","2017-03-27",2344.89999999997,NA,NA,NA,NA,NA,NA,NA,2017-03-01,2344.89999999997,"Total revenues accrual",NA,"OK",NA
"rw","France","Revenues","2017-03-30",2344.89999999997,NA,NA,NA,NA,NA,NA,NA,2017-03-01,2344.89999999997,"Total revenues accrual",NA,"OK",NA
"rw","France","Revenues","2017-04-01",2344.89999999997,NA,NA,NA,NA,NA,NA,NA,2017-04-01,2344.89999999997,"Total revenues accrual",NA,"OK",NA
"rw","France","Revenues","2017-04-05",2344.89999999997,NA,NA,NA,NA,NA,NA,NA,2017-04-01,2344.89999999997,"Total revenues accrual",NA,"OK",NA
"rw","France","Revenues","2017-04-06",2344.89999999997,NA,NA,NA,NA,NA,NA,NA,2017-04-01,2344.89999999997,"Total revenues accrual",NA,"OK",NA
"rw","France","Revenues","2017-04-15",2344.89999999997,NA,NA,NA,NA,NA,NA,NA,2017-04-01,2344.89999999997,"Total revenues accrual",NA,"OK",NA
"rw","France","Revenues","2017-04-27",2344.89999999997,NA,NA,NA,NA,NA,NA,NA,2017-04-01,2344.89999999997,"Total revenues accrual",NA,"OK",NA
"rw","France","Revenues","2017-05-01",2344.89999999997,NA,NA,NA,NA,NA,NA,NA,2017-05-01,2344.89999999997,"Total revenues accrual",NA,"OK",NA
"rw","France","Revenues","2017-05-05",2344.89999999997,NA,NA,NA,NA,NA,NA,NA,2017-05-01,2344.89999999997,"Total revenues accrual",NA,"OK",NA
"rw","France","Revenues","2017-05-15",2344.89999999997,NA,NA,NA,NA,NA,NA,NA,2017-05-01,2344.89999999997,"Total revenues accrual",NA,"OK",NA
"rw","France","Revenues","2017-05-25",2344.89999999997,NA,NA,NA,NA,NA,NA,NA,2017-05-01,2344.89999999997,"Total revenues accrual",NA,"OK",NA
"rw","France","Revenues","2017-05-27",2344.89999999997,NA,NA,NA,NA,NA,NA,NA,2017-05-01,2344.89999999997,"Total revenues accrual",NA,"OK",NA
"rw","France","Revenues","2017-06-01",2344.89999999997,NA,NA,NA,NA,NA,NA,NA,2017-06-01,2344.89999999997,"Total revenues accrual",NA,"OK",NA
"rw","France","Revenues","2017-06-04",2344.89999999997,NA,NA,NA,NA,NA,NA,NA,2017-06-01,2344.89999999997,"Total revenues accrual",NA,"OK",NA
"rw","France","Revenues","2017-06-05",2344.89999999997,NA,NA,NA,NA,NA,NA,NA,2017-06-01,2344.89999999997,"Total revenues accrual",NA,"OK",NA
"rw","France","Revenues","2017-06-15",4735.80000000005,NA,NA,NA,NA,NA,NA,NA,2017-06-01,4735.80000000005,"Total revenues accrual",NA,"OK",NA
"rw","France","Revenues","2017-06-27",4735.80000000005,NA,NA,NA,NA,NA,NA,NA,2017-06-01,4735.80000000005,"Total revenues accrual",NA,"OK",NA
"rw","France","Revenues","2017-06-29",4735.80000000005,NA,NA,NA,NA,NA,NA,NA,2017-06-01,4735.80000000005,"Total revenues accrual",NA,"OK",NA
"rw","France","Revenues","2017-07-01",4735.80000000005,NA,NA,NA,NA,NA,NA,NA,2017-07-01,4735.80000000005,"Total revenues accrual",NA,"OK",NA
"rw","France","Revenues","2017-07-05",4735.80000000005,NA,NA,NA,NA,NA,NA,NA,2017-07-01,4735.80000000005,"Total revenues accrual",NA,"OK",NA
"rw","France","Revenues","2017-07-06",4735.80000000005,NA,NA,NA,NA,NA,NA,NA,2017-07-01,4735.80000000005,"Total revenues accrual",NA,"OK",NA
"rw","France","Revenues","2017-07-15",4735.80000000005,NA,NA,NA,NA,NA,NA,NA,2017-07-01,4735.80000000005,"Total revenues accrual",NA,"OK",NA
"rw","France","Revenues","2017-07-27",4735.80000000005,NA,NA,NA,NA,NA,NA,NA,2017-07-01,4735.80000000005,"Total revenues accrual",NA,"OK",NA
"rw","France","Revenues","2017-08-01",4735.80000000005,NA,NA,NA,NA,NA,NA,NA,2017-08-01,4735.80000000005,"Total revenues accrual",NA,"OK",NA
"rw","France","Revenues","2017-08-02",4735.80000000005,NA,NA,NA,NA,NA,NA,NA,2017-08-01,4735.80000000005,"Total revenues accrual",NA,"OK",NA
"rw","France","Revenues","2017-08-05",4735.80000000005,NA,NA,NA,NA,NA,NA,NA,2017-08-01,4735.80000000005,"Total revenues accrual",NA,"OK",NA
"rw","France","Revenues","2017-08-15",4735.80000000005,NA,NA,NA,NA,NA,NA,NA,2017-08-01,4735.80000000005,"Total revenues accrual",NA,"OK",NA
"rw","France","Revenues","2017-08-27",4735.80000000005,NA,NA,NA,NA,NA,NA,NA,2017-08-01,4735.80000000005,"Total revenues accrual",NA,"OK",NA
"rw","France","Revenues","2017-08-31",4735.80000000005,NA,NA,NA,NA,NA,NA,NA,2017-08-01,4735.80000000005,"Total revenues accrual",NA,"OK",NA
"rw","France","Revenues","2017-09-01",4735.80000000005,NA,NA,NA,NA,NA,NA,NA,2017-09-01,4735.80000000005,"Total revenues accrual",NA,"OK",NA
"rw","France","Revenues","2017-09-05",4735.80000000005,NA,NA,NA,NA,NA,NA,NA,2017-09-01,4735.80000000005,"Total revenues accrual",NA,"OK",NA
"rw","France","Revenues","2017-09-15",2237,NA,NA,NA,NA,NA,NA,NA,2017-09-01,2237,"Total revenues accrual",NA,"OK",NA
"rw","France","Revenues","2017-09-27",2237,NA,NA,NA,NA,NA,NA,NA,2017-09-01,2237,"Total revenues accrual",NA,"OK",NA
"rw","France","Revenues","2017-09-28",2237,NA,NA,NA,NA,NA,NA,NA,2017-09-01,2237,"Total revenues accrual",NA,"OK",NA
"rw","France","Revenues","2017-10-01",2237,NA,NA,NA,NA,NA,NA,NA,2017-10-01,2237,"Total revenues accrual",NA,"OK",NA
"rw","France","Revenues","2017-10-05",2237,NA,NA,NA,NA,NA,NA,NA,2017-10-01,2237,"Total revenues accrual",NA,"OK",NA
"rw","France","Revenues","2017-10-07",2237,NA,NA,NA,NA,NA,NA,NA,2017-10-01,2237,"Total revenues accrual",NA,"OK",NA
"rw","France","Revenues","2017-10-15",2237,NA,NA,NA,NA,NA,NA,NA,2017-10-01,2237,"Total revenues accrual",NA,"OK",NA
"rw","France","Revenues","2017-10-26",2237,NA,NA,NA,NA,NA,NA,NA,2017-10-01,2237,"Total revenues accrual",NA,"OK",NA
"rw","France","Revenues","2017-10-27",2237,NA,NA,NA,NA,NA,NA,NA,2017-10-01,2237,"Total revenues accrual",NA,"OK",NA
"rw","France","Revenues","2017-11-01",2237,NA,NA,NA,NA,NA,NA,NA,2017-11-01,2237,"Total revenues accrual",NA,"OK",NA
"rw","France","Revenues","2017-11-03",2237,NA,NA,NA,NA,NA,NA,NA,2017-11-01,2237,"Total revenues accrual",NA,"OK",NA
"rw","France","Revenues","2017-11-05",2237,NA,NA,NA,NA,NA,NA,NA,2017-11-01,2237,"Total revenues accrual",NA,"OK",NA
"rw","France","Revenues","2017-11-15",2237,NA,NA,NA,NA,NA,NA,NA,2017-11-01,2237,"Total revenues accrual",NA,"OK",NA
"rw","France","Revenues","2017-11-27",2237,NA,NA,NA,NA,NA,NA,NA,2017-11-01,2237,"Total revenues accrual",NA,"OK",NA
"rw","France","Revenues","2017-11-30",2237,NA,NA,NA,NA,NA,NA,NA,2017-11-01,2237,"Total revenues accrual",NA,"OK",NA
"rw","France","Revenues","2017-12-01",2237,NA,NA,NA,NA,NA,NA,NA,2017-12-01,2237,"Total revenues accrual",NA,"OK",NA
"rw","France","Revenues","2017-12-05",2237,NA,NA,NA,NA,NA,NA,NA,2017-12-01,2237,"Total revenues accrual",NA,"OK",NA
"rw","France","Revenues","2017-12-15",4519,NA,NA,NA,NA,NA,NA,NA,2017-12-01,4519,"Total revenues accrual",NA,"OK",NA
"rw","France","Revenues","2017-12-27",4519,NA,NA,NA,NA,NA,NA,NA,2017-12-01,4519,"Total revenues accrual",NA,"OK",NA
"rw","France","Revenues","2017-12-28",4519,NA,NA,NA,NA,NA,NA,NA,2017-12-01,4519,"Total revenues accrual",NA,"OK",NA
"rw","France","Revenues","2018-01-01",4519,NA,NA,NA,NA,NA,NA,NA,2018-01-01,4519,"Total revenues accrual",NA,"OK",NA
"rw","France","Revenues","2018-01-05",4519,NA,NA,NA,NA,NA,NA,NA,2018-01-01,4519,"Total revenues accrual",NA,"OK",NA
"rw","France","Revenues","2018-01-15",4519,NA,NA,NA,NA,NA,NA,NA,2018-01-01,4519,"Total revenues accrual",NA,"OK",NA
"rw","France","Revenues","2018-01-25",4519,NA,NA,NA,NA,NA,NA,NA,2018-01-01,4519,"Total revenues accrual",NA,"OK",NA
"rw","France","Revenues","2018-01-27",4519,NA,NA,NA,NA,NA,NA,NA,2018-01-01,4519,"Total revenues accrual",NA,"OK",NA
"rw","France","Revenues","2018-02-01",4519,NA,NA,NA,NA,NA,NA,NA,2018-02-01,4519,"Total revenues accrual",NA,"OK",NA
"rw","France","Revenues","2018-02-04",4519,NA,NA,NA,NA,NA,NA,NA,2018-02-01,4519,"Total revenues accrual",NA,"OK",NA
"rw","France","Revenues","2018-02-05",4519,NA,NA,NA,NA,NA,NA,NA,2018-02-01,4519,"Total revenues accrual",NA,"OK",NA
"rw","France","Revenues","2018-02-15",4519,NA,NA,NA,NA,NA,NA,NA,2018-02-01,4519,"Total revenues accrual",NA,"OK",NA
"rw","France","Revenues","2018-02-22",4519,NA,NA,NA,NA,NA,NA,NA,2018-02-01,4519,"Total revenues accrual",NA,"OK",NA
"rw","France","Revenues","2018-02-27",4519,NA,NA,NA,NA,NA,NA,NA,2018-02-01,4519,"Total revenues accrual",NA,"OK",NA
"rw","France","Revenues","2018-03-01",4519,NA,NA,NA,NA,NA,NA,NA,2018-03-01,4519,"Total revenues accrual",NA,"OK",NA
"rw","France","Revenues","2018-03-04",4519,NA,NA,NA,NA,NA,NA,NA,2018-03-01,4519,"Total revenues accrual",NA,"OK",NA
"rw","France","Revenues","2018-03-05",4519,NA,NA,NA,NA,NA,NA,NA,2018-03-01,4519,"Total revenues accrual",NA,"OK",NA
"rw","France","Revenues","2018-03-15",673,NA,NA,NA,NA,NA,NA,NA,2018-03-01,673,"Total revenues accrual",NA,"OK",NA
"rw","France","Revenues","2018-03-27",673,NA,NA,NA,NA,NA,NA,NA,2018-03-01,673,"Total revenues accrual",NA,"OK",NA
"rw","France","Revenues","2018-03-29",673,NA,NA,NA,NA,NA,NA,NA,2018-03-01,673,"Total revenues accrual",NA,"OK",NA
"rw","France","Revenues","2018-04-01",673,NA,NA,NA,NA,NA,NA,NA,2018-04-01,673,"Total revenues accrual",NA,"OK",NA
"rw","France","Revenues","2018-04-05",673,NA,NA,NA,NA,NA,NA,NA,2018-04-01,673,"Total revenues accrual",NA,"OK",NA
"rw","France","Revenues","2018-04-07",673,NA,NA,NA,NA,NA,NA,NA,2018-04-01,673,"Total revenues accrual",NA,"OK",NA
"rw","France","Revenues","2018-04-15",673,NA,NA,NA,NA,NA,NA,NA,2018-04-01,673,"Total revenues accrual",NA,"OK",NA
"rw","France","Revenues","2018-04-26",673,NA,NA,NA,NA,NA,NA,NA,2018-04-01,673,"Total revenues accrual",NA,"OK",NA
"rw","France","Revenues","2018-04-27",673,NA,NA,NA,NA,NA,NA,NA,2018-04-01,673,"Total revenues accrual",NA,"OK",NA
"rw","France","Revenues","2018-05-01",673,NA,NA,NA,NA,NA,NA,NA,2018-05-01,673,"Total revenues accrual",NA,"OK",NA
"rw","France","Revenues","2018-05-02",673,NA,NA,NA,NA,NA,NA,NA,2018-05-01,673,"Total revenues accrual",NA,"OK",NA
"rw","France","Revenues","2018-05-05",673,NA,NA,NA,NA,NA,NA,NA,2018-05-01,673,"Total revenues accrual",NA,"OK",NA
"rw","France","Revenues","2018-05-15",673,NA,NA,NA,NA,NA,NA,NA,2018-05-01,673,"Total revenues accrual",NA,"OK",NA
"rw","France","Revenues","2018-05-27",673,NA,NA,NA,NA,NA,NA,NA,2018-05-01,673,"Total revenues accrual",NA,"OK",NA
"rw","France","Revenues","2018-05-31",673,NA,NA,NA,NA,NA,NA,NA,2018-05-01,673,"Total revenues accrual",NA,"OK",NA
"rw","France","Revenues","2018-06-01",673,NA,NA,NA,NA,NA,NA,NA,2018-06-01,673,"Total revenues accrual",NA,"OK",NA
"rw","France","Revenues","2018-06-05",673,NA,NA,NA,NA,NA,NA,NA,2018-06-01,673,"Total revenues accrual",NA,"OK",NA
"rw","France","Revenues","2018-06-15",-378.5,NA,NA,NA,NA,NA,NA,NA,2018-06-01,-378.5,"Total revenues accrual",NA,"OK",NA
"rw","France","Revenues","2018-06-27",-378.5,NA,NA,NA,NA,NA,NA,NA,2018-06-01,-378.5,"Total revenues accrual",NA,"OK",NA
"rw","France","Revenues","2018-06-28",-378.5,NA,NA,NA,NA,NA,NA,NA,2018-06-01,-378.5,"Total revenues accrual",NA,"OK",NA
"rw","France","Revenues","2018-07-01",-378.5,NA,NA,NA,NA,NA,NA,NA,2018-07-01,-378.5,"Total revenues accrual",NA,"OK",NA
"rw","France","Revenues","2018-07-05",-378.5,NA,NA,NA,NA,NA,NA,NA,2018-07-01,-378.5,"Total revenues accrual",NA,"OK",NA
"rw","France","Revenues","2018-07-07",-378.5,NA,NA,NA,NA,NA,NA,NA,2018-07-01,-378.5,"Total revenues accrual",NA,"OK",NA
"rw","France","Revenues","2018-07-15",-378.5,NA,NA,NA,NA,NA,NA,NA,2018-07-01,-378.5,"Total revenues accrual",NA,"OK",NA
"rw","France","Revenues","2018-07-26",-378.5,NA,NA,NA,NA,NA,NA,NA,2018-07-01,-378.5,"Total revenues accrual",NA,"OK",NA
"rw","France","Revenues","2018-07-27",-378.5,NA,NA,NA,NA,NA,NA,NA,2018-07-01,-378.5,"Total revenues accrual",NA,"OK",NA
"rw","France","Revenues","2018-08-01",-378.5,NA,NA,NA,NA,NA,NA,NA,2018-08-01,-378.5,"Total revenues accrual",NA,"OK",NA
"rw","France","Revenues","2018-08-03",-378.5,NA,NA,NA,NA,NA,NA,NA,2018-08-01,-378.5,"Total revenues accrual",NA,"OK",NA
"rw","France","Revenues","2018-08-05",-378.5,NA,NA,NA,NA,NA,NA,NA,2018-08-01,-378.5,"Total revenues accrual",NA,"OK",NA
"rw","France","Revenues","2018-08-15",-378.5,NA,NA,NA,NA,NA,NA,NA,2018-08-01,-378.5,"Total revenues accrual",NA,"OK",NA
"rw","France","Revenues","2018-08-27",-378.5,NA,NA,NA,NA,NA,NA,NA,2018-08-01,-378.5,"Total revenues accrual",NA,"OK",NA
"rw","France","Revenues","2018-08-30",-378.5,NA,NA,NA,NA,NA,NA,NA,2018-08-01,-378.5,"Total revenues accrual",NA,"OK",NA
"rw","France","Revenues","2018-09-01",-378.5,NA,NA,NA,NA,NA,NA,NA,2018-09-01,-378.5,"Total revenues accrual",NA,"OK",NA
"rw","France","Revenues","2018-09-05",-378.5,NA,NA,NA,NA,NA,NA,NA,2018-09-01,-378.5,"Total revenues accrual",NA,"OK",NA
"rw","France","Revenues","2018-09-06",-378.5,NA,NA,NA,NA,NA,NA,NA,2018-09-01,-378.5,"Total revenues accrual",NA,"OK",NA
"rw","France","Revenues","2018-09-15",-489.5,NA,NA,NA,NA,NA,NA,NA,2018-09-01,-489.5,"Total revenues accrual",NA,"OK",NA
"rw","France","Revenues","2018-09-27",-489.5,NA,NA,NA,NA,NA,NA,NA,2018-09-01,-489.5,"Total revenues accrual",NA,"OK",NA
"rw","France","Revenues","2018-10-01",-489.5,NA,NA,NA,NA,NA,NA,NA,2018-10-01,-489.5,"Total revenues accrual",NA,"OK",NA
"rw","France","Revenues","2018-10-05",-489.5,NA,NA,NA,NA,NA,NA,NA,2018-10-01,-489.5,"Total revenues accrual",NA,"OK",NA
"rw","France","Revenues","2018-10-15",-489.5,NA,NA,NA,NA,NA,NA,NA,2018-10-01,-489.5,"Total revenues accrual",NA,"OK",NA
"rw","France","Revenues","2018-10-25",-489.5,NA,NA,NA,NA,NA,NA,NA,2018-10-01,-489.5,"Total revenues accrual",NA,"OK",NA
"rw","France","Revenues","2018-10-27",-489.5,NA,NA,NA,NA,NA,NA,NA,2018-10-01,-489.5,"Total revenues accrual",NA,"OK",NA
"rw","France","Revenues","2018-11-01",-489.5,NA,NA,NA,NA,NA,NA,NA,2018-11-01,-489.5,"Total revenues accrual",NA,"OK",NA
"rw","France","Revenues","2018-11-04",-489.5,NA,NA,NA,NA,NA,NA,NA,2018-11-01,-489.5,"Total revenues accrual",NA,"OK",NA
"rw","France","Revenues","2018-11-05",-489.5,NA,NA,NA,NA,NA,NA,NA,2018-11-01,-489.5,"Total revenues accrual",NA,"OK",NA
"rw","France","Revenues","2018-11-15",-489.5,NA,NA,NA,NA,NA,NA,NA,2018-11-01,-489.5,"Total revenues accrual",NA,"OK",NA
"rw","France","Revenues","2018-11-27",-489.5,NA,NA,NA,NA,NA,NA,NA,2018-11-01,-489.5,"Total revenues accrual",NA,"OK",NA
"rw","France","Revenues","2018-11-29",-489.5,NA,NA,NA,NA,NA,NA,NA,2018-11-01,-489.5,"Total revenues accrual",NA,"OK",NA
"rw","France","Revenues","2018-12-01",-489.5,NA,NA,NA,NA,NA,NA,NA,2018-12-01,-489.5,"Total revenues accrual",NA,"OK",NA
"rw","France","Revenues","2018-12-05",-489.5,NA,NA,NA,NA,NA,NA,NA,2018-12-01,-489.5,"Total revenues accrual",NA,"OK",NA
"rw","France","Revenues","2018-12-06",-489.5,NA,NA,NA,NA,NA,NA,NA,2018-12-01,-489.5,"Total revenues accrual",NA,"OK",NA
"rw","France","Revenues","2018-12-15",5247.89999999997,NA,NA,NA,NA,NA,NA,NA,2018-12-01,5247.89999999997,"Total revenues accrual",NA,"OK",NA
"rw","France","Revenues","2018-12-27",5247.89999999997,NA,NA,NA,NA,NA,NA,NA,2018-12-01,5247.89999999997,"Total revenues accrual",NA,"OK",NA
"rw","France","Revenues","2019-01-01",5247.89999999997,NA,NA,NA,NA,NA,NA,NA,2019-01-01,5247.89999999997,"Total revenues accrual",NA,"OK",NA
"rw","France","Revenues","2019-01-02",5247.89999999997,NA,NA,NA,NA,NA,NA,NA,2019-01-01,5247.89999999997,"Total revenues accrual",NA,"OK",NA
"rw","France","Revenues","2019-01-05",5247.89999999997,NA,NA,NA,NA,NA,NA,NA,2019-01-01,5247.89999999997,"Total revenues accrual",NA,"OK",NA
"rw","France","Revenues","2019-01-15",5247.89999999997,NA,NA,NA,NA,NA,NA,NA,2019-01-01,5247.89999999997,"Total revenues accrual",NA,"OK",NA
"rw","France","Revenues","2019-01-27",5247.89999999997,NA,NA,NA,NA,NA,NA,NA,2019-01-01,5247.89999999997,"Total revenues accrual",NA,"OK",NA
"rw","France","Revenues","2019-01-31",5247.89999999997,NA,NA,NA,NA,NA,NA,NA,2019-01-01,5247.89999999997,"Total revenues accrual",NA,"OK",NA
"rw","France","Revenues","2019-02-01",5247.89999999997,NA,NA,NA,NA,NA,NA,NA,2019-02-01,5247.89999999997,"Total revenues accrual",NA,"OK",NA
"rw","France","Revenues","2019-02-05",5247.89999999997,NA,NA,NA,NA,NA,NA,NA,2019-02-01,5247.89999999997,"Total revenues accrual",NA,"OK",NA
"rw","France","Revenues","2019-02-15",5247.89999999997,NA,NA,NA,NA,NA,NA,NA,2019-02-01,5247.89999999997,"Total revenues accrual",NA,"OK",NA
"rw","France","Revenues","2019-02-27",5247.89999999997,NA,NA,NA,NA,NA,NA,NA,2019-02-01,5247.89999999997,"Total revenues accrual",NA,"OK",NA
"rw","France","Revenues","2019-02-28",5247.89999999997,NA,NA,NA,NA,NA,NA,NA,2019-02-01,5247.89999999997,"Total revenues accrual",NA,"OK",NA
"rw","France","Revenues","2019-03-01",5247.89999999997,NA,NA,NA,NA,NA,NA,NA,2019-03-01,5247.89999999997,"Total revenues accrual",NA,"OK",NA
"rw","France","Revenues","2019-03-05",5247.89999999997,NA,NA,NA,NA,NA,NA,NA,2019-03-01,5247.89999999997,"Total revenues accrual",NA,"OK",NA
"rw","France","Revenues","2019-03-15",-1778.59999999998,NA,NA,NA,NA,NA,NA,NA,2019-03-01,-1778.59999999998,"Total revenues accrual",NA,"OK",NA
"rw","France","Revenues","2019-03-27",-1778.59999999998,NA,NA,NA,NA,NA,NA,NA,2019-03-01,-1778.59999999998,"Total revenues accrual",NA,"OK",NA
"rw","France","Revenues","2019-03-28",-1778.59999999998,NA,NA,NA,NA,NA,NA,NA,2019-03-01,-1778.59999999998,"Total revenues accrual",NA,"OK",NA
"rw","France","Revenues","2019-04-01",-1778.59999999998,NA,NA,NA,NA,NA,NA,NA,2019-04-01,-1778.59999999998,"Total revenues accrual",NA,"OK",NA
"rw","France","Revenues","2019-04-05",-1778.59999999998,NA,NA,NA,NA,NA,NA,NA,2019-04-01,-1778.59999999998,"Total revenues accrual",NA,"OK",NA
"rw","France","Revenues","2019-04-15",-1778.59999999998,NA,NA,NA,NA,NA,NA,NA,2019-04-01,-1778.59999999998,"Total revenues accrual",NA,"OK",NA
"rw","France","Revenues","2019-04-25",-1778.59999999998,NA,NA,NA,NA,NA,NA,NA,2019-04-01,-1778.59999999998,"Total revenues accrual",NA,"OK",NA
"rw","France","Revenues","2019-04-27",-1778.59999999998,NA,NA,NA,NA,NA,NA,NA,2019-04-01,-1778.59999999998,"Total revenues accrual",NA,"OK",NA
"rw","France","Revenues","2019-05-01",-1778.59999999998,NA,NA,NA,NA,NA,NA,NA,2019-05-01,-1778.59999999998,"Total revenues accrual",NA,"OK",NA
"rw","France","Revenues","2019-05-03",-1778.59999999998,NA,NA,NA,NA,NA,NA,NA,2019-05-01,-1778.59999999998,"Total revenues accrual",NA,"OK",NA
"rw","France","Revenues","2019-05-05",-1778.59999999998,NA,NA,NA,NA,NA,NA,NA,2019-05-01,-1778.59999999998,"Total revenues accrual",NA,"OK",NA
"rw","France","Revenues","2019-05-15",-1778.59999999998,NA,NA,NA,NA,NA,NA,NA,2019-05-01,-1778.59999999998,"Total revenues accrual",NA,"OK",NA
"rw","France","Revenues","2019-05-27",-1778.59999999998,NA,NA,NA,NA,NA,NA,NA,2019-05-01,-1778.59999999998,"Total revenues accrual",NA,"OK",NA
"rw","France","Revenues","2019-05-30",-1778.59999999998,NA,NA,NA,NA,NA,NA,NA,2019-05-01,-1778.59999999998,"Total revenues accrual",NA,"OK",NA
"rw","France","Revenues","2019-06-01",-1778.59999999998,NA,NA,NA,NA,NA,NA,NA,2019-06-01,-1778.59999999998,"Total revenues accrual",NA,"OK",NA
"rw","France","Revenues","2019-06-05",-1778.59999999998,NA,NA,NA,NA,NA,NA,NA,2019-06-01,-1778.59999999998,"Total revenues accrual",NA,"OK",NA
"rw","France","Revenues","2019-06-06",-1778.59999999998,NA,NA,NA,NA,NA,NA,NA,2019-06-01,-1778.59999999998,"Total revenues accrual",NA,"OK",NA
"rw","France","Revenues","2019-06-15",1483.70000000001,NA,NA,NA,NA,NA,NA,NA,2019-06-01,1483.70000000001,"Total revenues accrual",NA,"OK",NA
"rw","France","Revenues","2019-06-27",1483.70000000001,NA,NA,NA,NA,NA,NA,NA,2019-06-01,1483.70000000001,"Total revenues accrual",NA,"OK",NA
"rw","France","Revenues","2019-07-01",1483.70000000001,NA,NA,NA,NA,NA,NA,NA,2019-07-01,1483.70000000001,"Total revenues accrual",NA,"OK",NA
"rw","France","Revenues","2019-07-05",1483.70000000001,NA,NA,NA,NA,NA,NA,NA,2019-07-01,1483.70000000001,"Total revenues accrual",NA,"OK",NA
"rw","France","Revenues","2019-07-15",1483.70000000001,NA,NA,NA,NA,NA,NA,NA,2019-07-01,1483.70000000001,"Total revenues accrual",NA,"OK",NA
"rw","France","Revenues","2019-07-25",1483.70000000001,NA,NA,NA,NA,NA,NA,NA,2019-07-01,1483.70000000001,"Total revenues accrual",NA,"OK",NA
"rw","France","Revenues","2019-07-27",1483.70000000001,NA,NA,NA,NA,NA,NA,NA,2019-07-01,1483.70000000001,"Total revenues accrual",NA,"OK",NA
"rw","France","Revenues","2019-08-01",1483.70000000001,NA,NA,NA,NA,NA,NA,NA,2019-08-01,1483.70000000001,"Total revenues accrual",NA,"OK",NA
"rw","France","Revenues","2019-08-04",1483.70000000001,NA,NA,NA,NA,NA,NA,NA,2019-08-01,1483.70000000001,"Total revenues accrual",NA,"OK",NA
"rw","France","Revenues","2019-08-05",1483.70000000001,NA,NA,NA,NA,NA,NA,NA,2019-08-01,1483.70000000001,"Total revenues accrual",NA,"OK",NA
"rw","France","Revenues","2019-08-15",1483.70000000001,NA,NA,NA,NA,NA,NA,NA,2019-08-01,1483.70000000001,"Total revenues accrual",NA,"OK",NA
"rw","France","Revenues","2019-08-27",1483.70000000001,NA,NA,NA,NA,NA,NA,NA,2019-08-01,1483.70000000001,"Total revenues accrual",NA,"OK",NA
"rw","France","Revenues","2019-08-29",1483.70000000001,NA,NA,NA,NA,NA,NA,NA,2019-08-01,1483.70000000001,"Total revenues accrual",NA,"OK",NA
"rw","France","Revenues","2019-09-01",1483.70000000001,NA,NA,NA,NA,NA,NA,NA,2019-09-01,1483.70000000001,"Total revenues accrual",NA,"OK",NA
"rw","France","Revenues","2019-09-05",1483.70000000001,NA,NA,NA,NA,NA,NA,NA,2019-09-01,1483.70000000001,"Total revenues accrual",NA,"OK",NA
"rw","France","Revenues","2019-09-07",1483.70000000001,NA,NA,NA,NA,NA,NA,NA,2019-09-01,1483.70000000001,"Total revenues accrual",NA,"OK",NA
"rw","France","Revenues","2019-09-15",4246,NA,NA,NA,NA,NA,NA,NA,2019-09-01,4246,"Total revenues accrual",NA,"OK",NA
"rw","France","Revenues","2019-09-26",4246,NA,NA,NA,NA,NA,NA,NA,2019-09-01,4246,"Total revenues accrual",NA,"OK",NA
"rw","France","Revenues","2019-09-27",4246,NA,NA,NA,NA,NA,NA,NA,2019-09-01,4246,"Total revenues accrual",NA,"OK",NA
"rw","France","Revenues","2019-10-01",4246,NA,NA,NA,NA,NA,NA,NA,2019-10-01,4246,"Total revenues accrual",NA,"OK",NA
"rw","France","Revenues","2019-10-02",4246,NA,NA,NA,NA,NA,NA,NA,2019-10-01,4246,"Total revenues accrual",NA,"OK",NA
"rw","France","Revenues","2019-10-05",4246,NA,NA,NA,NA,NA,NA,NA,2019-10-01,4246,"Total revenues accrual",NA,"OK",NA
"rw","France","Revenues","2019-10-15",4246,NA,NA,NA,NA,NA,NA,NA,2019-10-01,4246,"Total revenues accrual",NA,"OK",NA
"rw","France","Revenues","2019-10-27",4246,NA,NA,NA,NA,NA,NA,NA,2019-10-01,4246,"Total revenues accrual",NA,"OK",NA
"rw","France","Revenues","2019-10-31",4246,NA,NA,NA,NA,NA,NA,NA,2019-10-01,4246,"Total revenues accrual",NA,"OK",NA
"rw","France","Revenues","2019-11-01",4246,NA,NA,NA,NA,NA,NA,NA,2019-11-01,4246,"Total revenues accrual",NA,"OK",NA
"rw","France","Revenues","2019-11-05",4246,NA,NA,NA,NA,NA,NA,NA,2019-11-01,4246,"Total revenues accrual",NA,"OK",NA
"rw","France","Revenues","2019-11-15",4246,NA,NA,NA,NA,NA,NA,NA,2019-11-01,4246,"Total revenues accrual",NA,"OK",NA
"rw","France","Revenues","2019-11-27",4246,NA,NA,NA,NA,NA,NA,NA,2019-11-01,4246,"Total revenues accrual",NA,"OK",NA
"rw","France","Revenues","2019-11-28",4246,NA,NA,NA,NA,NA,NA,NA,2019-11-01,4246,"Total revenues accrual",NA,"OK",NA
"rw","France","Revenues","2019-12-01",4246,NA,NA,NA,NA,NA,NA,NA,2019-12-01,4246,"Total revenues accrual",NA,"OK",NA
"rw","France","Revenues","2019-12-05",4246,NA,NA,NA,NA,NA,NA,NA,2019-12-01,4246,"Total revenues accrual",NA,"OK",NA
"rw","France","Revenues","2019-12-07",4246,NA,NA,NA,NA,NA,NA,NA,2019-12-01,4246,"Total revenues accrual",NA,"OK",NA
"rw","France","Revenues","2019-12-15",-5251.20000000001,NA,NA,NA,NA,NA,NA,NA,2019-12-01,-5251.20000000001,"Total revenues accrual",NA,"OK",NA
"rw","France","Revenues","2019-12-26",-5251.20000000001,NA,NA,NA,NA,NA,NA,NA,2019-12-01,-5251.20000000001,"Total revenues accrual",NA,"OK",NA
"rw","France","Revenues","2019-12-27",-5251.20000000001,NA,NA,NA,NA,NA,NA,NA,2019-12-01,-5251.20000000001,"Total revenues accrual",NA,"OK",NA
"rw","France","Revenues","2020-01-01",-5251.20000000001,NA,NA,NA,NA,NA,NA,NA,2020-01-01,-5251.20000000001,"Total revenues accrual",NA,"OK",NA
"rw","France","Revenues","2020-01-03",-5251.20000000001,NA,NA,NA,NA,NA,NA,NA,2020-01-01,-5251.20000000001,"Total revenues accrual",NA,"OK",NA
"rw","France","Revenues","2020-01-05",-5251.20000000001,NA,NA,NA,NA,NA,NA,NA,2020-01-01,-5251.20000000001,"Total revenues accrual",NA,"OK",NA
"rw","France","Revenues","2020-01-15",-5251.20000000001,NA,NA,NA,NA,NA,NA,NA,2020-01-01,-5251.20000000001,"Total revenues accrual",NA,"OK",NA
"rw","France","Revenues","2020-01-27",-5251.20000000001,NA,NA,NA,NA,NA,NA,NA,2020-01-01,-5251.20000000001,"Total revenues accrual",NA,"OK",NA
"rw","France","Revenues","2020-01-30",-5251.20000000001,NA,NA,NA,NA,NA,NA,NA,2020-01-01,-5251.20000000001,"Total revenues accrual",NA,"OK",NA
"rw","France","Revenues","2020-02-01",-5251.20000000001,NA,NA,NA,NA,NA,NA,NA,2020-02-01,-5251.20000000001,"Total revenues accrual",NA,"OK",NA
"rw","France","Revenues","2020-02-05",-5251.20000000001,NA,NA,NA,NA,NA,NA,NA,2020-02-01,-5251.20000000001,"Total revenues accrual",NA,"OK",NA
"rw","France","Revenues","2020-02-06",-5251.20000000001,NA,NA,NA,NA,NA,NA,NA,2020-02-01,-5251.20000000001,"Total revenues accrual",NA,"OK",NA
"rw","France","Revenues","2020-02-15",-5251.20000000001,NA,NA,NA,NA,NA,NA,NA,2020-02-01,-5251.20000000001,"Total revenues accrual",NA,"OK",NA
"rw","France","Revenues","2020-02-27",-5251.20000000001,NA,NA,NA,NA,NA,NA,NA,2020-02-01,-5251.20000000001,"Total revenues accrual",NA,"OK",NA
"rw","France","Revenues","2020-03-01",-5251.20000000001,NA,NA,NA,NA,NA,NA,NA,2020-03-01,-5251.20000000001,"Total revenues accrual",NA,"OK",NA
"rw","France","Revenues","2020-03-05",-5251.20000000001,NA,NA,NA,NA,NA,NA,NA,2020-03-01,-5251.20000000001,"Total revenues accrual",NA,"OK",NA
"rw","France","Revenues","2020-03-07",-5251.20000000001,NA,NA,NA,NA,NA,NA,NA,2020-03-01,-5251.20000000001,"Total revenues accrual",NA,"OK",NA
"rw","France","Revenues","2020-03-15",-9414.79999999999,NA,NA,NA,NA,NA,NA,NA,2020-03-01,-9414.79999999999,"Total revenues accrual",NA,"OK",NA
"rw","France","Revenues","2020-03-26",-9414.79999999999,NA,NA,NA,NA,NA,NA,NA,2020-03-01,-9414.79999999999,"Total revenues accrual",NA,"OK",NA
"rw","France","Revenues","2020-03-27",-9414.79999999999,NA,NA,NA,NA,NA,NA,NA,2020-03-01,-9414.79999999999,"Total revenues accrual",NA,"OK",NA
"rw","France","Revenues","2020-04-01",-9414.79999999999,NA,NA,NA,NA,NA,NA,NA,2020-04-01,-9414.79999999999,"Total revenues accrual",NA,"OK",NA
"rw","France","Revenues","2020-04-03",-9414.79999999999,NA,NA,NA,NA,NA,NA,NA,2020-04-01,-9414.79999999999,"Total revenues accrual",NA,"OK",NA
"rw","France","Revenues","2020-04-05",-9414.79999999999,NA,NA,NA,NA,NA,NA,NA,2020-04-01,-9414.79999999999,"Total revenues accrual",NA,"OK",NA
"rw","France","Revenues","2020-04-15",-9414.79999999999,NA,NA,NA,NA,NA,NA,NA,2020-04-01,-9414.79999999999,"Total revenues accrual",NA,"OK",NA
"rw","France","Revenues","2020-04-27",-9414.79999999999,NA,NA,NA,NA,NA,NA,NA,2020-04-01,-9414.79999999999,"Total revenues accrual",NA,"OK",NA
"rw","France","Revenues","2020-04-30",-9414.79999999999,NA,NA,NA,NA,NA,NA,NA,2020-04-01,-9414.79999999999,"Total revenues accrual",NA,"OK",NA
"rw","France","Revenues","2020-05-01",-9414.79999999999,NA,NA,NA,NA,NA,NA,NA,2020-05-01,-9414.79999999999,"Total revenues accrual",NA,"OK",NA
"rw","France","Revenues","2020-05-05",-9414.79999999999,NA,NA,NA,NA,NA,NA,NA,2020-05-01,-9414.79999999999,"Total revenues accrual",NA,"OK",NA
"rw","France","Revenues","2020-05-15",-9414.79999999999,NA,NA,NA,NA,NA,NA,NA,2020-05-01,-9414.79999999999,"Total revenues accrual",NA,"OK",NA
"rw","France","Revenues","2020-05-27",-9414.79999999999,NA,NA,NA,NA,NA,NA,NA,2020-05-01,-9414.79999999999,"Total revenues accrual",NA,"OK",NA
"rw","France","Revenues","2020-05-28",-9414.79999999999,NA,NA,NA,NA,NA,NA,NA,2020-05-01,-9414.79999999999,"Total revenues accrual",NA,"OK",NA
"rw","France","Revenues","2020-06-01",-9414.79999999999,NA,NA,NA,NA,NA,NA,NA,2020-06-01,-9414.79999999999,"Total revenues accrual",NA,"OK",NA
"rw","France","Revenues","2020-06-05",-9414.79999999999,NA,NA,NA,NA,NA,NA,NA,2020-06-01,-9414.79999999999,"Total revenues accrual",NA,"OK",NA
"rw","France","Revenues","2020-06-15",-27588.3,NA,NA,NA,NA,NA,NA,NA,2020-06-01,-27588.3,"Total revenues accrual",NA,"OK",NA
"rw","France","Revenues","2020-06-25",-27588.3,NA,NA,NA,NA,NA,NA,NA,2020-06-01,-27588.3,"Total revenues accrual",NA,"OK",NA
"rw","France","Revenues","2020-06-27",-27588.3,NA,NA,NA,NA,NA,NA,NA,2020-06-01,-27588.3,"Total revenues accrual",NA,"OK",NA
"rw","France","Revenues","2020-07-01",-27588.3,NA,NA,NA,NA,NA,NA,NA,2020-07-01,-27588.3,"Total revenues accrual",NA,"OK",NA
"rw","France","Revenues","2020-07-03",-27588.3,NA,NA,NA,NA,NA,NA,NA,2020-07-01,-27588.3,"Total revenues accrual",NA,"OK",NA
"rw","France","Revenues","2020-07-05",-27588.3,NA,NA,NA,NA,NA,NA,NA,2020-07-01,-27588.3,"Total revenues accrual",NA,"OK",NA
"rw","France","Revenues","2020-07-15",-27588.3,NA,NA,NA,NA,NA,NA,NA,2020-07-01,-27588.3,"Total revenues accrual",NA,"OK",NA
"rw","France","Revenues","2020-07-27",-27588.3,NA,NA,NA,NA,NA,NA,NA,2020-07-01,-27588.3,"Total revenues accrual",NA,"OK",NA
"rw","France","Revenues","2020-07-30",-27588.3,NA,NA,NA,NA,NA,NA,NA,2020-07-01,-27588.3,"Total revenues accrual",NA,"OK",NA
"rw","France","Revenues","2020-08-01",-27588.3,NA,NA,NA,NA,NA,NA,NA,2020-08-01,-27588.3,"Total revenues accrual",NA,"OK",NA
"rw","France","Revenues","2020-08-05",-27588.3,NA,NA,NA,NA,NA,NA,NA,2020-08-01,-27588.3,"Total revenues accrual",NA,"OK",NA
"rw","France","Revenues","2020-08-06",-27588.3,NA,NA,NA,NA,NA,NA,NA,2020-08-01,-27588.3,"Total revenues accrual",NA,"OK",NA
"rw","France","Revenues","2020-08-15",-27588.3,NA,NA,NA,NA,NA,NA,NA,2020-08-01,-27588.3,"Total revenues accrual",NA,"OK",NA
"rw","France","Revenues","2020-08-27",-27588.3,NA,NA,NA,NA,NA,NA,NA,2020-08-01,-27588.3,"Total revenues accrual",NA,"OK",NA
"rw","France","Revenues","2020-09-01",-27588.3,NA,NA,NA,NA,NA,NA,NA,2020-09-01,-27588.3,"Total revenues accrual",NA,"OK",NA
"rw","France","Revenues","2020-09-02",-27588.3,NA,NA,NA,NA,NA,NA,NA,2020-09-01,-27588.3,"Total revenues accrual",NA,"OK",NA
"rw","France","Revenues","2020-09-05",-27588.3,NA,NA,NA,NA,NA,NA,NA,2020-09-01,-27588.3,"Total revenues accrual",NA,"OK",NA
"rw","France","Revenues","2020-09-15",34163.7,NA,NA,NA,NA,NA,NA,NA,2020-09-01,34163.7,"Total revenues accrual",NA,"OK",NA
"rw","France","Revenues","2020-09-24",34163.7,NA,NA,NA,NA,NA,NA,NA,2020-09-01,34163.7,"Total revenues accrual",NA,"OK",NA
"rw","France","Revenues","2020-09-27",34163.7,NA,NA,NA,NA,NA,NA,NA,2020-09-01,34163.7,"Total revenues accrual",NA,"OK",NA
"rw","France","Revenues","2020-10-01",34163.7,NA,NA,NA,NA,NA,NA,NA,2020-10-01,34163.7,"Total revenues accrual",NA,"OK",NA
"rw","France","Revenues","2020-10-04",34163.7,NA,NA,NA,NA,NA,NA,NA,2020-10-01,34163.7,"Total revenues accrual",NA,"OK",NA
"rw","France","Revenues","2020-10-05",34163.7,NA,NA,NA,NA,NA,NA,NA,2020-10-01,34163.7,"Total revenues accrual",NA,"OK",NA
"rw","France","Revenues","2020-10-15",34163.7,NA,NA,NA,NA,NA,NA,NA,2020-10-01,34163.7,"Total revenues accrual",NA,"OK",NA
"rw","France","Revenues","2020-10-27",34163.7,NA,NA,NA,NA,NA,NA,NA,2020-10-01,34163.7,"Total revenues accrual",NA,"OK",NA
"rw","France","Revenues","2020-10-29",34163.7,NA,NA,NA,NA,NA,NA,NA,2020-10-01,34163.7,"Total revenues accrual",NA,"OK",NA
"rw","France","Revenues","2020-11-01",34163.7,NA,NA,NA,NA,NA,NA,NA,2020-11-01,34163.7,"Total revenues accrual",NA,"OK",NA
"rw","France","Revenues","2020-11-05",34163.7,NA,NA,NA,NA,NA,NA,NA,2020-11-01,34163.7,"Total revenues accrual",NA,"OK",NA
"rw","France","Revenues","2020-11-07",34163.7,NA,NA,NA,NA,NA,NA,NA,2020-11-01,34163.7,"Total revenues accrual",NA,"OK",NA
"rw","France","Revenues","2020-11-15",34163.7,NA,NA,NA,NA,NA,NA,NA,2020-11-01,34163.7,"Total revenues accrual",NA,"OK",NA
"rw","France","Revenues","2020-11-26",34163.7,NA,NA,NA,NA,NA,NA,NA,2020-11-01,34163.7,"Total revenues accrual",NA,"OK",NA
"rw","France","Revenues","2020-11-27",34163.7,NA,NA,NA,NA,NA,NA,NA,2020-11-01,34163.7,"Total revenues accrual",NA,"OK",NA
"rw","France","Revenues","2020-12-01",34163.7,NA,NA,NA,NA,NA,NA,NA,2020-12-01,34163.7,"Total revenues accrual",NA,"OK",NA
"rw","France","Revenues","2020-12-02",34163.7,NA,NA,NA,NA,NA,NA,NA,2020-12-01,34163.7,"Total revenues accrual",NA,"OK",NA
"rw","France","Revenues","2020-12-05",34163.7,NA,NA,NA,NA,NA,NA,NA,2020-12-01,34163.7,"Total revenues accrual",NA,"OK",NA
"rw","France","Revenues","2020-12-15",-7272.20000000001,NA,NA,NA,NA,NA,NA,NA,2020-12-01,-7272.20000000001,"Total revenues accrual",NA,"OK",NA
"rw","France","Revenues","2020-12-27",-7272.20000000001,NA,NA,NA,NA,NA,NA,NA,2020-12-01,-7272.20000000001,"Total revenues accrual",NA,"OK",NA
"rw","France","Revenues","2020-12-31",-7272.20000000001,NA,NA,NA,NA,NA,NA,NA,2020-12-01,-7272.20000000001,"Total revenues accrual",NA,"OK",NA
"rw","France","Revenues","2021-01-01",-7272.20000000001,NA,NA,NA,NA,NA,NA,NA,2021-01-01,-7272.20000000001,"Total revenues accrual",NA,"OK",NA
"rw","France","Revenues","2021-01-05",-7272.20000000001,NA,NA,NA,NA,NA,NA,NA,2021-01-01,-7272.20000000001,"Total revenues accrual",NA,"OK",NA
"rw","France","Revenues","2021-01-15",-7272.20000000001,NA,NA,NA,NA,NA,NA,NA,2021-01-01,-7272.20000000001,"Total revenues accrual",NA,"OK",NA
"rw","France","Revenues","2021-01-27",-7272.20000000001,NA,NA,NA,NA,NA,NA,NA,2021-01-01,-7272.20000000001,"Total revenues accrual",NA,"OK",NA
"rw","France","Revenues","2021-01-28",-7272.20000000001,NA,NA,NA,NA,NA,NA,NA,2021-01-01,-7272.20000000001,"Total revenues accrual",NA,"OK",NA
"rw","France","Revenues","2021-02-01",-7272.20000000001,NA,NA,NA,NA,NA,NA,NA,2021-02-01,-7272.20000000001,"Total revenues accrual",NA,"OK",NA
"rw","France","Revenues","2021-02-05",-7272.20000000001,NA,NA,NA,NA,NA,NA,NA,2021-02-01,-7272.20000000001,"Total revenues accrual",NA,"OK",NA
"rw","France","Revenues","2021-02-15",-7272.20000000001,NA,NA,NA,NA,NA,NA,NA,2021-02-01,-7272.20000000001,"Total revenues accrual",NA,"OK",NA
"rw","France","Revenues","2021-02-25",-7272.20000000001,NA,NA,NA,NA,NA,NA,NA,2021-02-01,-7272.20000000001,"Total revenues accrual",NA,"OK",NA
"rw","France","Revenues","2021-02-27",-7272.20000000001,NA,NA,NA,NA,NA,NA,NA,2021-02-01,-7272.20000000001,"Total revenues accrual",NA,"OK",NA
"rw","France","Revenues","2021-03-01",-7272.20000000001,NA,NA,NA,NA,NA,NA,NA,2021-03-01,-7272.20000000001,"Total revenues accrual",NA,"OK",NA
"rw","France","Revenues","2021-03-05",-7272.20000000001,NA,NA,NA,NA,NA,NA,NA,2021-03-01,-7272.20000000001,"Total revenues accrual",NA,"OK",NA
"rw","France","Revenues","2021-03-15",9587.60000000003,NA,NA,NA,NA,NA,NA,NA,2021-03-01,9587.60000000003,"Total revenues accrual",NA,"OK",NA
"rw","France","Revenues","2021-03-25",9587.60000000003,NA,NA,NA,NA,NA,NA,NA,2021-03-01,9587.60000000003,"Total revenues accrual",NA,"OK",NA
"rw","France","Revenues","2021-03-27",9587.60000000003,NA,NA,NA,NA,NA,NA,NA,2021-03-01,9587.60000000003,"Total revenues accrual",NA,"OK",NA
"rw","France","Revenues","2021-04-01",9587.60000000003,NA,NA,NA,NA,NA,NA,NA,2021-04-01,9587.60000000003,"Total revenues accrual",NA,"OK",NA
"rw","France","Revenues","2021-04-04",9587.60000000003,NA,NA,NA,NA,NA,NA,NA,2021-04-01,9587.60000000003,"Total revenues accrual",NA,"OK",NA
"rw","France","Revenues","2021-04-05",9587.60000000003,NA,NA,NA,NA,NA,NA,NA,2021-04-01,9587.60000000003,"Total revenues accrual",NA,"OK",NA
"rw","France","Revenues","2021-04-15",9587.60000000003,NA,NA,NA,NA,NA,NA,NA,2021-04-01,9587.60000000003,"Total revenues accrual",NA,"OK",NA
"rw","France","Revenues","2021-04-27",9587.60000000003,NA,NA,NA,NA,NA,NA,NA,2021-04-01,9587.60000000003,"Total revenues accrual",NA,"OK",NA
"rw","France","Revenues","2021-04-29",9587.60000000003,NA,NA,NA,NA,NA,NA,NA,2021-04-01,9587.60000000003,"Total revenues accrual",NA,"OK",NA
"rw","France","Revenues","2021-05-01",9587.60000000003,NA,NA,NA,NA,NA,NA,NA,2021-05-01,9587.60000000003,"Total revenues accrual",NA,"OK",NA
"rw","France","Revenues","2021-05-05",9587.60000000003,NA,NA,NA,NA,NA,NA,NA,2021-05-01,9587.60000000003,"Total revenues accrual",NA,"OK",NA
"rw","France","Revenues","2021-05-06",9587.60000000003,NA,NA,NA,NA,NA,NA,NA,2021-05-01,9587.60000000003,"Total revenues accrual",NA,"OK",NA
"rw","France","Revenues","2021-05-15",9587.60000000003,NA,NA,NA,NA,NA,NA,NA,2021-05-01,9587.60000000003,"Total revenues accrual",NA,"OK",NA
"rw","France","Revenues","2021-05-27",9587.60000000003,NA,NA,NA,NA,NA,NA,NA,2021-05-01,9587.60000000003,"Total revenues accrual",NA,"OK",NA
"rw","France","Revenues","2021-06-01",9587.60000000003,NA,NA,NA,NA,NA,NA,NA,2021-06-01,9587.60000000003,"Total revenues accrual",NA,"OK",NA
"rw","France","Revenues","2021-06-02",9587.60000000003,NA,NA,NA,NA,NA,NA,NA,2021-06-01,9587.60000000003,"Total revenues accrual",NA,"OK",NA
"rw","France","Revenues","2021-06-05",9587.60000000003,NA,NA,NA,NA,NA,NA,NA,2021-06-01,9587.60000000003,"Total revenues accrual",NA,"OK",NA
"rw","France","Revenues","2021-06-15",4095.39999999997,NA,NA,NA,NA,NA,NA,NA,2021-06-01,4095.39999999997,"Total revenues accrual",NA,"OK",NA
"rw","France","Revenues","2021-06-24",4095.39999999997,NA,NA,NA,NA,NA,NA,NA,2021-06-01,4095.39999999997,"Total revenues accrual",NA,"OK",NA
"rw","France","Revenues","2021-06-27",4095.39999999997,NA,NA,NA,NA,NA,NA,NA,2021-06-01,4095.39999999997,"Total revenues accrual",NA,"OK",NA
"rw","France","Revenues","2021-07-01",4095.39999999997,NA,NA,NA,NA,NA,NA,NA,2021-07-01,4095.39999999997,"Total revenues accrual",NA,"OK",NA
"rw","France","Revenues","2021-07-04",4095.39999999997,NA,NA,NA,NA,NA,NA,NA,2021-07-01,4095.39999999997,"Total revenues accrual",NA,"OK",NA
"rw","France","Revenues","2021-07-05",4095.39999999997,NA,NA,NA,NA,NA,NA,NA,2021-07-01,4095.39999999997,"Total revenues accrual",NA,"OK",NA
"rw","France","Revenues","2021-07-15",4095.39999999997,NA,NA,NA,NA,NA,NA,NA,2021-07-01,4095.39999999997,"Total revenues accrual",NA,"OK",NA
"rw","France","Revenues","2021-07-27",4095.39999999997,NA,NA,NA,NA,NA,NA,NA,2021-07-01,4095.39999999997,"Total revenues accrual",NA,"OK",NA
"rw","France","Revenues","2021-07-29",4095.39999999997,NA,NA,NA,NA,NA,NA,NA,2021-07-01,4095.39999999997,"Total revenues accrual",NA,"OK",NA
"rw","France","Revenues","2021-08-01",4095.39999999997,NA,NA,NA,NA,NA,NA,NA,2021-08-01,4095.39999999997,"Total revenues accrual",NA,"OK",NA
"rw","France","Revenues","2021-08-05",4095.39999999997,NA,NA,NA,NA,NA,NA,NA,2021-08-01,4095.39999999997,"Total revenues accrual",NA,"OK",NA
"rw","France","Revenues","2021-08-07",4095.39999999997,NA,NA,NA,NA,NA,NA,NA,2021-08-01,4095.39999999997,"Total revenues accrual",NA,"OK",NA
"rw","France","Revenues","2021-08-15",4095.39999999997,NA,NA,NA,NA,NA,NA,NA,2021-08-01,4095.39999999997,"Total revenues accrual",NA,"OK",NA
"rw","France","Revenues","2021-08-26",4095.39999999997,NA,NA,NA,NA,NA,NA,NA,2021-08-01,4095.39999999997,"Total revenues accrual",NA,"OK",NA
"rw","France","Revenues","2021-08-27",4095.39999999997,NA,NA,NA,NA,NA,NA,NA,2021-08-01,4095.39999999997,"Total revenues accrual",NA,"OK",NA
"rw","France","Revenues","2021-09-01",4095.39999999997,NA,NA,NA,NA,NA,NA,NA,2021-09-01,4095.39999999997,"Total revenues accrual",NA,"OK",NA
"rw","France","Revenues","2021-09-03",4095.39999999997,NA,NA,NA,NA,NA,NA,NA,2021-09-01,4095.39999999997,"Total revenues accrual",NA,"OK",NA
"rw","France","Revenues","2021-09-05",4095.39999999997,NA,NA,NA,NA,NA,NA,NA,2021-09-01,4095.39999999997,"Total revenues accrual",NA,"OK",NA
"rw","France","Revenues","2021-09-15",10775.2,NA,NA,NA,NA,NA,NA,NA,2021-09-01,10775.2,"Total revenues accrual",NA,"OK",NA
"rw","France","Revenues","2021-09-27",10775.2,NA,NA,NA,NA,NA,NA,NA,2021-09-01,10775.2,"Total revenues accrual",NA,"OK",NA
"rw","France","Revenues","2021-09-30",10775.2,NA,NA,NA,NA,NA,NA,NA,2021-09-01,10775.2,"Total revenues accrual",NA,"OK",NA
"rw","France","Revenues","2021-10-01",10775.2,NA,NA,NA,NA,NA,NA,NA,2021-10-01,10775.2,"Total revenues accrual",NA,"OK",NA
"rw","France","Revenues","2021-10-05",10775.2,NA,NA,NA,NA,NA,NA,NA,2021-10-01,10775.2,"Total revenues accrual",NA,"OK",NA
"rw","France","Revenues","2021-10-15",10775.2,NA,NA,NA,NA,NA,NA,NA,2021-10-01,10775.2,"Total revenues accrual",NA,"OK",NA
"rw","France","Revenues","2021-10-27",10775.2,NA,NA,NA,NA,NA,NA,NA,2021-10-01,10775.2,"Total revenues accrual",NA,"OK",NA
"rw","France","Revenues","2021-10-28",10775.2,NA,NA,NA,NA,NA,NA,NA,2021-10-01,10775.2,"Total revenues accrual",NA,"OK",NA
"rw","France","Revenues","2021-11-01",10775.2,NA,NA,NA,NA,NA,NA,NA,2021-11-01,10775.2,"Total revenues accrual",NA,"OK",NA
"rw","France","Revenues","2021-11-05",10775.2,NA,NA,NA,NA,NA,NA,NA,2021-11-01,10775.2,"Total revenues accrual",NA,"OK",NA
"rw","France","Revenues","2021-11-15",10775.2,NA,NA,NA,NA,NA,NA,NA,2021-11-01,10775.2,"Total revenues accrual",NA,"OK",NA
"rw","France","Revenues","2021-11-25",10775.2,NA,NA,NA,NA,NA,NA,NA,2021-11-01,10775.2,"Total revenues accrual",NA,"OK",NA
"rw","France","Revenues","2021-11-27",10775.2,NA,NA,NA,NA,NA,NA,NA,2021-11-01,10775.2,"Total revenues accrual",NA,"OK",NA
"rw","France","Revenues","2021-12-01",10775.2,NA,NA,NA,NA,NA,NA,NA,2021-12-01,10775.2,"Total revenues accrual",NA,"OK",NA
"rw","France","Revenues","2021-12-03",10775.2,NA,NA,NA,NA,NA,NA,NA,2021-12-01,10775.2,"Total revenues accrual",NA,"OK",NA
"rw","France","Revenues","2021-12-05",10775.2,NA,NA,NA,NA,NA,NA,NA,2021-12-01,10775.2,"Total revenues accrual",NA,"OK",NA
"rw","France","Revenues","2021-12-15",11573.8,NA,NA,NA,NA,NA,NA,NA,2021-12-01,11573.8,"Total revenues accrual",NA,"OK",NA
"rw","France","Revenues","2021-12-27",11573.8,NA,NA,NA,NA,NA,NA,NA,2021-12-01,11573.8,"Total revenues accrual",NA,"OK",NA
"rw","France","Revenues","2021-12-30",11573.8,NA,NA,NA,NA,NA,NA,NA,2021-12-01,11573.8,"Total revenues accrual",NA,"OK",NA
"rw","France","Revenues","2022-01-01",11573.8,NA,NA,NA,NA,NA,NA,NA,2022-01-01,11573.8,"Total revenues accrual",NA,"OK",NA
"rw","France","Revenues","2022-01-05",11573.8,NA,NA,NA,NA,NA,NA,NA,2022-01-01,11573.8,"Total revenues accrual",NA,"OK",NA
"rw","France","Revenues","2022-01-06",11573.8,NA,NA,NA,NA,NA,NA,NA,2022-01-01,11573.8,"Total revenues accrual",NA,"OK",NA
"rw","France","Revenues","2022-01-15",11573.8,NA,NA,NA,NA,NA,NA,NA,2022-01-01,11573.8,"Total revenues accrual",NA,"OK",NA
"rw","France","Revenues","2022-01-27",11573.8,NA,NA,NA,NA,NA,NA,NA,2022-01-01,11573.8,"Total revenues accrual",NA,"OK",NA
"rw","France","Revenues","2022-02-01",11573.8,NA,NA,NA,NA,NA,NA,NA,2022-02-01,11573.8,"Total revenues accrual",NA,"OK",NA
"rw","France","Revenues","2022-02-02",11573.8,NA,NA,NA,NA,NA,NA,NA,2022-02-01,11573.8,"Total revenues accrual",NA,"OK",NA
"rw","France","Revenues","2022-02-05",11573.8,NA,NA,NA,NA,NA,NA,NA,2022-02-01,11573.8,"Total revenues accrual",NA,"OK",NA
"rw","France","Revenues","2022-02-15",11573.8,NA,NA,NA,NA,NA,NA,NA,2022-02-01,11573.8,"Total revenues accrual",NA,"OK",NA
"rw","France","Revenues","2022-02-24",11573.8,NA,NA,NA,NA,NA,NA,NA,2022-02-01,11573.8,"Total revenues accrual",NA,"OK",NA
"rw","France","Revenues","2022-02-27",11573.8,NA,NA,NA,NA,NA,NA,NA,2022-02-01,11573.8,"Total revenues accrual",NA,"OK",NA
"rw","France","Revenues","2022-03-01",11573.8,NA,NA,NA,NA,NA,NA,NA,2022-03-01,11573.8,"Total revenues accrual",NA,"OK",NA
"rw","France","Revenues","2022-03-02",11573.8,NA,NA,NA,NA,NA,NA,NA,2022-03-01,11573.8,"Total revenues accrual",NA,"OK",NA
"rw","France","Revenues","2022-03-05",11573.8,NA,NA,NA,NA,NA,NA,NA,2022-03-01,11573.8,"Total revenues accrual",NA,"OK",NA
"rw","France","Revenues","2022-03-15",1355.90000000002,NA,NA,NA,NA,NA,NA,NA,2022-03-01,1355.90000000002,"Total revenues accrual",NA,"OK",NA
"rw","France","Revenues","2022-03-27",1355.90000000002,NA,NA,NA,NA,NA,NA,NA,2022-03-01,1355.90000000002,"Total revenues accrual",NA,"OK",NA
"rw","France","Revenues","2022-03-31",1355.90000000002,NA,NA,NA,NA,NA,NA,NA,2022-03-01,1355.90000000002,"Total revenues accrual",NA,"OK",NA
"rw","France","Revenues","2022-04-01",1355.90000000002,NA,NA,NA,NA,NA,NA,NA,2022-04-01,1355.90000000002,"Total revenues accrual",NA,"OK",NA
"rw","France","Revenues","2022-04-05",1355.90000000002,NA,NA,NA,NA,NA,NA,NA,2022-04-01,1355.90000000002,"Total revenues accrual",NA,"OK",NA
"rw","France","Revenues","2022-04-15",1355.90000000002,NA,NA,NA,NA,NA,NA,NA,2022-04-01,1355.90000000002,"Total revenues accrual",NA,"OK",NA
"rw","France","Revenues","2022-04-27",1355.90000000002,NA,NA,NA,NA,NA,NA,NA,2022-04-01,1355.90000000002,"Total revenues accrual",NA,"OK",NA
"rw","France","Revenues","2022-04-28",1355.90000000002,NA,NA,NA,NA,NA,NA,NA,2022-04-01,1355.90000000002,"Total revenues accrual",NA,"OK",NA
"rw","France","Revenues","2022-05-01",1355.90000000002,NA,NA,NA,NA,NA,NA,NA,2022-05-01,1355.90000000002,"Total revenues accrual",NA,"OK",NA
"rw","France","Revenues","2022-05-05",1355.90000000002,NA,NA,NA,NA,NA,NA,NA,2022-05-01,1355.90000000002,"Total revenues accrual",NA,"OK",NA
"rw","France","Revenues","2022-05-07",1355.90000000002,NA,NA,NA,NA,NA,NA,NA,2022-05-01,1355.90000000002,"Total revenues accrual",NA,"OK",NA
"rw","France","Revenues","2022-05-15",1355.90000000002,NA,NA,NA,NA,NA,NA,NA,2022-05-01,1355.90000000002,"Total revenues accrual",NA,"OK",NA
"rw","France","Revenues","2022-05-26",1355.90000000002,NA,NA,NA,NA,NA,NA,NA,2022-05-01,1355.90000000002,"Total revenues accrual",NA,"OK",NA
"rw","France","Revenues","2022-05-27",1355.90000000002,NA,NA,NA,NA,NA,NA,NA,2022-05-01,1355.90000000002,"Total revenues accrual",NA,"OK",NA
"rw","France","Revenues","2022-06-01",1355.90000000002,NA,NA,NA,NA,NA,NA,NA,2022-06-01,1355.90000000002,"Total revenues accrual",NA,"OK",NA
"rw","France","Revenues","2022-06-03",1355.90000000002,NA,NA,NA,NA,NA,NA,NA,2022-06-01,1355.90000000002,"Total revenues accrual",NA,"OK",NA
"rw","France","Revenues","2022-06-05",1355.90000000002,NA,NA,NA,NA,NA,NA,NA,2022-06-01,1355.90000000002,"Total revenues accrual",NA,"OK",NA
"rw","France","Revenues","2022-06-15",9941.70000000001,NA,NA,NA,NA,NA,NA,NA,2022-06-01,9941.70000000001,"Total revenues accrual",NA,"OK",NA
"rw","France","Revenues","2022-06-27",9941.70000000001,NA,NA,NA,NA,NA,NA,NA,2022-06-01,9941.70000000001,"Total revenues accrual",NA,"OK",NA
"rw","France","Revenues","2022-06-30",9941.70000000001,NA,NA,NA,NA,NA,NA,NA,2022-06-01,9941.70000000001,"Total revenues accrual",NA,"OK",NA
"rw","France","Revenues","2022-07-01",9941.70000000001,NA,NA,NA,NA,NA,NA,NA,2022-07-01,9941.70000000001,"Total revenues accrual",NA,"OK",NA
"rw","France","Revenues","2022-07-05",9941.70000000001,NA,NA,NA,NA,NA,NA,NA,2022-07-01,9941.70000000001,"Total revenues accrual",NA,"OK",NA
"rw","France","Revenues","2022-07-15",9941.70000000001,NA,NA,NA,NA,NA,NA,NA,2022-07-01,9941.70000000001,"Total revenues accrual",NA,"OK",NA
"rw","France","Revenues","2022-07-27",9941.70000000001,NA,NA,NA,NA,NA,NA,NA,2022-07-01,9941.70000000001,"Total revenues accrual",NA,"OK",NA
"rw","France","Revenues","2022-07-28",9941.70000000001,NA,NA,NA,NA,NA,NA,NA,2022-07-01,9941.70000000001,"Total revenues accrual",NA,"OK",NA
"rw","France","Revenues","2022-08-01",9941.70000000001,NA,NA,NA,NA,NA,NA,NA,2022-08-01,9941.70000000001,"Total revenues accrual",NA,"OK",NA
"rw","France","Revenues","2022-08-05",9941.70000000001,NA,NA,NA,NA,NA,NA,NA,2022-08-01,9941.70000000001,"Total revenues accrual",NA,"OK",NA
"rw","France","Revenues","2022-08-15",9941.70000000001,NA,NA,NA,NA,NA,NA,NA,2022-08-01,9941.70000000001,"Total revenues accrual",NA,"OK",NA
"rw","France","Revenues","2022-08-25",9941.70000000001,NA,NA,NA,NA,NA,NA,NA,2022-08-01,9941.70000000001,"Total revenues accrual",NA,"OK",NA
"rw","France","Revenues","2022-08-27",9941.70000000001,NA,NA,NA,NA,NA,NA,NA,2022-08-01,9941.70000000001,"Total revenues accrual",NA,"OK",NA
"rw","France","Revenues","2022-09-01",9941.70000000001,NA,NA,NA,NA,NA,NA,NA,2022-09-01,9941.70000000001,"Total revenues accrual",NA,"OK",NA
"rw","France","Revenues","2022-09-04",9941.70000000001,NA,NA,NA,NA,NA,NA,NA,2022-09-01,9941.70000000001,"Total revenues accrual",NA,"OK",NA
"rw","France","Revenues","2022-09-05",9941.70000000001,NA,NA,NA,NA,NA,NA,NA,2022-09-01,9941.70000000001,"Total revenues accrual",NA,"OK",NA
"rw","France","Revenues","2022-09-15",1444.09999999998,NA,NA,NA,NA,NA,NA,NA,2022-09-01,1444.09999999998,"Total revenues accrual",NA,"OK",NA
"rw","France","Revenues","2022-09-27",1444.09999999998,NA,NA,NA,NA,NA,NA,NA,2022-09-01,1444.09999999998,"Total revenues accrual",NA,"OK",NA
"rw","France","Revenues","2022-09-29",1444.09999999998,NA,NA,NA,NA,NA,NA,NA,2022-09-01,1444.09999999998,"Total revenues accrual",NA,"OK",NA
"rw","France","Revenues","2022-10-01",1444.09999999998,NA,NA,NA,NA,NA,NA,NA,2022-10-01,1444.09999999998,"Total revenues accrual",NA,"OK",NA
"rw","France","Revenues","2022-10-05",1444.09999999998,NA,NA,NA,NA,NA,NA,NA,2022-10-01,1444.09999999998,"Total revenues accrual",NA,"OK",NA
"rw","France","Revenues","2022-10-06",1444.09999999998,NA,NA,NA,NA,NA,NA,NA,2022-10-01,1444.09999999998,"Total revenues accrual",NA,"OK",NA
"rw","France","Revenues","2022-10-15",1444.09999999998,NA,NA,NA,NA,NA,NA,NA,2022-10-01,1444.09999999998,"Total revenues accrual",NA,"OK",NA
"rw","France","Revenues","2022-10-27",1444.09999999998,NA,NA,NA,NA,NA,NA,NA,2022-10-01,1444.09999999998,"Total revenues accrual",NA,"OK",NA
"rw","France","Revenues","2022-11-01",1444.09999999998,NA,NA,NA,NA,NA,NA,NA,2022-11-01,1444.09999999998,"Total revenues accrual",NA,"OK",NA
"rw","France","Revenues","2022-11-02",1444.09999999998,NA,NA,NA,NA,NA,NA,NA,2022-11-01,1444.09999999998,"Total revenues accrual",NA,"OK",NA
"rw","France","Revenues","2022-11-05",1444.09999999998,NA,NA,NA,NA,NA,NA,NA,2022-11-01,1444.09999999998,"Total revenues accrual",NA,"OK",NA
"rw","France","Revenues","2022-11-15",1444.09999999998,NA,NA,NA,NA,NA,NA,NA,2022-11-01,1444.09999999998,"Total revenues accrual",NA,"OK",NA
"rw","France","Revenues","2022-11-24",1444.09999999998,NA,NA,NA,NA,NA,NA,NA,2022-11-01,1444.09999999998,"Total revenues accrual",NA,"OK",NA
"rw","France","Revenues","2022-11-27",1444.09999999998,NA,NA,NA,NA,NA,NA,NA,2022-11-01,1444.09999999998,"Total revenues accrual",NA,"OK",NA
"rw","France","Revenues","2022-12-01",1444.09999999998,NA,NA,NA,NA,NA,NA,NA,2022-12-01,1444.09999999998,"Total revenues accrual",NA,"OK",NA
"rw","France","Revenues","2022-12-04",1444.09999999998,NA,NA,NA,NA,NA,NA,NA,2022-12-01,1444.09999999998,"Total revenues accrual",NA,"OK",NA
"rw","France","Revenues","2022-12-05",1444.09999999998,NA,NA,NA,NA,NA,NA,NA,2022-12-01,1444.09999999998,"Total revenues accrual",NA,"OK",NA
"rw","France","Revenues","2022-12-15",-108.5,NA,NA,NA,NA,NA,NA,NA,2022-12-01,-108.5,"Total revenues accrual",NA,"OK",NA
"rw","France","Revenues","2022-12-27",-108.5,NA,NA,NA,NA,NA,NA,NA,2022-12-01,-108.5,"Total revenues accrual",NA,"OK",NA
"rw","France","Revenues","2022-12-29",-108.5,NA,NA,NA,NA,NA,NA,NA,2022-12-01,-108.5,"Total revenues accrual",NA,"OK",NA
"rw","France","Revenues","2023-01-01",-108.5,NA,NA,NA,NA,NA,NA,NA,2023-01-01,-108.5,"Total revenues accrual",NA,"OK",NA
"rw","France","Revenues","2023-01-05",-108.5,NA,NA,NA,NA,NA,NA,NA,2023-01-01,-108.5,"Total revenues accrual",NA,"OK",NA
"rw","France","Revenues","2023-01-07",-108.5,NA,NA,NA,NA,NA,NA,NA,2023-01-01,-108.5,"Total revenues accrual",NA,"OK",NA
"rw","France","Revenues","2023-01-15",-108.5,NA,NA,NA,NA,NA,NA,NA,2023-01-01,-108.5,"Total revenues accrual",NA,"OK",NA
"rw","France","Revenues","2023-01-26",-108.5,NA,NA,NA,NA,NA,NA,NA,2023-01-01,-108.5,"Total revenues accrual",NA,"OK",NA
"rw","France","Revenues","2023-01-27",-108.5,NA,NA,NA,NA,NA,NA,NA,2023-01-01,-108.5,"Total revenues accrual",NA,"OK",NA
"rw","France","Revenues","2023-02-01",-108.5,NA,NA,NA,NA,NA,NA,NA,2023-02-01,-108.5,"Total revenues accrual",NA,"OK",NA
"rw","France","Revenues","2023-02-03",-108.5,NA,NA,NA,NA,NA,NA,NA,2023-02-01,-108.5,"Total revenues accrual",NA,"OK",NA
"rw","France","Revenues","2023-02-05",-108.5,NA,NA,NA,NA,NA,NA,NA,2023-02-01,-108.5,"Total revenues accrual",NA,"OK",NA
"rw","France","Revenues","2023-02-15",-108.5,NA,NA,NA,NA,NA,NA,NA,2023-02-01,-108.5,"Total revenues accrual",NA,"OK",NA
"rw","France","Revenues","2023-02-23",-108.5,NA,NA,NA,NA,NA,NA,NA,2023-02-01,-108.5,"Total revenues accrual",NA,"OK",NA
"rw","France","Revenues","2023-02-27",-108.5,NA,NA,NA,NA,NA,NA,NA,2023-02-01,-108.5,"Total revenues accrual",NA,"OK",NA
"rw","France","Revenues","2023-03-01",-108.5,NA,NA,NA,NA,NA,NA,NA,2023-03-01,-108.5,"Total revenues accrual",NA,"OK",NA
"rw","France","Revenues","2023-03-03",-108.5,NA,NA,NA,NA,NA,NA,NA,2023-03-01,-108.5,"Total revenues accrual",NA,"OK",NA
"rw","France","Revenues","2023-03-05",-108.5,NA,NA,NA,NA,NA,NA,NA,2023-03-01,-108.5,"Total revenues accrual",NA,"OK",NA
"rw","France","Revenues","2023-03-15",3403.90000000002,NA,NA,NA,NA,NA,NA,NA,2023-03-01,3403.90000000002,"Total revenues accrual",NA,"OK",NA
"rw","France","Revenues","2023-03-27",3403.90000000002,NA,NA,NA,NA,NA,NA,NA,2023-03-01,3403.90000000002,"Total revenues accrual",NA,"OK",NA
"rw","France","Revenues","2023-03-30",3403.90000000002,NA,NA,NA,NA,NA,NA,NA,2023-03-01,3403.90000000002,"Total revenues accrual",NA,"OK",NA
"rw","France","Revenues","2023-04-01",3403.90000000002,NA,NA,NA,NA,NA,NA,NA,2023-04-01,3403.90000000002,"Total revenues accrual",NA,"OK",NA
"rw","France","Revenues","2023-04-05",3403.90000000002,NA,NA,NA,NA,NA,NA,NA,2023-04-01,3403.90000000002,"Total revenues accrual",NA,"OK",NA
"rw","France","Revenues","2023-04-06",3403.90000000002,NA,NA,NA,NA,NA,NA,NA,2023-04-01,3403.90000000002,"Total revenues accrual",NA,"OK",NA
"rw","France","Revenues","2023-04-15",3403.90000000002,NA,NA,NA,NA,NA,NA,NA,2023-04-01,3403.90000000002,"Total revenues accrual",NA,"OK",NA
"rw","France","Revenues","2023-04-27",3403.90000000002,NA,NA,NA,NA,NA,NA,NA,2023-04-01,3403.90000000002,"Total revenues accrual",NA,"OK",NA
"rw","France","Revenues","2023-05-01",3403.90000000002,NA,NA,NA,NA,NA,NA,NA,2023-05-01,3403.90000000002,"Total revenues accrual",NA,"OK",NA
"rw","France","Revenues","2023-05-05",3403.90000000002,NA,NA,NA,NA,NA,NA,NA,2023-05-01,3403.90000000002,"Total revenues accrual",NA,"OK",NA
"rw","France","Revenues","2023-05-15",3403.90000000002,NA,NA,NA,NA,NA,NA,NA,2023-05-01,3403.90000000002,"Total revenues accrual",NA,"OK",NA
"rw","France","Revenues","2023-05-25",3403.90000000002,NA,NA,NA,NA,NA,NA,NA,2023-05-01,3403.90000000002,"Total revenues accrual",NA,"OK",NA
"rw","France","Revenues","2023-05-27",3403.90000000002,NA,NA,NA,NA,NA,NA,NA,2023-05-01,3403.90000000002,"Total revenues accrual",NA,"OK",NA
"rw","France","Revenues","2023-06-01",3403.90000000002,NA,NA,NA,NA,NA,NA,NA,2023-06-01,3403.90000000002,"Total revenues accrual",NA,"OK",NA
"rw","France","Revenues","2023-06-04",3403.90000000002,NA,NA,NA,NA,NA,NA,NA,2023-06-01,3403.90000000002,"Total revenues accrual",NA,"OK",NA
"rw","France","Revenues","2023-06-05",3403.90000000002,NA,NA,NA,NA,NA,NA,NA,2023-06-01,3403.90000000002,"Total revenues accrual",NA,"OK",NA
"rw","France","Revenues","2023-06-15",500.700000000012,NA,NA,NA,NA,NA,NA,NA,2023-06-01,500.700000000012,"Total revenues accrual",NA,"OK",NA
"rw","France","Revenues","2023-06-27",500.700000000012,NA,NA,NA,NA,NA,NA,NA,2023-06-01,500.700000000012,"Total revenues accrual",NA,"OK",NA
"rw","France","Revenues","2023-06-29",500.700000000012,NA,NA,NA,NA,NA,NA,NA,2023-06-01,500.700000000012,"Total revenues accrual",NA,"OK",NA
"rw","France","Revenues","2023-07-01",500.700000000012,NA,NA,NA,NA,NA,NA,NA,2023-07-01,500.700000000012,"Total revenues accrual",NA,"OK",NA
"rw","France","Revenues","2023-07-05",500.700000000012,NA,NA,NA,NA,NA,NA,NA,2023-07-01,500.700000000012,"Total revenues accrual",NA,"OK",NA
"rw","France","Revenues","2023-07-06",500.700000000012,NA,NA,NA,NA,NA,NA,NA,2023-07-01,500.700000000012,"Total revenues accrual",NA,"OK",NA
"rw","France","Revenues","2023-07-15",500.700000000012,NA,NA,NA,NA,NA,NA,NA,2023-07-01,500.700000000012,"Total revenues accrual",NA,"OK",NA
"rw","France","Revenues","2023-07-27",500.700000000012,NA,NA,NA,NA,NA,NA,NA,2023-07-01,500.700000000012,"Total revenues accrual",NA,"OK",NA
"rw","France","Revenues","2023-08-01",500.700000000012,NA,NA,NA,NA,NA,NA,NA,2023-08-01,500.700000000012,"Total revenues accrual",NA,"OK",NA
"rw","France","Revenues","2023-08-02",500.700000000012,NA,NA,NA,NA,NA,NA,NA,2023-08-01,500.700000000012,"Total revenues accrual",NA,"OK",NA
"rw","France","Revenues","2023-08-05",500.700000000012,NA,NA,NA,NA,NA,NA,NA,2023-08-01,500.700000000012,"Total revenues accrual",NA,"OK",NA
"rw","France","Revenues","2023-08-15",500.700000000012,NA,NA,NA,NA,NA,NA,NA,2023-08-01,500.700000000012,"Total revenues accrual",NA,"OK",NA
"rw","France","Revenues","2023-08-27",500.700000000012,NA,NA,NA,NA,NA,NA,NA,2023-08-01,500.700000000012,"Total revenues accrual",NA,"OK",NA
"rw","France","Revenues","2023-08-31",500.700000000012,NA,NA,NA,NA,NA,NA,NA,2023-08-01,500.700000000012,"Total revenues accrual",NA,"OK",NA
"rw","France","Revenues","2023-09-01",500.700000000012,NA,NA,NA,NA,NA,NA,NA,2023-09-01,500.700000000012,"Total revenues accrual",NA,"OK",NA
"rw","France","Revenues","2023-09-05",500.700000000012,NA,NA,NA,NA,NA,NA,NA,2023-09-01,500.700000000012,"Total revenues accrual",NA,"OK",NA
"rw","France","Revenues","2023-09-15",-541.200000000012,NA,NA,NA,NA,NA,NA,NA,2023-09-01,-541.200000000012,"Total revenues accrual",NA,"OK",NA
"rw","France","Revenues","2023-09-27",-541.200000000012,NA,NA,NA,NA,NA,NA,NA,2023-09-01,-541.200000000012,"Total revenues accrual",NA,"OK",NA
"rw","France","Revenues","2023-09-28",-541.200000000012,NA,NA,NA,NA,NA,NA,NA,2023-09-01,-541.200000000012,"Total revenues accrual",NA,"OK",NA
"rw","France","Revenues","2023-10-01",-541.200000000012,NA,NA,NA,NA,NA,NA,NA,2023-10-01,-541.200000000012,"Total revenues accrual",NA,"OK",NA
"rw","France","Revenues","2023-10-05",-541.200000000012,NA,NA,NA,NA,NA,NA,NA,2023-10-01,-541.200000000012,"Total revenues accrual",NA,"OK",NA
"rw","France","Revenues","2023-10-07",-541.200000000012,NA,NA,NA,NA,NA,NA,NA,2023-10-01,-541.200000000012,"Total revenues accrual",NA,"OK",NA
"rw","France","Revenues","2023-10-15",-541.200000000012,NA,NA,NA,NA,NA,NA,NA,2023-10-01,-541.200000000012,"Total revenues accrual",NA,"OK",NA
"rw","France","Revenues","2023-10-26",-541.200000000012,NA,NA,NA,NA,NA,NA,NA,2023-10-01,-541.200000000012,"Total revenues accrual",NA,"OK",NA
"rw","France","Revenues","2023-10-27",-541.200000000012,NA,NA,NA,NA,NA,NA,NA,2023-10-01,-541.200000000012,"Total revenues accrual",NA,"OK",NA
"rw","France","Revenues","2023-11-01",-541.200000000012,NA,NA,NA,NA,NA,NA,NA,2023-11-01,-541.200000000012,"Total revenues accrual",NA,"OK",NA
"rw","France","Revenues","2023-11-03",-541.200000000012,NA,NA,NA,NA,NA,NA,NA,2023-11-01,-541.200000000012,"Total revenues accrual",NA,"OK",NA
"rw","France","Revenues","2023-11-05",-541.200000000012,NA,NA,NA,NA,NA,NA,NA,2023-11-01,-541.200000000012,"Total revenues accrual",NA,"OK",NA
"rw","France","Revenues","2023-11-15",-541.200000000012,NA,NA,NA,NA,NA,NA,NA,2023-11-01,-541.200000000012,"Total revenues accrual",NA,"OK",NA
"rw","France","Revenues","2023-11-27",-541.200000000012,NA,NA,NA,NA,NA,NA,NA,2023-11-01,-541.200000000012,"Total revenues accrual",NA,"OK",NA
"rw","France","Revenues","2023-11-30",-541.200000000012,NA,NA,NA,NA,NA,NA,NA,2023-11-01,-541.200000000012,"Total revenues accrual",NA,"OK",NA
"rw","France","Revenues","2023-12-01",-541.200000000012,NA,NA,NA,NA,NA,NA,NA,2023-12-01,-541.200000000012,"Total revenues accrual",NA,"OK",NA
"rw","France","Revenues","2023-12-05",-541.200000000012,NA,NA,NA,NA,NA,NA,NA,2023-12-01,-541.200000000012,"Total revenues accrual",NA,"OK",NA
"rw","France","Revenues","2023-12-15",5422.5,NA,NA,NA,NA,NA,NA,NA,2023-12-01,5422.5,"Total revenues accrual",NA,"OK",NA
"rw","France","Revenues","2023-12-27",5422.5,NA,NA,NA,NA,NA,NA,NA,2023-12-01,5422.5,"Total revenues accrual",NA,"OK",NA
"rw","France","Revenues","2023-12-28",5422.5,NA,NA,NA,NA,NA,NA,NA,2023-12-01,5422.5,"Total revenues accrual",NA,"OK",NA
"rw","France","Revenues","2024-01-01",5422.5,NA,NA,NA,NA,NA,NA,NA,2024-01-01,5422.5,"Total revenues accrual",NA,"OK",NA
"rw","France","Revenues","2024-01-05",5422.5,NA,NA,NA,NA,NA,NA,NA,2024-01-01,5422.5,"Total revenues accrual",NA,"OK",NA
"rw","France","Revenues","2024-01-15",5422.5,NA,NA,NA,NA,NA,NA,NA,2024-01-01,5422.5,"Total revenues accrual",NA,"OK",NA
"rw","France","Revenues","2024-01-25",5422.5,NA,NA,NA,NA,NA,NA,NA,2024-01-01,5422.5,"Total revenues accrual",NA,"OK",NA
"rw","France","Revenues","2024-01-27",5422.5,NA,NA,NA,NA,NA,NA,NA,2024-01-01,5422.5,"Total revenues accrual",NA,"OK",NA
"rw","France","Revenues","2024-02-01",5422.5,NA,NA,NA,NA,NA,NA,NA,2024-02-01,5422.5,"Total revenues accrual",NA,"OK",NA
"rw","France","Revenues","2024-02-04",5422.5,NA,NA,NA,NA,NA,NA,NA,2024-02-01,5422.5,"Total revenues accrual",NA,"OK",NA
"rw","France","Revenues","2024-02-05",5422.5,NA,NA,NA,NA,NA,NA,NA,2024-02-01,5422.5,"Total revenues accrual",NA,"OK",NA
"rw","France","Revenues","2024-02-15",5422.5,NA,NA,NA,NA,NA,NA,NA,2024-02-01,5422.5,"Total revenues accrual",NA,"OK",NA
"rw","France","Revenues","2024-02-27",5422.5,NA,NA,NA,NA,NA,NA,NA,2024-02-01,5422.5,"Total revenues accrual",NA,"OK",NA
"rw","France","Revenues","2024-02-29",5422.5,NA,NA,NA,NA,NA,NA,NA,2024-02-01,5422.5,"Total revenues accrual",NA,"OK",NA
"rw","France","Revenues","2024-03-01",5422.5,NA,NA,NA,NA,NA,NA,NA,2024-03-01,5422.5,"Total revenues accrual",NA,"OK",NA
"rw","France","Revenues","2024-03-05",5422.5,NA,NA,NA,NA,NA,NA,NA,2024-03-01,5422.5,"Total revenues accrual",NA,"OK",NA
"rw","France","Revenues","2024-03-15",3679.29999999999,NA,NA,NA,NA,NA,NA,NA,2024-03-01,3679.29999999999,"Total revenues accrual",NA,"OK",NA
"rw","France","Revenues","2024-03-27",3679.29999999999,NA,NA,NA,NA,NA,NA,NA,2024-03-01,3679.29999999999,"Total revenues accrual",NA,"OK",NA
"rw","France","Revenues","2024-03-28",3679.29999999999,NA,NA,NA,NA,NA,NA,NA,2024-03-01,3679.29999999999,"Total revenues accrual",NA,"OK",NA
"rw","France","Revenues","2024-04-01",3679.29999999999,NA,NA,NA,NA,NA,NA,NA,2024-04-01,3679.29999999999,"Total revenues accrual",NA,"OK",NA
"rw","France","Revenues","2024-04-05",3679.29999999999,NA,NA,NA,NA,NA,NA,NA,2024-04-01,3679.29999999999,"Total revenues accrual",NA,"OK",NA
"rw","France","Revenues","2024-04-15",3679.29999999999,NA,NA,NA,NA,NA,NA,NA,2024-04-01,3679.29999999999,"Total revenues accrual",NA,"OK",NA
"rw","France","Revenues","2024-04-25",3679.29999999999,NA,NA,NA,NA,NA,NA,NA,2024-04-01,3679.29999999999,"Total revenues accrual",NA,"OK",NA
"rw","France","Revenues","2024-04-27",3679.29999999999,NA,NA,NA,NA,NA,NA,NA,2024-04-01,3679.29999999999,"Total revenues accrual",NA,"OK",NA
"rw","France","Revenues","2024-05-01",3679.29999999999,NA,NA,NA,NA,NA,NA,NA,2024-05-01,3679.29999999999,"Total revenues accrual",NA,"OK",NA
"rw","France","Revenues","2024-05-03",3679.29999999999,NA,NA,NA,NA,NA,NA,NA,2024-05-01,3679.29999999999,"Total revenues accrual",NA,"OK",NA
"rw","France","Revenues","2024-05-05",3679.29999999999,NA,NA,NA,NA,NA,NA,NA,2024-05-01,3679.29999999999,"Total revenues accrual",NA,"OK",NA
"rw","France","Revenues","2024-05-15",3679.29999999999,NA,NA,NA,NA,NA,NA,NA,2024-05-01,3679.29999999999,"Total revenues accrual",NA,"OK",NA
"rw","France","Revenues","2024-05-27",3679.29999999999,NA,NA,NA,NA,NA,NA,NA,2024-05-01,3679.29999999999,"Total revenues accrual",NA,"OK",NA
"rw","France","Revenues","2024-05-30",3679.29999999999,NA,NA,NA,NA,NA,NA,NA,2024-05-01,3679.29999999999,"Total revenues accrual",NA,"OK",NA
"rw","France","Revenues","2024-06-01",3679.29999999999,NA,NA,NA,NA,NA,NA,NA,2024-06-01,3679.29999999999,"Total revenues accrual",NA,"OK",NA
"rw","France","Revenues","2024-06-05",3679.29999999999,NA,NA,NA,NA,NA,NA,NA,2024-06-01,3679.29999999999,"Total revenues accrual",NA,"OK",NA
"rw","France","Revenues","2024-06-06",3679.29999999999,NA,NA,NA,NA,NA,NA,NA,2024-06-01,3679.29999999999,"Total revenues accrual",NA,"OK",NA
"rw","France","Revenues","2024-06-15",3907.59999999998,NA,NA,NA,NA,NA,NA,NA,2024-06-01,3907.59999999998,"Total revenues accrual",NA,"OK",NA
"rw","France","Revenues","2024-06-27",3907.59999999998,NA,NA,NA,NA,NA,NA,NA,2024-06-01,3907.59999999998,"Total revenues accrual",NA,"OK",NA
"rw","France","Revenues","2024-07-01",3907.59999999998,NA,NA,NA,NA,NA,NA,NA,2024-07-01,3907.59999999998,"Total revenues accrual",NA,"OK",NA
"rw","France","Revenues","2024-07-05",3907.59999999998,NA,NA,NA,NA,NA,NA,NA,2024-07-01,3907.59999999998,"Total revenues accrual",NA,"OK",NA
"rw","France","Revenues","2024-07-15",3907.59999999998,NA,NA,NA,NA,NA,NA,NA,2024-07-01,3907.59999999998,"Total revenues accrual",NA,"OK",NA
"rw","France","Revenues","2024-07-25",3907.59999999998,NA,NA,NA,NA,NA,NA,NA,2024-07-01,3907.59999999998,"Total revenues accrual",NA,"OK",NA
"rw","France","Revenues","2024-07-27",3907.59999999998,NA,NA,NA,NA,NA,NA,NA,2024-07-01,3907.59999999998,"Total revenues accrual",NA,"OK",NA
"rw","France","Revenues","2024-08-01",3907.59999999998,NA,NA,NA,NA,NA,NA,NA,2024-08-01,3907.59999999998,"Total revenues accrual",NA,"OK",NA
"rw","France","Revenues","2024-08-04",3907.59999999998,NA,NA,NA,NA,NA,NA,NA,2024-08-01,3907.59999999998,"Total revenues accrual",NA,"OK",NA
"rw","France","Revenues","2024-08-05",3907.59999999998,NA,NA,NA,NA,NA,NA,NA,2024-08-01,3907.59999999998,"Total revenues accrual",NA,"OK",NA
"rw","France","Revenues","2024-08-15",3907.59999999998,NA,NA,NA,NA,NA,NA,NA,2024-08-01,3907.59999999998,"Total revenues accrual",NA,"OK",NA
"rw","France","Revenues","2024-08-27",3907.59999999998,NA,NA,NA,NA,NA,NA,NA,2024-08-01,3907.59999999998,"Total revenues accrual",NA,"OK",NA
"rw","France","Revenues","2024-08-29",3907.59999999998,NA,NA,NA,NA,NA,NA,NA,2024-08-01,3907.59999999998,"Total revenues accrual",NA,"OK",NA
"rw","France","Revenues","2024-09-01",3907.59999999998,NA,NA,NA,NA,NA,NA,NA,2024-09-01,3907.59999999998,"Total revenues accrual",NA,"OK",NA
"rw","France","Revenues","2024-09-05",3907.59999999998,NA,NA,NA,NA,NA,NA,NA,2024-09-01,3907.59999999998,"Total revenues accrual",NA,"OK",NA
"rw","France","Revenues","2024-09-07",3907.59999999998,NA,NA,NA,NA,NA,NA,NA,2024-09-01,3907.59999999998,"Total revenues accrual",NA,"OK",NA
"rw","France","Revenues","2024-09-15",268.800000000046,NA,NA,NA,NA,NA,NA,NA,2024-09-01,268.800000000047,"Total revenues accrual",NA,"OK",NA
"rw","France","Revenues","2024-09-26",268.800000000046,NA,NA,NA,NA,NA,NA,NA,2024-09-01,268.800000000047,"Total revenues accrual",NA,"OK",NA
"rw","France","Revenues","2024-09-27",268.800000000046,NA,NA,NA,NA,NA,NA,NA,2024-09-01,268.800000000047,"Total revenues accrual",NA,"OK",NA
"rw","France","Revenues","2024-10-01",268.800000000046,NA,NA,NA,NA,NA,NA,NA,2024-10-01,268.800000000047,"Total revenues accrual",NA,"OK",NA
"rw","France","Revenues","2024-10-02",268.800000000046,NA,NA,NA,NA,NA,NA,NA,2024-10-01,268.800000000047,"Total revenues accrual",NA,"OK",NA
"rw","France","Revenues","2024-10-05",268.800000000046,NA,NA,NA,NA,NA,NA,NA,2024-10-01,268.800000000047,"Total revenues accrual",NA,"OK",NA
"rw","France","Revenues","2024-10-15",268.800000000046,NA,NA,NA,NA,NA,NA,NA,2024-10-01,268.800000000047,"Total revenues accrual",NA,"OK",NA
"rw","France","Revenues","2024-10-27",268.800000000046,NA,NA,NA,NA,NA,NA,NA,2024-10-01,268.800000000047,"Total revenues accrual",NA,"OK",NA
"rw","France","Revenues","2024-10-31",268.800000000046,NA,NA,NA,NA,NA,NA,NA,2024-10-01,268.800000000047,"Total revenues accrual",NA,"OK",NA
"rw","France","Revenues","2024-11-01",268.800000000046,NA,NA,NA,NA,NA,NA,NA,2024-11-01,268.800000000047,"Total revenues accrual",NA,"OK",NA
"rw","France","Revenues","2024-11-05",268.800000000046,NA,NA,NA,NA,NA,NA,NA,2024-11-01,268.800000000047,"Total revenues accrual",NA,"OK",NA
"rw","France","Revenues","2024-11-15",268.800000000046,NA,NA,NA,NA,NA,NA,NA,2024-11-01,268.800000000047,"Total revenues accrual",NA,"OK",NA
"rw","France","Revenues","2024-11-27",268.800000000046,NA,NA,NA,NA,NA,NA,NA,2024-11-01,268.800000000047,"Total revenues accrual",NA,"OK",NA
"rw","France","Revenues","2024-11-28",268.800000000046,NA,NA,NA,NA,NA,NA,NA,2024-11-01,268.800000000047,"Total revenues accrual",NA,"OK",NA
"rw","France","Revenues","2024-12-01",268.800000000046,NA,NA,NA,NA,NA,NA,NA,2024-12-01,268.800000000047,"Total revenues accrual",NA,"OK",NA
"rw","France","Revenues","2024-12-05",268.800000000046,NA,NA,NA,NA,NA,NA,NA,2024-12-01,268.800000000047,"Total revenues accrual",NA,"OK",NA
"rw","France","Revenues","2024-12-07",268.800000000046,NA,NA,NA,NA,NA,NA,NA,2024-12-01,268.800000000047,"Total revenues accrual",NA,"OK",NA
"rw","France","Revenues","2024-12-15",3463,NA,NA,NA,NA,NA,NA,NA,2024-12-01,3463,"Total revenues accrual",NA,"OK",NA
"rw","France","Revenues","2024-12-26",3463,NA,NA,NA,NA,NA,NA,NA,2024-12-01,3463,"Total revenues accrual",NA,"OK",NA
"rw","France","Revenues","2024-12-27",3463,NA,NA,NA,NA,NA,NA,NA,2024-12-01,3463,"Total revenues accrual",NA,"OK",NA
"rw","France","Revenues","2025-01-01",3463,NA,NA,NA,NA,NA,NA,NA,2025-01-01,3463,"Total revenues accrual",NA,"OK",NA
"rw","France","Revenues","2025-01-03",3463,NA,NA,NA,NA,NA,NA,NA,2025-01-01,3463,"Total revenues accrual",NA,"OK",NA
"rw","France","Revenues","2025-01-05",3463,NA,NA,NA,NA,NA,NA,NA,2025-01-01,3463,"Total revenues accrual",NA,"OK",NA
"rw","France","Revenues","2025-01-15",3463,NA,NA,NA,NA,NA,NA,NA,2025-01-01,3463,"Total revenues accrual",NA,"OK",NA
"rw","France","Revenues","2025-01-27",3463,NA,NA,NA,NA,NA,NA,NA,2025-01-01,3463,"Total revenues accrual",NA,"OK",NA
"rw","France","Revenues","2025-01-30",3463,NA,NA,NA,NA,NA,NA,NA,2025-01-01,3463,"Total revenues accrual",NA,"OK",NA
"rw","France","Revenues","2025-02-01",3463,NA,NA,NA,NA,NA,NA,NA,2025-02-01,3463,"Total revenues accrual",NA,"OK",NA
"rw","France","Revenues","2025-02-05",3463,NA,NA,NA,NA,NA,NA,NA,2025-02-01,3463,"Total revenues accrual",NA,"OK",NA
"rw","France","Revenues","2025-02-06",3463,NA,NA,NA,NA,NA,NA,NA,2025-02-01,3463,"Total revenues accrual",NA,"OK",NA
"rw","France","Revenues","2025-02-15",3463,NA,NA,NA,NA,NA,NA,NA,2025-02-01,3463,"Total revenues accrual",NA,"OK",NA
"rw","France","Revenues","2025-02-27",3463,NA,NA,NA,NA,NA,NA,NA,2025-02-01,3463,"Total revenues accrual",NA,"OK",NA
"rw","France","Revenues","2025-03-01",3463,NA,NA,NA,NA,NA,NA,NA,2025-03-01,3463,"Total revenues accrual",NA,"OK",NA
"rw","France","Revenues","2025-03-05",3463,NA,NA,NA,NA,NA,NA,NA,2025-03-01,3463,"Total revenues accrual",NA,"OK",NA
"rw","France","Revenues","2025-03-06",3463,NA,NA,NA,NA,NA,NA,NA,2025-03-01,3463,"Total revenues accrual",NA,"OK",NA
"rw","France","Revenues","2025-03-15",5449.19999999995,NA,NA,NA,NA,NA,NA,NA,2025-03-01,5449.19999999995,"Total revenues accrual",NA,"OK",NA
"rw","France","Revenues","2025-03-27",5449.19999999995,NA,NA,NA,NA,NA,NA,NA,2025-03-01,5449.19999999995,"Total revenues accrual",NA,"OK",NA
"rw","France","Revenues","2025-04-01",5449.19999999995,NA,NA,NA,NA,NA,NA,NA,2025-04-01,5449.19999999995,"Total revenues accrual",NA,"OK",NA
"rw","France","Revenues","2025-04-02",5449.19999999995,NA,NA,NA,NA,NA,NA,NA,2025-04-01,5449.19999999995,"Total revenues accrual",NA,"OK",NA
"rw","France","Revenues","2025-04-05",5449.19999999995,NA,NA,NA,NA,NA,NA,NA,2025-04-01,5449.19999999995,"Total revenues accrual",NA,"OK",NA
"rw","France","Revenues","2025-04-15",5449.19999999995,NA,NA,NA,NA,NA,NA,NA,2025-04-01,5449.19999999995,"Total revenues accrual",NA,"OK",NA
"rw","France","Revenues","2025-04-24",5449.19999999995,NA,NA,NA,NA,NA,NA,NA,2025-04-01,5449.19999999995,"Total revenues accrual",NA,"OK",NA
"rw","France","Revenues","2025-04-27",5449.19999999995,NA,NA,NA,NA,NA,NA,NA,2025-04-01,5449.19999999995,"Total revenues accrual",NA,"OK",NA
"rw","France","Revenues","2025-05-01",5449.19999999995,NA,NA,NA,NA,NA,NA,NA,2025-05-01,5449.19999999995,"Total revenues accrual",NA,"OK",NA
"rw","France","Revenues","2025-05-04",5449.19999999995,NA,NA,NA,NA,NA,NA,NA,2025-05-01,5449.19999999995,"Total revenues accrual",NA,"OK",NA
"rw","France","Revenues","2025-05-05",5449.19999999995,NA,NA,NA,NA,NA,NA,NA,2025-05-01,5449.19999999995,"Total revenues accrual",NA,"OK",NA
"rw","France","Revenues","2025-05-15",5449.19999999995,NA,NA,NA,NA,NA,NA,NA,2025-05-01,5449.19999999995,"Total revenues accrual",NA,"OK",NA
"rw","France","Revenues","2025-05-27",5449.19999999995,NA,NA,NA,NA,NA,NA,NA,2025-05-01,5449.19999999995,"Total revenues accrual",NA,"OK",NA
"rw","France","Revenues","2025-05-29",5449.19999999995,NA,NA,NA,NA,NA,NA,NA,2025-05-01,5449.19999999995,"Total revenues accrual",NA,"OK",NA
"rw","France","Revenues","2025-06-01",5449.19999999995,NA,NA,NA,NA,NA,NA,NA,2025-06-01,5449.19999999995,"Total revenues accrual",NA,"OK",NA
"rw","France","Revenues","2025-06-05",5449.19999999995,NA,NA,NA,NA,NA,NA,NA,2025-06-01,5449.19999999995,"Total revenues accrual",NA,"OK",NA
"rw","France","Revenues","2025-06-07",5449.19999999995,NA,NA,NA,NA,NA,NA,NA,2025-06-01,5449.19999999995,"Total revenues accrual",NA,"OK",NA
"rw","France","Revenues","2025-06-15",2150,NA,NA,NA,NA,NA,NA,NA,2025-06-01,2150,"Total revenues accrual",NA,"OK",NA
"rw","France","Revenues","2025-06-26",2150,NA,NA,NA,NA,NA,NA,NA,2025-06-01,2150,"Total revenues accrual",NA,"OK",NA
"rw","France","Revenues","2025-06-27",2150,NA,NA,NA,NA,NA,NA,NA,2025-06-01,2150,"Total revenues accrual",NA,"OK",NA
"rw","France","Revenues","2025-07-01",2150,NA,NA,NA,NA,NA,NA,NA,2025-07-01,2150,"Total revenues accrual",NA,"OK",NA
"rw","France","Revenues","2025-07-02",2150,NA,NA,NA,NA,NA,NA,NA,2025-07-01,2150,"Total revenues accrual",NA,"OK",NA
"rw","France","Revenues","2025-07-05",2150,NA,NA,NA,NA,NA,NA,NA,2025-07-01,2150,"Total revenues accrual",NA,"OK",NA
"rw","France","Revenues","2025-07-15",2150,NA,NA,NA,NA,NA,NA,NA,2025-07-01,2150,"Total revenues accrual",NA,"OK",NA
"rw","France","Revenues","2025-07-27",2150,NA,NA,NA,NA,NA,NA,NA,2025-07-01,2150,"Total revenues accrual",NA,"OK",NA
"rw","France","Revenues","2025-07-31",2150,NA,NA,NA,NA,NA,NA,NA,2025-07-01,2150,"Total revenues accrual",NA,"OK",NA
"rw","France","Revenues","2025-08-01",2150,NA,NA,NA,NA,NA,NA,NA,2025-08-01,2150,"Total revenues accrual",NA,"OK",NA
"rw","France","Revenues","2025-08-05",2150,NA,NA,NA,NA,NA,NA,NA,2025-08-01,2150,"Total revenues accrual",NA,"OK",NA
"rw","France","Revenues","2025-08-15",2150,NA,NA,NA,NA,NA,NA,NA,2025-08-01,2150,"Total revenues accrual",NA,"OK",NA
"rw","France","Revenues","2025-08-27",2150,NA,NA,NA,NA,NA,NA,NA,2025-08-01,2150,"Total revenues accrual",NA,"OK",NA
"rw","France","Revenues","2025-08-28",2150,NA,NA,NA,NA,NA,NA,NA,2025-08-01,2150,"Total revenues accrual",NA,"OK",NA
"rw","France","Revenues","2025-09-01",2150,NA,NA,NA,NA,NA,NA,NA,2025-09-01,2150,"Total revenues accrual",NA,"OK",NA
"rw","France","Revenues","2025-09-05",2150,NA,NA,NA,NA,NA,NA,NA,2025-09-01,2150,"Total revenues accrual",NA,"OK",NA
"rw","France","Revenues","2025-09-15",2745.10000000003,NA,NA,NA,NA,NA,NA,NA,2025-09-01,2745.10000000003,"Total revenues accrual",NA,"OK",NA
"rw","France","Revenues","2025-09-25",2745.10000000003,NA,NA,NA,NA,NA,NA,NA,2025-09-01,2745.10000000003,"Total revenues accrual",NA,"OK",NA
"rw","France","Revenues","2025-09-27",2745.10000000003,NA,NA,NA,NA,NA,NA,NA,2025-09-01,2745.10000000003,"Total revenues accrual",NA,"OK",NA
"rw","France","Revenues","2025-10-01",2745.10000000003,NA,NA,NA,NA,NA,NA,NA,2025-10-01,2745.10000000003,"Total revenues accrual",NA,"OK",NA
"rw","France","Revenues","2025-10-03",2745.10000000003,NA,NA,NA,NA,NA,NA,NA,2025-10-01,2745.10000000003,"Total revenues accrual",NA,"OK",NA
"rw","France","Revenues","2025-10-05",2745.10000000003,NA,NA,NA,NA,NA,NA,NA,2025-10-01,2745.10000000003,"Total revenues accrual",NA,"OK",NA
"rw","France","Revenues","2025-10-15",2745.10000000003,NA,NA,NA,NA,NA,NA,NA,2025-10-01,2745.10000000003,"Total revenues accrual",NA,"OK",NA
"rw","France","Revenues","2025-10-27",2745.10000000003,NA,NA,NA,NA,NA,NA,NA,2025-10-01,2745.10000000003,"Total revenues accrual",NA,"OK",NA
"rw","France","Revenues","2025-10-30",2745.10000000003,NA,NA,NA,NA,NA,NA,NA,2025-10-01,2745.10000000003,"Total revenues accrual",NA,"OK",NA
"rw","France","Revenues","2025-11-01",2745.10000000003,NA,NA,NA,NA,NA,NA,NA,2025-11-01,2745.10000000003,"Total revenues accrual",NA,"OK",NA
"rw","France","Revenues","2025-11-05",2745.10000000003,NA,NA,NA,NA,NA,NA,NA,2025-11-01,2745.10000000003,"Total revenues accrual",NA,"OK",NA
"rw","France","Revenues","2025-11-06",2745.10000000003,NA,NA,NA,NA,NA,NA,NA,2025-11-01,2745.10000000003,"Total revenues accrual",NA,"OK",NA
"rw","France","Revenues","2025-11-15",2745.10000000003,NA,NA,NA,NA,NA,NA,NA,2025-11-01,2745.10000000003,"Total revenues accrual",NA,"OK",NA
"rw","France","Revenues","2025-11-27",2745.10000000003,NA,NA,NA,NA,NA,NA,NA,2025-11-01,2745.10000000003,"Total revenues accrual",NA,"OK",NA
"rw","France","Revenues","2025-12-01",2745.10000000003,NA,NA,NA,NA,NA,NA,NA,2025-12-01,2745.10000000003,"Total revenues accrual",NA,"OK",NA
"rw","France","Revenues","2025-12-05",2745.10000000003,NA,NA,NA,NA,NA,NA,NA,2025-12-01,2745.10000000003,"Total revenues accrual",NA,"OK",NA
"rw","France","Revenues","2025-12-15",2745.10000000003,NA,NA,NA,NA,NA,NA,NA,2025-12-01,2745.10000000003,"Total revenues accrual",NA,"OK",NA
"rw","France","Revenues","2025-12-25",2745.10000000003,NA,NA,NA,NA,NA,NA,NA,2025-12-01,2745.10000000003,"Total revenues accrual",NA,"OK",NA
"rw","France","Revenues","2025-12-27",2745.10000000003,NA,NA,NA,NA,NA,NA,NA,2025-12-01,2745.10000000003,"Total revenues accrual",NA,"OK",NA
"rw","France","Revenues","2026-01-05",2745.10000000003,NA,NA,NA,NA,NA,NA,NA,2026-01-01,2745.10000000003,"Total revenues accrual",NA,"OK",NA
"rw","France","Revenues","2026-01-15",2745.10000000003,NA,NA,NA,NA,NA,NA,NA,2026-01-01,2745.10000000003,"Total revenues accrual",NA,"OK",NA
"rw","France","Revenues","2026-02-05",2745.10000000003,NA,NA,NA,NA,NA,NA,NA,2026-02-01,2745.10000000003,"Total revenues accrual",NA,"OK",NA
"rw","France","Revenues","2026-02-15",2745.10000000003,NA,NA,NA,NA,NA,NA,NA,2026-02-01,2745.10000000003,"Total revenues accrual",NA,"OK",NA
"rw","France","Revenues","2026-03-15",2745.10000000003,NA,NA,NA,NA,NA,NA,NA,2026-03-01,2745.10000000003,"Total revenues accrual",NA,"OK",NA
