"model","country","block","publication_date","nowcast_value","nb_factors","lambda","gamma","cv_mse","df","n_selected","n_selected_groups","date_new","last_obs_y","target_name","selected_columns","status","error"
"factor_midas","Italy","Expenditures","2013-01-01",-679.535006170662,1,NA,NA,NA,NA,NA,NA,2013-01-01,842.467064675002,"Total expenditures accrual",NA,"OK",NA
"factor_midas","Italy","Expenditures","2013-01-02",-714.496086729775,1,NA,NA,NA,NA,NA,NA,2013-01-01,842.467064675002,"Total expenditures accrual",NA,"OK",NA
"factor_midas","Italy","Expenditures","2013-01-15",-730.088594885099,1,NA,NA,NA,NA,NA,NA,2013-01-01,842.467064675002,"Total expenditures accrual",NA,"OK",NA
"factor_midas","Italy","Expenditures","2013-01-25",-726.700730738141,1,NA,NA,NA,NA,NA,NA,2013-01-01,842.467064675002,"Total expenditures accrual",NA,"OK",NA
"factor_midas","Italy","Expenditures","2013-01-27",-643.822443579245,1,NA,NA,NA,NA,NA,NA,2013-01-01,842.467064675002,"Total expenditures accrual",NA,"OK",NA
"factor_midas","Italy","Expenditures","2013-02-01",-2297.91183782074,1,NA,NA,NA,NA,NA,NA,2013-02-01,842.467064675002,"Total expenditures accrual",NA,"OK",NA
"factor_midas","Italy","Expenditures","2013-02-05",-2554.13213284035,1,NA,NA,NA,NA,NA,NA,2013-02-01,842.467064675002,"Total expenditures accrual",NA,"OK",NA
"factor_midas","Italy","Expenditures","2013-02-15",314.28501334907,1,NA,NA,NA,NA,NA,NA,2013-02-01,842.467064675002,"Total expenditures accrual",NA,"OK",NA
"factor_midas","Italy","Expenditures","2013-02-25",985.957307401454,1,NA,NA,NA,NA,NA,NA,2013-02-01,842.467064675002,"Total expenditures accrual",NA,"OK",NA
"factor_midas","Italy","Expenditures","2013-02-27",1599.6776547461,1,NA,NA,NA,NA,NA,NA,2013-02-01,842.467064675002,"Total expenditures accrual",NA,"OK",NA
"factor_midas","Italy","Expenditures","2013-03-01",2022.93419845964,1,NA,NA,NA,NA,NA,NA,2013-03-01,842.467064675002,"Total expenditures accrual",NA,"OK",NA
"factor_midas","Italy","Expenditures","2013-03-05",2019.08321459143,1,NA,NA,NA,NA,NA,NA,2013-03-01,842.467064675002,"Total expenditures accrual",NA,"OK",NA
"factor_midas","Italy","Expenditures","2013-03-15",-878.556743622801,1,NA,NA,NA,NA,NA,NA,2013-03-01,385.42545232398,"Total expenditures accrual",NA,"OK",NA
"factor_midas","Italy","Expenditures","2013-03-25",-903.934491021764,1,NA,NA,NA,NA,NA,NA,2013-03-01,385.42545232398,"Total expenditures accrual",NA,"OK",NA
"factor_midas","Italy","Expenditures","2013-03-27",-921.526383129587,1,NA,NA,NA,NA,NA,NA,2013-03-01,385.42545232398,"Total expenditures accrual",NA,"OK",NA
"factor_midas","Italy","Expenditures","2013-04-01",-988.986075280273,1,NA,NA,NA,NA,NA,NA,2013-04-01,385.42545232398,"Total expenditures accrual",NA,"OK",NA
"factor_midas","Italy","Expenditures","2013-04-15",-992.734372243368,1,NA,NA,NA,NA,NA,NA,2013-04-01,385.42545232398,"Total expenditures accrual",NA,"OK",NA
"factor_midas","Italy","Expenditures","2013-04-25",-1036.18263637347,1,NA,NA,NA,NA,NA,NA,2013-04-01,385.42545232398,"Total expenditures accrual",NA,"OK",NA
"factor_midas","Italy","Expenditures","2013-04-27",-1225.92541001582,1,NA,NA,NA,NA,NA,NA,2013-04-01,385.42545232398,"Total expenditures accrual",NA,"OK",NA
"factor_midas","Italy","Expenditures","2013-05-01",-1100.12395689554,1,NA,NA,NA,NA,NA,NA,2013-05-01,385.42545232398,"Total expenditures accrual",NA,"OK",NA
"factor_midas","Italy","Expenditures","2013-05-03",-1292.95571243211,1,NA,NA,NA,NA,NA,NA,2013-05-01,385.42545232398,"Total expenditures accrual",NA,"OK",NA
"factor_midas","Italy","Expenditures","2013-05-15",-537.334821390053,1,NA,NA,NA,NA,NA,NA,2013-05-01,385.42545232398,"Total expenditures accrual",NA,"OK",NA
"factor_midas","Italy","Expenditures","2013-05-25",222.456586866446,1,NA,NA,NA,NA,NA,NA,2013-05-01,385.42545232398,"Total expenditures accrual",NA,"OK",NA
"factor_midas","Italy","Expenditures","2013-05-27",161.855565211431,1,NA,NA,NA,NA,NA,NA,2013-05-01,385.42545232398,"Total expenditures accrual",NA,"OK",NA
"factor_midas","Italy","Expenditures","2013-06-01",80.4894046010276,1,NA,NA,NA,NA,NA,NA,2013-06-01,385.42545232398,"Total expenditures accrual",NA,"OK",NA
"factor_midas","Italy","Expenditures","2013-06-06",65.0215678830621,1,NA,NA,NA,NA,NA,NA,2013-06-01,385.42545232398,"Total expenditures accrual",NA,"OK",NA
"factor_midas","Italy","Expenditures","2013-06-15",-1502.10087575146,1,NA,NA,NA,NA,NA,NA,2013-06-01,257.219041075004,"Total expenditures accrual",NA,"OK",NA
"factor_midas","Italy","Expenditures","2013-06-25",-1355.74017333201,1,NA,NA,NA,NA,NA,NA,2013-06-01,257.219041075004,"Total expenditures accrual",NA,"OK",NA
"factor_midas","Italy","Expenditures","2013-06-27",-1260.94369809064,1,NA,NA,NA,NA,NA,NA,2013-06-01,257.219041075004,"Total expenditures accrual",NA,"OK",NA
"factor_midas","Italy","Expenditures","2013-07-01",-1271.00392687581,1,NA,NA,NA,NA,NA,NA,2013-07-01,257.219041075004,"Total expenditures accrual",NA,"OK",NA
"factor_midas","Italy","Expenditures","2013-07-15",-1363.52243085384,1,NA,NA,NA,NA,NA,NA,2013-07-01,257.219041075004,"Total expenditures accrual",NA,"OK",NA
"factor_midas","Italy","Expenditures","2013-07-25",-1389.17227516915,1,NA,NA,NA,NA,NA,NA,2013-07-01,257.219041075004,"Total expenditures accrual",NA,"OK",NA
"factor_midas","Italy","Expenditures","2013-07-27",-1411.28650347199,1,NA,NA,NA,NA,NA,NA,2013-07-01,257.219041075004,"Total expenditures accrual",NA,"OK",NA
"factor_midas","Italy","Expenditures","2013-08-01",-1048.61316417666,1,NA,NA,NA,NA,NA,NA,2013-08-01,257.219041075004,"Total expenditures accrual",NA,"OK",NA
"factor_midas","Italy","Expenditures","2013-08-04",-1464.54755166355,1,NA,NA,NA,NA,NA,NA,2013-08-01,257.219041075004,"Total expenditures accrual",NA,"OK",NA
"factor_midas","Italy","Expenditures","2013-08-15",-4075.127733967,1,NA,NA,NA,NA,NA,NA,2013-08-01,257.219041075004,"Total expenditures accrual",NA,"OK",NA
"factor_midas","Italy","Expenditures","2013-08-25",-2817.12838852673,1,NA,NA,NA,NA,NA,NA,2013-08-01,257.219041075004,"Total expenditures accrual",NA,"OK",NA
"factor_midas","Italy","Expenditures","2013-08-27",-3602.52570417758,1,NA,NA,NA,NA,NA,NA,2013-08-01,257.219041075004,"Total expenditures accrual",NA,"OK",NA
"factor_midas","Italy","Expenditures","2013-09-01",-3421.78769823519,1,NA,NA,NA,NA,NA,NA,2013-09-01,257.219041075004,"Total expenditures accrual",NA,"OK",NA
"factor_midas","Italy","Expenditures","2013-09-07",-3426.25194996406,1,NA,NA,NA,NA,NA,NA,2013-09-01,257.219041075004,"Total expenditures accrual",NA,"OK",NA
"factor_midas","Italy","Expenditures","2013-09-15",-157.381482799511,1,NA,NA,NA,NA,NA,NA,2013-09-01,264.001227703004,"Total expenditures accrual",NA,"OK",NA
"factor_midas","Italy","Expenditures","2013-09-25",-176.739834530803,1,NA,NA,NA,NA,NA,NA,2013-09-01,264.001227703004,"Total expenditures accrual",NA,"OK",NA
"factor_midas","Italy","Expenditures","2013-09-27",-165.909666854566,1,NA,NA,NA,NA,NA,NA,2013-09-01,264.001227703004,"Total expenditures accrual",NA,"OK",NA
"factor_midas","Italy","Expenditures","2013-10-01",-164.601651548472,1,NA,NA,NA,NA,NA,NA,2013-10-01,264.001227703004,"Total expenditures accrual",NA,"OK",NA
"factor_midas","Italy","Expenditures","2013-10-02",-164.143241764803,1,NA,NA,NA,NA,NA,NA,2013-10-01,264.001227703004,"Total expenditures accrual",NA,"OK",NA
"factor_midas","Italy","Expenditures","2013-10-15",-164.804734012847,1,NA,NA,NA,NA,NA,NA,2013-10-01,264.001227703004,"Total expenditures accrual",NA,"OK",NA
"factor_midas","Italy","Expenditures","2013-10-25",-113.91678430381,1,NA,NA,NA,NA,NA,NA,2013-10-01,264.001227703004,"Total expenditures accrual",NA,"OK",NA
"factor_midas","Italy","Expenditures","2013-10-27",-155.872755231093,1,NA,NA,NA,NA,NA,NA,2013-10-01,264.001227703004,"Total expenditures accrual",NA,"OK",NA
"factor_midas","Italy","Expenditures","2013-11-01",525.036682795804,1,NA,NA,NA,NA,NA,NA,2013-11-01,264.001227703004,"Total expenditures accrual",NA,"OK",NA
"factor_midas","Italy","Expenditures","2013-11-05",412.295392029898,1,NA,NA,NA,NA,NA,NA,2013-11-01,264.001227703004,"Total expenditures accrual",NA,"OK",NA
"factor_midas","Italy","Expenditures","2013-11-15",1304.33949758504,1,NA,NA,NA,NA,NA,NA,2013-11-01,264.001227703004,"Total expenditures accrual",NA,"OK",NA
"factor_midas","Italy","Expenditures","2013-11-25",2307.58668845592,1,NA,NA,NA,NA,NA,NA,2013-11-01,264.001227703004,"Total expenditures accrual",NA,"OK",NA
"factor_midas","Italy","Expenditures","2013-11-27",1949.07451099005,1,NA,NA,NA,NA,NA,NA,2013-11-01,264.001227703004,"Total expenditures accrual",NA,"OK",NA
"factor_midas","Italy","Expenditures","2013-12-01",1981.69105891954,1,NA,NA,NA,NA,NA,NA,2013-12-01,264.001227703004,"Total expenditures accrual",NA,"OK",NA
"factor_midas","Italy","Expenditures","2013-12-07",1961.55266537151,1,NA,NA,NA,NA,NA,NA,2013-12-01,264.001227703004,"Total expenditures accrual",NA,"OK",NA
"factor_midas","Italy","Expenditures","2013-12-15",828.050140752402,1,NA,NA,NA,NA,NA,NA,2013-12-01,-3382.68086822599,"Total expenditures accrual",NA,"OK",NA
"factor_midas","Italy","Expenditures","2013-12-25",911.990750986556,1,NA,NA,NA,NA,NA,NA,2013-12-01,-3382.68086822599,"Total expenditures accrual",NA,"OK",NA
"factor_midas","Italy","Expenditures","2013-12-27",1099.58849062631,1,NA,NA,NA,NA,NA,NA,2013-12-01,-3382.68086822599,"Total expenditures accrual",NA,"OK",NA
"factor_midas","Italy","Expenditures","2014-01-01",1069.12186631385,1,NA,NA,NA,NA,NA,NA,2014-01-01,-3382.68086822599,"Total expenditures accrual",NA,"OK",NA
"factor_midas","Italy","Expenditures","2014-01-03",1075.30964876783,1,NA,NA,NA,NA,NA,NA,2014-01-01,-3382.68086822599,"Total expenditures accrual",NA,"OK",NA
"factor_midas","Italy","Expenditures","2014-01-15",1085.87364717113,1,NA,NA,NA,NA,NA,NA,2014-01-01,-3382.68086822599,"Total expenditures accrual",NA,"OK",NA
"factor_midas","Italy","Expenditures","2014-01-25",1075.2587458373,1,NA,NA,NA,NA,NA,NA,2014-01-01,-3382.68086822599,"Total expenditures accrual",NA,"OK",NA
"factor_midas","Italy","Expenditures","2014-01-27",1056.22049322239,1,NA,NA,NA,NA,NA,NA,2014-01-01,-3382.68086822599,"Total expenditures accrual",NA,"OK",NA
"factor_midas","Italy","Expenditures","2014-02-01",789.488056339525,1,NA,NA,NA,NA,NA,NA,2014-02-01,-3382.68086822599,"Total expenditures accrual",NA,"OK",NA
"factor_midas","Italy","Expenditures","2014-02-06",781.528242672147,1,NA,NA,NA,NA,NA,NA,2014-02-01,-3382.68086822599,"Total expenditures accrual",NA,"OK",NA
"factor_midas","Italy","Expenditures","2014-02-15",1519.69378639775,1,NA,NA,NA,NA,NA,NA,2014-02-01,-3382.68086822599,"Total expenditures accrual",NA,"OK",NA
"factor_midas","Italy","Expenditures","2014-02-25",1832.06884886978,1,NA,NA,NA,NA,NA,NA,2014-02-01,-3382.68086822599,"Total expenditures accrual",NA,"OK",NA
"factor_midas","Italy","Expenditures","2014-02-27",2075.41640178737,1,NA,NA,NA,NA,NA,NA,2014-02-01,-3382.68086822599,"Total expenditures accrual",NA,"OK",NA
"factor_midas","Italy","Expenditures","2014-03-01",2822.87563381223,1,NA,NA,NA,NA,NA,NA,2014-03-01,-3382.68086822599,"Total expenditures accrual",NA,"OK",NA
"factor_midas","Italy","Expenditures","2014-03-06",2819.83137186783,1,NA,NA,NA,NA,NA,NA,2014-03-01,-3382.68086822599,"Total expenditures accrual",NA,"OK",NA
"factor_midas","Italy","Expenditures","2014-03-15",-1356.39680695246,1,NA,NA,NA,NA,NA,NA,2014-03-01,2295.486851244,"Total expenditures accrual",NA,"OK",NA
"factor_midas","Italy","Expenditures","2014-03-25",-1367.45285562366,1,NA,NA,NA,NA,NA,NA,2014-03-01,2295.486851244,"Total expenditures accrual",NA,"OK",NA
"factor_midas","Italy","Expenditures","2014-03-27",-1358.31686156353,1,NA,NA,NA,NA,NA,NA,2014-03-01,2295.486851244,"Total expenditures accrual",NA,"OK",NA
"factor_midas","Italy","Expenditures","2014-04-01",-1545.17711144473,1,NA,NA,NA,NA,NA,NA,2014-04-01,2295.486851244,"Total expenditures accrual",NA,"OK",NA
"factor_midas","Italy","Expenditures","2014-04-02",-1531.36715737994,1,NA,NA,NA,NA,NA,NA,2014-04-01,2295.486851244,"Total expenditures accrual",NA,"OK",NA
"factor_midas","Italy","Expenditures","2014-04-15",-1491.63349195628,1,NA,NA,NA,NA,NA,NA,2014-04-01,2295.486851244,"Total expenditures accrual",NA,"OK",NA
"factor_midas","Italy","Expenditures","2014-04-25",-1490.25427581537,1,NA,NA,NA,NA,NA,NA,2014-04-01,2295.486851244,"Total expenditures accrual",NA,"OK",NA
"factor_midas","Italy","Expenditures","2014-04-27",-1501.79766433534,1,NA,NA,NA,NA,NA,NA,2014-04-01,2295.486851244,"Total expenditures accrual",NA,"OK",NA
"factor_midas","Italy","Expenditures","2014-05-01",-1588.46860346843,1,NA,NA,NA,NA,NA,NA,2014-05-01,2295.486851244,"Total expenditures accrual",NA,"OK",NA
"factor_midas","Italy","Expenditures","2014-05-04",-1544.49202986951,1,NA,NA,NA,NA,NA,NA,2014-05-01,2295.486851244,"Total expenditures accrual",NA,"OK",NA
"factor_midas","Italy","Expenditures","2014-05-15",-890.7514707167,1,NA,NA,NA,NA,NA,NA,2014-05-01,2295.486851244,"Total expenditures accrual",NA,"OK",NA
"factor_midas","Italy","Expenditures","2014-05-25",-896.639213095767,1,NA,NA,NA,NA,NA,NA,2014-05-01,2295.486851244,"Total expenditures accrual",NA,"OK",NA
"factor_midas","Italy","Expenditures","2014-05-27",-795.011907736947,1,NA,NA,NA,NA,NA,NA,2014-05-01,2295.486851244,"Total expenditures accrual",NA,"OK",NA
"factor_midas","Italy","Expenditures","2014-06-01",-719.536826965806,1,NA,NA,NA,NA,NA,NA,2014-06-01,2295.486851244,"Total expenditures accrual",NA,"OK",NA
"factor_midas","Italy","Expenditures","2014-06-07",-724.15732401707,1,NA,NA,NA,NA,NA,NA,2014-06-01,2295.486851244,"Total expenditures accrual",NA,"OK",NA
"factor_midas","Italy","Expenditures","2014-06-15",-95.4870963769202,1,NA,NA,NA,NA,NA,NA,2014-06-01,-204.84255553002,"Total expenditures accrual",NA,"OK",NA
"factor_midas","Italy","Expenditures","2014-06-25",-94.2659060386568,1,NA,NA,NA,NA,NA,NA,2014-06-01,-204.84255553002,"Total expenditures accrual",NA,"OK",NA
"factor_midas","Italy","Expenditures","2014-06-27",-90.7315891246838,1,NA,NA,NA,NA,NA,NA,2014-06-01,-204.84255553002,"Total expenditures accrual",NA,"OK",NA
"factor_midas","Italy","Expenditures","2014-07-01",-22.0130425464735,1,NA,NA,NA,NA,NA,NA,2014-07-01,-204.84255553002,"Total expenditures accrual",NA,"OK",NA
"factor_midas","Italy","Expenditures","2014-07-02",-37.9206829247544,1,NA,NA,NA,NA,NA,NA,2014-07-01,-204.84255553002,"Total expenditures accrual",NA,"OK",NA
"factor_midas","Italy","Expenditures","2014-07-15",-54.4341306456612,1,NA,NA,NA,NA,NA,NA,2014-07-01,-204.84255553002,"Total expenditures accrual",NA,"OK",NA
"factor_midas","Italy","Expenditures","2014-07-25",-54.2810979409475,1,NA,NA,NA,NA,NA,NA,2014-07-01,-204.84255553002,"Total expenditures accrual",NA,"OK",NA
"factor_midas","Italy","Expenditures","2014-07-27",-87.4193176944534,1,NA,NA,NA,NA,NA,NA,2014-07-01,-204.84255553002,"Total expenditures accrual",NA,"OK",NA
"factor_midas","Italy","Expenditures","2014-08-01",-490.726697240327,1,NA,NA,NA,NA,NA,NA,2014-08-01,-204.84255553002,"Total expenditures accrual",NA,"OK",NA
"factor_midas","Italy","Expenditures","2014-08-05",-565.252862144123,1,NA,NA,NA,NA,NA,NA,2014-08-01,-204.84255553002,"Total expenditures accrual",NA,"OK",NA
"factor_midas","Italy","Expenditures","2014-08-15",-1609.18684693342,1,NA,NA,NA,NA,NA,NA,2014-08-01,-204.84255553002,"Total expenditures accrual",NA,"OK",NA
"factor_midas","Italy","Expenditures","2014-08-25",-1624.91011174179,1,NA,NA,NA,NA,NA,NA,2014-08-01,-204.84255553002,"Total expenditures accrual",NA,"OK",NA
"factor_midas","Italy","Expenditures","2014-08-27",-1876.57343243964,1,NA,NA,NA,NA,NA,NA,2014-08-01,-204.84255553002,"Total expenditures accrual",NA,"OK",NA
"factor_midas","Italy","Expenditures","2014-09-01",-1770.29048915876,1,NA,NA,NA,NA,NA,NA,2014-09-01,-204.84255553002,"Total expenditures accrual",NA,"OK",NA
"factor_midas","Italy","Expenditures","2014-09-15",-540.412568390605,1,NA,NA,NA,NA,NA,NA,2014-09-01,1519.72253792902,"Total expenditures accrual",NA,"OK",NA
"factor_midas","Italy","Expenditures","2014-09-25",-539.945166366455,1,NA,NA,NA,NA,NA,NA,2014-09-01,1519.72253792902,"Total expenditures accrual",NA,"OK",NA
"factor_midas","Italy","Expenditures","2014-09-27",-526.684694011972,1,NA,NA,NA,NA,NA,NA,2014-09-01,1519.72253792902,"Total expenditures accrual",NA,"OK",NA
"factor_midas","Italy","Expenditures","2014-10-01",-574.461611220856,1,NA,NA,NA,NA,NA,NA,2014-10-01,1519.72253792902,"Total expenditures accrual",NA,"OK",NA
"factor_midas","Italy","Expenditures","2014-10-03",-568.705691295997,1,NA,NA,NA,NA,NA,NA,2014-10-01,1519.72253792902,"Total expenditures accrual",NA,"OK",NA
"factor_midas","Italy","Expenditures","2014-10-15",-628.588783995694,1,NA,NA,NA,NA,NA,NA,2014-10-01,1519.72253792902,"Total expenditures accrual",NA,"OK",NA
"factor_midas","Italy","Expenditures","2014-10-25",-631.123641033512,1,NA,NA,NA,NA,NA,NA,2014-10-01,1519.72253792902,"Total expenditures accrual",NA,"OK",NA
"factor_midas","Italy","Expenditures","2014-10-27",-601.13686199555,1,NA,NA,NA,NA,NA,NA,2014-10-01,1519.72253792902,"Total expenditures accrual",NA,"OK",NA
"factor_midas","Italy","Expenditures","2014-11-01",-249.473666606114,1,NA,NA,NA,NA,NA,NA,2014-11-01,1519.72253792902,"Total expenditures accrual",NA,"OK",NA
"factor_midas","Italy","Expenditures","2014-11-06",-532.200506652887,1,NA,NA,NA,NA,NA,NA,2014-11-01,1519.72253792902,"Total expenditures accrual",NA,"OK",NA
"factor_midas","Italy","Expenditures","2014-11-15",1072.48941684441,1,NA,NA,NA,NA,NA,NA,2014-11-01,1519.72253792902,"Total expenditures accrual",NA,"OK",NA
"factor_midas","Italy","Expenditures","2014-11-25",1050.85883289912,1,NA,NA,NA,NA,NA,NA,2014-11-01,1519.72253792902,"Total expenditures accrual",NA,"OK",NA
"factor_midas","Italy","Expenditures","2014-11-27",1673.42104706745,1,NA,NA,NA,NA,NA,NA,2014-11-01,1519.72253792902,"Total expenditures accrual",NA,"OK",NA
"factor_midas","Italy","Expenditures","2014-12-01",1601.16315942646,1,NA,NA,NA,NA,NA,NA,2014-12-01,1519.72253792902,"Total expenditures accrual",NA,"OK",NA
"factor_midas","Italy","Expenditures","2014-12-15",-1105.09582914611,1,NA,NA,NA,NA,NA,NA,2014-12-01,2085.53374647,"Total expenditures accrual",NA,"OK",NA
"factor_midas","Italy","Expenditures","2014-12-25",-1105.79948645562,1,NA,NA,NA,NA,NA,NA,2014-12-01,2085.53374647,"Total expenditures accrual",NA,"OK",NA
"factor_midas","Italy","Expenditures","2014-12-27",-1116.80228599152,1,NA,NA,NA,NA,NA,NA,2014-12-01,2085.53374647,"Total expenditures accrual",NA,"OK",NA
"factor_midas","Italy","Expenditures","2015-01-01",-1072.02748744496,1,NA,NA,NA,NA,NA,NA,2015-01-01,2085.53374647,"Total expenditures accrual",NA,"OK",NA
"factor_midas","Italy","Expenditures","2015-01-04",-1068.74342377296,1,NA,NA,NA,NA,NA,NA,2015-01-01,2085.53374647,"Total expenditures accrual",NA,"OK",NA
"factor_midas","Italy","Expenditures","2015-01-15",-1008.39240624674,1,NA,NA,NA,NA,NA,NA,2015-01-01,2085.53374647,"Total expenditures accrual",NA,"OK",NA
"factor_midas","Italy","Expenditures","2015-01-25",-1011.79365680853,1,NA,NA,NA,NA,NA,NA,2015-01-01,2085.53374647,"Total expenditures accrual",NA,"OK",NA
"factor_midas","Italy","Expenditures","2015-01-27",-1008.08482022593,1,NA,NA,NA,NA,NA,NA,2015-01-01,2085.53374647,"Total expenditures accrual",NA,"OK",NA
"factor_midas","Italy","Expenditures","2015-02-01",-1195.35813235341,1,NA,NA,NA,NA,NA,NA,2015-02-01,2085.53374647,"Total expenditures accrual",NA,"OK",NA
"factor_midas","Italy","Expenditures","2015-02-07",-1200.99646023264,1,NA,NA,NA,NA,NA,NA,2015-02-01,2085.53374647,"Total expenditures accrual",NA,"OK",NA
"factor_midas","Italy","Expenditures","2015-02-15",-1339.96828913771,1,NA,NA,NA,NA,NA,NA,2015-02-01,2085.53374647,"Total expenditures accrual",NA,"OK",NA
"factor_midas","Italy","Expenditures","2015-02-25",-1476.85167634907,1,NA,NA,NA,NA,NA,NA,2015-02-01,2085.53374647,"Total expenditures accrual",NA,"OK",NA
"factor_midas","Italy","Expenditures","2015-02-27",-3143.21974856442,1,NA,NA,NA,NA,NA,NA,2015-02-01,2085.53374647,"Total expenditures accrual",NA,"OK",NA
"factor_midas","Italy","Expenditures","2015-03-01",-3282.50328273996,1,NA,NA,NA,NA,NA,NA,2015-03-01,2085.53374647,"Total expenditures accrual",NA,"OK",NA
"factor_midas","Italy","Expenditures","2015-03-07",-3285.05380522636,1,NA,NA,NA,NA,NA,NA,2015-03-01,2085.53374647,"Total expenditures accrual",NA,"OK",NA
"factor_midas","Italy","Expenditures","2015-03-15",1398.23748541507,1,NA,NA,NA,NA,NA,NA,2015-03-01,-2356.89132350101,"Total expenditures accrual",NA,"OK",NA
"factor_midas","Italy","Expenditures","2015-03-25",1385.19075317851,1,NA,NA,NA,NA,NA,NA,2015-03-01,-2356.89132350101,"Total expenditures accrual",NA,"OK",NA
"factor_midas","Italy","Expenditures","2015-03-27",1362.40618599651,1,NA,NA,NA,NA,NA,NA,2015-03-01,-2356.89132350101,"Total expenditures accrual",NA,"OK",NA
"factor_midas","Italy","Expenditures","2015-04-01",1475.55109663674,1,NA,NA,NA,NA,NA,NA,2015-04-01,-2356.89132350101,"Total expenditures accrual",NA,"OK",NA
"factor_midas","Italy","Expenditures","2015-04-03",1483.02370574619,1,NA,NA,NA,NA,NA,NA,2015-04-01,-2356.89132350101,"Total expenditures accrual",NA,"OK",NA
"factor_midas","Italy","Expenditures","2015-04-15",1472.23604858315,1,NA,NA,NA,NA,NA,NA,2015-04-01,-2356.89132350101,"Total expenditures accrual",NA,"OK",NA
"factor_midas","Italy","Expenditures","2015-04-25",1441.66985585195,1,NA,NA,NA,NA,NA,NA,2015-04-01,-2356.89132350101,"Total expenditures accrual",NA,"OK",NA
"factor_midas","Italy","Expenditures","2015-04-27",1412.57140497497,1,NA,NA,NA,NA,NA,NA,2015-04-01,-2356.89132350101,"Total expenditures accrual",NA,"OK",NA
"factor_midas","Italy","Expenditures","2015-05-01",1913.30628232916,1,NA,NA,NA,NA,NA,NA,2015-05-01,-2356.89132350101,"Total expenditures accrual",NA,"OK",NA
"factor_midas","Italy","Expenditures","2015-05-05",1884.95584618547,1,NA,NA,NA,NA,NA,NA,2015-05-01,-2356.89132350101,"Total expenditures accrual",NA,"OK",NA
"factor_midas","Italy","Expenditures","2015-05-15",1008.4079893312,1,NA,NA,NA,NA,NA,NA,2015-05-01,-2356.89132350101,"Total expenditures accrual",NA,"OK",NA
"factor_midas","Italy","Expenditures","2015-05-25",948.786115195084,1,NA,NA,NA,NA,NA,NA,2015-05-01,-2356.89132350101,"Total expenditures accrual",NA,"OK",NA
"factor_midas","Italy","Expenditures","2015-05-27",195.473069370862,1,NA,NA,NA,NA,NA,NA,2015-05-01,-2356.89132350101,"Total expenditures accrual",NA,"OK",NA
"factor_midas","Italy","Expenditures","2015-06-01",313.991224185414,1,NA,NA,NA,NA,NA,NA,2015-06-01,-2356.89132350101,"Total expenditures accrual",NA,"OK",NA
"factor_midas","Italy","Expenditures","2015-06-15",-684.625610796042,1,NA,NA,NA,NA,NA,NA,2015-06-01,2309.31024172,"Total expenditures accrual",NA,"OK",NA
"factor_midas","Italy","Expenditures","2015-06-25",-683.941479741828,1,NA,NA,NA,NA,NA,NA,2015-06-01,2309.31024172,"Total expenditures accrual",NA,"OK",NA
"factor_midas","Italy","Expenditures","2015-06-27",-716.818940507301,1,NA,NA,NA,NA,NA,NA,2015-06-01,2309.31024172,"Total expenditures accrual",NA,"OK",NA
"factor_midas","Italy","Expenditures","2015-07-01",-767.402113979388,1,NA,NA,NA,NA,NA,NA,2015-07-01,2309.31024172,"Total expenditures accrual",NA,"OK",NA
"factor_midas","Italy","Expenditures","2015-07-03",-738.830295398681,1,NA,NA,NA,NA,NA,NA,2015-07-01,2309.31024172,"Total expenditures accrual",NA,"OK",NA
"factor_midas","Italy","Expenditures","2015-07-15",-734.808684158641,1,NA,NA,NA,NA,NA,NA,2015-07-01,2309.31024172,"Total expenditures accrual",NA,"OK",NA
"factor_midas","Italy","Expenditures","2015-07-25",-732.874161433852,1,NA,NA,NA,NA,NA,NA,2015-07-01,2309.31024172,"Total expenditures accrual",NA,"OK",NA
"factor_midas","Italy","Expenditures","2015-07-27",-739.395655010631,1,NA,NA,NA,NA,NA,NA,2015-07-01,2309.31024172,"Total expenditures accrual",NA,"OK",NA
"factor_midas","Italy","Expenditures","2015-08-01",-568.020005387039,1,NA,NA,NA,NA,NA,NA,2015-08-01,2309.31024172,"Total expenditures accrual",NA,"OK",NA
"factor_midas","Italy","Expenditures","2015-08-06",-480.396609552552,1,NA,NA,NA,NA,NA,NA,2015-08-01,2309.31024172,"Total expenditures accrual",NA,"OK",NA
"factor_midas","Italy","Expenditures","2015-08-15",-1237.12086412637,1,NA,NA,NA,NA,NA,NA,2015-08-01,2309.31024172,"Total expenditures accrual",NA,"OK",NA
"factor_midas","Italy","Expenditures","2015-08-25",-1231.44610676716,1,NA,NA,NA,NA,NA,NA,2015-08-01,2309.31024172,"Total expenditures accrual",NA,"OK",NA
"factor_midas","Italy","Expenditures","2015-08-27",-1061.41018574665,1,NA,NA,NA,NA,NA,NA,2015-08-01,2309.31024172,"Total expenditures accrual",NA,"OK",NA
"factor_midas","Italy","Expenditures","2015-09-01",-1107.51691981992,1,NA,NA,NA,NA,NA,NA,2015-09-01,2309.31024172,"Total expenditures accrual",NA,"OK",NA
"factor_midas","Italy","Expenditures","2015-09-02",-1124.27581006178,1,NA,NA,NA,NA,NA,NA,2015-09-01,2309.31024172,"Total expenditures accrual",NA,"OK",NA
"factor_midas","Italy","Expenditures","2015-09-15",1432.11081654364,1,NA,NA,NA,NA,NA,NA,2015-09-01,-1735.527743377,"Total expenditures accrual",NA,"OK",NA
"factor_midas","Italy","Expenditures","2015-09-25",1431.16614555394,1,NA,NA,NA,NA,NA,NA,2015-09-01,-1735.527743377,"Total expenditures accrual",NA,"OK",NA
"factor_midas","Italy","Expenditures","2015-09-27",1435.74340559628,1,NA,NA,NA,NA,NA,NA,2015-09-01,-1735.527743377,"Total expenditures accrual",NA,"OK",NA
"factor_midas","Italy","Expenditures","2015-10-01",1378.76389450882,1,NA,NA,NA,NA,NA,NA,2015-10-01,-1735.527743377,"Total expenditures accrual",NA,"OK",NA
"factor_midas","Italy","Expenditures","2015-10-04",1365.30770343779,1,NA,NA,NA,NA,NA,NA,2015-10-01,-1735.527743377,"Total expenditures accrual",NA,"OK",NA
"factor_midas","Italy","Expenditures","2015-10-15",1371.03081636586,1,NA,NA,NA,NA,NA,NA,2015-10-01,-1735.527743377,"Total expenditures accrual",NA,"OK",NA
"factor_midas","Italy","Expenditures","2015-10-25",1372.3628407906,1,NA,NA,NA,NA,NA,NA,2015-10-01,-1735.527743377,"Total expenditures accrual",NA,"OK",NA
"factor_midas","Italy","Expenditures","2015-10-27",1403.48401431411,1,NA,NA,NA,NA,NA,NA,2015-10-01,-1735.527743377,"Total expenditures accrual",NA,"OK",NA
"factor_midas","Italy","Expenditures","2015-11-01",885.292012942477,1,NA,NA,NA,NA,NA,NA,2015-11-01,-1735.527743377,"Total expenditures accrual",NA,"OK",NA
"factor_midas","Italy","Expenditures","2015-11-07",904.964864844308,1,NA,NA,NA,NA,NA,NA,2015-11-01,-1735.527743377,"Total expenditures accrual",NA,"OK",NA
"factor_midas","Italy","Expenditures","2015-11-15",1107.71125315841,1,NA,NA,NA,NA,NA,NA,2015-11-01,-1735.527743377,"Total expenditures accrual",NA,"OK",NA
"factor_midas","Italy","Expenditures","2015-11-25",1108.08159382991,1,NA,NA,NA,NA,NA,NA,2015-11-01,-1735.527743377,"Total expenditures accrual",NA,"OK",NA
"factor_midas","Italy","Expenditures","2015-11-27",1513.39195770816,1,NA,NA,NA,NA,NA,NA,2015-11-01,-1735.527743377,"Total expenditures accrual",NA,"OK",NA
"factor_midas","Italy","Expenditures","2015-12-01",1507.24876523288,1,NA,NA,NA,NA,NA,NA,2015-12-01,-1735.527743377,"Total expenditures accrual",NA,"OK",NA
"factor_midas","Italy","Expenditures","2015-12-02",1532.95781327127,1,NA,NA,NA,NA,NA,NA,2015-12-01,-1735.527743377,"Total expenditures accrual",NA,"OK",NA
"factor_midas","Italy","Expenditures","2015-12-15",-1251.71342638642,1,NA,NA,NA,NA,NA,NA,2015-12-01,3169.45015404301,"Total expenditures accrual",NA,"OK",NA
"factor_midas","Italy","Expenditures","2015-12-25",-1251.82763824036,1,NA,NA,NA,NA,NA,NA,2015-12-01,3169.45015404301,"Total expenditures accrual",NA,"OK",NA
"factor_midas","Italy","Expenditures","2015-12-27",-1235.04748526844,1,NA,NA,NA,NA,NA,NA,2015-12-01,3169.45015404301,"Total expenditures accrual",NA,"OK",NA
"factor_midas","Italy","Expenditures","2016-01-01",-1241.71736516245,1,NA,NA,NA,NA,NA,NA,2016-01-01,3169.45015404301,"Total expenditures accrual",NA,"OK",NA
"factor_midas","Italy","Expenditures","2016-01-05",-1248.70038076499,1,NA,NA,NA,NA,NA,NA,2016-01-01,3169.45015404301,"Total expenditures accrual",NA,"OK",NA
"factor_midas","Italy","Expenditures","2016-01-15",-1276.75897430984,1,NA,NA,NA,NA,NA,NA,2016-01-01,3169.45015404301,"Total expenditures accrual",NA,"OK",NA
"factor_midas","Italy","Expenditures","2016-01-25",-1263.35952760338,1,NA,NA,NA,NA,NA,NA,2016-01-01,3169.45015404301,"Total expenditures accrual",NA,"OK",NA
"factor_midas","Italy","Expenditures","2016-01-27",-1200.96071038635,1,NA,NA,NA,NA,NA,NA,2016-01-01,3169.45015404301,"Total expenditures accrual",NA,"OK",NA
"factor_midas","Italy","Expenditures","2016-02-01",-1161.37815813081,1,NA,NA,NA,NA,NA,NA,2016-02-01,3169.45015404301,"Total expenditures accrual",NA,"OK",NA
"factor_midas","Italy","Expenditures","2016-02-15",-641.799762977849,1,NA,NA,NA,NA,NA,NA,2016-02-01,3169.45015404301,"Total expenditures accrual",NA,"OK",NA
"factor_midas","Italy","Expenditures","2016-02-25",-611.988163107336,1,NA,NA,NA,NA,NA,NA,2016-02-01,3169.45015404301,"Total expenditures accrual",NA,"OK",NA
"factor_midas","Italy","Expenditures","2016-02-27",-104.527445755161,1,NA,NA,NA,NA,NA,NA,2016-02-01,3169.45015404301,"Total expenditures accrual",NA,"OK",NA
"factor_midas","Italy","Expenditures","2016-03-01",-252.936815053886,1,NA,NA,NA,NA,NA,NA,2016-03-01,3169.45015404301,"Total expenditures accrual",NA,"OK",NA
"factor_midas","Italy","Expenditures","2016-03-02",-290.557453306849,1,NA,NA,NA,NA,NA,NA,2016-03-01,3169.45015404301,"Total expenditures accrual",NA,"OK",NA
"factor_midas","Italy","Expenditures","2016-03-15",1340.38256665851,1,NA,NA,NA,NA,NA,NA,2016-03-01,-1670.73239088,"Total expenditures accrual",NA,"OK",NA
"factor_midas","Italy","Expenditures","2016-03-25",1354.06830439179,1,NA,NA,NA,NA,NA,NA,2016-03-01,-1670.73239088,"Total expenditures accrual",NA,"OK",NA
"factor_midas","Italy","Expenditures","2016-03-27",1486.85353480208,1,NA,NA,NA,NA,NA,NA,2016-03-01,-1670.73239088,"Total expenditures accrual",NA,"OK",NA
"factor_midas","Italy","Expenditures","2016-04-01",1529.45119624417,1,NA,NA,NA,NA,NA,NA,2016-04-01,-1670.73239088,"Total expenditures accrual",NA,"OK",NA
"factor_midas","Italy","Expenditures","2016-04-05",1559.91909719437,1,NA,NA,NA,NA,NA,NA,2016-04-01,-1670.73239088,"Total expenditures accrual",NA,"OK",NA
"factor_midas","Italy","Expenditures","2016-04-15",1612.76352449865,1,NA,NA,NA,NA,NA,NA,2016-04-01,-1670.73239088,"Total expenditures accrual",NA,"OK",NA
"factor_midas","Italy","Expenditures","2016-04-25",1612.28289724362,1,NA,NA,NA,NA,NA,NA,2016-04-01,-1670.73239088,"Total expenditures accrual",NA,"OK",NA
"factor_midas","Italy","Expenditures","2016-04-27",1570.98993536177,1,NA,NA,NA,NA,NA,NA,2016-04-01,-1670.73239088,"Total expenditures accrual",NA,"OK",NA
"factor_midas","Italy","Expenditures","2016-05-01",1533.81943354843,1,NA,NA,NA,NA,NA,NA,2016-05-01,-1670.73239088,"Total expenditures accrual",NA,"OK",NA
"factor_midas","Italy","Expenditures","2016-05-07",1661.64883624489,1,NA,NA,NA,NA,NA,NA,2016-05-01,-1670.73239088,"Total expenditures accrual",NA,"OK",NA
"factor_midas","Italy","Expenditures","2016-05-15",1484.81009175864,1,NA,NA,NA,NA,NA,NA,2016-05-01,-1670.73239088,"Total expenditures accrual",NA,"OK",NA
"factor_midas","Italy","Expenditures","2016-05-25",1492.35852843249,1,NA,NA,NA,NA,NA,NA,2016-05-01,-1670.73239088,"Total expenditures accrual",NA,"OK",NA
"factor_midas","Italy","Expenditures","2016-05-27",1263.46724158107,1,NA,NA,NA,NA,NA,NA,2016-05-01,-1670.73239088,"Total expenditures accrual",NA,"OK",NA
"factor_midas","Italy","Expenditures","2016-06-01",1151.72218652456,1,NA,NA,NA,NA,NA,NA,2016-06-01,-1670.73239088,"Total expenditures accrual",NA,"OK",NA
"factor_midas","Italy","Expenditures","2016-06-03",1145.61561493944,1,NA,NA,NA,NA,NA,NA,2016-06-01,-1670.73239088,"Total expenditures accrual",NA,"OK",NA
"factor_midas","Italy","Expenditures","2016-06-15",1594.73730399272,1,NA,NA,NA,NA,NA,NA,2016-06-01,-2688.43726456902,"Total expenditures accrual",NA,"OK",NA
"factor_midas","Italy","Expenditures","2016-06-25",1594.64188671787,1,NA,NA,NA,NA,NA,NA,2016-06-01,-2688.43726456902,"Total expenditures accrual",NA,"OK",NA
"factor_midas","Italy","Expenditures","2016-06-27",1583.65848196643,1,NA,NA,NA,NA,NA,NA,2016-06-01,-2688.43726456902,"Total expenditures accrual",NA,"OK",NA
"factor_midas","Italy","Expenditures","2016-07-01",1584.62649476519,1,NA,NA,NA,NA,NA,NA,2016-07-01,-2688.43726456902,"Total expenditures accrual",NA,"OK",NA
"factor_midas","Italy","Expenditures","2016-07-05",1590.97178512957,1,NA,NA,NA,NA,NA,NA,2016-07-01,-2688.43726456902,"Total expenditures accrual",NA,"OK",NA
"factor_midas","Italy","Expenditures","2016-07-15",1575.30985716796,1,NA,NA,NA,NA,NA,NA,2016-07-01,-2688.43726456902,"Total expenditures accrual",NA,"OK",NA
"factor_midas","Italy","Expenditures","2016-07-25",1575.09158744303,1,NA,NA,NA,NA,NA,NA,2016-07-01,-2688.43726456902,"Total expenditures accrual",NA,"OK",NA
"factor_midas","Italy","Expenditures","2016-07-27",1574.1974676446,1,NA,NA,NA,NA,NA,NA,2016-07-01,-2688.43726456902,"Total expenditures accrual",NA,"OK",NA
"factor_midas","Italy","Expenditures","2016-08-01",1626.24356219668,1,NA,NA,NA,NA,NA,NA,2016-08-01,-2688.43726456902,"Total expenditures accrual",NA,"OK",NA
"factor_midas","Italy","Expenditures","2016-08-15",1028.75054695628,1,NA,NA,NA,NA,NA,NA,2016-08-01,-2688.43726456902,"Total expenditures accrual",NA,"OK",NA
"factor_midas","Italy","Expenditures","2016-08-25",1036.60386150481,1,NA,NA,NA,NA,NA,NA,2016-08-01,-2688.43726456902,"Total expenditures accrual",NA,"OK",NA
"factor_midas","Italy","Expenditures","2016-08-27",1154.79799290568,1,NA,NA,NA,NA,NA,NA,2016-08-01,-2688.43726456902,"Total expenditures accrual",NA,"OK",NA
"factor_midas","Italy","Expenditures","2016-09-01",1077.01178473432,1,NA,NA,NA,NA,NA,NA,2016-09-01,-2688.43726456902,"Total expenditures accrual",NA,"OK",NA
"factor_midas","Italy","Expenditures","2016-09-04",977.394067990903,1,NA,NA,NA,NA,NA,NA,2016-09-01,-2688.43726456902,"Total expenditures accrual",NA,"OK",NA
"factor_midas","Italy","Expenditures","2016-09-15",-1272.13273653822,1,NA,NA,NA,NA,NA,NA,2016-09-01,2696.503276854,"Total expenditures accrual",NA,"OK",NA
"factor_midas","Italy","Expenditures","2016-09-25",-1272.14712083041,1,NA,NA,NA,NA,NA,NA,2016-09-01,2696.503276854,"Total expenditures accrual",NA,"OK",NA
"factor_midas","Italy","Expenditures","2016-09-27",-1275.02000572065,1,NA,NA,NA,NA,NA,NA,2016-09-01,2696.503276854,"Total expenditures accrual",NA,"OK",NA
"factor_midas","Italy","Expenditures","2016-10-01",-1267.44412945051,1,NA,NA,NA,NA,NA,NA,2016-10-01,2696.503276854,"Total expenditures accrual",NA,"OK",NA
"factor_midas","Italy","Expenditures","2016-10-06",-1240.00675332655,1,NA,NA,NA,NA,NA,NA,2016-10-01,2696.503276854,"Total expenditures accrual",NA,"OK",NA
"factor_midas","Italy","Expenditures","2016-10-15",-1228.68538938378,1,NA,NA,NA,NA,NA,NA,2016-10-01,2696.503276854,"Total expenditures accrual",NA,"OK",NA
"factor_midas","Italy","Expenditures","2016-10-25",-1228.06084339056,1,NA,NA,NA,NA,NA,NA,2016-10-01,2696.503276854,"Total expenditures accrual",NA,"OK",NA
"factor_midas","Italy","Expenditures","2016-10-27",-1234.36930708756,1,NA,NA,NA,NA,NA,NA,2016-10-01,2696.503276854,"Total expenditures accrual",NA,"OK",NA
"factor_midas","Italy","Expenditures","2016-11-01",-1524.37498792681,1,NA,NA,NA,NA,NA,NA,2016-11-01,2696.503276854,"Total expenditures accrual",NA,"OK",NA
"factor_midas","Italy","Expenditures","2016-11-02",-1222.2693999175,1,NA,NA,NA,NA,NA,NA,2016-11-01,2696.503276854,"Total expenditures accrual",NA,"OK",NA
"factor_midas","Italy","Expenditures","2016-11-15",-205.702237328728,1,NA,NA,NA,NA,NA,NA,2016-11-01,2696.503276854,"Total expenditures accrual",NA,"OK",NA
"factor_midas","Italy","Expenditures","2016-11-25",-213.031034801399,1,NA,NA,NA,NA,NA,NA,2016-11-01,2696.503276854,"Total expenditures accrual",NA,"OK",NA
"factor_midas","Italy","Expenditures","2016-11-27",-559.809579342177,1,NA,NA,NA,NA,NA,NA,2016-11-01,2696.503276854,"Total expenditures accrual",NA,"OK",NA
"factor_midas","Italy","Expenditures","2016-12-01",-592.462589096667,1,NA,NA,NA,NA,NA,NA,2016-12-01,2696.503276854,"Total expenditures accrual",NA,"OK",NA
"factor_midas","Italy","Expenditures","2016-12-04",-599.966152348208,1,NA,NA,NA,NA,NA,NA,2016-12-01,2696.503276854,"Total expenditures accrual",NA,"OK",NA
"factor_midas","Italy","Expenditures","2016-12-15",33.2307694480517,1,NA,NA,NA,NA,NA,NA,2016-12-01,583.987790394021,"Total expenditures accrual",NA,"OK",NA
"factor_midas","Italy","Expenditures","2016-12-25",33.7553442368611,1,NA,NA,NA,NA,NA,NA,2016-12-01,583.987790394021,"Total expenditures accrual",NA,"OK",NA
"factor_midas","Italy","Expenditures","2016-12-27",40.222841444006,1,NA,NA,NA,NA,NA,NA,2016-12-01,583.987790394021,"Total expenditures accrual",NA,"OK",NA
"factor_midas","Italy","Expenditures","2017-01-01",10.5751424492058,1,NA,NA,NA,NA,NA,NA,2017-01-01,583.987790394021,"Total expenditures accrual",NA,"OK",NA
"factor_midas","Italy","Expenditures","2017-01-07",47.7872128546345,1,NA,NA,NA,NA,NA,NA,2017-01-01,583.987790394021,"Total expenditures accrual",NA,"OK",NA
"factor_midas","Italy","Expenditures","2017-01-15",81.5612507690678,1,NA,NA,NA,NA,NA,NA,2017-01-01,583.987790394021,"Total expenditures accrual",NA,"OK",NA
"factor_midas","Italy","Expenditures","2017-01-25",78.9357003288183,1,NA,NA,NA,NA,NA,NA,2017-01-01,583.987790394021,"Total expenditures accrual",NA,"OK",NA
"factor_midas","Italy","Expenditures","2017-01-27",63.6709490605503,1,NA,NA,NA,NA,NA,NA,2017-01-01,583.987790394021,"Total expenditures accrual",NA,"OK",NA
"factor_midas","Italy","Expenditures","2017-02-01",-229.870751554366,1,NA,NA,NA,NA,NA,NA,2017-02-01,583.987790394021,"Total expenditures accrual",NA,"OK",NA
"factor_midas","Italy","Expenditures","2017-02-03",94.13796880965,1,NA,NA,NA,NA,NA,NA,2017-02-01,583.987790394021,"Total expenditures accrual",NA,"OK",NA
"factor_midas","Italy","Expenditures","2017-02-15",-349.632107895414,1,NA,NA,NA,NA,NA,NA,2017-02-01,583.987790394021,"Total expenditures accrual",NA,"OK",NA
"factor_midas","Italy","Expenditures","2017-02-25",-313.750631508164,1,NA,NA,NA,NA,NA,NA,2017-02-01,583.987790394021,"Total expenditures accrual",NA,"OK",NA
"factor_midas","Italy","Expenditures","2017-02-27",-457.342754989833,1,NA,NA,NA,NA,NA,NA,2017-02-01,583.987790394021,"Total expenditures accrual",NA,"OK",NA
"factor_midas","Italy","Expenditures","2017-03-01",-640.231057218555,1,NA,NA,NA,NA,NA,NA,2017-03-01,583.987790394021,"Total expenditures accrual",NA,"OK",NA
"factor_midas","Italy","Expenditures","2017-03-03",-583.398669117667,1,NA,NA,NA,NA,NA,NA,2017-03-01,583.987790394021,"Total expenditures accrual",NA,"OK",NA
"factor_midas","Italy","Expenditures","2017-03-15",537.407910699524,1,NA,NA,NA,NA,NA,NA,2017-03-01,28.3022097969952,"Total expenditures accrual",NA,"OK",NA
"factor_midas","Italy","Expenditures","2017-03-25",506.513985199756,1,NA,NA,NA,NA,NA,NA,2017-03-01,28.3022097969952,"Total expenditures accrual",NA,"OK",NA
"factor_midas","Italy","Expenditures","2017-03-27",457.722098835646,1,NA,NA,NA,NA,NA,NA,2017-03-01,28.3022097969952,"Total expenditures accrual",NA,"OK",NA
"factor_midas","Italy","Expenditures","2017-04-01",462.563039067068,1,NA,NA,NA,NA,NA,NA,2017-04-01,28.3022097969952,"Total expenditures accrual",NA,"OK",NA
"factor_midas","Italy","Expenditures","2017-04-06",457.854609876876,1,NA,NA,NA,NA,NA,NA,2017-04-01,28.3022097969952,"Total expenditures accrual",NA,"OK",NA
"factor_midas","Italy","Expenditures","2017-04-15",405.490606758135,1,NA,NA,NA,NA,NA,NA,2017-04-01,28.3022097969952,"Total expenditures accrual",NA,"OK",NA
"factor_midas","Italy","Expenditures","2017-04-25",404.640082377249,1,NA,NA,NA,NA,NA,NA,2017-04-01,28.3022097969952,"Total expenditures accrual",NA,"OK",NA
"factor_midas","Italy","Expenditures","2017-04-27",440.000996419004,1,NA,NA,NA,NA,NA,NA,2017-04-01,28.3022097969952,"Total expenditures accrual",NA,"OK",NA
"factor_midas","Italy","Expenditures","2017-05-01",352.778760226321,1,NA,NA,NA,NA,NA,NA,2017-05-01,28.3022097969952,"Total expenditures accrual",NA,"OK",NA
"factor_midas","Italy","Expenditures","2017-05-15",-267.348124890316,1,NA,NA,NA,NA,NA,NA,2017-05-01,28.3022097969952,"Total expenditures accrual",NA,"OK",NA
"factor_midas","Italy","Expenditures","2017-05-25",-264.608453373783,1,NA,NA,NA,NA,NA,NA,2017-05-01,28.3022097969952,"Total expenditures accrual",NA,"OK",NA
"factor_midas","Italy","Expenditures","2017-05-27",112.206281039138,1,NA,NA,NA,NA,NA,NA,2017-05-01,28.3022097969952,"Total expenditures accrual",NA,"OK",NA
"factor_midas","Italy","Expenditures","2017-06-01",25.7765902531307,1,NA,NA,NA,NA,NA,NA,2017-06-01,28.3022097969952,"Total expenditures accrual",NA,"OK",NA
"factor_midas","Italy","Expenditures","2017-06-04",48.0790472175622,1,NA,NA,NA,NA,NA,NA,2017-06-01,28.3022097969952,"Total expenditures accrual",NA,"OK",NA
"factor_midas","Italy","Expenditures","2017-06-15",-2291.55882234077,1,NA,NA,NA,NA,NA,NA,2017-06-01,4991.28189866099,"Total expenditures accrual",NA,"OK",NA
"factor_midas","Italy","Expenditures","2017-06-25",-2291.48598454414,1,NA,NA,NA,NA,NA,NA,2017-06-01,4991.28189866099,"Total expenditures accrual",NA,"OK",NA
"factor_midas","Italy","Expenditures","2017-06-27",-2262.38495672411,1,NA,NA,NA,NA,NA,NA,2017-06-01,4991.28189866099,"Total expenditures accrual",NA,"OK",NA
"factor_midas","Italy","Expenditures","2017-07-01",-2263.23026447371,1,NA,NA,NA,NA,NA,NA,2017-07-01,4991.28189866099,"Total expenditures accrual",NA,"OK",NA
"factor_midas","Italy","Expenditures","2017-07-06",-2262.18075799546,1,NA,NA,NA,NA,NA,NA,2017-07-01,4991.28189866099,"Total expenditures accrual",NA,"OK",NA
"factor_midas","Italy","Expenditures","2017-07-15",-2219.45692523382,1,NA,NA,NA,NA,NA,NA,2017-07-01,4991.28189866099,"Total expenditures accrual",NA,"OK",NA
"factor_midas","Italy","Expenditures","2017-07-25",-2220.85896682959,1,NA,NA,NA,NA,NA,NA,2017-07-01,4991.28189866099,"Total expenditures accrual",NA,"OK",NA
"factor_midas","Italy","Expenditures","2017-07-27",-2221.80082471187,1,NA,NA,NA,NA,NA,NA,2017-07-01,4991.28189866099,"Total expenditures accrual",NA,"OK",NA
"factor_midas","Italy","Expenditures","2017-08-01",-2121.29361770694,1,NA,NA,NA,NA,NA,NA,2017-08-01,4991.28189866099,"Total expenditures accrual",NA,"OK",NA
"factor_midas","Italy","Expenditures","2017-08-02",-2047.98103665624,1,NA,NA,NA,NA,NA,NA,2017-08-01,4991.28189866099,"Total expenditures accrual",NA,"OK",NA
"factor_midas","Italy","Expenditures","2017-08-15",-1556.41197609686,1,NA,NA,NA,NA,NA,NA,2017-08-01,4991.28189866099,"Total expenditures accrual",NA,"OK",NA
"factor_midas","Italy","Expenditures","2017-08-25",-1550.57552925038,1,NA,NA,NA,NA,NA,NA,2017-08-01,4991.28189866099,"Total expenditures accrual",NA,"OK",NA
"factor_midas","Italy","Expenditures","2017-08-27",-1853.83400883523,1,NA,NA,NA,NA,NA,NA,2017-08-01,4991.28189866099,"Total expenditures accrual",NA,"OK",NA
"factor_midas","Italy","Expenditures","2017-09-01",-1871.6328992124,1,NA,NA,NA,NA,NA,NA,2017-09-01,4991.28189866099,"Total expenditures accrual",NA,"OK",NA
"factor_midas","Italy","Expenditures","2017-09-05",-1849.4317265014,1,NA,NA,NA,NA,NA,NA,2017-09-01,4991.28189866099,"Total expenditures accrual",NA,"OK",NA
"factor_midas","Italy","Expenditures","2017-09-15",1528.91258922822,1,NA,NA,NA,NA,NA,NA,2017-09-01,-1250.00878231801,"Total expenditures accrual",NA,"OK",NA
"factor_midas","Italy","Expenditures","2017-09-25",1528.07708750858,1,NA,NA,NA,NA,NA,NA,2017-09-01,-1250.00878231801,"Total expenditures accrual",NA,"OK",NA
"factor_midas","Italy","Expenditures","2017-09-27",1507.94931266703,1,NA,NA,NA,NA,NA,NA,2017-09-01,-1250.00878231801,"Total expenditures accrual",NA,"OK",NA
"factor_midas","Italy","Expenditures","2017-10-01",1490.1792600486,1,NA,NA,NA,NA,NA,NA,2017-10-01,-1250.00878231801,"Total expenditures accrual",NA,"OK",NA
"factor_midas","Italy","Expenditures","2017-10-07",1429.8758836936,1,NA,NA,NA,NA,NA,NA,2017-10-01,-1250.00878231801,"Total expenditures accrual",NA,"OK",NA
"factor_midas","Italy","Expenditures","2017-10-15",1445.65598604065,1,NA,NA,NA,NA,NA,NA,2017-10-01,-1250.00878231801,"Total expenditures accrual",NA,"OK",NA
"factor_midas","Italy","Expenditures","2017-10-25",1445.63795412538,1,NA,NA,NA,NA,NA,NA,2017-10-01,-1250.00878231801,"Total expenditures accrual",NA,"OK",NA
"factor_midas","Italy","Expenditures","2017-10-27",1424.18742278347,1,NA,NA,NA,NA,NA,NA,2017-10-01,-1250.00878231801,"Total expenditures accrual",NA,"OK",NA
"factor_midas","Italy","Expenditures","2017-11-01",1522.82793627195,1,NA,NA,NA,NA,NA,NA,2017-11-01,-1250.00878231801,"Total expenditures accrual",NA,"OK",NA
"factor_midas","Italy","Expenditures","2017-11-03",1381.31669831231,1,NA,NA,NA,NA,NA,NA,2017-11-01,-1250.00878231801,"Total expenditures accrual",NA,"OK",NA
"factor_midas","Italy","Expenditures","2017-11-15",205.887242389335,1,NA,NA,NA,NA,NA,NA,2017-11-01,-1250.00878231801,"Total expenditures accrual",NA,"OK",NA
"factor_midas","Italy","Expenditures","2017-11-25",211.605270427885,1,NA,NA,NA,NA,NA,NA,2017-11-01,-1250.00878231801,"Total expenditures accrual",NA,"OK",NA
"factor_midas","Italy","Expenditures","2017-11-27",151.583511442855,1,NA,NA,NA,NA,NA,NA,2017-11-01,-1250.00878231801,"Total expenditures accrual",NA,"OK",NA
"factor_midas","Italy","Expenditures","2017-12-01",181.302715368095,1,NA,NA,NA,NA,NA,NA,2017-12-01,-1250.00878231801,"Total expenditures accrual",NA,"OK",NA
"factor_midas","Italy","Expenditures","2017-12-05",184.15723442692,1,NA,NA,NA,NA,NA,NA,2017-12-01,-1250.00878231801,"Total expenditures accrual",NA,"OK",NA
"factor_midas","Italy","Expenditures","2017-12-15",1431.86039777504,1,NA,NA,NA,NA,NA,NA,2017-12-01,-1138.41673879998,"Total expenditures accrual",NA,"OK",NA
"factor_midas","Italy","Expenditures","2017-12-25",1431.24790187616,1,NA,NA,NA,NA,NA,NA,2017-12-01,-1138.41673879998,"Total expenditures accrual",NA,"OK",NA
"factor_midas","Italy","Expenditures","2017-12-27",1434.2593253172,1,NA,NA,NA,NA,NA,NA,2017-12-01,-1138.41673879998,"Total expenditures accrual",NA,"OK",NA
"factor_midas","Italy","Expenditures","2018-01-01",1434.6987130515,1,NA,NA,NA,NA,NA,NA,2018-01-01,-1138.41673879998,"Total expenditures accrual",NA,"OK",NA
"factor_midas","Italy","Expenditures","2018-01-15",1443.10584456934,1,NA,NA,NA,NA,NA,NA,2018-01-01,-1138.41673879998,"Total expenditures accrual",NA,"OK",NA
"factor_midas","Italy","Expenditures","2018-01-25",1441.10066193887,1,NA,NA,NA,NA,NA,NA,2018-01-01,-1138.41673879998,"Total expenditures accrual",NA,"OK",NA
"factor_midas","Italy","Expenditures","2018-01-27",1490.43295541159,1,NA,NA,NA,NA,NA,NA,2018-01-01,-1138.41673879998,"Total expenditures accrual",NA,"OK",NA
"factor_midas","Italy","Expenditures","2018-02-01",1559.62362612103,1,NA,NA,NA,NA,NA,NA,2018-02-01,-1138.41673879998,"Total expenditures accrual",NA,"OK",NA
"factor_midas","Italy","Expenditures","2018-02-04",1222.58292747291,1,NA,NA,NA,NA,NA,NA,2018-02-01,-1138.41673879998,"Total expenditures accrual",NA,"OK",NA
"factor_midas","Italy","Expenditures","2018-02-15",1665.20320581549,1,NA,NA,NA,NA,NA,NA,2018-02-01,-1138.41673879998,"Total expenditures accrual",NA,"OK",NA
"factor_midas","Italy","Expenditures","2018-02-25",1559.50961101603,1,NA,NA,NA,NA,NA,NA,2018-02-01,-1138.41673879998,"Total expenditures accrual",NA,"OK",NA
"factor_midas","Italy","Expenditures","2018-02-27",2233.67499566423,1,NA,NA,NA,NA,NA,NA,2018-02-01,-1138.41673879998,"Total expenditures accrual",NA,"OK",NA
"factor_midas","Italy","Expenditures","2018-03-01",2030.58167845293,1,NA,NA,NA,NA,NA,NA,2018-03-01,-1138.41673879998,"Total expenditures accrual",NA,"OK",NA
"factor_midas","Italy","Expenditures","2018-03-04",2047.03433158113,1,NA,NA,NA,NA,NA,NA,2018-03-01,-1138.41673879998,"Total expenditures accrual",NA,"OK",NA
"factor_midas","Italy","Expenditures","2018-03-15",-156.712016105059,1,NA,NA,NA,NA,NA,NA,2018-03-01,1476.33791299199,"Total expenditures accrual",NA,"OK",NA
"factor_midas","Italy","Expenditures","2018-03-25",-188.698101474001,1,NA,NA,NA,NA,NA,NA,2018-03-01,1476.33791299199,"Total expenditures accrual",NA,"OK",NA
"factor_midas","Italy","Expenditures","2018-03-27",-135.223262311449,1,NA,NA,NA,NA,NA,NA,2018-03-01,1476.33791299199,"Total expenditures accrual",NA,"OK",NA
"factor_midas","Italy","Expenditures","2018-04-01",-149.170458383086,1,NA,NA,NA,NA,NA,NA,2018-04-01,1476.33791299199,"Total expenditures accrual",NA,"OK",NA
"factor_midas","Italy","Expenditures","2018-04-07",-175.601340198307,1,NA,NA,NA,NA,NA,NA,2018-04-01,1476.33791299199,"Total expenditures accrual",NA,"OK",NA
"factor_midas","Italy","Expenditures","2018-04-15",-250.158794540093,1,NA,NA,NA,NA,NA,NA,2018-04-01,1476.33791299199,"Total expenditures accrual",NA,"OK",NA
"factor_midas","Italy","Expenditures","2018-04-25",-249.495247175437,1,NA,NA,NA,NA,NA,NA,2018-04-01,1476.33791299199,"Total expenditures accrual",NA,"OK",NA
"factor_midas","Italy","Expenditures","2018-04-27",-293.019167009216,1,NA,NA,NA,NA,NA,NA,2018-04-01,1476.33791299199,"Total expenditures accrual",NA,"OK",NA
"factor_midas","Italy","Expenditures","2018-05-01",-914.240067500822,1,NA,NA,NA,NA,NA,NA,2018-05-01,1476.33791299199,"Total expenditures accrual",NA,"OK",NA
"factor_midas","Italy","Expenditures","2018-05-02",-1286.35795316294,1,NA,NA,NA,NA,NA,NA,2018-05-01,1476.33791299199,"Total expenditures accrual",NA,"OK",NA
"factor_midas","Italy","Expenditures","2018-05-15",-1527.63086945162,1,NA,NA,NA,NA,NA,NA,2018-05-01,1476.33791299199,"Total expenditures accrual",NA,"OK",NA
"factor_midas","Italy","Expenditures","2018-05-25",-1527.42979611351,1,NA,NA,NA,NA,NA,NA,2018-05-01,1476.33791299199,"Total expenditures accrual",NA,"OK",NA
"factor_midas","Italy","Expenditures","2018-05-27",-1997.78943137043,1,NA,NA,NA,NA,NA,NA,2018-05-01,1476.33791299199,"Total expenditures accrual",NA,"OK",NA
"factor_midas","Italy","Expenditures","2018-06-01",-2049.99799756894,1,NA,NA,NA,NA,NA,NA,2018-06-01,1476.33791299199,"Total expenditures accrual",NA,"OK",NA
"factor_midas","Italy","Expenditures","2018-06-05",-2020.5425329744,1,NA,NA,NA,NA,NA,NA,2018-06-01,1476.33791299199,"Total expenditures accrual",NA,"OK",NA
"factor_midas","Italy","Expenditures","2018-06-15",1914.59058728429,1,NA,NA,NA,NA,NA,NA,2018-06-01,-1588.086074099,"Total expenditures accrual",NA,"OK",NA
"factor_midas","Italy","Expenditures","2018-06-25",1905.64317244474,1,NA,NA,NA,NA,NA,NA,2018-06-01,-1588.086074099,"Total expenditures accrual",NA,"OK",NA
"factor_midas","Italy","Expenditures","2018-06-27",1898.45952498518,1,NA,NA,NA,NA,NA,NA,2018-06-01,-1588.086074099,"Total expenditures accrual",NA,"OK",NA
"factor_midas","Italy","Expenditures","2018-07-01",1812.85479452816,1,NA,NA,NA,NA,NA,NA,2018-07-01,-1588.086074099,"Total expenditures accrual",NA,"OK",NA
"factor_midas","Italy","Expenditures","2018-07-07",1819.6117597186,1,NA,NA,NA,NA,NA,NA,2018-07-01,-1588.086074099,"Total expenditures accrual",NA,"OK",NA
"factor_midas","Italy","Expenditures","2018-07-15",1764.28412965714,1,NA,NA,NA,NA,NA,NA,2018-07-01,-1588.086074099,"Total expenditures accrual",NA,"OK",NA
"factor_midas","Italy","Expenditures","2018-07-25",1771.88707332157,1,NA,NA,NA,NA,NA,NA,2018-07-01,-1588.086074099,"Total expenditures accrual",NA,"OK",NA
"factor_midas","Italy","Expenditures","2018-07-27",1792.64684067562,1,NA,NA,NA,NA,NA,NA,2018-07-01,-1588.086074099,"Total expenditures accrual",NA,"OK",NA
"factor_midas","Italy","Expenditures","2018-08-01",1238.54800703757,1,NA,NA,NA,NA,NA,NA,2018-08-01,-1588.086074099,"Total expenditures accrual",NA,"OK",NA
"factor_midas","Italy","Expenditures","2018-08-03",1051.05417433373,1,NA,NA,NA,NA,NA,NA,2018-08-01,-1588.086074099,"Total expenditures accrual",NA,"OK",NA
"factor_midas","Italy","Expenditures","2018-08-15",515.231140408995,1,NA,NA,NA,NA,NA,NA,2018-08-01,-1588.086074099,"Total expenditures accrual",NA,"OK",NA
"factor_midas","Italy","Expenditures","2018-08-25",512.103660501465,1,NA,NA,NA,NA,NA,NA,2018-08-01,-1588.086074099,"Total expenditures accrual",NA,"OK",NA
"factor_midas","Italy","Expenditures","2018-08-27",1040.53368589417,1,NA,NA,NA,NA,NA,NA,2018-08-01,-1588.086074099,"Total expenditures accrual",NA,"OK",NA
"factor_midas","Italy","Expenditures","2018-09-01",1080.47633330916,1,NA,NA,NA,NA,NA,NA,2018-09-01,-1588.086074099,"Total expenditures accrual",NA,"OK",NA
"factor_midas","Italy","Expenditures","2018-09-06",1138.25598021464,1,NA,NA,NA,NA,NA,NA,2018-09-01,-1588.086074099,"Total expenditures accrual",NA,"OK",NA
"factor_midas","Italy","Expenditures","2018-09-15",-1441.43951392588,1,NA,NA,NA,NA,NA,NA,2018-09-01,3694.985517027,"Total expenditures accrual",NA,"OK",NA
"factor_midas","Italy","Expenditures","2018-09-25",-1441.10040187842,1,NA,NA,NA,NA,NA,NA,2018-09-01,3694.985517027,"Total expenditures accrual",NA,"OK",NA
"factor_midas","Italy","Expenditures","2018-09-27",-1421.76802586815,1,NA,NA,NA,NA,NA,NA,2018-09-01,3694.985517027,"Total expenditures accrual",NA,"OK",NA
"factor_midas","Italy","Expenditures","2018-10-01",-1326.11011019545,1,NA,NA,NA,NA,NA,NA,2018-10-01,3694.985517027,"Total expenditures accrual",NA,"OK",NA
"factor_midas","Italy","Expenditures","2018-10-15",-1369.29027287581,1,NA,NA,NA,NA,NA,NA,2018-10-01,3694.985517027,"Total expenditures accrual",NA,"OK",NA
"factor_midas","Italy","Expenditures","2018-10-25",-1372.23019283414,1,NA,NA,NA,NA,NA,NA,2018-10-01,3694.985517027,"Total expenditures accrual",NA,"OK",NA
"factor_midas","Italy","Expenditures","2018-10-27",-1325.16273996476,1,NA,NA,NA,NA,NA,NA,2018-10-01,3694.985517027,"Total expenditures accrual",NA,"OK",NA
"factor_midas","Italy","Expenditures","2018-11-01",-887.283003239455,1,NA,NA,NA,NA,NA,NA,2018-11-01,3694.985517027,"Total expenditures accrual",NA,"OK",NA
"factor_midas","Italy","Expenditures","2018-11-04",-966.178337803172,1,NA,NA,NA,NA,NA,NA,2018-11-01,3694.985517027,"Total expenditures accrual",NA,"OK",NA
"factor_midas","Italy","Expenditures","2018-11-15",-1096.21818961932,1,NA,NA,NA,NA,NA,NA,2018-11-01,3694.985517027,"Total expenditures accrual",NA,"OK",NA
"factor_midas","Italy","Expenditures","2018-11-25",-1104.55638398992,1,NA,NA,NA,NA,NA,NA,2018-11-01,3694.985517027,"Total expenditures accrual",NA,"OK",NA
"factor_midas","Italy","Expenditures","2018-11-27",-687.746736265809,1,NA,NA,NA,NA,NA,NA,2018-11-01,3694.985517027,"Total expenditures accrual",NA,"OK",NA
"factor_midas","Italy","Expenditures","2018-12-01",-451.58284860976,1,NA,NA,NA,NA,NA,NA,2018-12-01,3694.985517027,"Total expenditures accrual",NA,"OK",NA
"factor_midas","Italy","Expenditures","2018-12-06",-409.281838916758,1,NA,NA,NA,NA,NA,NA,2018-12-01,3694.985517027,"Total expenditures accrual",NA,"OK",NA
"factor_midas","Italy","Expenditures","2018-12-15",577.686906912911,1,NA,NA,NA,NA,NA,NA,2018-12-01,470.334108034993,"Total expenditures accrual",NA,"OK",NA
"factor_midas","Italy","Expenditures","2018-12-25",550.07780775826,1,NA,NA,NA,NA,NA,NA,2018-12-01,470.334108034993,"Total expenditures accrual",NA,"OK",NA
"factor_midas","Italy","Expenditures","2018-12-27",496.69929846608,1,NA,NA,NA,NA,NA,NA,2018-12-01,470.334108034993,"Total expenditures accrual",NA,"OK",NA
"factor_midas","Italy","Expenditures","2019-01-01",540.009352828137,1,NA,NA,NA,NA,NA,NA,2019-01-01,470.334108034993,"Total expenditures accrual",NA,"OK",NA
"factor_midas","Italy","Expenditures","2019-01-02",557.703020808573,1,NA,NA,NA,NA,NA,NA,2019-01-01,470.334108034993,"Total expenditures accrual",NA,"OK",NA
"factor_midas","Italy","Expenditures","2019-01-15",555.097659661199,1,NA,NA,NA,NA,NA,NA,2019-01-01,470.334108034993,"Total expenditures accrual",NA,"OK",NA
"factor_midas","Italy","Expenditures","2019-01-25",598.226977509069,1,NA,NA,NA,NA,NA,NA,2019-01-01,470.334108034993,"Total expenditures accrual",NA,"OK",NA
"factor_midas","Italy","Expenditures","2019-01-27",649.724521411737,1,NA,NA,NA,NA,NA,NA,2019-01-01,470.334108034993,"Total expenditures accrual",NA,"OK",NA
"factor_midas","Italy","Expenditures","2019-02-01",345.652338122806,1,NA,NA,NA,NA,NA,NA,2019-02-01,470.334108034993,"Total expenditures accrual",NA,"OK",NA
"factor_midas","Italy","Expenditures","2019-02-05",466.994683943336,1,NA,NA,NA,NA,NA,NA,2019-02-01,470.334108034993,"Total expenditures accrual",NA,"OK",NA
"factor_midas","Italy","Expenditures","2019-02-15",867.284647820219,1,NA,NA,NA,NA,NA,NA,2019-02-01,470.334108034993,"Total expenditures accrual",NA,"OK",NA
"factor_midas","Italy","Expenditures","2019-02-25",985.01153604887,1,NA,NA,NA,NA,NA,NA,2019-02-01,470.334108034993,"Total expenditures accrual",NA,"OK",NA
"factor_midas","Italy","Expenditures","2019-02-27",802.377250974673,1,NA,NA,NA,NA,NA,NA,2019-02-01,470.334108034993,"Total expenditures accrual",NA,"OK",NA
"factor_midas","Italy","Expenditures","2019-03-01",644.059274325628,1,NA,NA,NA,NA,NA,NA,2019-03-01,470.334108034993,"Total expenditures accrual",NA,"OK",NA
"factor_midas","Italy","Expenditures","2019-03-05",651.316196972416,1,NA,NA,NA,NA,NA,NA,2019-03-01,470.334108034993,"Total expenditures accrual",NA,"OK",NA
"factor_midas","Italy","Expenditures","2019-03-15",166.171451244876,1,NA,NA,NA,NA,NA,NA,2019-03-01,1496.76010399801,"Total expenditures accrual",NA,"OK",NA
"factor_midas","Italy","Expenditures","2019-03-25",140.847868333319,1,NA,NA,NA,NA,NA,NA,2019-03-01,1496.76010399801,"Total expenditures accrual",NA,"OK",NA
"factor_midas","Italy","Expenditures","2019-03-27",112.778517635709,1,NA,NA,NA,NA,NA,NA,2019-03-01,1496.76010399801,"Total expenditures accrual",NA,"OK",NA
"factor_midas","Italy","Expenditures","2019-04-01",153.804589168204,1,NA,NA,NA,NA,NA,NA,2019-04-01,1496.76010399801,"Total expenditures accrual",NA,"OK",NA
"factor_midas","Italy","Expenditures","2019-04-15",183.614644594256,1,NA,NA,NA,NA,NA,NA,2019-04-01,1496.76010399801,"Total expenditures accrual",NA,"OK",NA
"factor_midas","Italy","Expenditures","2019-04-25",183.68588850643,1,NA,NA,NA,NA,NA,NA,2019-04-01,1496.76010399801,"Total expenditures accrual",NA,"OK",NA
"factor_midas","Italy","Expenditures","2019-04-27",168.739318743338,1,NA,NA,NA,NA,NA,NA,2019-04-01,1496.76010399801,"Total expenditures accrual",NA,"OK",NA
"factor_midas","Italy","Expenditures","2019-05-01",292.199397213087,1,NA,NA,NA,NA,NA,NA,2019-05-01,1496.76010399801,"Total expenditures accrual",NA,"OK",NA
"factor_midas","Italy","Expenditures","2019-05-03",381.087281529115,1,NA,NA,NA,NA,NA,NA,2019-05-01,1496.76010399801,"Total expenditures accrual",NA,"OK",NA
"factor_midas","Italy","Expenditures","2019-05-15",59.5956648953044,1,NA,NA,NA,NA,NA,NA,2019-05-01,1496.76010399801,"Total expenditures accrual",NA,"OK",NA
"factor_midas","Italy","Expenditures","2019-05-25",56.904773576395,1,NA,NA,NA,NA,NA,NA,2019-05-01,1496.76010399801,"Total expenditures accrual",NA,"OK",NA
"factor_midas","Italy","Expenditures","2019-05-27",-176.827550173751,1,NA,NA,NA,NA,NA,NA,2019-05-01,1496.76010399801,"Total expenditures accrual",NA,"OK",NA
"factor_midas","Italy","Expenditures","2019-06-01",-145.565432341769,1,NA,NA,NA,NA,NA,NA,2019-06-01,1496.76010399801,"Total expenditures accrual",NA,"OK",NA
"factor_midas","Italy","Expenditures","2019-06-06",-271.98428782112,1,NA,NA,NA,NA,NA,NA,2019-06-01,1496.76010399801,"Total expenditures accrual",NA,"OK",NA
"factor_midas","Italy","Expenditures","2019-06-15",1596.52061223828,1,NA,NA,NA,NA,NA,NA,2019-06-01,-1159.070995496,"Total expenditures accrual",NA,"OK",NA
"factor_midas","Italy","Expenditures","2019-06-25",1597.18372192126,1,NA,NA,NA,NA,NA,NA,2019-06-01,-1159.070995496,"Total expenditures accrual",NA,"OK",NA
"factor_midas","Italy","Expenditures","2019-06-27",1599.07363279664,1,NA,NA,NA,NA,NA,NA,2019-06-01,-1159.070995496,"Total expenditures accrual",NA,"OK",NA
"factor_midas","Italy","Expenditures","2019-07-01",1601.58693182827,1,NA,NA,NA,NA,NA,NA,2019-07-01,-1159.070995496,"Total expenditures accrual",NA,"OK",NA
"factor_midas","Italy","Expenditures","2019-07-15",1591.94610316389,1,NA,NA,NA,NA,NA,NA,2019-07-01,-1159.070995496,"Total expenditures accrual",NA,"OK",NA
"factor_midas","Italy","Expenditures","2019-07-25",1591.25222205657,1,NA,NA,NA,NA,NA,NA,2019-07-01,-1159.070995496,"Total expenditures accrual",NA,"OK",NA
"factor_midas","Italy","Expenditures","2019-07-27",1577.75819273359,1,NA,NA,NA,NA,NA,NA,2019-07-01,-1159.070995496,"Total expenditures accrual",NA,"OK",NA
"factor_midas","Italy","Expenditures","2019-08-01",1273.30932109076,1,NA,NA,NA,NA,NA,NA,2019-08-01,-1159.070995496,"Total expenditures accrual",NA,"OK",NA
"factor_midas","Italy","Expenditures","2019-08-04",1548.68437381612,1,NA,NA,NA,NA,NA,NA,2019-08-01,-1159.070995496,"Total expenditures accrual",NA,"OK",NA
"factor_midas","Italy","Expenditures","2019-08-15",1240.34774271806,1,NA,NA,NA,NA,NA,NA,2019-08-01,-1159.070995496,"Total expenditures accrual",NA,"OK",NA
"factor_midas","Italy","Expenditures","2019-08-25",1243.15477558252,1,NA,NA,NA,NA,NA,NA,2019-08-01,-1159.070995496,"Total expenditures accrual",NA,"OK",NA
"factor_midas","Italy","Expenditures","2019-08-27",1006.10700205907,1,NA,NA,NA,NA,NA,NA,2019-08-01,-1159.070995496,"Total expenditures accrual",NA,"OK",NA
"factor_midas","Italy","Expenditures","2019-09-01",1134.78677961968,1,NA,NA,NA,NA,NA,NA,2019-09-01,-1159.070995496,"Total expenditures accrual",NA,"OK",NA
"factor_midas","Italy","Expenditures","2019-09-07",1077.41395864089,1,NA,NA,NA,NA,NA,NA,2019-09-01,-1159.070995496,"Total expenditures accrual",NA,"OK",NA
"factor_midas","Italy","Expenditures","2019-09-15",-725.041953412786,1,NA,NA,NA,NA,NA,NA,2019-09-01,2399.65064349599,"Total expenditures accrual",NA,"OK",NA
"factor_midas","Italy","Expenditures","2019-09-25",-725.335487269491,1,NA,NA,NA,NA,NA,NA,2019-09-01,2399.65064349599,"Total expenditures accrual",NA,"OK",NA
"factor_midas","Italy","Expenditures","2019-09-27",-764.879522987307,1,NA,NA,NA,NA,NA,NA,2019-09-01,2399.65064349599,"Total expenditures accrual",NA,"OK",NA
"factor_midas","Italy","Expenditures","2019-10-01",-698.916102579865,1,NA,NA,NA,NA,NA,NA,2019-10-01,2399.65064349599,"Total expenditures accrual",NA,"OK",NA
"factor_midas","Italy","Expenditures","2019-10-02",-707.098410022786,1,NA,NA,NA,NA,NA,NA,2019-10-01,2399.65064349599,"Total expenditures accrual",NA,"OK",NA
"factor_midas","Italy","Expenditures","2019-10-15",-759.988403354391,1,NA,NA,NA,NA,NA,NA,2019-10-01,2399.65064349599,"Total expenditures accrual",NA,"OK",NA
"factor_midas","Italy","Expenditures","2019-10-25",-760.306788242537,1,NA,NA,NA,NA,NA,NA,2019-10-01,2399.65064349599,"Total expenditures accrual",NA,"OK",NA
"factor_midas","Italy","Expenditures","2019-10-27",-693.553424097378,1,NA,NA,NA,NA,NA,NA,2019-10-01,2399.65064349599,"Total expenditures accrual",NA,"OK",NA
"factor_midas","Italy","Expenditures","2019-11-01",-741.711204069715,1,NA,NA,NA,NA,NA,NA,2019-11-01,2399.65064349599,"Total expenditures accrual",NA,"OK",NA
"factor_midas","Italy","Expenditures","2019-11-05",-691.636062713622,1,NA,NA,NA,NA,NA,NA,2019-11-01,2399.65064349599,"Total expenditures accrual",NA,"OK",NA
"factor_midas","Italy","Expenditures","2019-11-15",-1340.11412646047,1,NA,NA,NA,NA,NA,NA,2019-11-01,2399.65064349599,"Total expenditures accrual",NA,"OK",NA
"factor_midas","Italy","Expenditures","2019-11-25",-1348.06798374318,1,NA,NA,NA,NA,NA,NA,2019-11-01,2399.65064349599,"Total expenditures accrual",NA,"OK",NA
"factor_midas","Italy","Expenditures","2019-11-27",-1125.40217727061,1,NA,NA,NA,NA,NA,NA,2019-11-01,2399.65064349599,"Total expenditures accrual",NA,"OK",NA
"factor_midas","Italy","Expenditures","2019-12-01",-1034.85924240181,1,NA,NA,NA,NA,NA,NA,2019-12-01,2399.65064349599,"Total expenditures accrual",NA,"OK",NA
"factor_midas","Italy","Expenditures","2019-12-07",-1053.64177278914,1,NA,NA,NA,NA,NA,NA,2019-12-01,2399.65064349599,"Total expenditures accrual",NA,"OK",NA
"factor_midas","Italy","Expenditures","2019-12-15",890.123171251856,1,NA,NA,NA,NA,NA,NA,2019-12-01,57.4536415770126,"Total expenditures accrual",NA,"OK",NA
"factor_midas","Italy","Expenditures","2019-12-25",890.416131912415,1,NA,NA,NA,NA,NA,NA,2019-12-01,57.4536415770126,"Total expenditures accrual",NA,"OK",NA
"factor_midas","Italy","Expenditures","2019-12-27",877.010571829491,1,NA,NA,NA,NA,NA,NA,2019-12-01,57.4536415770126,"Total expenditures accrual",NA,"OK",NA
"factor_midas","Italy","Expenditures","2020-01-01",902.965831754481,1,NA,NA,NA,NA,NA,NA,2020-01-01,57.4536415770126,"Total expenditures accrual",NA,"OK",NA
"factor_midas","Italy","Expenditures","2020-01-03",927.151045243909,1,NA,NA,NA,NA,NA,NA,2020-01-01,57.4536415770126,"Total expenditures accrual",NA,"OK",NA
"factor_midas","Italy","Expenditures","2020-01-15",941.478910292794,1,NA,NA,NA,NA,NA,NA,2020-01-01,57.4536415770126,"Total expenditures accrual",NA,"OK",NA
"factor_midas","Italy","Expenditures","2020-01-25",943.012275561811,1,NA,NA,NA,NA,NA,NA,2020-01-01,57.4536415770126,"Total expenditures accrual",NA,"OK",NA
"factor_midas","Italy","Expenditures","2020-01-27",940.0002962566,1,NA,NA,NA,NA,NA,NA,2020-01-01,57.4536415770126,"Total expenditures accrual",NA,"OK",NA
"factor_midas","Italy","Expenditures","2020-02-01",1114.80362426834,1,NA,NA,NA,NA,NA,NA,2020-02-01,57.4536415770126,"Total expenditures accrual",NA,"OK",NA
"factor_midas","Italy","Expenditures","2020-02-06",779.191601006864,1,NA,NA,NA,NA,NA,NA,2020-02-01,57.4536415770126,"Total expenditures accrual",NA,"OK",NA
"factor_midas","Italy","Expenditures","2020-02-15",421.306204000037,1,NA,NA,NA,NA,NA,NA,2020-02-01,57.4536415770126,"Total expenditures accrual",NA,"OK",NA
"factor_midas","Italy","Expenditures","2020-02-25",359.509775678264,1,NA,NA,NA,NA,NA,NA,2020-02-01,57.4536415770126,"Total expenditures accrual",NA,"OK",NA
"factor_midas","Italy","Expenditures","2020-02-27",476.591801359581,1,NA,NA,NA,NA,NA,NA,2020-02-01,57.4536415770126,"Total expenditures accrual",NA,"OK",NA
"factor_midas","Italy","Expenditures","2020-03-01",-592.382100445262,1,NA,NA,NA,NA,NA,NA,2020-03-01,57.4536415770126,"Total expenditures accrual",NA,"OK",NA
"factor_midas","Italy","Expenditures","2020-03-07",2401.87524207132,1,NA,NA,NA,NA,NA,NA,2020-03-01,57.4536415770126,"Total expenditures accrual",NA,"OK",NA
"factor_midas","Italy","Expenditures","2020-03-15",-3326.63788039423,1,NA,NA,NA,NA,NA,NA,2020-03-01,7566.113887466,"Total expenditures accrual",NA,"OK",NA
"factor_midas","Italy","Expenditures","2020-03-25",-3877.26863102228,1,NA,NA,NA,NA,NA,NA,2020-03-01,7566.113887466,"Total expenditures accrual",NA,"OK",NA
"factor_midas","Italy","Expenditures","2020-03-27",-3716.07069660353,1,NA,NA,NA,NA,NA,NA,2020-03-01,7566.113887466,"Total expenditures accrual",NA,"OK",NA
"factor_midas","Italy","Expenditures","2020-04-01",-3614.20022588264,1,NA,NA,NA,NA,NA,NA,2020-04-01,7566.113887466,"Total expenditures accrual",NA,"OK",NA
"factor_midas","Italy","Expenditures","2020-04-03",-3603.75182639284,1,NA,NA,NA,NA,NA,NA,2020-04-01,7566.113887466,"Total expenditures accrual",NA,"OK",NA
"factor_midas","Italy","Expenditures","2020-04-15",-2523.29344017357,1,NA,NA,NA,NA,NA,NA,2020-04-01,7566.113887466,"Total expenditures accrual",NA,"OK",NA
"factor_midas","Italy","Expenditures","2020-04-25",-2467.01687296024,1,NA,NA,NA,NA,NA,NA,2020-04-01,7566.113887466,"Total expenditures accrual",NA,"OK",NA
"factor_midas","Italy","Expenditures","2020-04-27",-1246.45755085993,1,NA,NA,NA,NA,NA,NA,2020-04-01,7566.113887466,"Total expenditures accrual",NA,"OK",NA
"factor_midas","Italy","Expenditures","2020-05-01",714.960449169199,1,NA,NA,NA,NA,NA,NA,2020-05-01,7566.113887466,"Total expenditures accrual",NA,"OK",NA
"factor_midas","Italy","Expenditures","2020-05-05",-3149.80465470128,1,NA,NA,NA,NA,NA,NA,2020-05-01,7566.113887466,"Total expenditures accrual",NA,"OK",NA
"factor_midas","Italy","Expenditures","2020-05-15",-382.615175229176,1,NA,NA,NA,NA,NA,NA,2020-05-01,7566.113887466,"Total expenditures accrual",NA,"OK",NA
"factor_midas","Italy","Expenditures","2020-05-25",-357.551492129908,1,NA,NA,NA,NA,NA,NA,2020-05-01,7566.113887466,"Total expenditures accrual",NA,"OK",NA
"factor_midas","Italy","Expenditures","2020-05-27",-2809.19624927763,1,NA,NA,NA,NA,NA,NA,2020-05-01,7566.113887466,"Total expenditures accrual",NA,"OK",NA
"factor_midas","Italy","Expenditures","2020-06-01",-2387.31430682679,1,NA,NA,NA,NA,NA,NA,2020-06-01,7566.113887466,"Total expenditures accrual",NA,"OK",NA
"factor_midas","Italy","Expenditures","2020-06-15",4755.03794088663,1,NA,NA,NA,NA,NA,NA,2020-06-01,10879.199557993,"Total expenditures accrual",NA,"OK",NA
"factor_midas","Italy","Expenditures","2020-06-25",4752.1306681866,1,NA,NA,NA,NA,NA,NA,2020-06-01,10879.199557993,"Total expenditures accrual",NA,"OK",NA
"factor_midas","Italy","Expenditures","2020-06-27",3703.16064629469,1,NA,NA,NA,NA,NA,NA,2020-06-01,10879.199557993,"Total expenditures accrual",NA,"OK",NA
"factor_midas","Italy","Expenditures","2020-07-01",700.455690288338,2,NA,NA,NA,NA,NA,NA,2020-07-01,10879.199557993,"Total expenditures accrual",NA,"OK",NA
"factor_midas","Italy","Expenditures","2020-07-03",1013.90677962701,2,NA,NA,NA,NA,NA,NA,2020-07-01,10879.199557993,"Total expenditures accrual",NA,"OK",NA
"factor_midas","Italy","Expenditures","2020-07-15",2311.78978922004,2,NA,NA,NA,NA,NA,NA,2020-07-01,10879.199557993,"Total expenditures accrual",NA,"OK",NA
"factor_midas","Italy","Expenditures","2020-07-25",2334.23901332143,2,NA,NA,NA,NA,NA,NA,2020-07-01,10879.199557993,"Total expenditures accrual",NA,"OK",NA
"factor_midas","Italy","Expenditures","2020-07-27",3039.1468808952,2,NA,NA,NA,NA,NA,NA,2020-07-01,10879.199557993,"Total expenditures accrual",NA,"OK",NA
"factor_midas","Italy","Expenditures","2020-08-01",10900.3109030261,4,NA,NA,NA,NA,NA,NA,2020-08-01,10879.199557993,"Total expenditures accrual",NA,"OK",NA
"factor_midas","Italy","Expenditures","2020-08-06",10658.6133034011,4,NA,NA,NA,NA,NA,NA,2020-08-01,10879.199557993,"Total expenditures accrual",NA,"OK",NA
"factor_midas","Italy","Expenditures","2020-08-15",-2137.66426530287,2,NA,NA,NA,NA,NA,NA,2020-08-01,10879.199557993,"Total expenditures accrual",NA,"OK",NA
"factor_midas","Italy","Expenditures","2020-08-25",-2222.99356914433,2,NA,NA,NA,NA,NA,NA,2020-08-01,10879.199557993,"Total expenditures accrual",NA,"OK",NA
"factor_midas","Italy","Expenditures","2020-08-27",-10298.229498035,2,NA,NA,NA,NA,NA,NA,2020-08-01,10879.199557993,"Total expenditures accrual",NA,"OK",NA
"factor_midas","Italy","Expenditures","2020-09-01",-9048.14178859501,2,NA,NA,NA,NA,NA,NA,2020-09-01,10879.199557993,"Total expenditures accrual",NA,"OK",NA
"factor_midas","Italy","Expenditures","2020-09-02",-8998.7876610734,2,NA,NA,NA,NA,NA,NA,2020-09-01,10879.199557993,"Total expenditures accrual",NA,"OK",NA
"factor_midas","Italy","Expenditures","2020-09-15",-7987.8273695654,2,NA,NA,NA,NA,NA,NA,2020-09-01,3047.62859534699,"Total expenditures accrual",NA,"OK",NA
"factor_midas","Italy","Expenditures","2020-09-25",-8004.14305468897,2,NA,NA,NA,NA,NA,NA,2020-09-01,3047.62859534699,"Total expenditures accrual",NA,"OK",NA
"factor_midas","Italy","Expenditures","2020-09-27",-7469.03516420469,2,NA,NA,NA,NA,NA,NA,2020-09-01,3047.62859534699,"Total expenditures accrual",NA,"OK",NA
"factor_midas","Italy","Expenditures","2020-10-01",-15370.9056558822,3,NA,NA,NA,NA,NA,NA,2020-10-01,3047.62859534699,"Total expenditures accrual",NA,"OK",NA
"factor_midas","Italy","Expenditures","2020-10-04",-15493.5547896745,3,NA,NA,NA,NA,NA,NA,2020-10-01,3047.62859534699,"Total expenditures accrual",NA,"OK",NA
"factor_midas","Italy","Expenditures","2020-10-15",-15254.6632372147,3,NA,NA,NA,NA,NA,NA,2020-10-01,3047.62859534699,"Total expenditures accrual",NA,"OK",NA
"factor_midas","Italy","Expenditures","2020-10-25",-15393.1562071883,3,NA,NA,NA,NA,NA,NA,2020-10-01,3047.62859534699,"Total expenditures accrual",NA,"OK",NA
"factor_midas","Italy","Expenditures","2020-10-27",-9072.92522645478,2,NA,NA,NA,NA,NA,NA,2020-10-01,3047.62859534699,"Total expenditures accrual",NA,"OK",NA
"factor_midas","Italy","Expenditures","2020-11-01",-9926.25613284885,2,NA,NA,NA,NA,NA,NA,2020-11-01,3047.62859534699,"Total expenditures accrual",NA,"OK",NA
"factor_midas","Italy","Expenditures","2020-11-07",-6980.4206215287,2,NA,NA,NA,NA,NA,NA,2020-11-01,3047.62859534699,"Total expenditures accrual",NA,"OK",NA
"factor_midas","Italy","Expenditures","2020-11-15",-8538.38374708019,2,NA,NA,NA,NA,NA,NA,2020-11-01,3047.62859534699,"Total expenditures accrual",NA,"OK",NA
"factor_midas","Italy","Expenditures","2020-11-25",-8490.86765056101,2,NA,NA,NA,NA,NA,NA,2020-11-01,3047.62859534699,"Total expenditures accrual",NA,"OK",NA
"factor_midas","Italy","Expenditures","2020-11-27",-7426.98488780744,2,NA,NA,NA,NA,NA,NA,2020-11-01,3047.62859534699,"Total expenditures accrual",NA,"OK",NA
"factor_midas","Italy","Expenditures","2020-12-01",-7795.88369629983,2,NA,NA,NA,NA,NA,NA,2020-12-01,3047.62859534699,"Total expenditures accrual",NA,"OK",NA
"factor_midas","Italy","Expenditures","2020-12-02",-7829.89805334139,2,NA,NA,NA,NA,NA,NA,2020-12-01,3047.62859534699,"Total expenditures accrual",NA,"OK",NA
"factor_midas","Italy","Expenditures","2020-12-15",1395.01863773112,2,NA,NA,NA,NA,NA,NA,2020-12-01,1306.38700414801,"Total expenditures accrual",NA,"OK",NA
"factor_midas","Italy","Expenditures","2020-12-25",1424.07637617557,2,NA,NA,NA,NA,NA,NA,2020-12-01,1306.38700414801,"Total expenditures accrual",NA,"OK",NA
"factor_midas","Italy","Expenditures","2020-12-27",1218.28394805742,2,NA,NA,NA,NA,NA,NA,2020-12-01,1306.38700414801,"Total expenditures accrual",NA,"OK",NA
"factor_midas","Italy","Expenditures","2021-01-01",1191.28639278413,2,NA,NA,NA,NA,NA,NA,2021-01-01,1306.38700414801,"Total expenditures accrual",NA,"OK",NA
"factor_midas","Italy","Expenditures","2021-01-05",1320.04154980347,2,NA,NA,NA,NA,NA,NA,2021-01-01,1306.38700414801,"Total expenditures accrual",NA,"OK",NA
"factor_midas","Italy","Expenditures","2021-01-15",1695.69392355401,2,NA,NA,NA,NA,NA,NA,2021-01-01,1306.38700414801,"Total expenditures accrual",NA,"OK",NA
"factor_midas","Italy","Expenditures","2021-01-25",1639.20371775748,2,NA,NA,NA,NA,NA,NA,2021-01-01,1306.38700414801,"Total expenditures accrual",NA,"OK",NA
"factor_midas","Italy","Expenditures","2021-01-27",1027.40436624259,1,NA,NA,NA,NA,NA,NA,2021-01-01,1306.38700414801,"Total expenditures accrual",NA,"OK",NA
"factor_midas","Italy","Expenditures","2021-02-01",782.192920886611,1,NA,NA,NA,NA,NA,NA,2021-02-01,1306.38700414801,"Total expenditures accrual",NA,"OK",NA
"factor_midas","Italy","Expenditures","2021-02-15",1114.42730865328,1,NA,NA,NA,NA,NA,NA,2021-02-01,1306.38700414801,"Total expenditures accrual",NA,"OK",NA
"factor_midas","Italy","Expenditures","2021-02-25",1117.43782158445,1,NA,NA,NA,NA,NA,NA,2021-02-01,1306.38700414801,"Total expenditures accrual",NA,"OK",NA
"factor_midas","Italy","Expenditures","2021-02-27",1276.52001039136,1,NA,NA,NA,NA,NA,NA,2021-02-01,1306.38700414801,"Total expenditures accrual",NA,"OK",NA
"factor_midas","Italy","Expenditures","2021-03-01",1296.5814992006,1,NA,NA,NA,NA,NA,NA,2021-03-01,1306.38700414801,"Total expenditures accrual",NA,"OK",NA
"factor_midas","Italy","Expenditures","2021-03-15",-2074.09781245681,1,NA,NA,NA,NA,NA,NA,2021-03-01,11114.726269801,"Total expenditures accrual",NA,"OK",NA
"factor_midas","Italy","Expenditures","2021-03-25",-2064.98891325649,1,NA,NA,NA,NA,NA,NA,2021-03-01,11114.726269801,"Total expenditures accrual",NA,"OK",NA
"factor_midas","Italy","Expenditures","2021-03-27",-1902.89546242747,1,NA,NA,NA,NA,NA,NA,2021-03-01,11114.726269801,"Total expenditures accrual",NA,"OK",NA
"factor_midas","Italy","Expenditures","2021-04-01",-1892.59259231868,1,NA,NA,NA,NA,NA,NA,2021-04-01,11114.726269801,"Total expenditures accrual",NA,"OK",NA
"factor_midas","Italy","Expenditures","2021-04-04",-1944.53886098589,1,NA,NA,NA,NA,NA,NA,2021-04-01,11114.726269801,"Total expenditures accrual",NA,"OK",NA
"factor_midas","Italy","Expenditures","2021-04-15",-2014.33765730995,1,NA,NA,NA,NA,NA,NA,2021-04-01,11114.726269801,"Total expenditures accrual",NA,"OK",NA
"factor_midas","Italy","Expenditures","2021-04-25",-2021.38298846685,1,NA,NA,NA,NA,NA,NA,2021-04-01,11114.726269801,"Total expenditures accrual",NA,"OK",NA
"factor_midas","Italy","Expenditures","2021-04-27",-2108.21958483147,1,NA,NA,NA,NA,NA,NA,2021-04-01,11114.726269801,"Total expenditures accrual",NA,"OK",NA
"factor_midas","Italy","Expenditures","2021-05-01",-2115.17909093673,1,NA,NA,NA,NA,NA,NA,2021-05-01,11114.726269801,"Total expenditures accrual",NA,"OK",NA
"factor_midas","Italy","Expenditures","2021-05-06",-1321.40221621102,2,NA,NA,NA,NA,NA,NA,2021-05-01,11114.726269801,"Total expenditures accrual",NA,"OK",NA
"factor_midas","Italy","Expenditures","2021-05-15",-2556.03860703945,2,NA,NA,NA,NA,NA,NA,2021-05-01,11114.726269801,"Total expenditures accrual",NA,"OK",NA
"factor_midas","Italy","Expenditures","2021-05-25",-2515.07539612205,2,NA,NA,NA,NA,NA,NA,2021-05-01,11114.726269801,"Total expenditures accrual",NA,"OK",NA
"factor_midas","Italy","Expenditures","2021-05-27",-3618.56788819689,1,NA,NA,NA,NA,NA,NA,2021-05-01,11114.726269801,"Total expenditures accrual",NA,"OK",NA
"factor_midas","Italy","Expenditures","2021-06-01",-3521.79662815913,1,NA,NA,NA,NA,NA,NA,2021-06-01,11114.726269801,"Total expenditures accrual",NA,"OK",NA
"factor_midas","Italy","Expenditures","2021-06-02",-3581.87437643397,1,NA,NA,NA,NA,NA,NA,2021-06-01,11114.726269801,"Total expenditures accrual",NA,"OK",NA
"factor_midas","Italy","Expenditures","2021-06-15",-2441.71927683814,1,NA,NA,NA,NA,NA,NA,2021-06-01,5348.31867697099,"Total expenditures accrual",NA,"OK",NA
"factor_midas","Italy","Expenditures","2021-06-25",-2443.27681237286,1,NA,NA,NA,NA,NA,NA,2021-06-01,5348.31867697099,"Total expenditures accrual",NA,"OK",NA
"factor_midas","Italy","Expenditures","2021-06-27",-2458.19005685796,1,NA,NA,NA,NA,NA,NA,2021-06-01,5348.31867697099,"Total expenditures accrual",NA,"OK",NA
"factor_midas","Italy","Expenditures","2021-07-01",-2454.47266130506,1,NA,NA,NA,NA,NA,NA,2021-07-01,5348.31867697099,"Total expenditures accrual",NA,"OK",NA
"factor_midas","Italy","Expenditures","2021-07-04",-2381.79242152285,1,NA,NA,NA,NA,NA,NA,2021-07-01,5348.31867697099,"Total expenditures accrual",NA,"OK",NA
"factor_midas","Italy","Expenditures","2021-07-15",-2562.06147326767,1,NA,NA,NA,NA,NA,NA,2021-07-01,5348.31867697099,"Total expenditures accrual",NA,"OK",NA
"factor_midas","Italy","Expenditures","2021-07-25",-2560.99070396229,1,NA,NA,NA,NA,NA,NA,2021-07-01,5348.31867697099,"Total expenditures accrual",NA,"OK",NA
"factor_midas","Italy","Expenditures","2021-07-27",-2664.59108785071,1,NA,NA,NA,NA,NA,NA,2021-07-01,5348.31867697099,"Total expenditures accrual",NA,"OK",NA
"factor_midas","Italy","Expenditures","2021-08-01",-2692.24123660036,1,NA,NA,NA,NA,NA,NA,2021-08-01,5348.31867697099,"Total expenditures accrual",NA,"OK",NA
"factor_midas","Italy","Expenditures","2021-08-07",-2696.68574490159,1,NA,NA,NA,NA,NA,NA,2021-08-01,5348.31867697099,"Total expenditures accrual",NA,"OK",NA
"factor_midas","Italy","Expenditures","2021-08-15",-2668.33234230607,1,NA,NA,NA,NA,NA,NA,2021-08-01,5348.31867697099,"Total expenditures accrual",NA,"OK",NA
"factor_midas","Italy","Expenditures","2021-08-25",-2652.82149140263,1,NA,NA,NA,NA,NA,NA,2021-08-01,5348.31867697099,"Total expenditures accrual",NA,"OK",NA
"factor_midas","Italy","Expenditures","2021-08-27",-2478.8666033454,1,NA,NA,NA,NA,NA,NA,2021-08-01,5348.31867697099,"Total expenditures accrual",NA,"OK",NA
"factor_midas","Italy","Expenditures","2021-09-01",-2456.07989287974,1,NA,NA,NA,NA,NA,NA,2021-09-01,5348.31867697099,"Total expenditures accrual",NA,"OK",NA
"factor_midas","Italy","Expenditures","2021-09-03",-2476.7170588062,1,NA,NA,NA,NA,NA,NA,2021-09-01,5348.31867697099,"Total expenditures accrual",NA,"OK",NA
"factor_midas","Italy","Expenditures","2021-09-15",-1251.90098268325,1,NA,NA,NA,NA,NA,NA,2021-09-01,-3010.59603244299,"Total expenditures accrual",NA,"OK",NA
"factor_midas","Italy","Expenditures","2021-09-25",-1252.21634979325,1,NA,NA,NA,NA,NA,NA,2021-09-01,-3010.59603244299,"Total expenditures accrual",NA,"OK",NA
"factor_midas","Italy","Expenditures","2021-09-27",-918.192949199077,1,NA,NA,NA,NA,NA,NA,2021-09-01,-3010.59603244299,"Total expenditures accrual",NA,"OK",NA
"factor_midas","Italy","Expenditures","2021-10-01",-960.390237821772,1,NA,NA,NA,NA,NA,NA,2021-10-01,-3010.59603244299,"Total expenditures accrual",NA,"OK",NA
"factor_midas","Italy","Expenditures","2021-10-05",-1128.24940342969,1,NA,NA,NA,NA,NA,NA,2021-10-01,-3010.59603244299,"Total expenditures accrual",NA,"OK",NA
"factor_midas","Italy","Expenditures","2021-10-15",-1203.7047842476,1,NA,NA,NA,NA,NA,NA,2021-10-01,-3010.59603244299,"Total expenditures accrual",NA,"OK",NA
"factor_midas","Italy","Expenditures","2021-10-25",-1197.66281850143,1,NA,NA,NA,NA,NA,NA,2021-10-01,-3010.59603244299,"Total expenditures accrual",NA,"OK",NA
"factor_midas","Italy","Expenditures","2021-10-27",-1714.01503519159,1,NA,NA,NA,NA,NA,NA,2021-10-01,-3010.59603244299,"Total expenditures accrual",NA,"OK",NA
"factor_midas","Italy","Expenditures","2021-11-01",-1688.32749857781,1,NA,NA,NA,NA,NA,NA,2021-11-01,-3010.59603244299,"Total expenditures accrual",NA,"OK",NA
"factor_midas","Italy","Expenditures","2021-11-15",-1795.91797467223,1,NA,NA,NA,NA,NA,NA,2021-11-01,-3010.59603244299,"Total expenditures accrual",NA,"OK",NA
"factor_midas","Italy","Expenditures","2021-11-25",-1795.26950101677,1,NA,NA,NA,NA,NA,NA,2021-11-01,-3010.59603244299,"Total expenditures accrual",NA,"OK",NA
"factor_midas","Italy","Expenditures","2021-11-27",-1757.86040991938,1,NA,NA,NA,NA,NA,NA,2021-11-01,-3010.59603244299,"Total expenditures accrual",NA,"OK",NA
"factor_midas","Italy","Expenditures","2021-12-01",-1793.79537673157,1,NA,NA,NA,NA,NA,NA,2021-12-01,-3010.59603244299,"Total expenditures accrual",NA,"OK",NA
"factor_midas","Italy","Expenditures","2021-12-03",-1817.11899607873,1,NA,NA,NA,NA,NA,NA,2021-12-01,-3010.59603244299,"Total expenditures accrual",NA,"OK",NA
"factor_midas","Italy","Expenditures","2021-12-15",-1162.5333049251,1,NA,NA,NA,NA,NA,NA,2021-12-01,8264.284822077,"Total expenditures accrual",NA,"OK",NA
"factor_midas","Italy","Expenditures","2021-12-25",-1162.39961543027,1,NA,NA,NA,NA,NA,NA,2021-12-01,8264.284822077,"Total expenditures accrual",NA,"OK",NA
"factor_midas","Italy","Expenditures","2021-12-27",-890.975649632386,1,NA,NA,NA,NA,NA,NA,2021-12-01,8264.284822077,"Total expenditures accrual",NA,"OK",NA
"factor_midas","Italy","Expenditures","2022-01-01",-1006.88522775849,1,NA,NA,NA,NA,NA,NA,2022-01-01,8264.284822077,"Total expenditures accrual",NA,"OK",NA
"factor_midas","Italy","Expenditures","2022-01-06",-927.332943309268,1,NA,NA,NA,NA,NA,NA,2022-01-01,8264.284822077,"Total expenditures accrual",NA,"OK",NA
"factor_midas","Italy","Expenditures","2022-01-15",-980.297399249858,1,NA,NA,NA,NA,NA,NA,2022-01-01,8264.284822077,"Total expenditures accrual",NA,"OK",NA
"factor_midas","Italy","Expenditures","2022-01-25",-978.344370707461,1,NA,NA,NA,NA,NA,NA,2022-01-01,8264.284822077,"Total expenditures accrual",NA,"OK",NA
"factor_midas","Italy","Expenditures","2022-01-27",-1888.46784537172,1,NA,NA,NA,NA,NA,NA,2022-01-01,8264.284822077,"Total expenditures accrual",NA,"OK",NA
"factor_midas","Italy","Expenditures","2022-02-01",-1986.73925928186,1,NA,NA,NA,NA,NA,NA,2022-02-01,8264.284822077,"Total expenditures accrual",NA,"OK",NA
"factor_midas","Italy","Expenditures","2022-02-02",-1986.5311691559,1,NA,NA,NA,NA,NA,NA,2022-02-01,8264.284822077,"Total expenditures accrual",NA,"OK",NA
"factor_midas","Italy","Expenditures","2022-02-15",-1986.52584064597,1,NA,NA,NA,NA,NA,NA,2022-02-01,8264.284822077,"Total expenditures accrual",NA,"OK",NA
"factor_midas","Italy","Expenditures","2022-02-25",-1961.3178938501,1,NA,NA,NA,NA,NA,NA,2022-02-01,8264.284822077,"Total expenditures accrual",NA,"OK",NA
"factor_midas","Italy","Expenditures","2022-02-27",-1951.84060945388,1,NA,NA,NA,NA,NA,NA,2022-02-01,8264.284822077,"Total expenditures accrual",NA,"OK",NA
"factor_midas","Italy","Expenditures","2022-03-01",-2037.01431483876,1,NA,NA,NA,NA,NA,NA,2022-03-01,8264.284822077,"Total expenditures accrual",NA,"OK",NA
"factor_midas","Italy","Expenditures","2022-03-02",-2034.79224211723,1,NA,NA,NA,NA,NA,NA,2022-03-01,8264.284822077,"Total expenditures accrual",NA,"OK",NA
"factor_midas","Italy","Expenditures","2022-03-15",-698.616257272457,1,NA,NA,NA,NA,NA,NA,2022-03-01,-327.274869468005,"Total expenditures accrual",NA,"OK",NA
"factor_midas","Italy","Expenditures","2022-03-25",-648.211818009213,1,NA,NA,NA,NA,NA,NA,2022-03-01,-327.274869468005,"Total expenditures accrual",NA,"OK",NA
"factor_midas","Italy","Expenditures","2022-03-27",-558.848233804717,1,NA,NA,NA,NA,NA,NA,2022-03-01,-327.274869468005,"Total expenditures accrual",NA,"OK",NA
"factor_midas","Italy","Expenditures","2022-04-01",-487.594882421526,1,NA,NA,NA,NA,NA,NA,2022-04-01,-327.274869468005,"Total expenditures accrual",NA,"OK",NA
"factor_midas","Italy","Expenditures","2022-04-05",-442.362705329766,1,NA,NA,NA,NA,NA,NA,2022-04-01,-327.274869468005,"Total expenditures accrual",NA,"OK",NA
"factor_midas","Italy","Expenditures","2022-04-15",-99.4220159871238,1,NA,NA,NA,NA,NA,NA,2022-04-01,-327.274869468005,"Total expenditures accrual",NA,"OK",NA
"factor_midas","Italy","Expenditures","2022-04-25",-97.1457081690066,1,NA,NA,NA,NA,NA,NA,2022-04-01,-327.274869468005,"Total expenditures accrual",NA,"OK",NA
"factor_midas","Italy","Expenditures","2022-04-27",957.101360922022,1,NA,NA,NA,NA,NA,NA,2022-04-01,-327.274869468005,"Total expenditures accrual",NA,"OK",NA
"factor_midas","Italy","Expenditures","2022-05-01",841.554371034319,1,NA,NA,NA,NA,NA,NA,2022-05-01,-327.274869468005,"Total expenditures accrual",NA,"OK",NA
"factor_midas","Italy","Expenditures","2022-05-07",840.729478533869,1,NA,NA,NA,NA,NA,NA,2022-05-01,-327.274869468005,"Total expenditures accrual",NA,"OK",NA
"factor_midas","Italy","Expenditures","2022-05-15",879.129326295414,1,NA,NA,NA,NA,NA,NA,2022-05-01,-327.274869468005,"Total expenditures accrual",NA,"OK",NA
"factor_midas","Italy","Expenditures","2022-05-25",871.877961983517,1,NA,NA,NA,NA,NA,NA,2022-05-01,-327.274869468005,"Total expenditures accrual",NA,"OK",NA
"factor_midas","Italy","Expenditures","2022-05-27",822.227233680311,1,NA,NA,NA,NA,NA,NA,2022-05-01,-327.274869468005,"Total expenditures accrual",NA,"OK",NA
"factor_midas","Italy","Expenditures","2022-06-01",497.99806561662,1,NA,NA,NA,NA,NA,NA,2022-06-01,-327.274869468005,"Total expenditures accrual",NA,"OK",NA
"factor_midas","Italy","Expenditures","2022-06-03",661.939164630579,1,NA,NA,NA,NA,NA,NA,2022-06-01,-327.274869468005,"Total expenditures accrual",NA,"OK",NA
"factor_midas","Italy","Expenditures","2022-06-15",-1376.86679368501,1,NA,NA,NA,NA,NA,NA,2022-06-01,4179.768984636,"Total expenditures accrual",NA,"OK",NA
"factor_midas","Italy","Expenditures","2022-06-25",-1373.40560515209,1,NA,NA,NA,NA,NA,NA,2022-06-01,4179.768984636,"Total expenditures accrual",NA,"OK",NA
"factor_midas","Italy","Expenditures","2022-06-27",-1528.42909155865,1,NA,NA,NA,NA,NA,NA,2022-06-01,4179.768984636,"Total expenditures accrual",NA,"OK",NA
"factor_midas","Italy","Expenditures","2022-07-01",-925.213678589979,1,NA,NA,NA,NA,NA,NA,2022-07-01,4179.768984636,"Total expenditures accrual",NA,"OK",NA
"factor_midas","Italy","Expenditures","2022-07-05",-951.181633735514,1,NA,NA,NA,NA,NA,NA,2022-07-01,4179.768984636,"Total expenditures accrual",NA,"OK",NA
"factor_midas","Italy","Expenditures","2022-07-15",-1020.21299686904,1,NA,NA,NA,NA,NA,NA,2022-07-01,4179.768984636,"Total expenditures accrual",NA,"OK",NA
"factor_midas","Italy","Expenditures","2022-07-25",-1019.93691811738,1,NA,NA,NA,NA,NA,NA,2022-07-01,4179.768984636,"Total expenditures accrual",NA,"OK",NA
"factor_midas","Italy","Expenditures","2022-07-27",-399.598206067134,1,NA,NA,NA,NA,NA,NA,2022-07-01,4179.768984636,"Total expenditures accrual",NA,"OK",NA
"factor_midas","Italy","Expenditures","2022-08-01",-461.610142046561,1,NA,NA,NA,NA,NA,NA,2022-08-01,4179.768984636,"Total expenditures accrual",NA,"OK",NA
"factor_midas","Italy","Expenditures","2022-08-15",-408.853800416532,1,NA,NA,NA,NA,NA,NA,2022-08-01,4179.768984636,"Total expenditures accrual",NA,"OK",NA
"factor_midas","Italy","Expenditures","2022-08-25",-414.612708002097,1,NA,NA,NA,NA,NA,NA,2022-08-01,4179.768984636,"Total expenditures accrual",NA,"OK",NA
"factor_midas","Italy","Expenditures","2022-08-27",-234.945460635334,1,NA,NA,NA,NA,NA,NA,2022-08-01,4179.768984636,"Total expenditures accrual",NA,"OK",NA
"factor_midas","Italy","Expenditures","2022-09-01",-697.963376361889,1,NA,NA,NA,NA,NA,NA,2022-09-01,4179.768984636,"Total expenditures accrual",NA,"OK",NA
"factor_midas","Italy","Expenditures","2022-09-04",-689.092044722276,1,NA,NA,NA,NA,NA,NA,2022-09-01,4179.768984636,"Total expenditures accrual",NA,"OK",NA
"factor_midas","Italy","Expenditures","2022-09-15",935.236998194009,1,NA,NA,NA,NA,NA,NA,2022-09-01,14801.986847293,"Total expenditures accrual",NA,"OK",NA
"factor_midas","Italy","Expenditures","2022-09-25",935.359768441385,1,NA,NA,NA,NA,NA,NA,2022-09-01,14801.986847293,"Total expenditures accrual",NA,"OK",NA
"factor_midas","Italy","Expenditures","2022-09-27",1113.65414857156,1,NA,NA,NA,NA,NA,NA,2022-09-01,14801.986847293,"Total expenditures accrual",NA,"OK",NA
"factor_midas","Italy","Expenditures","2022-10-01",1246.18503980684,1,NA,NA,NA,NA,NA,NA,2022-10-01,14801.986847293,"Total expenditures accrual",NA,"OK",NA
"factor_midas","Italy","Expenditures","2022-10-06",1273.9148444005,1,NA,NA,NA,NA,NA,NA,2022-10-01,14801.986847293,"Total expenditures accrual",NA,"OK",NA
"factor_midas","Italy","Expenditures","2022-10-15",1027.07680313956,1,NA,NA,NA,NA,NA,NA,2022-10-01,14801.986847293,"Total expenditures accrual",NA,"OK",NA
"factor_midas","Italy","Expenditures","2022-10-25",1024.29001305897,1,NA,NA,NA,NA,NA,NA,2022-10-01,14801.986847293,"Total expenditures accrual",NA,"OK",NA
"factor_midas","Italy","Expenditures","2022-10-27",-274.935934365998,1,NA,NA,NA,NA,NA,NA,2022-10-01,14801.986847293,"Total expenditures accrual",NA,"OK",NA
"factor_midas","Italy","Expenditures","2022-11-01",-274.677863041987,1,NA,NA,NA,NA,NA,NA,2022-11-01,14801.986847293,"Total expenditures accrual",NA,"OK",NA
"factor_midas","Italy","Expenditures","2022-11-02",-283.97319812293,1,NA,NA,NA,NA,NA,NA,2022-11-01,14801.986847293,"Total expenditures accrual",NA,"OK",NA
"factor_midas","Italy","Expenditures","2022-11-15",-363.853110439822,1,NA,NA,NA,NA,NA,NA,2022-11-01,14801.986847293,"Total expenditures accrual",NA,"OK",NA
"factor_midas","Italy","Expenditures","2022-11-25",-371.025042039678,1,NA,NA,NA,NA,NA,NA,2022-11-01,14801.986847293,"Total expenditures accrual",NA,"OK",NA
"factor_midas","Italy","Expenditures","2022-11-27",-1477.27246527573,1,NA,NA,NA,NA,NA,NA,2022-11-01,14801.986847293,"Total expenditures accrual",NA,"OK",NA
"factor_midas","Italy","Expenditures","2022-12-01",-1531.25125506297,1,NA,NA,NA,NA,NA,NA,2022-12-01,14801.986847293,"Total expenditures accrual",NA,"OK",NA
"factor_midas","Italy","Expenditures","2022-12-04",-1512.17184542962,1,NA,NA,NA,NA,NA,NA,2022-12-01,14801.986847293,"Total expenditures accrual",NA,"OK",NA
"factor_midas","Italy","Expenditures","2022-12-15",1137.16277153434,1,NA,NA,NA,NA,NA,NA,2022-12-01,434.600859738013,"Total expenditures accrual",NA,"OK",NA
"factor_midas","Italy","Expenditures","2022-12-25",1138.29404328365,1,NA,NA,NA,NA,NA,NA,2022-12-01,434.600859738013,"Total expenditures accrual",NA,"OK",NA
"factor_midas","Italy","Expenditures","2022-12-27",1315.31671307971,1,NA,NA,NA,NA,NA,NA,2022-12-01,434.600859738013,"Total expenditures accrual",NA,"OK",NA
"factor_midas","Italy","Expenditures","2023-01-01",1332.27083810801,1,NA,NA,NA,NA,NA,NA,2023-01-01,434.600859738013,"Total expenditures accrual",NA,"OK",NA
"factor_midas","Italy","Expenditures","2023-01-07",1293.33589225338,1,NA,NA,NA,NA,NA,NA,2023-01-01,434.600859738013,"Total expenditures accrual",NA,"OK",NA
"factor_midas","Italy","Expenditures","2023-01-15",1394.93547753603,1,NA,NA,NA,NA,NA,NA,2023-01-01,434.600859738013,"Total expenditures accrual",NA,"OK",NA
"factor_midas","Italy","Expenditures","2023-01-25",1412.31073442651,1,NA,NA,NA,NA,NA,NA,2023-01-01,434.600859738013,"Total expenditures accrual",NA,"OK",NA
"factor_midas","Italy","Expenditures","2023-01-27",1508.83234867356,1,NA,NA,NA,NA,NA,NA,2023-01-01,434.600859738013,"Total expenditures accrual",NA,"OK",NA
"factor_midas","Italy","Expenditures","2023-02-01",1520.79072748584,1,NA,NA,NA,NA,NA,NA,2023-02-01,434.600859738013,"Total expenditures accrual",NA,"OK",NA
"factor_midas","Italy","Expenditures","2023-02-03",1483.30255761983,1,NA,NA,NA,NA,NA,NA,2023-02-01,434.600859738013,"Total expenditures accrual",NA,"OK",NA
"factor_midas","Italy","Expenditures","2023-02-15",1684.92530509249,1,NA,NA,NA,NA,NA,NA,2023-02-01,434.600859738013,"Total expenditures accrual",NA,"OK",NA
"factor_midas","Italy","Expenditures","2023-02-25",1752.21274048469,1,NA,NA,NA,NA,NA,NA,2023-02-01,434.600859738013,"Total expenditures accrual",NA,"OK",NA
"factor_midas","Italy","Expenditures","2023-02-27",1784.9264620627,1,NA,NA,NA,NA,NA,NA,2023-02-01,434.600859738013,"Total expenditures accrual",NA,"OK",NA
"factor_midas","Italy","Expenditures","2023-03-01",1793.79688286994,1,NA,NA,NA,NA,NA,NA,2023-03-01,434.600859738013,"Total expenditures accrual",NA,"OK",NA
"factor_midas","Italy","Expenditures","2023-03-03",1796.7399622464,1,NA,NA,NA,NA,NA,NA,2023-03-01,434.600859738013,"Total expenditures accrual",NA,"OK",NA
"factor_midas","Italy","Expenditures","2023-03-15",426.974314187821,1,NA,NA,NA,NA,NA,NA,2023-03-01,-4387.03233866097,"Total expenditures accrual",NA,"OK",NA
"factor_midas","Italy","Expenditures","2023-03-25",516.162864878689,1,NA,NA,NA,NA,NA,NA,2023-03-01,-4387.03233866097,"Total expenditures accrual",NA,"OK",NA
"factor_midas","Italy","Expenditures","2023-03-27",738.892838548297,1,NA,NA,NA,NA,NA,NA,2023-03-01,-4387.03233866097,"Total expenditures accrual",NA,"OK",NA
"factor_midas","Italy","Expenditures","2023-04-01",712.668359471536,1,NA,NA,NA,NA,NA,NA,2023-04-01,-4387.03233866097,"Total expenditures accrual",NA,"OK",NA
"factor_midas","Italy","Expenditures","2023-04-06",718.360333413439,1,NA,NA,NA,NA,NA,NA,2023-04-01,-4387.03233866097,"Total expenditures accrual",NA,"OK",NA
"factor_midas","Italy","Expenditures","2023-04-15",885.205829786534,1,NA,NA,NA,NA,NA,NA,2023-04-01,-4387.03233866097,"Total expenditures accrual",NA,"OK",NA
"factor_midas","Italy","Expenditures","2023-04-25",885.988101334195,1,NA,NA,NA,NA,NA,NA,2023-04-01,-4387.03233866097,"Total expenditures accrual",NA,"OK",NA
"factor_midas","Italy","Expenditures","2023-04-27",712.333983477205,1,NA,NA,NA,NA,NA,NA,2023-04-01,-4387.03233866097,"Total expenditures accrual",NA,"OK",NA
"factor_midas","Italy","Expenditures","2023-05-01",757.552275420164,1,NA,NA,NA,NA,NA,NA,2023-05-01,-4387.03233866097,"Total expenditures accrual",NA,"OK",NA
"factor_midas","Italy","Expenditures","2023-05-15",740.57632002342,1,NA,NA,NA,NA,NA,NA,2023-05-01,-4387.03233866097,"Total expenditures accrual",NA,"OK",NA
"factor_midas","Italy","Expenditures","2023-05-25",741.380691733943,1,NA,NA,NA,NA,NA,NA,2023-05-01,-4387.03233866097,"Total expenditures accrual",NA,"OK",NA
"factor_midas","Italy","Expenditures","2023-05-27",753.327395292542,1,NA,NA,NA,NA,NA,NA,2023-05-01,-4387.03233866097,"Total expenditures accrual",NA,"OK",NA
"factor_midas","Italy","Expenditures","2023-06-01",883.302757304318,1,NA,NA,NA,NA,NA,NA,2023-06-01,-4387.03233866097,"Total expenditures accrual",NA,"OK",NA
"factor_midas","Italy","Expenditures","2023-06-04",906.539917595127,1,NA,NA,NA,NA,NA,NA,2023-06-01,-4387.03233866097,"Total expenditures accrual",NA,"OK",NA
"factor_midas","Italy","Expenditures","2023-06-15",1008.77180216634,1,NA,NA,NA,NA,NA,NA,2023-06-01,-1344.92595036305,"Total expenditures accrual",NA,"OK",NA
"factor_midas","Italy","Expenditures","2023-06-25",1008.82250722785,1,NA,NA,NA,NA,NA,NA,2023-06-01,-1344.92595036305,"Total expenditures accrual",NA,"OK",NA
"factor_midas","Italy","Expenditures","2023-06-27",1148.08873042583,1,NA,NA,NA,NA,NA,NA,2023-06-01,-1344.92595036305,"Total expenditures accrual",NA,"OK",NA
"factor_midas","Italy","Expenditures","2023-07-01",1082.40105538856,1,NA,NA,NA,NA,NA,NA,2023-07-01,-1344.92595036305,"Total expenditures accrual",NA,"OK",NA
"factor_midas","Italy","Expenditures","2023-07-06",1091.69484601076,1,NA,NA,NA,NA,NA,NA,2023-07-01,-1344.92595036305,"Total expenditures accrual",NA,"OK",NA
"factor_midas","Italy","Expenditures","2023-07-15",1032.26002410721,1,NA,NA,NA,NA,NA,NA,2023-07-01,-1344.92595036305,"Total expenditures accrual",NA,"OK",NA
"factor_midas","Italy","Expenditures","2023-07-25",1032.79594276196,1,NA,NA,NA,NA,NA,NA,2023-07-01,-1344.92595036305,"Total expenditures accrual",NA,"OK",NA
"factor_midas","Italy","Expenditures","2023-07-27",915.948602161345,1,NA,NA,NA,NA,NA,NA,2023-07-01,-1344.92595036305,"Total expenditures accrual",NA,"OK",NA
"factor_midas","Italy","Expenditures","2023-08-01",955.317420714483,1,NA,NA,NA,NA,NA,NA,2023-08-01,-1344.92595036305,"Total expenditures accrual",NA,"OK",NA
"factor_midas","Italy","Expenditures","2023-08-02",947.424094047947,1,NA,NA,NA,NA,NA,NA,2023-08-01,-1344.92595036305,"Total expenditures accrual",NA,"OK",NA
"factor_midas","Italy","Expenditures","2023-08-15",803.295065023541,1,NA,NA,NA,NA,NA,NA,2023-08-01,-1344.92595036305,"Total expenditures accrual",NA,"OK",NA
"factor_midas","Italy","Expenditures","2023-08-25",804.563477595839,1,NA,NA,NA,NA,NA,NA,2023-08-01,-1344.92595036305,"Total expenditures accrual",NA,"OK",NA
"factor_midas","Italy","Expenditures","2023-08-27",752.433121891248,1,NA,NA,NA,NA,NA,NA,2023-08-01,-1344.92595036305,"Total expenditures accrual",NA,"OK",NA
"factor_midas","Italy","Expenditures","2023-09-01",746.980748932738,1,NA,NA,NA,NA,NA,NA,2023-09-01,-1344.92595036305,"Total expenditures accrual",NA,"OK",NA
"factor_midas","Italy","Expenditures","2023-09-05",786.226918314522,1,NA,NA,NA,NA,NA,NA,2023-09-01,-1344.92595036305,"Total expenditures accrual",NA,"OK",NA
"factor_midas","Italy","Expenditures","2023-09-15",1261.15758163332,1,NA,NA,NA,NA,NA,NA,2023-09-01,8363.48065558,"Total expenditures accrual",NA,"OK",NA
"factor_midas","Italy","Expenditures","2023-09-25",1260.81977366248,1,NA,NA,NA,NA,NA,NA,2023-09-01,8363.48065558,"Total expenditures accrual",NA,"OK",NA
"factor_midas","Italy","Expenditures","2023-09-27",1131.6335335505,1,NA,NA,NA,NA,NA,NA,2023-09-01,8363.48065558,"Total expenditures accrual",NA,"OK",NA
"factor_midas","Italy","Expenditures","2023-10-01",1039.13096420305,1,NA,NA,NA,NA,NA,NA,2023-10-01,8363.48065558,"Total expenditures accrual",NA,"OK",NA
"factor_midas","Italy","Expenditures","2023-10-07",1016.15946221884,1,NA,NA,NA,NA,NA,NA,2023-10-01,8363.48065558,"Total expenditures accrual",NA,"OK",NA
"factor_midas","Italy","Expenditures","2023-10-15",1177.92627640345,1,NA,NA,NA,NA,NA,NA,2023-10-01,8363.48065558,"Total expenditures accrual",NA,"OK",NA
"factor_midas","Italy","Expenditures","2023-10-25",1181.46392262465,1,NA,NA,NA,NA,NA,NA,2023-10-01,8363.48065558,"Total expenditures accrual",NA,"OK",NA
"factor_midas","Italy","Expenditures","2023-10-27",1315.57776626227,1,NA,NA,NA,NA,NA,NA,2023-10-01,8363.48065558,"Total expenditures accrual",NA,"OK",NA
"factor_midas","Italy","Expenditures","2023-11-01",1200.51800554519,1,NA,NA,NA,NA,NA,NA,2023-11-01,8363.48065558,"Total expenditures accrual",NA,"OK",NA
"factor_midas","Italy","Expenditures","2023-11-03",1206.5103495348,1,NA,NA,NA,NA,NA,NA,2023-11-01,8363.48065558,"Total expenditures accrual",NA,"OK",NA
"factor_midas","Italy","Expenditures","2023-11-15",1197.67952902658,1,NA,NA,NA,NA,NA,NA,2023-11-01,8363.48065558,"Total expenditures accrual",NA,"OK",NA
"factor_midas","Italy","Expenditures","2023-11-25",1198.82815951064,1,NA,NA,NA,NA,NA,NA,2023-11-01,8363.48065558,"Total expenditures accrual",NA,"OK",NA
"factor_midas","Italy","Expenditures","2023-11-27",1163.51732798989,1,NA,NA,NA,NA,NA,NA,2023-11-01,8363.48065558,"Total expenditures accrual",NA,"OK",NA
"factor_midas","Italy","Expenditures","2023-12-01",1073.91918648368,1,NA,NA,NA,NA,NA,NA,2023-12-01,8363.48065558,"Total expenditures accrual",NA,"OK",NA
"factor_midas","Italy","Expenditures","2023-12-05",1104.94984675094,1,NA,NA,NA,NA,NA,NA,2023-12-01,8363.48065558,"Total expenditures accrual",NA,"OK",NA
"factor_midas","Italy","Expenditures","2023-12-15",5710.05160640741,1,NA,NA,NA,NA,NA,NA,2023-12-01,22381.62169969,"Total expenditures accrual",NA,"OK",NA
"factor_midas","Italy","Expenditures","2023-12-25",5710.25759361541,1,NA,NA,NA,NA,NA,NA,2023-12-01,22381.62169969,"Total expenditures accrual",NA,"OK",NA
"factor_midas","Italy","Expenditures","2023-12-27",5655.59907754902,1,NA,NA,NA,NA,NA,NA,2023-12-01,22381.62169969,"Total expenditures accrual",NA,"OK",NA
"factor_midas","Italy","Expenditures","2024-01-01",5629.50488180735,1,NA,NA,NA,NA,NA,NA,2024-01-01,22381.62169969,"Total expenditures accrual",NA,"OK",NA
"factor_midas","Italy","Expenditures","2024-01-15",5607.17090646279,1,NA,NA,NA,NA,NA,NA,2024-01-01,22381.62169969,"Total expenditures accrual",NA,"OK",NA
"factor_midas","Italy","Expenditures","2024-01-25",5608.51676394878,1,NA,NA,NA,NA,NA,NA,2024-01-01,22381.62169969,"Total expenditures accrual",NA,"OK",NA
"factor_midas","Italy","Expenditures","2024-01-27",5544.73063851388,1,NA,NA,NA,NA,NA,NA,2024-01-01,22381.62169969,"Total expenditures accrual",NA,"OK",NA
"factor_midas","Italy","Expenditures","2024-02-01",5488.69302851647,1,NA,NA,NA,NA,NA,NA,2024-02-01,22381.62169969,"Total expenditures accrual",NA,"OK",NA
"factor_midas","Italy","Expenditures","2024-02-04",5479.77698834877,1,NA,NA,NA,NA,NA,NA,2024-02-01,22381.62169969,"Total expenditures accrual",NA,"OK",NA
"factor_midas","Italy","Expenditures","2024-02-15",5433.51632895527,1,NA,NA,NA,NA,NA,NA,2024-02-01,22381.62169969,"Total expenditures accrual",NA,"OK",NA
"factor_midas","Italy","Expenditures","2024-02-25",5294.04146237226,1,NA,NA,NA,NA,NA,NA,2024-02-01,22381.62169969,"Total expenditures accrual",NA,"OK",NA
"factor_midas","Italy","Expenditures","2024-02-27",5424.55422804034,1,NA,NA,NA,NA,NA,NA,2024-02-01,22381.62169969,"Total expenditures accrual",NA,"OK",NA
"factor_midas","Italy","Expenditures","2024-03-01",5435.77707196461,1,NA,NA,NA,NA,NA,NA,2024-03-01,22381.62169969,"Total expenditures accrual",NA,"OK",NA
"factor_midas","Italy","Expenditures","2024-03-05",5442.66497448283,1,NA,NA,NA,NA,NA,NA,2024-03-01,22381.62169969,"Total expenditures accrual",NA,"OK",NA
"factor_midas","Italy","Expenditures","2024-03-15",18942.2334582646,1,NA,NA,NA,NA,NA,NA,2024-03-01,-33448.735209908,"Total expenditures accrual",NA,"OK",NA
"factor_midas","Italy","Expenditures","2024-03-25",18965.0979590939,1,NA,NA,NA,NA,NA,NA,2024-03-01,-33448.735209908,"Total expenditures accrual",NA,"OK",NA
"factor_midas","Italy","Expenditures","2024-03-27",18962.3927585773,1,NA,NA,NA,NA,NA,NA,2024-03-01,-33448.735209908,"Total expenditures accrual",NA,"OK",NA
"factor_midas","Italy","Expenditures","2024-04-01",18910.7259351353,1,NA,NA,NA,NA,NA,NA,2024-04-01,-33448.735209908,"Total expenditures accrual",NA,"OK",NA
"factor_midas","Italy","Expenditures","2024-04-15",18832.9341733085,1,NA,NA,NA,NA,NA,NA,2024-04-01,-33448.735209908,"Total expenditures accrual",NA,"OK",NA
"factor_midas","Italy","Expenditures","2024-04-25",18833.0875514824,1,NA,NA,NA,NA,NA,NA,2024-04-01,-33448.735209908,"Total expenditures accrual",NA,"OK",NA
"factor_midas","Italy","Expenditures","2024-04-27",18800.0188511502,1,NA,NA,NA,NA,NA,NA,2024-04-01,-33448.735209908,"Total expenditures accrual",NA,"OK",NA
"factor_midas","Italy","Expenditures","2024-05-01",19018.5536922742,1,NA,NA,NA,NA,NA,NA,2024-05-01,-33448.735209908,"Total expenditures accrual",NA,"OK",NA
"factor_midas","Italy","Expenditures","2024-05-03",19010.0791445062,1,NA,NA,NA,NA,NA,NA,2024-05-01,-33448.735209908,"Total expenditures accrual",NA,"OK",NA
"factor_midas","Italy","Expenditures","2024-05-15",19230.2306718651,1,NA,NA,NA,NA,NA,NA,2024-05-01,-33448.735209908,"Total expenditures accrual",NA,"OK",NA
"factor_midas","Italy","Expenditures","2024-05-25",19232.019393979,1,NA,NA,NA,NA,NA,NA,2024-05-01,-33448.735209908,"Total expenditures accrual",NA,"OK",NA
"factor_midas","Italy","Expenditures","2024-05-27",19220.4690948942,1,NA,NA,NA,NA,NA,NA,2024-05-01,-33448.735209908,"Total expenditures accrual",NA,"OK",NA
"factor_midas","Italy","Expenditures","2024-06-01",19246.4795102649,1,NA,NA,NA,NA,NA,NA,2024-06-01,-33448.735209908,"Total expenditures accrual",NA,"OK",NA
"factor_midas","Italy","Expenditures","2024-06-06",19247.3167279123,1,NA,NA,NA,NA,NA,NA,2024-06-01,-33448.735209908,"Total expenditures accrual",NA,"OK",NA
"factor_midas","Italy","Expenditures","2024-06-15",842.931459199856,1,NA,NA,NA,NA,NA,NA,2024-06-01,2687.53869387298,"Total expenditures accrual",NA,"OK",NA
"factor_midas","Italy","Expenditures","2024-06-25",842.345459561929,1,NA,NA,NA,NA,NA,NA,2024-06-01,2687.53869387298,"Total expenditures accrual",NA,"OK",NA
"factor_midas","Italy","Expenditures","2024-06-27",811.079752391966,1,NA,NA,NA,NA,NA,NA,2024-06-01,2687.53869387298,"Total expenditures accrual",NA,"OK",NA
"factor_midas","Italy","Expenditures","2024-07-01",929.741147667964,1,NA,NA,NA,NA,NA,NA,2024-07-01,2687.53869387298,"Total expenditures accrual",NA,"OK",NA
"factor_midas","Italy","Expenditures","2024-07-15",1096.97466291544,1,NA,NA,NA,NA,NA,NA,2024-07-01,2687.53869387298,"Total expenditures accrual",NA,"OK",NA
"factor_midas","Italy","Expenditures","2024-07-25",1096.83363913054,1,NA,NA,NA,NA,NA,NA,2024-07-01,2687.53869387298,"Total expenditures accrual",NA,"OK",NA
"factor_midas","Italy","Expenditures","2024-07-27",1027.76164915255,1,NA,NA,NA,NA,NA,NA,2024-07-01,2687.53869387298,"Total expenditures accrual",NA,"OK",NA
"factor_midas","Italy","Expenditures","2024-08-01",1068.02442639808,1,NA,NA,NA,NA,NA,NA,2024-08-01,2687.53869387298,"Total expenditures accrual",NA,"OK",NA
"factor_midas","Italy","Expenditures","2024-08-04",1083.13915851926,1,NA,NA,NA,NA,NA,NA,2024-08-01,2687.53869387298,"Total expenditures accrual",NA,"OK",NA
"factor_midas","Italy","Expenditures","2024-08-15",300.726631826044,1,NA,NA,NA,NA,NA,NA,2024-08-01,2687.53869387298,"Total expenditures accrual",NA,"OK",NA
"factor_midas","Italy","Expenditures","2024-08-25",308.148170270445,1,NA,NA,NA,NA,NA,NA,2024-08-01,2687.53869387298,"Total expenditures accrual",NA,"OK",NA
"factor_midas","Italy","Expenditures","2024-08-27",531.779011756908,1,NA,NA,NA,NA,NA,NA,2024-08-01,2687.53869387298,"Total expenditures accrual",NA,"OK",NA
"factor_midas","Italy","Expenditures","2024-09-01",547.271147213556,1,NA,NA,NA,NA,NA,NA,2024-09-01,2687.53869387298,"Total expenditures accrual",NA,"OK",NA
"factor_midas","Italy","Expenditures","2024-09-07",539.299705527415,1,NA,NA,NA,NA,NA,NA,2024-09-01,2687.53869387298,"Total expenditures accrual",NA,"OK",NA
"factor_midas","Italy","Expenditures","2024-09-15",2221.03220244373,1,NA,NA,NA,NA,NA,NA,2024-09-01,-295.536493353953,"Total expenditures accrual",NA,"OK",NA
"factor_midas","Italy","Expenditures","2024-09-25",2220.80846872166,1,NA,NA,NA,NA,NA,NA,2024-09-01,-295.536493353953,"Total expenditures accrual",NA,"OK",NA
"factor_midas","Italy","Expenditures","2024-09-27",2247.62093153977,1,NA,NA,NA,NA,NA,NA,2024-09-01,-295.536493353953,"Total expenditures accrual",NA,"OK",NA
"factor_midas","Italy","Expenditures","2024-10-01",2160.24619586135,1,NA,NA,NA,NA,NA,NA,2024-10-01,-295.536493353953,"Total expenditures accrual",NA,"OK",NA
"factor_midas","Italy","Expenditures","2024-10-02",2179.10884294024,1,NA,NA,NA,NA,NA,NA,2024-10-01,-295.536493353953,"Total expenditures accrual",NA,"OK",NA
"factor_midas","Italy","Expenditures","2024-10-15",2182.46517755239,1,NA,NA,NA,NA,NA,NA,2024-10-01,-295.536493353953,"Total expenditures accrual",NA,"OK",NA
"factor_midas","Italy","Expenditures","2024-10-25",2180.97252992625,1,NA,NA,NA,NA,NA,NA,2024-10-01,-295.536493353953,"Total expenditures accrual",NA,"OK",NA
"factor_midas","Italy","Expenditures","2024-10-27",2104.92726719008,1,NA,NA,NA,NA,NA,NA,2024-10-01,-295.536493353953,"Total expenditures accrual",NA,"OK",NA
"factor_midas","Italy","Expenditures","2024-11-01",2049.13708415389,1,NA,NA,NA,NA,NA,NA,2024-11-01,-295.536493353953,"Total expenditures accrual",NA,"OK",NA
"factor_midas","Italy","Expenditures","2024-11-05",2092.78330866376,1,NA,NA,NA,NA,NA,NA,2024-11-01,-295.536493353953,"Total expenditures accrual",NA,"OK",NA
"factor_midas","Italy","Expenditures","2024-11-15",2145.43557818877,1,NA,NA,NA,NA,NA,NA,2024-11-01,-295.536493353953,"Total expenditures accrual",NA,"OK",NA
"factor_midas","Italy","Expenditures","2024-11-25",2149.90003440594,1,NA,NA,NA,NA,NA,NA,2024-11-01,-295.536493353953,"Total expenditures accrual",NA,"OK",NA
"factor_midas","Italy","Expenditures","2024-11-27",2231.69399889419,1,NA,NA,NA,NA,NA,NA,2024-11-01,-295.536493353953,"Total expenditures accrual",NA,"OK",NA
"factor_midas","Italy","Expenditures","2024-12-01",2235.19487880891,1,NA,NA,NA,NA,NA,NA,2024-12-01,-295.536493353953,"Total expenditures accrual",NA,"OK",NA
"factor_midas","Italy","Expenditures","2024-12-07",2232.96021610938,1,NA,NA,NA,NA,NA,NA,2024-12-01,-295.536493353953,"Total expenditures accrual",NA,"OK",NA
"factor_midas","Italy","Expenditures","2024-12-15",425.472173519719,1,NA,NA,NA,NA,NA,NA,2024-12-01,3711.19635158696,"Total expenditures accrual",NA,"OK",NA
"factor_midas","Italy","Expenditures","2024-12-25",425.556559124258,1,NA,NA,NA,NA,NA,NA,2024-12-01,3711.19635158696,"Total expenditures accrual",NA,"OK",NA
"factor_midas","Italy","Expenditures","2024-12-27",444.406275168079,1,NA,NA,NA,NA,NA,NA,2024-12-01,3711.19635158696,"Total expenditures accrual",NA,"OK",NA
"factor_midas","Italy","Expenditures","2025-01-01",355.267469240942,1,NA,NA,NA,NA,NA,NA,2025-01-01,3711.19635158696,"Total expenditures accrual",NA,"OK",NA
"factor_midas","Italy","Expenditures","2025-01-03",370.362229892087,1,NA,NA,NA,NA,NA,NA,2025-01-01,3711.19635158696,"Total expenditures accrual",NA,"OK",NA
"factor_midas","Italy","Expenditures","2025-01-15",383.825535078465,1,NA,NA,NA,NA,NA,NA,2025-01-01,3711.19635158696,"Total expenditures accrual",NA,"OK",NA
"factor_midas","Italy","Expenditures","2025-01-25",383.292602647198,1,NA,NA,NA,NA,NA,NA,2025-01-01,3711.19635158696,"Total expenditures accrual",NA,"OK",NA
"factor_midas","Italy","Expenditures","2025-01-27",319.300563504574,1,NA,NA,NA,NA,NA,NA,2025-01-01,3711.19635158696,"Total expenditures accrual",NA,"OK",NA
"factor_midas","Italy","Expenditures","2025-02-01",469.884738797169,1,NA,NA,NA,NA,NA,NA,2025-02-01,3711.19635158696,"Total expenditures accrual",NA,"OK",NA
"factor_midas","Italy","Expenditures","2025-02-06",468.045491383143,1,NA,NA,NA,NA,NA,NA,2025-02-01,3711.19635158696,"Total expenditures accrual",NA,"OK",NA
"factor_midas","Italy","Expenditures","2025-02-15",417.721924036641,1,NA,NA,NA,NA,NA,NA,2025-02-01,3711.19635158696,"Total expenditures accrual",NA,"OK",NA
"factor_midas","Italy","Expenditures","2025-02-25",26.2250437184198,1,NA,NA,NA,NA,NA,NA,2025-02-01,3711.19635158696,"Total expenditures accrual",NA,"OK",NA
"factor_midas","Italy","Expenditures","2025-02-27",255.434496360941,1,NA,NA,NA,NA,NA,NA,2025-02-01,3711.19635158696,"Total expenditures accrual",NA,"OK",NA
"factor_midas","Italy","Expenditures","2025-03-01",170.479920860501,1,NA,NA,NA,NA,NA,NA,2025-03-01,3711.19635158696,"Total expenditures accrual",NA,"OK",NA
"factor_midas","Italy","Expenditures","2025-03-06",170.988436594141,1,NA,NA,NA,NA,NA,NA,2025-03-01,3711.19635158696,"Total expenditures accrual",NA,"OK",NA
"factor_midas","Italy","Expenditures","2025-03-15",421.398819519382,1,NA,NA,NA,NA,NA,NA,2025-03-01,3538.63574448699,"Total expenditures accrual",NA,"OK",NA
"factor_midas","Italy","Expenditures","2025-03-25",471.479416526952,1,NA,NA,NA,NA,NA,NA,2025-03-01,3538.63574448699,"Total expenditures accrual",NA,"OK",NA
"factor_midas","Italy","Expenditures","2025-03-27",437.217679466018,1,NA,NA,NA,NA,NA,NA,2025-03-01,3538.63574448699,"Total expenditures accrual",NA,"OK",NA
"factor_midas","Italy","Expenditures","2025-04-01",526.855796851908,1,NA,NA,NA,NA,NA,NA,2025-04-01,3538.63574448699,"Total expenditures accrual",NA,"OK",NA
"factor_midas","Italy","Expenditures","2025-04-02",528.173953091297,1,NA,NA,NA,NA,NA,NA,2025-04-01,3538.63574448699,"Total expenditures accrual",NA,"OK",NA
"factor_midas","Italy","Expenditures","2025-04-15",587.375716060798,1,NA,NA,NA,NA,NA,NA,2025-04-01,3538.63574448699,"Total expenditures accrual",NA,"OK",NA
"factor_midas","Italy","Expenditures","2025-04-25",587.300796790029,1,NA,NA,NA,NA,NA,NA,2025-04-01,3538.63574448699,"Total expenditures accrual",NA,"OK",NA
"factor_midas","Italy","Expenditures","2025-04-27",652.853194811009,1,NA,NA,NA,NA,NA,NA,2025-04-01,3538.63574448699,"Total expenditures accrual",NA,"OK",NA
"factor_midas","Italy","Expenditures","2025-05-01",609.081456865527,1,NA,NA,NA,NA,NA,NA,2025-05-01,3538.63574448699,"Total expenditures accrual",NA,"OK",NA
"factor_midas","Italy","Expenditures","2025-05-04",613.198282725485,1,NA,NA,NA,NA,NA,NA,2025-05-01,3538.63574448699,"Total expenditures accrual",NA,"OK",NA
"factor_midas","Italy","Expenditures","2025-05-15",135.48523333119,1,NA,NA,NA,NA,NA,NA,2025-05-01,3538.63574448699,"Total expenditures accrual",NA,"OK",NA
"factor_midas","Italy","Expenditures","2025-05-25",138.631082268721,1,NA,NA,NA,NA,NA,NA,2025-05-01,3538.63574448699,"Total expenditures accrual",NA,"OK",NA
"factor_midas","Italy","Expenditures","2025-05-27",202.715632893103,1,NA,NA,NA,NA,NA,NA,2025-05-01,3538.63574448699,"Total expenditures accrual",NA,"OK",NA
"factor_midas","Italy","Expenditures","2025-06-01",219.996391426064,1,NA,NA,NA,NA,NA,NA,2025-06-01,3538.63574448699,"Total expenditures accrual",NA,"OK",NA
"factor_midas","Italy","Expenditures","2025-06-07",218.468113615301,1,NA,NA,NA,NA,NA,NA,2025-06-01,3538.63574448699,"Total expenditures accrual",NA,"OK",NA
"factor_midas","Italy","Expenditures","2025-06-15",1607.17540752347,1,NA,NA,NA,NA,NA,NA,2025-06-01,94.0941097880132,"Total expenditures accrual",NA,"OK",NA
"factor_midas","Italy","Expenditures","2025-06-25",1606.96430466355,1,NA,NA,NA,NA,NA,NA,2025-06-01,94.0941097880132,"Total expenditures accrual",NA,"OK",NA
"factor_midas","Italy","Expenditures","2025-06-27",1560.56847322569,1,NA,NA,NA,NA,NA,NA,2025-06-01,94.0941097880132,"Total expenditures accrual",NA,"OK",NA
"factor_midas","Italy","Expenditures","2025-07-01",1541.22379136917,1,NA,NA,NA,NA,NA,NA,2025-07-01,94.0941097880132,"Total expenditures accrual",NA,"OK",NA
"factor_midas","Italy","Expenditures","2025-07-02",1548.90185265326,1,NA,NA,NA,NA,NA,NA,2025-07-01,94.0941097880132,"Total expenditures accrual",NA,"OK",NA
"factor_midas","Italy","Expenditures","2025-07-15",1355.54924980378,1,NA,NA,NA,NA,NA,NA,2025-07-01,94.0941097880132,"Total expenditures accrual",NA,"OK",NA
"factor_midas","Italy","Expenditures","2025-07-25",1355.32922141975,1,NA,NA,NA,NA,NA,NA,2025-07-01,94.0941097880132,"Total expenditures accrual",NA,"OK",NA
"factor_midas","Italy","Expenditures","2025-07-27",1319.88447067421,1,NA,NA,NA,NA,NA,NA,2025-07-01,94.0941097880132,"Total expenditures accrual",NA,"OK",NA
"factor_midas","Italy","Expenditures","2025-08-01",1179.14228947533,1,NA,NA,NA,NA,NA,NA,2025-08-01,94.0941097880132,"Total expenditures accrual",NA,"OK",NA
"factor_midas","Italy","Expenditures","2025-08-05",1186.32471198722,1,NA,NA,NA,NA,NA,NA,2025-08-01,94.0941097880132,"Total expenditures accrual",NA,"OK",NA
"factor_midas","Italy","Expenditures","2025-08-15",1097.51564116313,1,NA,NA,NA,NA,NA,NA,2025-08-01,94.0941097880132,"Total expenditures accrual",NA,"OK",NA
"factor_midas","Italy","Expenditures","2025-08-25",1093.95013861056,1,NA,NA,NA,NA,NA,NA,2025-08-01,94.0941097880132,"Total expenditures accrual",NA,"OK",NA
"factor_midas","Italy","Expenditures","2025-08-27",1258.48801188216,1,NA,NA,NA,NA,NA,NA,2025-08-01,94.0941097880132,"Total expenditures accrual",NA,"OK",NA
"factor_midas","Italy","Expenditures","2025-09-01",1261.18064749515,1,NA,NA,NA,NA,NA,NA,2025-09-01,94.0941097880132,"Total expenditures accrual",NA,"OK",NA
"factor_midas","Italy","Expenditures","2025-09-15",974.913598296124,1,NA,NA,NA,NA,NA,NA,2025-09-01,1773.608119026,"Total expenditures accrual",NA,"OK",NA
"factor_midas","Italy","Expenditures","2025-09-25",974.698986031862,1,NA,NA,NA,NA,NA,NA,2025-09-01,1773.608119026,"Total expenditures accrual",NA,"OK",NA
"factor_midas","Italy","Expenditures","2025-09-27",974.546905178807,1,NA,NA,NA,NA,NA,NA,2025-09-01,1773.608119026,"Total expenditures accrual",NA,"OK",NA
"factor_midas","Italy","Expenditures","2025-10-01",1048.83296224418,1,NA,NA,NA,NA,NA,NA,2025-10-01,1773.608119026,"Total expenditures accrual",NA,"OK",NA
"factor_midas","Italy","Expenditures","2025-10-03",1048.83296224418,1,NA,NA,NA,NA,NA,NA,2025-10-01,1773.608119026,"Total expenditures accrual",NA,"OK",NA
"factor_midas","Italy","Expenditures","2025-10-15",1090.55974002799,1,NA,NA,NA,NA,NA,NA,2025-10-01,1773.608119026,"Total expenditures accrual",NA,"OK",NA
"factor_midas","Italy","Expenditures","2025-10-25",1090.5627008926,1,NA,NA,NA,NA,NA,NA,2025-10-01,1773.608119026,"Total expenditures accrual",NA,"OK",NA
"factor_midas","Italy","Expenditures","2025-10-27",1127.23849088771,1,NA,NA,NA,NA,NA,NA,2025-10-01,1773.608119026,"Total expenditures accrual",NA,"OK",NA
"factor_midas","Italy","Expenditures","2025-11-01",1161.04337871903,1,NA,NA,NA,NA,NA,NA,2025-11-01,1773.608119026,"Total expenditures accrual",NA,"OK",NA
"factor_midas","Italy","Expenditures","2025-11-06",1161.04337871903,1,NA,NA,NA,NA,NA,NA,2025-11-01,1773.608119026,"Total expenditures accrual",NA,"OK",NA
"factor_midas","Italy","Expenditures","2025-11-15",1123.47735320448,1,NA,NA,NA,NA,NA,NA,2025-11-01,1773.608119026,"Total expenditures accrual",NA,"OK",NA
"factor_midas","Italy","Expenditures","2025-11-25",1124.31289611956,1,NA,NA,NA,NA,NA,NA,2025-11-01,1773.608119026,"Total expenditures accrual",NA,"OK",NA
"factor_midas","Italy","Expenditures","2025-11-27",1059.45844160553,1,NA,NA,NA,NA,NA,NA,2025-11-01,1773.608119026,"Total expenditures accrual",NA,"OK",NA
"factor_midas","Italy","Expenditures","2025-12-01",1044.5148935983,1,NA,NA,NA,NA,NA,NA,2025-12-01,1773.608119026,"Total expenditures accrual",NA,"OK",NA
"factor_midas","Italy","Expenditures","2025-12-15",1004.93606543031,1,NA,NA,NA,NA,NA,NA,2025-12-01,1773.608119026,"Total expenditures accrual",NA,"OK",NA
"factor_midas","Italy","Expenditures","2025-12-25",1004.9630885807,1,NA,NA,NA,NA,NA,NA,2025-12-01,1773.608119026,"Total expenditures accrual",NA,"OK",NA
"factor_midas","Italy","Expenditures","2025-12-27",964.713894945734,1,NA,NA,NA,NA,NA,NA,2025-12-01,1773.608119026,"Total expenditures accrual",NA,"OK",NA
"factor_midas","Italy","Expenditures","2026-01-15",1015.39330261969,1,NA,NA,NA,NA,NA,NA,2026-01-01,1773.608119026,"Total expenditures accrual",NA,"OK",NA
"factor_midas","Italy","Expenditures","2026-01-25",1015.45764460066,1,NA,NA,NA,NA,NA,NA,2026-01-01,1773.608119026,"Total expenditures accrual",NA,"OK",NA
"factor_midas","Italy","Expenditures","2026-02-15",1014.678555827,1,NA,NA,NA,NA,NA,NA,2026-02-01,1773.608119026,"Total expenditures accrual",NA,"OK",NA
"factor_midas","Italy","Expenditures","2026-03-15",1014.02289654018,1,NA,NA,NA,NA,NA,NA,2026-03-01,1773.608119026,"Total expenditures accrual",NA,"OK",NA
