"model","country","block","publication_date","nowcast_value","nb_factors","lambda","gamma","cv_mse","df","n_selected","n_selected_groups","date_new","last_obs_y","target_name","selected_columns","status","error"
"sg_lasso","Spain","Revenues","2013-01-01",737.733066416392,NA,0.208072951340756,0.5,0.999363895853132,4,4,4,2013-01-01,576,"Total revenues accrual","Y_lag1; Hours worked_leg0; HICPX_leg0; Cash revenues_leg0","OK",NA
"sg_lasso","Spain","Revenues","2013-01-02",737.733066416392,NA,0.208072951340756,0.5,0.999363895853132,4,4,4,2013-01-01,576,"Total revenues accrual","Y_lag1; Hours worked_leg0; HICPX_leg0; Cash revenues_leg0","OK",NA
"sg_lasso","Spain","Revenues","2013-01-05",737.733066416392,NA,0.208072951340756,0.5,0.999363895853132,4,4,4,2013-01-01,576,"Total revenues accrual","Y_lag1; Hours worked_leg0; HICPX_leg0; Cash revenues_leg0","OK",NA
"sg_lasso","Spain","Revenues","2013-01-15",1817.77434194875,NA,0.208072951340756,0.5,0.999363895853132,4,4,4,2013-01-01,576,"Total revenues accrual","Y_lag1; Hours worked_leg0; HICPX_leg0; Cash revenues_leg0","OK",NA
"sg_lasso","Spain","Revenues","2013-01-27",1875.50902431431,NA,0.208072951340756,0.5,0.999363895853132,4,4,4,2013-01-01,576,"Total revenues accrual","Y_lag1; Hours worked_leg0; HICPX_leg0; Cash revenues_leg0","OK",NA
"sg_lasso","Spain","Revenues","2013-01-31",1875.50902431431,NA,0.208072951340756,0.5,0.999363895853132,4,4,4,2013-01-01,576,"Total revenues accrual","Y_lag1; Hours worked_leg0; HICPX_leg0; Cash revenues_leg0","OK",NA
"sg_lasso","Spain","Revenues","2013-02-01",2852.31556105031,NA,0.208072951340756,0.5,0.999363895853132,4,4,4,2013-02-01,576,"Total revenues accrual","Y_lag1; Hours worked_leg0; HICPX_leg0; Cash revenues_leg0","OK",NA
"sg_lasso","Spain","Revenues","2013-02-05",2852.31556105031,NA,0.208072951340756,0.5,0.999363895853132,4,4,4,2013-02-01,576,"Total revenues accrual","Y_lag1; Hours worked_leg0; HICPX_leg0; Cash revenues_leg0","OK",NA
"sg_lasso","Spain","Revenues","2013-02-15",1403.43366346224,NA,0.208072951340756,0.5,0.999363895853132,4,4,4,2013-02-01,576,"Total revenues accrual","Y_lag1; Hours worked_leg0; HICPX_leg0; Cash revenues_leg0","OK",NA
"sg_lasso","Spain","Revenues","2013-02-27",1345.69898109668,NA,0.208072951340756,0.5,0.999363895853132,4,4,4,2013-02-01,576,"Total revenues accrual","Y_lag1; Hours worked_leg0; HICPX_leg0; Cash revenues_leg0","OK",NA
"sg_lasso","Spain","Revenues","2013-02-28",1345.69898109668,NA,0.208072951340756,0.5,0.999363895853132,4,4,4,2013-02-01,576,"Total revenues accrual","Y_lag1; Hours worked_leg0; HICPX_leg0; Cash revenues_leg0","OK",NA
"sg_lasso","Spain","Revenues","2013-03-01",976.858359040974,NA,0.208072951340756,0.5,0.999363895853132,4,4,4,2013-03-01,576,"Total revenues accrual","Y_lag1; Hours worked_leg0; HICPX_leg0; Cash revenues_leg0","OK",NA
"sg_lasso","Spain","Revenues","2013-03-05",976.858359040974,NA,0.208072951340756,0.5,0.999363895853132,4,4,4,2013-03-01,576,"Total revenues accrual","Y_lag1; Hours worked_leg0; HICPX_leg0; Cash revenues_leg0","OK",NA
"sg_lasso","Spain","Revenues","2013-03-15",-402.562358823117,NA,0.41445254243294,0.5,0.149237900642363,1,1,1,2013-03-01,1180,"Total revenues accrual","Y_lag1","OK",NA
"sg_lasso","Spain","Revenues","2013-03-27",-402.562358823117,NA,0.392088763926421,0.5,0.155962282265215,1,1,1,2013-03-01,1180,"Total revenues accrual","Y_lag1","OK",NA
"sg_lasso","Spain","Revenues","2013-03-28",-402.562358823117,NA,0.392088763926421,0.5,0.155962282265215,1,1,1,2013-03-01,1180,"Total revenues accrual","Y_lag1","OK",NA
"sg_lasso","Spain","Revenues","2013-04-01",-402.562358823117,NA,0.392088763926421,0.5,0.155962282265215,1,1,1,2013-04-01,1180,"Total revenues accrual","Y_lag1","OK",NA
"sg_lasso","Spain","Revenues","2013-04-05",-402.562358823117,NA,0.392088763926421,0.5,0.155962282265215,1,1,1,2013-04-01,1180,"Total revenues accrual","Y_lag1","OK",NA
"sg_lasso","Spain","Revenues","2013-04-15",-402.562358823117,NA,0.392088763926421,0.5,0.155962282265215,1,1,1,2013-04-01,1180,"Total revenues accrual","Y_lag1","OK",NA
"sg_lasso","Spain","Revenues","2013-04-25",-402.562358823117,NA,0.392088763926421,0.5,0.155962282265215,1,1,1,2013-04-01,1180,"Total revenues accrual","Y_lag1","OK",NA
"sg_lasso","Spain","Revenues","2013-04-27",-402.562358823117,NA,0.392088763926421,0.5,0.155962282265215,1,1,1,2013-04-01,1180,"Total revenues accrual","Y_lag1","OK",NA
"sg_lasso","Spain","Revenues","2013-05-01",-402.562358823117,NA,0.392088763926421,0.5,0.155962282265215,1,1,1,2013-05-01,1180,"Total revenues accrual","Y_lag1","OK",NA
"sg_lasso","Spain","Revenues","2013-05-03",-402.562358823117,NA,0.392088763926421,0.5,0.155962282265215,1,1,1,2013-05-01,1180,"Total revenues accrual","Y_lag1","OK",NA
"sg_lasso","Spain","Revenues","2013-05-05",-402.562358823117,NA,0.392088763926421,0.5,0.155962282265215,1,1,1,2013-05-01,1180,"Total revenues accrual","Y_lag1","OK",NA
"sg_lasso","Spain","Revenues","2013-05-15",-402.562358823117,NA,0.392088763926421,0.5,0.155962282265215,1,1,1,2013-05-01,1180,"Total revenues accrual","Y_lag1","OK",NA
"sg_lasso","Spain","Revenues","2013-05-27",-402.562358823117,NA,0.392088763926421,0.5,0.155962282265215,1,1,1,2013-05-01,1180,"Total revenues accrual","Y_lag1","OK",NA
"sg_lasso","Spain","Revenues","2013-05-30",-402.562358823117,NA,0.392088763926421,0.5,0.155962282265215,1,1,1,2013-05-01,1180,"Total revenues accrual","Y_lag1","OK",NA
"sg_lasso","Spain","Revenues","2013-06-01",-402.562358823117,NA,0.392088763926421,0.5,0.155962282265215,1,1,1,2013-06-01,1180,"Total revenues accrual","Y_lag1","OK",NA
"sg_lasso","Spain","Revenues","2013-06-05",-402.562358823117,NA,0.392088763926421,0.5,0.155962282265215,1,1,1,2013-06-01,1180,"Total revenues accrual","Y_lag1","OK",NA
"sg_lasso","Spain","Revenues","2013-06-06",-402.562358823117,NA,0.392088763926421,0.5,0.155962282265215,1,1,1,2013-06-01,1180,"Total revenues accrual","Y_lag1","OK",NA
"sg_lasso","Spain","Revenues","2013-06-15",675.69901041002,NA,0.071650967114033,0.5,0.139574981161599,5,5,5,2013-06-01,-998,"Total revenues accrual","Y_lag1; Hours worked_leg0; HICPX_leg0; Stock market_leg0; Cash revenues_leg0","OK",NA
"sg_lasso","Spain","Revenues","2013-06-27",787.514084448169,NA,0.375545277201998,0.5,0.144549414133232,1,1,1,2013-06-01,-998,"Total revenues accrual","Y_lag1","OK",NA
"sg_lasso","Spain","Revenues","2013-07-01",787.514084448169,NA,0.375545277201998,0.5,0.144549414133232,1,1,1,2013-07-01,-998,"Total revenues accrual","Y_lag1","OK",NA
"sg_lasso","Spain","Revenues","2013-07-05",787.514084448169,NA,0.375545277201998,0.5,0.144549414133232,1,1,1,2013-07-01,-998,"Total revenues accrual","Y_lag1","OK",NA
"sg_lasso","Spain","Revenues","2013-07-15",787.514084448169,NA,0.375545277201998,0.5,0.144549414133232,1,1,1,2013-07-01,-998,"Total revenues accrual","Y_lag1","OK",NA
"sg_lasso","Spain","Revenues","2013-07-25",787.514084448169,NA,0.375545277201998,0.5,0.144549414133232,1,1,1,2013-07-01,-998,"Total revenues accrual","Y_lag1","OK",NA
"sg_lasso","Spain","Revenues","2013-07-27",787.514084448169,NA,0.375545277201998,0.5,0.144549414133232,1,1,1,2013-07-01,-998,"Total revenues accrual","Y_lag1","OK",NA
"sg_lasso","Spain","Revenues","2013-08-01",787.514084448169,NA,0.375545277201998,0.5,0.144549414133232,1,1,1,2013-08-01,-998,"Total revenues accrual","Y_lag1","OK",NA
"sg_lasso","Spain","Revenues","2013-08-04",787.514084448169,NA,0.375545277201998,0.5,0.144549414133232,1,1,1,2013-08-01,-998,"Total revenues accrual","Y_lag1","OK",NA
"sg_lasso","Spain","Revenues","2013-08-05",787.514084448169,NA,0.375545277201998,0.5,0.144549414133232,1,1,1,2013-08-01,-998,"Total revenues accrual","Y_lag1","OK",NA
"sg_lasso","Spain","Revenues","2013-08-15",787.514084448169,NA,0.375545277201998,0.5,0.144549414133232,1,1,1,2013-08-01,-998,"Total revenues accrual","Y_lag1","OK",NA
"sg_lasso","Spain","Revenues","2013-08-27",787.514084448169,NA,0.375545277201998,0.5,0.144549414133232,1,1,1,2013-08-01,-998,"Total revenues accrual","Y_lag1","OK",NA
"sg_lasso","Spain","Revenues","2013-08-29",787.514084448169,NA,0.375545277201998,0.5,0.144549414133232,1,1,1,2013-08-01,-998,"Total revenues accrual","Y_lag1","OK",NA
"sg_lasso","Spain","Revenues","2013-09-01",787.514084448169,NA,0.375545277201998,0.5,0.144549414133232,1,1,1,2013-09-01,-998,"Total revenues accrual","Y_lag1","OK",NA
"sg_lasso","Spain","Revenues","2013-09-05",787.514084448169,NA,0.375545277201998,0.5,0.144549414133232,1,1,1,2013-09-01,-998,"Total revenues accrual","Y_lag1","OK",NA
"sg_lasso","Spain","Revenues","2013-09-07",787.514084448169,NA,0.375545277201998,0.5,0.144549414133232,1,1,1,2013-09-01,-998,"Total revenues accrual","Y_lag1","OK",NA
"sg_lasso","Spain","Revenues","2013-09-15",-379.551718800823,NA,0.244158571408751,0.5,0.0903968388712499,3,3,3,2013-09-01,601,"Total revenues accrual","Y_lag1; HICPX_leg0; Cash revenues_leg0","OK",NA
"sg_lasso","Spain","Revenues","2013-09-26",-379.551718800823,NA,0.244158571408751,0.5,0.0903968388712499,3,3,3,2013-09-01,601,"Total revenues accrual","Y_lag1; HICPX_leg0; Cash revenues_leg0","OK",NA
"sg_lasso","Spain","Revenues","2013-09-27",-265.463763664984,NA,0.272058246460992,0.5,0.269310726306922,2,2,2,2013-09-01,601,"Total revenues accrual","Y_lag1; Cash revenues_leg0","OK",NA
"sg_lasso","Spain","Revenues","2013-10-01",-268.470217664484,NA,0.272058246460992,0.5,0.269310726306922,2,2,2,2013-10-01,601,"Total revenues accrual","Y_lag1; Cash revenues_leg0","OK",NA
"sg_lasso","Spain","Revenues","2013-10-02",-268.470217664484,NA,0.272058246460992,0.5,0.269310726306922,2,2,2,2013-10-01,601,"Total revenues accrual","Y_lag1; Cash revenues_leg0","OK",NA
"sg_lasso","Spain","Revenues","2013-10-05",-268.470217664484,NA,0.272058246460992,0.5,0.269310726306922,2,2,2,2013-10-01,601,"Total revenues accrual","Y_lag1; Cash revenues_leg0","OK",NA
"sg_lasso","Spain","Revenues","2013-10-15",-305.86683354527,NA,0.272058246460992,0.5,0.269310726306922,2,2,2,2013-10-01,601,"Total revenues accrual","Y_lag1; Cash revenues_leg0","OK",NA
"sg_lasso","Spain","Revenues","2013-10-27",-305.86683354527,NA,0.272058246460992,0.5,0.269310726306922,2,2,2,2013-10-01,601,"Total revenues accrual","Y_lag1; Cash revenues_leg0","OK",NA
"sg_lasso","Spain","Revenues","2013-10-31",-305.86683354527,NA,0.272058246460992,0.5,0.269310726306922,2,2,2,2013-10-01,601,"Total revenues accrual","Y_lag1; Cash revenues_leg0","OK",NA
"sg_lasso","Spain","Revenues","2013-11-01",-638.778504113357,NA,0.272058246460992,0.5,0.269310726306922,2,2,2,2013-11-01,601,"Total revenues accrual","Y_lag1; Cash revenues_leg0","OK",NA
"sg_lasso","Spain","Revenues","2013-11-05",-638.778504113357,NA,0.272058246460992,0.5,0.269310726306922,2,2,2,2013-11-01,601,"Total revenues accrual","Y_lag1; Cash revenues_leg0","OK",NA
"sg_lasso","Spain","Revenues","2013-11-15",-299.794734282844,NA,0.272058246460992,0.5,0.269310726306922,2,2,2,2013-11-01,601,"Total revenues accrual","Y_lag1; Cash revenues_leg0","OK",NA
"sg_lasso","Spain","Revenues","2013-11-27",-299.794734282844,NA,0.272058246460992,0.5,0.269310726306922,2,2,2,2013-11-01,601,"Total revenues accrual","Y_lag1; Cash revenues_leg0","OK",NA
"sg_lasso","Spain","Revenues","2013-11-28",-299.794734282844,NA,0.272058246460992,0.5,0.269310726306922,2,2,2,2013-11-01,601,"Total revenues accrual","Y_lag1; Cash revenues_leg0","OK",NA
"sg_lasso","Spain","Revenues","2013-12-01",1.7924196668844,NA,0.272058246460992,0.5,0.269310726306922,2,2,2,2013-12-01,601,"Total revenues accrual","Y_lag1; Cash revenues_leg0","OK",NA
"sg_lasso","Spain","Revenues","2013-12-05",1.7924196668844,NA,0.272058246460992,0.5,0.269310726306922,2,2,2,2013-12-01,601,"Total revenues accrual","Y_lag1; Cash revenues_leg0","OK",NA
"sg_lasso","Spain","Revenues","2013-12-07",1.7924196668844,NA,0.272058246460992,0.5,0.269310726306922,2,2,2,2013-12-01,601,"Total revenues accrual","Y_lag1; Cash revenues_leg0","OK",NA
"sg_lasso","Spain","Revenues","2013-12-15",-315.587589393564,NA,0.376756842906067,0.5,0.313173102728503,1,1,1,2013-12-01,1073,"Total revenues accrual","Y_lag1","OK",NA
"sg_lasso","Spain","Revenues","2013-12-26",-315.587589393564,NA,0.376756842906067,0.5,0.313173102728503,1,1,1,2013-12-01,1073,"Total revenues accrual","Y_lag1","OK",NA
"sg_lasso","Spain","Revenues","2013-12-27",-315.587589393564,NA,0.376756842906067,0.5,0.313173102728503,1,1,1,2013-12-01,1073,"Total revenues accrual","Y_lag1","OK",NA
"sg_lasso","Spain","Revenues","2014-01-01",-315.587589393564,NA,0.376756842906067,0.5,0.313173102728503,1,1,1,2014-01-01,1073,"Total revenues accrual","Y_lag1","OK",NA
"sg_lasso","Spain","Revenues","2014-01-03",-315.587589393564,NA,0.376756842906067,0.5,0.313173102728503,1,1,1,2014-01-01,1073,"Total revenues accrual","Y_lag1","OK",NA
"sg_lasso","Spain","Revenues","2014-01-05",-315.587589393564,NA,0.376756842906067,0.5,0.313173102728503,1,1,1,2014-01-01,1073,"Total revenues accrual","Y_lag1","OK",NA
"sg_lasso","Spain","Revenues","2014-01-15",-315.587589393564,NA,0.376756842906067,0.5,0.313173102728503,1,1,1,2014-01-01,1073,"Total revenues accrual","Y_lag1","OK",NA
"sg_lasso","Spain","Revenues","2014-01-27",-315.587589393564,NA,0.376756842906067,0.5,0.313173102728503,1,1,1,2014-01-01,1073,"Total revenues accrual","Y_lag1","OK",NA
"sg_lasso","Spain","Revenues","2014-01-30",-315.587589393564,NA,0.376756842906067,0.5,0.313173102728503,1,1,1,2014-01-01,1073,"Total revenues accrual","Y_lag1","OK",NA
"sg_lasso","Spain","Revenues","2014-02-01",-315.587589393564,NA,0.376756842906067,0.5,0.313173102728503,1,1,1,2014-02-01,1073,"Total revenues accrual","Y_lag1","OK",NA
"sg_lasso","Spain","Revenues","2014-02-05",-315.587589393564,NA,0.376756842906067,0.5,0.313173102728503,1,1,1,2014-02-01,1073,"Total revenues accrual","Y_lag1","OK",NA
"sg_lasso","Spain","Revenues","2014-02-06",-315.587589393564,NA,0.376756842906067,0.5,0.313173102728503,1,1,1,2014-02-01,1073,"Total revenues accrual","Y_lag1","OK",NA
"sg_lasso","Spain","Revenues","2014-02-15",-315.587589393564,NA,0.376756842906067,0.5,0.313173102728503,1,1,1,2014-02-01,1073,"Total revenues accrual","Y_lag1","OK",NA
"sg_lasso","Spain","Revenues","2014-02-27",-315.587589393564,NA,0.376756842906067,0.5,0.313173102728503,1,1,1,2014-02-01,1073,"Total revenues accrual","Y_lag1","OK",NA
"sg_lasso","Spain","Revenues","2014-03-01",-315.587589393564,NA,0.376756842906067,0.5,0.313173102728503,1,1,1,2014-03-01,1073,"Total revenues accrual","Y_lag1","OK",NA
"sg_lasso","Spain","Revenues","2014-03-05",-315.587589393564,NA,0.376756842906067,0.5,0.313173102728503,1,1,1,2014-03-01,1073,"Total revenues accrual","Y_lag1","OK",NA
"sg_lasso","Spain","Revenues","2014-03-06",-315.587589393564,NA,0.376756842906067,0.5,0.313173102728503,1,1,1,2014-03-01,1073,"Total revenues accrual","Y_lag1","OK",NA
"sg_lasso","Spain","Revenues","2014-03-15",219.695731316801,NA,0.259708088005035,0.5,0.306014211632686,3,3,3,2014-03-01,1653,"Total revenues accrual","Y_lag1; Hours worked_leg0; Cash revenues_leg0","OK",NA
"sg_lasso","Spain","Revenues","2014-03-27",219.695731316801,NA,0.259708088005035,0.5,0.305738109236612,3,3,3,2014-03-01,1653,"Total revenues accrual","Y_lag1; Hours worked_leg0; Cash revenues_leg0","OK",NA
"sg_lasso","Spain","Revenues","2014-04-01",-249.375113907968,NA,0.259708088005035,0.5,0.305738109236612,3,3,3,2014-04-01,1653,"Total revenues accrual","Y_lag1; Hours worked_leg0; Cash revenues_leg0","OK",NA
"sg_lasso","Spain","Revenues","2014-04-02",-249.375113907968,NA,0.259708088005035,0.5,0.305738109236612,3,3,3,2014-04-01,1653,"Total revenues accrual","Y_lag1; Hours worked_leg0; Cash revenues_leg0","OK",NA
"sg_lasso","Spain","Revenues","2014-04-05",-249.375113907968,NA,0.259708088005035,0.5,0.305738109236612,3,3,3,2014-04-01,1653,"Total revenues accrual","Y_lag1; Hours worked_leg0; Cash revenues_leg0","OK",NA
"sg_lasso","Spain","Revenues","2014-04-15",-240.603903972858,NA,0.259708088005035,0.5,0.305738109236612,3,3,3,2014-04-01,1653,"Total revenues accrual","Y_lag1; Hours worked_leg0; Cash revenues_leg0","OK",NA
"sg_lasso","Spain","Revenues","2014-04-24",-240.603903972858,NA,0.259708088005035,0.5,0.305738109236612,3,3,3,2014-04-01,1653,"Total revenues accrual","Y_lag1; Hours worked_leg0; Cash revenues_leg0","OK",NA
"sg_lasso","Spain","Revenues","2014-04-27",-240.603903972858,NA,0.259708088005035,0.5,0.305738109236612,3,3,3,2014-04-01,1653,"Total revenues accrual","Y_lag1; Hours worked_leg0; Cash revenues_leg0","OK",NA
"sg_lasso","Spain","Revenues","2014-05-01",-610.823481201664,NA,0.259708088005035,0.5,0.305738109236612,3,3,3,2014-05-01,1653,"Total revenues accrual","Y_lag1; Hours worked_leg0; Cash revenues_leg0","OK",NA
"sg_lasso","Spain","Revenues","2014-05-04",-610.823481201664,NA,0.259708088005035,0.5,0.305738109236612,3,3,3,2014-05-01,1653,"Total revenues accrual","Y_lag1; Hours worked_leg0; Cash revenues_leg0","OK",NA
"sg_lasso","Spain","Revenues","2014-05-05",-610.823481201664,NA,0.259708088005035,0.5,0.305738109236612,3,3,3,2014-05-01,1653,"Total revenues accrual","Y_lag1; Hours worked_leg0; Cash revenues_leg0","OK",NA
"sg_lasso","Spain","Revenues","2014-05-15",-391.796208763806,NA,0.259708088005035,0.5,0.305738109236612,3,3,3,2014-05-01,1653,"Total revenues accrual","Y_lag1; Hours worked_leg0; Cash revenues_leg0","OK",NA
"sg_lasso","Spain","Revenues","2014-05-27",-391.796208763806,NA,0.259708088005035,0.5,0.305738109236612,3,3,3,2014-05-01,1653,"Total revenues accrual","Y_lag1; Hours worked_leg0; Cash revenues_leg0","OK",NA
"sg_lasso","Spain","Revenues","2014-05-29",-391.796208763806,NA,0.259708088005035,0.5,0.305738109236612,3,3,3,2014-05-01,1653,"Total revenues accrual","Y_lag1; Hours worked_leg0; Cash revenues_leg0","OK",NA
"sg_lasso","Spain","Revenues","2014-06-01",-163.997726390839,NA,0.259708088005035,0.5,0.305738109236612,3,3,3,2014-06-01,1653,"Total revenues accrual","Y_lag1; Hours worked_leg0; Cash revenues_leg0","OK",NA
"sg_lasso","Spain","Revenues","2014-06-05",-163.997726390839,NA,0.259708088005035,0.5,0.305738109236612,3,3,3,2014-06-01,1653,"Total revenues accrual","Y_lag1; Hours worked_leg0; Cash revenues_leg0","OK",NA
"sg_lasso","Spain","Revenues","2014-06-07",-163.997726390839,NA,0.259708088005035,0.5,0.305738109236612,3,3,3,2014-06-01,1653,"Total revenues accrual","Y_lag1; Hours worked_leg0; Cash revenues_leg0","OK",NA
"sg_lasso","Spain","Revenues","2014-06-15",1080.97647591313,NA,0.281433813255447,0.5,0.242663485987897,3,3,3,2014-06-01,-1194,"Total revenues accrual","Y_lag1; Hours worked_leg0; Cash revenues_leg0","OK",NA
"sg_lasso","Spain","Revenues","2014-06-26",1080.97647591313,NA,0.281433813255447,0.5,0.242663485987897,3,3,3,2014-06-01,-1194,"Total revenues accrual","Y_lag1; Hours worked_leg0; Cash revenues_leg0","OK",NA
"sg_lasso","Spain","Revenues","2014-06-27",1080.97647591313,NA,0.281433813255447,0.5,0.242663485987897,3,3,3,2014-06-01,-1194,"Total revenues accrual","Y_lag1; Hours worked_leg0; Cash revenues_leg0","OK",NA
"sg_lasso","Spain","Revenues","2014-07-01",1184.60086456017,NA,0.281433813255447,0.5,0.242663485987897,3,3,3,2014-07-01,-1194,"Total revenues accrual","Y_lag1; Hours worked_leg0; Cash revenues_leg0","OK",NA
"sg_lasso","Spain","Revenues","2014-07-02",1184.60086456017,NA,0.281433813255447,0.5,0.242663485987897,3,3,3,2014-07-01,-1194,"Total revenues accrual","Y_lag1; Hours worked_leg0; Cash revenues_leg0","OK",NA
"sg_lasso","Spain","Revenues","2014-07-05",1184.60086456017,NA,0.281433813255447,0.5,0.242663485987897,3,3,3,2014-07-01,-1194,"Total revenues accrual","Y_lag1; Hours worked_leg0; Cash revenues_leg0","OK",NA
"sg_lasso","Spain","Revenues","2014-07-15",1311.8830434462,NA,0.281433813255447,0.5,0.242663485987897,3,3,3,2014-07-01,-1194,"Total revenues accrual","Y_lag1; Hours worked_leg0; Cash revenues_leg0","OK",NA
"sg_lasso","Spain","Revenues","2014-07-27",1311.8830434462,NA,0.281433813255447,0.5,0.242663485987897,3,3,3,2014-07-01,-1194,"Total revenues accrual","Y_lag1; Hours worked_leg0; Cash revenues_leg0","OK",NA
"sg_lasso","Spain","Revenues","2014-07-31",1311.8830434462,NA,0.281433813255447,0.5,0.242663485987897,3,3,3,2014-07-01,-1194,"Total revenues accrual","Y_lag1; Hours worked_leg0; Cash revenues_leg0","OK",NA
"sg_lasso","Spain","Revenues","2014-08-01",1340.80738615271,NA,0.281433813255447,0.5,0.242663485987897,3,3,3,2014-08-01,-1194,"Total revenues accrual","Y_lag1; Hours worked_leg0; Cash revenues_leg0","OK",NA
"sg_lasso","Spain","Revenues","2014-08-05",1340.80738615271,NA,0.281433813255447,0.5,0.242663485987897,3,3,3,2014-08-01,-1194,"Total revenues accrual","Y_lag1; Hours worked_leg0; Cash revenues_leg0","OK",NA
"sg_lasso","Spain","Revenues","2014-08-15",1058.53896307208,NA,0.281433813255447,0.5,0.242663485987897,3,3,3,2014-08-01,-1194,"Total revenues accrual","Y_lag1; Hours worked_leg0; Cash revenues_leg0","OK",NA
"sg_lasso","Spain","Revenues","2014-08-27",1058.53896307208,NA,0.281433813255447,0.5,0.242663485987897,3,3,3,2014-08-01,-1194,"Total revenues accrual","Y_lag1; Hours worked_leg0; Cash revenues_leg0","OK",NA
"sg_lasso","Spain","Revenues","2014-08-28",1058.53896307208,NA,0.281433813255447,0.5,0.242663485987897,3,3,3,2014-08-01,-1194,"Total revenues accrual","Y_lag1; Hours worked_leg0; Cash revenues_leg0","OK",NA
"sg_lasso","Spain","Revenues","2014-09-01",903.552718877481,NA,0.281433813255447,0.5,0.242663485987897,3,3,3,2014-09-01,-1194,"Total revenues accrual","Y_lag1; Hours worked_leg0; Cash revenues_leg0","OK",NA
"sg_lasso","Spain","Revenues","2014-09-05",903.552718877481,NA,0.281433813255447,0.5,0.242663485987897,3,3,3,2014-09-01,-1194,"Total revenues accrual","Y_lag1; Hours worked_leg0; Cash revenues_leg0","OK",NA
"sg_lasso","Spain","Revenues","2014-09-15",14.2105077080917,NA,0.3344107743563,0.5,0.147681728808239,2,2,2,2014-09-01,502,"Total revenues accrual","Y_lag1; Cash revenues_leg0","OK",NA
"sg_lasso","Spain","Revenues","2014-09-25",14.2105077080917,NA,0.3344107743563,0.5,0.147681728808239,2,2,2,2014-09-01,502,"Total revenues accrual","Y_lag1; Cash revenues_leg0","OK",NA
"sg_lasso","Spain","Revenues","2014-09-27",14.2105077080917,NA,0.3344107743563,0.5,0.147681728808239,2,2,2,2014-09-01,502,"Total revenues accrual","Y_lag1; Cash revenues_leg0","OK",NA
"sg_lasso","Spain","Revenues","2014-10-01",-90.0285287020321,NA,0.3344107743563,0.5,0.147681728808239,2,2,2,2014-10-01,502,"Total revenues accrual","Y_lag1; Cash revenues_leg0","OK",NA
"sg_lasso","Spain","Revenues","2014-10-03",-90.0285287020321,NA,0.3344107743563,0.5,0.147681728808239,2,2,2,2014-10-01,502,"Total revenues accrual","Y_lag1; Cash revenues_leg0","OK",NA
"sg_lasso","Spain","Revenues","2014-10-05",-90.0285287020321,NA,0.3344107743563,0.5,0.147681728808239,2,2,2,2014-10-01,502,"Total revenues accrual","Y_lag1; Cash revenues_leg0","OK",NA
"sg_lasso","Spain","Revenues","2014-10-15",-87.963008601018,NA,0.3344107743563,0.5,0.147681728808239,2,2,2,2014-10-01,502,"Total revenues accrual","Y_lag1; Cash revenues_leg0","OK",NA
"sg_lasso","Spain","Revenues","2014-10-27",-87.963008601018,NA,0.3344107743563,0.5,0.147681728808239,2,2,2,2014-10-01,502,"Total revenues accrual","Y_lag1; Cash revenues_leg0","OK",NA
"sg_lasso","Spain","Revenues","2014-10-30",-87.963008601018,NA,0.3344107743563,0.5,0.147681728808239,2,2,2,2014-10-01,502,"Total revenues accrual","Y_lag1; Cash revenues_leg0","OK",NA
"sg_lasso","Spain","Revenues","2014-11-01",-26.2467433428139,NA,0.3344107743563,0.5,0.147681728808239,2,2,2,2014-11-01,502,"Total revenues accrual","Y_lag1; Cash revenues_leg0","OK",NA
"sg_lasso","Spain","Revenues","2014-11-05",-26.2467433428139,NA,0.3344107743563,0.5,0.147681728808239,2,2,2,2014-11-01,502,"Total revenues accrual","Y_lag1; Cash revenues_leg0","OK",NA
"sg_lasso","Spain","Revenues","2014-11-06",-26.2467433428139,NA,0.3344107743563,0.5,0.147681728808239,2,2,2,2014-11-01,502,"Total revenues accrual","Y_lag1; Cash revenues_leg0","OK",NA
"sg_lasso","Spain","Revenues","2014-11-15",5.14057889480799,NA,0.3344107743563,0.5,0.147681728808239,2,2,2,2014-11-01,502,"Total revenues accrual","Y_lag1; Cash revenues_leg0","OK",NA
"sg_lasso","Spain","Revenues","2014-11-27",5.14057889480799,NA,0.3344107743563,0.5,0.147681728808239,2,2,2,2014-11-01,502,"Total revenues accrual","Y_lag1; Cash revenues_leg0","OK",NA
"sg_lasso","Spain","Revenues","2014-12-01",38.593421233444,NA,0.3344107743563,0.5,0.147681728808239,2,2,2,2014-12-01,502,"Total revenues accrual","Y_lag1; Cash revenues_leg0","OK",NA
"sg_lasso","Spain","Revenues","2014-12-05",38.593421233444,NA,0.3344107743563,0.5,0.147681728808239,2,2,2,2014-12-01,502,"Total revenues accrual","Y_lag1; Cash revenues_leg0","OK",NA
"sg_lasso","Spain","Revenues","2014-12-15",-174.420835085455,NA,0.335243359822648,0.5,0.13141400126495,2,2,2,2014-12-01,1075,"Total revenues accrual","Y_lag1; Cash revenues_leg0","OK",NA
"sg_lasso","Spain","Revenues","2014-12-25",-174.420835085455,NA,0.335243359822648,0.5,0.13141400126495,2,2,2,2014-12-01,1075,"Total revenues accrual","Y_lag1; Cash revenues_leg0","OK",NA
"sg_lasso","Spain","Revenues","2014-12-27",-174.420835085455,NA,0.335243359822648,0.5,0.13141400126495,2,2,2,2014-12-01,1075,"Total revenues accrual","Y_lag1; Cash revenues_leg0","OK",NA
"sg_lasso","Spain","Revenues","2015-01-01",-106.750184692976,NA,0.335243359822648,0.5,0.13141400126495,2,2,2,2015-01-01,1075,"Total revenues accrual","Y_lag1; Cash revenues_leg0","OK",NA
"sg_lasso","Spain","Revenues","2015-01-04",-106.750184692976,NA,0.335243359822648,0.5,0.13141400126495,2,2,2,2015-01-01,1075,"Total revenues accrual","Y_lag1; Cash revenues_leg0","OK",NA
"sg_lasso","Spain","Revenues","2015-01-05",-106.750184692976,NA,0.335243359822648,0.5,0.13141400126495,2,2,2,2015-01-01,1075,"Total revenues accrual","Y_lag1; Cash revenues_leg0","OK",NA
"sg_lasso","Spain","Revenues","2015-01-15",-164.047967860831,NA,0.335243359822648,0.5,0.13141400126495,2,2,2,2015-01-01,1075,"Total revenues accrual","Y_lag1; Cash revenues_leg0","OK",NA
"sg_lasso","Spain","Revenues","2015-01-27",-164.047967860831,NA,0.335243359822648,0.5,0.13141400126495,2,2,2,2015-01-01,1075,"Total revenues accrual","Y_lag1; Cash revenues_leg0","OK",NA
"sg_lasso","Spain","Revenues","2015-01-29",-164.047967860831,NA,0.335243359822648,0.5,0.13141400126495,2,2,2,2015-01-01,1075,"Total revenues accrual","Y_lag1; Cash revenues_leg0","OK",NA
"sg_lasso","Spain","Revenues","2015-02-01",-184.915452285988,NA,0.335243359822648,0.5,0.13141400126495,2,2,2,2015-02-01,1075,"Total revenues accrual","Y_lag1; Cash revenues_leg0","OK",NA
"sg_lasso","Spain","Revenues","2015-02-05",-184.915452285988,NA,0.335243359822648,0.5,0.13141400126495,2,2,2,2015-02-01,1075,"Total revenues accrual","Y_lag1; Cash revenues_leg0","OK",NA
"sg_lasso","Spain","Revenues","2015-02-07",-184.915452285988,NA,0.335243359822648,0.5,0.13141400126495,2,2,2,2015-02-01,1075,"Total revenues accrual","Y_lag1; Cash revenues_leg0","OK",NA
"sg_lasso","Spain","Revenues","2015-02-15",-98.5326422562159,NA,0.335243359822648,0.5,0.13141400126495,2,2,2,2015-02-01,1075,"Total revenues accrual","Y_lag1; Cash revenues_leg0","OK",NA
"sg_lasso","Spain","Revenues","2015-02-26",-98.5326422562159,NA,0.335243359822648,0.5,0.13141400126495,2,2,2,2015-02-01,1075,"Total revenues accrual","Y_lag1; Cash revenues_leg0","OK",NA
"sg_lasso","Spain","Revenues","2015-02-27",-98.5326422562159,NA,0.335243359822648,0.5,0.13141400126495,2,2,2,2015-02-01,1075,"Total revenues accrual","Y_lag1; Cash revenues_leg0","OK",NA
"sg_lasso","Spain","Revenues","2015-03-01",-69.4476153942986,NA,0.335243359822648,0.5,0.13141400126495,2,2,2,2015-03-01,1075,"Total revenues accrual","Y_lag1; Cash revenues_leg0","OK",NA
"sg_lasso","Spain","Revenues","2015-03-05",-69.4476153942986,NA,0.335243359822648,0.5,0.13141400126495,2,2,2,2015-03-01,1075,"Total revenues accrual","Y_lag1; Cash revenues_leg0","OK",NA
"sg_lasso","Spain","Revenues","2015-03-07",-69.4476153942986,NA,0.335243359822648,0.5,0.13141400126495,2,2,2,2015-03-01,1075,"Total revenues accrual","Y_lag1; Cash revenues_leg0","OK",NA
"sg_lasso","Spain","Revenues","2015-03-15",-499.019106131142,NA,0.372019940722861,0.5,0.193794577620226,2,2,2,2015-03-01,2013,"Total revenues accrual","Y_lag1; Cash revenues_leg0","OK",NA
"sg_lasso","Spain","Revenues","2015-03-26",-499.019106131142,NA,0.372019940722861,0.5,0.193794577620226,2,2,2,2015-03-01,2013,"Total revenues accrual","Y_lag1; Cash revenues_leg0","OK",NA
"sg_lasso","Spain","Revenues","2015-03-27",-499.019106131142,NA,0.372019940722861,0.5,0.193794577620226,2,2,2,2015-03-01,2013,"Total revenues accrual","Y_lag1; Cash revenues_leg0","OK",NA
"sg_lasso","Spain","Revenues","2015-04-01",-500.896210082283,NA,0.372019940722861,0.5,0.193794577620226,2,2,2,2015-04-01,2013,"Total revenues accrual","Y_lag1; Cash revenues_leg0","OK",NA
"sg_lasso","Spain","Revenues","2015-04-03",-500.896210082283,NA,0.372019940722861,0.5,0.193794577620226,2,2,2,2015-04-01,2013,"Total revenues accrual","Y_lag1; Cash revenues_leg0","OK",NA
"sg_lasso","Spain","Revenues","2015-04-05",-500.896210082283,NA,0.372019940722861,0.5,0.193794577620226,2,2,2,2015-04-01,2013,"Total revenues accrual","Y_lag1; Cash revenues_leg0","OK",NA
"sg_lasso","Spain","Revenues","2015-04-15",-493.808576591329,NA,0.372019940722861,0.5,0.193794577620226,2,2,2,2015-04-01,2013,"Total revenues accrual","Y_lag1; Cash revenues_leg0","OK",NA
"sg_lasso","Spain","Revenues","2015-04-27",-493.808576591329,NA,0.372019940722861,0.5,0.193794577620226,2,2,2,2015-04-01,2013,"Total revenues accrual","Y_lag1; Cash revenues_leg0","OK",NA
"sg_lasso","Spain","Revenues","2015-04-30",-493.808576591329,NA,0.372019940722861,0.5,0.193794577620226,2,2,2,2015-04-01,2013,"Total revenues accrual","Y_lag1; Cash revenues_leg0","OK",NA
"sg_lasso","Spain","Revenues","2015-05-01",-491.726660915393,NA,0.372019940722861,0.5,0.193794577620226,2,2,2,2015-05-01,2013,"Total revenues accrual","Y_lag1; Cash revenues_leg0","OK",NA
"sg_lasso","Spain","Revenues","2015-05-05",-491.726660915393,NA,0.372019940722861,0.5,0.193794577620226,2,2,2,2015-05-01,2013,"Total revenues accrual","Y_lag1; Cash revenues_leg0","OK",NA
"sg_lasso","Spain","Revenues","2015-05-15",-493.429226665182,NA,0.372019940722861,0.5,0.193794577620226,2,2,2,2015-05-01,2013,"Total revenues accrual","Y_lag1; Cash revenues_leg0","OK",NA
"sg_lasso","Spain","Revenues","2015-05-27",-493.429226665182,NA,0.372019940722861,0.5,0.193794577620226,2,2,2,2015-05-01,2013,"Total revenues accrual","Y_lag1; Cash revenues_leg0","OK",NA
"sg_lasso","Spain","Revenues","2015-05-28",-493.429226665182,NA,0.372019940722861,0.5,0.193794577620226,2,2,2,2015-05-01,2013,"Total revenues accrual","Y_lag1; Cash revenues_leg0","OK",NA
"sg_lasso","Spain","Revenues","2015-06-01",-488.044158924018,NA,0.372019940722861,0.5,0.193794577620226,2,2,2,2015-06-01,2013,"Total revenues accrual","Y_lag1; Cash revenues_leg0","OK",NA
"sg_lasso","Spain","Revenues","2015-06-05",-488.044158924018,NA,0.372019940722861,0.5,0.193794577620226,2,2,2,2015-06-01,2013,"Total revenues accrual","Y_lag1; Cash revenues_leg0","OK",NA
"sg_lasso","Spain","Revenues","2015-06-15",728.516907092315,NA,0.291146175037157,0.5,0.183046267531641,3,3,3,2015-06-01,76,"Total revenues accrual","Y_lag1; Hours worked_leg0; Cash revenues_leg0","OK",NA
"sg_lasso","Spain","Revenues","2015-06-25",728.516907092315,NA,0.291146175037157,0.5,0.183046267531641,3,3,3,2015-06-01,76,"Total revenues accrual","Y_lag1; Hours worked_leg0; Cash revenues_leg0","OK",NA
"sg_lasso","Spain","Revenues","2015-06-27",728.516907092315,NA,0.291146175037157,0.5,0.182494434487315,3,3,3,2015-06-01,76,"Total revenues accrual","Y_lag1; Hours worked_leg0; Cash revenues_leg0","OK",NA
"sg_lasso","Spain","Revenues","2015-07-01",501.095622405342,NA,0.291146175037157,0.5,0.182494434487315,3,3,3,2015-07-01,76,"Total revenues accrual","Y_lag1; Hours worked_leg0; Cash revenues_leg0","OK",NA
"sg_lasso","Spain","Revenues","2015-07-03",501.095622405342,NA,0.291146175037157,0.5,0.182494434487315,3,3,3,2015-07-01,76,"Total revenues accrual","Y_lag1; Hours worked_leg0; Cash revenues_leg0","OK",NA
"sg_lasso","Spain","Revenues","2015-07-05",501.095622405342,NA,0.291146175037157,0.5,0.182494434487315,3,3,3,2015-07-01,76,"Total revenues accrual","Y_lag1; Hours worked_leg0; Cash revenues_leg0","OK",NA
"sg_lasso","Spain","Revenues","2015-07-15",703.926649722675,NA,0.291146175037157,0.5,0.182494434487315,3,3,3,2015-07-01,76,"Total revenues accrual","Y_lag1; Hours worked_leg0; Cash revenues_leg0","OK",NA
"sg_lasso","Spain","Revenues","2015-07-27",703.926649722675,NA,0.291146175037157,0.5,0.182494434487315,3,3,3,2015-07-01,76,"Total revenues accrual","Y_lag1; Hours worked_leg0; Cash revenues_leg0","OK",NA
"sg_lasso","Spain","Revenues","2015-07-30",703.926649722675,NA,0.291146175037157,0.5,0.182494434487315,3,3,3,2015-07-01,76,"Total revenues accrual","Y_lag1; Hours worked_leg0; Cash revenues_leg0","OK",NA
"sg_lasso","Spain","Revenues","2015-08-01",738.538827191112,NA,0.291146175037157,0.5,0.182494434487315,3,3,3,2015-08-01,76,"Total revenues accrual","Y_lag1; Hours worked_leg0; Cash revenues_leg0","OK",NA
"sg_lasso","Spain","Revenues","2015-08-05",738.538827191112,NA,0.291146175037157,0.5,0.182494434487315,3,3,3,2015-08-01,76,"Total revenues accrual","Y_lag1; Hours worked_leg0; Cash revenues_leg0","OK",NA
"sg_lasso","Spain","Revenues","2015-08-06",738.538827191112,NA,0.291146175037157,0.5,0.182494434487315,3,3,3,2015-08-01,76,"Total revenues accrual","Y_lag1; Hours worked_leg0; Cash revenues_leg0","OK",NA
"sg_lasso","Spain","Revenues","2015-08-15",557.280270691302,NA,0.291146175037157,0.5,0.182494434487315,3,3,3,2015-08-01,76,"Total revenues accrual","Y_lag1; Hours worked_leg0; Cash revenues_leg0","OK",NA
"sg_lasso","Spain","Revenues","2015-08-27",557.280270691302,NA,0.291146175037157,0.5,0.182494434487315,3,3,3,2015-08-01,76,"Total revenues accrual","Y_lag1; Hours worked_leg0; Cash revenues_leg0","OK",NA
"sg_lasso","Spain","Revenues","2015-09-01",578.852741508826,NA,0.291146175037157,0.5,0.182494434487315,3,3,3,2015-09-01,76,"Total revenues accrual","Y_lag1; Hours worked_leg0; Cash revenues_leg0","OK",NA
"sg_lasso","Spain","Revenues","2015-09-02",578.852741508826,NA,0.291146175037157,0.5,0.182494434487315,3,3,3,2015-09-01,76,"Total revenues accrual","Y_lag1; Hours worked_leg0; Cash revenues_leg0","OK",NA
"sg_lasso","Spain","Revenues","2015-09-05",578.852741508826,NA,0.291146175037157,0.5,0.182494434487315,3,3,3,2015-09-01,76,"Total revenues accrual","Y_lag1; Hours worked_leg0; Cash revenues_leg0","OK",NA
"sg_lasso","Spain","Revenues","2015-09-15",1541.34694196367,NA,0.0792816306903045,0.5,0.898829898639461,6,6,6,2015-09-01,-258,"Total revenues accrual","Y_lag1; Payroll Mass_leg0; Hours worked_leg0; IP_leg0; HICPX_leg0; Cash revenues_leg0","OK",NA
"sg_lasso","Spain","Revenues","2015-09-24",1541.34694196367,NA,0.0792816306903045,0.5,0.898829898639461,6,6,6,2015-09-01,-258,"Total revenues accrual","Y_lag1; Payroll Mass_leg0; Hours worked_leg0; IP_leg0; HICPX_leg0; Cash revenues_leg0","OK",NA
"sg_lasso","Spain","Revenues","2015-09-27",1460.0623605687,NA,0.0870114918088856,0.5,0.939632285570095,5,5,5,2015-09-01,-258,"Total revenues accrual","Y_lag1; Hours worked_leg0; IP_leg0; HICPX_leg0; Cash revenues_leg0","OK",NA
"sg_lasso","Spain","Revenues","2015-10-01",1728.81772628067,NA,0.0870114918088856,0.5,0.939632285570095,5,5,5,2015-10-01,-258,"Total revenues accrual","Y_lag1; Hours worked_leg0; IP_leg0; HICPX_leg0; Cash revenues_leg0","OK",NA
"sg_lasso","Spain","Revenues","2015-10-04",1728.81772628067,NA,0.0870114918088856,0.5,0.939632285570095,5,5,5,2015-10-01,-258,"Total revenues accrual","Y_lag1; Hours worked_leg0; IP_leg0; HICPX_leg0; Cash revenues_leg0","OK",NA
"sg_lasso","Spain","Revenues","2015-10-05",1728.81772628067,NA,0.0870114918088856,0.5,0.939632285570095,5,5,5,2015-10-01,-258,"Total revenues accrual","Y_lag1; Hours worked_leg0; IP_leg0; HICPX_leg0; Cash revenues_leg0","OK",NA
"sg_lasso","Spain","Revenues","2015-10-15",1144.1305679695,NA,0.0870114918088856,0.5,0.939632285570095,5,5,5,2015-10-01,-258,"Total revenues accrual","Y_lag1; Hours worked_leg0; IP_leg0; HICPX_leg0; Cash revenues_leg0","OK",NA
"sg_lasso","Spain","Revenues","2015-10-27",1233.6256252965,NA,0.0870114918088856,0.5,0.939632285570095,5,5,5,2015-10-01,-258,"Total revenues accrual","Y_lag1; Hours worked_leg0; IP_leg0; HICPX_leg0; Cash revenues_leg0","OK",NA
"sg_lasso","Spain","Revenues","2015-10-29",1233.6256252965,NA,0.0870114918088856,0.5,0.939632285570095,5,5,5,2015-10-01,-258,"Total revenues accrual","Y_lag1; Hours worked_leg0; IP_leg0; HICPX_leg0; Cash revenues_leg0","OK",NA
"sg_lasso","Spain","Revenues","2015-11-01",1483.57737126048,NA,0.0870114918088856,0.5,0.939632285570095,5,5,5,2015-11-01,-258,"Total revenues accrual","Y_lag1; Hours worked_leg0; IP_leg0; HICPX_leg0; Cash revenues_leg0","OK",NA
"sg_lasso","Spain","Revenues","2015-11-05",1483.57737126048,NA,0.0870114918088856,0.5,0.939632285570095,5,5,5,2015-11-01,-258,"Total revenues accrual","Y_lag1; Hours worked_leg0; IP_leg0; HICPX_leg0; Cash revenues_leg0","OK",NA
"sg_lasso","Spain","Revenues","2015-11-07",1483.57737126048,NA,0.0870114918088856,0.5,0.939632285570095,5,5,5,2015-11-01,-258,"Total revenues accrual","Y_lag1; Hours worked_leg0; IP_leg0; HICPX_leg0; Cash revenues_leg0","OK",NA
"sg_lasso","Spain","Revenues","2015-11-15",1058.08318307983,NA,0.0870114918088856,0.5,0.939632285570095,5,5,5,2015-11-01,-258,"Total revenues accrual","Y_lag1; Hours worked_leg0; IP_leg0; HICPX_leg0; Cash revenues_leg0","OK",NA
"sg_lasso","Spain","Revenues","2015-11-26",1058.08318307983,NA,0.0870114918088856,0.5,0.939632285570095,5,5,5,2015-11-01,-258,"Total revenues accrual","Y_lag1; Hours worked_leg0; IP_leg0; HICPX_leg0; Cash revenues_leg0","OK",NA
"sg_lasso","Spain","Revenues","2015-11-27",998.4198115285,NA,0.0870114918088856,0.5,0.939632285570095,5,5,5,2015-11-01,-258,"Total revenues accrual","Y_lag1; Hours worked_leg0; IP_leg0; HICPX_leg0; Cash revenues_leg0","OK",NA
"sg_lasso","Spain","Revenues","2015-12-01",18.0701508123476,NA,0.0870114918088856,0.5,0.939632285570095,5,5,5,2015-12-01,-258,"Total revenues accrual","Y_lag1; Hours worked_leg0; IP_leg0; HICPX_leg0; Cash revenues_leg0","OK",NA
"sg_lasso","Spain","Revenues","2015-12-02",18.0701508123476,NA,0.0870114918088856,0.5,0.939632285570095,5,5,5,2015-12-01,-258,"Total revenues accrual","Y_lag1; Hours worked_leg0; IP_leg0; HICPX_leg0; Cash revenues_leg0","OK",NA
"sg_lasso","Spain","Revenues","2015-12-05",18.0701508123476,NA,0.0870114918088856,0.5,0.939632285570095,5,5,5,2015-12-01,-258,"Total revenues accrual","Y_lag1; Hours worked_leg0; IP_leg0; HICPX_leg0; Cash revenues_leg0","OK",NA
"sg_lasso","Spain","Revenues","2015-12-15",-276.857714712648,NA,0.218758355475647,0.5,0.378260821285775,3,3,3,2015-12-01,1721,"Total revenues accrual","Y_lag1; Hours worked_leg0; Cash revenues_leg0","OK",NA
"sg_lasso","Spain","Revenues","2015-12-27",-276.857714712648,NA,0.218758355475647,0.5,0.378260821285775,3,3,3,2015-12-01,1721,"Total revenues accrual","Y_lag1; Hours worked_leg0; Cash revenues_leg0","OK",NA
"sg_lasso","Spain","Revenues","2015-12-31",-276.857714712648,NA,0.218758355475647,0.5,0.378260821285775,3,3,3,2015-12-01,1721,"Total revenues accrual","Y_lag1; Hours worked_leg0; Cash revenues_leg0","OK",NA
"sg_lasso","Spain","Revenues","2016-01-01",-209.848893576607,NA,0.218758355475647,0.5,0.378260821285775,3,3,3,2016-01-01,1721,"Total revenues accrual","Y_lag1; Hours worked_leg0; Cash revenues_leg0","OK",NA
"sg_lasso","Spain","Revenues","2016-01-05",-209.848893576607,NA,0.218758355475647,0.5,0.378260821285775,3,3,3,2016-01-01,1721,"Total revenues accrual","Y_lag1; Hours worked_leg0; Cash revenues_leg0","OK",NA
"sg_lasso","Spain","Revenues","2016-01-15",-354.255464744027,NA,0.218758355475647,0.5,0.378260821285775,3,3,3,2016-01-01,1721,"Total revenues accrual","Y_lag1; Hours worked_leg0; Cash revenues_leg0","OK",NA
"sg_lasso","Spain","Revenues","2016-01-27",-354.255464744027,NA,0.218758355475647,0.5,0.378260821285775,3,3,3,2016-01-01,1721,"Total revenues accrual","Y_lag1; Hours worked_leg0; Cash revenues_leg0","OK",NA
"sg_lasso","Spain","Revenues","2016-01-28",-354.255464744027,NA,0.218758355475647,0.5,0.378260821285775,3,3,3,2016-01-01,1721,"Total revenues accrual","Y_lag1; Hours worked_leg0; Cash revenues_leg0","OK",NA
"sg_lasso","Spain","Revenues","2016-02-01",-264.783643462764,NA,0.218758355475647,0.5,0.378260821285775,3,3,3,2016-02-01,1721,"Total revenues accrual","Y_lag1; Hours worked_leg0; Cash revenues_leg0","OK",NA
"sg_lasso","Spain","Revenues","2016-02-05",-264.783643462764,NA,0.218758355475647,0.5,0.378260821285775,3,3,3,2016-02-01,1721,"Total revenues accrual","Y_lag1; Hours worked_leg0; Cash revenues_leg0","OK",NA
"sg_lasso","Spain","Revenues","2016-02-15",-264.180360779302,NA,0.218758355475647,0.5,0.378260821285775,3,3,3,2016-02-01,1721,"Total revenues accrual","Y_lag1; Hours worked_leg0; Cash revenues_leg0","OK",NA
"sg_lasso","Spain","Revenues","2016-02-25",-264.180360779302,NA,0.218758355475647,0.5,0.378260821285775,3,3,3,2016-02-01,1721,"Total revenues accrual","Y_lag1; Hours worked_leg0; Cash revenues_leg0","OK",NA
"sg_lasso","Spain","Revenues","2016-02-27",-264.180360779302,NA,0.218758355475647,0.5,0.378260821285775,3,3,3,2016-02-01,1721,"Total revenues accrual","Y_lag1; Hours worked_leg0; Cash revenues_leg0","OK",NA
"sg_lasso","Spain","Revenues","2016-03-01",-407.98364926326,NA,0.218758355475647,0.5,0.378260821285775,3,3,3,2016-03-01,1721,"Total revenues accrual","Y_lag1; Hours worked_leg0; Cash revenues_leg0","OK",NA
"sg_lasso","Spain","Revenues","2016-03-02",-407.98364926326,NA,0.218758355475647,0.5,0.378260821285775,3,3,3,2016-03-01,1721,"Total revenues accrual","Y_lag1; Hours worked_leg0; Cash revenues_leg0","OK",NA
"sg_lasso","Spain","Revenues","2016-03-05",-407.98364926326,NA,0.218758355475647,0.5,0.378260821285775,3,3,3,2016-03-01,1721,"Total revenues accrual","Y_lag1; Hours worked_leg0; Cash revenues_leg0","OK",NA
"sg_lasso","Spain","Revenues","2016-03-15",876.645204210548,NA,0.0617640711575178,0.5,0.602126421817923,7,7,7,2016-03-01,-827,"Total revenues accrual","Y_lag1; Payroll Mass_leg0; Hours worked_leg0; IP_leg0; Business turnover index_leg0; HICPX_leg0; Cash revenues_leg0","OK",NA
"sg_lasso","Spain","Revenues","2016-03-27",884.27132679264,NA,0.0617640711575178,0.5,0.599300430374724,7,7,7,2016-03-01,-827,"Total revenues accrual","Y_lag1; Payroll Mass_leg0; Hours worked_leg0; IP_leg0; Business turnover index_leg0; HICPX_leg0; Cash revenues_leg0","OK",NA
"sg_lasso","Spain","Revenues","2016-03-31",884.27132679264,NA,0.0617640711575178,0.5,0.599862785425896,7,7,7,2016-03-01,-827,"Total revenues accrual","Y_lag1; Payroll Mass_leg0; Hours worked_leg0; IP_leg0; Business turnover index_leg0; HICPX_leg0; Cash revenues_leg0","OK",NA
"sg_lasso","Spain","Revenues","2016-04-01",1066.24529617554,NA,0.0617640711575178,0.5,0.599862785425896,7,7,7,2016-04-01,-827,"Total revenues accrual","Y_lag1; Payroll Mass_leg0; Hours worked_leg0; IP_leg0; Business turnover index_leg0; HICPX_leg0; Cash revenues_leg0","OK",NA
"sg_lasso","Spain","Revenues","2016-04-05",1073.97697947593,NA,0.0617640711575178,0.5,0.599862785425896,7,7,7,2016-04-01,-827,"Total revenues accrual","Y_lag1; Payroll Mass_leg0; Hours worked_leg0; IP_leg0; Business turnover index_leg0; HICPX_leg0; Cash revenues_leg0","OK",NA
"sg_lasso","Spain","Revenues","2016-04-15",921.54330433974,NA,0.0617640711575178,0.5,0.599862785425896,7,7,7,2016-04-01,-827,"Total revenues accrual","Y_lag1; Payroll Mass_leg0; Hours worked_leg0; IP_leg0; Business turnover index_leg0; HICPX_leg0; Cash revenues_leg0","OK",NA
"sg_lasso","Spain","Revenues","2016-04-27",1015.70838802803,NA,0.0617640711575178,0.5,0.599862785425896,7,7,7,2016-04-01,-827,"Total revenues accrual","Y_lag1; Payroll Mass_leg0; Hours worked_leg0; IP_leg0; Business turnover index_leg0; HICPX_leg0; Cash revenues_leg0","OK",NA
"sg_lasso","Spain","Revenues","2016-04-28",1015.70838802803,NA,0.0617640711575178,0.5,0.599862785425896,7,7,7,2016-04-01,-827,"Total revenues accrual","Y_lag1; Payroll Mass_leg0; Hours worked_leg0; IP_leg0; Business turnover index_leg0; HICPX_leg0; Cash revenues_leg0","OK",NA
"sg_lasso","Spain","Revenues","2016-05-01",1263.19288703566,NA,0.0617640711575178,0.5,0.599862785425896,7,7,7,2016-05-01,-827,"Total revenues accrual","Y_lag1; Payroll Mass_leg0; Hours worked_leg0; IP_leg0; Business turnover index_leg0; HICPX_leg0; Cash revenues_leg0","OK",NA
"sg_lasso","Spain","Revenues","2016-05-05",1202.59855211696,NA,0.0617640711575178,0.5,0.599862785425896,7,7,7,2016-05-01,-827,"Total revenues accrual","Y_lag1; Payroll Mass_leg0; Hours worked_leg0; IP_leg0; Business turnover index_leg0; HICPX_leg0; Cash revenues_leg0","OK",NA
"sg_lasso","Spain","Revenues","2016-05-07",1202.59855211696,NA,0.0617640711575178,0.5,0.599862785425896,7,7,7,2016-05-01,-827,"Total revenues accrual","Y_lag1; Payroll Mass_leg0; Hours worked_leg0; IP_leg0; Business turnover index_leg0; HICPX_leg0; Cash revenues_leg0","OK",NA
"sg_lasso","Spain","Revenues","2016-05-15",1311.96378737375,NA,0.0617640711575178,0.5,0.599862785425896,7,7,7,2016-05-01,-827,"Total revenues accrual","Y_lag1; Payroll Mass_leg0; Hours worked_leg0; IP_leg0; Business turnover index_leg0; HICPX_leg0; Cash revenues_leg0","OK",NA
"sg_lasso","Spain","Revenues","2016-05-26",1311.96378737375,NA,0.0617640711575178,0.5,0.599862785425896,7,7,7,2016-05-01,-827,"Total revenues accrual","Y_lag1; Payroll Mass_leg0; Hours worked_leg0; IP_leg0; Business turnover index_leg0; HICPX_leg0; Cash revenues_leg0","OK",NA
"sg_lasso","Spain","Revenues","2016-05-27",1177.80896278431,NA,0.0617640711575178,0.5,0.599862785425896,7,7,7,2016-05-01,-827,"Total revenues accrual","Y_lag1; Payroll Mass_leg0; Hours worked_leg0; IP_leg0; Business turnover index_leg0; HICPX_leg0; Cash revenues_leg0","OK",NA
"sg_lasso","Spain","Revenues","2016-06-01",1041.88813038543,NA,0.0617640711575178,0.5,0.599862785425896,7,7,7,2016-06-01,-827,"Total revenues accrual","Y_lag1; Payroll Mass_leg0; Hours worked_leg0; IP_leg0; Business turnover index_leg0; HICPX_leg0; Cash revenues_leg0","OK",NA
"sg_lasso","Spain","Revenues","2016-06-03",1041.88813038543,NA,0.0617640711575178,0.5,0.599862785425896,7,7,7,2016-06-01,-827,"Total revenues accrual","Y_lag1; Payroll Mass_leg0; Hours worked_leg0; IP_leg0; Business turnover index_leg0; HICPX_leg0; Cash revenues_leg0","OK",NA
"sg_lasso","Spain","Revenues","2016-06-05",1067.2510578743,NA,0.0617640711575178,0.5,0.599862785425896,7,7,7,2016-06-01,-827,"Total revenues accrual","Y_lag1; Payroll Mass_leg0; Hours worked_leg0; IP_leg0; Business turnover index_leg0; HICPX_leg0; Cash revenues_leg0","OK",NA
"sg_lasso","Spain","Revenues","2016-06-15",-102.025587532697,NA,0.067696545225625,0.5,0.72012848351594,7,7,7,2016-06-01,511,"Total revenues accrual","Y_lag1; Payroll Mass_leg0; Hours worked_leg0; IP_leg0; Business turnover index_leg0; HICPX_leg0; Cash revenues_leg0","OK",NA
"sg_lasso","Spain","Revenues","2016-06-27",-76.7532083621836,NA,0.067696545225625,0.5,0.720064385446539,7,7,7,2016-06-01,511,"Total revenues accrual","Y_lag1; Payroll Mass_leg0; Hours worked_leg0; IP_leg0; Business turnover index_leg0; HICPX_leg0; Cash revenues_leg0","OK",NA
"sg_lasso","Spain","Revenues","2016-06-30",-76.7532083621836,NA,0.067696545225625,0.5,0.719585248071062,7,7,7,2016-06-01,511,"Total revenues accrual","Y_lag1; Payroll Mass_leg0; Hours worked_leg0; IP_leg0; Business turnover index_leg0; HICPX_leg0; Cash revenues_leg0","OK",NA
"sg_lasso","Spain","Revenues","2016-07-01",-499.450734375479,NA,0.067696545225625,0.5,0.719585248071062,7,7,7,2016-07-01,511,"Total revenues accrual","Y_lag1; Payroll Mass_leg0; Hours worked_leg0; IP_leg0; Business turnover index_leg0; HICPX_leg0; Cash revenues_leg0","OK",NA
"sg_lasso","Spain","Revenues","2016-07-05",-391.228513928399,NA,0.067696545225625,0.5,0.719585248071062,7,7,7,2016-07-01,511,"Total revenues accrual","Y_lag1; Payroll Mass_leg0; Hours worked_leg0; IP_leg0; Business turnover index_leg0; HICPX_leg0; Cash revenues_leg0","OK",NA
"sg_lasso","Spain","Revenues","2016-07-15",-472.099161843486,NA,0.067696545225625,0.5,0.719585248071062,7,7,7,2016-07-01,511,"Total revenues accrual","Y_lag1; Payroll Mass_leg0; Hours worked_leg0; IP_leg0; Business turnover index_leg0; HICPX_leg0; Cash revenues_leg0","OK",NA
"sg_lasso","Spain","Revenues","2016-07-27",-316.202209520761,NA,0.067696545225625,0.5,0.719585248071062,7,7,7,2016-07-01,511,"Total revenues accrual","Y_lag1; Payroll Mass_leg0; Hours worked_leg0; IP_leg0; Business turnover index_leg0; HICPX_leg0; Cash revenues_leg0","OK",NA
"sg_lasso","Spain","Revenues","2016-07-28",-316.202209520761,NA,0.067696545225625,0.5,0.719585248071062,7,7,7,2016-07-01,511,"Total revenues accrual","Y_lag1; Payroll Mass_leg0; Hours worked_leg0; IP_leg0; Business turnover index_leg0; HICPX_leg0; Cash revenues_leg0","OK",NA
"sg_lasso","Spain","Revenues","2016-08-01",-480.021169246816,NA,0.067696545225625,0.5,0.719585248071062,7,7,7,2016-08-01,511,"Total revenues accrual","Y_lag1; Payroll Mass_leg0; Hours worked_leg0; IP_leg0; Business turnover index_leg0; HICPX_leg0; Cash revenues_leg0","OK",NA
"sg_lasso","Spain","Revenues","2016-08-05",-688.474923366117,NA,0.067696545225625,0.5,0.719585248071062,7,7,7,2016-08-01,511,"Total revenues accrual","Y_lag1; Payroll Mass_leg0; Hours worked_leg0; IP_leg0; Business turnover index_leg0; HICPX_leg0; Cash revenues_leg0","OK",NA
"sg_lasso","Spain","Revenues","2016-08-15",-340.172260980761,NA,0.067696545225625,0.5,0.719585248071062,7,7,7,2016-08-01,511,"Total revenues accrual","Y_lag1; Payroll Mass_leg0; Hours worked_leg0; IP_leg0; Business turnover index_leg0; HICPX_leg0; Cash revenues_leg0","OK",NA
"sg_lasso","Spain","Revenues","2016-08-25",-340.172260980761,NA,0.067696545225625,0.5,0.719585248071062,7,7,7,2016-08-01,511,"Total revenues accrual","Y_lag1; Payroll Mass_leg0; Hours worked_leg0; IP_leg0; Business turnover index_leg0; HICPX_leg0; Cash revenues_leg0","OK",NA
"sg_lasso","Spain","Revenues","2016-08-27",-496.069213303486,NA,0.067696545225625,0.5,0.719585248071062,7,7,7,2016-08-01,511,"Total revenues accrual","Y_lag1; Payroll Mass_leg0; Hours worked_leg0; IP_leg0; Business turnover index_leg0; HICPX_leg0; Cash revenues_leg0","OK",NA
"sg_lasso","Spain","Revenues","2016-09-01",-328.868732505438,NA,0.067696545225625,0.5,0.719585248071062,7,7,7,2016-09-01,511,"Total revenues accrual","Y_lag1; Payroll Mass_leg0; Hours worked_leg0; IP_leg0; Business turnover index_leg0; HICPX_leg0; Cash revenues_leg0","OK",NA
"sg_lasso","Spain","Revenues","2016-09-04",-328.868732505438,NA,0.067696545225625,0.5,0.719585248071062,7,7,7,2016-09-01,511,"Total revenues accrual","Y_lag1; Payroll Mass_leg0; Hours worked_leg0; IP_leg0; Business turnover index_leg0; HICPX_leg0; Cash revenues_leg0","OK",NA
"sg_lasso","Spain","Revenues","2016-09-05",-202.697077463933,NA,0.067696545225625,0.5,0.719585248071062,7,7,7,2016-09-01,511,"Total revenues accrual","Y_lag1; Payroll Mass_leg0; Hours worked_leg0; IP_leg0; Business turnover index_leg0; HICPX_leg0; Cash revenues_leg0","OK",NA
"sg_lasso","Spain","Revenues","2016-09-15",-412.31283689383,NA,0.071175968219751,0.5,0.699158340387921,7,7,7,2016-09-01,1777,"Total revenues accrual","Y_lag1; Hours worked_leg0; IP_leg0; Business turnover index_leg0; Private consumption_leg0; HICPX_leg0; Cash revenues_leg0","OK",NA
"sg_lasso","Spain","Revenues","2016-09-27",-451.277383189402,NA,0.071175968219751,0.5,0.707830096977156,7,7,7,2016-09-01,1777,"Total revenues accrual","Y_lag1; Hours worked_leg0; IP_leg0; Business turnover index_leg0; Private consumption_leg0; HICPX_leg0; Cash revenues_leg0","OK",NA
"sg_lasso","Spain","Revenues","2016-09-29",-451.277383189402,NA,0.071175968219751,0.5,0.707830096977156,7,7,7,2016-09-01,1777,"Total revenues accrual","Y_lag1; Hours worked_leg0; IP_leg0; Business turnover index_leg0; Private consumption_leg0; HICPX_leg0; Cash revenues_leg0","OK",NA
"sg_lasso","Spain","Revenues","2016-10-01",-343.97406392753,NA,0.071175968219751,0.5,0.707830096977156,7,7,7,2016-10-01,1777,"Total revenues accrual","Y_lag1; Hours worked_leg0; IP_leg0; Business turnover index_leg0; Private consumption_leg0; HICPX_leg0; Cash revenues_leg0","OK",NA
"sg_lasso","Spain","Revenues","2016-10-05",-365.38271564224,NA,0.071175968219751,0.5,0.707830096977156,7,7,7,2016-10-01,1777,"Total revenues accrual","Y_lag1; Hours worked_leg0; IP_leg0; Business turnover index_leg0; Private consumption_leg0; HICPX_leg0; Cash revenues_leg0","OK",NA
"sg_lasso","Spain","Revenues","2016-10-06",-365.38271564224,NA,0.071175968219751,0.5,0.707830096977156,7,7,7,2016-10-01,1777,"Total revenues accrual","Y_lag1; Hours worked_leg0; IP_leg0; Business turnover index_leg0; Private consumption_leg0; HICPX_leg0; Cash revenues_leg0","OK",NA
"sg_lasso","Spain","Revenues","2016-10-15",-272.936078934521,NA,0.071175968219751,0.5,0.707830096977156,7,7,7,2016-10-01,1777,"Total revenues accrual","Y_lag1; Hours worked_leg0; IP_leg0; Business turnover index_leg0; Private consumption_leg0; HICPX_leg0; Cash revenues_leg0","OK",NA
"sg_lasso","Spain","Revenues","2016-10-27",-272.936078934521,NA,0.071175968219751,0.5,0.707830096977156,7,7,7,2016-10-01,1777,"Total revenues accrual","Y_lag1; Hours worked_leg0; IP_leg0; Business turnover index_leg0; Private consumption_leg0; HICPX_leg0; Cash revenues_leg0","OK",NA
"sg_lasso","Spain","Revenues","2016-11-01",-2.35413755860952,NA,0.071175968219751,0.5,0.707830096977156,7,7,7,2016-11-01,1777,"Total revenues accrual","Y_lag1; Hours worked_leg0; IP_leg0; Business turnover index_leg0; Private consumption_leg0; HICPX_leg0; Cash revenues_leg0","OK",NA
"sg_lasso","Spain","Revenues","2016-11-02",-2.35413755860952,NA,0.071175968219751,0.5,0.707830096977156,7,7,7,2016-11-01,1777,"Total revenues accrual","Y_lag1; Hours worked_leg0; IP_leg0; Business turnover index_leg0; Private consumption_leg0; HICPX_leg0; Cash revenues_leg0","OK",NA
"sg_lasso","Spain","Revenues","2016-11-05",-24.7328616623887,NA,0.071175968219751,0.5,0.707830096977156,7,7,7,2016-11-01,1777,"Total revenues accrual","Y_lag1; Hours worked_leg0; IP_leg0; Business turnover index_leg0; Private consumption_leg0; HICPX_leg0; Cash revenues_leg0","OK",NA
"sg_lasso","Spain","Revenues","2016-11-15",-454.5163463744,NA,0.071175968219751,0.5,0.707830096977156,7,7,7,2016-11-01,1777,"Total revenues accrual","Y_lag1; Hours worked_leg0; IP_leg0; Business turnover index_leg0; Private consumption_leg0; HICPX_leg0; Cash revenues_leg0","OK",NA
"sg_lasso","Spain","Revenues","2016-11-24",-454.5163463744,NA,0.071175968219751,0.5,0.707830096977156,7,7,7,2016-11-01,1777,"Total revenues accrual","Y_lag1; Hours worked_leg0; IP_leg0; Business turnover index_leg0; Private consumption_leg0; HICPX_leg0; Cash revenues_leg0","OK",NA
"sg_lasso","Spain","Revenues","2016-11-27",-330.4012852768,NA,0.071175968219751,0.5,0.707830096977156,7,7,7,2016-11-01,1777,"Total revenues accrual","Y_lag1; Hours worked_leg0; IP_leg0; Business turnover index_leg0; Private consumption_leg0; HICPX_leg0; Cash revenues_leg0","OK",NA
"sg_lasso","Spain","Revenues","2016-12-01",-587.410448001981,NA,0.071175968219751,0.5,0.707830096977156,7,7,7,2016-12-01,1777,"Total revenues accrual","Y_lag1; Hours worked_leg0; IP_leg0; Business turnover index_leg0; Private consumption_leg0; HICPX_leg0; Cash revenues_leg0","OK",NA
"sg_lasso","Spain","Revenues","2016-12-04",-587.410448001981,NA,0.071175968219751,0.5,0.707830096977156,7,7,7,2016-12-01,1777,"Total revenues accrual","Y_lag1; Hours worked_leg0; IP_leg0; Business turnover index_leg0; Private consumption_leg0; HICPX_leg0; Cash revenues_leg0","OK",NA
"sg_lasso","Spain","Revenues","2016-12-05",-641.410453677729,NA,0.071175968219751,0.5,0.707830096977156,7,7,7,2016-12-01,1777,"Total revenues accrual","Y_lag1; Hours worked_leg0; IP_leg0; Business turnover index_leg0; Private consumption_leg0; HICPX_leg0; Cash revenues_leg0","OK",NA
"sg_lasso","Spain","Revenues","2016-12-15",506.177369290025,NA,0.0611377141630167,0.5,0.823244346100054,7,7,7,2016-12-01,1169,"Total revenues accrual","Y_lag1; Payroll Mass_leg0; Hours worked_leg0; IP_leg0; Private consumption_leg0; HICPX_leg0; Cash revenues_leg0","OK",NA
"sg_lasso","Spain","Revenues","2016-12-27",548.738379743493,NA,0.0670985658189781,0.5,0.810029219505626,6,6,6,2016-12-01,1169,"Total revenues accrual","Y_lag1; Hours worked_leg0; IP_leg0; Private consumption_leg0; HICPX_leg0; Cash revenues_leg0","OK",NA
"sg_lasso","Spain","Revenues","2016-12-29",548.738379743493,NA,0.0670985658189781,0.5,0.810029219505626,6,6,6,2016-12-01,1169,"Total revenues accrual","Y_lag1; Hours worked_leg0; IP_leg0; Private consumption_leg0; HICPX_leg0; Cash revenues_leg0","OK",NA
"sg_lasso","Spain","Revenues","2017-01-01",828.345948197951,NA,0.0670985658189781,0.5,0.810029219505626,6,6,6,2017-01-01,1169,"Total revenues accrual","Y_lag1; Hours worked_leg0; IP_leg0; Private consumption_leg0; HICPX_leg0; Cash revenues_leg0","OK",NA
"sg_lasso","Spain","Revenues","2017-01-05",828.345948197951,NA,0.0670985658189781,0.5,0.810029219505626,6,6,6,2017-01-01,1169,"Total revenues accrual","Y_lag1; Hours worked_leg0; IP_leg0; Private consumption_leg0; HICPX_leg0; Cash revenues_leg0","OK",NA
"sg_lasso","Spain","Revenues","2017-01-07",828.345948197951,NA,0.0670985658189781,0.5,0.810029219505626,6,6,6,2017-01-01,1169,"Total revenues accrual","Y_lag1; Hours worked_leg0; IP_leg0; Private consumption_leg0; HICPX_leg0; Cash revenues_leg0","OK",NA
"sg_lasso","Spain","Revenues","2017-01-15",383.002006327372,NA,0.0670985658189781,0.5,0.810029219505626,6,6,6,2017-01-01,1169,"Total revenues accrual","Y_lag1; Hours worked_leg0; IP_leg0; Private consumption_leg0; HICPX_leg0; Cash revenues_leg0","OK",NA
"sg_lasso","Spain","Revenues","2017-01-26",383.002006327372,NA,0.0670985658189781,0.5,0.810029219505626,6,6,6,2017-01-01,1169,"Total revenues accrual","Y_lag1; Hours worked_leg0; IP_leg0; Private consumption_leg0; HICPX_leg0; Cash revenues_leg0","OK",NA
"sg_lasso","Spain","Revenues","2017-01-27",383.002006327372,NA,0.0670985658189781,0.5,0.810029219505626,6,6,6,2017-01-01,1169,"Total revenues accrual","Y_lag1; Hours worked_leg0; IP_leg0; Private consumption_leg0; HICPX_leg0; Cash revenues_leg0","OK",NA
"sg_lasso","Spain","Revenues","2017-02-01",464.970012769007,NA,0.0670985658189781,0.5,0.810029219505626,6,6,6,2017-02-01,1169,"Total revenues accrual","Y_lag1; Hours worked_leg0; IP_leg0; Private consumption_leg0; HICPX_leg0; Cash revenues_leg0","OK",NA
"sg_lasso","Spain","Revenues","2017-02-03",464.970012769007,NA,0.0670985658189781,0.5,0.810029219505626,6,6,6,2017-02-01,1169,"Total revenues accrual","Y_lag1; Hours worked_leg0; IP_leg0; Private consumption_leg0; HICPX_leg0; Cash revenues_leg0","OK",NA
"sg_lasso","Spain","Revenues","2017-02-05",464.970012769007,NA,0.0670985658189781,0.5,0.810029219505626,6,6,6,2017-02-01,1169,"Total revenues accrual","Y_lag1; Hours worked_leg0; IP_leg0; Private consumption_leg0; HICPX_leg0; Cash revenues_leg0","OK",NA
"sg_lasso","Spain","Revenues","2017-02-15",491.861855979739,NA,0.0670985658189781,0.5,0.810029219505626,6,6,6,2017-02-01,1169,"Total revenues accrual","Y_lag1; Hours worked_leg0; IP_leg0; Private consumption_leg0; HICPX_leg0; Cash revenues_leg0","OK",NA
"sg_lasso","Spain","Revenues","2017-02-23",491.861855979739,NA,0.0670985658189781,0.5,0.810029219505626,6,6,6,2017-02-01,1169,"Total revenues accrual","Y_lag1; Hours worked_leg0; IP_leg0; Private consumption_leg0; HICPX_leg0; Cash revenues_leg0","OK",NA
"sg_lasso","Spain","Revenues","2017-02-27",440.849675281315,NA,0.0670985658189781,0.5,0.810029219505626,6,6,6,2017-02-01,1169,"Total revenues accrual","Y_lag1; Hours worked_leg0; IP_leg0; Private consumption_leg0; HICPX_leg0; Cash revenues_leg0","OK",NA
"sg_lasso","Spain","Revenues","2017-03-01",-28.614604076956,NA,0.0670985658189781,0.5,0.810029219505626,6,6,6,2017-03-01,1169,"Total revenues accrual","Y_lag1; Hours worked_leg0; IP_leg0; Private consumption_leg0; HICPX_leg0; Cash revenues_leg0","OK",NA
"sg_lasso","Spain","Revenues","2017-03-03",-28.614604076956,NA,0.0670985658189781,0.5,0.810029219505626,6,6,6,2017-03-01,1169,"Total revenues accrual","Y_lag1; Hours worked_leg0; IP_leg0; Private consumption_leg0; HICPX_leg0; Cash revenues_leg0","OK",NA
"sg_lasso","Spain","Revenues","2017-03-05",8.8329523743609,NA,0.0670985658189781,0.5,0.810029219505626,6,6,6,2017-03-01,1169,"Total revenues accrual","Y_lag1; Hours worked_leg0; IP_leg0; Private consumption_leg0; HICPX_leg0; Cash revenues_leg0","OK",NA
"sg_lasso","Spain","Revenues","2017-03-15",716.535594045006,NA,0.0467546151714253,0.5,0.587234265606245,8,8,8,2017-03-01,793,"Total revenues accrual","Y_lag1; Payroll Mass_leg0; Hours worked_leg0; IP_leg0; Business turnover index_leg0; Private consumption_leg0; HICPX_leg0; Cash revenues_leg0","OK",NA
"sg_lasso","Spain","Revenues","2017-03-27",520.723500573385,NA,0.0513131324317422,0.5,0.612184998726404,7,7,7,2017-03-01,793,"Total revenues accrual","Y_lag1; Payroll Mass_leg0; Hours worked_leg0; IP_leg0; Private consumption_leg0; HICPX_leg0; Cash revenues_leg0","OK",NA
"sg_lasso","Spain","Revenues","2017-03-30",520.723500573385,NA,0.0513131324317422,0.5,0.612184998726404,7,7,7,2017-03-01,793,"Total revenues accrual","Y_lag1; Payroll Mass_leg0; Hours worked_leg0; IP_leg0; Private consumption_leg0; HICPX_leg0; Cash revenues_leg0","OK",NA
"sg_lasso","Spain","Revenues","2017-04-01",648.98029412776,NA,0.0513131324317422,0.5,0.612184998726404,7,7,7,2017-04-01,793,"Total revenues accrual","Y_lag1; Payroll Mass_leg0; Hours worked_leg0; IP_leg0; Private consumption_leg0; HICPX_leg0; Cash revenues_leg0","OK",NA
"sg_lasso","Spain","Revenues","2017-04-05",648.98029412776,NA,0.0513131324317422,0.5,0.612184998726404,7,7,7,2017-04-01,793,"Total revenues accrual","Y_lag1; Payroll Mass_leg0; Hours worked_leg0; IP_leg0; Private consumption_leg0; HICPX_leg0; Cash revenues_leg0","OK",NA
"sg_lasso","Spain","Revenues","2017-04-06",648.98029412776,NA,0.0513131324317422,0.5,0.612184998726404,7,7,7,2017-04-01,793,"Total revenues accrual","Y_lag1; Payroll Mass_leg0; Hours worked_leg0; IP_leg0; Private consumption_leg0; HICPX_leg0; Cash revenues_leg0","OK",NA
"sg_lasso","Spain","Revenues","2017-04-15",461.970976144762,NA,0.0513131324317422,0.5,0.612184998726404,7,7,7,2017-04-01,793,"Total revenues accrual","Y_lag1; Payroll Mass_leg0; Hours worked_leg0; IP_leg0; Private consumption_leg0; HICPX_leg0; Cash revenues_leg0","OK",NA
"sg_lasso","Spain","Revenues","2017-04-27",627.612406219502,NA,0.0513131324317422,0.5,0.612184998726404,7,7,7,2017-04-01,793,"Total revenues accrual","Y_lag1; Payroll Mass_leg0; Hours worked_leg0; IP_leg0; Private consumption_leg0; HICPX_leg0; Cash revenues_leg0","OK",NA
"sg_lasso","Spain","Revenues","2017-05-01",775.709378211651,NA,0.0513131324317422,0.5,0.612184998726404,7,7,7,2017-05-01,793,"Total revenues accrual","Y_lag1; Payroll Mass_leg0; Hours worked_leg0; IP_leg0; Private consumption_leg0; HICPX_leg0; Cash revenues_leg0","OK",NA
"sg_lasso","Spain","Revenues","2017-05-05",775.709378211651,NA,0.0513131324317422,0.5,0.612184998726404,7,7,7,2017-05-01,793,"Total revenues accrual","Y_lag1; Payroll Mass_leg0; Hours worked_leg0; IP_leg0; Private consumption_leg0; HICPX_leg0; Cash revenues_leg0","OK",NA
"sg_lasso","Spain","Revenues","2017-05-15",488.251696447369,NA,0.0513131324317422,0.5,0.612184998726404,7,7,7,2017-05-01,793,"Total revenues accrual","Y_lag1; Payroll Mass_leg0; Hours worked_leg0; IP_leg0; Private consumption_leg0; HICPX_leg0; Cash revenues_leg0","OK",NA
"sg_lasso","Spain","Revenues","2017-05-25",488.251696447369,NA,0.0513131324317422,0.5,0.612184998726404,7,7,7,2017-05-01,793,"Total revenues accrual","Y_lag1; Payroll Mass_leg0; Hours worked_leg0; IP_leg0; Private consumption_leg0; HICPX_leg0; Cash revenues_leg0","OK",NA
"sg_lasso","Spain","Revenues","2017-05-27",445.212999870556,NA,0.0513131324317422,0.5,0.612184998726404,7,7,7,2017-05-01,793,"Total revenues accrual","Y_lag1; Payroll Mass_leg0; Hours worked_leg0; IP_leg0; Private consumption_leg0; HICPX_leg0; Cash revenues_leg0","OK",NA
"sg_lasso","Spain","Revenues","2017-06-01",93.3487336212028,NA,0.0513131324317422,0.5,0.612184998726404,7,7,7,2017-06-01,793,"Total revenues accrual","Y_lag1; Payroll Mass_leg0; Hours worked_leg0; IP_leg0; Private consumption_leg0; HICPX_leg0; Cash revenues_leg0","OK",NA
"sg_lasso","Spain","Revenues","2017-06-04",93.3487336212028,NA,0.0513131324317422,0.5,0.612184998726404,7,7,7,2017-06-01,793,"Total revenues accrual","Y_lag1; Payroll Mass_leg0; Hours worked_leg0; IP_leg0; Private consumption_leg0; HICPX_leg0; Cash revenues_leg0","OK",NA
"sg_lasso","Spain","Revenues","2017-06-05",45.5017021009867,NA,0.0513131324317422,0.5,0.612184998726404,7,7,7,2017-06-01,793,"Total revenues accrual","Y_lag1; Payroll Mass_leg0; Hours worked_leg0; IP_leg0; Private consumption_leg0; HICPX_leg0; Cash revenues_leg0","OK",NA
"sg_lasso","Spain","Revenues","2017-06-15",591.484566012499,NA,0.0453389943127778,0.5,0.602370351135838,9,9,9,2017-06-01,1596,"Total revenues accrual","Y_lag1; Payroll Mass_leg0; Hours worked_leg0; IP_leg0; Business turnover index_leg0; Private consumption_leg0; HICPX_leg0; Stock market_leg0; Cash revenues_leg0","OK",NA
"sg_lasso","Spain","Revenues","2017-06-27",607.636244170453,NA,0.0497594902869703,0.5,0.600729121994173,8,8,8,2017-06-01,1596,"Total revenues accrual","Y_lag1; Payroll Mass_leg0; Hours worked_leg0; IP_leg0; Business turnover index_leg0; Private consumption_leg0; HICPX_leg0; Cash revenues_leg0","OK",NA
"sg_lasso","Spain","Revenues","2017-06-29",607.636244170453,NA,0.0497594902869703,0.5,0.600729121994173,8,8,8,2017-06-01,1596,"Total revenues accrual","Y_lag1; Payroll Mass_leg0; Hours worked_leg0; IP_leg0; Business turnover index_leg0; Private consumption_leg0; HICPX_leg0; Cash revenues_leg0","OK",NA
"sg_lasso","Spain","Revenues","2017-07-01",1106.0892916654,NA,0.0497594902869703,0.5,0.600729121994173,8,8,8,2017-07-01,1596,"Total revenues accrual","Y_lag1; Payroll Mass_leg0; Hours worked_leg0; IP_leg0; Business turnover index_leg0; Private consumption_leg0; HICPX_leg0; Cash revenues_leg0","OK",NA
"sg_lasso","Spain","Revenues","2017-07-05",1028.23343119398,NA,0.0497594902869703,0.5,0.600729121994173,8,8,8,2017-07-01,1596,"Total revenues accrual","Y_lag1; Payroll Mass_leg0; Hours worked_leg0; IP_leg0; Business turnover index_leg0; Private consumption_leg0; HICPX_leg0; Cash revenues_leg0","OK",NA
"sg_lasso","Spain","Revenues","2017-07-06",1028.23343119398,NA,0.0497594902869703,0.5,0.600729121994173,8,8,8,2017-07-01,1596,"Total revenues accrual","Y_lag1; Payroll Mass_leg0; Hours worked_leg0; IP_leg0; Business turnover index_leg0; Private consumption_leg0; HICPX_leg0; Cash revenues_leg0","OK",NA
"sg_lasso","Spain","Revenues","2017-07-15",482.801246529302,NA,0.0497594902869703,0.5,0.600729121994173,8,8,8,2017-07-01,1596,"Total revenues accrual","Y_lag1; Payroll Mass_leg0; Hours worked_leg0; IP_leg0; Business turnover index_leg0; Private consumption_leg0; HICPX_leg0; Cash revenues_leg0","OK",NA
"sg_lasso","Spain","Revenues","2017-07-27",482.801246529302,NA,0.0497594902869703,0.5,0.600729121994173,8,8,8,2017-07-01,1596,"Total revenues accrual","Y_lag1; Payroll Mass_leg0; Hours worked_leg0; IP_leg0; Business turnover index_leg0; Private consumption_leg0; HICPX_leg0; Cash revenues_leg0","OK",NA
"sg_lasso","Spain","Revenues","2017-08-01",712.314117632542,NA,0.0497594902869703,0.5,0.600729121994173,8,8,8,2017-08-01,1596,"Total revenues accrual","Y_lag1; Payroll Mass_leg0; Hours worked_leg0; IP_leg0; Business turnover index_leg0; Private consumption_leg0; HICPX_leg0; Cash revenues_leg0","OK",NA
"sg_lasso","Spain","Revenues","2017-08-02",712.314117632542,NA,0.0497594902869703,0.5,0.600729121994173,8,8,8,2017-08-01,1596,"Total revenues accrual","Y_lag1; Payroll Mass_leg0; Hours worked_leg0; IP_leg0; Business turnover index_leg0; Private consumption_leg0; HICPX_leg0; Cash revenues_leg0","OK",NA
"sg_lasso","Spain","Revenues","2017-08-05",763.295565768964,NA,0.0497594902869703,0.5,0.600729121994173,8,8,8,2017-08-01,1596,"Total revenues accrual","Y_lag1; Payroll Mass_leg0; Hours worked_leg0; IP_leg0; Business turnover index_leg0; Private consumption_leg0; HICPX_leg0; Cash revenues_leg0","OK",NA
"sg_lasso","Spain","Revenues","2017-08-15",981.617767293422,NA,0.0497594902869703,0.5,0.600729121994173,8,8,8,2017-08-01,1596,"Total revenues accrual","Y_lag1; Payroll Mass_leg0; Hours worked_leg0; IP_leg0; Business turnover index_leg0; Private consumption_leg0; HICPX_leg0; Cash revenues_leg0","OK",NA
"sg_lasso","Spain","Revenues","2017-08-27",921.414271194933,NA,0.0497594902869703,0.5,0.600729121994173,8,8,8,2017-08-01,1596,"Total revenues accrual","Y_lag1; Payroll Mass_leg0; Hours worked_leg0; IP_leg0; Business turnover index_leg0; Private consumption_leg0; HICPX_leg0; Cash revenues_leg0","OK",NA
"sg_lasso","Spain","Revenues","2017-08-31",921.414271194933,NA,0.0497594902869703,0.5,0.600729121994173,8,8,8,2017-08-01,1596,"Total revenues accrual","Y_lag1; Payroll Mass_leg0; Hours worked_leg0; IP_leg0; Business turnover index_leg0; Private consumption_leg0; HICPX_leg0; Cash revenues_leg0","OK",NA
"sg_lasso","Spain","Revenues","2017-09-01",507.226379621231,NA,0.0497594902869703,0.5,0.600729121994173,8,8,8,2017-09-01,1596,"Total revenues accrual","Y_lag1; Payroll Mass_leg0; Hours worked_leg0; IP_leg0; Business turnover index_leg0; Private consumption_leg0; HICPX_leg0; Cash revenues_leg0","OK",NA
"sg_lasso","Spain","Revenues","2017-09-05",393.79054551912,NA,0.0497594902869703,0.5,0.600729121994173,8,8,8,2017-09-01,1596,"Total revenues accrual","Y_lag1; Payroll Mass_leg0; Hours worked_leg0; IP_leg0; Business turnover index_leg0; Private consumption_leg0; HICPX_leg0; Cash revenues_leg0","OK",NA
"sg_lasso","Spain","Revenues","2017-09-15",498.786513327946,NA,0.0461019301144395,0.5,0.314900338650336,9,9,9,2017-09-01,1015,"Total revenues accrual","Y_lag1; Payroll Mass_leg0; Hours worked_leg0; IP_leg0; Business turnover index_leg0; Private consumption_leg0; HICPX_leg0; Stock market_leg0; Cash revenues_leg0","OK",NA
"sg_lasso","Spain","Revenues","2017-09-27",452.159189253328,NA,0.0461019301144395,0.5,0.315977031720729,9,9,9,2017-09-01,1015,"Total revenues accrual","Y_lag1; Payroll Mass_leg0; Hours worked_leg0; IP_leg0; Business turnover index_leg0; Private consumption_leg0; HICPX_leg0; Stock market_leg0; Cash revenues_leg0","OK",NA
"sg_lasso","Spain","Revenues","2017-09-28",452.159189253328,NA,0.0461019301144395,0.5,0.315977031720729,9,9,9,2017-09-01,1015,"Total revenues accrual","Y_lag1; Payroll Mass_leg0; Hours worked_leg0; IP_leg0; Business turnover index_leg0; Private consumption_leg0; HICPX_leg0; Stock market_leg0; Cash revenues_leg0","OK",NA
"sg_lasso","Spain","Revenues","2017-10-01",174.13672929209,NA,0.0461019301144395,0.5,0.315977031720729,9,9,9,2017-10-01,1015,"Total revenues accrual","Y_lag1; Payroll Mass_leg0; Hours worked_leg0; IP_leg0; Business turnover index_leg0; Private consumption_leg0; HICPX_leg0; Stock market_leg0; Cash revenues_leg0","OK",NA
"sg_lasso","Spain","Revenues","2017-10-05",-17.1421041104432,NA,0.0461019301144395,0.5,0.315977031720729,9,9,9,2017-10-01,1015,"Total revenues accrual","Y_lag1; Payroll Mass_leg0; Hours worked_leg0; IP_leg0; Business turnover index_leg0; Private consumption_leg0; HICPX_leg0; Stock market_leg0; Cash revenues_leg0","OK",NA
"sg_lasso","Spain","Revenues","2017-10-07",-17.1421041104432,NA,0.0461019301144395,0.5,0.315977031720729,9,9,9,2017-10-01,1015,"Total revenues accrual","Y_lag1; Payroll Mass_leg0; Hours worked_leg0; IP_leg0; Business turnover index_leg0; Private consumption_leg0; HICPX_leg0; Stock market_leg0; Cash revenues_leg0","OK",NA
"sg_lasso","Spain","Revenues","2017-10-15",209.603172281387,NA,0.0461019301144395,0.5,0.315977031720729,9,9,9,2017-10-01,1015,"Total revenues accrual","Y_lag1; Payroll Mass_leg0; Hours worked_leg0; IP_leg0; Business turnover index_leg0; Private consumption_leg0; HICPX_leg0; Stock market_leg0; Cash revenues_leg0","OK",NA
"sg_lasso","Spain","Revenues","2017-10-26",209.603172281387,NA,0.0461019301144395,0.5,0.315977031720729,9,9,9,2017-10-01,1015,"Total revenues accrual","Y_lag1; Payroll Mass_leg0; Hours worked_leg0; IP_leg0; Business turnover index_leg0; Private consumption_leg0; HICPX_leg0; Stock market_leg0; Cash revenues_leg0","OK",NA
"sg_lasso","Spain","Revenues","2017-10-27",324.162042678918,NA,0.0461019301144395,0.5,0.315977031720729,9,9,9,2017-10-01,1015,"Total revenues accrual","Y_lag1; Payroll Mass_leg0; Hours worked_leg0; IP_leg0; Business turnover index_leg0; Private consumption_leg0; HICPX_leg0; Stock market_leg0; Cash revenues_leg0","OK",NA
"sg_lasso","Spain","Revenues","2017-11-01",-98.0812430558256,NA,0.0461019301144395,0.5,0.315977031720729,9,9,9,2017-11-01,1015,"Total revenues accrual","Y_lag1; Payroll Mass_leg0; Hours worked_leg0; IP_leg0; Business turnover index_leg0; Private consumption_leg0; HICPX_leg0; Stock market_leg0; Cash revenues_leg0","OK",NA
"sg_lasso","Spain","Revenues","2017-11-03",-98.0812430558256,NA,0.0461019301144395,0.5,0.315977031720729,9,9,9,2017-11-01,1015,"Total revenues accrual","Y_lag1; Payroll Mass_leg0; Hours worked_leg0; IP_leg0; Business turnover index_leg0; Private consumption_leg0; HICPX_leg0; Stock market_leg0; Cash revenues_leg0","OK",NA
"sg_lasso","Spain","Revenues","2017-11-05",-8.88162917249849,NA,0.0461019301144395,0.5,0.315977031720729,9,9,9,2017-11-01,1015,"Total revenues accrual","Y_lag1; Payroll Mass_leg0; Hours worked_leg0; IP_leg0; Business turnover index_leg0; Private consumption_leg0; HICPX_leg0; Stock market_leg0; Cash revenues_leg0","OK",NA
"sg_lasso","Spain","Revenues","2017-11-15",-248.738874986629,NA,0.0461019301144395,0.5,0.315977031720729,9,9,9,2017-11-01,1015,"Total revenues accrual","Y_lag1; Payroll Mass_leg0; Hours worked_leg0; IP_leg0; Business turnover index_leg0; Private consumption_leg0; HICPX_leg0; Stock market_leg0; Cash revenues_leg0","OK",NA
"sg_lasso","Spain","Revenues","2017-11-27",-420.577180582926,NA,0.0461019301144395,0.5,0.315977031720729,9,9,9,2017-11-01,1015,"Total revenues accrual","Y_lag1; Payroll Mass_leg0; Hours worked_leg0; IP_leg0; Business turnover index_leg0; Private consumption_leg0; HICPX_leg0; Stock market_leg0; Cash revenues_leg0","OK",NA
"sg_lasso","Spain","Revenues","2017-11-30",-420.577180582926,NA,0.0461019301144395,0.5,0.315977031720729,9,9,9,2017-11-01,1015,"Total revenues accrual","Y_lag1; Payroll Mass_leg0; Hours worked_leg0; IP_leg0; Business turnover index_leg0; Private consumption_leg0; HICPX_leg0; Stock market_leg0; Cash revenues_leg0","OK",NA
"sg_lasso","Spain","Revenues","2017-12-01",-582.859097243711,NA,0.0461019301144395,0.5,0.315977031720729,9,9,9,2017-12-01,1015,"Total revenues accrual","Y_lag1; Payroll Mass_leg0; Hours worked_leg0; IP_leg0; Business turnover index_leg0; Private consumption_leg0; HICPX_leg0; Stock market_leg0; Cash revenues_leg0","OK",NA
"sg_lasso","Spain","Revenues","2017-12-05",-438.512842829087,NA,0.0461019301144395,0.5,0.315977031720729,9,9,9,2017-12-01,1015,"Total revenues accrual","Y_lag1; Payroll Mass_leg0; Hours worked_leg0; IP_leg0; Business turnover index_leg0; Private consumption_leg0; HICPX_leg0; Stock market_leg0; Cash revenues_leg0","OK",NA
"sg_lasso","Spain","Revenues","2017-12-15",272.382058174523,NA,0.0356032942195945,0.5,0.652056849707286,10,10,10,2017-12-01,1127,"Total revenues accrual","Y_lag1; Payroll Mass_leg0; Hours worked_leg0; IP_leg0; Business turnover index_leg0; Private consumption_leg0; HICPX_leg0; Energy prices_leg0; Stock market_leg0; Cash revenues_leg0","OK",NA
"sg_lasso","Spain","Revenues","2017-12-27",268.509783605989,NA,0.0324403956879164,0.5,0.647735652552484,10,10,10,2017-12-01,1127,"Total revenues accrual","Y_lag1; Payroll Mass_leg0; Hours worked_leg0; IP_leg0; Business turnover index_leg0; Private consumption_leg0; HICPX_leg0; Energy prices_leg0; Stock market_leg0; Cash revenues_leg0","OK",NA
"sg_lasso","Spain","Revenues","2017-12-28",268.509783605989,NA,0.0324403956879164,0.5,0.647632977256302,10,10,10,2017-12-01,1127,"Total revenues accrual","Y_lag1; Payroll Mass_leg0; Hours worked_leg0; IP_leg0; Business turnover index_leg0; Private consumption_leg0; HICPX_leg0; Energy prices_leg0; Stock market_leg0; Cash revenues_leg0","OK",NA
"sg_lasso","Spain","Revenues","2018-01-01",491.290729068955,NA,0.0324403956879164,0.5,0.647632977256302,10,10,10,2018-01-01,1127,"Total revenues accrual","Y_lag1; Payroll Mass_leg0; Hours worked_leg0; IP_leg0; Business turnover index_leg0; Private consumption_leg0; HICPX_leg0; Energy prices_leg0; Stock market_leg0; Cash revenues_leg0","OK",NA
"sg_lasso","Spain","Revenues","2018-01-05",462.976795025829,NA,0.0324403956879164,0.5,0.647632977256302,10,10,10,2018-01-01,1127,"Total revenues accrual","Y_lag1; Payroll Mass_leg0; Hours worked_leg0; IP_leg0; Business turnover index_leg0; Private consumption_leg0; HICPX_leg0; Energy prices_leg0; Stock market_leg0; Cash revenues_leg0","OK",NA
"sg_lasso","Spain","Revenues","2018-01-15",119.14059107589,NA,0.0324403956879164,0.5,0.647632977256302,10,10,10,2018-01-01,1127,"Total revenues accrual","Y_lag1; Payroll Mass_leg0; Hours worked_leg0; IP_leg0; Business turnover index_leg0; Private consumption_leg0; HICPX_leg0; Energy prices_leg0; Stock market_leg0; Cash revenues_leg0","OK",NA
"sg_lasso","Spain","Revenues","2018-01-25",119.14059107589,NA,0.0324403956879164,0.5,0.647632977256302,10,10,10,2018-01-01,1127,"Total revenues accrual","Y_lag1; Payroll Mass_leg0; Hours worked_leg0; IP_leg0; Business turnover index_leg0; Private consumption_leg0; HICPX_leg0; Energy prices_leg0; Stock market_leg0; Cash revenues_leg0","OK",NA
"sg_lasso","Spain","Revenues","2018-01-27",118.614914869065,NA,0.0324403956879164,0.5,0.647632977256302,10,10,10,2018-01-01,1127,"Total revenues accrual","Y_lag1; Payroll Mass_leg0; Hours worked_leg0; IP_leg0; Business turnover index_leg0; Private consumption_leg0; HICPX_leg0; Energy prices_leg0; Stock market_leg0; Cash revenues_leg0","OK",NA
"sg_lasso","Spain","Revenues","2018-02-01",339.116456703538,NA,0.0324403956879164,0.5,0.647632977256302,10,10,10,2018-02-01,1127,"Total revenues accrual","Y_lag1; Payroll Mass_leg0; Hours worked_leg0; IP_leg0; Business turnover index_leg0; Private consumption_leg0; HICPX_leg0; Energy prices_leg0; Stock market_leg0; Cash revenues_leg0","OK",NA
"sg_lasso","Spain","Revenues","2018-02-04",339.116456703538,NA,0.0324403956879164,0.5,0.647632977256302,10,10,10,2018-02-01,1127,"Total revenues accrual","Y_lag1; Payroll Mass_leg0; Hours worked_leg0; IP_leg0; Business turnover index_leg0; Private consumption_leg0; HICPX_leg0; Energy prices_leg0; Stock market_leg0; Cash revenues_leg0","OK",NA
"sg_lasso","Spain","Revenues","2018-02-05",302.187146986943,NA,0.0324403956879164,0.5,0.647632977256302,10,10,10,2018-02-01,1127,"Total revenues accrual","Y_lag1; Payroll Mass_leg0; Hours worked_leg0; IP_leg0; Business turnover index_leg0; Private consumption_leg0; HICPX_leg0; Energy prices_leg0; Stock market_leg0; Cash revenues_leg0","OK",NA
"sg_lasso","Spain","Revenues","2018-02-15",335.45083412864,NA,0.0324403956879164,0.5,0.647632977256302,10,10,10,2018-02-01,1127,"Total revenues accrual","Y_lag1; Payroll Mass_leg0; Hours worked_leg0; IP_leg0; Business turnover index_leg0; Private consumption_leg0; HICPX_leg0; Energy prices_leg0; Stock market_leg0; Cash revenues_leg0","OK",NA
"sg_lasso","Spain","Revenues","2018-02-22",335.45083412864,NA,0.0324403956879164,0.5,0.647632977256302,10,10,10,2018-02-01,1127,"Total revenues accrual","Y_lag1; Payroll Mass_leg0; Hours worked_leg0; IP_leg0; Business turnover index_leg0; Private consumption_leg0; HICPX_leg0; Energy prices_leg0; Stock market_leg0; Cash revenues_leg0","OK",NA
"sg_lasso","Spain","Revenues","2018-02-27",501.212702953914,NA,0.0324403956879164,0.5,0.647632977256302,10,10,10,2018-02-01,1127,"Total revenues accrual","Y_lag1; Payroll Mass_leg0; Hours worked_leg0; IP_leg0; Business turnover index_leg0; Private consumption_leg0; HICPX_leg0; Energy prices_leg0; Stock market_leg0; Cash revenues_leg0","OK",NA
"sg_lasso","Spain","Revenues","2018-03-01",290.359511876275,NA,0.0324403956879164,0.5,0.647632977256302,10,10,10,2018-03-01,1127,"Total revenues accrual","Y_lag1; Payroll Mass_leg0; Hours worked_leg0; IP_leg0; Business turnover index_leg0; Private consumption_leg0; HICPX_leg0; Energy prices_leg0; Stock market_leg0; Cash revenues_leg0","OK",NA
"sg_lasso","Spain","Revenues","2018-03-04",290.359511876275,NA,0.0324403956879164,0.5,0.647632977256302,10,10,10,2018-03-01,1127,"Total revenues accrual","Y_lag1; Payroll Mass_leg0; Hours worked_leg0; IP_leg0; Business turnover index_leg0; Private consumption_leg0; HICPX_leg0; Energy prices_leg0; Stock market_leg0; Cash revenues_leg0","OK",NA
"sg_lasso","Spain","Revenues","2018-03-05",455.7104146457,NA,0.0324403956879164,0.5,0.647632977256302,10,10,10,2018-03-01,1127,"Total revenues accrual","Y_lag1; Payroll Mass_leg0; Hours worked_leg0; IP_leg0; Business turnover index_leg0; Private consumption_leg0; HICPX_leg0; Energy prices_leg0; Stock market_leg0; Cash revenues_leg0","OK",NA
"sg_lasso","Spain","Revenues","2018-03-15",487.512231124724,NA,0.0230611558754332,0.5,0.618637599358893,9,9,9,2018-03-01,2383,"Total revenues accrual","Y_lag1; Payroll Mass_leg0; Hours worked_leg0; Business turnover index_leg0; Retail sales_leg0; Private consumption_leg0; HICPX_leg0; Energy prices_leg0; Cash revenues_leg0","OK",NA
"sg_lasso","Spain","Revenues","2018-03-27",305.719001240822,NA,0.0253095901041309,0.5,0.654438650762318,9,9,9,2018-03-01,2383,"Total revenues accrual","Y_lag1; Payroll Mass_leg0; Hours worked_leg0; Business turnover index_leg0; Retail sales_leg0; Private consumption_leg0; HICPX_leg0; Energy prices_leg0; Cash revenues_leg0","OK",NA
"sg_lasso","Spain","Revenues","2018-03-29",307.961901957653,NA,0.0230611558754332,0.5,0.636195665499362,10,10,10,2018-03-01,2383,"Total revenues accrual","Y_lag1; Payroll Mass_leg0; Hours worked_leg0; Business turnover index_leg0; Retail sales_leg0; Private consumption_leg0; HICPX_leg0; Energy prices_leg0; Stock market_leg0; Cash revenues_leg0","OK",NA
"sg_lasso","Spain","Revenues","2018-04-01",903.620648272009,NA,0.0230611558754332,0.5,0.636195665499362,10,10,10,2018-04-01,2383,"Total revenues accrual","Y_lag1; Payroll Mass_leg0; Hours worked_leg0; Business turnover index_leg0; Retail sales_leg0; Private consumption_leg0; HICPX_leg0; Energy prices_leg0; Stock market_leg0; Cash revenues_leg0","OK",NA
"sg_lasso","Spain","Revenues","2018-04-05",754.782233984397,NA,0.0230611558754332,0.5,0.636195665499362,10,10,10,2018-04-01,2383,"Total revenues accrual","Y_lag1; Payroll Mass_leg0; Hours worked_leg0; Business turnover index_leg0; Retail sales_leg0; Private consumption_leg0; HICPX_leg0; Energy prices_leg0; Stock market_leg0; Cash revenues_leg0","OK",NA
"sg_lasso","Spain","Revenues","2018-04-07",755.776215308181,NA,0.0230611558754332,0.5,0.636195665499362,10,10,10,2018-04-01,2383,"Total revenues accrual","Y_lag1; Payroll Mass_leg0; Hours worked_leg0; Business turnover index_leg0; Retail sales_leg0; Private consumption_leg0; HICPX_leg0; Energy prices_leg0; Stock market_leg0; Cash revenues_leg0","OK",NA
"sg_lasso","Spain","Revenues","2018-04-15",565.394873644987,NA,0.0230611558754332,0.5,0.636195665499362,10,10,10,2018-04-01,2383,"Total revenues accrual","Y_lag1; Payroll Mass_leg0; Hours worked_leg0; Business turnover index_leg0; Retail sales_leg0; Private consumption_leg0; HICPX_leg0; Energy prices_leg0; Stock market_leg0; Cash revenues_leg0","OK",NA
"sg_lasso","Spain","Revenues","2018-04-26",565.394873644987,NA,0.0230611558754332,0.5,0.636195665499362,10,10,10,2018-04-01,2383,"Total revenues accrual","Y_lag1; Payroll Mass_leg0; Hours worked_leg0; Business turnover index_leg0; Retail sales_leg0; Private consumption_leg0; HICPX_leg0; Energy prices_leg0; Stock market_leg0; Cash revenues_leg0","OK",NA
"sg_lasso","Spain","Revenues","2018-04-27",690.037997330235,NA,0.0230611558754332,0.5,0.636195665499362,10,10,10,2018-04-01,2383,"Total revenues accrual","Y_lag1; Payroll Mass_leg0; Hours worked_leg0; Business turnover index_leg0; Retail sales_leg0; Private consumption_leg0; HICPX_leg0; Energy prices_leg0; Stock market_leg0; Cash revenues_leg0","OK",NA
"sg_lasso","Spain","Revenues","2018-05-01",928.831630026337,NA,0.0230611558754332,0.5,0.636195665499362,10,10,10,2018-05-01,2383,"Total revenues accrual","Y_lag1; Payroll Mass_leg0; Hours worked_leg0; Business turnover index_leg0; Retail sales_leg0; Private consumption_leg0; HICPX_leg0; Energy prices_leg0; Stock market_leg0; Cash revenues_leg0","OK",NA
"sg_lasso","Spain","Revenues","2018-05-02",932.131901972166,NA,0.0230611558754332,0.5,0.636195665499362,10,10,10,2018-05-01,2383,"Total revenues accrual","Y_lag1; Payroll Mass_leg0; Hours worked_leg0; Business turnover index_leg0; Retail sales_leg0; Private consumption_leg0; HICPX_leg0; Energy prices_leg0; Stock market_leg0; Cash revenues_leg0","OK",NA
"sg_lasso","Spain","Revenues","2018-05-05",778.599608845731,NA,0.0230611558754332,0.5,0.636195665499362,10,10,10,2018-05-01,2383,"Total revenues accrual","Y_lag1; Payroll Mass_leg0; Hours worked_leg0; Business turnover index_leg0; Retail sales_leg0; Private consumption_leg0; HICPX_leg0; Energy prices_leg0; Stock market_leg0; Cash revenues_leg0","OK",NA
"sg_lasso","Spain","Revenues","2018-05-15",942.946507810106,NA,0.0230611558754332,0.5,0.636195665499362,10,10,10,2018-05-01,2383,"Total revenues accrual","Y_lag1; Payroll Mass_leg0; Hours worked_leg0; Business turnover index_leg0; Retail sales_leg0; Private consumption_leg0; HICPX_leg0; Energy prices_leg0; Stock market_leg0; Cash revenues_leg0","OK",NA
"sg_lasso","Spain","Revenues","2018-05-27",1069.9255515171,NA,0.0230611558754332,0.5,0.636195665499362,10,10,10,2018-05-01,2383,"Total revenues accrual","Y_lag1; Payroll Mass_leg0; Hours worked_leg0; Business turnover index_leg0; Retail sales_leg0; Private consumption_leg0; HICPX_leg0; Energy prices_leg0; Stock market_leg0; Cash revenues_leg0","OK",NA
"sg_lasso","Spain","Revenues","2018-05-31",1069.9255515171,NA,0.0230611558754332,0.5,0.636195665499362,10,10,10,2018-05-01,2383,"Total revenues accrual","Y_lag1; Payroll Mass_leg0; Hours worked_leg0; Business turnover index_leg0; Retail sales_leg0; Private consumption_leg0; HICPX_leg0; Energy prices_leg0; Stock market_leg0; Cash revenues_leg0","OK",NA
"sg_lasso","Spain","Revenues","2018-06-01",997.145931614502,NA,0.0230611558754332,0.5,0.636195665499362,10,10,10,2018-06-01,2383,"Total revenues accrual","Y_lag1; Payroll Mass_leg0; Hours worked_leg0; Business turnover index_leg0; Retail sales_leg0; Private consumption_leg0; HICPX_leg0; Energy prices_leg0; Stock market_leg0; Cash revenues_leg0","OK",NA
"sg_lasso","Spain","Revenues","2018-06-05",798.68202396306,NA,0.0230611558754332,0.5,0.636195665499362,10,10,10,2018-06-01,2383,"Total revenues accrual","Y_lag1; Payroll Mass_leg0; Hours worked_leg0; Business turnover index_leg0; Retail sales_leg0; Private consumption_leg0; HICPX_leg0; Energy prices_leg0; Stock market_leg0; Cash revenues_leg0","OK",NA
"sg_lasso","Spain","Revenues","2018-06-15",1049.49098820218,NA,0.0292730352285659,0.5,0.496073380518619,9,9,9,2018-06-01,1899,"Total revenues accrual","Y_lag1; Payroll Mass_leg0; Hours worked_leg0; Business turnover index_leg0; Retail sales_leg0; Private consumption_leg0; HICPX_leg0; Energy prices_leg0; Cash revenues_leg0","OK",NA
"sg_lasso","Spain","Revenues","2018-06-27",768.164145489731,NA,0.0321271200255858,0.5,0.540809649651076,9,9,9,2018-06-01,1899,"Total revenues accrual","Y_lag1; Payroll Mass_leg0; Hours worked_leg0; Business turnover index_leg0; Retail sales_leg0; Private consumption_leg0; HICPX_leg0; Energy prices_leg0; Cash revenues_leg0","OK",NA
"sg_lasso","Spain","Revenues","2018-06-28",768.164145489731,NA,0.0321271200255858,0.5,0.541979536744522,9,9,9,2018-06-01,1899,"Total revenues accrual","Y_lag1; Payroll Mass_leg0; Hours worked_leg0; Business turnover index_leg0; Retail sales_leg0; Private consumption_leg0; HICPX_leg0; Energy prices_leg0; Cash revenues_leg0","OK",NA
"sg_lasso","Spain","Revenues","2018-07-01",213.778191032224,NA,0.0321271200255858,0.5,0.541979536744522,9,9,9,2018-07-01,1899,"Total revenues accrual","Y_lag1; Payroll Mass_leg0; Hours worked_leg0; Business turnover index_leg0; Retail sales_leg0; Private consumption_leg0; HICPX_leg0; Energy prices_leg0; Cash revenues_leg0","OK",NA
"sg_lasso","Spain","Revenues","2018-07-05",242.523147892348,NA,0.0321271200255858,0.5,0.541979536744522,9,9,9,2018-07-01,1899,"Total revenues accrual","Y_lag1; Payroll Mass_leg0; Hours worked_leg0; Business turnover index_leg0; Retail sales_leg0; Private consumption_leg0; HICPX_leg0; Energy prices_leg0; Cash revenues_leg0","OK",NA
"sg_lasso","Spain","Revenues","2018-07-07",244.263752336422,NA,0.0321271200255858,0.5,0.541979536744522,9,9,9,2018-07-01,1899,"Total revenues accrual","Y_lag1; Payroll Mass_leg0; Hours worked_leg0; Business turnover index_leg0; Retail sales_leg0; Private consumption_leg0; HICPX_leg0; Energy prices_leg0; Cash revenues_leg0","OK",NA
"sg_lasso","Spain","Revenues","2018-07-15",272.33326165502,NA,0.0321271200255858,0.5,0.541979536744522,9,9,9,2018-07-01,1899,"Total revenues accrual","Y_lag1; Payroll Mass_leg0; Hours worked_leg0; Business turnover index_leg0; Retail sales_leg0; Private consumption_leg0; HICPX_leg0; Energy prices_leg0; Cash revenues_leg0","OK",NA
"sg_lasso","Spain","Revenues","2018-07-26",272.33326165502,NA,0.0321271200255858,0.5,0.541979536744522,9,9,9,2018-07-01,1899,"Total revenues accrual","Y_lag1; Payroll Mass_leg0; Hours worked_leg0; Business turnover index_leg0; Retail sales_leg0; Private consumption_leg0; HICPX_leg0; Energy prices_leg0; Cash revenues_leg0","OK",NA
"sg_lasso","Spain","Revenues","2018-07-27",197.542364956318,NA,0.0321271200255858,0.5,0.541979536744522,9,9,9,2018-07-01,1899,"Total revenues accrual","Y_lag1; Payroll Mass_leg0; Hours worked_leg0; Business turnover index_leg0; Retail sales_leg0; Private consumption_leg0; HICPX_leg0; Energy prices_leg0; Cash revenues_leg0","OK",NA
"sg_lasso","Spain","Revenues","2018-08-01",-564.021242643918,NA,0.0321271200255858,0.5,0.541979536744522,9,9,9,2018-08-01,1899,"Total revenues accrual","Y_lag1; Payroll Mass_leg0; Hours worked_leg0; Business turnover index_leg0; Retail sales_leg0; Private consumption_leg0; HICPX_leg0; Energy prices_leg0; Cash revenues_leg0","OK",NA
"sg_lasso","Spain","Revenues","2018-08-03",-563.720466615246,NA,0.0321271200255858,0.5,0.541979536744522,9,9,9,2018-08-01,1899,"Total revenues accrual","Y_lag1; Payroll Mass_leg0; Hours worked_leg0; Business turnover index_leg0; Retail sales_leg0; Private consumption_leg0; HICPX_leg0; Energy prices_leg0; Cash revenues_leg0","OK",NA
"sg_lasso","Spain","Revenues","2018-08-05",-519.758973530178,NA,0.0321271200255858,0.5,0.541979536744522,9,9,9,2018-08-01,1899,"Total revenues accrual","Y_lag1; Payroll Mass_leg0; Hours worked_leg0; Business turnover index_leg0; Retail sales_leg0; Private consumption_leg0; HICPX_leg0; Energy prices_leg0; Cash revenues_leg0","OK",NA
"sg_lasso","Spain","Revenues","2018-08-15",-194.483454290546,NA,0.0321271200255858,0.5,0.541979536744522,9,9,9,2018-08-01,1899,"Total revenues accrual","Y_lag1; Payroll Mass_leg0; Hours worked_leg0; Business turnover index_leg0; Retail sales_leg0; Private consumption_leg0; HICPX_leg0; Energy prices_leg0; Cash revenues_leg0","OK",NA
"sg_lasso","Spain","Revenues","2018-08-27",-186.513887060323,NA,0.0321271200255858,0.5,0.541979536744522,9,9,9,2018-08-01,1899,"Total revenues accrual","Y_lag1; Payroll Mass_leg0; Hours worked_leg0; Business turnover index_leg0; Retail sales_leg0; Private consumption_leg0; HICPX_leg0; Energy prices_leg0; Cash revenues_leg0","OK",NA
"sg_lasso","Spain","Revenues","2018-08-30",-186.513887060323,NA,0.0321271200255858,0.5,0.541979536744522,9,9,9,2018-08-01,1899,"Total revenues accrual","Y_lag1; Payroll Mass_leg0; Hours worked_leg0; Business turnover index_leg0; Retail sales_leg0; Private consumption_leg0; HICPX_leg0; Energy prices_leg0; Cash revenues_leg0","OK",NA
"sg_lasso","Spain","Revenues","2018-09-01",174.757642447367,NA,0.0321271200255858,0.5,0.541979536744522,9,9,9,2018-09-01,1899,"Total revenues accrual","Y_lag1; Payroll Mass_leg0; Hours worked_leg0; Business turnover index_leg0; Retail sales_leg0; Private consumption_leg0; HICPX_leg0; Energy prices_leg0; Cash revenues_leg0","OK",NA
"sg_lasso","Spain","Revenues","2018-09-05",256.804585967611,NA,0.0321271200255858,0.5,0.541979536744522,9,9,9,2018-09-01,1899,"Total revenues accrual","Y_lag1; Payroll Mass_leg0; Hours worked_leg0; Business turnover index_leg0; Retail sales_leg0; Private consumption_leg0; HICPX_leg0; Energy prices_leg0; Cash revenues_leg0","OK",NA
"sg_lasso","Spain","Revenues","2018-09-06",258.60909115117,NA,0.0321271200255858,0.5,0.541979536744522,9,9,9,2018-09-01,1899,"Total revenues accrual","Y_lag1; Payroll Mass_leg0; Hours worked_leg0; Business turnover index_leg0; Retail sales_leg0; Private consumption_leg0; HICPX_leg0; Energy prices_leg0; Cash revenues_leg0","OK",NA
"sg_lasso","Spain","Revenues","2018-09-15",773.378517918187,NA,0.209638321107098,0.5,0.647582761864042,4,4,4,2018-09-01,1217,"Total revenues accrual","Y_lag1; Hours worked_leg0; Private consumption_leg0; HICPX_leg0","OK",NA
"sg_lasso","Spain","Revenues","2018-09-27",773.378517918187,NA,0.209638321107098,0.5,0.647582761864042,4,4,4,2018-09-01,1217,"Total revenues accrual","Y_lag1; Hours worked_leg0; Private consumption_leg0; HICPX_leg0","OK",NA
"sg_lasso","Spain","Revenues","2018-10-01",761.745139029151,NA,0.209638321107098,0.5,0.647582761864042,4,4,4,2018-10-01,1217,"Total revenues accrual","Y_lag1; Hours worked_leg0; Private consumption_leg0; HICPX_leg0","OK",NA
"sg_lasso","Spain","Revenues","2018-10-05",761.745139029151,NA,0.209638321107098,0.5,0.647582761864042,4,4,4,2018-10-01,1217,"Total revenues accrual","Y_lag1; Hours worked_leg0; Private consumption_leg0; HICPX_leg0","OK",NA
"sg_lasso","Spain","Revenues","2018-10-15",761.745139029151,NA,0.209638321107098,0.5,0.647582761864042,4,4,4,2018-10-01,1217,"Total revenues accrual","Y_lag1; Hours worked_leg0; Private consumption_leg0; HICPX_leg0","OK",NA
"sg_lasso","Spain","Revenues","2018-10-25",761.745139029151,NA,0.209638321107098,0.5,0.647582761864042,4,4,4,2018-10-01,1217,"Total revenues accrual","Y_lag1; Hours worked_leg0; Private consumption_leg0; HICPX_leg0","OK",NA
"sg_lasso","Spain","Revenues","2018-10-27",768.478349985312,NA,0.209638321107098,0.5,0.647582761864042,4,4,4,2018-10-01,1217,"Total revenues accrual","Y_lag1; Hours worked_leg0; Private consumption_leg0; HICPX_leg0","OK",NA
"sg_lasso","Spain","Revenues","2018-11-01",763.578182052437,NA,0.209638321107098,0.5,0.647582761864042,4,4,4,2018-11-01,1217,"Total revenues accrual","Y_lag1; Hours worked_leg0; Private consumption_leg0; HICPX_leg0","OK",NA
"sg_lasso","Spain","Revenues","2018-11-04",763.578182052437,NA,0.209638321107098,0.5,0.647582761864042,4,4,4,2018-11-01,1217,"Total revenues accrual","Y_lag1; Hours worked_leg0; Private consumption_leg0; HICPX_leg0","OK",NA
"sg_lasso","Spain","Revenues","2018-11-05",763.578182052437,NA,0.209638321107098,0.5,0.647582761864042,4,4,4,2018-11-01,1217,"Total revenues accrual","Y_lag1; Hours worked_leg0; Private consumption_leg0; HICPX_leg0","OK",NA
"sg_lasso","Spain","Revenues","2018-11-15",763.578182052437,NA,0.209638321107098,0.5,0.647582761864042,4,4,4,2018-11-01,1217,"Total revenues accrual","Y_lag1; Hours worked_leg0; Private consumption_leg0; HICPX_leg0","OK",NA
"sg_lasso","Spain","Revenues","2018-11-27",754.600567444222,NA,0.209638321107098,0.5,0.647582761864042,4,4,4,2018-11-01,1217,"Total revenues accrual","Y_lag1; Hours worked_leg0; Private consumption_leg0; HICPX_leg0","OK",NA
"sg_lasso","Spain","Revenues","2018-11-29",754.600567444222,NA,0.209638321107098,0.5,0.647582761864042,4,4,4,2018-11-01,1217,"Total revenues accrual","Y_lag1; Hours worked_leg0; Private consumption_leg0; HICPX_leg0","OK",NA
"sg_lasso","Spain","Revenues","2018-12-01",752.356163792168,NA,0.209638321107098,0.5,0.647582761864042,4,4,4,2018-12-01,1217,"Total revenues accrual","Y_lag1; Hours worked_leg0; Private consumption_leg0; HICPX_leg0","OK",NA
"sg_lasso","Spain","Revenues","2018-12-05",742.286968940072,NA,0.209638321107098,0.5,0.647582761864042,4,4,4,2018-12-01,1217,"Total revenues accrual","Y_lag1; Hours worked_leg0; Private consumption_leg0; HICPX_leg0","OK",NA
"sg_lasso","Spain","Revenues","2018-12-06",742.286968940072,NA,0.209638321107098,0.5,0.647582761864042,4,4,4,2018-12-01,1217,"Total revenues accrual","Y_lag1; Hours worked_leg0; Private consumption_leg0; HICPX_leg0","OK",NA
"sg_lasso","Spain","Revenues","2018-12-15",-83.2785378477012,NA,0.316069956337943,0.5,0.848392322018215,2,2,2,2018-12-01,3575,"Total revenues accrual","Y_lag1; Hours worked_leg0","OK",NA
"sg_lasso","Spain","Revenues","2018-12-27",-83.2785378477012,NA,0.316069956337943,0.5,0.848392322018215,2,2,2,2018-12-01,3575,"Total revenues accrual","Y_lag1; Hours worked_leg0","OK",NA
"sg_lasso","Spain","Revenues","2019-01-01",-157.430185575855,NA,0.316069956337943,0.5,0.848392322018215,2,2,2,2019-01-01,3575,"Total revenues accrual","Y_lag1; Hours worked_leg0","OK",NA
"sg_lasso","Spain","Revenues","2019-01-02",-157.430185575855,NA,0.316069956337943,0.5,0.848392322018215,2,2,2,2019-01-01,3575,"Total revenues accrual","Y_lag1; Hours worked_leg0","OK",NA
"sg_lasso","Spain","Revenues","2019-01-05",-157.430185575855,NA,0.316069956337943,0.5,0.848392322018215,2,2,2,2019-01-01,3575,"Total revenues accrual","Y_lag1; Hours worked_leg0","OK",NA
"sg_lasso","Spain","Revenues","2019-01-15",-157.430185575855,NA,0.316069956337943,0.5,0.848392322018215,2,2,2,2019-01-01,3575,"Total revenues accrual","Y_lag1; Hours worked_leg0","OK",NA
"sg_lasso","Spain","Revenues","2019-01-27",-157.430185575855,NA,0.316069956337943,0.5,0.848392322018215,2,2,2,2019-01-01,3575,"Total revenues accrual","Y_lag1; Hours worked_leg0","OK",NA
"sg_lasso","Spain","Revenues","2019-01-31",-157.430185575855,NA,0.316069956337943,0.5,0.848392322018215,2,2,2,2019-01-01,3575,"Total revenues accrual","Y_lag1; Hours worked_leg0","OK",NA
"sg_lasso","Spain","Revenues","2019-02-01",-231.58183330401,NA,0.316069956337943,0.5,0.848392322018215,2,2,2,2019-02-01,3575,"Total revenues accrual","Y_lag1; Hours worked_leg0","OK",NA
"sg_lasso","Spain","Revenues","2019-02-05",-231.58183330401,NA,0.316069956337943,0.5,0.848392322018215,2,2,2,2019-02-01,3575,"Total revenues accrual","Y_lag1; Hours worked_leg0","OK",NA
"sg_lasso","Spain","Revenues","2019-02-15",-231.58183330401,NA,0.316069956337943,0.5,0.848392322018215,2,2,2,2019-02-01,3575,"Total revenues accrual","Y_lag1; Hours worked_leg0","OK",NA
"sg_lasso","Spain","Revenues","2019-02-27",-231.58183330401,NA,0.316069956337943,0.5,0.848392322018215,2,2,2,2019-02-01,3575,"Total revenues accrual","Y_lag1; Hours worked_leg0","OK",NA
"sg_lasso","Spain","Revenues","2019-02-28",-231.58183330401,NA,0.316069956337943,0.5,0.848392322018215,2,2,2,2019-02-01,3575,"Total revenues accrual","Y_lag1; Hours worked_leg0","OK",NA
"sg_lasso","Spain","Revenues","2019-03-01",-231.58183330401,NA,0.316069956337943,0.5,0.848392322018215,2,2,2,2019-03-01,3575,"Total revenues accrual","Y_lag1; Hours worked_leg0","OK",NA
"sg_lasso","Spain","Revenues","2019-03-05",-231.58183330401,NA,0.316069956337943,0.5,0.848392322018215,2,2,2,2019-03-01,3575,"Total revenues accrual","Y_lag1; Hours worked_leg0","OK",NA
"sg_lasso","Spain","Revenues","2019-03-15",1074.96641468265,NA,0.366411895498793,0.5,0.407637264028972,2,2,2,2019-03-01,-362,"Total revenues accrual","Y_lag1; Hours worked_leg0","OK",NA
"sg_lasso","Spain","Revenues","2019-03-27",1074.96641468265,NA,0.366411895498793,0.5,0.407637264028972,2,2,2,2019-03-01,-362,"Total revenues accrual","Y_lag1; Hours worked_leg0","OK",NA
"sg_lasso","Spain","Revenues","2019-03-28",1074.96641468265,NA,0.366411895498793,0.5,0.407637264028972,2,2,2,2019-03-01,-362,"Total revenues accrual","Y_lag1; Hours worked_leg0","OK",NA
"sg_lasso","Spain","Revenues","2019-04-01",1137.46650574037,NA,0.366411895498793,0.5,0.407637264028972,2,2,2,2019-04-01,-362,"Total revenues accrual","Y_lag1; Hours worked_leg0","OK",NA
"sg_lasso","Spain","Revenues","2019-04-05",1137.46650574037,NA,0.366411895498793,0.5,0.407637264028972,2,2,2,2019-04-01,-362,"Total revenues accrual","Y_lag1; Hours worked_leg0","OK",NA
"sg_lasso","Spain","Revenues","2019-04-15",1137.46650574037,NA,0.366411895498793,0.5,0.407637264028972,2,2,2,2019-04-01,-362,"Total revenues accrual","Y_lag1; Hours worked_leg0","OK",NA
"sg_lasso","Spain","Revenues","2019-04-25",1137.46650574037,NA,0.366411895498793,0.5,0.407637264028972,2,2,2,2019-04-01,-362,"Total revenues accrual","Y_lag1; Hours worked_leg0","OK",NA
"sg_lasso","Spain","Revenues","2019-04-27",1137.46650574037,NA,0.366411895498793,0.5,0.407637264028972,2,2,2,2019-04-01,-362,"Total revenues accrual","Y_lag1; Hours worked_leg0","OK",NA
"sg_lasso","Spain","Revenues","2019-05-01",1199.96659679809,NA,0.366411895498793,0.5,0.407637264028972,2,2,2,2019-05-01,-362,"Total revenues accrual","Y_lag1; Hours worked_leg0","OK",NA
"sg_lasso","Spain","Revenues","2019-05-03",1199.96659679809,NA,0.366411895498793,0.5,0.407637264028972,2,2,2,2019-05-01,-362,"Total revenues accrual","Y_lag1; Hours worked_leg0","OK",NA
"sg_lasso","Spain","Revenues","2019-05-05",1199.96659679809,NA,0.366411895498793,0.5,0.407637264028972,2,2,2,2019-05-01,-362,"Total revenues accrual","Y_lag1; Hours worked_leg0","OK",NA
"sg_lasso","Spain","Revenues","2019-05-15",1199.96659679809,NA,0.366411895498793,0.5,0.407637264028972,2,2,2,2019-05-01,-362,"Total revenues accrual","Y_lag1; Hours worked_leg0","OK",NA
"sg_lasso","Spain","Revenues","2019-05-27",1199.96659679809,NA,0.366411895498793,0.5,0.407637264028972,2,2,2,2019-05-01,-362,"Total revenues accrual","Y_lag1; Hours worked_leg0","OK",NA
"sg_lasso","Spain","Revenues","2019-05-30",1199.96659679809,NA,0.366411895498793,0.5,0.407637264028972,2,2,2,2019-05-01,-362,"Total revenues accrual","Y_lag1; Hours worked_leg0","OK",NA
"sg_lasso","Spain","Revenues","2019-06-01",1199.96659679809,NA,0.366411895498793,0.5,0.407637264028972,2,2,2,2019-06-01,-362,"Total revenues accrual","Y_lag1; Hours worked_leg0","OK",NA
"sg_lasso","Spain","Revenues","2019-06-05",1199.96659679809,NA,0.366411895498793,0.5,0.407637264028972,2,2,2,2019-06-01,-362,"Total revenues accrual","Y_lag1; Hours worked_leg0","OK",NA
"sg_lasso","Spain","Revenues","2019-06-06",1199.96659679809,NA,0.366411895498793,0.5,0.407637264028972,2,2,2,2019-06-01,-362,"Total revenues accrual","Y_lag1; Hours worked_leg0","OK",NA
"sg_lasso","Spain","Revenues","2019-06-15",545.850837715732,NA,0.0741425457210919,0.5,0.538329327407605,5,5,5,2019-06-01,565,"Total revenues accrual","Y_lag1; Hours worked_leg0; Private consumption_leg0; HICPX_leg0; Cash revenues_leg0","OK",NA
"sg_lasso","Spain","Revenues","2019-06-27",633.920590726503,NA,0.0813713523994109,0.5,0.542174396413165,5,5,5,2019-06-01,565,"Total revenues accrual","Y_lag1; Hours worked_leg0; Private consumption_leg0; HICPX_leg0; Cash revenues_leg0","OK",NA
"sg_lasso","Spain","Revenues","2019-07-01",225.783237986245,NA,0.0813713523994109,0.5,0.542174396413165,5,5,5,2019-07-01,565,"Total revenues accrual","Y_lag1; Hours worked_leg0; Private consumption_leg0; HICPX_leg0; Cash revenues_leg0","OK",NA
"sg_lasso","Spain","Revenues","2019-07-05",225.783237986245,NA,0.0813713523994109,0.5,0.542174396413165,5,5,5,2019-07-01,565,"Total revenues accrual","Y_lag1; Hours worked_leg0; Private consumption_leg0; HICPX_leg0; Cash revenues_leg0","OK",NA
"sg_lasso","Spain","Revenues","2019-07-15",204.057711490552,NA,0.0813713523994109,0.5,0.542174396413165,5,5,5,2019-07-01,565,"Total revenues accrual","Y_lag1; Hours worked_leg0; Private consumption_leg0; HICPX_leg0; Cash revenues_leg0","OK",NA
"sg_lasso","Spain","Revenues","2019-07-25",204.057711490552,NA,0.0813713523994109,0.5,0.542174396413165,5,5,5,2019-07-01,565,"Total revenues accrual","Y_lag1; Hours worked_leg0; Private consumption_leg0; HICPX_leg0; Cash revenues_leg0","OK",NA
"sg_lasso","Spain","Revenues","2019-07-27",163.670674840779,NA,0.0813713523994109,0.5,0.542174396413165,5,5,5,2019-07-01,565,"Total revenues accrual","Y_lag1; Hours worked_leg0; Private consumption_leg0; HICPX_leg0; Cash revenues_leg0","OK",NA
"sg_lasso","Spain","Revenues","2019-08-01",-208.752475776083,NA,0.0813713523994109,0.5,0.542174396413165,5,5,5,2019-08-01,565,"Total revenues accrual","Y_lag1; Hours worked_leg0; Private consumption_leg0; HICPX_leg0; Cash revenues_leg0","OK",NA
"sg_lasso","Spain","Revenues","2019-08-04",-208.752475776083,NA,0.0813713523994109,0.5,0.542174396413165,5,5,5,2019-08-01,565,"Total revenues accrual","Y_lag1; Hours worked_leg0; Private consumption_leg0; HICPX_leg0; Cash revenues_leg0","OK",NA
"sg_lasso","Spain","Revenues","2019-08-05",-208.752475776083,NA,0.0813713523994109,0.5,0.542174396413165,5,5,5,2019-08-01,565,"Total revenues accrual","Y_lag1; Hours worked_leg0; Private consumption_leg0; HICPX_leg0; Cash revenues_leg0","OK",NA
"sg_lasso","Spain","Revenues","2019-08-15",-285.642800909726,NA,0.0813713523994109,0.5,0.542174396413165,5,5,5,2019-08-01,565,"Total revenues accrual","Y_lag1; Hours worked_leg0; Private consumption_leg0; HICPX_leg0; Cash revenues_leg0","OK",NA
"sg_lasso","Spain","Revenues","2019-08-27",-245.255764259953,NA,0.0813713523994109,0.5,0.542174396413165,5,5,5,2019-08-01,565,"Total revenues accrual","Y_lag1; Hours worked_leg0; Private consumption_leg0; HICPX_leg0; Cash revenues_leg0","OK",NA
"sg_lasso","Spain","Revenues","2019-08-29",-245.255764259953,NA,0.0813713523994109,0.5,0.542174396413165,5,5,5,2019-08-01,565,"Total revenues accrual","Y_lag1; Hours worked_leg0; Private consumption_leg0; HICPX_leg0; Cash revenues_leg0","OK",NA
"sg_lasso","Spain","Revenues","2019-09-01",-343.87161588929,NA,0.0813713523994109,0.5,0.542174396413165,5,5,5,2019-09-01,565,"Total revenues accrual","Y_lag1; Hours worked_leg0; Private consumption_leg0; HICPX_leg0; Cash revenues_leg0","OK",NA
"sg_lasso","Spain","Revenues","2019-09-05",213.398010318033,NA,0.0813713523994109,0.5,0.542174396413165,5,5,5,2019-09-01,565,"Total revenues accrual","Y_lag1; Hours worked_leg0; Private consumption_leg0; HICPX_leg0; Cash revenues_leg0","OK",NA
"sg_lasso","Spain","Revenues","2019-09-07",213.398010318033,NA,0.0813713523994109,0.5,0.542174396413165,5,5,5,2019-09-01,565,"Total revenues accrual","Y_lag1; Hours worked_leg0; Private consumption_leg0; HICPX_leg0; Cash revenues_leg0","OK",NA
"sg_lasso","Spain","Revenues","2019-09-15",660.318687263719,NA,0.128931084359671,0.5,0.532341447716205,5,5,5,2019-09-01,691,"Total revenues accrual","Y_lag1; Hours worked_leg0; Private consumption_leg0; HICPX_leg0; Cash revenues_leg0","OK",NA
"sg_lasso","Spain","Revenues","2019-09-26",660.318687263719,NA,0.128931084359671,0.5,0.532341447716205,5,5,5,2019-09-01,691,"Total revenues accrual","Y_lag1; Hours worked_leg0; Private consumption_leg0; HICPX_leg0; Cash revenues_leg0","OK",NA
"sg_lasso","Spain","Revenues","2019-09-27",638.446581880028,NA,0.128931084359671,0.5,0.532081542909055,5,5,5,2019-09-01,691,"Total revenues accrual","Y_lag1; Hours worked_leg0; Private consumption_leg0; HICPX_leg0; Cash revenues_leg0","OK",NA
"sg_lasso","Spain","Revenues","2019-10-01",1282.68578747235,NA,0.128931084359671,0.5,0.532081542909055,5,5,5,2019-10-01,691,"Total revenues accrual","Y_lag1; Hours worked_leg0; Private consumption_leg0; HICPX_leg0; Cash revenues_leg0","OK",NA
"sg_lasso","Spain","Revenues","2019-10-02",1282.68578747235,NA,0.128931084359671,0.5,0.532081542909055,5,5,5,2019-10-01,691,"Total revenues accrual","Y_lag1; Hours worked_leg0; Private consumption_leg0; HICPX_leg0; Cash revenues_leg0","OK",NA
"sg_lasso","Spain","Revenues","2019-10-05",1282.68578747235,NA,0.128931084359671,0.5,0.532081542909055,5,5,5,2019-10-01,691,"Total revenues accrual","Y_lag1; Hours worked_leg0; Private consumption_leg0; HICPX_leg0; Cash revenues_leg0","OK",NA
"sg_lasso","Spain","Revenues","2019-10-15",1261.70188114971,NA,0.128931084359671,0.5,0.532081542909055,5,5,5,2019-10-01,691,"Total revenues accrual","Y_lag1; Hours worked_leg0; Private consumption_leg0; HICPX_leg0; Cash revenues_leg0","OK",NA
"sg_lasso","Spain","Revenues","2019-10-27",1261.70188114971,NA,0.128931084359671,0.5,0.532081542909055,5,5,5,2019-10-01,691,"Total revenues accrual","Y_lag1; Hours worked_leg0; Private consumption_leg0; HICPX_leg0; Cash revenues_leg0","OK",NA
"sg_lasso","Spain","Revenues","2019-10-31",1261.70188114971,NA,0.128931084359671,0.5,0.532081542909055,5,5,5,2019-10-01,691,"Total revenues accrual","Y_lag1; Hours worked_leg0; Private consumption_leg0; HICPX_leg0; Cash revenues_leg0","OK",NA
"sg_lasso","Spain","Revenues","2019-11-01",1870.4520576888,NA,0.128931084359671,0.5,0.532081542909055,5,5,5,2019-11-01,691,"Total revenues accrual","Y_lag1; Hours worked_leg0; Private consumption_leg0; HICPX_leg0; Cash revenues_leg0","OK",NA
"sg_lasso","Spain","Revenues","2019-11-05",1870.4520576888,NA,0.128931084359671,0.5,0.532081542909055,5,5,5,2019-11-01,691,"Total revenues accrual","Y_lag1; Hours worked_leg0; Private consumption_leg0; HICPX_leg0; Cash revenues_leg0","OK",NA
"sg_lasso","Spain","Revenues","2019-11-15",1892.61955064673,NA,0.128931084359671,0.5,0.532081542909055,5,5,5,2019-11-01,691,"Total revenues accrual","Y_lag1; Hours worked_leg0; Private consumption_leg0; HICPX_leg0; Cash revenues_leg0","OK",NA
"sg_lasso","Spain","Revenues","2019-11-27",1918.26737718722,NA,0.128931084359671,0.5,0.532081542909055,5,5,5,2019-11-01,691,"Total revenues accrual","Y_lag1; Hours worked_leg0; Private consumption_leg0; HICPX_leg0; Cash revenues_leg0","OK",NA
"sg_lasso","Spain","Revenues","2019-11-28",1918.26737718722,NA,0.128931084359671,0.5,0.532081542909055,5,5,5,2019-11-01,691,"Total revenues accrual","Y_lag1; Hours worked_leg0; Private consumption_leg0; HICPX_leg0; Cash revenues_leg0","OK",NA
"sg_lasso","Spain","Revenues","2019-12-01",1945.098790363,NA,0.128931084359671,0.5,0.532081542909055,5,5,5,2019-12-01,691,"Total revenues accrual","Y_lag1; Hours worked_leg0; Private consumption_leg0; HICPX_leg0; Cash revenues_leg0","OK",NA
"sg_lasso","Spain","Revenues","2019-12-05",1617.89702679395,NA,0.128931084359671,0.5,0.532081542909055,5,5,5,2019-12-01,691,"Total revenues accrual","Y_lag1; Hours worked_leg0; Private consumption_leg0; HICPX_leg0; Cash revenues_leg0","OK",NA
"sg_lasso","Spain","Revenues","2019-12-07",1617.89702679395,NA,0.128931084359671,0.5,0.532081542909055,5,5,5,2019-12-01,691,"Total revenues accrual","Y_lag1; Hours worked_leg0; Private consumption_leg0; HICPX_leg0; Cash revenues_leg0","OK",NA
"sg_lasso","Spain","Revenues","2019-12-15",1119.21144871917,NA,0.287422472009447,0.5,0.412252556917095,2,2,2,2019-12-01,-590,"Total revenues accrual","Y_lag1; Hours worked_leg0","OK",NA
"sg_lasso","Spain","Revenues","2019-12-26",1119.21144871917,NA,0.287422472009447,0.5,0.412252556917095,2,2,2,2019-12-01,-590,"Total revenues accrual","Y_lag1; Hours worked_leg0","OK",NA
"sg_lasso","Spain","Revenues","2019-12-27",1119.21144871917,NA,0.287422472009447,0.5,0.412252556917095,2,2,2,2019-12-01,-590,"Total revenues accrual","Y_lag1; Hours worked_leg0","OK",NA
"sg_lasso","Spain","Revenues","2020-01-01",1090.8020695094,NA,0.287422472009447,0.5,0.412252556917095,2,2,2,2020-01-01,-590,"Total revenues accrual","Y_lag1; Hours worked_leg0","OK",NA
"sg_lasso","Spain","Revenues","2020-01-03",1090.8020695094,NA,0.287422472009447,0.5,0.412252556917095,2,2,2,2020-01-01,-590,"Total revenues accrual","Y_lag1; Hours worked_leg0","OK",NA
"sg_lasso","Spain","Revenues","2020-01-05",1090.8020695094,NA,0.287422472009447,0.5,0.412252556917095,2,2,2,2020-01-01,-590,"Total revenues accrual","Y_lag1; Hours worked_leg0","OK",NA
"sg_lasso","Spain","Revenues","2020-01-15",1090.8020695094,NA,0.287422472009447,0.5,0.412252556917095,2,2,2,2020-01-01,-590,"Total revenues accrual","Y_lag1; Hours worked_leg0","OK",NA
"sg_lasso","Spain","Revenues","2020-01-27",1090.8020695094,NA,0.287422472009447,0.5,0.412252556917095,2,2,2,2020-01-01,-590,"Total revenues accrual","Y_lag1; Hours worked_leg0","OK",NA
"sg_lasso","Spain","Revenues","2020-01-30",1090.8020695094,NA,0.287422472009447,0.5,0.412252556917095,2,2,2,2020-01-01,-590,"Total revenues accrual","Y_lag1; Hours worked_leg0","OK",NA
"sg_lasso","Spain","Revenues","2020-02-01",1062.39269029963,NA,0.287422472009447,0.5,0.412252556917095,2,2,2,2020-02-01,-590,"Total revenues accrual","Y_lag1; Hours worked_leg0","OK",NA
"sg_lasso","Spain","Revenues","2020-02-05",1062.39269029963,NA,0.287422472009447,0.5,0.412252556917095,2,2,2,2020-02-01,-590,"Total revenues accrual","Y_lag1; Hours worked_leg0","OK",NA
"sg_lasso","Spain","Revenues","2020-02-06",1062.39269029963,NA,0.287422472009447,0.5,0.412252556917095,2,2,2,2020-02-01,-590,"Total revenues accrual","Y_lag1; Hours worked_leg0","OK",NA
"sg_lasso","Spain","Revenues","2020-02-15",1062.39269029963,NA,0.287422472009447,0.5,0.412252556917095,2,2,2,2020-02-01,-590,"Total revenues accrual","Y_lag1; Hours worked_leg0","OK",NA
"sg_lasso","Spain","Revenues","2020-02-27",1062.39269029963,NA,0.287422472009447,0.5,0.412252556917095,2,2,2,2020-02-01,-590,"Total revenues accrual","Y_lag1; Hours worked_leg0","OK",NA
"sg_lasso","Spain","Revenues","2020-03-01",1062.39269029963,NA,0.287422472009447,0.5,0.412252556917095,2,2,2,2020-03-01,-590,"Total revenues accrual","Y_lag1; Hours worked_leg0","OK",NA
"sg_lasso","Spain","Revenues","2020-03-05",1062.39269029963,NA,0.287422472009447,0.5,0.412252556917095,2,2,2,2020-03-01,-590,"Total revenues accrual","Y_lag1; Hours worked_leg0","OK",NA
"sg_lasso","Spain","Revenues","2020-03-07",1062.39269029963,NA,0.287422472009447,0.5,0.412252556917095,2,2,2,2020-03-01,-590,"Total revenues accrual","Y_lag1; Hours worked_leg0","OK",NA
"sg_lasso","Spain","Revenues","2020-03-15",-182.824739075542,NA,0.0287584741350793,0.5,0.825795235138103,8,8,8,2020-03-01,593,"Total revenues accrual","Y_lag1; Hours worked_leg0; IP_leg0; ESI_leg0; Retail sales_leg0; HICPX_leg0; Energy prices_leg0; Cash revenues_leg0","OK",NA
"sg_lasso","Spain","Revenues","2020-03-26",-228.514561363532,NA,0.0315623898607135,0.5,0.83332662302085,8,8,8,2020-03-01,593,"Total revenues accrual","Y_lag1; Hours worked_leg0; IP_leg0; ESI_leg0; Retail sales_leg0; HICPX_leg0; Energy prices_leg0; Cash revenues_leg0","OK",NA
"sg_lasso","Spain","Revenues","2020-03-27",-221.326173396707,NA,0.0315623898607135,0.5,0.845976438033385,7,7,7,2020-03-01,593,"Total revenues accrual","Y_lag1; Hours worked_leg0; IP_leg0; ESI_leg0; Retail sales_leg0; HICPX_leg0; Cash revenues_leg0","OK",NA
"sg_lasso","Spain","Revenues","2020-04-01",-845.182832850977,NA,0.0315623898607135,0.5,0.845976438033385,7,7,7,2020-04-01,593,"Total revenues accrual","Y_lag1; Hours worked_leg0; IP_leg0; ESI_leg0; Retail sales_leg0; HICPX_leg0; Cash revenues_leg0","OK",NA
"sg_lasso","Spain","Revenues","2020-04-03",-689.325686420388,NA,0.0315623898607135,0.5,0.845976438033385,7,7,7,2020-04-01,593,"Total revenues accrual","Y_lag1; Hours worked_leg0; IP_leg0; ESI_leg0; Retail sales_leg0; HICPX_leg0; Cash revenues_leg0","OK",NA
"sg_lasso","Spain","Revenues","2020-04-05",-689.325686420388,NA,0.0315623898607135,0.5,0.845976438033385,7,7,7,2020-04-01,593,"Total revenues accrual","Y_lag1; Hours worked_leg0; IP_leg0; ESI_leg0; Retail sales_leg0; HICPX_leg0; Cash revenues_leg0","OK",NA
"sg_lasso","Spain","Revenues","2020-04-15",-537.776068027638,NA,0.0315623898607135,0.5,0.845976438033385,7,7,7,2020-04-01,593,"Total revenues accrual","Y_lag1; Hours worked_leg0; IP_leg0; ESI_leg0; Retail sales_leg0; HICPX_leg0; Cash revenues_leg0","OK",NA
"sg_lasso","Spain","Revenues","2020-04-27",-564.951319787181,NA,0.0315623898607135,0.5,0.845976438033385,7,7,7,2020-04-01,593,"Total revenues accrual","Y_lag1; Hours worked_leg0; IP_leg0; ESI_leg0; Retail sales_leg0; HICPX_leg0; Cash revenues_leg0","OK",NA
"sg_lasso","Spain","Revenues","2020-04-30",-924.212408998938,NA,0.0315623898607135,0.5,0.845976438033385,7,7,7,2020-04-01,593,"Total revenues accrual","Y_lag1; Hours worked_leg0; IP_leg0; ESI_leg0; Retail sales_leg0; HICPX_leg0; Cash revenues_leg0","OK",NA
"sg_lasso","Spain","Revenues","2020-05-01",-1786.47455623894,NA,0.0315623898607135,0.5,0.845976438033385,7,7,7,2020-05-01,593,"Total revenues accrual","Y_lag1; Hours worked_leg0; IP_leg0; ESI_leg0; Retail sales_leg0; HICPX_leg0; Cash revenues_leg0","OK",NA
"sg_lasso","Spain","Revenues","2020-05-05",-1896.08884486534,NA,0.0315623898607135,0.5,0.845976438033385,7,7,7,2020-05-01,593,"Total revenues accrual","Y_lag1; Hours worked_leg0; IP_leg0; ESI_leg0; Retail sales_leg0; HICPX_leg0; Cash revenues_leg0","OK",NA
"sg_lasso","Spain","Revenues","2020-05-15",-1849.43038312557,NA,0.0315623898607135,0.5,0.845976438033385,7,7,7,2020-05-01,593,"Total revenues accrual","Y_lag1; Hours worked_leg0; IP_leg0; ESI_leg0; Retail sales_leg0; HICPX_leg0; Cash revenues_leg0","OK",NA
"sg_lasso","Spain","Revenues","2020-05-27",-1941.12932747515,NA,0.0315623898607135,0.5,0.845976438033385,7,7,7,2020-05-01,593,"Total revenues accrual","Y_lag1; Hours worked_leg0; IP_leg0; ESI_leg0; Retail sales_leg0; HICPX_leg0; Cash revenues_leg0","OK",NA
"sg_lasso","Spain","Revenues","2020-05-28",-1910.25383930599,NA,0.0315623898607135,0.5,0.845976438033385,7,7,7,2020-05-01,593,"Total revenues accrual","Y_lag1; Hours worked_leg0; IP_leg0; ESI_leg0; Retail sales_leg0; HICPX_leg0; Cash revenues_leg0","OK",NA
"sg_lasso","Spain","Revenues","2020-06-01",-2254.34184726206,NA,0.0315623898607135,0.5,0.845976438033385,7,7,7,2020-06-01,593,"Total revenues accrual","Y_lag1; Hours worked_leg0; IP_leg0; ESI_leg0; Retail sales_leg0; HICPX_leg0; Cash revenues_leg0","OK",NA
"sg_lasso","Spain","Revenues","2020-06-05",-2254.34184726206,NA,0.0315623898607135,0.5,0.845976438033385,7,7,7,2020-06-01,593,"Total revenues accrual","Y_lag1; Hours worked_leg0; IP_leg0; ESI_leg0; Retail sales_leg0; HICPX_leg0; Cash revenues_leg0","OK",NA
"sg_lasso","Spain","Revenues","2020-06-15",-10772.1510140994,NA,0.0109717744627138,0.5,0.123650600159963,8,8,8,2020-06-01,-18801,"Total revenues accrual","Y_lag1; Hours worked_leg0; Business turnover index_leg0; Retail sales_leg0; Private consumption_leg0; HICPX_leg0; Stock market_leg0; Cash revenues_leg0","OK",NA
"sg_lasso","Spain","Revenues","2020-06-25",-10772.1510140994,NA,0.0109717744627138,0.5,0.124520730487631,8,8,8,2020-06-01,-18801,"Total revenues accrual","Y_lag1; Hours worked_leg0; Business turnover index_leg0; Retail sales_leg0; Private consumption_leg0; HICPX_leg0; Stock market_leg0; Cash revenues_leg0","OK",NA
"sg_lasso","Spain","Revenues","2020-06-27",-10778.5495801705,NA,0.0109717744627138,0.5,0.125412239919476,8,8,8,2020-06-01,-18801,"Total revenues accrual","Y_lag1; Hours worked_leg0; Business turnover index_leg0; Retail sales_leg0; Private consumption_leg0; HICPX_leg0; Stock market_leg0; Cash revenues_leg0","OK",NA
"sg_lasso","Spain","Revenues","2020-07-01",-21165.8612395763,NA,0.0109717744627138,0.5,0.125412239919476,8,8,8,2020-07-01,-18801,"Total revenues accrual","Y_lag1; Hours worked_leg0; Business turnover index_leg0; Retail sales_leg0; Private consumption_leg0; HICPX_leg0; Stock market_leg0; Cash revenues_leg0","OK",NA
"sg_lasso","Spain","Revenues","2020-07-03",-21167.816091086,NA,0.0109717744627138,0.5,0.125412239919476,8,8,8,2020-07-01,-18801,"Total revenues accrual","Y_lag1; Hours worked_leg0; Business turnover index_leg0; Retail sales_leg0; Private consumption_leg0; HICPX_leg0; Stock market_leg0; Cash revenues_leg0","OK",NA
"sg_lasso","Spain","Revenues","2020-07-05",-13802.8112698323,NA,0.0109717744627138,0.5,0.125412239919476,8,8,8,2020-07-01,-18801,"Total revenues accrual","Y_lag1; Hours worked_leg0; Business turnover index_leg0; Retail sales_leg0; Private consumption_leg0; HICPX_leg0; Stock market_leg0; Cash revenues_leg0","OK",NA
"sg_lasso","Spain","Revenues","2020-07-15",-13348.0873575263,NA,0.0109717744627138,0.5,0.125412239919476,8,8,8,2020-07-01,-18801,"Total revenues accrual","Y_lag1; Hours worked_leg0; Business turnover index_leg0; Retail sales_leg0; Private consumption_leg0; HICPX_leg0; Stock market_leg0; Cash revenues_leg0","OK",NA
"sg_lasso","Spain","Revenues","2020-07-27",-13637.9030626474,NA,0.0109717744627138,0.5,0.125412239919476,8,8,8,2020-07-01,-18801,"Total revenues accrual","Y_lag1; Hours worked_leg0; Business turnover index_leg0; Retail sales_leg0; Private consumption_leg0; HICPX_leg0; Stock market_leg0; Cash revenues_leg0","OK",NA
"sg_lasso","Spain","Revenues","2020-07-30",-13637.9030626474,NA,0.0109717744627138,0.5,0.125412239919476,8,8,8,2020-07-01,-18801,"Total revenues accrual","Y_lag1; Hours worked_leg0; Business turnover index_leg0; Retail sales_leg0; Private consumption_leg0; HICPX_leg0; Stock market_leg0; Cash revenues_leg0","OK",NA
"sg_lasso","Spain","Revenues","2020-08-01",-12764.8458344967,NA,0.0109717744627138,0.5,0.125412239919476,8,8,8,2020-08-01,-18801,"Total revenues accrual","Y_lag1; Hours worked_leg0; Business turnover index_leg0; Retail sales_leg0; Private consumption_leg0; HICPX_leg0; Stock market_leg0; Cash revenues_leg0","OK",NA
"sg_lasso","Spain","Revenues","2020-08-05",-12849.5754414624,NA,0.0109717744627138,0.5,0.125412239919476,8,8,8,2020-08-01,-18801,"Total revenues accrual","Y_lag1; Hours worked_leg0; Business turnover index_leg0; Retail sales_leg0; Private consumption_leg0; HICPX_leg0; Stock market_leg0; Cash revenues_leg0","OK",NA
"sg_lasso","Spain","Revenues","2020-08-06",-12851.5785011473,NA,0.0109717744627138,0.5,0.125412239919476,8,8,8,2020-08-01,-18801,"Total revenues accrual","Y_lag1; Hours worked_leg0; Business turnover index_leg0; Retail sales_leg0; Private consumption_leg0; HICPX_leg0; Stock market_leg0; Cash revenues_leg0","OK",NA
"sg_lasso","Spain","Revenues","2020-08-15",-13362.9317737963,NA,0.0109717744627138,0.5,0.125412239919476,8,8,8,2020-08-01,-18801,"Total revenues accrual","Y_lag1; Hours worked_leg0; Business turnover index_leg0; Retail sales_leg0; Private consumption_leg0; HICPX_leg0; Stock market_leg0; Cash revenues_leg0","OK",NA
"sg_lasso","Spain","Revenues","2020-08-27",-13000.6621423949,NA,0.0109717744627138,0.5,0.125412239919476,8,8,8,2020-08-01,-18801,"Total revenues accrual","Y_lag1; Hours worked_leg0; Business turnover index_leg0; Retail sales_leg0; Private consumption_leg0; HICPX_leg0; Stock market_leg0; Cash revenues_leg0","OK",NA
"sg_lasso","Spain","Revenues","2020-09-01",-5716.67433768733,NA,0.0109717744627138,0.5,0.125412239919476,8,8,8,2020-09-01,-18801,"Total revenues accrual","Y_lag1; Hours worked_leg0; Business turnover index_leg0; Retail sales_leg0; Private consumption_leg0; HICPX_leg0; Stock market_leg0; Cash revenues_leg0","OK",NA
"sg_lasso","Spain","Revenues","2020-09-02",-5715.08821568904,NA,0.0109717744627138,0.5,0.125412239919476,8,8,8,2020-09-01,-18801,"Total revenues accrual","Y_lag1; Hours worked_leg0; Business turnover index_leg0; Retail sales_leg0; Private consumption_leg0; HICPX_leg0; Stock market_leg0; Cash revenues_leg0","OK",NA
"sg_lasso","Spain","Revenues","2020-09-05",-4942.77988705654,NA,0.0109717744627138,0.5,0.125412239919476,8,8,8,2020-09-01,-18801,"Total revenues accrual","Y_lag1; Hours worked_leg0; Business turnover index_leg0; Retail sales_leg0; Private consumption_leg0; HICPX_leg0; Stock market_leg0; Cash revenues_leg0","OK",NA
"sg_lasso","Spain","Revenues","2020-09-15",-2106.73577327682,NA,0.1861078219291,0.5,0.0474712389297286,3,3,3,2020-09-01,15532,"Total revenues accrual","Y_lag1; Hours worked_leg0; Business turnover index_leg0","OK",NA
"sg_lasso","Spain","Revenues","2020-09-24",-2106.73577327682,NA,0.1861078219291,0.5,0.0474839183310981,3,3,3,2020-09-01,15532,"Total revenues accrual","Y_lag1; Hours worked_leg0; Business turnover index_leg0","OK",NA
"sg_lasso","Spain","Revenues","2020-09-27",-2106.73577327682,NA,0.1861078219291,0.5,0.0474839183310981,3,3,3,2020-09-01,15532,"Total revenues accrual","Y_lag1; Hours worked_leg0; Business turnover index_leg0","OK",NA
"sg_lasso","Spain","Revenues","2020-10-01",623.640461723782,NA,0.1861078219291,0.5,0.0474839183310981,3,3,3,2020-10-01,15532,"Total revenues accrual","Y_lag1; Hours worked_leg0; Business turnover index_leg0","OK",NA
"sg_lasso","Spain","Revenues","2020-10-04",623.640461723782,NA,0.1861078219291,0.5,0.0474839183310981,3,3,3,2020-10-01,15532,"Total revenues accrual","Y_lag1; Hours worked_leg0; Business turnover index_leg0","OK",NA
"sg_lasso","Spain","Revenues","2020-10-05",-363.1313164617,NA,0.1861078219291,0.5,0.0474839183310981,3,3,3,2020-10-01,15532,"Total revenues accrual","Y_lag1; Hours worked_leg0; Business turnover index_leg0","OK",NA
"sg_lasso","Spain","Revenues","2020-10-15",-363.1313164617,NA,0.1861078219291,0.5,0.0474839183310981,3,3,3,2020-10-01,15532,"Total revenues accrual","Y_lag1; Hours worked_leg0; Business turnover index_leg0","OK",NA
"sg_lasso","Spain","Revenues","2020-10-27",-363.1313164617,NA,0.1861078219291,0.5,0.0474839183310981,3,3,3,2020-10-01,15532,"Total revenues accrual","Y_lag1; Hours worked_leg0; Business turnover index_leg0","OK",NA
"sg_lasso","Spain","Revenues","2020-10-29",-363.1313164617,NA,0.1861078219291,0.5,0.0474839183310981,3,3,3,2020-10-01,15532,"Total revenues accrual","Y_lag1; Hours worked_leg0; Business turnover index_leg0","OK",NA
"sg_lasso","Spain","Revenues","2020-11-01",1480.50676938602,NA,0.1861078219291,0.5,0.0474839183310981,3,3,3,2020-11-01,15532,"Total revenues accrual","Y_lag1; Hours worked_leg0; Business turnover index_leg0","OK",NA
"sg_lasso","Spain","Revenues","2020-11-05",1437.61159465138,NA,0.1861078219291,0.5,0.0474839183310981,3,3,3,2020-11-01,15532,"Total revenues accrual","Y_lag1; Hours worked_leg0; Business turnover index_leg0","OK",NA
"sg_lasso","Spain","Revenues","2020-11-07",1437.61159465138,NA,0.1861078219291,0.5,0.0474839183310981,3,3,3,2020-11-01,15532,"Total revenues accrual","Y_lag1; Hours worked_leg0; Business turnover index_leg0","OK",NA
"sg_lasso","Spain","Revenues","2020-11-15",1437.61159465138,NA,0.1861078219291,0.5,0.0474839183310981,3,3,3,2020-11-01,15532,"Total revenues accrual","Y_lag1; Hours worked_leg0; Business turnover index_leg0","OK",NA
"sg_lasso","Spain","Revenues","2020-11-26",1437.61159465138,NA,0.1861078219291,0.5,0.0474839183310981,3,3,3,2020-11-01,15532,"Total revenues accrual","Y_lag1; Hours worked_leg0; Business turnover index_leg0","OK",NA
"sg_lasso","Spain","Revenues","2020-11-27",1437.61159465138,NA,0.1861078219291,0.5,0.0474839183310981,3,3,3,2020-11-01,15532,"Total revenues accrual","Y_lag1; Hours worked_leg0; Business turnover index_leg0","OK",NA
"sg_lasso","Spain","Revenues","2020-12-01",407.944641731256,NA,0.1861078219291,0.5,0.0474839183310981,3,3,3,2020-12-01,15532,"Total revenues accrual","Y_lag1; Hours worked_leg0; Business turnover index_leg0","OK",NA
"sg_lasso","Spain","Revenues","2020-12-02",407.944641731256,NA,0.1861078219291,0.5,0.0474839183310981,3,3,3,2020-12-01,15532,"Total revenues accrual","Y_lag1; Hours worked_leg0; Business turnover index_leg0","OK",NA
"sg_lasso","Spain","Revenues","2020-12-05",570.099830774899,NA,0.1861078219291,0.5,0.0474839183310981,3,3,3,2020-12-01,15532,"Total revenues accrual","Y_lag1; Hours worked_leg0; Business turnover index_leg0","OK",NA
"sg_lasso","Spain","Revenues","2020-12-15",-224.499808188179,NA,0.751619552152959,0.5,0.0544549635060182,2,2,2,2020-12-01,2710,"Total revenues accrual","Y_lag1; Business turnover index_leg0","OK",NA
"sg_lasso","Spain","Revenues","2020-12-27",-224.499808188179,NA,0.751619552152959,0.5,0.0544549635060182,2,2,2,2020-12-01,2710,"Total revenues accrual","Y_lag1; Business turnover index_leg0","OK",NA
"sg_lasso","Spain","Revenues","2020-12-31",-224.499808188179,NA,0.751619552152959,0.5,0.0544549635060182,2,2,2,2020-12-01,2710,"Total revenues accrual","Y_lag1; Business turnover index_leg0","OK",NA
"sg_lasso","Spain","Revenues","2021-01-01",-219.641633558909,NA,0.751619552152959,0.5,0.0544549635060182,2,2,2,2021-01-01,2710,"Total revenues accrual","Y_lag1; Business turnover index_leg0","OK",NA
"sg_lasso","Spain","Revenues","2021-01-05",-247.017869668362,NA,0.751619552152959,0.5,0.0544549635060182,2,2,2,2021-01-01,2710,"Total revenues accrual","Y_lag1; Business turnover index_leg0","OK",NA
"sg_lasso","Spain","Revenues","2021-01-15",-247.017869668362,NA,0.751619552152959,0.5,0.0544549635060182,2,2,2,2021-01-01,2710,"Total revenues accrual","Y_lag1; Business turnover index_leg0","OK",NA
"sg_lasso","Spain","Revenues","2021-01-27",-247.017869668362,NA,0.751619552152959,0.5,0.0544549635060182,2,2,2,2021-01-01,2710,"Total revenues accrual","Y_lag1; Business turnover index_leg0","OK",NA
"sg_lasso","Spain","Revenues","2021-01-28",-247.017869668362,NA,0.751619552152959,0.5,0.0544549635060182,2,2,2,2021-01-01,2710,"Total revenues accrual","Y_lag1; Business turnover index_leg0","OK",NA
"sg_lasso","Spain","Revenues","2021-02-01",-267.788553783035,NA,0.751619552152959,0.5,0.0544549635060182,2,2,2,2021-02-01,2710,"Total revenues accrual","Y_lag1; Business turnover index_leg0","OK",NA
"sg_lasso","Spain","Revenues","2021-02-05",-268.045603074386,NA,0.751619552152959,0.5,0.0544549635060182,2,2,2,2021-02-01,2710,"Total revenues accrual","Y_lag1; Business turnover index_leg0","OK",NA
"sg_lasso","Spain","Revenues","2021-02-15",-268.045603074386,NA,0.751619552152959,0.5,0.0544549635060182,2,2,2,2021-02-01,2710,"Total revenues accrual","Y_lag1; Business turnover index_leg0","OK",NA
"sg_lasso","Spain","Revenues","2021-02-25",-268.045603074386,NA,0.751619552152959,0.5,0.0544549635060182,2,2,2,2021-02-01,2710,"Total revenues accrual","Y_lag1; Business turnover index_leg0","OK",NA
"sg_lasso","Spain","Revenues","2021-02-27",-268.045603074386,NA,0.751619552152959,0.5,0.0544549635060182,2,2,2,2021-02-01,2710,"Total revenues accrual","Y_lag1; Business turnover index_leg0","OK",NA
"sg_lasso","Spain","Revenues","2021-03-01",-295.678888475189,NA,0.751619552152959,0.5,0.0544549635060182,2,2,2,2021-03-01,2710,"Total revenues accrual","Y_lag1; Business turnover index_leg0","OK",NA
"sg_lasso","Spain","Revenues","2021-03-05",-273.277286501877,NA,0.751619552152959,0.5,0.0544549635060182,2,2,2,2021-03-01,2710,"Total revenues accrual","Y_lag1; Business turnover index_leg0","OK",NA
"sg_lasso","Spain","Revenues","2021-03-15",-110.226070469537,NA,0.751462452310805,0.5,0.0563141131328858,2,2,2,2021-03-01,2527,"Total revenues accrual","Y_lag1; Business turnover index_leg0","OK",NA
"sg_lasso","Spain","Revenues","2021-03-25",-110.226070469537,NA,0.751462452310805,0.5,0.0563141131328858,2,2,2,2021-03-01,2527,"Total revenues accrual","Y_lag1; Business turnover index_leg0","OK",NA
"sg_lasso","Spain","Revenues","2021-03-27",-110.226070469537,NA,0.751462452310805,0.5,0.0563141131328858,2,2,2,2021-03-01,2527,"Total revenues accrual","Y_lag1; Business turnover index_leg0","OK",NA
"sg_lasso","Spain","Revenues","2021-04-01",-82.686664234493,NA,0.751462452310805,0.5,0.0563141131328858,2,2,2,2021-04-01,2527,"Total revenues accrual","Y_lag1; Business turnover index_leg0","OK",NA
"sg_lasso","Spain","Revenues","2021-04-04",-82.686664234493,NA,0.751462452310805,0.5,0.0563141131328858,2,2,2,2021-04-01,2527,"Total revenues accrual","Y_lag1; Business turnover index_leg0","OK",NA
"sg_lasso","Spain","Revenues","2021-04-05",-122.706378811863,NA,0.751462452310805,0.5,0.0563141131328858,2,2,2,2021-04-01,2527,"Total revenues accrual","Y_lag1; Business turnover index_leg0","OK",NA
"sg_lasso","Spain","Revenues","2021-04-15",-122.706378811863,NA,0.751462452310805,0.5,0.0563141131328858,2,2,2,2021-04-01,2527,"Total revenues accrual","Y_lag1; Business turnover index_leg0","OK",NA
"sg_lasso","Spain","Revenues","2021-04-27",-122.706378811863,NA,0.751462452310805,0.5,0.0563141131328858,2,2,2,2021-04-01,2527,"Total revenues accrual","Y_lag1; Business turnover index_leg0","OK",NA
"sg_lasso","Spain","Revenues","2021-04-29",-122.706378811863,NA,0.751462452310805,0.5,0.0563141131328858,2,2,2,2021-04-01,2527,"Total revenues accrual","Y_lag1; Business turnover index_leg0","OK",NA
"sg_lasso","Spain","Revenues","2021-05-01",-134.867015542005,NA,0.751462452310805,0.5,0.0563141131328858,2,2,2,2021-05-01,2527,"Total revenues accrual","Y_lag1; Business turnover index_leg0","OK",NA
"sg_lasso","Spain","Revenues","2021-05-05",-77.8887146191823,NA,0.751462452310805,0.5,0.0563141131328858,2,2,2,2021-05-01,2527,"Total revenues accrual","Y_lag1; Business turnover index_leg0","OK",NA
"sg_lasso","Spain","Revenues","2021-05-06",-77.8887146191823,NA,0.751462452310805,0.5,0.0563141131328858,2,2,2,2021-05-01,2527,"Total revenues accrual","Y_lag1; Business turnover index_leg0","OK",NA
"sg_lasso","Spain","Revenues","2021-05-15",-77.8887146191823,NA,0.751462452310805,0.5,0.0563141131328858,2,2,2,2021-05-01,2527,"Total revenues accrual","Y_lag1; Business turnover index_leg0","OK",NA
"sg_lasso","Spain","Revenues","2021-05-27",-77.8887146191823,NA,0.751462452310805,0.5,0.0563141131328858,2,2,2,2021-05-01,2527,"Total revenues accrual","Y_lag1; Business turnover index_leg0","OK",NA
"sg_lasso","Spain","Revenues","2021-06-01",-60.9301282737297,NA,0.751462452310805,0.5,0.0563141131328858,2,2,2,2021-06-01,2527,"Total revenues accrual","Y_lag1; Business turnover index_leg0","OK",NA
"sg_lasso","Spain","Revenues","2021-06-02",-60.9301282737297,NA,0.751462452310805,0.5,0.0563141131328858,2,2,2,2021-06-01,2527,"Total revenues accrual","Y_lag1; Business turnover index_leg0","OK",NA
"sg_lasso","Spain","Revenues","2021-06-05",-88.9950583579657,NA,0.751462452310805,0.5,0.0563141131328858,2,2,2,2021-06-01,2527,"Total revenues accrual","Y_lag1; Business turnover index_leg0","OK",NA
"sg_lasso","Spain","Revenues","2021-06-15",23.1366411596116,NA,0.752101119296205,0.5,0.058573112335238,2,2,2,2021-06-01,2451,"Total revenues accrual","Y_lag1; Business turnover index_leg0","OK",NA
"sg_lasso","Spain","Revenues","2021-06-24",23.1366411596116,NA,0.752101119296205,0.5,0.058573112335238,2,2,2,2021-06-01,2451,"Total revenues accrual","Y_lag1; Business turnover index_leg0","OK",NA
"sg_lasso","Spain","Revenues","2021-06-27",23.1366411596116,NA,0.752101119296205,0.5,0.058573112335238,2,2,2,2021-06-01,2451,"Total revenues accrual","Y_lag1; Business turnover index_leg0","OK",NA
"sg_lasso","Spain","Revenues","2021-07-01",58.3156059943583,NA,0.752101119296205,0.5,0.058573112335238,2,2,2,2021-07-01,2451,"Total revenues accrual","Y_lag1; Business turnover index_leg0","OK",NA
"sg_lasso","Spain","Revenues","2021-07-04",58.3156059943583,NA,0.752101119296205,0.5,0.058573112335238,2,2,2,2021-07-01,2451,"Total revenues accrual","Y_lag1; Business turnover index_leg0","OK",NA
"sg_lasso","Spain","Revenues","2021-07-05",24.3731321191866,NA,0.752101119296205,0.5,0.058573112335238,2,2,2,2021-07-01,2451,"Total revenues accrual","Y_lag1; Business turnover index_leg0","OK",NA
"sg_lasso","Spain","Revenues","2021-07-15",24.3731321191866,NA,0.752101119296205,0.5,0.058573112335238,2,2,2,2021-07-01,2451,"Total revenues accrual","Y_lag1; Business turnover index_leg0","OK",NA
"sg_lasso","Spain","Revenues","2021-07-27",24.3731321191866,NA,0.752101119296205,0.5,0.058573112335238,2,2,2,2021-07-01,2451,"Total revenues accrual","Y_lag1; Business turnover index_leg0","OK",NA
"sg_lasso","Spain","Revenues","2021-07-29",24.3731321191866,NA,0.752101119296205,0.5,0.058573112335238,2,2,2,2021-07-01,2451,"Total revenues accrual","Y_lag1; Business turnover index_leg0","OK",NA
"sg_lasso","Spain","Revenues","2021-08-01",-43.7160067724822,NA,0.752101119296205,0.5,0.058573112335238,2,2,2,2021-08-01,2451,"Total revenues accrual","Y_lag1; Business turnover index_leg0","OK",NA
"sg_lasso","Spain","Revenues","2021-08-05",-48.068012488366,NA,0.752101119296205,0.5,0.058573112335238,2,2,2,2021-08-01,2451,"Total revenues accrual","Y_lag1; Business turnover index_leg0","OK",NA
"sg_lasso","Spain","Revenues","2021-08-07",-48.068012488366,NA,0.752101119296205,0.5,0.058573112335238,2,2,2,2021-08-01,2451,"Total revenues accrual","Y_lag1; Business turnover index_leg0","OK",NA
"sg_lasso","Spain","Revenues","2021-08-15",-48.068012488366,NA,0.752101119296205,0.5,0.058573112335238,2,2,2,2021-08-01,2451,"Total revenues accrual","Y_lag1; Business turnover index_leg0","OK",NA
"sg_lasso","Spain","Revenues","2021-08-26",-48.068012488366,NA,0.752101119296205,0.5,0.058573112335238,2,2,2,2021-08-01,2451,"Total revenues accrual","Y_lag1; Business turnover index_leg0","OK",NA
"sg_lasso","Spain","Revenues","2021-08-27",-48.068012488366,NA,0.752101119296205,0.5,0.058573112335238,2,2,2,2021-08-01,2451,"Total revenues accrual","Y_lag1; Business turnover index_leg0","OK",NA
"sg_lasso","Spain","Revenues","2021-09-01",-86.3624920794216,NA,0.752101119296205,0.5,0.058573112335238,2,2,2,2021-09-01,2451,"Total revenues accrual","Y_lag1; Business turnover index_leg0","OK",NA
"sg_lasso","Spain","Revenues","2021-09-03",-86.3624920794216,NA,0.752101119296205,0.5,0.058573112335238,2,2,2,2021-09-01,2451,"Total revenues accrual","Y_lag1; Business turnover index_leg0","OK",NA
"sg_lasso","Spain","Revenues","2021-09-05",-14.206565817484,NA,0.752101119296205,0.5,0.058573112335238,2,2,2,2021-09-01,2451,"Total revenues accrual","Y_lag1; Business turnover index_leg0","OK",NA
"sg_lasso","Spain","Revenues","2021-09-15",-129.751593837621,NA,0.0918573227088751,0.5,0.0609651906209799,5,5,5,2021-09-01,10291,"Total revenues accrual","Y_lag1; Payroll Mass_leg0; Hours worked_leg0; Business turnover index_leg0; HICPX_leg0","OK",NA
"sg_lasso","Spain","Revenues","2021-09-27",-129.751593837621,NA,0.0918573227088751,0.5,0.0604580371687965,5,5,5,2021-09-01,10291,"Total revenues accrual","Y_lag1; Payroll Mass_leg0; Hours worked_leg0; Business turnover index_leg0; HICPX_leg0","OK",NA
"sg_lasso","Spain","Revenues","2021-09-30",-129.751593837621,NA,0.0918573227088751,0.5,0.0604580371687965,5,5,5,2021-09-01,10291,"Total revenues accrual","Y_lag1; Payroll Mass_leg0; Hours worked_leg0; Business turnover index_leg0; HICPX_leg0","OK",NA
"sg_lasso","Spain","Revenues","2021-10-01",519.439622183266,NA,0.0918573227088751,0.5,0.0604580371687965,5,5,5,2021-10-01,10291,"Total revenues accrual","Y_lag1; Payroll Mass_leg0; Hours worked_leg0; Business turnover index_leg0; HICPX_leg0","OK",NA
"sg_lasso","Spain","Revenues","2021-10-05",-169.32228121,NA,0.0918573227088751,0.5,0.0604580371687965,5,5,5,2021-10-01,10291,"Total revenues accrual","Y_lag1; Payroll Mass_leg0; Hours worked_leg0; Business turnover index_leg0; HICPX_leg0","OK",NA
"sg_lasso","Spain","Revenues","2021-10-15",-169.32228121,NA,0.0918573227088751,0.5,0.0604580371687965,5,5,5,2021-10-01,10291,"Total revenues accrual","Y_lag1; Payroll Mass_leg0; Hours worked_leg0; Business turnover index_leg0; HICPX_leg0","OK",NA
"sg_lasso","Spain","Revenues","2021-10-27",-77.8349932725189,NA,0.0918573227088751,0.5,0.0604580371687965,5,5,5,2021-10-01,10291,"Total revenues accrual","Y_lag1; Payroll Mass_leg0; Hours worked_leg0; Business turnover index_leg0; HICPX_leg0","OK",NA
"sg_lasso","Spain","Revenues","2021-10-28",-77.8349932725189,NA,0.0918573227088751,0.5,0.0604580371687965,5,5,5,2021-10-01,10291,"Total revenues accrual","Y_lag1; Payroll Mass_leg0; Hours worked_leg0; Business turnover index_leg0; HICPX_leg0","OK",NA
"sg_lasso","Spain","Revenues","2021-11-01",527.20586014687,NA,0.0918573227088751,0.5,0.0604580371687965,5,5,5,2021-11-01,10291,"Total revenues accrual","Y_lag1; Payroll Mass_leg0; Hours worked_leg0; Business turnover index_leg0; HICPX_leg0","OK",NA
"sg_lasso","Spain","Revenues","2021-11-05",570.140366985996,NA,0.0918573227088751,0.5,0.0604580371687965,5,5,5,2021-11-01,10291,"Total revenues accrual","Y_lag1; Payroll Mass_leg0; Hours worked_leg0; Business turnover index_leg0; HICPX_leg0","OK",NA
"sg_lasso","Spain","Revenues","2021-11-15",570.140366985996,NA,0.0918573227088751,0.5,0.0604580371687965,5,5,5,2021-11-01,10291,"Total revenues accrual","Y_lag1; Payroll Mass_leg0; Hours worked_leg0; Business turnover index_leg0; HICPX_leg0","OK",NA
"sg_lasso","Spain","Revenues","2021-11-25",570.140366985996,NA,0.0918573227088751,0.5,0.0604580371687965,5,5,5,2021-11-01,10291,"Total revenues accrual","Y_lag1; Payroll Mass_leg0; Hours worked_leg0; Business turnover index_leg0; HICPX_leg0","OK",NA
"sg_lasso","Spain","Revenues","2021-11-27",753.114942860958,NA,0.0918573227088751,0.5,0.0604580371687965,5,5,5,2021-11-01,10291,"Total revenues accrual","Y_lag1; Payroll Mass_leg0; Hours worked_leg0; Business turnover index_leg0; HICPX_leg0","OK",NA
"sg_lasso","Spain","Revenues","2021-12-01",381.749410119261,NA,0.0918573227088751,0.5,0.0604580371687965,5,5,5,2021-12-01,10291,"Total revenues accrual","Y_lag1; Payroll Mass_leg0; Hours worked_leg0; Business turnover index_leg0; HICPX_leg0","OK",NA
"sg_lasso","Spain","Revenues","2021-12-03",381.749410119261,NA,0.0918573227088751,0.5,0.0604580371687965,5,5,5,2021-12-01,10291,"Total revenues accrual","Y_lag1; Payroll Mass_leg0; Hours worked_leg0; Business turnover index_leg0; HICPX_leg0","OK",NA
"sg_lasso","Spain","Revenues","2021-12-05",733.856807774557,NA,0.0918573227088751,0.5,0.0604580371687965,5,5,5,2021-12-01,10291,"Total revenues accrual","Y_lag1; Payroll Mass_leg0; Hours worked_leg0; Business turnover index_leg0; HICPX_leg0","OK",NA
"sg_lasso","Spain","Revenues","2021-12-15",3777.92726988037,NA,0.0918561619815915,0.5,0.0652400165043743,5,5,5,2021-12-01,2247,"Total revenues accrual","Y_lag1; Payroll Mass_leg0; Hours worked_leg0; Business turnover index_leg0; HICPX_leg0","OK",NA
"sg_lasso","Spain","Revenues","2021-12-27",3839.11628413769,NA,0.0918561619815915,0.5,0.0646804342663713,5,5,5,2021-12-01,2247,"Total revenues accrual","Y_lag1; Payroll Mass_leg0; Hours worked_leg0; Business turnover index_leg0; HICPX_leg0","OK",NA
"sg_lasso","Spain","Revenues","2021-12-30",3839.11628413769,NA,0.0918561619815915,0.5,0.0646804342663713,5,5,5,2021-12-01,2247,"Total revenues accrual","Y_lag1; Payroll Mass_leg0; Hours worked_leg0; Business turnover index_leg0; HICPX_leg0","OK",NA
"sg_lasso","Spain","Revenues","2022-01-01",4527.72980693046,NA,0.0918561619815915,0.5,0.0646804342663713,5,5,5,2022-01-01,2247,"Total revenues accrual","Y_lag1; Payroll Mass_leg0; Hours worked_leg0; Business turnover index_leg0; HICPX_leg0","OK",NA
"sg_lasso","Spain","Revenues","2022-01-05",5309.79722620695,NA,0.0918561619815915,0.5,0.0646804342663713,5,5,5,2022-01-01,2247,"Total revenues accrual","Y_lag1; Payroll Mass_leg0; Hours worked_leg0; Business turnover index_leg0; HICPX_leg0","OK",NA
"sg_lasso","Spain","Revenues","2022-01-06",5309.79722620695,NA,0.0918561619815915,0.5,0.0646804342663713,5,5,5,2022-01-01,2247,"Total revenues accrual","Y_lag1; Payroll Mass_leg0; Hours worked_leg0; Business turnover index_leg0; HICPX_leg0","OK",NA
"sg_lasso","Spain","Revenues","2022-01-15",5309.79722620695,NA,0.0918561619815915,0.5,0.0646804342663713,5,5,5,2022-01-01,2247,"Total revenues accrual","Y_lag1; Payroll Mass_leg0; Hours worked_leg0; Business turnover index_leg0; HICPX_leg0","OK",NA
"sg_lasso","Spain","Revenues","2022-01-27",4933.07495500743,NA,0.0918561619815915,0.5,0.0646804342663713,5,5,5,2022-01-01,2247,"Total revenues accrual","Y_lag1; Payroll Mass_leg0; Hours worked_leg0; Business turnover index_leg0; HICPX_leg0","OK",NA
"sg_lasso","Spain","Revenues","2022-02-01",5793.09114657692,NA,0.0918561619815915,0.5,0.0646804342663713,5,5,5,2022-02-01,2247,"Total revenues accrual","Y_lag1; Payroll Mass_leg0; Hours worked_leg0; Business turnover index_leg0; HICPX_leg0","OK",NA
"sg_lasso","Spain","Revenues","2022-02-02",5793.09114657692,NA,0.0918561619815915,0.5,0.0646804342663713,5,5,5,2022-02-01,2247,"Total revenues accrual","Y_lag1; Payroll Mass_leg0; Hours worked_leg0; Business turnover index_leg0; HICPX_leg0","OK",NA
"sg_lasso","Spain","Revenues","2022-02-05",4176.8803728202,NA,0.0918561619815915,0.5,0.0646804342663713,5,5,5,2022-02-01,2247,"Total revenues accrual","Y_lag1; Payroll Mass_leg0; Hours worked_leg0; Business turnover index_leg0; HICPX_leg0","OK",NA
"sg_lasso","Spain","Revenues","2022-02-15",4176.8803728202,NA,0.0918561619815915,0.5,0.0646804342663713,5,5,5,2022-02-01,2247,"Total revenues accrual","Y_lag1; Payroll Mass_leg0; Hours worked_leg0; Business turnover index_leg0; HICPX_leg0","OK",NA
"sg_lasso","Spain","Revenues","2022-02-24",4176.8803728202,NA,0.0918561619815915,0.5,0.0646804342663713,5,5,5,2022-02-01,2247,"Total revenues accrual","Y_lag1; Payroll Mass_leg0; Hours worked_leg0; Business turnover index_leg0; HICPX_leg0","OK",NA
"sg_lasso","Spain","Revenues","2022-02-27",4553.60264401973,NA,0.0918561619815915,0.5,0.0646804342663713,5,5,5,2022-02-01,2247,"Total revenues accrual","Y_lag1; Payroll Mass_leg0; Hours worked_leg0; Business turnover index_leg0; HICPX_leg0","OK",NA
"sg_lasso","Spain","Revenues","2022-03-01",3719.45928953949,NA,0.0918561619815915,0.5,0.0646804342663713,5,5,5,2022-03-01,2247,"Total revenues accrual","Y_lag1; Payroll Mass_leg0; Hours worked_leg0; Business turnover index_leg0; HICPX_leg0","OK",NA
"sg_lasso","Spain","Revenues","2022-03-02",3719.45928953949,NA,0.0918561619815915,0.5,0.0646804342663713,5,5,5,2022-03-01,2247,"Total revenues accrual","Y_lag1; Payroll Mass_leg0; Hours worked_leg0; Business turnover index_leg0; HICPX_leg0","OK",NA
"sg_lasso","Spain","Revenues","2022-03-05",4838.93897067852,NA,0.0918561619815915,0.5,0.0646804342663713,5,5,5,2022-03-01,2247,"Total revenues accrual","Y_lag1; Payroll Mass_leg0; Hours worked_leg0; Business turnover index_leg0; HICPX_leg0","OK",NA
"sg_lasso","Spain","Revenues","2022-03-15",1871.72352957322,NA,0.634311763504363,0.5,0.0673465101875104,2,2,2,2022-03-01,-626,"Total revenues accrual","Y_lag1; Business turnover index_leg0","OK",NA
"sg_lasso","Spain","Revenues","2022-03-27",1871.72352957322,NA,0.634311763504363,0.5,0.0673465101875104,2,2,2,2022-03-01,-626,"Total revenues accrual","Y_lag1; Business turnover index_leg0","OK",NA
"sg_lasso","Spain","Revenues","2022-03-31",1871.72352957322,NA,0.634311763504363,0.5,0.0673465101875104,2,2,2,2022-03-01,-626,"Total revenues accrual","Y_lag1; Business turnover index_leg0","OK",NA
"sg_lasso","Spain","Revenues","2022-04-01",1769.66854061001,NA,0.634311763504363,0.5,0.0673465101875104,2,2,2,2022-04-01,-626,"Total revenues accrual","Y_lag1; Business turnover index_leg0","OK",NA
"sg_lasso","Spain","Revenues","2022-04-05",1514.37166601067,NA,0.634311763504363,0.5,0.0673465101875104,2,2,2,2022-04-01,-626,"Total revenues accrual","Y_lag1; Business turnover index_leg0","OK",NA
"sg_lasso","Spain","Revenues","2022-04-15",1514.37166601067,NA,0.634311763504363,0.5,0.0673465101875104,2,2,2,2022-04-01,-626,"Total revenues accrual","Y_lag1; Business turnover index_leg0","OK",NA
"sg_lasso","Spain","Revenues","2022-04-27",1514.37166601067,NA,0.634311763504363,0.5,0.0673465101875104,2,2,2,2022-04-01,-626,"Total revenues accrual","Y_lag1; Business turnover index_leg0","OK",NA
"sg_lasso","Spain","Revenues","2022-04-28",1514.37166601067,NA,0.634311763504363,0.5,0.0673465101875104,2,2,2,2022-04-01,-626,"Total revenues accrual","Y_lag1; Business turnover index_leg0","OK",NA
"sg_lasso","Spain","Revenues","2022-05-01",1489.07546622537,NA,0.634311763504363,0.5,0.0673465101875104,2,2,2,2022-05-01,-626,"Total revenues accrual","Y_lag1; Business turnover index_leg0","OK",NA
"sg_lasso","Spain","Revenues","2022-05-05",1340.30394645268,NA,0.634311763504363,0.5,0.0673465101875104,2,2,2,2022-05-01,-626,"Total revenues accrual","Y_lag1; Business turnover index_leg0","OK",NA
"sg_lasso","Spain","Revenues","2022-05-07",1340.30394645268,NA,0.634311763504363,0.5,0.0673465101875104,2,2,2,2022-05-01,-626,"Total revenues accrual","Y_lag1; Business turnover index_leg0","OK",NA
"sg_lasso","Spain","Revenues","2022-05-15",1340.30394645268,NA,0.634311763504363,0.5,0.0673465101875104,2,2,2,2022-05-01,-626,"Total revenues accrual","Y_lag1; Business turnover index_leg0","OK",NA
"sg_lasso","Spain","Revenues","2022-05-26",1340.30394645268,NA,0.634311763504363,0.5,0.0673465101875104,2,2,2,2022-05-01,-626,"Total revenues accrual","Y_lag1; Business turnover index_leg0","OK",NA
"sg_lasso","Spain","Revenues","2022-05-27",1340.30394645268,NA,0.634311763504363,0.5,0.0673465101875104,2,2,2,2022-05-01,-626,"Total revenues accrual","Y_lag1; Business turnover index_leg0","OK",NA
"sg_lasso","Spain","Revenues","2022-06-01",936.235552080647,NA,0.634311763504363,0.5,0.0673465101875104,2,2,2,2022-06-01,-626,"Total revenues accrual","Y_lag1; Business turnover index_leg0","OK",NA
"sg_lasso","Spain","Revenues","2022-06-03",936.235552080647,NA,0.634311763504363,0.5,0.0673465101875104,2,2,2,2022-06-01,-626,"Total revenues accrual","Y_lag1; Business turnover index_leg0","OK",NA
"sg_lasso","Spain","Revenues","2022-06-05",2153.56250613316,NA,0.634311763504363,0.5,0.0673465101875104,2,2,2,2022-06-01,-626,"Total revenues accrual","Y_lag1; Business turnover index_leg0","OK",NA
"sg_lasso","Spain","Revenues","2022-06-15",4384.37343864937,NA,0.129800589735187,0.5,0.0678558411006517,3,3,3,2022-06-01,3301,"Total revenues accrual","Y_lag1; Hours worked_leg0; Business turnover index_leg0","OK",NA
"sg_lasso","Spain","Revenues","2022-06-27",4384.37343864937,NA,0.129800589735187,0.5,0.0678558411006517,3,3,3,2022-06-01,3301,"Total revenues accrual","Y_lag1; Hours worked_leg0; Business turnover index_leg0","OK",NA
"sg_lasso","Spain","Revenues","2022-06-30",4384.37343864937,NA,0.129800589735187,0.5,0.067771205694542,3,3,3,2022-06-01,3301,"Total revenues accrual","Y_lag1; Hours worked_leg0; Business turnover index_leg0","OK",NA
"sg_lasso","Spain","Revenues","2022-07-01",9145.89835088541,NA,0.129800589735187,0.5,0.067771205694542,3,3,3,2022-07-01,3301,"Total revenues accrual","Y_lag1; Hours worked_leg0; Business turnover index_leg0","OK",NA
"sg_lasso","Spain","Revenues","2022-07-05",4408.31509842818,NA,0.129800589735187,0.5,0.067771205694542,3,3,3,2022-07-01,3301,"Total revenues accrual","Y_lag1; Hours worked_leg0; Business turnover index_leg0","OK",NA
"sg_lasso","Spain","Revenues","2022-07-15",4408.31509842818,NA,0.129800589735187,0.5,0.067771205694542,3,3,3,2022-07-01,3301,"Total revenues accrual","Y_lag1; Hours worked_leg0; Business turnover index_leg0","OK",NA
"sg_lasso","Spain","Revenues","2022-07-27",4408.31509842818,NA,0.129800589735187,0.5,0.067771205694542,3,3,3,2022-07-01,3301,"Total revenues accrual","Y_lag1; Hours worked_leg0; Business turnover index_leg0","OK",NA
"sg_lasso","Spain","Revenues","2022-07-28",4408.31509842818,NA,0.129800589735187,0.5,0.067771205694542,3,3,3,2022-07-01,3301,"Total revenues accrual","Y_lag1; Hours worked_leg0; Business turnover index_leg0","OK",NA
"sg_lasso","Spain","Revenues","2022-08-01",5104.19042922607,NA,0.129800589735187,0.5,0.067771205694542,3,3,3,2022-08-01,3301,"Total revenues accrual","Y_lag1; Hours worked_leg0; Business turnover index_leg0","OK",NA
"sg_lasso","Spain","Revenues","2022-08-05",5859.94864031506,NA,0.129800589735187,0.5,0.067771205694542,3,3,3,2022-08-01,3301,"Total revenues accrual","Y_lag1; Hours worked_leg0; Business turnover index_leg0","OK",NA
"sg_lasso","Spain","Revenues","2022-08-15",5859.94864031506,NA,0.129800589735187,0.5,0.067771205694542,3,3,3,2022-08-01,3301,"Total revenues accrual","Y_lag1; Hours worked_leg0; Business turnover index_leg0","OK",NA
"sg_lasso","Spain","Revenues","2022-08-25",5859.94864031506,NA,0.129800589735187,0.5,0.067771205694542,3,3,3,2022-08-01,3301,"Total revenues accrual","Y_lag1; Hours worked_leg0; Business turnover index_leg0","OK",NA
"sg_lasso","Spain","Revenues","2022-08-27",5859.94864031506,NA,0.129800589735187,0.5,0.067771205694542,3,3,3,2022-08-01,3301,"Total revenues accrual","Y_lag1; Hours worked_leg0; Business turnover index_leg0","OK",NA
"sg_lasso","Spain","Revenues","2022-09-01",1878.12359894683,NA,0.129800589735187,0.5,0.067771205694542,3,3,3,2022-09-01,3301,"Total revenues accrual","Y_lag1; Hours worked_leg0; Business turnover index_leg0","OK",NA
"sg_lasso","Spain","Revenues","2022-09-04",1878.12359894683,NA,0.129800589735187,0.5,0.067771205694542,3,3,3,2022-09-01,3301,"Total revenues accrual","Y_lag1; Hours worked_leg0; Business turnover index_leg0","OK",NA
"sg_lasso","Spain","Revenues","2022-09-05",239.010296868964,NA,0.129800589735187,0.5,0.067771205694542,3,3,3,2022-09-01,3301,"Total revenues accrual","Y_lag1; Hours worked_leg0; Business turnover index_leg0","OK",NA
"sg_lasso","Spain","Revenues","2022-09-15",229.83653377642,NA,0.1414955332892,0.5,0.074371306141626,3,3,3,2022-09-01,3769,"Total revenues accrual","Y_lag1; Hours worked_leg0; Business turnover index_leg0","OK",NA
"sg_lasso","Spain","Revenues","2022-09-27",229.83653377642,NA,0.1414955332892,0.5,0.074371306141626,3,3,3,2022-09-01,3769,"Total revenues accrual","Y_lag1; Hours worked_leg0; Business turnover index_leg0","OK",NA
"sg_lasso","Spain","Revenues","2022-09-29",229.83653377642,NA,0.1414955332892,0.5,0.074371306141626,3,3,3,2022-09-01,3769,"Total revenues accrual","Y_lag1; Hours worked_leg0; Business turnover index_leg0","OK",NA
"sg_lasso","Spain","Revenues","2022-10-01",-679.69258206431,NA,0.1414955332892,0.5,0.074371306141626,3,3,3,2022-10-01,3769,"Total revenues accrual","Y_lag1; Hours worked_leg0; Business turnover index_leg0","OK",NA
"sg_lasso","Spain","Revenues","2022-10-05",1111.42563789647,NA,0.1414955332892,0.5,0.074371306141626,3,3,3,2022-10-01,3769,"Total revenues accrual","Y_lag1; Hours worked_leg0; Business turnover index_leg0","OK",NA
"sg_lasso","Spain","Revenues","2022-10-06",1111.42563789647,NA,0.1414955332892,0.5,0.074371306141626,3,3,3,2022-10-01,3769,"Total revenues accrual","Y_lag1; Hours worked_leg0; Business turnover index_leg0","OK",NA
"sg_lasso","Spain","Revenues","2022-10-15",1111.42563789647,NA,0.1414955332892,0.5,0.074371306141626,3,3,3,2022-10-01,3769,"Total revenues accrual","Y_lag1; Hours worked_leg0; Business turnover index_leg0","OK",NA
"sg_lasso","Spain","Revenues","2022-10-27",1111.42563789647,NA,0.1414955332892,0.5,0.074371306141626,3,3,3,2022-10-01,3769,"Total revenues accrual","Y_lag1; Hours worked_leg0; Business turnover index_leg0","OK",NA
"sg_lasso","Spain","Revenues","2022-11-01",1233.88820062299,NA,0.1414955332892,0.5,0.074371306141626,3,3,3,2022-11-01,3769,"Total revenues accrual","Y_lag1; Hours worked_leg0; Business turnover index_leg0","OK",NA
"sg_lasso","Spain","Revenues","2022-11-02",1233.88820062299,NA,0.1414955332892,0.5,0.074371306141626,3,3,3,2022-11-01,3769,"Total revenues accrual","Y_lag1; Hours worked_leg0; Business turnover index_leg0","OK",NA
"sg_lasso","Spain","Revenues","2022-11-05",-618.946457065853,NA,0.1414955332892,0.5,0.074371306141626,3,3,3,2022-11-01,3769,"Total revenues accrual","Y_lag1; Hours worked_leg0; Business turnover index_leg0","OK",NA
"sg_lasso","Spain","Revenues","2022-11-15",-618.946457065853,NA,0.1414955332892,0.5,0.074371306141626,3,3,3,2022-11-01,3769,"Total revenues accrual","Y_lag1; Hours worked_leg0; Business turnover index_leg0","OK",NA
"sg_lasso","Spain","Revenues","2022-11-24",-618.946457065853,NA,0.1414955332892,0.5,0.074371306141626,3,3,3,2022-11-01,3769,"Total revenues accrual","Y_lag1; Hours worked_leg0; Business turnover index_leg0","OK",NA
"sg_lasso","Spain","Revenues","2022-11-27",-618.946457065853,NA,0.1414955332892,0.5,0.074371306141626,3,3,3,2022-11-01,3769,"Total revenues accrual","Y_lag1; Hours worked_leg0; Business turnover index_leg0","OK",NA
"sg_lasso","Spain","Revenues","2022-12-01",-680.662894793919,NA,0.1414955332892,0.5,0.074371306141626,3,3,3,2022-12-01,3769,"Total revenues accrual","Y_lag1; Hours worked_leg0; Business turnover index_leg0","OK",NA
"sg_lasso","Spain","Revenues","2022-12-04",-680.662894793919,NA,0.1414955332892,0.5,0.074371306141626,3,3,3,2022-12-01,3769,"Total revenues accrual","Y_lag1; Hours worked_leg0; Business turnover index_leg0","OK",NA
"sg_lasso","Spain","Revenues","2022-12-05",-34.6580007578415,NA,0.1414955332892,0.5,0.074371306141626,3,3,3,2022-12-01,3769,"Total revenues accrual","Y_lag1; Hours worked_leg0; Business turnover index_leg0","OK",NA
"sg_lasso","Spain","Revenues","2022-12-15",925.504564940678,NA,0.520741198978976,0.5,0.0762400311160542,2,2,2,2022-12-01,351,"Total revenues accrual","Y_lag1; Business turnover index_leg0","OK",NA
"sg_lasso","Spain","Revenues","2022-12-27",925.504564940678,NA,0.520741198978976,0.5,0.0762400311160542,2,2,2,2022-12-01,351,"Total revenues accrual","Y_lag1; Business turnover index_leg0","OK",NA
"sg_lasso","Spain","Revenues","2022-12-29",925.504564940678,NA,0.520741198978976,0.5,0.0762400311160542,2,2,2,2022-12-01,351,"Total revenues accrual","Y_lag1; Business turnover index_leg0","OK",NA
"sg_lasso","Spain","Revenues","2023-01-01",440.654836792065,NA,0.520741198978976,0.5,0.0762400311160542,2,2,2,2023-01-01,351,"Total revenues accrual","Y_lag1; Business turnover index_leg0","OK",NA
"sg_lasso","Spain","Revenues","2023-01-05",534.158049355126,NA,0.520741198978976,0.5,0.0762400311160542,2,2,2,2023-01-01,351,"Total revenues accrual","Y_lag1; Business turnover index_leg0","OK",NA
"sg_lasso","Spain","Revenues","2023-01-07",534.158049355126,NA,0.520741198978976,0.5,0.0762400311160542,2,2,2,2023-01-01,351,"Total revenues accrual","Y_lag1; Business turnover index_leg0","OK",NA
"sg_lasso","Spain","Revenues","2023-01-15",534.158049355126,NA,0.520741198978976,0.5,0.0762400311160542,2,2,2,2023-01-01,351,"Total revenues accrual","Y_lag1; Business turnover index_leg0","OK",NA
"sg_lasso","Spain","Revenues","2023-01-26",534.158049355126,NA,0.520741198978976,0.5,0.0762400311160542,2,2,2,2023-01-01,351,"Total revenues accrual","Y_lag1; Business turnover index_leg0","OK",NA
"sg_lasso","Spain","Revenues","2023-01-27",534.158049355126,NA,0.520741198978976,0.5,0.0762400311160542,2,2,2,2023-01-01,351,"Total revenues accrual","Y_lag1; Business turnover index_leg0","OK",NA
"sg_lasso","Spain","Revenues","2023-02-01",887.196870576066,NA,0.520741198978976,0.5,0.0762400311160542,2,2,2,2023-02-01,351,"Total revenues accrual","Y_lag1; Business turnover index_leg0","OK",NA
"sg_lasso","Spain","Revenues","2023-02-03",887.196870576066,NA,0.520741198978976,0.5,0.0762400311160542,2,2,2,2023-02-01,351,"Total revenues accrual","Y_lag1; Business turnover index_leg0","OK",NA
"sg_lasso","Spain","Revenues","2023-02-05",865.893092151203,NA,0.520741198978976,0.5,0.0762400311160542,2,2,2,2023-02-01,351,"Total revenues accrual","Y_lag1; Business turnover index_leg0","OK",NA
"sg_lasso","Spain","Revenues","2023-02-15",865.893092151203,NA,0.520741198978976,0.5,0.0762400311160542,2,2,2,2023-02-01,351,"Total revenues accrual","Y_lag1; Business turnover index_leg0","OK",NA
"sg_lasso","Spain","Revenues","2023-02-23",865.893092151203,NA,0.520741198978976,0.5,0.0762400311160542,2,2,2,2023-02-01,351,"Total revenues accrual","Y_lag1; Business turnover index_leg0","OK",NA
"sg_lasso","Spain","Revenues","2023-02-27",865.893092151203,NA,0.520741198978976,0.5,0.0762400311160542,2,2,2,2023-02-01,351,"Total revenues accrual","Y_lag1; Business turnover index_leg0","OK",NA
"sg_lasso","Spain","Revenues","2023-03-01",938.0925262894,NA,0.520741198978976,0.5,0.0762400311160542,2,2,2,2023-03-01,351,"Total revenues accrual","Y_lag1; Business turnover index_leg0","OK",NA
"sg_lasso","Spain","Revenues","2023-03-03",938.0925262894,NA,0.520741198978976,0.5,0.0762400311160542,2,2,2,2023-03-01,351,"Total revenues accrual","Y_lag1; Business turnover index_leg0","OK",NA
"sg_lasso","Spain","Revenues","2023-03-05",827.278896334437,NA,0.520741198978976,0.5,0.0762400311160542,2,2,2,2023-03-01,351,"Total revenues accrual","Y_lag1; Business turnover index_leg0","OK",NA
"sg_lasso","Spain","Revenues","2023-03-15",-737.90515010917,NA,0.416187691388448,0.5,0.0849860612992601,2,2,2,2023-03-01,7552,"Total revenues accrual","Y_lag1; Business turnover index_leg0","OK",NA
"sg_lasso","Spain","Revenues","2023-03-27",-737.90515010917,NA,0.416187691388448,0.5,0.0849860612992601,2,2,2,2023-03-01,7552,"Total revenues accrual","Y_lag1; Business turnover index_leg0","OK",NA
"sg_lasso","Spain","Revenues","2023-03-30",-737.90515010917,NA,0.416187691388448,0.5,0.0849860612992601,2,2,2,2023-03-01,7552,"Total revenues accrual","Y_lag1; Business turnover index_leg0","OK",NA
"sg_lasso","Spain","Revenues","2023-04-01",-917.730525550038,NA,0.416187691388448,0.5,0.0849860612992601,2,2,2,2023-04-01,7552,"Total revenues accrual","Y_lag1; Business turnover index_leg0","OK",NA
"sg_lasso","Spain","Revenues","2023-04-05",-976.066221830561,NA,0.416187691388448,0.5,0.0849860612992601,2,2,2,2023-04-01,7552,"Total revenues accrual","Y_lag1; Business turnover index_leg0","OK",NA
"sg_lasso","Spain","Revenues","2023-04-06",-976.066221830561,NA,0.416187691388448,0.5,0.0849860612992601,2,2,2,2023-04-01,7552,"Total revenues accrual","Y_lag1; Business turnover index_leg0","OK",NA
"sg_lasso","Spain","Revenues","2023-04-15",-976.066221830561,NA,0.416187691388448,0.5,0.0849860612992601,2,2,2,2023-04-01,7552,"Total revenues accrual","Y_lag1; Business turnover index_leg0","OK",NA
"sg_lasso","Spain","Revenues","2023-04-27",-976.066221830561,NA,0.416187691388448,0.5,0.0849860612992601,2,2,2,2023-04-01,7552,"Total revenues accrual","Y_lag1; Business turnover index_leg0","OK",NA
"sg_lasso","Spain","Revenues","2023-05-01",-1185.23066093147,NA,0.416187691388448,0.5,0.0849860612992601,2,2,2,2023-05-01,7552,"Total revenues accrual","Y_lag1; Business turnover index_leg0","OK",NA
"sg_lasso","Spain","Revenues","2023-05-05",-1010.55209011564,NA,0.416187691388448,0.5,0.0849860612992601,2,2,2,2023-05-01,7552,"Total revenues accrual","Y_lag1; Business turnover index_leg0","OK",NA
"sg_lasso","Spain","Revenues","2023-05-15",-1010.55209011564,NA,0.416187691388448,0.5,0.0849860612992601,2,2,2,2023-05-01,7552,"Total revenues accrual","Y_lag1; Business turnover index_leg0","OK",NA
"sg_lasso","Spain","Revenues","2023-05-25",-1010.55209011564,NA,0.416187691388448,0.5,0.0849860612992601,2,2,2,2023-05-01,7552,"Total revenues accrual","Y_lag1; Business turnover index_leg0","OK",NA
"sg_lasso","Spain","Revenues","2023-05-27",-1010.55209011564,NA,0.416187691388448,0.5,0.0849860612992601,2,2,2,2023-05-01,7552,"Total revenues accrual","Y_lag1; Business turnover index_leg0","OK",NA
"sg_lasso","Spain","Revenues","2023-06-01",-894.209215580329,NA,0.416187691388448,0.5,0.0849860612992601,2,2,2,2023-06-01,7552,"Total revenues accrual","Y_lag1; Business turnover index_leg0","OK",NA
"sg_lasso","Spain","Revenues","2023-06-04",-894.209215580329,NA,0.416187691388448,0.5,0.0849860612992601,2,2,2,2023-06-01,7552,"Total revenues accrual","Y_lag1; Business turnover index_leg0","OK",NA
"sg_lasso","Spain","Revenues","2023-06-05",-871.808252688501,NA,0.416187691388448,0.5,0.0849860612992601,2,2,2,2023-06-01,7552,"Total revenues accrual","Y_lag1; Business turnover index_leg0","OK",NA
"sg_lasso","Spain","Revenues","2023-06-15",706.592535909989,NA,0.416251589580052,0.5,0.0886050147455935,2,2,2,2023-06-01,425,"Total revenues accrual","Y_lag1; Business turnover index_leg0","OK",NA
"sg_lasso","Spain","Revenues","2023-06-27",706.592535909989,NA,0.416251589580052,0.5,0.0886050147455935,2,2,2,2023-06-01,425,"Total revenues accrual","Y_lag1; Business turnover index_leg0","OK",NA
"sg_lasso","Spain","Revenues","2023-06-29",706.592535909989,NA,0.416251589580052,0.5,0.0886050147455935,2,2,2,2023-06-01,425,"Total revenues accrual","Y_lag1; Business turnover index_leg0","OK",NA
"sg_lasso","Spain","Revenues","2023-07-01",903.395104036604,NA,0.416251589580052,0.5,0.0886050147455935,2,2,2,2023-07-01,425,"Total revenues accrual","Y_lag1; Business turnover index_leg0","OK",NA
"sg_lasso","Spain","Revenues","2023-07-05",996.830058072818,NA,0.416251589580052,0.5,0.0886050147455935,2,2,2,2023-07-01,425,"Total revenues accrual","Y_lag1; Business turnover index_leg0","OK",NA
"sg_lasso","Spain","Revenues","2023-07-06",996.830058072818,NA,0.416251589580052,0.5,0.0886050147455935,2,2,2,2023-07-01,425,"Total revenues accrual","Y_lag1; Business turnover index_leg0","OK",NA
"sg_lasso","Spain","Revenues","2023-07-15",996.830058072818,NA,0.416251589580052,0.5,0.0886050147455935,2,2,2,2023-07-01,425,"Total revenues accrual","Y_lag1; Business turnover index_leg0","OK",NA
"sg_lasso","Spain","Revenues","2023-07-27",996.830058072818,NA,0.416251589580052,0.5,0.0886050147455935,2,2,2,2023-07-01,425,"Total revenues accrual","Y_lag1; Business turnover index_leg0","OK",NA
"sg_lasso","Spain","Revenues","2023-08-01",1112.63449382376,NA,0.416251589580052,0.5,0.0886050147455935,2,2,2,2023-08-01,425,"Total revenues accrual","Y_lag1; Business turnover index_leg0","OK",NA
"sg_lasso","Spain","Revenues","2023-08-02",1112.63449382376,NA,0.416251589580052,0.5,0.0886050147455935,2,2,2,2023-08-01,425,"Total revenues accrual","Y_lag1; Business turnover index_leg0","OK",NA
"sg_lasso","Spain","Revenues","2023-08-05",857.318591458609,NA,0.416251589580052,0.5,0.0886050147455935,2,2,2,2023-08-01,425,"Total revenues accrual","Y_lag1; Business turnover index_leg0","OK",NA
"sg_lasso","Spain","Revenues","2023-08-15",857.318591458609,NA,0.416251589580052,0.5,0.0886050147455935,2,2,2,2023-08-01,425,"Total revenues accrual","Y_lag1; Business turnover index_leg0","OK",NA
"sg_lasso","Spain","Revenues","2023-08-27",857.318591458609,NA,0.416251589580052,0.5,0.0886050147455935,2,2,2,2023-08-01,425,"Total revenues accrual","Y_lag1; Business turnover index_leg0","OK",NA
"sg_lasso","Spain","Revenues","2023-08-31",857.318591458609,NA,0.416251589580052,0.5,0.0886050147455935,2,2,2,2023-08-01,425,"Total revenues accrual","Y_lag1; Business turnover index_leg0","OK",NA
"sg_lasso","Spain","Revenues","2023-09-01",695.437643129672,NA,0.416251589580052,0.5,0.0886050147455935,2,2,2,2023-09-01,425,"Total revenues accrual","Y_lag1; Business turnover index_leg0","OK",NA
"sg_lasso","Spain","Revenues","2023-09-05",937.419011793297,NA,0.416251589580052,0.5,0.0886050147455935,2,2,2,2023-09-01,425,"Total revenues accrual","Y_lag1; Business turnover index_leg0","OK",NA
"sg_lasso","Spain","Revenues","2023-09-15",404.324094983831,NA,0.414056861684027,0.5,0.0940430063915748,2,2,2,2023-09-01,3162,"Total revenues accrual","Y_lag1; Business turnover index_leg0","OK",NA
"sg_lasso","Spain","Revenues","2023-09-27",404.324094983831,NA,0.414056861684027,0.5,0.0940430063915748,2,2,2,2023-09-01,3162,"Total revenues accrual","Y_lag1; Business turnover index_leg0","OK",NA
"sg_lasso","Spain","Revenues","2023-09-28",404.324094983831,NA,0.414056861684027,0.5,0.0940430063915748,2,2,2,2023-09-01,3162,"Total revenues accrual","Y_lag1; Business turnover index_leg0","OK",NA
"sg_lasso","Spain","Revenues","2023-10-01",391.063694319083,NA,0.414056861684027,0.5,0.0940430063915748,2,2,2,2023-10-01,3162,"Total revenues accrual","Y_lag1; Business turnover index_leg0","OK",NA
"sg_lasso","Spain","Revenues","2023-10-05",707.576384038525,NA,0.414056861684027,0.5,0.0940430063915748,2,2,2,2023-10-01,3162,"Total revenues accrual","Y_lag1; Business turnover index_leg0","OK",NA
"sg_lasso","Spain","Revenues","2023-10-07",707.576384038525,NA,0.414056861684027,0.5,0.0940430063915748,2,2,2,2023-10-01,3162,"Total revenues accrual","Y_lag1; Business turnover index_leg0","OK",NA
"sg_lasso","Spain","Revenues","2023-10-15",707.576384038525,NA,0.414056861684027,0.5,0.0940430063915748,2,2,2,2023-10-01,3162,"Total revenues accrual","Y_lag1; Business turnover index_leg0","OK",NA
"sg_lasso","Spain","Revenues","2023-10-26",707.576384038525,NA,0.414056861684027,0.5,0.0940430063915748,2,2,2,2023-10-01,3162,"Total revenues accrual","Y_lag1; Business turnover index_leg0","OK",NA
"sg_lasso","Spain","Revenues","2023-10-27",707.576384038525,NA,0.414056861684027,0.5,0.0940430063915748,2,2,2,2023-10-01,3162,"Total revenues accrual","Y_lag1; Business turnover index_leg0","OK",NA
"sg_lasso","Spain","Revenues","2023-11-01",1264.72515250712,NA,0.414056861684027,0.5,0.0940430063915748,2,2,2,2023-11-01,3162,"Total revenues accrual","Y_lag1; Business turnover index_leg0","OK",NA
"sg_lasso","Spain","Revenues","2023-11-03",1264.72515250712,NA,0.414056861684027,0.5,0.0940430063915748,2,2,2,2023-11-01,3162,"Total revenues accrual","Y_lag1; Business turnover index_leg0","OK",NA
"sg_lasso","Spain","Revenues","2023-11-05",720.618915908166,NA,0.414056861684027,0.5,0.0940430063915748,2,2,2,2023-11-01,3162,"Total revenues accrual","Y_lag1; Business turnover index_leg0","OK",NA
"sg_lasso","Spain","Revenues","2023-11-15",720.618915908166,NA,0.414056861684027,0.5,0.0940430063915748,2,2,2,2023-11-01,3162,"Total revenues accrual","Y_lag1; Business turnover index_leg0","OK",NA
"sg_lasso","Spain","Revenues","2023-11-27",720.618915908166,NA,0.414056861684027,0.5,0.0940430063915748,2,2,2,2023-11-01,3162,"Total revenues accrual","Y_lag1; Business turnover index_leg0","OK",NA
"sg_lasso","Spain","Revenues","2023-11-30",720.618915908166,NA,0.414056861684027,0.5,0.0940430063915748,2,2,2,2023-11-01,3162,"Total revenues accrual","Y_lag1; Business turnover index_leg0","OK",NA
"sg_lasso","Spain","Revenues","2023-12-01",493.025369028651,NA,0.414056861684027,0.5,0.0940430063915748,2,2,2,2023-12-01,3162,"Total revenues accrual","Y_lag1; Business turnover index_leg0","OK",NA
"sg_lasso","Spain","Revenues","2023-12-05",821.836954607287,NA,0.414056861684027,0.5,0.0940430063915748,2,2,2,2023-12-01,3162,"Total revenues accrual","Y_lag1; Business turnover index_leg0","OK",NA
"sg_lasso","Spain","Revenues","2023-12-15",618.445129168084,NA,0.233830517657838,0.5,0.103422641765002,3,3,3,2023-12-01,6487,"Total revenues accrual","Y_lag1; Payroll Mass_leg0; Business turnover index_leg0","OK",NA
"sg_lasso","Spain","Revenues","2023-12-27",618.445129168084,NA,0.233830517657838,0.5,0.103422641765002,3,3,3,2023-12-01,6487,"Total revenues accrual","Y_lag1; Payroll Mass_leg0; Business turnover index_leg0","OK",NA
"sg_lasso","Spain","Revenues","2023-12-28",618.445129168084,NA,0.233830517657838,0.5,0.103422641765002,3,3,3,2023-12-01,6487,"Total revenues accrual","Y_lag1; Payroll Mass_leg0; Business turnover index_leg0","OK",NA
"sg_lasso","Spain","Revenues","2024-01-01",362.074932280693,NA,0.233830517657838,0.5,0.103422641765002,3,3,3,2024-01-01,6487,"Total revenues accrual","Y_lag1; Payroll Mass_leg0; Business turnover index_leg0","OK",NA
"sg_lasso","Spain","Revenues","2024-01-05",472.005105256197,NA,0.233830517657838,0.5,0.103422641765002,3,3,3,2024-01-01,6487,"Total revenues accrual","Y_lag1; Payroll Mass_leg0; Business turnover index_leg0","OK",NA
"sg_lasso","Spain","Revenues","2024-01-15",472.005105256197,NA,0.233830517657838,0.5,0.103422641765002,3,3,3,2024-01-01,6487,"Total revenues accrual","Y_lag1; Payroll Mass_leg0; Business turnover index_leg0","OK",NA
"sg_lasso","Spain","Revenues","2024-01-25",472.005105256197,NA,0.233830517657838,0.5,0.103422641765002,3,3,3,2024-01-01,6487,"Total revenues accrual","Y_lag1; Payroll Mass_leg0; Business turnover index_leg0","OK",NA
"sg_lasso","Spain","Revenues","2024-01-27",472.005105256197,NA,0.233830517657838,0.5,0.103422641765002,3,3,3,2024-01-01,6487,"Total revenues accrual","Y_lag1; Payroll Mass_leg0; Business turnover index_leg0","OK",NA
"sg_lasso","Spain","Revenues","2024-02-01",1160.69466959592,NA,0.233830517657838,0.5,0.103422641765002,3,3,3,2024-02-01,6487,"Total revenues accrual","Y_lag1; Payroll Mass_leg0; Business turnover index_leg0","OK",NA
"sg_lasso","Spain","Revenues","2024-02-04",1160.69466959592,NA,0.233830517657838,0.5,0.103422641765002,3,3,3,2024-02-01,6487,"Total revenues accrual","Y_lag1; Payroll Mass_leg0; Business turnover index_leg0","OK",NA
"sg_lasso","Spain","Revenues","2024-02-05",380.240854183825,NA,0.233830517657838,0.5,0.103422641765002,3,3,3,2024-02-01,6487,"Total revenues accrual","Y_lag1; Payroll Mass_leg0; Business turnover index_leg0","OK",NA
"sg_lasso","Spain","Revenues","2024-02-15",380.240854183825,NA,0.233830517657838,0.5,0.103422641765002,3,3,3,2024-02-01,6487,"Total revenues accrual","Y_lag1; Payroll Mass_leg0; Business turnover index_leg0","OK",NA
"sg_lasso","Spain","Revenues","2024-02-27",380.240854183825,NA,0.233830517657838,0.5,0.103422641765002,3,3,3,2024-02-01,6487,"Total revenues accrual","Y_lag1; Payroll Mass_leg0; Business turnover index_leg0","OK",NA
"sg_lasso","Spain","Revenues","2024-02-29",380.240854183825,NA,0.233830517657838,0.5,0.103422641765002,3,3,3,2024-02-01,6487,"Total revenues accrual","Y_lag1; Payroll Mass_leg0; Business turnover index_leg0","OK",NA
"sg_lasso","Spain","Revenues","2024-03-01",-290.28278825277,NA,0.233830517657838,0.5,0.103422641765002,3,3,3,2024-03-01,6487,"Total revenues accrual","Y_lag1; Payroll Mass_leg0; Business turnover index_leg0","OK",NA
"sg_lasso","Spain","Revenues","2024-03-05",-9.1942364595036,NA,0.233830517657838,0.5,0.103422641765002,3,3,3,2024-03-01,6487,"Total revenues accrual","Y_lag1; Payroll Mass_leg0; Business turnover index_leg0","OK",NA
"sg_lasso","Spain","Revenues","2024-03-15",1247.61975249252,NA,0.233948601627473,0.5,0.102972574068957,3,3,3,2024-03-01,-984,"Total revenues accrual","Y_lag1; Payroll Mass_leg0; Business turnover index_leg0","OK",NA
"sg_lasso","Spain","Revenues","2024-03-27",1247.61975249252,NA,0.233948601627473,0.5,0.102972574068957,3,3,3,2024-03-01,-984,"Total revenues accrual","Y_lag1; Payroll Mass_leg0; Business turnover index_leg0","OK",NA
"sg_lasso","Spain","Revenues","2024-03-28",1247.61975249252,NA,0.233948601627473,0.5,0.102972574068957,3,3,3,2024-03-01,-984,"Total revenues accrual","Y_lag1; Payroll Mass_leg0; Business turnover index_leg0","OK",NA
"sg_lasso","Spain","Revenues","2024-04-01",653.686352911242,NA,0.233948601627473,0.5,0.102972574068957,3,3,3,2024-04-01,-984,"Total revenues accrual","Y_lag1; Payroll Mass_leg0; Business turnover index_leg0","OK",NA
"sg_lasso","Spain","Revenues","2024-04-05",948.783956624038,NA,0.233948601627473,0.5,0.102972574068957,3,3,3,2024-04-01,-984,"Total revenues accrual","Y_lag1; Payroll Mass_leg0; Business turnover index_leg0","OK",NA
"sg_lasso","Spain","Revenues","2024-04-15",948.783956624038,NA,0.233948601627473,0.5,0.102972574068957,3,3,3,2024-04-01,-984,"Total revenues accrual","Y_lag1; Payroll Mass_leg0; Business turnover index_leg0","OK",NA
"sg_lasso","Spain","Revenues","2024-04-25",948.783956624038,NA,0.233948601627473,0.5,0.102972574068957,3,3,3,2024-04-01,-984,"Total revenues accrual","Y_lag1; Payroll Mass_leg0; Business turnover index_leg0","OK",NA
"sg_lasso","Spain","Revenues","2024-04-27",948.783956624038,NA,0.233948601627473,0.5,0.102972574068957,3,3,3,2024-04-01,-984,"Total revenues accrual","Y_lag1; Payroll Mass_leg0; Business turnover index_leg0","OK",NA
"sg_lasso","Spain","Revenues","2024-05-01",1433.49788321912,NA,0.233948601627473,0.5,0.102972574068957,3,3,3,2024-05-01,-984,"Total revenues accrual","Y_lag1; Payroll Mass_leg0; Business turnover index_leg0","OK",NA
"sg_lasso","Spain","Revenues","2024-05-03",1433.49788321912,NA,0.233948601627473,0.5,0.102972574068957,3,3,3,2024-05-01,-984,"Total revenues accrual","Y_lag1; Payroll Mass_leg0; Business turnover index_leg0","OK",NA
"sg_lasso","Spain","Revenues","2024-05-05",1449.90307164949,NA,0.233948601627473,0.5,0.102972574068957,3,3,3,2024-05-01,-984,"Total revenues accrual","Y_lag1; Payroll Mass_leg0; Business turnover index_leg0","OK",NA
"sg_lasso","Spain","Revenues","2024-05-15",1449.90307164949,NA,0.233948601627473,0.5,0.102972574068957,3,3,3,2024-05-01,-984,"Total revenues accrual","Y_lag1; Payroll Mass_leg0; Business turnover index_leg0","OK",NA
"sg_lasso","Spain","Revenues","2024-05-27",1449.90307164949,NA,0.233948601627473,0.5,0.102972574068957,3,3,3,2024-05-01,-984,"Total revenues accrual","Y_lag1; Payroll Mass_leg0; Business turnover index_leg0","OK",NA
"sg_lasso","Spain","Revenues","2024-05-30",1449.90307164949,NA,0.233948601627473,0.5,0.102972574068957,3,3,3,2024-05-01,-984,"Total revenues accrual","Y_lag1; Payroll Mass_leg0; Business turnover index_leg0","OK",NA
"sg_lasso","Spain","Revenues","2024-06-01",1761.40586379266,NA,0.233948601627473,0.5,0.102972574068957,3,3,3,2024-06-01,-984,"Total revenues accrual","Y_lag1; Payroll Mass_leg0; Business turnover index_leg0","OK",NA
"sg_lasso","Spain","Revenues","2024-06-05",2032.70309365872,NA,0.233948601627473,0.5,0.102972574068957,3,3,3,2024-06-01,-984,"Total revenues accrual","Y_lag1; Payroll Mass_leg0; Business turnover index_leg0","OK",NA
"sg_lasso","Spain","Revenues","2024-06-06",2032.70309365872,NA,0.233948601627473,0.5,0.102972574068957,3,3,3,2024-06-01,-984,"Total revenues accrual","Y_lag1; Payroll Mass_leg0; Business turnover index_leg0","OK",NA
"sg_lasso","Spain","Revenues","2024-06-15",1338.13757227212,NA,0.233905180249365,0.5,0.106412876486014,3,3,3,2024-06-01,3290,"Total revenues accrual","Y_lag1; Payroll Mass_leg0; Business turnover index_leg0","OK",NA
"sg_lasso","Spain","Revenues","2024-06-27",1338.13757227212,NA,0.233905180249365,0.5,0.106412876486014,3,3,3,2024-06-01,3290,"Total revenues accrual","Y_lag1; Payroll Mass_leg0; Business turnover index_leg0","OK",NA
"sg_lasso","Spain","Revenues","2024-07-01",1734.5129421666,NA,0.233905180249365,0.5,0.106412876486014,3,3,3,2024-07-01,3290,"Total revenues accrual","Y_lag1; Payroll Mass_leg0; Business turnover index_leg0","OK",NA
"sg_lasso","Spain","Revenues","2024-07-05",1030.89910334305,NA,0.233905180249365,0.5,0.106412876486014,3,3,3,2024-07-01,3290,"Total revenues accrual","Y_lag1; Payroll Mass_leg0; Business turnover index_leg0","OK",NA
"sg_lasso","Spain","Revenues","2024-07-15",1030.89910334305,NA,0.233905180249365,0.5,0.106412876486014,3,3,3,2024-07-01,3290,"Total revenues accrual","Y_lag1; Payroll Mass_leg0; Business turnover index_leg0","OK",NA
"sg_lasso","Spain","Revenues","2024-07-25",1030.89910334305,NA,0.233905180249365,0.5,0.106412876486014,3,3,3,2024-07-01,3290,"Total revenues accrual","Y_lag1; Payroll Mass_leg0; Business turnover index_leg0","OK",NA
"sg_lasso","Spain","Revenues","2024-07-27",1030.89910334305,NA,0.233905180249365,0.5,0.106412876486014,3,3,3,2024-07-01,3290,"Total revenues accrual","Y_lag1; Payroll Mass_leg0; Business turnover index_leg0","OK",NA
"sg_lasso","Spain","Revenues","2024-08-01",707.390690169481,NA,0.233905180249365,0.5,0.106412876486014,3,3,3,2024-08-01,3290,"Total revenues accrual","Y_lag1; Payroll Mass_leg0; Business turnover index_leg0","OK",NA
"sg_lasso","Spain","Revenues","2024-08-04",707.390690169481,NA,0.233905180249365,0.5,0.106412876486014,3,3,3,2024-08-01,3290,"Total revenues accrual","Y_lag1; Payroll Mass_leg0; Business turnover index_leg0","OK",NA
"sg_lasso","Spain","Revenues","2024-08-05",991.260082907905,NA,0.233905180249365,0.5,0.106412876486014,3,3,3,2024-08-01,3290,"Total revenues accrual","Y_lag1; Payroll Mass_leg0; Business turnover index_leg0","OK",NA
"sg_lasso","Spain","Revenues","2024-08-15",991.260082907905,NA,0.233905180249365,0.5,0.106412876486014,3,3,3,2024-08-01,3290,"Total revenues accrual","Y_lag1; Payroll Mass_leg0; Business turnover index_leg0","OK",NA
"sg_lasso","Spain","Revenues","2024-08-27",991.260082907905,NA,0.233905180249365,0.5,0.106412876486014,3,3,3,2024-08-01,3290,"Total revenues accrual","Y_lag1; Payroll Mass_leg0; Business turnover index_leg0","OK",NA
"sg_lasso","Spain","Revenues","2024-08-29",991.260082907905,NA,0.233905180249365,0.5,0.106412876486014,3,3,3,2024-08-01,3290,"Total revenues accrual","Y_lag1; Payroll Mass_leg0; Business turnover index_leg0","OK",NA
"sg_lasso","Spain","Revenues","2024-09-01",571.515636822784,NA,0.233905180249365,0.5,0.106412876486014,3,3,3,2024-09-01,3290,"Total revenues accrual","Y_lag1; Payroll Mass_leg0; Business turnover index_leg0","OK",NA
"sg_lasso","Spain","Revenues","2024-09-05",152.112250860889,NA,0.233905180249365,0.5,0.106412876486014,3,3,3,2024-09-01,3290,"Total revenues accrual","Y_lag1; Payroll Mass_leg0; Business turnover index_leg0","OK",NA
"sg_lasso","Spain","Revenues","2024-09-07",152.112250860889,NA,0.233905180249365,0.5,0.106412876486014,3,3,3,2024-09-01,3290,"Total revenues accrual","Y_lag1; Payroll Mass_leg0; Business turnover index_leg0","OK",NA
"sg_lasso","Spain","Revenues","2024-09-15",163.835711028976,NA,0.253966726793145,0.5,0.114188764967563,3,3,3,2024-09-01,3347,"Total revenues accrual","Y_lag1; Payroll Mass_leg0; Business turnover index_leg0","OK",NA
"sg_lasso","Spain","Revenues","2024-09-26",163.835711028976,NA,0.253966726793145,0.5,0.114188764967563,3,3,3,2024-09-01,3347,"Total revenues accrual","Y_lag1; Payroll Mass_leg0; Business turnover index_leg0","OK",NA
"sg_lasso","Spain","Revenues","2024-09-27",163.835711028976,NA,0.253966726793145,0.5,0.114188764967563,3,3,3,2024-09-01,3347,"Total revenues accrual","Y_lag1; Payroll Mass_leg0; Business turnover index_leg0","OK",NA
"sg_lasso","Spain","Revenues","2024-10-01",-40.0709964698062,NA,0.253966726793145,0.5,0.114188764967563,3,3,3,2024-10-01,3347,"Total revenues accrual","Y_lag1; Payroll Mass_leg0; Business turnover index_leg0","OK",NA
"sg_lasso","Spain","Revenues","2024-10-02",-40.0709964698062,NA,0.253966726793145,0.5,0.114188764967563,3,3,3,2024-10-01,3347,"Total revenues accrual","Y_lag1; Payroll Mass_leg0; Business turnover index_leg0","OK",NA
"sg_lasso","Spain","Revenues","2024-10-05",613.204649110694,NA,0.253966726793145,0.5,0.114188764967563,3,3,3,2024-10-01,3347,"Total revenues accrual","Y_lag1; Payroll Mass_leg0; Business turnover index_leg0","OK",NA
"sg_lasso","Spain","Revenues","2024-10-15",613.204649110694,NA,0.253966726793145,0.5,0.114188764967563,3,3,3,2024-10-01,3347,"Total revenues accrual","Y_lag1; Payroll Mass_leg0; Business turnover index_leg0","OK",NA
"sg_lasso","Spain","Revenues","2024-10-27",613.204649110694,NA,0.253966726793145,0.5,0.114188764967563,3,3,3,2024-10-01,3347,"Total revenues accrual","Y_lag1; Payroll Mass_leg0; Business turnover index_leg0","OK",NA
"sg_lasso","Spain","Revenues","2024-10-31",613.204649110694,NA,0.253966726793145,0.5,0.114188764967563,3,3,3,2024-10-01,3347,"Total revenues accrual","Y_lag1; Payroll Mass_leg0; Business turnover index_leg0","OK",NA
"sg_lasso","Spain","Revenues","2024-11-01",794.753881771561,NA,0.253966726793145,0.5,0.114188764967563,3,3,3,2024-11-01,3347,"Total revenues accrual","Y_lag1; Payroll Mass_leg0; Business turnover index_leg0","OK",NA
"sg_lasso","Spain","Revenues","2024-11-05",889.943906210124,NA,0.253966726793145,0.5,0.114188764967563,3,3,3,2024-11-01,3347,"Total revenues accrual","Y_lag1; Payroll Mass_leg0; Business turnover index_leg0","OK",NA
"sg_lasso","Spain","Revenues","2024-11-15",889.943906210124,NA,0.253966726793145,0.5,0.114188764967563,3,3,3,2024-11-01,3347,"Total revenues accrual","Y_lag1; Payroll Mass_leg0; Business turnover index_leg0","OK",NA
"sg_lasso","Spain","Revenues","2024-11-27",889.943906210124,NA,0.253966726793145,0.5,0.114188764967563,3,3,3,2024-11-01,3347,"Total revenues accrual","Y_lag1; Payroll Mass_leg0; Business turnover index_leg0","OK",NA
"sg_lasso","Spain","Revenues","2024-11-28",889.943906210124,NA,0.253966726793145,0.5,0.114188764967563,3,3,3,2024-11-01,3347,"Total revenues accrual","Y_lag1; Payroll Mass_leg0; Business turnover index_leg0","OK",NA
"sg_lasso","Spain","Revenues","2024-12-01",1638.40957622919,NA,0.253966726793145,0.5,0.114188764967563,3,3,3,2024-12-01,3347,"Total revenues accrual","Y_lag1; Payroll Mass_leg0; Business turnover index_leg0","OK",NA
"sg_lasso","Spain","Revenues","2024-12-05",1049.38915657819,NA,0.253966726793145,0.5,0.114188764967563,3,3,3,2024-12-01,3347,"Total revenues accrual","Y_lag1; Payroll Mass_leg0; Business turnover index_leg0","OK",NA
"sg_lasso","Spain","Revenues","2024-12-07",1049.38915657819,NA,0.253966726793145,0.5,0.114188764967563,3,3,3,2024-12-01,3347,"Total revenues accrual","Y_lag1; Payroll Mass_leg0; Business turnover index_leg0","OK",NA
"sg_lasso","Spain","Revenues","2024-12-15",932.054706512762,NA,0.277246916699849,0.5,0.122926000495778,3,3,3,2024-12-01,4698,"Total revenues accrual","Y_lag1; Payroll Mass_leg0; Business turnover index_leg0","OK",NA
"sg_lasso","Spain","Revenues","2024-12-26",932.054706512762,NA,0.277246916699849,0.5,0.122926000495778,3,3,3,2024-12-01,4698,"Total revenues accrual","Y_lag1; Payroll Mass_leg0; Business turnover index_leg0","OK",NA
"sg_lasso","Spain","Revenues","2024-12-27",932.054706512762,NA,0.277246916699849,0.5,0.122926000495778,3,3,3,2024-12-01,4698,"Total revenues accrual","Y_lag1; Payroll Mass_leg0; Business turnover index_leg0","OK",NA
"sg_lasso","Spain","Revenues","2025-01-01",523.248451823394,NA,0.277246916699849,0.5,0.122926000495778,3,3,3,2025-01-01,4698,"Total revenues accrual","Y_lag1; Payroll Mass_leg0; Business turnover index_leg0","OK",NA
"sg_lasso","Spain","Revenues","2025-01-03",523.248451823394,NA,0.277246916699849,0.5,0.122926000495778,3,3,3,2025-01-01,4698,"Total revenues accrual","Y_lag1; Payroll Mass_leg0; Business turnover index_leg0","OK",NA
"sg_lasso","Spain","Revenues","2025-01-05",1423.53291413128,NA,0.277246916699849,0.5,0.122926000495778,3,3,3,2025-01-01,4698,"Total revenues accrual","Y_lag1; Payroll Mass_leg0; Business turnover index_leg0","OK",NA
"sg_lasso","Spain","Revenues","2025-01-15",1423.53291413128,NA,0.277246916699849,0.5,0.122926000495778,3,3,3,2025-01-01,4698,"Total revenues accrual","Y_lag1; Payroll Mass_leg0; Business turnover index_leg0","OK",NA
"sg_lasso","Spain","Revenues","2025-01-27",1423.53291413128,NA,0.277246916699849,0.5,0.122926000495778,3,3,3,2025-01-01,4698,"Total revenues accrual","Y_lag1; Payroll Mass_leg0; Business turnover index_leg0","OK",NA
"sg_lasso","Spain","Revenues","2025-01-30",1423.53291413128,NA,0.277246916699849,0.5,0.122926000495778,3,3,3,2025-01-01,4698,"Total revenues accrual","Y_lag1; Payroll Mass_leg0; Business turnover index_leg0","OK",NA
"sg_lasso","Spain","Revenues","2025-02-01",1823.029756463,NA,0.277246916699849,0.5,0.122926000495778,3,3,3,2025-02-01,4698,"Total revenues accrual","Y_lag1; Payroll Mass_leg0; Business turnover index_leg0","OK",NA
"sg_lasso","Spain","Revenues","2025-02-05",1462.57897800217,NA,0.277246916699849,0.5,0.122926000495778,3,3,3,2025-02-01,4698,"Total revenues accrual","Y_lag1; Payroll Mass_leg0; Business turnover index_leg0","OK",NA
"sg_lasso","Spain","Revenues","2025-02-06",1462.57897800217,NA,0.277246916699849,0.5,0.122926000495778,3,3,3,2025-02-01,4698,"Total revenues accrual","Y_lag1; Payroll Mass_leg0; Business turnover index_leg0","OK",NA
"sg_lasso","Spain","Revenues","2025-02-15",1462.57897800217,NA,0.277246916699849,0.5,0.122926000495778,3,3,3,2025-02-01,4698,"Total revenues accrual","Y_lag1; Payroll Mass_leg0; Business turnover index_leg0","OK",NA
"sg_lasso","Spain","Revenues","2025-02-27",1462.57897800217,NA,0.277246916699849,0.5,0.122926000495778,3,3,3,2025-02-01,4698,"Total revenues accrual","Y_lag1; Payroll Mass_leg0; Business turnover index_leg0","OK",NA
"sg_lasso","Spain","Revenues","2025-03-01",2002.41266184922,NA,0.277246916699849,0.5,0.122926000495778,3,3,3,2025-03-01,4698,"Total revenues accrual","Y_lag1; Payroll Mass_leg0; Business turnover index_leg0","OK",NA
"sg_lasso","Spain","Revenues","2025-03-05",1454.83509820446,NA,0.277246916699849,0.5,0.122926000495778,3,3,3,2025-03-01,4698,"Total revenues accrual","Y_lag1; Payroll Mass_leg0; Business turnover index_leg0","OK",NA
"sg_lasso","Spain","Revenues","2025-03-06",1454.83509820446,NA,0.277246916699849,0.5,0.122926000495778,3,3,3,2025-03-01,4698,"Total revenues accrual","Y_lag1; Payroll Mass_leg0; Business turnover index_leg0","OK",NA
"sg_lasso","Spain","Revenues","2025-03-15",2406.32234543738,NA,0.250751182373984,0.5,0.118631598847866,3,3,3,2025-03-01,-1203,"Total revenues accrual","Y_lag1; Payroll Mass_leg0; Business turnover index_leg0","OK",NA
"sg_lasso","Spain","Revenues","2025-03-27",2406.32234543738,NA,0.250751182373984,0.5,0.118631598847866,3,3,3,2025-03-01,-1203,"Total revenues accrual","Y_lag1; Payroll Mass_leg0; Business turnover index_leg0","OK",NA
"sg_lasso","Spain","Revenues","2025-04-01",1445.72982859817,NA,0.250751182373984,0.5,0.118631598847866,3,3,3,2025-04-01,-1203,"Total revenues accrual","Y_lag1; Payroll Mass_leg0; Business turnover index_leg0","OK",NA
"sg_lasso","Spain","Revenues","2025-04-02",1445.72982859817,NA,0.250751182373984,0.5,0.118631598847866,3,3,3,2025-04-01,-1203,"Total revenues accrual","Y_lag1; Payroll Mass_leg0; Business turnover index_leg0","OK",NA
"sg_lasso","Spain","Revenues","2025-04-05",1981.49458192015,NA,0.250751182373984,0.5,0.118631598847866,3,3,3,2025-04-01,-1203,"Total revenues accrual","Y_lag1; Payroll Mass_leg0; Business turnover index_leg0","OK",NA
"sg_lasso","Spain","Revenues","2025-04-15",1981.49458192015,NA,0.250751182373984,0.5,0.118631598847866,3,3,3,2025-04-01,-1203,"Total revenues accrual","Y_lag1; Payroll Mass_leg0; Business turnover index_leg0","OK",NA
"sg_lasso","Spain","Revenues","2025-04-24",1981.49458192015,NA,0.250751182373984,0.5,0.118631598847866,3,3,3,2025-04-01,-1203,"Total revenues accrual","Y_lag1; Payroll Mass_leg0; Business turnover index_leg0","OK",NA
"sg_lasso","Spain","Revenues","2025-04-27",1981.49458192015,NA,0.250751182373984,0.5,0.118631598847866,3,3,3,2025-04-01,-1203,"Total revenues accrual","Y_lag1; Payroll Mass_leg0; Business turnover index_leg0","OK",NA
"sg_lasso","Spain","Revenues","2025-05-01",1937.98346285418,NA,0.250751182373984,0.5,0.118631598847866,3,3,3,2025-05-01,-1203,"Total revenues accrual","Y_lag1; Payroll Mass_leg0; Business turnover index_leg0","OK",NA
"sg_lasso","Spain","Revenues","2025-05-04",1937.98346285418,NA,0.250751182373984,0.5,0.118631598847866,3,3,3,2025-05-01,-1203,"Total revenues accrual","Y_lag1; Payroll Mass_leg0; Business turnover index_leg0","OK",NA
"sg_lasso","Spain","Revenues","2025-05-05",1321.88996719813,NA,0.250751182373984,0.5,0.118631598847866,3,3,3,2025-05-01,-1203,"Total revenues accrual","Y_lag1; Payroll Mass_leg0; Business turnover index_leg0","OK",NA
"sg_lasso","Spain","Revenues","2025-05-15",1321.88996719813,NA,0.250751182373984,0.5,0.118631598847866,3,3,3,2025-05-01,-1203,"Total revenues accrual","Y_lag1; Payroll Mass_leg0; Business turnover index_leg0","OK",NA
"sg_lasso","Spain","Revenues","2025-05-27",1321.88996719813,NA,0.250751182373984,0.5,0.118631598847866,3,3,3,2025-05-01,-1203,"Total revenues accrual","Y_lag1; Payroll Mass_leg0; Business turnover index_leg0","OK",NA
"sg_lasso","Spain","Revenues","2025-05-29",1321.88996719813,NA,0.250751182373984,0.5,0.118631598847866,3,3,3,2025-05-01,-1203,"Total revenues accrual","Y_lag1; Payroll Mass_leg0; Business turnover index_leg0","OK",NA
"sg_lasso","Spain","Revenues","2025-06-01",1241.56122486406,NA,0.250751182373984,0.5,0.118631598847866,3,3,3,2025-06-01,-1203,"Total revenues accrual","Y_lag1; Payroll Mass_leg0; Business turnover index_leg0","OK",NA
"sg_lasso","Spain","Revenues","2025-06-05",1129.19724749739,NA,0.250751182373984,0.5,0.118631598847866,3,3,3,2025-06-01,-1203,"Total revenues accrual","Y_lag1; Payroll Mass_leg0; Business turnover index_leg0","OK",NA
"sg_lasso","Spain","Revenues","2025-06-07",1129.19724749739,NA,0.250751182373984,0.5,0.118631598847866,3,3,3,2025-06-01,-1203,"Total revenues accrual","Y_lag1; Payroll Mass_leg0; Business turnover index_leg0","OK",NA
"sg_lasso","Spain","Revenues","2025-06-15",145.777791483907,NA,0.297270264684564,0.5,0.127469684234167,3,3,3,2025-06-01,4751,"Total revenues accrual","Y_lag1; Payroll Mass_leg0; Business turnover index_leg0","OK",NA
"sg_lasso","Spain","Revenues","2025-06-26",145.777791483907,NA,0.297270264684564,0.5,0.127469684234167,3,3,3,2025-06-01,4751,"Total revenues accrual","Y_lag1; Payroll Mass_leg0; Business turnover index_leg0","OK",NA
"sg_lasso","Spain","Revenues","2025-06-27",145.777791483907,NA,0.297270264684564,0.5,0.127469684234167,3,3,3,2025-06-01,4751,"Total revenues accrual","Y_lag1; Payroll Mass_leg0; Business turnover index_leg0","OK",NA
"sg_lasso","Spain","Revenues","2025-07-01",-486.701346032268,NA,0.297270264684564,0.5,0.127469684234167,3,3,3,2025-07-01,4751,"Total revenues accrual","Y_lag1; Payroll Mass_leg0; Business turnover index_leg0","OK",NA
"sg_lasso","Spain","Revenues","2025-07-02",-486.701346032268,NA,0.297270264684564,0.5,0.127469684234167,3,3,3,2025-07-01,4751,"Total revenues accrual","Y_lag1; Payroll Mass_leg0; Business turnover index_leg0","OK",NA
"sg_lasso","Spain","Revenues","2025-07-05",283.436662652223,NA,0.297270264684564,0.5,0.127469684234167,3,3,3,2025-07-01,4751,"Total revenues accrual","Y_lag1; Payroll Mass_leg0; Business turnover index_leg0","OK",NA
"sg_lasso","Spain","Revenues","2025-07-15",283.436662652223,NA,0.297270264684564,0.5,0.127469684234167,3,3,3,2025-07-01,4751,"Total revenues accrual","Y_lag1; Payroll Mass_leg0; Business turnover index_leg0","OK",NA
"sg_lasso","Spain","Revenues","2025-07-27",283.436662652223,NA,0.297270264684564,0.5,0.127469684234167,3,3,3,2025-07-01,4751,"Total revenues accrual","Y_lag1; Payroll Mass_leg0; Business turnover index_leg0","OK",NA
"sg_lasso","Spain","Revenues","2025-07-31",283.436662652223,NA,0.297270264684564,0.5,0.127469684234167,3,3,3,2025-07-01,4751,"Total revenues accrual","Y_lag1; Payroll Mass_leg0; Business turnover index_leg0","OK",NA
"sg_lasso","Spain","Revenues","2025-08-01",956.015274769799,NA,0.297270264684564,0.5,0.127469684234167,3,3,3,2025-08-01,4751,"Total revenues accrual","Y_lag1; Payroll Mass_leg0; Business turnover index_leg0","OK",NA
"sg_lasso","Spain","Revenues","2025-08-05",718.60773534366,NA,0.297270264684564,0.5,0.127469684234167,3,3,3,2025-08-01,4751,"Total revenues accrual","Y_lag1; Payroll Mass_leg0; Business turnover index_leg0","OK",NA
"sg_lasso","Spain","Revenues","2025-08-15",718.60773534366,NA,0.297270264684564,0.5,0.127469684234167,3,3,3,2025-08-01,4751,"Total revenues accrual","Y_lag1; Payroll Mass_leg0; Business turnover index_leg0","OK",NA
"sg_lasso","Spain","Revenues","2025-08-27",718.60773534366,NA,0.297270264684564,0.5,0.127469684234167,3,3,3,2025-08-01,4751,"Total revenues accrual","Y_lag1; Payroll Mass_leg0; Business turnover index_leg0","OK",NA
"sg_lasso","Spain","Revenues","2025-08-28",718.60773534366,NA,0.297270264684564,0.5,0.127469684234167,3,3,3,2025-08-01,4751,"Total revenues accrual","Y_lag1; Payroll Mass_leg0; Business turnover index_leg0","OK",NA
"sg_lasso","Spain","Revenues","2025-09-01",1251.33820460201,NA,0.297270264684564,0.5,0.127469684234167,3,3,3,2025-09-01,4751,"Total revenues accrual","Y_lag1; Payroll Mass_leg0; Business turnover index_leg0","OK",NA
"sg_lasso","Spain","Revenues","2025-09-05",1127.98009397767,NA,0.297270264684564,0.5,0.127469684234167,3,3,3,2025-09-01,4751,"Total revenues accrual","Y_lag1; Payroll Mass_leg0; Business turnover index_leg0","OK",NA
"sg_lasso","Spain","Revenues","2025-09-15",1424.72448390488,NA,0.297067906255057,0.5,0.134875940618999,3,3,3,2025-09-01,3792,"Total revenues accrual","Y_lag1; Payroll Mass_leg0; Business turnover index_leg0","OK",NA
"sg_lasso","Spain","Revenues","2025-09-25",1424.72448390488,NA,0.297067906255057,0.5,0.134875940618999,3,3,3,2025-09-01,3792,"Total revenues accrual","Y_lag1; Payroll Mass_leg0; Business turnover index_leg0","OK",NA
"sg_lasso","Spain","Revenues","2025-09-27",1424.72448390488,NA,0.297067906255057,0.5,0.134875940618999,3,3,3,2025-09-01,3792,"Total revenues accrual","Y_lag1; Payroll Mass_leg0; Business turnover index_leg0","OK",NA
"sg_lasso","Spain","Revenues","2025-10-01",1062.39732083138,NA,0.297067906255057,0.5,0.134875940618999,3,3,3,2025-10-01,3792,"Total revenues accrual","Y_lag1; Payroll Mass_leg0; Business turnover index_leg0","OK",NA
"sg_lasso","Spain","Revenues","2025-10-03",1062.39732083138,NA,0.297067906255057,0.5,0.134875940618999,3,3,3,2025-10-01,3792,"Total revenues accrual","Y_lag1; Payroll Mass_leg0; Business turnover index_leg0","OK",NA
"sg_lasso","Spain","Revenues","2025-10-05",751.194669301314,NA,0.297067906255057,0.5,0.134875940618999,3,3,3,2025-10-01,3792,"Total revenues accrual","Y_lag1; Payroll Mass_leg0; Business turnover index_leg0","OK",NA
"sg_lasso","Spain","Revenues","2025-10-15",751.194669301314,NA,0.297067906255057,0.5,0.134875940618999,3,3,3,2025-10-01,3792,"Total revenues accrual","Y_lag1; Payroll Mass_leg0; Business turnover index_leg0","OK",NA
"sg_lasso","Spain","Revenues","2025-10-27",751.194669301314,NA,0.297067906255057,0.5,0.134875940618999,3,3,3,2025-10-01,3792,"Total revenues accrual","Y_lag1; Payroll Mass_leg0; Business turnover index_leg0","OK",NA
"sg_lasso","Spain","Revenues","2025-10-30",751.194669301314,NA,0.297067906255057,0.5,0.134875940618999,3,3,3,2025-10-01,3792,"Total revenues accrual","Y_lag1; Payroll Mass_leg0; Business turnover index_leg0","OK",NA
"sg_lasso","Spain","Revenues","2025-11-01",316.09997245493,NA,0.297067906255057,0.5,0.134875940618999,3,3,3,2025-11-01,3792,"Total revenues accrual","Y_lag1; Payroll Mass_leg0; Business turnover index_leg0","OK",NA
"sg_lasso","Spain","Revenues","2025-11-05",860.186082382204,NA,0.297067906255057,0.5,0.134875940618999,3,3,3,2025-11-01,3792,"Total revenues accrual","Y_lag1; Payroll Mass_leg0; Business turnover index_leg0","OK",NA
"sg_lasso","Spain","Revenues","2025-11-06",860.186082382204,NA,0.297067906255057,0.5,0.134875940618999,3,3,3,2025-11-01,3792,"Total revenues accrual","Y_lag1; Payroll Mass_leg0; Business turnover index_leg0","OK",NA
"sg_lasso","Spain","Revenues","2025-11-15",860.186082382204,NA,0.297067906255057,0.5,0.134875940618999,3,3,3,2025-11-01,3792,"Total revenues accrual","Y_lag1; Payroll Mass_leg0; Business turnover index_leg0","OK",NA
"sg_lasso","Spain","Revenues","2025-11-27",860.186082382204,NA,0.297067906255057,0.5,0.134875940618999,3,3,3,2025-11-01,3792,"Total revenues accrual","Y_lag1; Payroll Mass_leg0; Business turnover index_leg0","OK",NA
"sg_lasso","Spain","Revenues","2025-12-01",1093.06954077941,NA,0.297067906255057,0.5,0.134875940618999,3,3,3,2025-12-01,3792,"Total revenues accrual","Y_lag1; Payroll Mass_leg0; Business turnover index_leg0","OK",NA
"sg_lasso","Spain","Revenues","2025-12-05",702.427398341811,NA,0.297067906255057,0.5,0.134875940618999,3,3,3,2025-12-01,3792,"Total revenues accrual","Y_lag1; Payroll Mass_leg0; Business turnover index_leg0","OK",NA
"sg_lasso","Spain","Revenues","2025-12-15",697.303517380296,NA,0.323804319729747,0.5,0.144545015795057,3,3,3,2025-12-01,3792,"Total revenues accrual","Y_lag1; Payroll Mass_leg0; Business turnover index_leg0","OK",NA
"sg_lasso","Spain","Revenues","2025-12-25",697.303517380296,NA,0.323804319729747,0.5,0.144545015795057,3,3,3,2025-12-01,3792,"Total revenues accrual","Y_lag1; Payroll Mass_leg0; Business turnover index_leg0","OK",NA
"sg_lasso","Spain","Revenues","2025-12-27",697.303517380296,NA,0.323804319729747,0.5,0.144545015795057,3,3,3,2025-12-01,3792,"Total revenues accrual","Y_lag1; Payroll Mass_leg0; Business turnover index_leg0","OK",NA
"sg_lasso","Spain","Revenues","2026-01-05",987.118790685918,NA,0.323804319729747,0.5,0.144545015795057,3,3,3,2026-01-01,3792,"Total revenues accrual","Y_lag1; Payroll Mass_leg0; Business turnover index_leg0","OK",NA
"sg_lasso","Spain","Revenues","2026-01-15",987.118790685918,NA,0.323804319729747,0.5,0.144545015795057,3,3,3,2026-01-01,3792,"Total revenues accrual","Y_lag1; Payroll Mass_leg0; Business turnover index_leg0","OK",NA
"sg_lasso","Spain","Revenues","2026-02-05",657.963965578401,NA,0.323804319729747,0.5,0.144545015795057,3,3,3,2026-02-01,3792,"Total revenues accrual","Y_lag1; Payroll Mass_leg0; Business turnover index_leg0","OK",NA
"sg_lasso","Spain","Revenues","2026-02-15",657.963965578401,NA,0.323804319729747,0.5,0.144545015795057,3,3,3,2026-02-01,3792,"Total revenues accrual","Y_lag1; Payroll Mass_leg0; Business turnover index_leg0","OK",NA
"sg_lasso","Spain","Revenues","2026-03-15",694.707802656145,NA,0.323804319729747,0.5,0.144545015795057,3,3,3,2026-03-01,3792,"Total revenues accrual","Y_lag1; Payroll Mass_leg0; Business turnover index_leg0","OK",NA
