"model","country","block","publication_date","nowcast_value","nb_factors","lambda","gamma","cv_mse","df","n_selected","n_selected_groups","date_new","last_obs_y","target_name","selected_columns","status","error"
"ar1","France","Revenues","2013-01-01",4096.90923088938,NA,NA,NA,NA,NA,NA,NA,2013-01-01,9196.5,"Total revenues accrual",NA,"OK",NA
"ar1","France","Revenues","2013-01-02",4096.90923088938,NA,NA,NA,NA,NA,NA,NA,2013-01-01,9196.5,"Total revenues accrual",NA,"OK",NA
"ar1","France","Revenues","2013-01-05",4096.90923088938,NA,NA,NA,NA,NA,NA,NA,2013-01-01,9196.5,"Total revenues accrual",NA,"OK",NA
"ar1","France","Revenues","2013-01-15",4096.90923088938,NA,NA,NA,NA,NA,NA,NA,2013-01-01,9196.5,"Total revenues accrual",NA,"OK",NA
"ar1","France","Revenues","2013-01-27",4096.90923088938,NA,NA,NA,NA,NA,NA,NA,2013-01-01,9196.5,"Total revenues accrual",NA,"OK",NA
"ar1","France","Revenues","2013-01-31",4096.90923088938,NA,NA,NA,NA,NA,NA,NA,2013-01-01,9196.5,"Total revenues accrual",NA,"OK",NA
"ar1","France","Revenues","2013-02-01",4096.90923088938,NA,NA,NA,NA,NA,NA,NA,2013-02-01,9196.5,"Total revenues accrual",NA,"OK",NA
"ar1","France","Revenues","2013-02-05",4096.90923088938,NA,NA,NA,NA,NA,NA,NA,2013-02-01,9196.5,"Total revenues accrual",NA,"OK",NA
"ar1","France","Revenues","2013-02-15",4096.90923088938,NA,NA,NA,NA,NA,NA,NA,2013-02-01,9196.5,"Total revenues accrual",NA,"OK",NA
"ar1","France","Revenues","2013-02-27",4096.90923088938,NA,NA,NA,NA,NA,NA,NA,2013-02-01,9196.5,"Total revenues accrual",NA,"OK",NA
"ar1","France","Revenues","2013-02-28",4096.90923088938,NA,NA,NA,NA,NA,NA,NA,2013-02-01,9196.5,"Total revenues accrual",NA,"OK",NA
"ar1","France","Revenues","2013-03-01",4096.90923088938,NA,NA,NA,NA,NA,NA,NA,2013-03-01,9196.5,"Total revenues accrual",NA,"OK",NA
"ar1","France","Revenues","2013-03-05",4096.90923088938,NA,NA,NA,NA,NA,NA,NA,2013-03-01,9196.5,"Total revenues accrual",NA,"OK",NA
"ar1","France","Revenues","2013-03-15",7296.10123105455,NA,NA,NA,NA,NA,NA,NA,2013-03-01,-3982.10000000003,"Total revenues accrual",NA,"OK",NA
"ar1","France","Revenues","2013-03-27",7296.10123105455,NA,NA,NA,NA,NA,NA,NA,2013-03-01,-3982.10000000003,"Total revenues accrual",NA,"OK",NA
"ar1","France","Revenues","2013-03-28",7296.10123105455,NA,NA,NA,NA,NA,NA,NA,2013-03-01,-3982.10000000003,"Total revenues accrual",NA,"OK",NA
"ar1","France","Revenues","2013-04-01",7296.10123105455,NA,NA,NA,NA,NA,NA,NA,2013-04-01,-3982.10000000003,"Total revenues accrual",NA,"OK",NA
"ar1","France","Revenues","2013-04-05",7296.10123105455,NA,NA,NA,NA,NA,NA,NA,2013-04-01,-3982.10000000003,"Total revenues accrual",NA,"OK",NA
"ar1","France","Revenues","2013-04-15",7296.10123105455,NA,NA,NA,NA,NA,NA,NA,2013-04-01,-3982.10000000003,"Total revenues accrual",NA,"OK",NA
"ar1","France","Revenues","2013-04-25",7296.10123105455,NA,NA,NA,NA,NA,NA,NA,2013-04-01,-3982.10000000003,"Total revenues accrual",NA,"OK",NA
"ar1","France","Revenues","2013-04-27",7296.10123105455,NA,NA,NA,NA,NA,NA,NA,2013-04-01,-3982.10000000003,"Total revenues accrual",NA,"OK",NA
"ar1","France","Revenues","2013-05-01",7296.10123105455,NA,NA,NA,NA,NA,NA,NA,2013-05-01,-3982.10000000003,"Total revenues accrual",NA,"OK",NA
"ar1","France","Revenues","2013-05-03",7296.10123105455,NA,NA,NA,NA,NA,NA,NA,2013-05-01,-3982.10000000003,"Total revenues accrual",NA,"OK",NA
"ar1","France","Revenues","2013-05-05",7296.10123105455,NA,NA,NA,NA,NA,NA,NA,2013-05-01,-3982.10000000003,"Total revenues accrual",NA,"OK",NA
"ar1","France","Revenues","2013-05-15",7296.10123105455,NA,NA,NA,NA,NA,NA,NA,2013-05-01,-3982.10000000003,"Total revenues accrual",NA,"OK",NA
"ar1","France","Revenues","2013-05-27",7296.10123105455,NA,NA,NA,NA,NA,NA,NA,2013-05-01,-3982.10000000003,"Total revenues accrual",NA,"OK",NA
"ar1","France","Revenues","2013-05-30",7296.10123105455,NA,NA,NA,NA,NA,NA,NA,2013-05-01,-3982.10000000003,"Total revenues accrual",NA,"OK",NA
"ar1","France","Revenues","2013-06-01",7296.10123105455,NA,NA,NA,NA,NA,NA,NA,2013-06-01,-3982.10000000003,"Total revenues accrual",NA,"OK",NA
"ar1","France","Revenues","2013-06-05",7296.10123105455,NA,NA,NA,NA,NA,NA,NA,2013-06-01,-3982.10000000003,"Total revenues accrual",NA,"OK",NA
"ar1","France","Revenues","2013-06-06",7296.10123105455,NA,NA,NA,NA,NA,NA,NA,2013-06-01,-3982.10000000003,"Total revenues accrual",NA,"OK",NA
"ar1","France","Revenues","2013-06-15",2430.84335324432,NA,NA,NA,NA,NA,NA,NA,2013-06-01,3542.70000000001,"Total revenues accrual",NA,"OK",NA
"ar1","France","Revenues","2013-06-27",2430.84335324432,NA,NA,NA,NA,NA,NA,NA,2013-06-01,3542.70000000001,"Total revenues accrual",NA,"OK",NA
"ar1","France","Revenues","2013-07-01",2430.84335324432,NA,NA,NA,NA,NA,NA,NA,2013-07-01,3542.70000000001,"Total revenues accrual",NA,"OK",NA
"ar1","France","Revenues","2013-07-05",2430.84335324432,NA,NA,NA,NA,NA,NA,NA,2013-07-01,3542.70000000001,"Total revenues accrual",NA,"OK",NA
"ar1","France","Revenues","2013-07-15",2430.84335324432,NA,NA,NA,NA,NA,NA,NA,2013-07-01,3542.70000000001,"Total revenues accrual",NA,"OK",NA
"ar1","France","Revenues","2013-07-25",2430.84335324432,NA,NA,NA,NA,NA,NA,NA,2013-07-01,3542.70000000001,"Total revenues accrual",NA,"OK",NA
"ar1","France","Revenues","2013-07-27",2430.84335324432,NA,NA,NA,NA,NA,NA,NA,2013-07-01,3542.70000000001,"Total revenues accrual",NA,"OK",NA
"ar1","France","Revenues","2013-08-01",2430.84335324432,NA,NA,NA,NA,NA,NA,NA,2013-08-01,3542.70000000001,"Total revenues accrual",NA,"OK",NA
"ar1","France","Revenues","2013-08-04",2430.84335324432,NA,NA,NA,NA,NA,NA,NA,2013-08-01,3542.70000000001,"Total revenues accrual",NA,"OK",NA
"ar1","France","Revenues","2013-08-05",2430.84335324432,NA,NA,NA,NA,NA,NA,NA,2013-08-01,3542.70000000001,"Total revenues accrual",NA,"OK",NA
"ar1","France","Revenues","2013-08-15",2430.84335324432,NA,NA,NA,NA,NA,NA,NA,2013-08-01,3542.70000000001,"Total revenues accrual",NA,"OK",NA
"ar1","France","Revenues","2013-08-27",2430.84335324432,NA,NA,NA,NA,NA,NA,NA,2013-08-01,3542.70000000001,"Total revenues accrual",NA,"OK",NA
"ar1","France","Revenues","2013-08-29",2430.84335324432,NA,NA,NA,NA,NA,NA,NA,2013-08-01,3542.70000000001,"Total revenues accrual",NA,"OK",NA
"ar1","France","Revenues","2013-09-01",2430.84335324432,NA,NA,NA,NA,NA,NA,NA,2013-09-01,3542.70000000001,"Total revenues accrual",NA,"OK",NA
"ar1","France","Revenues","2013-09-05",2430.84335324432,NA,NA,NA,NA,NA,NA,NA,2013-09-01,3542.70000000001,"Total revenues accrual",NA,"OK",NA
"ar1","France","Revenues","2013-09-07",2430.84335324432,NA,NA,NA,NA,NA,NA,NA,2013-09-01,3542.70000000001,"Total revenues accrual",NA,"OK",NA
"ar1","France","Revenues","2013-09-15",2755.42544259413,NA,NA,NA,NA,NA,NA,NA,2013-09-01,2809.29999999999,"Total revenues accrual",NA,"OK",NA
"ar1","France","Revenues","2013-09-26",2755.42544259413,NA,NA,NA,NA,NA,NA,NA,2013-09-01,2809.29999999999,"Total revenues accrual",NA,"OK",NA
"ar1","France","Revenues","2013-09-27",2755.42544259413,NA,NA,NA,NA,NA,NA,NA,2013-09-01,2809.29999999999,"Total revenues accrual",NA,"OK",NA
"ar1","France","Revenues","2013-10-01",2755.42544259413,NA,NA,NA,NA,NA,NA,NA,2013-10-01,2809.29999999999,"Total revenues accrual",NA,"OK",NA
"ar1","France","Revenues","2013-10-02",2755.42544259413,NA,NA,NA,NA,NA,NA,NA,2013-10-01,2809.29999999999,"Total revenues accrual",NA,"OK",NA
"ar1","France","Revenues","2013-10-05",2755.42544259413,NA,NA,NA,NA,NA,NA,NA,2013-10-01,2809.29999999999,"Total revenues accrual",NA,"OK",NA
"ar1","France","Revenues","2013-10-15",2755.42544259413,NA,NA,NA,NA,NA,NA,NA,2013-10-01,2809.29999999999,"Total revenues accrual",NA,"OK",NA
"ar1","France","Revenues","2013-10-27",2755.42544259413,NA,NA,NA,NA,NA,NA,NA,2013-10-01,2809.29999999999,"Total revenues accrual",NA,"OK",NA
"ar1","France","Revenues","2013-10-31",2755.42544259413,NA,NA,NA,NA,NA,NA,NA,2013-10-01,2809.29999999999,"Total revenues accrual",NA,"OK",NA
"ar1","France","Revenues","2013-11-01",2755.42544259413,NA,NA,NA,NA,NA,NA,NA,2013-11-01,2809.29999999999,"Total revenues accrual",NA,"OK",NA
"ar1","France","Revenues","2013-11-05",2755.42544259413,NA,NA,NA,NA,NA,NA,NA,2013-11-01,2809.29999999999,"Total revenues accrual",NA,"OK",NA
"ar1","France","Revenues","2013-11-15",2755.42544259413,NA,NA,NA,NA,NA,NA,NA,2013-11-01,2809.29999999999,"Total revenues accrual",NA,"OK",NA
"ar1","France","Revenues","2013-11-27",2755.42544259413,NA,NA,NA,NA,NA,NA,NA,2013-11-01,2809.29999999999,"Total revenues accrual",NA,"OK",NA
"ar1","France","Revenues","2013-11-28",2755.42544259413,NA,NA,NA,NA,NA,NA,NA,2013-11-01,2809.29999999999,"Total revenues accrual",NA,"OK",NA
"ar1","France","Revenues","2013-12-01",2755.42544259413,NA,NA,NA,NA,NA,NA,NA,2013-12-01,2809.29999999999,"Total revenues accrual",NA,"OK",NA
"ar1","France","Revenues","2013-12-05",2755.42544259413,NA,NA,NA,NA,NA,NA,NA,2013-12-01,2809.29999999999,"Total revenues accrual",NA,"OK",NA
"ar1","France","Revenues","2013-12-07",2755.42544259413,NA,NA,NA,NA,NA,NA,NA,2013-12-01,2809.29999999999,"Total revenues accrual",NA,"OK",NA
"ar1","France","Revenues","2013-12-15",3055.72142190287,NA,NA,NA,NA,NA,NA,NA,2013-12-01,1908.20000000001,"Total revenues accrual",NA,"OK",NA
"ar1","France","Revenues","2013-12-26",3055.72142190287,NA,NA,NA,NA,NA,NA,NA,2013-12-01,1908.20000000001,"Total revenues accrual",NA,"OK",NA
"ar1","France","Revenues","2013-12-27",3055.72142190287,NA,NA,NA,NA,NA,NA,NA,2013-12-01,1908.20000000001,"Total revenues accrual",NA,"OK",NA
"ar1","France","Revenues","2014-01-01",3055.72142190287,NA,NA,NA,NA,NA,NA,NA,2014-01-01,1908.20000000001,"Total revenues accrual",NA,"OK",NA
"ar1","France","Revenues","2014-01-03",3055.72142190287,NA,NA,NA,NA,NA,NA,NA,2014-01-01,1908.20000000001,"Total revenues accrual",NA,"OK",NA
"ar1","France","Revenues","2014-01-05",3055.72142190287,NA,NA,NA,NA,NA,NA,NA,2014-01-01,1908.20000000001,"Total revenues accrual",NA,"OK",NA
"ar1","France","Revenues","2014-01-15",3055.72142190287,NA,NA,NA,NA,NA,NA,NA,2014-01-01,1908.20000000001,"Total revenues accrual",NA,"OK",NA
"ar1","France","Revenues","2014-01-27",3055.72142190287,NA,NA,NA,NA,NA,NA,NA,2014-01-01,1908.20000000001,"Total revenues accrual",NA,"OK",NA
"ar1","France","Revenues","2014-01-30",3055.72142190287,NA,NA,NA,NA,NA,NA,NA,2014-01-01,1908.20000000001,"Total revenues accrual",NA,"OK",NA
"ar1","France","Revenues","2014-02-01",3055.72142190287,NA,NA,NA,NA,NA,NA,NA,2014-02-01,1908.20000000001,"Total revenues accrual",NA,"OK",NA
"ar1","France","Revenues","2014-02-05",3055.72142190287,NA,NA,NA,NA,NA,NA,NA,2014-02-01,1908.20000000001,"Total revenues accrual",NA,"OK",NA
"ar1","France","Revenues","2014-02-06",3055.72142190287,NA,NA,NA,NA,NA,NA,NA,2014-02-01,1908.20000000001,"Total revenues accrual",NA,"OK",NA
"ar1","France","Revenues","2014-02-15",3055.72142190287,NA,NA,NA,NA,NA,NA,NA,2014-02-01,1908.20000000001,"Total revenues accrual",NA,"OK",NA
"ar1","France","Revenues","2014-02-27",3055.72142190287,NA,NA,NA,NA,NA,NA,NA,2014-02-01,1908.20000000001,"Total revenues accrual",NA,"OK",NA
"ar1","France","Revenues","2014-03-01",3055.72142190287,NA,NA,NA,NA,NA,NA,NA,2014-03-01,1908.20000000001,"Total revenues accrual",NA,"OK",NA
"ar1","France","Revenues","2014-03-05",3055.72142190287,NA,NA,NA,NA,NA,NA,NA,2014-03-01,1908.20000000001,"Total revenues accrual",NA,"OK",NA
"ar1","France","Revenues","2014-03-06",3055.72142190287,NA,NA,NA,NA,NA,NA,NA,2014-03-01,1908.20000000001,"Total revenues accrual",NA,"OK",NA
"ar1","France","Revenues","2014-03-15",3188.1366266917,NA,NA,NA,NA,NA,NA,NA,2014-03-01,1217.90000000002,"Total revenues accrual",NA,"OK",NA
"ar1","France","Revenues","2014-03-27",3188.1366266917,NA,NA,NA,NA,NA,NA,NA,2014-03-01,1217.90000000002,"Total revenues accrual",NA,"OK",NA
"ar1","France","Revenues","2014-04-01",3188.1366266917,NA,NA,NA,NA,NA,NA,NA,2014-04-01,1217.90000000002,"Total revenues accrual",NA,"OK",NA
"ar1","France","Revenues","2014-04-02",3188.1366266917,NA,NA,NA,NA,NA,NA,NA,2014-04-01,1217.90000000002,"Total revenues accrual",NA,"OK",NA
"ar1","France","Revenues","2014-04-05",3188.1366266917,NA,NA,NA,NA,NA,NA,NA,2014-04-01,1217.90000000002,"Total revenues accrual",NA,"OK",NA
"ar1","France","Revenues","2014-04-15",3188.1366266917,NA,NA,NA,NA,NA,NA,NA,2014-04-01,1217.90000000002,"Total revenues accrual",NA,"OK",NA
"ar1","France","Revenues","2014-04-24",3188.1366266917,NA,NA,NA,NA,NA,NA,NA,2014-04-01,1217.90000000002,"Total revenues accrual",NA,"OK",NA
"ar1","France","Revenues","2014-04-27",3188.1366266917,NA,NA,NA,NA,NA,NA,NA,2014-04-01,1217.90000000002,"Total revenues accrual",NA,"OK",NA
"ar1","France","Revenues","2014-05-01",3188.1366266917,NA,NA,NA,NA,NA,NA,NA,2014-05-01,1217.90000000002,"Total revenues accrual",NA,"OK",NA
"ar1","France","Revenues","2014-05-04",3188.1366266917,NA,NA,NA,NA,NA,NA,NA,2014-05-01,1217.90000000002,"Total revenues accrual",NA,"OK",NA
"ar1","France","Revenues","2014-05-05",3188.1366266917,NA,NA,NA,NA,NA,NA,NA,2014-05-01,1217.90000000002,"Total revenues accrual",NA,"OK",NA
"ar1","France","Revenues","2014-05-15",3188.1366266917,NA,NA,NA,NA,NA,NA,NA,2014-05-01,1217.90000000002,"Total revenues accrual",NA,"OK",NA
"ar1","France","Revenues","2014-05-27",3188.1366266917,NA,NA,NA,NA,NA,NA,NA,2014-05-01,1217.90000000002,"Total revenues accrual",NA,"OK",NA
"ar1","France","Revenues","2014-05-29",3188.1366266917,NA,NA,NA,NA,NA,NA,NA,2014-05-01,1217.90000000002,"Total revenues accrual",NA,"OK",NA
"ar1","France","Revenues","2014-06-01",3188.1366266917,NA,NA,NA,NA,NA,NA,NA,2014-06-01,1217.90000000002,"Total revenues accrual",NA,"OK",NA
"ar1","France","Revenues","2014-06-05",3188.1366266917,NA,NA,NA,NA,NA,NA,NA,2014-06-01,1217.90000000002,"Total revenues accrual",NA,"OK",NA
"ar1","France","Revenues","2014-06-07",3188.1366266917,NA,NA,NA,NA,NA,NA,NA,2014-06-01,1217.90000000002,"Total revenues accrual",NA,"OK",NA
"ar1","France","Revenues","2014-06-15",3491.52319137703,NA,NA,NA,NA,NA,NA,NA,2014-06-01,-567.5,"Total revenues accrual",NA,"OK",NA
"ar1","France","Revenues","2014-06-26",3491.52319137703,NA,NA,NA,NA,NA,NA,NA,2014-06-01,-567.5,"Total revenues accrual",NA,"OK",NA
"ar1","France","Revenues","2014-06-27",3491.52319137703,NA,NA,NA,NA,NA,NA,NA,2014-06-01,-567.5,"Total revenues accrual",NA,"OK",NA
"ar1","France","Revenues","2014-07-01",3491.52319137703,NA,NA,NA,NA,NA,NA,NA,2014-07-01,-567.5,"Total revenues accrual",NA,"OK",NA
"ar1","France","Revenues","2014-07-02",3491.52319137703,NA,NA,NA,NA,NA,NA,NA,2014-07-01,-567.5,"Total revenues accrual",NA,"OK",NA
"ar1","France","Revenues","2014-07-05",3491.52319137703,NA,NA,NA,NA,NA,NA,NA,2014-07-01,-567.5,"Total revenues accrual",NA,"OK",NA
"ar1","France","Revenues","2014-07-15",3491.52319137703,NA,NA,NA,NA,NA,NA,NA,2014-07-01,-567.5,"Total revenues accrual",NA,"OK",NA
"ar1","France","Revenues","2014-07-27",3491.52319137703,NA,NA,NA,NA,NA,NA,NA,2014-07-01,-567.5,"Total revenues accrual",NA,"OK",NA
"ar1","France","Revenues","2014-07-31",3491.52319137703,NA,NA,NA,NA,NA,NA,NA,2014-07-01,-567.5,"Total revenues accrual",NA,"OK",NA
"ar1","France","Revenues","2014-08-01",3491.52319137703,NA,NA,NA,NA,NA,NA,NA,2014-08-01,-567.5,"Total revenues accrual",NA,"OK",NA
"ar1","France","Revenues","2014-08-05",3491.52319137703,NA,NA,NA,NA,NA,NA,NA,2014-08-01,-567.5,"Total revenues accrual",NA,"OK",NA
"ar1","France","Revenues","2014-08-15",3491.52319137703,NA,NA,NA,NA,NA,NA,NA,2014-08-01,-567.5,"Total revenues accrual",NA,"OK",NA
"ar1","France","Revenues","2014-08-27",3491.52319137703,NA,NA,NA,NA,NA,NA,NA,2014-08-01,-567.5,"Total revenues accrual",NA,"OK",NA
"ar1","France","Revenues","2014-08-28",3491.52319137703,NA,NA,NA,NA,NA,NA,NA,2014-08-01,-567.5,"Total revenues accrual",NA,"OK",NA
"ar1","France","Revenues","2014-09-01",3491.52319137703,NA,NA,NA,NA,NA,NA,NA,2014-09-01,-567.5,"Total revenues accrual",NA,"OK",NA
"ar1","France","Revenues","2014-09-05",3491.52319137703,NA,NA,NA,NA,NA,NA,NA,2014-09-01,-567.5,"Total revenues accrual",NA,"OK",NA
"ar1","France","Revenues","2014-09-15",2506.86497003495,NA,NA,NA,NA,NA,NA,NA,2014-09-01,2032.89999999997,"Total revenues accrual",NA,"OK",NA
"ar1","France","Revenues","2014-09-25",2506.86497003495,NA,NA,NA,NA,NA,NA,NA,2014-09-01,2032.89999999997,"Total revenues accrual",NA,"OK",NA
"ar1","France","Revenues","2014-09-27",2506.86497003495,NA,NA,NA,NA,NA,NA,NA,2014-09-01,2032.89999999997,"Total revenues accrual",NA,"OK",NA
"ar1","France","Revenues","2014-10-01",2506.86497003495,NA,NA,NA,NA,NA,NA,NA,2014-10-01,2032.89999999997,"Total revenues accrual",NA,"OK",NA
"ar1","France","Revenues","2014-10-03",2506.86497003495,NA,NA,NA,NA,NA,NA,NA,2014-10-01,2032.89999999997,"Total revenues accrual",NA,"OK",NA
"ar1","France","Revenues","2014-10-05",2506.86497003495,NA,NA,NA,NA,NA,NA,NA,2014-10-01,2032.89999999997,"Total revenues accrual",NA,"OK",NA
"ar1","France","Revenues","2014-10-15",2506.86497003495,NA,NA,NA,NA,NA,NA,NA,2014-10-01,2032.89999999997,"Total revenues accrual",NA,"OK",NA
"ar1","France","Revenues","2014-10-27",2506.86497003495,NA,NA,NA,NA,NA,NA,NA,2014-10-01,2032.89999999997,"Total revenues accrual",NA,"OK",NA
"ar1","France","Revenues","2014-10-30",2506.86497003495,NA,NA,NA,NA,NA,NA,NA,2014-10-01,2032.89999999997,"Total revenues accrual",NA,"OK",NA
"ar1","France","Revenues","2014-11-01",2506.86497003495,NA,NA,NA,NA,NA,NA,NA,2014-11-01,2032.89999999997,"Total revenues accrual",NA,"OK",NA
"ar1","France","Revenues","2014-11-05",2506.86497003495,NA,NA,NA,NA,NA,NA,NA,2014-11-01,2032.89999999997,"Total revenues accrual",NA,"OK",NA
"ar1","France","Revenues","2014-11-06",2506.86497003495,NA,NA,NA,NA,NA,NA,NA,2014-11-01,2032.89999999997,"Total revenues accrual",NA,"OK",NA
"ar1","France","Revenues","2014-11-15",2506.86497003495,NA,NA,NA,NA,NA,NA,NA,2014-11-01,2032.89999999997,"Total revenues accrual",NA,"OK",NA
"ar1","France","Revenues","2014-11-27",2506.86497003495,NA,NA,NA,NA,NA,NA,NA,2014-11-01,2032.89999999997,"Total revenues accrual",NA,"OK",NA
"ar1","France","Revenues","2014-12-01",2506.86497003495,NA,NA,NA,NA,NA,NA,NA,2014-12-01,2032.89999999997,"Total revenues accrual",NA,"OK",NA
"ar1","France","Revenues","2014-12-05",2506.86497003495,NA,NA,NA,NA,NA,NA,NA,2014-12-01,2032.89999999997,"Total revenues accrual",NA,"OK",NA
"ar1","France","Revenues","2014-12-15",3076.90482753607,NA,NA,NA,NA,NA,NA,NA,2014-12-01,-482.399999999965,"Total revenues accrual",NA,"OK",NA
"ar1","France","Revenues","2014-12-25",3076.90482753607,NA,NA,NA,NA,NA,NA,NA,2014-12-01,-482.399999999965,"Total revenues accrual",NA,"OK",NA
"ar1","France","Revenues","2014-12-27",3076.90482753607,NA,NA,NA,NA,NA,NA,NA,2014-12-01,-482.399999999965,"Total revenues accrual",NA,"OK",NA
"ar1","France","Revenues","2015-01-01",3076.90482753607,NA,NA,NA,NA,NA,NA,NA,2015-01-01,-482.399999999965,"Total revenues accrual",NA,"OK",NA
"ar1","France","Revenues","2015-01-04",3076.90482753607,NA,NA,NA,NA,NA,NA,NA,2015-01-01,-482.399999999965,"Total revenues accrual",NA,"OK",NA
"ar1","France","Revenues","2015-01-05",3076.90482753607,NA,NA,NA,NA,NA,NA,NA,2015-01-01,-482.399999999965,"Total revenues accrual",NA,"OK",NA
"ar1","France","Revenues","2015-01-15",3076.90482753607,NA,NA,NA,NA,NA,NA,NA,2015-01-01,-482.399999999965,"Total revenues accrual",NA,"OK",NA
"ar1","France","Revenues","2015-01-27",3076.90482753607,NA,NA,NA,NA,NA,NA,NA,2015-01-01,-482.399999999965,"Total revenues accrual",NA,"OK",NA
"ar1","France","Revenues","2015-01-29",3076.90482753607,NA,NA,NA,NA,NA,NA,NA,2015-01-01,-482.399999999965,"Total revenues accrual",NA,"OK",NA
"ar1","France","Revenues","2015-02-01",3076.90482753607,NA,NA,NA,NA,NA,NA,NA,2015-02-01,-482.399999999965,"Total revenues accrual",NA,"OK",NA
"ar1","France","Revenues","2015-02-05",3076.90482753607,NA,NA,NA,NA,NA,NA,NA,2015-02-01,-482.399999999965,"Total revenues accrual",NA,"OK",NA
"ar1","France","Revenues","2015-02-07",3076.90482753607,NA,NA,NA,NA,NA,NA,NA,2015-02-01,-482.399999999965,"Total revenues accrual",NA,"OK",NA
"ar1","France","Revenues","2015-02-15",3076.90482753607,NA,NA,NA,NA,NA,NA,NA,2015-02-01,-482.399999999965,"Total revenues accrual",NA,"OK",NA
"ar1","France","Revenues","2015-02-26",3076.90482753607,NA,NA,NA,NA,NA,NA,NA,2015-02-01,-482.399999999965,"Total revenues accrual",NA,"OK",NA
"ar1","France","Revenues","2015-02-27",3076.90482753607,NA,NA,NA,NA,NA,NA,NA,2015-02-01,-482.399999999965,"Total revenues accrual",NA,"OK",NA
"ar1","France","Revenues","2015-03-01",3076.90482753607,NA,NA,NA,NA,NA,NA,NA,2015-03-01,-482.399999999965,"Total revenues accrual",NA,"OK",NA
"ar1","France","Revenues","2015-03-05",3076.90482753607,NA,NA,NA,NA,NA,NA,NA,2015-03-01,-482.399999999965,"Total revenues accrual",NA,"OK",NA
"ar1","France","Revenues","2015-03-07",3076.90482753607,NA,NA,NA,NA,NA,NA,NA,2015-03-01,-482.399999999965,"Total revenues accrual",NA,"OK",NA
"ar1","France","Revenues","2015-03-15",1898.87152822796,NA,NA,NA,NA,NA,NA,NA,2015-03-01,3563.79999999999,"Total revenues accrual",NA,"OK",NA
"ar1","France","Revenues","2015-03-26",1898.87152822796,NA,NA,NA,NA,NA,NA,NA,2015-03-01,3563.79999999999,"Total revenues accrual",NA,"OK",NA
"ar1","France","Revenues","2015-03-27",1898.87152822796,NA,NA,NA,NA,NA,NA,NA,2015-03-01,3563.79999999999,"Total revenues accrual",NA,"OK",NA
"ar1","France","Revenues","2015-04-01",1898.87152822796,NA,NA,NA,NA,NA,NA,NA,2015-04-01,3563.79999999999,"Total revenues accrual",NA,"OK",NA
"ar1","France","Revenues","2015-04-03",1898.87152822796,NA,NA,NA,NA,NA,NA,NA,2015-04-01,3563.79999999999,"Total revenues accrual",NA,"OK",NA
"ar1","France","Revenues","2015-04-05",1898.87152822796,NA,NA,NA,NA,NA,NA,NA,2015-04-01,3563.79999999999,"Total revenues accrual",NA,"OK",NA
"ar1","France","Revenues","2015-04-15",1898.87152822796,NA,NA,NA,NA,NA,NA,NA,2015-04-01,3563.79999999999,"Total revenues accrual",NA,"OK",NA
"ar1","France","Revenues","2015-04-27",1898.87152822796,NA,NA,NA,NA,NA,NA,NA,2015-04-01,3563.79999999999,"Total revenues accrual",NA,"OK",NA
"ar1","France","Revenues","2015-04-30",1898.87152822796,NA,NA,NA,NA,NA,NA,NA,2015-04-01,3563.79999999999,"Total revenues accrual",NA,"OK",NA
"ar1","France","Revenues","2015-05-01",1898.87152822796,NA,NA,NA,NA,NA,NA,NA,2015-05-01,3563.79999999999,"Total revenues accrual",NA,"OK",NA
"ar1","France","Revenues","2015-05-05",1898.87152822796,NA,NA,NA,NA,NA,NA,NA,2015-05-01,3563.79999999999,"Total revenues accrual",NA,"OK",NA
"ar1","France","Revenues","2015-05-15",1898.87152822796,NA,NA,NA,NA,NA,NA,NA,2015-05-01,3563.79999999999,"Total revenues accrual",NA,"OK",NA
"ar1","France","Revenues","2015-05-27",1898.87152822796,NA,NA,NA,NA,NA,NA,NA,2015-05-01,3563.79999999999,"Total revenues accrual",NA,"OK",NA
"ar1","France","Revenues","2015-05-28",1898.87152822796,NA,NA,NA,NA,NA,NA,NA,2015-05-01,3563.79999999999,"Total revenues accrual",NA,"OK",NA
"ar1","France","Revenues","2015-06-01",1898.87152822796,NA,NA,NA,NA,NA,NA,NA,2015-06-01,3563.79999999999,"Total revenues accrual",NA,"OK",NA
"ar1","France","Revenues","2015-06-05",1898.87152822796,NA,NA,NA,NA,NA,NA,NA,2015-06-01,3563.79999999999,"Total revenues accrual",NA,"OK",NA
"ar1","France","Revenues","2015-06-15",2739.43664816241,NA,NA,NA,NA,NA,NA,NA,2015-06-01,660.299999999988,"Total revenues accrual",NA,"OK",NA
"ar1","France","Revenues","2015-06-25",2739.43664816241,NA,NA,NA,NA,NA,NA,NA,2015-06-01,660.299999999988,"Total revenues accrual",NA,"OK",NA
"ar1","France","Revenues","2015-06-27",2739.43664816241,NA,NA,NA,NA,NA,NA,NA,2015-06-01,660.299999999988,"Total revenues accrual",NA,"OK",NA
"ar1","France","Revenues","2015-07-01",2739.43664816241,NA,NA,NA,NA,NA,NA,NA,2015-07-01,660.299999999988,"Total revenues accrual",NA,"OK",NA
"ar1","France","Revenues","2015-07-03",2739.43664816241,NA,NA,NA,NA,NA,NA,NA,2015-07-01,660.299999999988,"Total revenues accrual",NA,"OK",NA
"ar1","France","Revenues","2015-07-05",2739.43664816241,NA,NA,NA,NA,NA,NA,NA,2015-07-01,660.299999999988,"Total revenues accrual",NA,"OK",NA
"ar1","France","Revenues","2015-07-15",2739.43664816241,NA,NA,NA,NA,NA,NA,NA,2015-07-01,660.299999999988,"Total revenues accrual",NA,"OK",NA
"ar1","France","Revenues","2015-07-27",2739.43664816241,NA,NA,NA,NA,NA,NA,NA,2015-07-01,660.299999999988,"Total revenues accrual",NA,"OK",NA
"ar1","France","Revenues","2015-07-30",2739.43664816241,NA,NA,NA,NA,NA,NA,NA,2015-07-01,660.299999999988,"Total revenues accrual",NA,"OK",NA
"ar1","France","Revenues","2015-08-01",2739.43664816241,NA,NA,NA,NA,NA,NA,NA,2015-08-01,660.299999999988,"Total revenues accrual",NA,"OK",NA
"ar1","France","Revenues","2015-08-05",2739.43664816241,NA,NA,NA,NA,NA,NA,NA,2015-08-01,660.299999999988,"Total revenues accrual",NA,"OK",NA
"ar1","France","Revenues","2015-08-06",2739.43664816241,NA,NA,NA,NA,NA,NA,NA,2015-08-01,660.299999999988,"Total revenues accrual",NA,"OK",NA
"ar1","France","Revenues","2015-08-15",2739.43664816241,NA,NA,NA,NA,NA,NA,NA,2015-08-01,660.299999999988,"Total revenues accrual",NA,"OK",NA
"ar1","France","Revenues","2015-08-27",2739.43664816241,NA,NA,NA,NA,NA,NA,NA,2015-08-01,660.299999999988,"Total revenues accrual",NA,"OK",NA
"ar1","France","Revenues","2015-09-01",2739.43664816241,NA,NA,NA,NA,NA,NA,NA,2015-09-01,660.299999999988,"Total revenues accrual",NA,"OK",NA
"ar1","France","Revenues","2015-09-02",2739.43664816241,NA,NA,NA,NA,NA,NA,NA,2015-09-01,660.299999999988,"Total revenues accrual",NA,"OK",NA
"ar1","France","Revenues","2015-09-05",2739.43664816241,NA,NA,NA,NA,NA,NA,NA,2015-09-01,660.299999999988,"Total revenues accrual",NA,"OK",NA
"ar1","France","Revenues","2015-09-15",2216.22644351837,NA,NA,NA,NA,NA,NA,NA,2015-09-01,2243.90000000002,"Total revenues accrual",NA,"OK",NA
"ar1","France","Revenues","2015-09-24",2216.22644351837,NA,NA,NA,NA,NA,NA,NA,2015-09-01,2243.90000000002,"Total revenues accrual",NA,"OK",NA
"ar1","France","Revenues","2015-09-27",2216.22644351837,NA,NA,NA,NA,NA,NA,NA,2015-09-01,2243.90000000002,"Total revenues accrual",NA,"OK",NA
"ar1","France","Revenues","2015-10-01",2216.22644351837,NA,NA,NA,NA,NA,NA,NA,2015-10-01,2243.90000000002,"Total revenues accrual",NA,"OK",NA
"ar1","France","Revenues","2015-10-04",2216.22644351837,NA,NA,NA,NA,NA,NA,NA,2015-10-01,2243.90000000002,"Total revenues accrual",NA,"OK",NA
"ar1","France","Revenues","2015-10-05",2216.22644351837,NA,NA,NA,NA,NA,NA,NA,2015-10-01,2243.90000000002,"Total revenues accrual",NA,"OK",NA
"ar1","France","Revenues","2015-10-15",2216.22644351837,NA,NA,NA,NA,NA,NA,NA,2015-10-01,2243.90000000002,"Total revenues accrual",NA,"OK",NA
"ar1","France","Revenues","2015-10-27",2216.22644351837,NA,NA,NA,NA,NA,NA,NA,2015-10-01,2243.90000000002,"Total revenues accrual",NA,"OK",NA
"ar1","France","Revenues","2015-10-29",2216.22644351837,NA,NA,NA,NA,NA,NA,NA,2015-10-01,2243.90000000002,"Total revenues accrual",NA,"OK",NA
"ar1","France","Revenues","2015-11-01",2216.22644351837,NA,NA,NA,NA,NA,NA,NA,2015-11-01,2243.90000000002,"Total revenues accrual",NA,"OK",NA
"ar1","France","Revenues","2015-11-05",2216.22644351837,NA,NA,NA,NA,NA,NA,NA,2015-11-01,2243.90000000002,"Total revenues accrual",NA,"OK",NA
"ar1","France","Revenues","2015-11-07",2216.22644351837,NA,NA,NA,NA,NA,NA,NA,2015-11-01,2243.90000000002,"Total revenues accrual",NA,"OK",NA
"ar1","France","Revenues","2015-11-15",2216.22644351837,NA,NA,NA,NA,NA,NA,NA,2015-11-01,2243.90000000002,"Total revenues accrual",NA,"OK",NA
"ar1","France","Revenues","2015-11-26",2216.22644351837,NA,NA,NA,NA,NA,NA,NA,2015-11-01,2243.90000000002,"Total revenues accrual",NA,"OK",NA
"ar1","France","Revenues","2015-11-27",2216.22644351837,NA,NA,NA,NA,NA,NA,NA,2015-11-01,2243.90000000002,"Total revenues accrual",NA,"OK",NA
"ar1","France","Revenues","2015-12-01",2216.22644351837,NA,NA,NA,NA,NA,NA,NA,2015-12-01,2243.90000000002,"Total revenues accrual",NA,"OK",NA
"ar1","France","Revenues","2015-12-02",2216.22644351837,NA,NA,NA,NA,NA,NA,NA,2015-12-01,2243.90000000002,"Total revenues accrual",NA,"OK",NA
"ar1","France","Revenues","2015-12-05",2216.22644351837,NA,NA,NA,NA,NA,NA,NA,2015-12-01,2243.90000000002,"Total revenues accrual",NA,"OK",NA
"ar1","France","Revenues","2015-12-15",2780.22534521611,NA,NA,NA,NA,NA,NA,NA,2015-12-01,108.5,"Total revenues accrual",NA,"OK",NA
"ar1","France","Revenues","2015-12-27",2780.22534521611,NA,NA,NA,NA,NA,NA,NA,2015-12-01,108.5,"Total revenues accrual",NA,"OK",NA
"ar1","France","Revenues","2015-12-31",2780.22534521611,NA,NA,NA,NA,NA,NA,NA,2015-12-01,108.5,"Total revenues accrual",NA,"OK",NA
"ar1","France","Revenues","2016-01-01",2780.22534521611,NA,NA,NA,NA,NA,NA,NA,2016-01-01,108.5,"Total revenues accrual",NA,"OK",NA
"ar1","France","Revenues","2016-01-05",2780.22534521611,NA,NA,NA,NA,NA,NA,NA,2016-01-01,108.5,"Total revenues accrual",NA,"OK",NA
"ar1","France","Revenues","2016-01-15",2780.22534521611,NA,NA,NA,NA,NA,NA,NA,2016-01-01,108.5,"Total revenues accrual",NA,"OK",NA
"ar1","France","Revenues","2016-01-27",2780.22534521611,NA,NA,NA,NA,NA,NA,NA,2016-01-01,108.5,"Total revenues accrual",NA,"OK",NA
"ar1","France","Revenues","2016-01-28",2780.22534521611,NA,NA,NA,NA,NA,NA,NA,2016-01-01,108.5,"Total revenues accrual",NA,"OK",NA
"ar1","France","Revenues","2016-02-01",2780.22534521611,NA,NA,NA,NA,NA,NA,NA,2016-02-01,108.5,"Total revenues accrual",NA,"OK",NA
"ar1","France","Revenues","2016-02-05",2780.22534521611,NA,NA,NA,NA,NA,NA,NA,2016-02-01,108.5,"Total revenues accrual",NA,"OK",NA
"ar1","France","Revenues","2016-02-15",2780.22534521611,NA,NA,NA,NA,NA,NA,NA,2016-02-01,108.5,"Total revenues accrual",NA,"OK",NA
"ar1","France","Revenues","2016-02-25",2780.22534521611,NA,NA,NA,NA,NA,NA,NA,2016-02-01,108.5,"Total revenues accrual",NA,"OK",NA
"ar1","France","Revenues","2016-02-27",2780.22534521611,NA,NA,NA,NA,NA,NA,NA,2016-02-01,108.5,"Total revenues accrual",NA,"OK",NA
"ar1","France","Revenues","2016-03-01",2780.22534521611,NA,NA,NA,NA,NA,NA,NA,2016-03-01,108.5,"Total revenues accrual",NA,"OK",NA
"ar1","France","Revenues","2016-03-02",2780.22534521611,NA,NA,NA,NA,NA,NA,NA,2016-03-01,108.5,"Total revenues accrual",NA,"OK",NA
"ar1","France","Revenues","2016-03-05",2780.22534521611,NA,NA,NA,NA,NA,NA,NA,2016-03-01,108.5,"Total revenues accrual",NA,"OK",NA
"ar1","France","Revenues","2016-03-15",2665.48833734997,NA,NA,NA,NA,NA,NA,NA,2016-03-01,-322.200000000012,"Total revenues accrual",NA,"OK",NA
"ar1","France","Revenues","2016-03-27",2665.48833734997,NA,NA,NA,NA,NA,NA,NA,2016-03-01,-322.200000000012,"Total revenues accrual",NA,"OK",NA
"ar1","France","Revenues","2016-03-31",2665.48833734997,NA,NA,NA,NA,NA,NA,NA,2016-03-01,-322.200000000012,"Total revenues accrual",NA,"OK",NA
"ar1","France","Revenues","2016-04-01",2665.48833734997,NA,NA,NA,NA,NA,NA,NA,2016-04-01,-322.200000000012,"Total revenues accrual",NA,"OK",NA
"ar1","France","Revenues","2016-04-05",2665.48833734997,NA,NA,NA,NA,NA,NA,NA,2016-04-01,-322.200000000012,"Total revenues accrual",NA,"OK",NA
"ar1","France","Revenues","2016-04-15",2665.48833734997,NA,NA,NA,NA,NA,NA,NA,2016-04-01,-322.200000000012,"Total revenues accrual",NA,"OK",NA
"ar1","France","Revenues","2016-04-27",2665.48833734997,NA,NA,NA,NA,NA,NA,NA,2016-04-01,-322.200000000012,"Total revenues accrual",NA,"OK",NA
"ar1","France","Revenues","2016-04-28",2665.48833734997,NA,NA,NA,NA,NA,NA,NA,2016-04-01,-322.200000000012,"Total revenues accrual",NA,"OK",NA
"ar1","France","Revenues","2016-05-01",2665.48833734997,NA,NA,NA,NA,NA,NA,NA,2016-05-01,-322.200000000012,"Total revenues accrual",NA,"OK",NA
"ar1","France","Revenues","2016-05-05",2665.48833734997,NA,NA,NA,NA,NA,NA,NA,2016-05-01,-322.200000000012,"Total revenues accrual",NA,"OK",NA
"ar1","France","Revenues","2016-05-07",2665.48833734997,NA,NA,NA,NA,NA,NA,NA,2016-05-01,-322.200000000012,"Total revenues accrual",NA,"OK",NA
"ar1","France","Revenues","2016-05-15",2665.48833734997,NA,NA,NA,NA,NA,NA,NA,2016-05-01,-322.200000000012,"Total revenues accrual",NA,"OK",NA
"ar1","France","Revenues","2016-05-26",2665.48833734997,NA,NA,NA,NA,NA,NA,NA,2016-05-01,-322.200000000012,"Total revenues accrual",NA,"OK",NA
"ar1","France","Revenues","2016-05-27",2665.48833734997,NA,NA,NA,NA,NA,NA,NA,2016-05-01,-322.200000000012,"Total revenues accrual",NA,"OK",NA
"ar1","France","Revenues","2016-06-01",2665.48833734997,NA,NA,NA,NA,NA,NA,NA,2016-06-01,-322.200000000012,"Total revenues accrual",NA,"OK",NA
"ar1","France","Revenues","2016-06-03",2665.48833734997,NA,NA,NA,NA,NA,NA,NA,2016-06-01,-322.200000000012,"Total revenues accrual",NA,"OK",NA
"ar1","France","Revenues","2016-06-05",2665.48833734997,NA,NA,NA,NA,NA,NA,NA,2016-06-01,-322.200000000012,"Total revenues accrual",NA,"OK",NA
"ar1","France","Revenues","2016-06-15",2106.24092834502,NA,NA,NA,NA,NA,NA,NA,2016-06-01,1595.79999999999,"Total revenues accrual",NA,"OK",NA
"ar1","France","Revenues","2016-06-27",2106.24092834502,NA,NA,NA,NA,NA,NA,NA,2016-06-01,1595.79999999999,"Total revenues accrual",NA,"OK",NA
"ar1","France","Revenues","2016-06-30",2106.24092834502,NA,NA,NA,NA,NA,NA,NA,2016-06-01,1595.79999999999,"Total revenues accrual",NA,"OK",NA
"ar1","France","Revenues","2016-07-01",2106.24092834502,NA,NA,NA,NA,NA,NA,NA,2016-07-01,1595.79999999999,"Total revenues accrual",NA,"OK",NA
"ar1","France","Revenues","2016-07-05",2106.24092834502,NA,NA,NA,NA,NA,NA,NA,2016-07-01,1595.79999999999,"Total revenues accrual",NA,"OK",NA
"ar1","France","Revenues","2016-07-15",2106.24092834502,NA,NA,NA,NA,NA,NA,NA,2016-07-01,1595.79999999999,"Total revenues accrual",NA,"OK",NA
"ar1","France","Revenues","2016-07-27",2106.24092834502,NA,NA,NA,NA,NA,NA,NA,2016-07-01,1595.79999999999,"Total revenues accrual",NA,"OK",NA
"ar1","France","Revenues","2016-07-28",2106.24092834502,NA,NA,NA,NA,NA,NA,NA,2016-07-01,1595.79999999999,"Total revenues accrual",NA,"OK",NA
"ar1","France","Revenues","2016-08-01",2106.24092834502,NA,NA,NA,NA,NA,NA,NA,2016-08-01,1595.79999999999,"Total revenues accrual",NA,"OK",NA
"ar1","France","Revenues","2016-08-05",2106.24092834502,NA,NA,NA,NA,NA,NA,NA,2016-08-01,1595.79999999999,"Total revenues accrual",NA,"OK",NA
"ar1","France","Revenues","2016-08-15",2106.24092834502,NA,NA,NA,NA,NA,NA,NA,2016-08-01,1595.79999999999,"Total revenues accrual",NA,"OK",NA
"ar1","France","Revenues","2016-08-25",2106.24092834502,NA,NA,NA,NA,NA,NA,NA,2016-08-01,1595.79999999999,"Total revenues accrual",NA,"OK",NA
"ar1","France","Revenues","2016-08-27",2106.24092834502,NA,NA,NA,NA,NA,NA,NA,2016-08-01,1595.79999999999,"Total revenues accrual",NA,"OK",NA
"ar1","France","Revenues","2016-09-01",2106.24092834502,NA,NA,NA,NA,NA,NA,NA,2016-09-01,1595.79999999999,"Total revenues accrual",NA,"OK",NA
"ar1","France","Revenues","2016-09-04",2106.24092834502,NA,NA,NA,NA,NA,NA,NA,2016-09-01,1595.79999999999,"Total revenues accrual",NA,"OK",NA
"ar1","France","Revenues","2016-09-05",2106.24092834502,NA,NA,NA,NA,NA,NA,NA,2016-09-01,1595.79999999999,"Total revenues accrual",NA,"OK",NA
"ar1","France","Revenues","2016-09-15",2348.3162323499,NA,NA,NA,NA,NA,NA,NA,2016-09-01,276.799999999988,"Total revenues accrual",NA,"OK",NA
"ar1","France","Revenues","2016-09-27",2348.3162323499,NA,NA,NA,NA,NA,NA,NA,2016-09-01,276.799999999988,"Total revenues accrual",NA,"OK",NA
"ar1","France","Revenues","2016-09-29",2348.3162323499,NA,NA,NA,NA,NA,NA,NA,2016-09-01,276.799999999988,"Total revenues accrual",NA,"OK",NA
"ar1","France","Revenues","2016-10-01",2348.3162323499,NA,NA,NA,NA,NA,NA,NA,2016-10-01,276.799999999988,"Total revenues accrual",NA,"OK",NA
"ar1","France","Revenues","2016-10-05",2348.3162323499,NA,NA,NA,NA,NA,NA,NA,2016-10-01,276.799999999988,"Total revenues accrual",NA,"OK",NA
"ar1","France","Revenues","2016-10-06",2348.3162323499,NA,NA,NA,NA,NA,NA,NA,2016-10-01,276.799999999988,"Total revenues accrual",NA,"OK",NA
"ar1","France","Revenues","2016-10-15",2348.3162323499,NA,NA,NA,NA,NA,NA,NA,2016-10-01,276.799999999988,"Total revenues accrual",NA,"OK",NA
"ar1","France","Revenues","2016-10-27",2348.3162323499,NA,NA,NA,NA,NA,NA,NA,2016-10-01,276.799999999988,"Total revenues accrual",NA,"OK",NA
"ar1","France","Revenues","2016-11-01",2348.3162323499,NA,NA,NA,NA,NA,NA,NA,2016-11-01,276.799999999988,"Total revenues accrual",NA,"OK",NA
"ar1","France","Revenues","2016-11-02",2348.3162323499,NA,NA,NA,NA,NA,NA,NA,2016-11-01,276.799999999988,"Total revenues accrual",NA,"OK",NA
"ar1","France","Revenues","2016-11-05",2348.3162323499,NA,NA,NA,NA,NA,NA,NA,2016-11-01,276.799999999988,"Total revenues accrual",NA,"OK",NA
"ar1","France","Revenues","2016-11-15",2348.3162323499,NA,NA,NA,NA,NA,NA,NA,2016-11-01,276.799999999988,"Total revenues accrual",NA,"OK",NA
"ar1","France","Revenues","2016-11-24",2348.3162323499,NA,NA,NA,NA,NA,NA,NA,2016-11-01,276.799999999988,"Total revenues accrual",NA,"OK",NA
"ar1","France","Revenues","2016-11-27",2348.3162323499,NA,NA,NA,NA,NA,NA,NA,2016-11-01,276.799999999988,"Total revenues accrual",NA,"OK",NA
"ar1","France","Revenues","2016-12-01",2348.3162323499,NA,NA,NA,NA,NA,NA,NA,2016-12-01,276.799999999988,"Total revenues accrual",NA,"OK",NA
"ar1","France","Revenues","2016-12-04",2348.3162323499,NA,NA,NA,NA,NA,NA,NA,2016-12-01,276.799999999988,"Total revenues accrual",NA,"OK",NA
"ar1","France","Revenues","2016-12-05",2348.3162323499,NA,NA,NA,NA,NA,NA,NA,2016-12-01,276.799999999988,"Total revenues accrual",NA,"OK",NA
"ar1","France","Revenues","2016-12-15",1352.04101773166,NA,NA,NA,NA,NA,NA,NA,2016-12-01,4501.60000000003,"Total revenues accrual",NA,"OK",NA
"ar1","France","Revenues","2016-12-27",1352.04101773166,NA,NA,NA,NA,NA,NA,NA,2016-12-01,4501.60000000003,"Total revenues accrual",NA,"OK",NA
"ar1","France","Revenues","2016-12-29",1352.04101773166,NA,NA,NA,NA,NA,NA,NA,2016-12-01,4501.60000000003,"Total revenues accrual",NA,"OK",NA
"ar1","France","Revenues","2017-01-01",1352.04101773166,NA,NA,NA,NA,NA,NA,NA,2017-01-01,4501.60000000003,"Total revenues accrual",NA,"OK",NA
"ar1","France","Revenues","2017-01-05",1352.04101773166,NA,NA,NA,NA,NA,NA,NA,2017-01-01,4501.60000000003,"Total revenues accrual",NA,"OK",NA
"ar1","France","Revenues","2017-01-07",1352.04101773166,NA,NA,NA,NA,NA,NA,NA,2017-01-01,4501.60000000003,"Total revenues accrual",NA,"OK",NA
"ar1","France","Revenues","2017-01-15",1352.04101773166,NA,NA,NA,NA,NA,NA,NA,2017-01-01,4501.60000000003,"Total revenues accrual",NA,"OK",NA
"ar1","France","Revenues","2017-01-26",1352.04101773166,NA,NA,NA,NA,NA,NA,NA,2017-01-01,4501.60000000003,"Total revenues accrual",NA,"OK",NA
"ar1","France","Revenues","2017-01-27",1352.04101773166,NA,NA,NA,NA,NA,NA,NA,2017-01-01,4501.60000000003,"Total revenues accrual",NA,"OK",NA
"ar1","France","Revenues","2017-02-01",1352.04101773166,NA,NA,NA,NA,NA,NA,NA,2017-02-01,4501.60000000003,"Total revenues accrual",NA,"OK",NA
"ar1","France","Revenues","2017-02-03",1352.04101773166,NA,NA,NA,NA,NA,NA,NA,2017-02-01,4501.60000000003,"Total revenues accrual",NA,"OK",NA
"ar1","France","Revenues","2017-02-05",1352.04101773166,NA,NA,NA,NA,NA,NA,NA,2017-02-01,4501.60000000003,"Total revenues accrual",NA,"OK",NA
"ar1","France","Revenues","2017-02-15",1352.04101773166,NA,NA,NA,NA,NA,NA,NA,2017-02-01,4501.60000000003,"Total revenues accrual",NA,"OK",NA
"ar1","France","Revenues","2017-02-23",1352.04101773166,NA,NA,NA,NA,NA,NA,NA,2017-02-01,4501.60000000003,"Total revenues accrual",NA,"OK",NA
"ar1","France","Revenues","2017-02-27",1352.04101773166,NA,NA,NA,NA,NA,NA,NA,2017-02-01,4501.60000000003,"Total revenues accrual",NA,"OK",NA
"ar1","France","Revenues","2017-03-01",1352.04101773166,NA,NA,NA,NA,NA,NA,NA,2017-03-01,4501.60000000003,"Total revenues accrual",NA,"OK",NA
"ar1","France","Revenues","2017-03-03",1352.04101773166,NA,NA,NA,NA,NA,NA,NA,2017-03-01,4501.60000000003,"Total revenues accrual",NA,"OK",NA
"ar1","France","Revenues","2017-03-05",1352.04101773166,NA,NA,NA,NA,NA,NA,NA,2017-03-01,4501.60000000003,"Total revenues accrual",NA,"OK",NA
"ar1","France","Revenues","2017-03-15",1964.82751101487,NA,NA,NA,NA,NA,NA,NA,2017-03-01,2344.89999999997,"Total revenues accrual",NA,"OK",NA
"ar1","France","Revenues","2017-03-27",1964.82751101487,NA,NA,NA,NA,NA,NA,NA,2017-03-01,2344.89999999997,"Total revenues accrual",NA,"OK",NA
"ar1","France","Revenues","2017-03-30",1964.82751101487,NA,NA,NA,NA,NA,NA,NA,2017-03-01,2344.89999999997,"Total revenues accrual",NA,"OK",NA
"ar1","France","Revenues","2017-04-01",1964.82751101487,NA,NA,NA,NA,NA,NA,NA,2017-04-01,2344.89999999997,"Total revenues accrual",NA,"OK",NA
"ar1","France","Revenues","2017-04-05",1964.82751101487,NA,NA,NA,NA,NA,NA,NA,2017-04-01,2344.89999999997,"Total revenues accrual",NA,"OK",NA
"ar1","France","Revenues","2017-04-06",1964.82751101487,NA,NA,NA,NA,NA,NA,NA,2017-04-01,2344.89999999997,"Total revenues accrual",NA,"OK",NA
"ar1","France","Revenues","2017-04-15",1964.82751101487,NA,NA,NA,NA,NA,NA,NA,2017-04-01,2344.89999999997,"Total revenues accrual",NA,"OK",NA
"ar1","France","Revenues","2017-04-27",1964.82751101487,NA,NA,NA,NA,NA,NA,NA,2017-04-01,2344.89999999997,"Total revenues accrual",NA,"OK",NA
"ar1","France","Revenues","2017-05-01",1964.82751101487,NA,NA,NA,NA,NA,NA,NA,2017-05-01,2344.89999999997,"Total revenues accrual",NA,"OK",NA
"ar1","France","Revenues","2017-05-05",1964.82751101487,NA,NA,NA,NA,NA,NA,NA,2017-05-01,2344.89999999997,"Total revenues accrual",NA,"OK",NA
"ar1","France","Revenues","2017-05-15",1964.82751101487,NA,NA,NA,NA,NA,NA,NA,2017-05-01,2344.89999999997,"Total revenues accrual",NA,"OK",NA
"ar1","France","Revenues","2017-05-25",1964.82751101487,NA,NA,NA,NA,NA,NA,NA,2017-05-01,2344.89999999997,"Total revenues accrual",NA,"OK",NA
"ar1","France","Revenues","2017-05-27",1964.82751101487,NA,NA,NA,NA,NA,NA,NA,2017-05-01,2344.89999999997,"Total revenues accrual",NA,"OK",NA
"ar1","France","Revenues","2017-06-01",1964.82751101487,NA,NA,NA,NA,NA,NA,NA,2017-06-01,2344.89999999997,"Total revenues accrual",NA,"OK",NA
"ar1","France","Revenues","2017-06-04",1964.82751101487,NA,NA,NA,NA,NA,NA,NA,2017-06-01,2344.89999999997,"Total revenues accrual",NA,"OK",NA
"ar1","France","Revenues","2017-06-05",1964.82751101487,NA,NA,NA,NA,NA,NA,NA,2017-06-01,2344.89999999997,"Total revenues accrual",NA,"OK",NA
"ar1","France","Revenues","2017-06-15",1477.20037282923,NA,NA,NA,NA,NA,NA,NA,2017-06-01,4735.80000000005,"Total revenues accrual",NA,"OK",NA
"ar1","France","Revenues","2017-06-27",1477.20037282923,NA,NA,NA,NA,NA,NA,NA,2017-06-01,4735.80000000005,"Total revenues accrual",NA,"OK",NA
"ar1","France","Revenues","2017-06-29",1477.20037282923,NA,NA,NA,NA,NA,NA,NA,2017-06-01,4735.80000000005,"Total revenues accrual",NA,"OK",NA
"ar1","France","Revenues","2017-07-01",1477.20037282923,NA,NA,NA,NA,NA,NA,NA,2017-07-01,4735.80000000005,"Total revenues accrual",NA,"OK",NA
"ar1","France","Revenues","2017-07-05",1477.20037282923,NA,NA,NA,NA,NA,NA,NA,2017-07-01,4735.80000000005,"Total revenues accrual",NA,"OK",NA
"ar1","France","Revenues","2017-07-06",1477.20037282923,NA,NA,NA,NA,NA,NA,NA,2017-07-01,4735.80000000005,"Total revenues accrual",NA,"OK",NA
"ar1","France","Revenues","2017-07-15",1477.20037282923,NA,NA,NA,NA,NA,NA,NA,2017-07-01,4735.80000000005,"Total revenues accrual",NA,"OK",NA
"ar1","France","Revenues","2017-07-27",1477.20037282923,NA,NA,NA,NA,NA,NA,NA,2017-07-01,4735.80000000005,"Total revenues accrual",NA,"OK",NA
"ar1","France","Revenues","2017-08-01",1477.20037282923,NA,NA,NA,NA,NA,NA,NA,2017-08-01,4735.80000000005,"Total revenues accrual",NA,"OK",NA
"ar1","France","Revenues","2017-08-02",1477.20037282923,NA,NA,NA,NA,NA,NA,NA,2017-08-01,4735.80000000005,"Total revenues accrual",NA,"OK",NA
"ar1","France","Revenues","2017-08-05",1477.20037282923,NA,NA,NA,NA,NA,NA,NA,2017-08-01,4735.80000000005,"Total revenues accrual",NA,"OK",NA
"ar1","France","Revenues","2017-08-15",1477.20037282923,NA,NA,NA,NA,NA,NA,NA,2017-08-01,4735.80000000005,"Total revenues accrual",NA,"OK",NA
"ar1","France","Revenues","2017-08-27",1477.20037282923,NA,NA,NA,NA,NA,NA,NA,2017-08-01,4735.80000000005,"Total revenues accrual",NA,"OK",NA
"ar1","France","Revenues","2017-08-31",1477.20037282923,NA,NA,NA,NA,NA,NA,NA,2017-08-01,4735.80000000005,"Total revenues accrual",NA,"OK",NA
"ar1","France","Revenues","2017-09-01",1477.20037282923,NA,NA,NA,NA,NA,NA,NA,2017-09-01,4735.80000000005,"Total revenues accrual",NA,"OK",NA
"ar1","France","Revenues","2017-09-05",1477.20037282923,NA,NA,NA,NA,NA,NA,NA,2017-09-01,4735.80000000005,"Total revenues accrual",NA,"OK",NA
"ar1","France","Revenues","2017-09-15",2118.18404343172,NA,NA,NA,NA,NA,NA,NA,2017-09-01,2237,"Total revenues accrual",NA,"OK",NA
"ar1","France","Revenues","2017-09-27",2118.18404343172,NA,NA,NA,NA,NA,NA,NA,2017-09-01,2237,"Total revenues accrual",NA,"OK",NA
"ar1","France","Revenues","2017-09-28",2118.18404343172,NA,NA,NA,NA,NA,NA,NA,2017-09-01,2237,"Total revenues accrual",NA,"OK",NA
"ar1","France","Revenues","2017-10-01",2118.18404343172,NA,NA,NA,NA,NA,NA,NA,2017-10-01,2237,"Total revenues accrual",NA,"OK",NA
"ar1","France","Revenues","2017-10-05",2118.18404343172,NA,NA,NA,NA,NA,NA,NA,2017-10-01,2237,"Total revenues accrual",NA,"OK",NA
"ar1","France","Revenues","2017-10-07",2118.18404343172,NA,NA,NA,NA,NA,NA,NA,2017-10-01,2237,"Total revenues accrual",NA,"OK",NA
"ar1","France","Revenues","2017-10-15",2118.18404343172,NA,NA,NA,NA,NA,NA,NA,2017-10-01,2237,"Total revenues accrual",NA,"OK",NA
"ar1","France","Revenues","2017-10-26",2118.18404343172,NA,NA,NA,NA,NA,NA,NA,2017-10-01,2237,"Total revenues accrual",NA,"OK",NA
"ar1","France","Revenues","2017-10-27",2118.18404343172,NA,NA,NA,NA,NA,NA,NA,2017-10-01,2237,"Total revenues accrual",NA,"OK",NA
"ar1","France","Revenues","2017-11-01",2118.18404343172,NA,NA,NA,NA,NA,NA,NA,2017-11-01,2237,"Total revenues accrual",NA,"OK",NA
"ar1","France","Revenues","2017-11-03",2118.18404343172,NA,NA,NA,NA,NA,NA,NA,2017-11-01,2237,"Total revenues accrual",NA,"OK",NA
"ar1","France","Revenues","2017-11-05",2118.18404343172,NA,NA,NA,NA,NA,NA,NA,2017-11-01,2237,"Total revenues accrual",NA,"OK",NA
"ar1","France","Revenues","2017-11-15",2118.18404343172,NA,NA,NA,NA,NA,NA,NA,2017-11-01,2237,"Total revenues accrual",NA,"OK",NA
"ar1","France","Revenues","2017-11-27",2118.18404343172,NA,NA,NA,NA,NA,NA,NA,2017-11-01,2237,"Total revenues accrual",NA,"OK",NA
"ar1","France","Revenues","2017-11-30",2118.18404343172,NA,NA,NA,NA,NA,NA,NA,2017-11-01,2237,"Total revenues accrual",NA,"OK",NA
"ar1","France","Revenues","2017-12-01",2118.18404343172,NA,NA,NA,NA,NA,NA,NA,2017-12-01,2237,"Total revenues accrual",NA,"OK",NA
"ar1","France","Revenues","2017-12-05",2118.18404343172,NA,NA,NA,NA,NA,NA,NA,2017-12-01,2237,"Total revenues accrual",NA,"OK",NA
"ar1","France","Revenues","2017-12-15",1665.67245722425,NA,NA,NA,NA,NA,NA,NA,2017-12-01,4519,"Total revenues accrual",NA,"OK",NA
"ar1","France","Revenues","2017-12-27",1665.67245722425,NA,NA,NA,NA,NA,NA,NA,2017-12-01,4519,"Total revenues accrual",NA,"OK",NA
"ar1","France","Revenues","2017-12-28",1665.67245722425,NA,NA,NA,NA,NA,NA,NA,2017-12-01,4519,"Total revenues accrual",NA,"OK",NA
"ar1","France","Revenues","2018-01-01",1665.67245722425,NA,NA,NA,NA,NA,NA,NA,2018-01-01,4519,"Total revenues accrual",NA,"OK",NA
"ar1","France","Revenues","2018-01-05",1665.67245722425,NA,NA,NA,NA,NA,NA,NA,2018-01-01,4519,"Total revenues accrual",NA,"OK",NA
"ar1","France","Revenues","2018-01-15",1665.67245722425,NA,NA,NA,NA,NA,NA,NA,2018-01-01,4519,"Total revenues accrual",NA,"OK",NA
"ar1","France","Revenues","2018-01-25",1665.67245722425,NA,NA,NA,NA,NA,NA,NA,2018-01-01,4519,"Total revenues accrual",NA,"OK",NA
"ar1","France","Revenues","2018-01-27",1665.67245722425,NA,NA,NA,NA,NA,NA,NA,2018-01-01,4519,"Total revenues accrual",NA,"OK",NA
"ar1","France","Revenues","2018-02-01",1665.67245722425,NA,NA,NA,NA,NA,NA,NA,2018-02-01,4519,"Total revenues accrual",NA,"OK",NA
"ar1","France","Revenues","2018-02-04",1665.67245722425,NA,NA,NA,NA,NA,NA,NA,2018-02-01,4519,"Total revenues accrual",NA,"OK",NA
"ar1","France","Revenues","2018-02-05",1665.67245722425,NA,NA,NA,NA,NA,NA,NA,2018-02-01,4519,"Total revenues accrual",NA,"OK",NA
"ar1","France","Revenues","2018-02-15",1665.67245722425,NA,NA,NA,NA,NA,NA,NA,2018-02-01,4519,"Total revenues accrual",NA,"OK",NA
"ar1","France","Revenues","2018-02-22",1665.67245722425,NA,NA,NA,NA,NA,NA,NA,2018-02-01,4519,"Total revenues accrual",NA,"OK",NA
"ar1","France","Revenues","2018-02-27",1665.67245722425,NA,NA,NA,NA,NA,NA,NA,2018-02-01,4519,"Total revenues accrual",NA,"OK",NA
"ar1","France","Revenues","2018-03-01",1665.67245722425,NA,NA,NA,NA,NA,NA,NA,2018-03-01,4519,"Total revenues accrual",NA,"OK",NA
"ar1","France","Revenues","2018-03-04",1665.67245722425,NA,NA,NA,NA,NA,NA,NA,2018-03-01,4519,"Total revenues accrual",NA,"OK",NA
"ar1","France","Revenues","2018-03-05",1665.67245722425,NA,NA,NA,NA,NA,NA,NA,2018-03-01,4519,"Total revenues accrual",NA,"OK",NA
"ar1","France","Revenues","2018-03-15",2552.10222654198,NA,NA,NA,NA,NA,NA,NA,2018-03-01,673,"Total revenues accrual",NA,"OK",NA
"ar1","France","Revenues","2018-03-27",2552.10222654198,NA,NA,NA,NA,NA,NA,NA,2018-03-01,673,"Total revenues accrual",NA,"OK",NA
"ar1","France","Revenues","2018-03-29",2552.10222654198,NA,NA,NA,NA,NA,NA,NA,2018-03-01,673,"Total revenues accrual",NA,"OK",NA
"ar1","France","Revenues","2018-04-01",2552.10222654198,NA,NA,NA,NA,NA,NA,NA,2018-04-01,673,"Total revenues accrual",NA,"OK",NA
"ar1","France","Revenues","2018-04-05",2552.10222654198,NA,NA,NA,NA,NA,NA,NA,2018-04-01,673,"Total revenues accrual",NA,"OK",NA
"ar1","France","Revenues","2018-04-07",2552.10222654198,NA,NA,NA,NA,NA,NA,NA,2018-04-01,673,"Total revenues accrual",NA,"OK",NA
"ar1","France","Revenues","2018-04-15",2552.10222654198,NA,NA,NA,NA,NA,NA,NA,2018-04-01,673,"Total revenues accrual",NA,"OK",NA
"ar1","France","Revenues","2018-04-26",2552.10222654198,NA,NA,NA,NA,NA,NA,NA,2018-04-01,673,"Total revenues accrual",NA,"OK",NA
"ar1","France","Revenues","2018-04-27",2552.10222654198,NA,NA,NA,NA,NA,NA,NA,2018-04-01,673,"Total revenues accrual",NA,"OK",NA
"ar1","France","Revenues","2018-05-01",2552.10222654198,NA,NA,NA,NA,NA,NA,NA,2018-05-01,673,"Total revenues accrual",NA,"OK",NA
"ar1","France","Revenues","2018-05-02",2552.10222654198,NA,NA,NA,NA,NA,NA,NA,2018-05-01,673,"Total revenues accrual",NA,"OK",NA
"ar1","France","Revenues","2018-05-05",2552.10222654198,NA,NA,NA,NA,NA,NA,NA,2018-05-01,673,"Total revenues accrual",NA,"OK",NA
"ar1","France","Revenues","2018-05-15",2552.10222654198,NA,NA,NA,NA,NA,NA,NA,2018-05-01,673,"Total revenues accrual",NA,"OK",NA
"ar1","France","Revenues","2018-05-27",2552.10222654198,NA,NA,NA,NA,NA,NA,NA,2018-05-01,673,"Total revenues accrual",NA,"OK",NA
"ar1","France","Revenues","2018-05-31",2552.10222654198,NA,NA,NA,NA,NA,NA,NA,2018-05-01,673,"Total revenues accrual",NA,"OK",NA
"ar1","France","Revenues","2018-06-01",2552.10222654198,NA,NA,NA,NA,NA,NA,NA,2018-06-01,673,"Total revenues accrual",NA,"OK",NA
"ar1","France","Revenues","2018-06-05",2552.10222654198,NA,NA,NA,NA,NA,NA,NA,2018-06-01,673,"Total revenues accrual",NA,"OK",NA
"ar1","France","Revenues","2018-06-15",2652.07168351372,NA,NA,NA,NA,NA,NA,NA,2018-06-01,-378.5,"Total revenues accrual",NA,"OK",NA
"ar1","France","Revenues","2018-06-27",2652.07168351372,NA,NA,NA,NA,NA,NA,NA,2018-06-01,-378.5,"Total revenues accrual",NA,"OK",NA
"ar1","France","Revenues","2018-06-28",2652.07168351372,NA,NA,NA,NA,NA,NA,NA,2018-06-01,-378.5,"Total revenues accrual",NA,"OK",NA
"ar1","France","Revenues","2018-07-01",2652.07168351372,NA,NA,NA,NA,NA,NA,NA,2018-07-01,-378.5,"Total revenues accrual",NA,"OK",NA
"ar1","France","Revenues","2018-07-05",2652.07168351372,NA,NA,NA,NA,NA,NA,NA,2018-07-01,-378.5,"Total revenues accrual",NA,"OK",NA
"ar1","France","Revenues","2018-07-07",2652.07168351372,NA,NA,NA,NA,NA,NA,NA,2018-07-01,-378.5,"Total revenues accrual",NA,"OK",NA
"ar1","France","Revenues","2018-07-15",2652.07168351372,NA,NA,NA,NA,NA,NA,NA,2018-07-01,-378.5,"Total revenues accrual",NA,"OK",NA
"ar1","France","Revenues","2018-07-26",2652.07168351372,NA,NA,NA,NA,NA,NA,NA,2018-07-01,-378.5,"Total revenues accrual",NA,"OK",NA
"ar1","France","Revenues","2018-07-27",2652.07168351372,NA,NA,NA,NA,NA,NA,NA,2018-07-01,-378.5,"Total revenues accrual",NA,"OK",NA
"ar1","France","Revenues","2018-08-01",2652.07168351372,NA,NA,NA,NA,NA,NA,NA,2018-08-01,-378.5,"Total revenues accrual",NA,"OK",NA
"ar1","France","Revenues","2018-08-03",2652.07168351372,NA,NA,NA,NA,NA,NA,NA,2018-08-01,-378.5,"Total revenues accrual",NA,"OK",NA
"ar1","France","Revenues","2018-08-05",2652.07168351372,NA,NA,NA,NA,NA,NA,NA,2018-08-01,-378.5,"Total revenues accrual",NA,"OK",NA
"ar1","France","Revenues","2018-08-15",2652.07168351372,NA,NA,NA,NA,NA,NA,NA,2018-08-01,-378.5,"Total revenues accrual",NA,"OK",NA
"ar1","France","Revenues","2018-08-27",2652.07168351372,NA,NA,NA,NA,NA,NA,NA,2018-08-01,-378.5,"Total revenues accrual",NA,"OK",NA
"ar1","France","Revenues","2018-08-30",2652.07168351372,NA,NA,NA,NA,NA,NA,NA,2018-08-01,-378.5,"Total revenues accrual",NA,"OK",NA
"ar1","France","Revenues","2018-09-01",2652.07168351372,NA,NA,NA,NA,NA,NA,NA,2018-09-01,-378.5,"Total revenues accrual",NA,"OK",NA
"ar1","France","Revenues","2018-09-05",2652.07168351372,NA,NA,NA,NA,NA,NA,NA,2018-09-01,-378.5,"Total revenues accrual",NA,"OK",NA
"ar1","France","Revenues","2018-09-06",2652.07168351372,NA,NA,NA,NA,NA,NA,NA,2018-09-01,-378.5,"Total revenues accrual",NA,"OK",NA
"ar1","France","Revenues","2018-09-15",2465.90371122212,NA,NA,NA,NA,NA,NA,NA,2018-09-01,-489.5,"Total revenues accrual",NA,"OK",NA
"ar1","France","Revenues","2018-09-27",2465.90371122212,NA,NA,NA,NA,NA,NA,NA,2018-09-01,-489.5,"Total revenues accrual",NA,"OK",NA
"ar1","France","Revenues","2018-10-01",2465.90371122212,NA,NA,NA,NA,NA,NA,NA,2018-10-01,-489.5,"Total revenues accrual",NA,"OK",NA
"ar1","France","Revenues","2018-10-05",2465.90371122212,NA,NA,NA,NA,NA,NA,NA,2018-10-01,-489.5,"Total revenues accrual",NA,"OK",NA
"ar1","France","Revenues","2018-10-15",2465.90371122212,NA,NA,NA,NA,NA,NA,NA,2018-10-01,-489.5,"Total revenues accrual",NA,"OK",NA
"ar1","France","Revenues","2018-10-25",2465.90371122212,NA,NA,NA,NA,NA,NA,NA,2018-10-01,-489.5,"Total revenues accrual",NA,"OK",NA
"ar1","France","Revenues","2018-10-27",2465.90371122212,NA,NA,NA,NA,NA,NA,NA,2018-10-01,-489.5,"Total revenues accrual",NA,"OK",NA
"ar1","France","Revenues","2018-11-01",2465.90371122212,NA,NA,NA,NA,NA,NA,NA,2018-11-01,-489.5,"Total revenues accrual",NA,"OK",NA
"ar1","France","Revenues","2018-11-04",2465.90371122212,NA,NA,NA,NA,NA,NA,NA,2018-11-01,-489.5,"Total revenues accrual",NA,"OK",NA
"ar1","France","Revenues","2018-11-05",2465.90371122212,NA,NA,NA,NA,NA,NA,NA,2018-11-01,-489.5,"Total revenues accrual",NA,"OK",NA
"ar1","France","Revenues","2018-11-15",2465.90371122212,NA,NA,NA,NA,NA,NA,NA,2018-11-01,-489.5,"Total revenues accrual",NA,"OK",NA
"ar1","France","Revenues","2018-11-27",2465.90371122212,NA,NA,NA,NA,NA,NA,NA,2018-11-01,-489.5,"Total revenues accrual",NA,"OK",NA
"ar1","France","Revenues","2018-11-29",2465.90371122212,NA,NA,NA,NA,NA,NA,NA,2018-11-01,-489.5,"Total revenues accrual",NA,"OK",NA
"ar1","France","Revenues","2018-12-01",2465.90371122212,NA,NA,NA,NA,NA,NA,NA,2018-12-01,-489.5,"Total revenues accrual",NA,"OK",NA
"ar1","France","Revenues","2018-12-05",2465.90371122212,NA,NA,NA,NA,NA,NA,NA,2018-12-01,-489.5,"Total revenues accrual",NA,"OK",NA
"ar1","France","Revenues","2018-12-06",2465.90371122212,NA,NA,NA,NA,NA,NA,NA,2018-12-01,-489.5,"Total revenues accrual",NA,"OK",NA
"ar1","France","Revenues","2018-12-15",1414.09972676381,NA,NA,NA,NA,NA,NA,NA,2018-12-01,5247.89999999997,"Total revenues accrual",NA,"OK",NA
"ar1","France","Revenues","2018-12-27",1414.09972676381,NA,NA,NA,NA,NA,NA,NA,2018-12-01,5247.89999999997,"Total revenues accrual",NA,"OK",NA
"ar1","France","Revenues","2019-01-01",1414.09972676381,NA,NA,NA,NA,NA,NA,NA,2019-01-01,5247.89999999997,"Total revenues accrual",NA,"OK",NA
"ar1","France","Revenues","2019-01-02",1414.09972676381,NA,NA,NA,NA,NA,NA,NA,2019-01-01,5247.89999999997,"Total revenues accrual",NA,"OK",NA
"ar1","France","Revenues","2019-01-05",1414.09972676381,NA,NA,NA,NA,NA,NA,NA,2019-01-01,5247.89999999997,"Total revenues accrual",NA,"OK",NA
"ar1","France","Revenues","2019-01-15",1414.09972676381,NA,NA,NA,NA,NA,NA,NA,2019-01-01,5247.89999999997,"Total revenues accrual",NA,"OK",NA
"ar1","France","Revenues","2019-01-27",1414.09972676381,NA,NA,NA,NA,NA,NA,NA,2019-01-01,5247.89999999997,"Total revenues accrual",NA,"OK",NA
"ar1","France","Revenues","2019-01-31",1414.09972676381,NA,NA,NA,NA,NA,NA,NA,2019-01-01,5247.89999999997,"Total revenues accrual",NA,"OK",NA
"ar1","France","Revenues","2019-02-01",1414.09972676381,NA,NA,NA,NA,NA,NA,NA,2019-02-01,5247.89999999997,"Total revenues accrual",NA,"OK",NA
"ar1","France","Revenues","2019-02-05",1414.09972676381,NA,NA,NA,NA,NA,NA,NA,2019-02-01,5247.89999999997,"Total revenues accrual",NA,"OK",NA
"ar1","France","Revenues","2019-02-15",1414.09972676381,NA,NA,NA,NA,NA,NA,NA,2019-02-01,5247.89999999997,"Total revenues accrual",NA,"OK",NA
"ar1","France","Revenues","2019-02-27",1414.09972676381,NA,NA,NA,NA,NA,NA,NA,2019-02-01,5247.89999999997,"Total revenues accrual",NA,"OK",NA
"ar1","France","Revenues","2019-02-28",1414.09972676381,NA,NA,NA,NA,NA,NA,NA,2019-02-01,5247.89999999997,"Total revenues accrual",NA,"OK",NA
"ar1","France","Revenues","2019-03-01",1414.09972676381,NA,NA,NA,NA,NA,NA,NA,2019-03-01,5247.89999999997,"Total revenues accrual",NA,"OK",NA
"ar1","France","Revenues","2019-03-05",1414.09972676381,NA,NA,NA,NA,NA,NA,NA,2019-03-01,5247.89999999997,"Total revenues accrual",NA,"OK",NA
"ar1","France","Revenues","2019-03-15",3028.03206325787,NA,NA,NA,NA,NA,NA,NA,2019-03-01,-1778.59999999998,"Total revenues accrual",NA,"OK",NA
"ar1","France","Revenues","2019-03-27",3028.03206325787,NA,NA,NA,NA,NA,NA,NA,2019-03-01,-1778.59999999998,"Total revenues accrual",NA,"OK",NA
"ar1","France","Revenues","2019-03-28",3028.03206325787,NA,NA,NA,NA,NA,NA,NA,2019-03-01,-1778.59999999998,"Total revenues accrual",NA,"OK",NA
"ar1","France","Revenues","2019-04-01",3028.03206325787,NA,NA,NA,NA,NA,NA,NA,2019-04-01,-1778.59999999998,"Total revenues accrual",NA,"OK",NA
"ar1","France","Revenues","2019-04-05",3028.03206325787,NA,NA,NA,NA,NA,NA,NA,2019-04-01,-1778.59999999998,"Total revenues accrual",NA,"OK",NA
"ar1","France","Revenues","2019-04-15",3028.03206325787,NA,NA,NA,NA,NA,NA,NA,2019-04-01,-1778.59999999998,"Total revenues accrual",NA,"OK",NA
"ar1","France","Revenues","2019-04-25",3028.03206325787,NA,NA,NA,NA,NA,NA,NA,2019-04-01,-1778.59999999998,"Total revenues accrual",NA,"OK",NA
"ar1","France","Revenues","2019-04-27",3028.03206325787,NA,NA,NA,NA,NA,NA,NA,2019-04-01,-1778.59999999998,"Total revenues accrual",NA,"OK",NA
"ar1","France","Revenues","2019-05-01",3028.03206325787,NA,NA,NA,NA,NA,NA,NA,2019-05-01,-1778.59999999998,"Total revenues accrual",NA,"OK",NA
"ar1","France","Revenues","2019-05-03",3028.03206325787,NA,NA,NA,NA,NA,NA,NA,2019-05-01,-1778.59999999998,"Total revenues accrual",NA,"OK",NA
"ar1","France","Revenues","2019-05-05",3028.03206325787,NA,NA,NA,NA,NA,NA,NA,2019-05-01,-1778.59999999998,"Total revenues accrual",NA,"OK",NA
"ar1","France","Revenues","2019-05-15",3028.03206325787,NA,NA,NA,NA,NA,NA,NA,2019-05-01,-1778.59999999998,"Total revenues accrual",NA,"OK",NA
"ar1","France","Revenues","2019-05-27",3028.03206325787,NA,NA,NA,NA,NA,NA,NA,2019-05-01,-1778.59999999998,"Total revenues accrual",NA,"OK",NA
"ar1","France","Revenues","2019-05-30",3028.03206325787,NA,NA,NA,NA,NA,NA,NA,2019-05-01,-1778.59999999998,"Total revenues accrual",NA,"OK",NA
"ar1","France","Revenues","2019-06-01",3028.03206325787,NA,NA,NA,NA,NA,NA,NA,2019-06-01,-1778.59999999998,"Total revenues accrual",NA,"OK",NA
"ar1","France","Revenues","2019-06-05",3028.03206325787,NA,NA,NA,NA,NA,NA,NA,2019-06-01,-1778.59999999998,"Total revenues accrual",NA,"OK",NA
"ar1","France","Revenues","2019-06-06",3028.03206325787,NA,NA,NA,NA,NA,NA,NA,2019-06-01,-1778.59999999998,"Total revenues accrual",NA,"OK",NA
"ar1","France","Revenues","2019-06-15",2105.35966874225,NA,NA,NA,NA,NA,NA,NA,2019-06-01,1483.70000000001,"Total revenues accrual",NA,"OK",NA
"ar1","France","Revenues","2019-06-27",2105.35966874225,NA,NA,NA,NA,NA,NA,NA,2019-06-01,1483.70000000001,"Total revenues accrual",NA,"OK",NA
"ar1","France","Revenues","2019-07-01",2105.35966874225,NA,NA,NA,NA,NA,NA,NA,2019-07-01,1483.70000000001,"Total revenues accrual",NA,"OK",NA
"ar1","France","Revenues","2019-07-05",2105.35966874225,NA,NA,NA,NA,NA,NA,NA,2019-07-01,1483.70000000001,"Total revenues accrual",NA,"OK",NA
"ar1","France","Revenues","2019-07-15",2105.35966874225,NA,NA,NA,NA,NA,NA,NA,2019-07-01,1483.70000000001,"Total revenues accrual",NA,"OK",NA
"ar1","France","Revenues","2019-07-25",2105.35966874225,NA,NA,NA,NA,NA,NA,NA,2019-07-01,1483.70000000001,"Total revenues accrual",NA,"OK",NA
"ar1","France","Revenues","2019-07-27",2105.35966874225,NA,NA,NA,NA,NA,NA,NA,2019-07-01,1483.70000000001,"Total revenues accrual",NA,"OK",NA
"ar1","France","Revenues","2019-08-01",2105.35966874225,NA,NA,NA,NA,NA,NA,NA,2019-08-01,1483.70000000001,"Total revenues accrual",NA,"OK",NA
"ar1","France","Revenues","2019-08-04",2105.35966874225,NA,NA,NA,NA,NA,NA,NA,2019-08-01,1483.70000000001,"Total revenues accrual",NA,"OK",NA
"ar1","France","Revenues","2019-08-05",2105.35966874225,NA,NA,NA,NA,NA,NA,NA,2019-08-01,1483.70000000001,"Total revenues accrual",NA,"OK",NA
"ar1","France","Revenues","2019-08-15",2105.35966874225,NA,NA,NA,NA,NA,NA,NA,2019-08-01,1483.70000000001,"Total revenues accrual",NA,"OK",NA
"ar1","France","Revenues","2019-08-27",2105.35966874225,NA,NA,NA,NA,NA,NA,NA,2019-08-01,1483.70000000001,"Total revenues accrual",NA,"OK",NA
"ar1","France","Revenues","2019-08-29",2105.35966874225,NA,NA,NA,NA,NA,NA,NA,2019-08-01,1483.70000000001,"Total revenues accrual",NA,"OK",NA
"ar1","France","Revenues","2019-09-01",2105.35966874225,NA,NA,NA,NA,NA,NA,NA,2019-09-01,1483.70000000001,"Total revenues accrual",NA,"OK",NA
"ar1","France","Revenues","2019-09-05",2105.35966874225,NA,NA,NA,NA,NA,NA,NA,2019-09-01,1483.70000000001,"Total revenues accrual",NA,"OK",NA
"ar1","France","Revenues","2019-09-07",2105.35966874225,NA,NA,NA,NA,NA,NA,NA,2019-09-01,1483.70000000001,"Total revenues accrual",NA,"OK",NA
"ar1","France","Revenues","2019-09-15",1496.41753766985,NA,NA,NA,NA,NA,NA,NA,2019-09-01,4246,"Total revenues accrual",NA,"OK",NA
"ar1","France","Revenues","2019-09-26",1496.41753766985,NA,NA,NA,NA,NA,NA,NA,2019-09-01,4246,"Total revenues accrual",NA,"OK",NA
"ar1","France","Revenues","2019-09-27",1496.41753766985,NA,NA,NA,NA,NA,NA,NA,2019-09-01,4246,"Total revenues accrual",NA,"OK",NA
"ar1","France","Revenues","2019-10-01",1496.41753766985,NA,NA,NA,NA,NA,NA,NA,2019-10-01,4246,"Total revenues accrual",NA,"OK",NA
"ar1","France","Revenues","2019-10-02",1496.41753766985,NA,NA,NA,NA,NA,NA,NA,2019-10-01,4246,"Total revenues accrual",NA,"OK",NA
"ar1","France","Revenues","2019-10-05",1496.41753766985,NA,NA,NA,NA,NA,NA,NA,2019-10-01,4246,"Total revenues accrual",NA,"OK",NA
"ar1","France","Revenues","2019-10-15",1496.41753766985,NA,NA,NA,NA,NA,NA,NA,2019-10-01,4246,"Total revenues accrual",NA,"OK",NA
"ar1","France","Revenues","2019-10-27",1496.41753766985,NA,NA,NA,NA,NA,NA,NA,2019-10-01,4246,"Total revenues accrual",NA,"OK",NA
"ar1","France","Revenues","2019-10-31",1496.41753766985,NA,NA,NA,NA,NA,NA,NA,2019-10-01,4246,"Total revenues accrual",NA,"OK",NA
"ar1","France","Revenues","2019-11-01",1496.41753766985,NA,NA,NA,NA,NA,NA,NA,2019-11-01,4246,"Total revenues accrual",NA,"OK",NA
"ar1","France","Revenues","2019-11-05",1496.41753766985,NA,NA,NA,NA,NA,NA,NA,2019-11-01,4246,"Total revenues accrual",NA,"OK",NA
"ar1","France","Revenues","2019-11-15",1496.41753766985,NA,NA,NA,NA,NA,NA,NA,2019-11-01,4246,"Total revenues accrual",NA,"OK",NA
"ar1","France","Revenues","2019-11-27",1496.41753766985,NA,NA,NA,NA,NA,NA,NA,2019-11-01,4246,"Total revenues accrual",NA,"OK",NA
"ar1","France","Revenues","2019-11-28",1496.41753766985,NA,NA,NA,NA,NA,NA,NA,2019-11-01,4246,"Total revenues accrual",NA,"OK",NA
"ar1","France","Revenues","2019-12-01",1496.41753766985,NA,NA,NA,NA,NA,NA,NA,2019-12-01,4246,"Total revenues accrual",NA,"OK",NA
"ar1","France","Revenues","2019-12-05",1496.41753766985,NA,NA,NA,NA,NA,NA,NA,2019-12-01,4246,"Total revenues accrual",NA,"OK",NA
"ar1","France","Revenues","2019-12-07",1496.41753766985,NA,NA,NA,NA,NA,NA,NA,2019-12-01,4246,"Total revenues accrual",NA,"OK",NA
"ar1","France","Revenues","2019-12-15",4116.47456716672,NA,NA,NA,NA,NA,NA,NA,2019-12-01,-5251.20000000001,"Total revenues accrual",NA,"OK",NA
"ar1","France","Revenues","2019-12-26",4116.47456716672,NA,NA,NA,NA,NA,NA,NA,2019-12-01,-5251.20000000001,"Total revenues accrual",NA,"OK",NA
"ar1","France","Revenues","2019-12-27",4116.47456716672,NA,NA,NA,NA,NA,NA,NA,2019-12-01,-5251.20000000001,"Total revenues accrual",NA,"OK",NA
"ar1","France","Revenues","2020-01-01",4116.47456716672,NA,NA,NA,NA,NA,NA,NA,2020-01-01,-5251.20000000001,"Total revenues accrual",NA,"OK",NA
"ar1","France","Revenues","2020-01-03",4116.47456716672,NA,NA,NA,NA,NA,NA,NA,2020-01-01,-5251.20000000001,"Total revenues accrual",NA,"OK",NA
"ar1","France","Revenues","2020-01-05",4116.47456716672,NA,NA,NA,NA,NA,NA,NA,2020-01-01,-5251.20000000001,"Total revenues accrual",NA,"OK",NA
"ar1","France","Revenues","2020-01-15",4116.47456716672,NA,NA,NA,NA,NA,NA,NA,2020-01-01,-5251.20000000001,"Total revenues accrual",NA,"OK",NA
"ar1","France","Revenues","2020-01-27",4116.47456716672,NA,NA,NA,NA,NA,NA,NA,2020-01-01,-5251.20000000001,"Total revenues accrual",NA,"OK",NA
"ar1","France","Revenues","2020-01-30",4116.47456716672,NA,NA,NA,NA,NA,NA,NA,2020-01-01,-5251.20000000001,"Total revenues accrual",NA,"OK",NA
"ar1","France","Revenues","2020-02-01",4116.47456716672,NA,NA,NA,NA,NA,NA,NA,2020-02-01,-5251.20000000001,"Total revenues accrual",NA,"OK",NA
"ar1","France","Revenues","2020-02-05",4116.47456716672,NA,NA,NA,NA,NA,NA,NA,2020-02-01,-5251.20000000001,"Total revenues accrual",NA,"OK",NA
"ar1","France","Revenues","2020-02-06",4116.47456716672,NA,NA,NA,NA,NA,NA,NA,2020-02-01,-5251.20000000001,"Total revenues accrual",NA,"OK",NA
"ar1","France","Revenues","2020-02-15",4116.47456716672,NA,NA,NA,NA,NA,NA,NA,2020-02-01,-5251.20000000001,"Total revenues accrual",NA,"OK",NA
"ar1","France","Revenues","2020-02-27",4116.47456716672,NA,NA,NA,NA,NA,NA,NA,2020-02-01,-5251.20000000001,"Total revenues accrual",NA,"OK",NA
"ar1","France","Revenues","2020-03-01",4116.47456716672,NA,NA,NA,NA,NA,NA,NA,2020-03-01,-5251.20000000001,"Total revenues accrual",NA,"OK",NA
"ar1","France","Revenues","2020-03-05",4116.47456716672,NA,NA,NA,NA,NA,NA,NA,2020-03-01,-5251.20000000001,"Total revenues accrual",NA,"OK",NA
"ar1","France","Revenues","2020-03-07",4116.47456716672,NA,NA,NA,NA,NA,NA,NA,2020-03-01,-5251.20000000001,"Total revenues accrual",NA,"OK",NA
"ar1","France","Revenues","2020-03-15",989.105285435125,NA,NA,NA,NA,NA,NA,NA,2020-03-01,-9414.79999999999,"Total revenues accrual",NA,"OK",NA
"ar1","France","Revenues","2020-03-26",989.105285435125,NA,NA,NA,NA,NA,NA,NA,2020-03-01,-9414.79999999999,"Total revenues accrual",NA,"OK",NA
"ar1","France","Revenues","2020-03-27",989.105285435125,NA,NA,NA,NA,NA,NA,NA,2020-03-01,-9414.79999999999,"Total revenues accrual",NA,"OK",NA
"ar1","France","Revenues","2020-04-01",989.105285435125,NA,NA,NA,NA,NA,NA,NA,2020-04-01,-9414.79999999999,"Total revenues accrual",NA,"OK",NA
"ar1","France","Revenues","2020-04-03",989.105285435125,NA,NA,NA,NA,NA,NA,NA,2020-04-01,-9414.79999999999,"Total revenues accrual",NA,"OK",NA
"ar1","France","Revenues","2020-04-05",989.105285435125,NA,NA,NA,NA,NA,NA,NA,2020-04-01,-9414.79999999999,"Total revenues accrual",NA,"OK",NA
"ar1","France","Revenues","2020-04-15",989.105285435125,NA,NA,NA,NA,NA,NA,NA,2020-04-01,-9414.79999999999,"Total revenues accrual",NA,"OK",NA
"ar1","France","Revenues","2020-04-27",989.105285435125,NA,NA,NA,NA,NA,NA,NA,2020-04-01,-9414.79999999999,"Total revenues accrual",NA,"OK",NA
"ar1","France","Revenues","2020-04-30",989.105285435125,NA,NA,NA,NA,NA,NA,NA,2020-04-01,-9414.79999999999,"Total revenues accrual",NA,"OK",NA
"ar1","France","Revenues","2020-05-01",989.105285435125,NA,NA,NA,NA,NA,NA,NA,2020-05-01,-9414.79999999999,"Total revenues accrual",NA,"OK",NA
"ar1","France","Revenues","2020-05-05",989.105285435125,NA,NA,NA,NA,NA,NA,NA,2020-05-01,-9414.79999999999,"Total revenues accrual",NA,"OK",NA
"ar1","France","Revenues","2020-05-15",989.105285435125,NA,NA,NA,NA,NA,NA,NA,2020-05-01,-9414.79999999999,"Total revenues accrual",NA,"OK",NA
"ar1","France","Revenues","2020-05-27",989.105285435125,NA,NA,NA,NA,NA,NA,NA,2020-05-01,-9414.79999999999,"Total revenues accrual",NA,"OK",NA
"ar1","France","Revenues","2020-05-28",989.105285435125,NA,NA,NA,NA,NA,NA,NA,2020-05-01,-9414.79999999999,"Total revenues accrual",NA,"OK",NA
"ar1","France","Revenues","2020-06-01",989.105285435125,NA,NA,NA,NA,NA,NA,NA,2020-06-01,-9414.79999999999,"Total revenues accrual",NA,"OK",NA
"ar1","France","Revenues","2020-06-05",989.105285435125,NA,NA,NA,NA,NA,NA,NA,2020-06-01,-9414.79999999999,"Total revenues accrual",NA,"OK",NA
"ar1","France","Revenues","2020-06-15",-24025.4123878477,NA,NA,NA,NA,NA,NA,NA,2020-06-01,-27588.3,"Total revenues accrual",NA,"OK",NA
"ar1","France","Revenues","2020-06-25",-24025.4123878477,NA,NA,NA,NA,NA,NA,NA,2020-06-01,-27588.3,"Total revenues accrual",NA,"OK",NA
"ar1","France","Revenues","2020-06-27",-24025.4123878477,NA,NA,NA,NA,NA,NA,NA,2020-06-01,-27588.3,"Total revenues accrual",NA,"OK",NA
"ar1","France","Revenues","2020-07-01",-24025.4123878477,NA,NA,NA,NA,NA,NA,NA,2020-07-01,-27588.3,"Total revenues accrual",NA,"OK",NA
"ar1","France","Revenues","2020-07-03",-24025.4123878477,NA,NA,NA,NA,NA,NA,NA,2020-07-01,-27588.3,"Total revenues accrual",NA,"OK",NA
"ar1","France","Revenues","2020-07-05",-24025.4123878477,NA,NA,NA,NA,NA,NA,NA,2020-07-01,-27588.3,"Total revenues accrual",NA,"OK",NA
"ar1","France","Revenues","2020-07-15",-24025.4123878477,NA,NA,NA,NA,NA,NA,NA,2020-07-01,-27588.3,"Total revenues accrual",NA,"OK",NA
"ar1","France","Revenues","2020-07-27",-24025.4123878477,NA,NA,NA,NA,NA,NA,NA,2020-07-01,-27588.3,"Total revenues accrual",NA,"OK",NA
"ar1","France","Revenues","2020-07-30",-24025.4123878477,NA,NA,NA,NA,NA,NA,NA,2020-07-01,-27588.3,"Total revenues accrual",NA,"OK",NA
"ar1","France","Revenues","2020-08-01",-24025.4123878477,NA,NA,NA,NA,NA,NA,NA,2020-08-01,-27588.3,"Total revenues accrual",NA,"OK",NA
"ar1","France","Revenues","2020-08-05",-24025.4123878477,NA,NA,NA,NA,NA,NA,NA,2020-08-01,-27588.3,"Total revenues accrual",NA,"OK",NA
"ar1","France","Revenues","2020-08-06",-24025.4123878477,NA,NA,NA,NA,NA,NA,NA,2020-08-01,-27588.3,"Total revenues accrual",NA,"OK",NA
"ar1","France","Revenues","2020-08-15",-24025.4123878477,NA,NA,NA,NA,NA,NA,NA,2020-08-01,-27588.3,"Total revenues accrual",NA,"OK",NA
"ar1","France","Revenues","2020-08-27",-24025.4123878477,NA,NA,NA,NA,NA,NA,NA,2020-08-01,-27588.3,"Total revenues accrual",NA,"OK",NA
"ar1","France","Revenues","2020-09-01",-24025.4123878477,NA,NA,NA,NA,NA,NA,NA,2020-09-01,-27588.3,"Total revenues accrual",NA,"OK",NA
"ar1","France","Revenues","2020-09-02",-24025.4123878477,NA,NA,NA,NA,NA,NA,NA,2020-09-01,-27588.3,"Total revenues accrual",NA,"OK",NA
"ar1","France","Revenues","2020-09-05",-24025.4123878477,NA,NA,NA,NA,NA,NA,NA,2020-09-01,-27588.3,"Total revenues accrual",NA,"OK",NA
"ar1","France","Revenues","2020-09-15",-15054.7921532292,NA,NA,NA,NA,NA,NA,NA,2020-09-01,34163.7,"Total revenues accrual",NA,"OK",NA
"ar1","France","Revenues","2020-09-24",-15054.7921532292,NA,NA,NA,NA,NA,NA,NA,2020-09-01,34163.7,"Total revenues accrual",NA,"OK",NA
"ar1","France","Revenues","2020-09-27",-15054.7921532292,NA,NA,NA,NA,NA,NA,NA,2020-09-01,34163.7,"Total revenues accrual",NA,"OK",NA
"ar1","France","Revenues","2020-10-01",-15054.7921532292,NA,NA,NA,NA,NA,NA,NA,2020-10-01,34163.7,"Total revenues accrual",NA,"OK",NA
"ar1","France","Revenues","2020-10-04",-15054.7921532292,NA,NA,NA,NA,NA,NA,NA,2020-10-01,34163.7,"Total revenues accrual",NA,"OK",NA
"ar1","France","Revenues","2020-10-05",-15054.7921532292,NA,NA,NA,NA,NA,NA,NA,2020-10-01,34163.7,"Total revenues accrual",NA,"OK",NA
"ar1","France","Revenues","2020-10-15",-15054.7921532292,NA,NA,NA,NA,NA,NA,NA,2020-10-01,34163.7,"Total revenues accrual",NA,"OK",NA
"ar1","France","Revenues","2020-10-27",-15054.7921532292,NA,NA,NA,NA,NA,NA,NA,2020-10-01,34163.7,"Total revenues accrual",NA,"OK",NA
"ar1","France","Revenues","2020-10-29",-15054.7921532292,NA,NA,NA,NA,NA,NA,NA,2020-10-01,34163.7,"Total revenues accrual",NA,"OK",NA
"ar1","France","Revenues","2020-11-01",-15054.7921532292,NA,NA,NA,NA,NA,NA,NA,2020-11-01,34163.7,"Total revenues accrual",NA,"OK",NA
"ar1","France","Revenues","2020-11-05",-15054.7921532292,NA,NA,NA,NA,NA,NA,NA,2020-11-01,34163.7,"Total revenues accrual",NA,"OK",NA
"ar1","France","Revenues","2020-11-07",-15054.7921532292,NA,NA,NA,NA,NA,NA,NA,2020-11-01,34163.7,"Total revenues accrual",NA,"OK",NA
"ar1","France","Revenues","2020-11-15",-15054.7921532292,NA,NA,NA,NA,NA,NA,NA,2020-11-01,34163.7,"Total revenues accrual",NA,"OK",NA
"ar1","France","Revenues","2020-11-26",-15054.7921532292,NA,NA,NA,NA,NA,NA,NA,2020-11-01,34163.7,"Total revenues accrual",NA,"OK",NA
"ar1","France","Revenues","2020-11-27",-15054.7921532292,NA,NA,NA,NA,NA,NA,NA,2020-11-01,34163.7,"Total revenues accrual",NA,"OK",NA
"ar1","France","Revenues","2020-12-01",-15054.7921532292,NA,NA,NA,NA,NA,NA,NA,2020-12-01,34163.7,"Total revenues accrual",NA,"OK",NA
"ar1","France","Revenues","2020-12-02",-15054.7921532292,NA,NA,NA,NA,NA,NA,NA,2020-12-01,34163.7,"Total revenues accrual",NA,"OK",NA
"ar1","France","Revenues","2020-12-05",-15054.7921532292,NA,NA,NA,NA,NA,NA,NA,2020-12-01,34163.7,"Total revenues accrual",NA,"OK",NA
"ar1","France","Revenues","2020-12-15",4943.33543075345,NA,NA,NA,NA,NA,NA,NA,2020-12-01,-7272.20000000001,"Total revenues accrual",NA,"OK",NA
"ar1","France","Revenues","2020-12-27",4943.33543075345,NA,NA,NA,NA,NA,NA,NA,2020-12-01,-7272.20000000001,"Total revenues accrual",NA,"OK",NA
"ar1","France","Revenues","2020-12-31",4943.33543075345,NA,NA,NA,NA,NA,NA,NA,2020-12-01,-7272.20000000001,"Total revenues accrual",NA,"OK",NA
"ar1","France","Revenues","2021-01-01",4943.33543075345,NA,NA,NA,NA,NA,NA,NA,2021-01-01,-7272.20000000001,"Total revenues accrual",NA,"OK",NA
"ar1","France","Revenues","2021-01-05",4943.33543075345,NA,NA,NA,NA,NA,NA,NA,2021-01-01,-7272.20000000001,"Total revenues accrual",NA,"OK",NA
"ar1","France","Revenues","2021-01-15",4943.33543075345,NA,NA,NA,NA,NA,NA,NA,2021-01-01,-7272.20000000001,"Total revenues accrual",NA,"OK",NA
"ar1","France","Revenues","2021-01-27",4943.33543075345,NA,NA,NA,NA,NA,NA,NA,2021-01-01,-7272.20000000001,"Total revenues accrual",NA,"OK",NA
"ar1","France","Revenues","2021-01-28",4943.33543075345,NA,NA,NA,NA,NA,NA,NA,2021-01-01,-7272.20000000001,"Total revenues accrual",NA,"OK",NA
"ar1","France","Revenues","2021-02-01",4943.33543075345,NA,NA,NA,NA,NA,NA,NA,2021-02-01,-7272.20000000001,"Total revenues accrual",NA,"OK",NA
"ar1","France","Revenues","2021-02-05",4943.33543075345,NA,NA,NA,NA,NA,NA,NA,2021-02-01,-7272.20000000001,"Total revenues accrual",NA,"OK",NA
"ar1","France","Revenues","2021-02-15",4943.33543075345,NA,NA,NA,NA,NA,NA,NA,2021-02-01,-7272.20000000001,"Total revenues accrual",NA,"OK",NA
"ar1","France","Revenues","2021-02-25",4943.33543075345,NA,NA,NA,NA,NA,NA,NA,2021-02-01,-7272.20000000001,"Total revenues accrual",NA,"OK",NA
"ar1","France","Revenues","2021-02-27",4943.33543075345,NA,NA,NA,NA,NA,NA,NA,2021-02-01,-7272.20000000001,"Total revenues accrual",NA,"OK",NA
"ar1","France","Revenues","2021-03-01",4943.33543075345,NA,NA,NA,NA,NA,NA,NA,2021-03-01,-7272.20000000001,"Total revenues accrual",NA,"OK",NA
"ar1","France","Revenues","2021-03-05",4943.33543075345,NA,NA,NA,NA,NA,NA,NA,2021-03-01,-7272.20000000001,"Total revenues accrual",NA,"OK",NA
"ar1","France","Revenues","2021-03-15",-1700.24582816235,NA,NA,NA,NA,NA,NA,NA,2021-03-01,9587.60000000003,"Total revenues accrual",NA,"OK",NA
"ar1","France","Revenues","2021-03-25",-1700.24582816235,NA,NA,NA,NA,NA,NA,NA,2021-03-01,9587.60000000003,"Total revenues accrual",NA,"OK",NA
"ar1","France","Revenues","2021-03-27",-1700.24582816235,NA,NA,NA,NA,NA,NA,NA,2021-03-01,9587.60000000003,"Total revenues accrual",NA,"OK",NA
"ar1","France","Revenues","2021-04-01",-1700.24582816235,NA,NA,NA,NA,NA,NA,NA,2021-04-01,9587.60000000003,"Total revenues accrual",NA,"OK",NA
"ar1","France","Revenues","2021-04-04",-1700.24582816235,NA,NA,NA,NA,NA,NA,NA,2021-04-01,9587.60000000003,"Total revenues accrual",NA,"OK",NA
"ar1","France","Revenues","2021-04-05",-1700.24582816235,NA,NA,NA,NA,NA,NA,NA,2021-04-01,9587.60000000003,"Total revenues accrual",NA,"OK",NA
"ar1","France","Revenues","2021-04-15",-1700.24582816235,NA,NA,NA,NA,NA,NA,NA,2021-04-01,9587.60000000003,"Total revenues accrual",NA,"OK",NA
"ar1","France","Revenues","2021-04-27",-1700.24582816235,NA,NA,NA,NA,NA,NA,NA,2021-04-01,9587.60000000003,"Total revenues accrual",NA,"OK",NA
"ar1","France","Revenues","2021-04-29",-1700.24582816235,NA,NA,NA,NA,NA,NA,NA,2021-04-01,9587.60000000003,"Total revenues accrual",NA,"OK",NA
"ar1","France","Revenues","2021-05-01",-1700.24582816235,NA,NA,NA,NA,NA,NA,NA,2021-05-01,9587.60000000003,"Total revenues accrual",NA,"OK",NA
"ar1","France","Revenues","2021-05-05",-1700.24582816235,NA,NA,NA,NA,NA,NA,NA,2021-05-01,9587.60000000003,"Total revenues accrual",NA,"OK",NA
"ar1","France","Revenues","2021-05-06",-1700.24582816235,NA,NA,NA,NA,NA,NA,NA,2021-05-01,9587.60000000003,"Total revenues accrual",NA,"OK",NA
"ar1","France","Revenues","2021-05-15",-1700.24582816235,NA,NA,NA,NA,NA,NA,NA,2021-05-01,9587.60000000003,"Total revenues accrual",NA,"OK",NA
"ar1","France","Revenues","2021-05-27",-1700.24582816235,NA,NA,NA,NA,NA,NA,NA,2021-05-01,9587.60000000003,"Total revenues accrual",NA,"OK",NA
"ar1","France","Revenues","2021-06-01",-1700.24582816235,NA,NA,NA,NA,NA,NA,NA,2021-06-01,9587.60000000003,"Total revenues accrual",NA,"OK",NA
"ar1","France","Revenues","2021-06-02",-1700.24582816235,NA,NA,NA,NA,NA,NA,NA,2021-06-01,9587.60000000003,"Total revenues accrual",NA,"OK",NA
"ar1","France","Revenues","2021-06-05",-1700.24582816235,NA,NA,NA,NA,NA,NA,NA,2021-06-01,9587.60000000003,"Total revenues accrual",NA,"OK",NA
"ar1","France","Revenues","2021-06-15",725.015449318833,NA,NA,NA,NA,NA,NA,NA,2021-06-01,4095.39999999997,"Total revenues accrual",NA,"OK",NA
"ar1","France","Revenues","2021-06-24",725.015449318833,NA,NA,NA,NA,NA,NA,NA,2021-06-01,4095.39999999997,"Total revenues accrual",NA,"OK",NA
"ar1","France","Revenues","2021-06-27",725.015449318833,NA,NA,NA,NA,NA,NA,NA,2021-06-01,4095.39999999997,"Total revenues accrual",NA,"OK",NA
"ar1","France","Revenues","2021-07-01",725.015449318833,NA,NA,NA,NA,NA,NA,NA,2021-07-01,4095.39999999997,"Total revenues accrual",NA,"OK",NA
"ar1","France","Revenues","2021-07-04",725.015449318833,NA,NA,NA,NA,NA,NA,NA,2021-07-01,4095.39999999997,"Total revenues accrual",NA,"OK",NA
"ar1","France","Revenues","2021-07-05",725.015449318833,NA,NA,NA,NA,NA,NA,NA,2021-07-01,4095.39999999997,"Total revenues accrual",NA,"OK",NA
"ar1","France","Revenues","2021-07-15",725.015449318833,NA,NA,NA,NA,NA,NA,NA,2021-07-01,4095.39999999997,"Total revenues accrual",NA,"OK",NA
"ar1","France","Revenues","2021-07-27",725.015449318833,NA,NA,NA,NA,NA,NA,NA,2021-07-01,4095.39999999997,"Total revenues accrual",NA,"OK",NA
"ar1","France","Revenues","2021-07-29",725.015449318833,NA,NA,NA,NA,NA,NA,NA,2021-07-01,4095.39999999997,"Total revenues accrual",NA,"OK",NA
"ar1","France","Revenues","2021-08-01",725.015449318833,NA,NA,NA,NA,NA,NA,NA,2021-08-01,4095.39999999997,"Total revenues accrual",NA,"OK",NA
"ar1","France","Revenues","2021-08-05",725.015449318833,NA,NA,NA,NA,NA,NA,NA,2021-08-01,4095.39999999997,"Total revenues accrual",NA,"OK",NA
"ar1","France","Revenues","2021-08-07",725.015449318833,NA,NA,NA,NA,NA,NA,NA,2021-08-01,4095.39999999997,"Total revenues accrual",NA,"OK",NA
"ar1","France","Revenues","2021-08-15",725.015449318833,NA,NA,NA,NA,NA,NA,NA,2021-08-01,4095.39999999997,"Total revenues accrual",NA,"OK",NA
"ar1","France","Revenues","2021-08-26",725.015449318833,NA,NA,NA,NA,NA,NA,NA,2021-08-01,4095.39999999997,"Total revenues accrual",NA,"OK",NA
"ar1","France","Revenues","2021-08-27",725.015449318833,NA,NA,NA,NA,NA,NA,NA,2021-08-01,4095.39999999997,"Total revenues accrual",NA,"OK",NA
"ar1","France","Revenues","2021-09-01",725.015449318833,NA,NA,NA,NA,NA,NA,NA,2021-09-01,4095.39999999997,"Total revenues accrual",NA,"OK",NA
"ar1","France","Revenues","2021-09-03",725.015449318833,NA,NA,NA,NA,NA,NA,NA,2021-09-01,4095.39999999997,"Total revenues accrual",NA,"OK",NA
"ar1","France","Revenues","2021-09-05",725.015449318833,NA,NA,NA,NA,NA,NA,NA,2021-09-01,4095.39999999997,"Total revenues accrual",NA,"OK",NA
"ar1","France","Revenues","2021-09-15",-1572.5534210209,NA,NA,NA,NA,NA,NA,NA,2021-09-01,10775.2,"Total revenues accrual",NA,"OK",NA
"ar1","France","Revenues","2021-09-27",-1572.5534210209,NA,NA,NA,NA,NA,NA,NA,2021-09-01,10775.2,"Total revenues accrual",NA,"OK",NA
"ar1","France","Revenues","2021-09-30",-1572.5534210209,NA,NA,NA,NA,NA,NA,NA,2021-09-01,10775.2,"Total revenues accrual",NA,"OK",NA
"ar1","France","Revenues","2021-10-01",-1572.5534210209,NA,NA,NA,NA,NA,NA,NA,2021-10-01,10775.2,"Total revenues accrual",NA,"OK",NA
"ar1","France","Revenues","2021-10-05",-1572.5534210209,NA,NA,NA,NA,NA,NA,NA,2021-10-01,10775.2,"Total revenues accrual",NA,"OK",NA
"ar1","France","Revenues","2021-10-15",-1572.5534210209,NA,NA,NA,NA,NA,NA,NA,2021-10-01,10775.2,"Total revenues accrual",NA,"OK",NA
"ar1","France","Revenues","2021-10-27",-1572.5534210209,NA,NA,NA,NA,NA,NA,NA,2021-10-01,10775.2,"Total revenues accrual",NA,"OK",NA
"ar1","France","Revenues","2021-10-28",-1572.5534210209,NA,NA,NA,NA,NA,NA,NA,2021-10-01,10775.2,"Total revenues accrual",NA,"OK",NA
"ar1","France","Revenues","2021-11-01",-1572.5534210209,NA,NA,NA,NA,NA,NA,NA,2021-11-01,10775.2,"Total revenues accrual",NA,"OK",NA
"ar1","France","Revenues","2021-11-05",-1572.5534210209,NA,NA,NA,NA,NA,NA,NA,2021-11-01,10775.2,"Total revenues accrual",NA,"OK",NA
"ar1","France","Revenues","2021-11-15",-1572.5534210209,NA,NA,NA,NA,NA,NA,NA,2021-11-01,10775.2,"Total revenues accrual",NA,"OK",NA
"ar1","France","Revenues","2021-11-25",-1572.5534210209,NA,NA,NA,NA,NA,NA,NA,2021-11-01,10775.2,"Total revenues accrual",NA,"OK",NA
"ar1","France","Revenues","2021-11-27",-1572.5534210209,NA,NA,NA,NA,NA,NA,NA,2021-11-01,10775.2,"Total revenues accrual",NA,"OK",NA
"ar1","France","Revenues","2021-12-01",-1572.5534210209,NA,NA,NA,NA,NA,NA,NA,2021-12-01,10775.2,"Total revenues accrual",NA,"OK",NA
"ar1","France","Revenues","2021-12-03",-1572.5534210209,NA,NA,NA,NA,NA,NA,NA,2021-12-01,10775.2,"Total revenues accrual",NA,"OK",NA
"ar1","France","Revenues","2021-12-05",-1572.5534210209,NA,NA,NA,NA,NA,NA,NA,2021-12-01,10775.2,"Total revenues accrual",NA,"OK",NA
"ar1","France","Revenues","2021-12-15",-1147.30932350482,NA,NA,NA,NA,NA,NA,NA,2021-12-01,11573.8,"Total revenues accrual",NA,"OK",NA
"ar1","France","Revenues","2021-12-27",-1147.30932350482,NA,NA,NA,NA,NA,NA,NA,2021-12-01,11573.8,"Total revenues accrual",NA,"OK",NA
"ar1","France","Revenues","2021-12-30",-1147.30932350482,NA,NA,NA,NA,NA,NA,NA,2021-12-01,11573.8,"Total revenues accrual",NA,"OK",NA
"ar1","France","Revenues","2022-01-01",-1147.30932350482,NA,NA,NA,NA,NA,NA,NA,2022-01-01,11573.8,"Total revenues accrual",NA,"OK",NA
"ar1","France","Revenues","2022-01-05",-1147.30932350482,NA,NA,NA,NA,NA,NA,NA,2022-01-01,11573.8,"Total revenues accrual",NA,"OK",NA
"ar1","France","Revenues","2022-01-06",-1147.30932350482,NA,NA,NA,NA,NA,NA,NA,2022-01-01,11573.8,"Total revenues accrual",NA,"OK",NA
"ar1","France","Revenues","2022-01-15",-1147.30932350482,NA,NA,NA,NA,NA,NA,NA,2022-01-01,11573.8,"Total revenues accrual",NA,"OK",NA
"ar1","France","Revenues","2022-01-27",-1147.30932350482,NA,NA,NA,NA,NA,NA,NA,2022-01-01,11573.8,"Total revenues accrual",NA,"OK",NA
"ar1","France","Revenues","2022-02-01",-1147.30932350482,NA,NA,NA,NA,NA,NA,NA,2022-02-01,11573.8,"Total revenues accrual",NA,"OK",NA
"ar1","France","Revenues","2022-02-02",-1147.30932350482,NA,NA,NA,NA,NA,NA,NA,2022-02-01,11573.8,"Total revenues accrual",NA,"OK",NA
"ar1","France","Revenues","2022-02-05",-1147.30932350482,NA,NA,NA,NA,NA,NA,NA,2022-02-01,11573.8,"Total revenues accrual",NA,"OK",NA
"ar1","France","Revenues","2022-02-15",-1147.30932350482,NA,NA,NA,NA,NA,NA,NA,2022-02-01,11573.8,"Total revenues accrual",NA,"OK",NA
"ar1","France","Revenues","2022-02-24",-1147.30932350482,NA,NA,NA,NA,NA,NA,NA,2022-02-01,11573.8,"Total revenues accrual",NA,"OK",NA
"ar1","France","Revenues","2022-02-27",-1147.30932350482,NA,NA,NA,NA,NA,NA,NA,2022-02-01,11573.8,"Total revenues accrual",NA,"OK",NA
"ar1","France","Revenues","2022-03-01",-1147.30932350482,NA,NA,NA,NA,NA,NA,NA,2022-03-01,11573.8,"Total revenues accrual",NA,"OK",NA
"ar1","France","Revenues","2022-03-02",-1147.30932350482,NA,NA,NA,NA,NA,NA,NA,2022-03-01,11573.8,"Total revenues accrual",NA,"OK",NA
"ar1","France","Revenues","2022-03-05",-1147.30932350482,NA,NA,NA,NA,NA,NA,NA,2022-03-01,11573.8,"Total revenues accrual",NA,"OK",NA
"ar1","France","Revenues","2022-03-15",2321.00249725401,NA,NA,NA,NA,NA,NA,NA,2022-03-01,1355.90000000002,"Total revenues accrual",NA,"OK",NA
"ar1","France","Revenues","2022-03-27",2321.00249725401,NA,NA,NA,NA,NA,NA,NA,2022-03-01,1355.90000000002,"Total revenues accrual",NA,"OK",NA
"ar1","France","Revenues","2022-03-31",2321.00249725401,NA,NA,NA,NA,NA,NA,NA,2022-03-01,1355.90000000002,"Total revenues accrual",NA,"OK",NA
"ar1","France","Revenues","2022-04-01",2321.00249725401,NA,NA,NA,NA,NA,NA,NA,2022-04-01,1355.90000000002,"Total revenues accrual",NA,"OK",NA
"ar1","France","Revenues","2022-04-05",2321.00249725401,NA,NA,NA,NA,NA,NA,NA,2022-04-01,1355.90000000002,"Total revenues accrual",NA,"OK",NA
"ar1","France","Revenues","2022-04-15",2321.00249725401,NA,NA,NA,NA,NA,NA,NA,2022-04-01,1355.90000000002,"Total revenues accrual",NA,"OK",NA
"ar1","France","Revenues","2022-04-27",2321.00249725401,NA,NA,NA,NA,NA,NA,NA,2022-04-01,1355.90000000002,"Total revenues accrual",NA,"OK",NA
"ar1","France","Revenues","2022-04-28",2321.00249725401,NA,NA,NA,NA,NA,NA,NA,2022-04-01,1355.90000000002,"Total revenues accrual",NA,"OK",NA
"ar1","France","Revenues","2022-05-01",2321.00249725401,NA,NA,NA,NA,NA,NA,NA,2022-05-01,1355.90000000002,"Total revenues accrual",NA,"OK",NA
"ar1","France","Revenues","2022-05-05",2321.00249725401,NA,NA,NA,NA,NA,NA,NA,2022-05-01,1355.90000000002,"Total revenues accrual",NA,"OK",NA
"ar1","France","Revenues","2022-05-07",2321.00249725401,NA,NA,NA,NA,NA,NA,NA,2022-05-01,1355.90000000002,"Total revenues accrual",NA,"OK",NA
"ar1","France","Revenues","2022-05-15",2321.00249725401,NA,NA,NA,NA,NA,NA,NA,2022-05-01,1355.90000000002,"Total revenues accrual",NA,"OK",NA
"ar1","France","Revenues","2022-05-26",2321.00249725401,NA,NA,NA,NA,NA,NA,NA,2022-05-01,1355.90000000002,"Total revenues accrual",NA,"OK",NA
"ar1","France","Revenues","2022-05-27",2321.00249725401,NA,NA,NA,NA,NA,NA,NA,2022-05-01,1355.90000000002,"Total revenues accrual",NA,"OK",NA
"ar1","France","Revenues","2022-06-01",2321.00249725401,NA,NA,NA,NA,NA,NA,NA,2022-06-01,1355.90000000002,"Total revenues accrual",NA,"OK",NA
"ar1","France","Revenues","2022-06-03",2321.00249725401,NA,NA,NA,NA,NA,NA,NA,2022-06-01,1355.90000000002,"Total revenues accrual",NA,"OK",NA
"ar1","France","Revenues","2022-06-05",2321.00249725401,NA,NA,NA,NA,NA,NA,NA,2022-06-01,1355.90000000002,"Total revenues accrual",NA,"OK",NA
"ar1","France","Revenues","2022-06-15",-335.366638225203,NA,NA,NA,NA,NA,NA,NA,2022-06-01,9941.70000000001,"Total revenues accrual",NA,"OK",NA
"ar1","France","Revenues","2022-06-27",-335.366638225203,NA,NA,NA,NA,NA,NA,NA,2022-06-01,9941.70000000001,"Total revenues accrual",NA,"OK",NA
"ar1","France","Revenues","2022-06-30",-335.366638225203,NA,NA,NA,NA,NA,NA,NA,2022-06-01,9941.70000000001,"Total revenues accrual",NA,"OK",NA
"ar1","France","Revenues","2022-07-01",-335.366638225203,NA,NA,NA,NA,NA,NA,NA,2022-07-01,9941.70000000001,"Total revenues accrual",NA,"OK",NA
"ar1","France","Revenues","2022-07-05",-335.366638225203,NA,NA,NA,NA,NA,NA,NA,2022-07-01,9941.70000000001,"Total revenues accrual",NA,"OK",NA
"ar1","France","Revenues","2022-07-15",-335.366638225203,NA,NA,NA,NA,NA,NA,NA,2022-07-01,9941.70000000001,"Total revenues accrual",NA,"OK",NA
"ar1","France","Revenues","2022-07-27",-335.366638225203,NA,NA,NA,NA,NA,NA,NA,2022-07-01,9941.70000000001,"Total revenues accrual",NA,"OK",NA
"ar1","France","Revenues","2022-07-28",-335.366638225203,NA,NA,NA,NA,NA,NA,NA,2022-07-01,9941.70000000001,"Total revenues accrual",NA,"OK",NA
"ar1","France","Revenues","2022-08-01",-335.366638225203,NA,NA,NA,NA,NA,NA,NA,2022-08-01,9941.70000000001,"Total revenues accrual",NA,"OK",NA
"ar1","France","Revenues","2022-08-05",-335.366638225203,NA,NA,NA,NA,NA,NA,NA,2022-08-01,9941.70000000001,"Total revenues accrual",NA,"OK",NA
"ar1","France","Revenues","2022-08-15",-335.366638225203,NA,NA,NA,NA,NA,NA,NA,2022-08-01,9941.70000000001,"Total revenues accrual",NA,"OK",NA
"ar1","France","Revenues","2022-08-25",-335.366638225203,NA,NA,NA,NA,NA,NA,NA,2022-08-01,9941.70000000001,"Total revenues accrual",NA,"OK",NA
"ar1","France","Revenues","2022-08-27",-335.366638225203,NA,NA,NA,NA,NA,NA,NA,2022-08-01,9941.70000000001,"Total revenues accrual",NA,"OK",NA
"ar1","France","Revenues","2022-09-01",-335.366638225203,NA,NA,NA,NA,NA,NA,NA,2022-09-01,9941.70000000001,"Total revenues accrual",NA,"OK",NA
"ar1","France","Revenues","2022-09-04",-335.366638225203,NA,NA,NA,NA,NA,NA,NA,2022-09-01,9941.70000000001,"Total revenues accrual",NA,"OK",NA
"ar1","France","Revenues","2022-09-05",-335.366638225203,NA,NA,NA,NA,NA,NA,NA,2022-09-01,9941.70000000001,"Total revenues accrual",NA,"OK",NA
"ar1","France","Revenues","2022-09-15",2484.6001064931,NA,NA,NA,NA,NA,NA,NA,2022-09-01,1444.09999999998,"Total revenues accrual",NA,"OK",NA
"ar1","France","Revenues","2022-09-27",2484.6001064931,NA,NA,NA,NA,NA,NA,NA,2022-09-01,1444.09999999998,"Total revenues accrual",NA,"OK",NA
"ar1","France","Revenues","2022-09-29",2484.6001064931,NA,NA,NA,NA,NA,NA,NA,2022-09-01,1444.09999999998,"Total revenues accrual",NA,"OK",NA
"ar1","France","Revenues","2022-10-01",2484.6001064931,NA,NA,NA,NA,NA,NA,NA,2022-10-01,1444.09999999998,"Total revenues accrual",NA,"OK",NA
"ar1","France","Revenues","2022-10-05",2484.6001064931,NA,NA,NA,NA,NA,NA,NA,2022-10-01,1444.09999999998,"Total revenues accrual",NA,"OK",NA
"ar1","France","Revenues","2022-10-06",2484.6001064931,NA,NA,NA,NA,NA,NA,NA,2022-10-01,1444.09999999998,"Total revenues accrual",NA,"OK",NA
"ar1","France","Revenues","2022-10-15",2484.6001064931,NA,NA,NA,NA,NA,NA,NA,2022-10-01,1444.09999999998,"Total revenues accrual",NA,"OK",NA
"ar1","France","Revenues","2022-10-27",2484.6001064931,NA,NA,NA,NA,NA,NA,NA,2022-10-01,1444.09999999998,"Total revenues accrual",NA,"OK",NA
"ar1","France","Revenues","2022-11-01",2484.6001064931,NA,NA,NA,NA,NA,NA,NA,2022-11-01,1444.09999999998,"Total revenues accrual",NA,"OK",NA
"ar1","France","Revenues","2022-11-02",2484.6001064931,NA,NA,NA,NA,NA,NA,NA,2022-11-01,1444.09999999998,"Total revenues accrual",NA,"OK",NA
"ar1","France","Revenues","2022-11-05",2484.6001064931,NA,NA,NA,NA,NA,NA,NA,2022-11-01,1444.09999999998,"Total revenues accrual",NA,"OK",NA
"ar1","France","Revenues","2022-11-15",2484.6001064931,NA,NA,NA,NA,NA,NA,NA,2022-11-01,1444.09999999998,"Total revenues accrual",NA,"OK",NA
"ar1","France","Revenues","2022-11-24",2484.6001064931,NA,NA,NA,NA,NA,NA,NA,2022-11-01,1444.09999999998,"Total revenues accrual",NA,"OK",NA
"ar1","France","Revenues","2022-11-27",2484.6001064931,NA,NA,NA,NA,NA,NA,NA,2022-11-01,1444.09999999998,"Total revenues accrual",NA,"OK",NA
"ar1","France","Revenues","2022-12-01",2484.6001064931,NA,NA,NA,NA,NA,NA,NA,2022-12-01,1444.09999999998,"Total revenues accrual",NA,"OK",NA
"ar1","France","Revenues","2022-12-04",2484.6001064931,NA,NA,NA,NA,NA,NA,NA,2022-12-01,1444.09999999998,"Total revenues accrual",NA,"OK",NA
"ar1","France","Revenues","2022-12-05",2484.6001064931,NA,NA,NA,NA,NA,NA,NA,2022-12-01,1444.09999999998,"Total revenues accrual",NA,"OK",NA
"ar1","France","Revenues","2022-12-15",2932.3726365593,NA,NA,NA,NA,NA,NA,NA,2022-12-01,-108.5,"Total revenues accrual",NA,"OK",NA
"ar1","France","Revenues","2022-12-27",2932.3726365593,NA,NA,NA,NA,NA,NA,NA,2022-12-01,-108.5,"Total revenues accrual",NA,"OK",NA
"ar1","France","Revenues","2022-12-29",2932.3726365593,NA,NA,NA,NA,NA,NA,NA,2022-12-01,-108.5,"Total revenues accrual",NA,"OK",NA
"ar1","France","Revenues","2023-01-01",2932.3726365593,NA,NA,NA,NA,NA,NA,NA,2023-01-01,-108.5,"Total revenues accrual",NA,"OK",NA
"ar1","France","Revenues","2023-01-05",2932.3726365593,NA,NA,NA,NA,NA,NA,NA,2023-01-01,-108.5,"Total revenues accrual",NA,"OK",NA
"ar1","France","Revenues","2023-01-07",2932.3726365593,NA,NA,NA,NA,NA,NA,NA,2023-01-01,-108.5,"Total revenues accrual",NA,"OK",NA
"ar1","France","Revenues","2023-01-15",2932.3726365593,NA,NA,NA,NA,NA,NA,NA,2023-01-01,-108.5,"Total revenues accrual",NA,"OK",NA
"ar1","France","Revenues","2023-01-26",2932.3726365593,NA,NA,NA,NA,NA,NA,NA,2023-01-01,-108.5,"Total revenues accrual",NA,"OK",NA
"ar1","France","Revenues","2023-01-27",2932.3726365593,NA,NA,NA,NA,NA,NA,NA,2023-01-01,-108.5,"Total revenues accrual",NA,"OK",NA
"ar1","France","Revenues","2023-02-01",2932.3726365593,NA,NA,NA,NA,NA,NA,NA,2023-02-01,-108.5,"Total revenues accrual",NA,"OK",NA
"ar1","France","Revenues","2023-02-03",2932.3726365593,NA,NA,NA,NA,NA,NA,NA,2023-02-01,-108.5,"Total revenues accrual",NA,"OK",NA
"ar1","France","Revenues","2023-02-05",2932.3726365593,NA,NA,NA,NA,NA,NA,NA,2023-02-01,-108.5,"Total revenues accrual",NA,"OK",NA
"ar1","France","Revenues","2023-02-15",2932.3726365593,NA,NA,NA,NA,NA,NA,NA,2023-02-01,-108.5,"Total revenues accrual",NA,"OK",NA
"ar1","France","Revenues","2023-02-23",2932.3726365593,NA,NA,NA,NA,NA,NA,NA,2023-02-01,-108.5,"Total revenues accrual",NA,"OK",NA
"ar1","France","Revenues","2023-02-27",2932.3726365593,NA,NA,NA,NA,NA,NA,NA,2023-02-01,-108.5,"Total revenues accrual",NA,"OK",NA
"ar1","France","Revenues","2023-03-01",2932.3726365593,NA,NA,NA,NA,NA,NA,NA,2023-03-01,-108.5,"Total revenues accrual",NA,"OK",NA
"ar1","France","Revenues","2023-03-03",2932.3726365593,NA,NA,NA,NA,NA,NA,NA,2023-03-01,-108.5,"Total revenues accrual",NA,"OK",NA
"ar1","France","Revenues","2023-03-05",2932.3726365593,NA,NA,NA,NA,NA,NA,NA,2023-03-01,-108.5,"Total revenues accrual",NA,"OK",NA
"ar1","France","Revenues","2023-03-15",1809.40006749716,NA,NA,NA,NA,NA,NA,NA,2023-03-01,3403.90000000002,"Total revenues accrual",NA,"OK",NA
"ar1","France","Revenues","2023-03-27",1809.40006749716,NA,NA,NA,NA,NA,NA,NA,2023-03-01,3403.90000000002,"Total revenues accrual",NA,"OK",NA
"ar1","France","Revenues","2023-03-30",1809.40006749716,NA,NA,NA,NA,NA,NA,NA,2023-03-01,3403.90000000002,"Total revenues accrual",NA,"OK",NA
"ar1","France","Revenues","2023-04-01",1809.40006749716,NA,NA,NA,NA,NA,NA,NA,2023-04-01,3403.90000000002,"Total revenues accrual",NA,"OK",NA
"ar1","France","Revenues","2023-04-05",1809.40006749716,NA,NA,NA,NA,NA,NA,NA,2023-04-01,3403.90000000002,"Total revenues accrual",NA,"OK",NA
"ar1","France","Revenues","2023-04-06",1809.40006749716,NA,NA,NA,NA,NA,NA,NA,2023-04-01,3403.90000000002,"Total revenues accrual",NA,"OK",NA
"ar1","France","Revenues","2023-04-15",1809.40006749716,NA,NA,NA,NA,NA,NA,NA,2023-04-01,3403.90000000002,"Total revenues accrual",NA,"OK",NA
"ar1","France","Revenues","2023-04-27",1809.40006749716,NA,NA,NA,NA,NA,NA,NA,2023-04-01,3403.90000000002,"Total revenues accrual",NA,"OK",NA
"ar1","France","Revenues","2023-05-01",1809.40006749716,NA,NA,NA,NA,NA,NA,NA,2023-05-01,3403.90000000002,"Total revenues accrual",NA,"OK",NA
"ar1","France","Revenues","2023-05-05",1809.40006749716,NA,NA,NA,NA,NA,NA,NA,2023-05-01,3403.90000000002,"Total revenues accrual",NA,"OK",NA
"ar1","France","Revenues","2023-05-15",1809.40006749716,NA,NA,NA,NA,NA,NA,NA,2023-05-01,3403.90000000002,"Total revenues accrual",NA,"OK",NA
"ar1","France","Revenues","2023-05-25",1809.40006749716,NA,NA,NA,NA,NA,NA,NA,2023-05-01,3403.90000000002,"Total revenues accrual",NA,"OK",NA
"ar1","France","Revenues","2023-05-27",1809.40006749716,NA,NA,NA,NA,NA,NA,NA,2023-05-01,3403.90000000002,"Total revenues accrual",NA,"OK",NA
"ar1","France","Revenues","2023-06-01",1809.40006749716,NA,NA,NA,NA,NA,NA,NA,2023-06-01,3403.90000000002,"Total revenues accrual",NA,"OK",NA
"ar1","France","Revenues","2023-06-04",1809.40006749716,NA,NA,NA,NA,NA,NA,NA,2023-06-01,3403.90000000002,"Total revenues accrual",NA,"OK",NA
"ar1","France","Revenues","2023-06-05",1809.40006749716,NA,NA,NA,NA,NA,NA,NA,2023-06-01,3403.90000000002,"Total revenues accrual",NA,"OK",NA
"ar1","France","Revenues","2023-06-15",2721.83797434089,NA,NA,NA,NA,NA,NA,NA,2023-06-01,500.700000000012,"Total revenues accrual",NA,"OK",NA
"ar1","France","Revenues","2023-06-27",2721.83797434089,NA,NA,NA,NA,NA,NA,NA,2023-06-01,500.700000000012,"Total revenues accrual",NA,"OK",NA
"ar1","France","Revenues","2023-06-29",2721.83797434089,NA,NA,NA,NA,NA,NA,NA,2023-06-01,500.700000000012,"Total revenues accrual",NA,"OK",NA
"ar1","France","Revenues","2023-07-01",2721.83797434089,NA,NA,NA,NA,NA,NA,NA,2023-07-01,500.700000000012,"Total revenues accrual",NA,"OK",NA
"ar1","France","Revenues","2023-07-05",2721.83797434089,NA,NA,NA,NA,NA,NA,NA,2023-07-01,500.700000000012,"Total revenues accrual",NA,"OK",NA
"ar1","France","Revenues","2023-07-06",2721.83797434089,NA,NA,NA,NA,NA,NA,NA,2023-07-01,500.700000000012,"Total revenues accrual",NA,"OK",NA
"ar1","France","Revenues","2023-07-15",2721.83797434089,NA,NA,NA,NA,NA,NA,NA,2023-07-01,500.700000000012,"Total revenues accrual",NA,"OK",NA
"ar1","France","Revenues","2023-07-27",2721.83797434089,NA,NA,NA,NA,NA,NA,NA,2023-07-01,500.700000000012,"Total revenues accrual",NA,"OK",NA
"ar1","France","Revenues","2023-08-01",2721.83797434089,NA,NA,NA,NA,NA,NA,NA,2023-08-01,500.700000000012,"Total revenues accrual",NA,"OK",NA
"ar1","France","Revenues","2023-08-02",2721.83797434089,NA,NA,NA,NA,NA,NA,NA,2023-08-01,500.700000000012,"Total revenues accrual",NA,"OK",NA
"ar1","France","Revenues","2023-08-05",2721.83797434089,NA,NA,NA,NA,NA,NA,NA,2023-08-01,500.700000000012,"Total revenues accrual",NA,"OK",NA
"ar1","France","Revenues","2023-08-15",2721.83797434089,NA,NA,NA,NA,NA,NA,NA,2023-08-01,500.700000000012,"Total revenues accrual",NA,"OK",NA
"ar1","France","Revenues","2023-08-27",2721.83797434089,NA,NA,NA,NA,NA,NA,NA,2023-08-01,500.700000000012,"Total revenues accrual",NA,"OK",NA
"ar1","France","Revenues","2023-08-31",2721.83797434089,NA,NA,NA,NA,NA,NA,NA,2023-08-01,500.700000000012,"Total revenues accrual",NA,"OK",NA
"ar1","France","Revenues","2023-09-01",2721.83797434089,NA,NA,NA,NA,NA,NA,NA,2023-09-01,500.700000000012,"Total revenues accrual",NA,"OK",NA
"ar1","France","Revenues","2023-09-05",2721.83797434089,NA,NA,NA,NA,NA,NA,NA,2023-09-01,500.700000000012,"Total revenues accrual",NA,"OK",NA
"ar1","France","Revenues","2023-09-15",2991.38453342242,NA,NA,NA,NA,NA,NA,NA,2023-09-01,-541.200000000012,"Total revenues accrual",NA,"OK",NA
"ar1","France","Revenues","2023-09-27",2991.38453342242,NA,NA,NA,NA,NA,NA,NA,2023-09-01,-541.200000000012,"Total revenues accrual",NA,"OK",NA
"ar1","France","Revenues","2023-09-28",2991.38453342242,NA,NA,NA,NA,NA,NA,NA,2023-09-01,-541.200000000012,"Total revenues accrual",NA,"OK",NA
"ar1","France","Revenues","2023-10-01",2991.38453342242,NA,NA,NA,NA,NA,NA,NA,2023-10-01,-541.200000000012,"Total revenues accrual",NA,"OK",NA
"ar1","France","Revenues","2023-10-05",2991.38453342242,NA,NA,NA,NA,NA,NA,NA,2023-10-01,-541.200000000012,"Total revenues accrual",NA,"OK",NA
"ar1","France","Revenues","2023-10-07",2991.38453342242,NA,NA,NA,NA,NA,NA,NA,2023-10-01,-541.200000000012,"Total revenues accrual",NA,"OK",NA
"ar1","France","Revenues","2023-10-15",2991.38453342242,NA,NA,NA,NA,NA,NA,NA,2023-10-01,-541.200000000012,"Total revenues accrual",NA,"OK",NA
"ar1","France","Revenues","2023-10-26",2991.38453342242,NA,NA,NA,NA,NA,NA,NA,2023-10-01,-541.200000000012,"Total revenues accrual",NA,"OK",NA
"ar1","France","Revenues","2023-10-27",2991.38453342242,NA,NA,NA,NA,NA,NA,NA,2023-10-01,-541.200000000012,"Total revenues accrual",NA,"OK",NA
"ar1","France","Revenues","2023-11-01",2991.38453342242,NA,NA,NA,NA,NA,NA,NA,2023-11-01,-541.200000000012,"Total revenues accrual",NA,"OK",NA
"ar1","France","Revenues","2023-11-03",2991.38453342242,NA,NA,NA,NA,NA,NA,NA,2023-11-01,-541.200000000012,"Total revenues accrual",NA,"OK",NA
"ar1","France","Revenues","2023-11-05",2991.38453342242,NA,NA,NA,NA,NA,NA,NA,2023-11-01,-541.200000000012,"Total revenues accrual",NA,"OK",NA
"ar1","France","Revenues","2023-11-15",2991.38453342242,NA,NA,NA,NA,NA,NA,NA,2023-11-01,-541.200000000012,"Total revenues accrual",NA,"OK",NA
"ar1","France","Revenues","2023-11-27",2991.38453342242,NA,NA,NA,NA,NA,NA,NA,2023-11-01,-541.200000000012,"Total revenues accrual",NA,"OK",NA
"ar1","France","Revenues","2023-11-30",2991.38453342242,NA,NA,NA,NA,NA,NA,NA,2023-11-01,-541.200000000012,"Total revenues accrual",NA,"OK",NA
"ar1","France","Revenues","2023-12-01",2991.38453342242,NA,NA,NA,NA,NA,NA,NA,2023-12-01,-541.200000000012,"Total revenues accrual",NA,"OK",NA
"ar1","France","Revenues","2023-12-05",2991.38453342242,NA,NA,NA,NA,NA,NA,NA,2023-12-01,-541.200000000012,"Total revenues accrual",NA,"OK",NA
"ar1","France","Revenues","2023-12-15",1113.33304952834,NA,NA,NA,NA,NA,NA,NA,2023-12-01,5422.5,"Total revenues accrual",NA,"OK",NA
"ar1","France","Revenues","2023-12-27",1113.33304952834,NA,NA,NA,NA,NA,NA,NA,2023-12-01,5422.5,"Total revenues accrual",NA,"OK",NA
"ar1","France","Revenues","2023-12-28",1113.33304952834,NA,NA,NA,NA,NA,NA,NA,2023-12-01,5422.5,"Total revenues accrual",NA,"OK",NA
"ar1","France","Revenues","2024-01-01",1113.33304952834,NA,NA,NA,NA,NA,NA,NA,2024-01-01,5422.5,"Total revenues accrual",NA,"OK",NA
"ar1","France","Revenues","2024-01-05",1113.33304952834,NA,NA,NA,NA,NA,NA,NA,2024-01-01,5422.5,"Total revenues accrual",NA,"OK",NA
"ar1","France","Revenues","2024-01-15",1113.33304952834,NA,NA,NA,NA,NA,NA,NA,2024-01-01,5422.5,"Total revenues accrual",NA,"OK",NA
"ar1","France","Revenues","2024-01-25",1113.33304952834,NA,NA,NA,NA,NA,NA,NA,2024-01-01,5422.5,"Total revenues accrual",NA,"OK",NA
"ar1","France","Revenues","2024-01-27",1113.33304952834,NA,NA,NA,NA,NA,NA,NA,2024-01-01,5422.5,"Total revenues accrual",NA,"OK",NA
"ar1","France","Revenues","2024-02-01",1113.33304952834,NA,NA,NA,NA,NA,NA,NA,2024-02-01,5422.5,"Total revenues accrual",NA,"OK",NA
"ar1","France","Revenues","2024-02-04",1113.33304952834,NA,NA,NA,NA,NA,NA,NA,2024-02-01,5422.5,"Total revenues accrual",NA,"OK",NA
"ar1","France","Revenues","2024-02-05",1113.33304952834,NA,NA,NA,NA,NA,NA,NA,2024-02-01,5422.5,"Total revenues accrual",NA,"OK",NA
"ar1","France","Revenues","2024-02-15",1113.33304952834,NA,NA,NA,NA,NA,NA,NA,2024-02-01,5422.5,"Total revenues accrual",NA,"OK",NA
"ar1","France","Revenues","2024-02-27",1113.33304952834,NA,NA,NA,NA,NA,NA,NA,2024-02-01,5422.5,"Total revenues accrual",NA,"OK",NA
"ar1","France","Revenues","2024-02-29",1113.33304952834,NA,NA,NA,NA,NA,NA,NA,2024-02-01,5422.5,"Total revenues accrual",NA,"OK",NA
"ar1","France","Revenues","2024-03-01",1113.33304952834,NA,NA,NA,NA,NA,NA,NA,2024-03-01,5422.5,"Total revenues accrual",NA,"OK",NA
"ar1","France","Revenues","2024-03-05",1113.33304952834,NA,NA,NA,NA,NA,NA,NA,2024-03-01,5422.5,"Total revenues accrual",NA,"OK",NA
"ar1","France","Revenues","2024-03-15",1728.48625452395,NA,NA,NA,NA,NA,NA,NA,2024-03-01,3679.29999999999,"Total revenues accrual",NA,"OK",NA
"ar1","France","Revenues","2024-03-27",1728.48625452395,NA,NA,NA,NA,NA,NA,NA,2024-03-01,3679.29999999999,"Total revenues accrual",NA,"OK",NA
"ar1","France","Revenues","2024-03-28",1728.48625452395,NA,NA,NA,NA,NA,NA,NA,2024-03-01,3679.29999999999,"Total revenues accrual",NA,"OK",NA
"ar1","France","Revenues","2024-04-01",1728.48625452395,NA,NA,NA,NA,NA,NA,NA,2024-04-01,3679.29999999999,"Total revenues accrual",NA,"OK",NA
"ar1","France","Revenues","2024-04-05",1728.48625452395,NA,NA,NA,NA,NA,NA,NA,2024-04-01,3679.29999999999,"Total revenues accrual",NA,"OK",NA
"ar1","France","Revenues","2024-04-15",1728.48625452395,NA,NA,NA,NA,NA,NA,NA,2024-04-01,3679.29999999999,"Total revenues accrual",NA,"OK",NA
"ar1","France","Revenues","2024-04-25",1728.48625452395,NA,NA,NA,NA,NA,NA,NA,2024-04-01,3679.29999999999,"Total revenues accrual",NA,"OK",NA
"ar1","France","Revenues","2024-04-27",1728.48625452395,NA,NA,NA,NA,NA,NA,NA,2024-04-01,3679.29999999999,"Total revenues accrual",NA,"OK",NA
"ar1","France","Revenues","2024-05-01",1728.48625452395,NA,NA,NA,NA,NA,NA,NA,2024-05-01,3679.29999999999,"Total revenues accrual",NA,"OK",NA
"ar1","France","Revenues","2024-05-03",1728.48625452395,NA,NA,NA,NA,NA,NA,NA,2024-05-01,3679.29999999999,"Total revenues accrual",NA,"OK",NA
"ar1","France","Revenues","2024-05-05",1728.48625452395,NA,NA,NA,NA,NA,NA,NA,2024-05-01,3679.29999999999,"Total revenues accrual",NA,"OK",NA
"ar1","France","Revenues","2024-05-15",1728.48625452395,NA,NA,NA,NA,NA,NA,NA,2024-05-01,3679.29999999999,"Total revenues accrual",NA,"OK",NA
"ar1","France","Revenues","2024-05-27",1728.48625452395,NA,NA,NA,NA,NA,NA,NA,2024-05-01,3679.29999999999,"Total revenues accrual",NA,"OK",NA
"ar1","France","Revenues","2024-05-30",1728.48625452395,NA,NA,NA,NA,NA,NA,NA,2024-05-01,3679.29999999999,"Total revenues accrual",NA,"OK",NA
"ar1","France","Revenues","2024-06-01",1728.48625452395,NA,NA,NA,NA,NA,NA,NA,2024-06-01,3679.29999999999,"Total revenues accrual",NA,"OK",NA
"ar1","France","Revenues","2024-06-05",1728.48625452395,NA,NA,NA,NA,NA,NA,NA,2024-06-01,3679.29999999999,"Total revenues accrual",NA,"OK",NA
"ar1","France","Revenues","2024-06-06",1728.48625452395,NA,NA,NA,NA,NA,NA,NA,2024-06-01,3679.29999999999,"Total revenues accrual",NA,"OK",NA
"ar1","France","Revenues","2024-06-15",1696.17423863761,NA,NA,NA,NA,NA,NA,NA,2024-06-01,3907.59999999998,"Total revenues accrual",NA,"OK",NA
"ar1","France","Revenues","2024-06-27",1696.17423863761,NA,NA,NA,NA,NA,NA,NA,2024-06-01,3907.59999999998,"Total revenues accrual",NA,"OK",NA
"ar1","France","Revenues","2024-07-01",1696.17423863761,NA,NA,NA,NA,NA,NA,NA,2024-07-01,3907.59999999998,"Total revenues accrual",NA,"OK",NA
"ar1","France","Revenues","2024-07-05",1696.17423863761,NA,NA,NA,NA,NA,NA,NA,2024-07-01,3907.59999999998,"Total revenues accrual",NA,"OK",NA
"ar1","France","Revenues","2024-07-15",1696.17423863761,NA,NA,NA,NA,NA,NA,NA,2024-07-01,3907.59999999998,"Total revenues accrual",NA,"OK",NA
"ar1","France","Revenues","2024-07-25",1696.17423863761,NA,NA,NA,NA,NA,NA,NA,2024-07-01,3907.59999999998,"Total revenues accrual",NA,"OK",NA
"ar1","France","Revenues","2024-07-27",1696.17423863761,NA,NA,NA,NA,NA,NA,NA,2024-07-01,3907.59999999998,"Total revenues accrual",NA,"OK",NA
"ar1","France","Revenues","2024-08-01",1696.17423863761,NA,NA,NA,NA,NA,NA,NA,2024-08-01,3907.59999999998,"Total revenues accrual",NA,"OK",NA
"ar1","France","Revenues","2024-08-04",1696.17423863761,NA,NA,NA,NA,NA,NA,NA,2024-08-01,3907.59999999998,"Total revenues accrual",NA,"OK",NA
"ar1","France","Revenues","2024-08-05",1696.17423863761,NA,NA,NA,NA,NA,NA,NA,2024-08-01,3907.59999999998,"Total revenues accrual",NA,"OK",NA
"ar1","France","Revenues","2024-08-15",1696.17423863761,NA,NA,NA,NA,NA,NA,NA,2024-08-01,3907.59999999998,"Total revenues accrual",NA,"OK",NA
"ar1","France","Revenues","2024-08-27",1696.17423863761,NA,NA,NA,NA,NA,NA,NA,2024-08-01,3907.59999999998,"Total revenues accrual",NA,"OK",NA
"ar1","France","Revenues","2024-08-29",1696.17423863761,NA,NA,NA,NA,NA,NA,NA,2024-08-01,3907.59999999998,"Total revenues accrual",NA,"OK",NA
"ar1","France","Revenues","2024-09-01",1696.17423863761,NA,NA,NA,NA,NA,NA,NA,2024-09-01,3907.59999999998,"Total revenues accrual",NA,"OK",NA
"ar1","France","Revenues","2024-09-05",1696.17423863761,NA,NA,NA,NA,NA,NA,NA,2024-09-01,3907.59999999998,"Total revenues accrual",NA,"OK",NA
"ar1","France","Revenues","2024-09-07",1696.17423863761,NA,NA,NA,NA,NA,NA,NA,2024-09-01,3907.59999999998,"Total revenues accrual",NA,"OK",NA
"ar1","France","Revenues","2024-09-15",2834.89642573093,NA,NA,NA,NA,NA,NA,NA,2024-09-01,268.800000000047,"Total revenues accrual",NA,"OK",NA
"ar1","France","Revenues","2024-09-26",2834.89642573093,NA,NA,NA,NA,NA,NA,NA,2024-09-01,268.800000000047,"Total revenues accrual",NA,"OK",NA
"ar1","France","Revenues","2024-09-27",2834.89642573093,NA,NA,NA,NA,NA,NA,NA,2024-09-01,268.800000000047,"Total revenues accrual",NA,"OK",NA
"ar1","France","Revenues","2024-10-01",2834.89642573093,NA,NA,NA,NA,NA,NA,NA,2024-10-01,268.800000000047,"Total revenues accrual",NA,"OK",NA
"ar1","France","Revenues","2024-10-02",2834.89642573093,NA,NA,NA,NA,NA,NA,NA,2024-10-01,268.800000000047,"Total revenues accrual",NA,"OK",NA
"ar1","France","Revenues","2024-10-05",2834.89642573093,NA,NA,NA,NA,NA,NA,NA,2024-10-01,268.800000000047,"Total revenues accrual",NA,"OK",NA
"ar1","France","Revenues","2024-10-15",2834.89642573093,NA,NA,NA,NA,NA,NA,NA,2024-10-01,268.800000000047,"Total revenues accrual",NA,"OK",NA
"ar1","France","Revenues","2024-10-27",2834.89642573093,NA,NA,NA,NA,NA,NA,NA,2024-10-01,268.800000000047,"Total revenues accrual",NA,"OK",NA
"ar1","France","Revenues","2024-10-31",2834.89642573093,NA,NA,NA,NA,NA,NA,NA,2024-10-01,268.800000000047,"Total revenues accrual",NA,"OK",NA
"ar1","France","Revenues","2024-11-01",2834.89642573093,NA,NA,NA,NA,NA,NA,NA,2024-11-01,268.800000000047,"Total revenues accrual",NA,"OK",NA
"ar1","France","Revenues","2024-11-05",2834.89642573093,NA,NA,NA,NA,NA,NA,NA,2024-11-01,268.800000000047,"Total revenues accrual",NA,"OK",NA
"ar1","France","Revenues","2024-11-15",2834.89642573093,NA,NA,NA,NA,NA,NA,NA,2024-11-01,268.800000000047,"Total revenues accrual",NA,"OK",NA
"ar1","France","Revenues","2024-11-27",2834.89642573093,NA,NA,NA,NA,NA,NA,NA,2024-11-01,268.800000000047,"Total revenues accrual",NA,"OK",NA
"ar1","France","Revenues","2024-11-28",2834.89642573093,NA,NA,NA,NA,NA,NA,NA,2024-11-01,268.800000000047,"Total revenues accrual",NA,"OK",NA
"ar1","France","Revenues","2024-12-01",2834.89642573093,NA,NA,NA,NA,NA,NA,NA,2024-12-01,268.800000000047,"Total revenues accrual",NA,"OK",NA
"ar1","France","Revenues","2024-12-05",2834.89642573093,NA,NA,NA,NA,NA,NA,NA,2024-12-01,268.800000000047,"Total revenues accrual",NA,"OK",NA
"ar1","France","Revenues","2024-12-07",2834.89642573093,NA,NA,NA,NA,NA,NA,NA,2024-12-01,268.800000000047,"Total revenues accrual",NA,"OK",NA
"ar1","France","Revenues","2024-12-15",1822.34590252414,NA,NA,NA,NA,NA,NA,NA,2024-12-01,3463,"Total revenues accrual",NA,"OK",NA
"ar1","France","Revenues","2024-12-26",1822.34590252414,NA,NA,NA,NA,NA,NA,NA,2024-12-01,3463,"Total revenues accrual",NA,"OK",NA
"ar1","France","Revenues","2024-12-27",1822.34590252414,NA,NA,NA,NA,NA,NA,NA,2024-12-01,3463,"Total revenues accrual",NA,"OK",NA
"ar1","France","Revenues","2025-01-01",1822.34590252414,NA,NA,NA,NA,NA,NA,NA,2025-01-01,3463,"Total revenues accrual",NA,"OK",NA
"ar1","France","Revenues","2025-01-03",1822.34590252414,NA,NA,NA,NA,NA,NA,NA,2025-01-01,3463,"Total revenues accrual",NA,"OK",NA
"ar1","France","Revenues","2025-01-05",1822.34590252414,NA,NA,NA,NA,NA,NA,NA,2025-01-01,3463,"Total revenues accrual",NA,"OK",NA
"ar1","France","Revenues","2025-01-15",1822.34590252414,NA,NA,NA,NA,NA,NA,NA,2025-01-01,3463,"Total revenues accrual",NA,"OK",NA
"ar1","France","Revenues","2025-01-27",1822.34590252414,NA,NA,NA,NA,NA,NA,NA,2025-01-01,3463,"Total revenues accrual",NA,"OK",NA
"ar1","France","Revenues","2025-01-30",1822.34590252414,NA,NA,NA,NA,NA,NA,NA,2025-01-01,3463,"Total revenues accrual",NA,"OK",NA
"ar1","France","Revenues","2025-02-01",1822.34590252414,NA,NA,NA,NA,NA,NA,NA,2025-02-01,3463,"Total revenues accrual",NA,"OK",NA
"ar1","France","Revenues","2025-02-05",1822.34590252414,NA,NA,NA,NA,NA,NA,NA,2025-02-01,3463,"Total revenues accrual",NA,"OK",NA
"ar1","France","Revenues","2025-02-06",1822.34590252414,NA,NA,NA,NA,NA,NA,NA,2025-02-01,3463,"Total revenues accrual",NA,"OK",NA
"ar1","France","Revenues","2025-02-15",1822.34590252414,NA,NA,NA,NA,NA,NA,NA,2025-02-01,3463,"Total revenues accrual",NA,"OK",NA
"ar1","France","Revenues","2025-02-27",1822.34590252414,NA,NA,NA,NA,NA,NA,NA,2025-02-01,3463,"Total revenues accrual",NA,"OK",NA
"ar1","France","Revenues","2025-03-01",1822.34590252414,NA,NA,NA,NA,NA,NA,NA,2025-03-01,3463,"Total revenues accrual",NA,"OK",NA
"ar1","France","Revenues","2025-03-05",1822.34590252414,NA,NA,NA,NA,NA,NA,NA,2025-03-01,3463,"Total revenues accrual",NA,"OK",NA
"ar1","France","Revenues","2025-03-06",1822.34590252414,NA,NA,NA,NA,NA,NA,NA,2025-03-01,3463,"Total revenues accrual",NA,"OK",NA
"ar1","France","Revenues","2025-03-15",1252.09814075877,NA,NA,NA,NA,NA,NA,NA,2025-03-01,5449.19999999995,"Total revenues accrual",NA,"OK",NA
"ar1","France","Revenues","2025-03-27",1252.09814075877,NA,NA,NA,NA,NA,NA,NA,2025-03-01,5449.19999999995,"Total revenues accrual",NA,"OK",NA
"ar1","France","Revenues","2025-04-01",1252.09814075877,NA,NA,NA,NA,NA,NA,NA,2025-04-01,5449.19999999995,"Total revenues accrual",NA,"OK",NA
"ar1","France","Revenues","2025-04-02",1252.09814075877,NA,NA,NA,NA,NA,NA,NA,2025-04-01,5449.19999999995,"Total revenues accrual",NA,"OK",NA
"ar1","France","Revenues","2025-04-05",1252.09814075877,NA,NA,NA,NA,NA,NA,NA,2025-04-01,5449.19999999995,"Total revenues accrual",NA,"OK",NA
"ar1","France","Revenues","2025-04-15",1252.09814075877,NA,NA,NA,NA,NA,NA,NA,2025-04-01,5449.19999999995,"Total revenues accrual",NA,"OK",NA
"ar1","France","Revenues","2025-04-24",1252.09814075877,NA,NA,NA,NA,NA,NA,NA,2025-04-01,5449.19999999995,"Total revenues accrual",NA,"OK",NA
"ar1","France","Revenues","2025-04-27",1252.09814075877,NA,NA,NA,NA,NA,NA,NA,2025-04-01,5449.19999999995,"Total revenues accrual",NA,"OK",NA
"ar1","France","Revenues","2025-05-01",1252.09814075877,NA,NA,NA,NA,NA,NA,NA,2025-05-01,5449.19999999995,"Total revenues accrual",NA,"OK",NA
"ar1","France","Revenues","2025-05-04",1252.09814075877,NA,NA,NA,NA,NA,NA,NA,2025-05-01,5449.19999999995,"Total revenues accrual",NA,"OK",NA
"ar1","France","Revenues","2025-05-05",1252.09814075877,NA,NA,NA,NA,NA,NA,NA,2025-05-01,5449.19999999995,"Total revenues accrual",NA,"OK",NA
"ar1","France","Revenues","2025-05-15",1252.09814075877,NA,NA,NA,NA,NA,NA,NA,2025-05-01,5449.19999999995,"Total revenues accrual",NA,"OK",NA
"ar1","France","Revenues","2025-05-27",1252.09814075877,NA,NA,NA,NA,NA,NA,NA,2025-05-01,5449.19999999995,"Total revenues accrual",NA,"OK",NA
"ar1","France","Revenues","2025-05-29",1252.09814075877,NA,NA,NA,NA,NA,NA,NA,2025-05-01,5449.19999999995,"Total revenues accrual",NA,"OK",NA
"ar1","France","Revenues","2025-06-01",1252.09814075877,NA,NA,NA,NA,NA,NA,NA,2025-06-01,5449.19999999995,"Total revenues accrual",NA,"OK",NA
"ar1","France","Revenues","2025-06-05",1252.09814075877,NA,NA,NA,NA,NA,NA,NA,2025-06-01,5449.19999999995,"Total revenues accrual",NA,"OK",NA
"ar1","France","Revenues","2025-06-07",1252.09814075877,NA,NA,NA,NA,NA,NA,NA,2025-06-01,5449.19999999995,"Total revenues accrual",NA,"OK",NA
"ar1","France","Revenues","2025-06-15",2319.50138069313,NA,NA,NA,NA,NA,NA,NA,2025-06-01,2150,"Total revenues accrual",NA,"OK",NA
"ar1","France","Revenues","2025-06-26",2319.50138069313,NA,NA,NA,NA,NA,NA,NA,2025-06-01,2150,"Total revenues accrual",NA,"OK",NA
"ar1","France","Revenues","2025-06-27",2319.50138069313,NA,NA,NA,NA,NA,NA,NA,2025-06-01,2150,"Total revenues accrual",NA,"OK",NA
"ar1","France","Revenues","2025-07-01",2319.50138069313,NA,NA,NA,NA,NA,NA,NA,2025-07-01,2150,"Total revenues accrual",NA,"OK",NA
"ar1","France","Revenues","2025-07-02",2319.50138069313,NA,NA,NA,NA,NA,NA,NA,2025-07-01,2150,"Total revenues accrual",NA,"OK",NA
"ar1","France","Revenues","2025-07-05",2319.50138069313,NA,NA,NA,NA,NA,NA,NA,2025-07-01,2150,"Total revenues accrual",NA,"OK",NA
"ar1","France","Revenues","2025-07-15",2319.50138069313,NA,NA,NA,NA,NA,NA,NA,2025-07-01,2150,"Total revenues accrual",NA,"OK",NA
"ar1","France","Revenues","2025-07-27",2319.50138069313,NA,NA,NA,NA,NA,NA,NA,2025-07-01,2150,"Total revenues accrual",NA,"OK",NA
"ar1","France","Revenues","2025-07-31",2319.50138069313,NA,NA,NA,NA,NA,NA,NA,2025-07-01,2150,"Total revenues accrual",NA,"OK",NA
"ar1","France","Revenues","2025-08-01",2319.50138069313,NA,NA,NA,NA,NA,NA,NA,2025-08-01,2150,"Total revenues accrual",NA,"OK",NA
"ar1","France","Revenues","2025-08-05",2319.50138069313,NA,NA,NA,NA,NA,NA,NA,2025-08-01,2150,"Total revenues accrual",NA,"OK",NA
"ar1","France","Revenues","2025-08-15",2319.50138069313,NA,NA,NA,NA,NA,NA,NA,2025-08-01,2150,"Total revenues accrual",NA,"OK",NA
"ar1","France","Revenues","2025-08-27",2319.50138069313,NA,NA,NA,NA,NA,NA,NA,2025-08-01,2150,"Total revenues accrual",NA,"OK",NA
"ar1","France","Revenues","2025-08-28",2319.50138069313,NA,NA,NA,NA,NA,NA,NA,2025-08-01,2150,"Total revenues accrual",NA,"OK",NA
"ar1","France","Revenues","2025-09-01",2319.50138069313,NA,NA,NA,NA,NA,NA,NA,2025-09-01,2150,"Total revenues accrual",NA,"OK",NA
"ar1","France","Revenues","2025-09-05",2319.50138069313,NA,NA,NA,NA,NA,NA,NA,2025-09-01,2150,"Total revenues accrual",NA,"OK",NA
"ar1","France","Revenues","2025-09-15",2137.21954321694,NA,NA,NA,NA,NA,NA,NA,2025-09-01,2745.10000000003,"Total revenues accrual",NA,"OK",NA
"ar1","France","Revenues","2025-09-25",2137.21954321694,NA,NA,NA,NA,NA,NA,NA,2025-09-01,2745.10000000003,"Total revenues accrual",NA,"OK",NA
"ar1","France","Revenues","2025-09-27",2137.21954321694,NA,NA,NA,NA,NA,NA,NA,2025-09-01,2745.10000000003,"Total revenues accrual",NA,"OK",NA
"ar1","France","Revenues","2025-10-01",2137.21954321694,NA,NA,NA,NA,NA,NA,NA,2025-10-01,2745.10000000003,"Total revenues accrual",NA,"OK",NA
"ar1","France","Revenues","2025-10-03",2137.21954321694,NA,NA,NA,NA,NA,NA,NA,2025-10-01,2745.10000000003,"Total revenues accrual",NA,"OK",NA
"ar1","France","Revenues","2025-10-05",2137.21954321694,NA,NA,NA,NA,NA,NA,NA,2025-10-01,2745.10000000003,"Total revenues accrual",NA,"OK",NA
"ar1","France","Revenues","2025-10-15",2137.21954321694,NA,NA,NA,NA,NA,NA,NA,2025-10-01,2745.10000000003,"Total revenues accrual",NA,"OK",NA
"ar1","France","Revenues","2025-10-27",2137.21954321694,NA,NA,NA,NA,NA,NA,NA,2025-10-01,2745.10000000003,"Total revenues accrual",NA,"OK",NA
"ar1","France","Revenues","2025-10-30",2137.21954321694,NA,NA,NA,NA,NA,NA,NA,2025-10-01,2745.10000000003,"Total revenues accrual",NA,"OK",NA
"ar1","France","Revenues","2025-11-01",2137.21954321694,NA,NA,NA,NA,NA,NA,NA,2025-11-01,2745.10000000003,"Total revenues accrual",NA,"OK",NA
"ar1","France","Revenues","2025-11-05",2137.21954321694,NA,NA,NA,NA,NA,NA,NA,2025-11-01,2745.10000000003,"Total revenues accrual",NA,"OK",NA
"ar1","France","Revenues","2025-11-06",2137.21954321694,NA,NA,NA,NA,NA,NA,NA,2025-11-01,2745.10000000003,"Total revenues accrual",NA,"OK",NA
"ar1","France","Revenues","2025-11-15",2137.21954321694,NA,NA,NA,NA,NA,NA,NA,2025-11-01,2745.10000000003,"Total revenues accrual",NA,"OK",NA
"ar1","France","Revenues","2025-11-27",2137.21954321694,NA,NA,NA,NA,NA,NA,NA,2025-11-01,2745.10000000003,"Total revenues accrual",NA,"OK",NA
"ar1","France","Revenues","2025-12-01",2137.21954321694,NA,NA,NA,NA,NA,NA,NA,2025-12-01,2745.10000000003,"Total revenues accrual",NA,"OK",NA
"ar1","France","Revenues","2025-12-05",2137.21954321694,NA,NA,NA,NA,NA,NA,NA,2025-12-01,2745.10000000003,"Total revenues accrual",NA,"OK",NA
"ar1","France","Revenues","2025-12-15",2147.06705747714,NA,NA,NA,NA,NA,NA,NA,2025-12-01,2745.10000000003,"Total revenues accrual",NA,"OK",NA
"ar1","France","Revenues","2025-12-25",2147.06705747714,NA,NA,NA,NA,NA,NA,NA,2025-12-01,2745.10000000003,"Total revenues accrual",NA,"OK",NA
"ar1","France","Revenues","2025-12-27",2147.06705747714,NA,NA,NA,NA,NA,NA,NA,2025-12-01,2745.10000000003,"Total revenues accrual",NA,"OK",NA
"ar1","France","Revenues","2026-01-05",2147.06705747714,NA,NA,NA,NA,NA,NA,NA,2026-01-01,2745.10000000003,"Total revenues accrual",NA,"OK",NA
"ar1","France","Revenues","2026-01-15",2147.06705747714,NA,NA,NA,NA,NA,NA,NA,2026-01-01,2745.10000000003,"Total revenues accrual",NA,"OK",NA
"ar1","France","Revenues","2026-02-05",2147.06705747714,NA,NA,NA,NA,NA,NA,NA,2026-02-01,2745.10000000003,"Total revenues accrual",NA,"OK",NA
"ar1","France","Revenues","2026-02-15",2147.06705747714,NA,NA,NA,NA,NA,NA,NA,2026-02-01,2745.10000000003,"Total revenues accrual",NA,"OK",NA
"ar1","France","Revenues","2026-03-15",2147.06705747714,NA,NA,NA,NA,NA,NA,NA,2026-03-01,2745.10000000003,"Total revenues accrual",NA,"OK",NA
