"model","country","block","publication_date","nowcast_value","nb_factors","lambda","gamma","cv_mse","df","n_selected","n_selected_groups","date_new","last_obs_y","target_name","selected_columns","status","error"
"rw","Spain","Revenues","2013-01-01",576,NA,NA,NA,NA,NA,NA,NA,2013-01-01,576,"Total revenues accrual",NA,"OK",NA
"rw","Spain","Revenues","2013-01-02",576,NA,NA,NA,NA,NA,NA,NA,2013-01-01,576,"Total revenues accrual",NA,"OK",NA
"rw","Spain","Revenues","2013-01-05",576,NA,NA,NA,NA,NA,NA,NA,2013-01-01,576,"Total revenues accrual",NA,"OK",NA
"rw","Spain","Revenues","2013-01-15",576,NA,NA,NA,NA,NA,NA,NA,2013-01-01,576,"Total revenues accrual",NA,"OK",NA
"rw","Spain","Revenues","2013-01-27",576,NA,NA,NA,NA,NA,NA,NA,2013-01-01,576,"Total revenues accrual",NA,"OK",NA
"rw","Spain","Revenues","2013-01-31",576,NA,NA,NA,NA,NA,NA,NA,2013-01-01,576,"Total revenues accrual",NA,"OK",NA
"rw","Spain","Revenues","2013-02-01",576,NA,NA,NA,NA,NA,NA,NA,2013-02-01,576,"Total revenues accrual",NA,"OK",NA
"rw","Spain","Revenues","2013-02-05",576,NA,NA,NA,NA,NA,NA,NA,2013-02-01,576,"Total revenues accrual",NA,"OK",NA
"rw","Spain","Revenues","2013-02-15",576,NA,NA,NA,NA,NA,NA,NA,2013-02-01,576,"Total revenues accrual",NA,"OK",NA
"rw","Spain","Revenues","2013-02-27",576,NA,NA,NA,NA,NA,NA,NA,2013-02-01,576,"Total revenues accrual",NA,"OK",NA
"rw","Spain","Revenues","2013-02-28",576,NA,NA,NA,NA,NA,NA,NA,2013-02-01,576,"Total revenues accrual",NA,"OK",NA
"rw","Spain","Revenues","2013-03-01",576,NA,NA,NA,NA,NA,NA,NA,2013-03-01,576,"Total revenues accrual",NA,"OK",NA
"rw","Spain","Revenues","2013-03-05",576,NA,NA,NA,NA,NA,NA,NA,2013-03-01,576,"Total revenues accrual",NA,"OK",NA
"rw","Spain","Revenues","2013-03-15",1180,NA,NA,NA,NA,NA,NA,NA,2013-03-01,1180,"Total revenues accrual",NA,"OK",NA
"rw","Spain","Revenues","2013-03-27",1180,NA,NA,NA,NA,NA,NA,NA,2013-03-01,1180,"Total revenues accrual",NA,"OK",NA
"rw","Spain","Revenues","2013-03-28",1180,NA,NA,NA,NA,NA,NA,NA,2013-03-01,1180,"Total revenues accrual",NA,"OK",NA
"rw","Spain","Revenues","2013-04-01",1180,NA,NA,NA,NA,NA,NA,NA,2013-04-01,1180,"Total revenues accrual",NA,"OK",NA
"rw","Spain","Revenues","2013-04-05",1180,NA,NA,NA,NA,NA,NA,NA,2013-04-01,1180,"Total revenues accrual",NA,"OK",NA
"rw","Spain","Revenues","2013-04-15",1180,NA,NA,NA,NA,NA,NA,NA,2013-04-01,1180,"Total revenues accrual",NA,"OK",NA
"rw","Spain","Revenues","2013-04-25",1180,NA,NA,NA,NA,NA,NA,NA,2013-04-01,1180,"Total revenues accrual",NA,"OK",NA
"rw","Spain","Revenues","2013-04-27",1180,NA,NA,NA,NA,NA,NA,NA,2013-04-01,1180,"Total revenues accrual",NA,"OK",NA
"rw","Spain","Revenues","2013-05-01",1180,NA,NA,NA,NA,NA,NA,NA,2013-05-01,1180,"Total revenues accrual",NA,"OK",NA
"rw","Spain","Revenues","2013-05-03",1180,NA,NA,NA,NA,NA,NA,NA,2013-05-01,1180,"Total revenues accrual",NA,"OK",NA
"rw","Spain","Revenues","2013-05-05",1180,NA,NA,NA,NA,NA,NA,NA,2013-05-01,1180,"Total revenues accrual",NA,"OK",NA
"rw","Spain","Revenues","2013-05-15",1180,NA,NA,NA,NA,NA,NA,NA,2013-05-01,1180,"Total revenues accrual",NA,"OK",NA
"rw","Spain","Revenues","2013-05-27",1180,NA,NA,NA,NA,NA,NA,NA,2013-05-01,1180,"Total revenues accrual",NA,"OK",NA
"rw","Spain","Revenues","2013-05-30",1180,NA,NA,NA,NA,NA,NA,NA,2013-05-01,1180,"Total revenues accrual",NA,"OK",NA
"rw","Spain","Revenues","2013-06-01",1180,NA,NA,NA,NA,NA,NA,NA,2013-06-01,1180,"Total revenues accrual",NA,"OK",NA
"rw","Spain","Revenues","2013-06-05",1180,NA,NA,NA,NA,NA,NA,NA,2013-06-01,1180,"Total revenues accrual",NA,"OK",NA
"rw","Spain","Revenues","2013-06-06",1180,NA,NA,NA,NA,NA,NA,NA,2013-06-01,1180,"Total revenues accrual",NA,"OK",NA
"rw","Spain","Revenues","2013-06-15",-998,NA,NA,NA,NA,NA,NA,NA,2013-06-01,-998,"Total revenues accrual",NA,"OK",NA
"rw","Spain","Revenues","2013-06-27",-998,NA,NA,NA,NA,NA,NA,NA,2013-06-01,-998,"Total revenues accrual",NA,"OK",NA
"rw","Spain","Revenues","2013-07-01",-998,NA,NA,NA,NA,NA,NA,NA,2013-07-01,-998,"Total revenues accrual",NA,"OK",NA
"rw","Spain","Revenues","2013-07-05",-998,NA,NA,NA,NA,NA,NA,NA,2013-07-01,-998,"Total revenues accrual",NA,"OK",NA
"rw","Spain","Revenues","2013-07-15",-998,NA,NA,NA,NA,NA,NA,NA,2013-07-01,-998,"Total revenues accrual",NA,"OK",NA
"rw","Spain","Revenues","2013-07-25",-998,NA,NA,NA,NA,NA,NA,NA,2013-07-01,-998,"Total revenues accrual",NA,"OK",NA
"rw","Spain","Revenues","2013-07-27",-998,NA,NA,NA,NA,NA,NA,NA,2013-07-01,-998,"Total revenues accrual",NA,"OK",NA
"rw","Spain","Revenues","2013-08-01",-998,NA,NA,NA,NA,NA,NA,NA,2013-08-01,-998,"Total revenues accrual",NA,"OK",NA
"rw","Spain","Revenues","2013-08-04",-998,NA,NA,NA,NA,NA,NA,NA,2013-08-01,-998,"Total revenues accrual",NA,"OK",NA
"rw","Spain","Revenues","2013-08-05",-998,NA,NA,NA,NA,NA,NA,NA,2013-08-01,-998,"Total revenues accrual",NA,"OK",NA
"rw","Spain","Revenues","2013-08-15",-998,NA,NA,NA,NA,NA,NA,NA,2013-08-01,-998,"Total revenues accrual",NA,"OK",NA
"rw","Spain","Revenues","2013-08-27",-998,NA,NA,NA,NA,NA,NA,NA,2013-08-01,-998,"Total revenues accrual",NA,"OK",NA
"rw","Spain","Revenues","2013-08-29",-998,NA,NA,NA,NA,NA,NA,NA,2013-08-01,-998,"Total revenues accrual",NA,"OK",NA
"rw","Spain","Revenues","2013-09-01",-998,NA,NA,NA,NA,NA,NA,NA,2013-09-01,-998,"Total revenues accrual",NA,"OK",NA
"rw","Spain","Revenues","2013-09-05",-998,NA,NA,NA,NA,NA,NA,NA,2013-09-01,-998,"Total revenues accrual",NA,"OK",NA
"rw","Spain","Revenues","2013-09-07",-998,NA,NA,NA,NA,NA,NA,NA,2013-09-01,-998,"Total revenues accrual",NA,"OK",NA
"rw","Spain","Revenues","2013-09-15",601,NA,NA,NA,NA,NA,NA,NA,2013-09-01,601,"Total revenues accrual",NA,"OK",NA
"rw","Spain","Revenues","2013-09-26",601,NA,NA,NA,NA,NA,NA,NA,2013-09-01,601,"Total revenues accrual",NA,"OK",NA
"rw","Spain","Revenues","2013-09-27",601,NA,NA,NA,NA,NA,NA,NA,2013-09-01,601,"Total revenues accrual",NA,"OK",NA
"rw","Spain","Revenues","2013-10-01",601,NA,NA,NA,NA,NA,NA,NA,2013-10-01,601,"Total revenues accrual",NA,"OK",NA
"rw","Spain","Revenues","2013-10-02",601,NA,NA,NA,NA,NA,NA,NA,2013-10-01,601,"Total revenues accrual",NA,"OK",NA
"rw","Spain","Revenues","2013-10-05",601,NA,NA,NA,NA,NA,NA,NA,2013-10-01,601,"Total revenues accrual",NA,"OK",NA
"rw","Spain","Revenues","2013-10-15",601,NA,NA,NA,NA,NA,NA,NA,2013-10-01,601,"Total revenues accrual",NA,"OK",NA
"rw","Spain","Revenues","2013-10-27",601,NA,NA,NA,NA,NA,NA,NA,2013-10-01,601,"Total revenues accrual",NA,"OK",NA
"rw","Spain","Revenues","2013-10-31",601,NA,NA,NA,NA,NA,NA,NA,2013-10-01,601,"Total revenues accrual",NA,"OK",NA
"rw","Spain","Revenues","2013-11-01",601,NA,NA,NA,NA,NA,NA,NA,2013-11-01,601,"Total revenues accrual",NA,"OK",NA
"rw","Spain","Revenues","2013-11-05",601,NA,NA,NA,NA,NA,NA,NA,2013-11-01,601,"Total revenues accrual",NA,"OK",NA
"rw","Spain","Revenues","2013-11-15",601,NA,NA,NA,NA,NA,NA,NA,2013-11-01,601,"Total revenues accrual",NA,"OK",NA
"rw","Spain","Revenues","2013-11-27",601,NA,NA,NA,NA,NA,NA,NA,2013-11-01,601,"Total revenues accrual",NA,"OK",NA
"rw","Spain","Revenues","2013-11-28",601,NA,NA,NA,NA,NA,NA,NA,2013-11-01,601,"Total revenues accrual",NA,"OK",NA
"rw","Spain","Revenues","2013-12-01",601,NA,NA,NA,NA,NA,NA,NA,2013-12-01,601,"Total revenues accrual",NA,"OK",NA
"rw","Spain","Revenues","2013-12-05",601,NA,NA,NA,NA,NA,NA,NA,2013-12-01,601,"Total revenues accrual",NA,"OK",NA
"rw","Spain","Revenues","2013-12-07",601,NA,NA,NA,NA,NA,NA,NA,2013-12-01,601,"Total revenues accrual",NA,"OK",NA
"rw","Spain","Revenues","2013-12-15",1073,NA,NA,NA,NA,NA,NA,NA,2013-12-01,1073,"Total revenues accrual",NA,"OK",NA
"rw","Spain","Revenues","2013-12-26",1073,NA,NA,NA,NA,NA,NA,NA,2013-12-01,1073,"Total revenues accrual",NA,"OK",NA
"rw","Spain","Revenues","2013-12-27",1073,NA,NA,NA,NA,NA,NA,NA,2013-12-01,1073,"Total revenues accrual",NA,"OK",NA
"rw","Spain","Revenues","2014-01-01",1073,NA,NA,NA,NA,NA,NA,NA,2014-01-01,1073,"Total revenues accrual",NA,"OK",NA
"rw","Spain","Revenues","2014-01-03",1073,NA,NA,NA,NA,NA,NA,NA,2014-01-01,1073,"Total revenues accrual",NA,"OK",NA
"rw","Spain","Revenues","2014-01-05",1073,NA,NA,NA,NA,NA,NA,NA,2014-01-01,1073,"Total revenues accrual",NA,"OK",NA
"rw","Spain","Revenues","2014-01-15",1073,NA,NA,NA,NA,NA,NA,NA,2014-01-01,1073,"Total revenues accrual",NA,"OK",NA
"rw","Spain","Revenues","2014-01-27",1073,NA,NA,NA,NA,NA,NA,NA,2014-01-01,1073,"Total revenues accrual",NA,"OK",NA
"rw","Spain","Revenues","2014-01-30",1073,NA,NA,NA,NA,NA,NA,NA,2014-01-01,1073,"Total revenues accrual",NA,"OK",NA
"rw","Spain","Revenues","2014-02-01",1073,NA,NA,NA,NA,NA,NA,NA,2014-02-01,1073,"Total revenues accrual",NA,"OK",NA
"rw","Spain","Revenues","2014-02-05",1073,NA,NA,NA,NA,NA,NA,NA,2014-02-01,1073,"Total revenues accrual",NA,"OK",NA
"rw","Spain","Revenues","2014-02-06",1073,NA,NA,NA,NA,NA,NA,NA,2014-02-01,1073,"Total revenues accrual",NA,"OK",NA
"rw","Spain","Revenues","2014-02-15",1073,NA,NA,NA,NA,NA,NA,NA,2014-02-01,1073,"Total revenues accrual",NA,"OK",NA
"rw","Spain","Revenues","2014-02-27",1073,NA,NA,NA,NA,NA,NA,NA,2014-02-01,1073,"Total revenues accrual",NA,"OK",NA
"rw","Spain","Revenues","2014-03-01",1073,NA,NA,NA,NA,NA,NA,NA,2014-03-01,1073,"Total revenues accrual",NA,"OK",NA
"rw","Spain","Revenues","2014-03-05",1073,NA,NA,NA,NA,NA,NA,NA,2014-03-01,1073,"Total revenues accrual",NA,"OK",NA
"rw","Spain","Revenues","2014-03-06",1073,NA,NA,NA,NA,NA,NA,NA,2014-03-01,1073,"Total revenues accrual",NA,"OK",NA
"rw","Spain","Revenues","2014-03-15",1653,NA,NA,NA,NA,NA,NA,NA,2014-03-01,1653,"Total revenues accrual",NA,"OK",NA
"rw","Spain","Revenues","2014-03-27",1653,NA,NA,NA,NA,NA,NA,NA,2014-03-01,1653,"Total revenues accrual",NA,"OK",NA
"rw","Spain","Revenues","2014-04-01",1653,NA,NA,NA,NA,NA,NA,NA,2014-04-01,1653,"Total revenues accrual",NA,"OK",NA
"rw","Spain","Revenues","2014-04-02",1653,NA,NA,NA,NA,NA,NA,NA,2014-04-01,1653,"Total revenues accrual",NA,"OK",NA
"rw","Spain","Revenues","2014-04-05",1653,NA,NA,NA,NA,NA,NA,NA,2014-04-01,1653,"Total revenues accrual",NA,"OK",NA
"rw","Spain","Revenues","2014-04-15",1653,NA,NA,NA,NA,NA,NA,NA,2014-04-01,1653,"Total revenues accrual",NA,"OK",NA
"rw","Spain","Revenues","2014-04-24",1653,NA,NA,NA,NA,NA,NA,NA,2014-04-01,1653,"Total revenues accrual",NA,"OK",NA
"rw","Spain","Revenues","2014-04-27",1653,NA,NA,NA,NA,NA,NA,NA,2014-04-01,1653,"Total revenues accrual",NA,"OK",NA
"rw","Spain","Revenues","2014-05-01",1653,NA,NA,NA,NA,NA,NA,NA,2014-05-01,1653,"Total revenues accrual",NA,"OK",NA
"rw","Spain","Revenues","2014-05-04",1653,NA,NA,NA,NA,NA,NA,NA,2014-05-01,1653,"Total revenues accrual",NA,"OK",NA
"rw","Spain","Revenues","2014-05-05",1653,NA,NA,NA,NA,NA,NA,NA,2014-05-01,1653,"Total revenues accrual",NA,"OK",NA
"rw","Spain","Revenues","2014-05-15",1653,NA,NA,NA,NA,NA,NA,NA,2014-05-01,1653,"Total revenues accrual",NA,"OK",NA
"rw","Spain","Revenues","2014-05-27",1653,NA,NA,NA,NA,NA,NA,NA,2014-05-01,1653,"Total revenues accrual",NA,"OK",NA
"rw","Spain","Revenues","2014-05-29",1653,NA,NA,NA,NA,NA,NA,NA,2014-05-01,1653,"Total revenues accrual",NA,"OK",NA
"rw","Spain","Revenues","2014-06-01",1653,NA,NA,NA,NA,NA,NA,NA,2014-06-01,1653,"Total revenues accrual",NA,"OK",NA
"rw","Spain","Revenues","2014-06-05",1653,NA,NA,NA,NA,NA,NA,NA,2014-06-01,1653,"Total revenues accrual",NA,"OK",NA
"rw","Spain","Revenues","2014-06-07",1653,NA,NA,NA,NA,NA,NA,NA,2014-06-01,1653,"Total revenues accrual",NA,"OK",NA
"rw","Spain","Revenues","2014-06-15",-1194,NA,NA,NA,NA,NA,NA,NA,2014-06-01,-1194,"Total revenues accrual",NA,"OK",NA
"rw","Spain","Revenues","2014-06-26",-1194,NA,NA,NA,NA,NA,NA,NA,2014-06-01,-1194,"Total revenues accrual",NA,"OK",NA
"rw","Spain","Revenues","2014-06-27",-1194,NA,NA,NA,NA,NA,NA,NA,2014-06-01,-1194,"Total revenues accrual",NA,"OK",NA
"rw","Spain","Revenues","2014-07-01",-1194,NA,NA,NA,NA,NA,NA,NA,2014-07-01,-1194,"Total revenues accrual",NA,"OK",NA
"rw","Spain","Revenues","2014-07-02",-1194,NA,NA,NA,NA,NA,NA,NA,2014-07-01,-1194,"Total revenues accrual",NA,"OK",NA
"rw","Spain","Revenues","2014-07-05",-1194,NA,NA,NA,NA,NA,NA,NA,2014-07-01,-1194,"Total revenues accrual",NA,"OK",NA
"rw","Spain","Revenues","2014-07-15",-1194,NA,NA,NA,NA,NA,NA,NA,2014-07-01,-1194,"Total revenues accrual",NA,"OK",NA
"rw","Spain","Revenues","2014-07-27",-1194,NA,NA,NA,NA,NA,NA,NA,2014-07-01,-1194,"Total revenues accrual",NA,"OK",NA
"rw","Spain","Revenues","2014-07-31",-1194,NA,NA,NA,NA,NA,NA,NA,2014-07-01,-1194,"Total revenues accrual",NA,"OK",NA
"rw","Spain","Revenues","2014-08-01",-1194,NA,NA,NA,NA,NA,NA,NA,2014-08-01,-1194,"Total revenues accrual",NA,"OK",NA
"rw","Spain","Revenues","2014-08-05",-1194,NA,NA,NA,NA,NA,NA,NA,2014-08-01,-1194,"Total revenues accrual",NA,"OK",NA
"rw","Spain","Revenues","2014-08-15",-1194,NA,NA,NA,NA,NA,NA,NA,2014-08-01,-1194,"Total revenues accrual",NA,"OK",NA
"rw","Spain","Revenues","2014-08-27",-1194,NA,NA,NA,NA,NA,NA,NA,2014-08-01,-1194,"Total revenues accrual",NA,"OK",NA
"rw","Spain","Revenues","2014-08-28",-1194,NA,NA,NA,NA,NA,NA,NA,2014-08-01,-1194,"Total revenues accrual",NA,"OK",NA
"rw","Spain","Revenues","2014-09-01",-1194,NA,NA,NA,NA,NA,NA,NA,2014-09-01,-1194,"Total revenues accrual",NA,"OK",NA
"rw","Spain","Revenues","2014-09-05",-1194,NA,NA,NA,NA,NA,NA,NA,2014-09-01,-1194,"Total revenues accrual",NA,"OK",NA
"rw","Spain","Revenues","2014-09-15",502,NA,NA,NA,NA,NA,NA,NA,2014-09-01,502,"Total revenues accrual",NA,"OK",NA
"rw","Spain","Revenues","2014-09-25",502,NA,NA,NA,NA,NA,NA,NA,2014-09-01,502,"Total revenues accrual",NA,"OK",NA
"rw","Spain","Revenues","2014-09-27",502,NA,NA,NA,NA,NA,NA,NA,2014-09-01,502,"Total revenues accrual",NA,"OK",NA
"rw","Spain","Revenues","2014-10-01",502,NA,NA,NA,NA,NA,NA,NA,2014-10-01,502,"Total revenues accrual",NA,"OK",NA
"rw","Spain","Revenues","2014-10-03",502,NA,NA,NA,NA,NA,NA,NA,2014-10-01,502,"Total revenues accrual",NA,"OK",NA
"rw","Spain","Revenues","2014-10-05",502,NA,NA,NA,NA,NA,NA,NA,2014-10-01,502,"Total revenues accrual",NA,"OK",NA
"rw","Spain","Revenues","2014-10-15",502,NA,NA,NA,NA,NA,NA,NA,2014-10-01,502,"Total revenues accrual",NA,"OK",NA
"rw","Spain","Revenues","2014-10-27",502,NA,NA,NA,NA,NA,NA,NA,2014-10-01,502,"Total revenues accrual",NA,"OK",NA
"rw","Spain","Revenues","2014-10-30",502,NA,NA,NA,NA,NA,NA,NA,2014-10-01,502,"Total revenues accrual",NA,"OK",NA
"rw","Spain","Revenues","2014-11-01",502,NA,NA,NA,NA,NA,NA,NA,2014-11-01,502,"Total revenues accrual",NA,"OK",NA
"rw","Spain","Revenues","2014-11-05",502,NA,NA,NA,NA,NA,NA,NA,2014-11-01,502,"Total revenues accrual",NA,"OK",NA
"rw","Spain","Revenues","2014-11-06",502,NA,NA,NA,NA,NA,NA,NA,2014-11-01,502,"Total revenues accrual",NA,"OK",NA
"rw","Spain","Revenues","2014-11-15",502,NA,NA,NA,NA,NA,NA,NA,2014-11-01,502,"Total revenues accrual",NA,"OK",NA
"rw","Spain","Revenues","2014-11-27",502,NA,NA,NA,NA,NA,NA,NA,2014-11-01,502,"Total revenues accrual",NA,"OK",NA
"rw","Spain","Revenues","2014-12-01",502,NA,NA,NA,NA,NA,NA,NA,2014-12-01,502,"Total revenues accrual",NA,"OK",NA
"rw","Spain","Revenues","2014-12-05",502,NA,NA,NA,NA,NA,NA,NA,2014-12-01,502,"Total revenues accrual",NA,"OK",NA
"rw","Spain","Revenues","2014-12-15",1075,NA,NA,NA,NA,NA,NA,NA,2014-12-01,1075,"Total revenues accrual",NA,"OK",NA
"rw","Spain","Revenues","2014-12-25",1075,NA,NA,NA,NA,NA,NA,NA,2014-12-01,1075,"Total revenues accrual",NA,"OK",NA
"rw","Spain","Revenues","2014-12-27",1075,NA,NA,NA,NA,NA,NA,NA,2014-12-01,1075,"Total revenues accrual",NA,"OK",NA
"rw","Spain","Revenues","2015-01-01",1075,NA,NA,NA,NA,NA,NA,NA,2015-01-01,1075,"Total revenues accrual",NA,"OK",NA
"rw","Spain","Revenues","2015-01-04",1075,NA,NA,NA,NA,NA,NA,NA,2015-01-01,1075,"Total revenues accrual",NA,"OK",NA
"rw","Spain","Revenues","2015-01-05",1075,NA,NA,NA,NA,NA,NA,NA,2015-01-01,1075,"Total revenues accrual",NA,"OK",NA
"rw","Spain","Revenues","2015-01-15",1075,NA,NA,NA,NA,NA,NA,NA,2015-01-01,1075,"Total revenues accrual",NA,"OK",NA
"rw","Spain","Revenues","2015-01-27",1075,NA,NA,NA,NA,NA,NA,NA,2015-01-01,1075,"Total revenues accrual",NA,"OK",NA
"rw","Spain","Revenues","2015-01-29",1075,NA,NA,NA,NA,NA,NA,NA,2015-01-01,1075,"Total revenues accrual",NA,"OK",NA
"rw","Spain","Revenues","2015-02-01",1075,NA,NA,NA,NA,NA,NA,NA,2015-02-01,1075,"Total revenues accrual",NA,"OK",NA
"rw","Spain","Revenues","2015-02-05",1075,NA,NA,NA,NA,NA,NA,NA,2015-02-01,1075,"Total revenues accrual",NA,"OK",NA
"rw","Spain","Revenues","2015-02-07",1075,NA,NA,NA,NA,NA,NA,NA,2015-02-01,1075,"Total revenues accrual",NA,"OK",NA
"rw","Spain","Revenues","2015-02-15",1075,NA,NA,NA,NA,NA,NA,NA,2015-02-01,1075,"Total revenues accrual",NA,"OK",NA
"rw","Spain","Revenues","2015-02-26",1075,NA,NA,NA,NA,NA,NA,NA,2015-02-01,1075,"Total revenues accrual",NA,"OK",NA
"rw","Spain","Revenues","2015-02-27",1075,NA,NA,NA,NA,NA,NA,NA,2015-02-01,1075,"Total revenues accrual",NA,"OK",NA
"rw","Spain","Revenues","2015-03-01",1075,NA,NA,NA,NA,NA,NA,NA,2015-03-01,1075,"Total revenues accrual",NA,"OK",NA
"rw","Spain","Revenues","2015-03-05",1075,NA,NA,NA,NA,NA,NA,NA,2015-03-01,1075,"Total revenues accrual",NA,"OK",NA
"rw","Spain","Revenues","2015-03-07",1075,NA,NA,NA,NA,NA,NA,NA,2015-03-01,1075,"Total revenues accrual",NA,"OK",NA
"rw","Spain","Revenues","2015-03-15",2013,NA,NA,NA,NA,NA,NA,NA,2015-03-01,2013,"Total revenues accrual",NA,"OK",NA
"rw","Spain","Revenues","2015-03-26",2013,NA,NA,NA,NA,NA,NA,NA,2015-03-01,2013,"Total revenues accrual",NA,"OK",NA
"rw","Spain","Revenues","2015-03-27",2013,NA,NA,NA,NA,NA,NA,NA,2015-03-01,2013,"Total revenues accrual",NA,"OK",NA
"rw","Spain","Revenues","2015-04-01",2013,NA,NA,NA,NA,NA,NA,NA,2015-04-01,2013,"Total revenues accrual",NA,"OK",NA
"rw","Spain","Revenues","2015-04-03",2013,NA,NA,NA,NA,NA,NA,NA,2015-04-01,2013,"Total revenues accrual",NA,"OK",NA
"rw","Spain","Revenues","2015-04-05",2013,NA,NA,NA,NA,NA,NA,NA,2015-04-01,2013,"Total revenues accrual",NA,"OK",NA
"rw","Spain","Revenues","2015-04-15",2013,NA,NA,NA,NA,NA,NA,NA,2015-04-01,2013,"Total revenues accrual",NA,"OK",NA
"rw","Spain","Revenues","2015-04-27",2013,NA,NA,NA,NA,NA,NA,NA,2015-04-01,2013,"Total revenues accrual",NA,"OK",NA
"rw","Spain","Revenues","2015-04-30",2013,NA,NA,NA,NA,NA,NA,NA,2015-04-01,2013,"Total revenues accrual",NA,"OK",NA
"rw","Spain","Revenues","2015-05-01",2013,NA,NA,NA,NA,NA,NA,NA,2015-05-01,2013,"Total revenues accrual",NA,"OK",NA
"rw","Spain","Revenues","2015-05-05",2013,NA,NA,NA,NA,NA,NA,NA,2015-05-01,2013,"Total revenues accrual",NA,"OK",NA
"rw","Spain","Revenues","2015-05-15",2013,NA,NA,NA,NA,NA,NA,NA,2015-05-01,2013,"Total revenues accrual",NA,"OK",NA
"rw","Spain","Revenues","2015-05-27",2013,NA,NA,NA,NA,NA,NA,NA,2015-05-01,2013,"Total revenues accrual",NA,"OK",NA
"rw","Spain","Revenues","2015-05-28",2013,NA,NA,NA,NA,NA,NA,NA,2015-05-01,2013,"Total revenues accrual",NA,"OK",NA
"rw","Spain","Revenues","2015-06-01",2013,NA,NA,NA,NA,NA,NA,NA,2015-06-01,2013,"Total revenues accrual",NA,"OK",NA
"rw","Spain","Revenues","2015-06-05",2013,NA,NA,NA,NA,NA,NA,NA,2015-06-01,2013,"Total revenues accrual",NA,"OK",NA
"rw","Spain","Revenues","2015-06-15",76,NA,NA,NA,NA,NA,NA,NA,2015-06-01,76,"Total revenues accrual",NA,"OK",NA
"rw","Spain","Revenues","2015-06-25",76,NA,NA,NA,NA,NA,NA,NA,2015-06-01,76,"Total revenues accrual",NA,"OK",NA
"rw","Spain","Revenues","2015-06-27",76,NA,NA,NA,NA,NA,NA,NA,2015-06-01,76,"Total revenues accrual",NA,"OK",NA
"rw","Spain","Revenues","2015-07-01",76,NA,NA,NA,NA,NA,NA,NA,2015-07-01,76,"Total revenues accrual",NA,"OK",NA
"rw","Spain","Revenues","2015-07-03",76,NA,NA,NA,NA,NA,NA,NA,2015-07-01,76,"Total revenues accrual",NA,"OK",NA
"rw","Spain","Revenues","2015-07-05",76,NA,NA,NA,NA,NA,NA,NA,2015-07-01,76,"Total revenues accrual",NA,"OK",NA
"rw","Spain","Revenues","2015-07-15",76,NA,NA,NA,NA,NA,NA,NA,2015-07-01,76,"Total revenues accrual",NA,"OK",NA
"rw","Spain","Revenues","2015-07-27",76,NA,NA,NA,NA,NA,NA,NA,2015-07-01,76,"Total revenues accrual",NA,"OK",NA
"rw","Spain","Revenues","2015-07-30",76,NA,NA,NA,NA,NA,NA,NA,2015-07-01,76,"Total revenues accrual",NA,"OK",NA
"rw","Spain","Revenues","2015-08-01",76,NA,NA,NA,NA,NA,NA,NA,2015-08-01,76,"Total revenues accrual",NA,"OK",NA
"rw","Spain","Revenues","2015-08-05",76,NA,NA,NA,NA,NA,NA,NA,2015-08-01,76,"Total revenues accrual",NA,"OK",NA
"rw","Spain","Revenues","2015-08-06",76,NA,NA,NA,NA,NA,NA,NA,2015-08-01,76,"Total revenues accrual",NA,"OK",NA
"rw","Spain","Revenues","2015-08-15",76,NA,NA,NA,NA,NA,NA,NA,2015-08-01,76,"Total revenues accrual",NA,"OK",NA
"rw","Spain","Revenues","2015-08-27",76,NA,NA,NA,NA,NA,NA,NA,2015-08-01,76,"Total revenues accrual",NA,"OK",NA
"rw","Spain","Revenues","2015-09-01",76,NA,NA,NA,NA,NA,NA,NA,2015-09-01,76,"Total revenues accrual",NA,"OK",NA
"rw","Spain","Revenues","2015-09-02",76,NA,NA,NA,NA,NA,NA,NA,2015-09-01,76,"Total revenues accrual",NA,"OK",NA
"rw","Spain","Revenues","2015-09-05",76,NA,NA,NA,NA,NA,NA,NA,2015-09-01,76,"Total revenues accrual",NA,"OK",NA
"rw","Spain","Revenues","2015-09-15",-258,NA,NA,NA,NA,NA,NA,NA,2015-09-01,-258,"Total revenues accrual",NA,"OK",NA
"rw","Spain","Revenues","2015-09-24",-258,NA,NA,NA,NA,NA,NA,NA,2015-09-01,-258,"Total revenues accrual",NA,"OK",NA
"rw","Spain","Revenues","2015-09-27",-258,NA,NA,NA,NA,NA,NA,NA,2015-09-01,-258,"Total revenues accrual",NA,"OK",NA
"rw","Spain","Revenues","2015-10-01",-258,NA,NA,NA,NA,NA,NA,NA,2015-10-01,-258,"Total revenues accrual",NA,"OK",NA
"rw","Spain","Revenues","2015-10-04",-258,NA,NA,NA,NA,NA,NA,NA,2015-10-01,-258,"Total revenues accrual",NA,"OK",NA
"rw","Spain","Revenues","2015-10-05",-258,NA,NA,NA,NA,NA,NA,NA,2015-10-01,-258,"Total revenues accrual",NA,"OK",NA
"rw","Spain","Revenues","2015-10-15",-258,NA,NA,NA,NA,NA,NA,NA,2015-10-01,-258,"Total revenues accrual",NA,"OK",NA
"rw","Spain","Revenues","2015-10-27",-258,NA,NA,NA,NA,NA,NA,NA,2015-10-01,-258,"Total revenues accrual",NA,"OK",NA
"rw","Spain","Revenues","2015-10-29",-258,NA,NA,NA,NA,NA,NA,NA,2015-10-01,-258,"Total revenues accrual",NA,"OK",NA
"rw","Spain","Revenues","2015-11-01",-258,NA,NA,NA,NA,NA,NA,NA,2015-11-01,-258,"Total revenues accrual",NA,"OK",NA
"rw","Spain","Revenues","2015-11-05",-258,NA,NA,NA,NA,NA,NA,NA,2015-11-01,-258,"Total revenues accrual",NA,"OK",NA
"rw","Spain","Revenues","2015-11-07",-258,NA,NA,NA,NA,NA,NA,NA,2015-11-01,-258,"Total revenues accrual",NA,"OK",NA
"rw","Spain","Revenues","2015-11-15",-258,NA,NA,NA,NA,NA,NA,NA,2015-11-01,-258,"Total revenues accrual",NA,"OK",NA
"rw","Spain","Revenues","2015-11-26",-258,NA,NA,NA,NA,NA,NA,NA,2015-11-01,-258,"Total revenues accrual",NA,"OK",NA
"rw","Spain","Revenues","2015-11-27",-258,NA,NA,NA,NA,NA,NA,NA,2015-11-01,-258,"Total revenues accrual",NA,"OK",NA
"rw","Spain","Revenues","2015-12-01",-258,NA,NA,NA,NA,NA,NA,NA,2015-12-01,-258,"Total revenues accrual",NA,"OK",NA
"rw","Spain","Revenues","2015-12-02",-258,NA,NA,NA,NA,NA,NA,NA,2015-12-01,-258,"Total revenues accrual",NA,"OK",NA
"rw","Spain","Revenues","2015-12-05",-258,NA,NA,NA,NA,NA,NA,NA,2015-12-01,-258,"Total revenues accrual",NA,"OK",NA
"rw","Spain","Revenues","2015-12-15",1721,NA,NA,NA,NA,NA,NA,NA,2015-12-01,1721,"Total revenues accrual",NA,"OK",NA
"rw","Spain","Revenues","2015-12-27",1721,NA,NA,NA,NA,NA,NA,NA,2015-12-01,1721,"Total revenues accrual",NA,"OK",NA
"rw","Spain","Revenues","2015-12-31",1721,NA,NA,NA,NA,NA,NA,NA,2015-12-01,1721,"Total revenues accrual",NA,"OK",NA
"rw","Spain","Revenues","2016-01-01",1721,NA,NA,NA,NA,NA,NA,NA,2016-01-01,1721,"Total revenues accrual",NA,"OK",NA
"rw","Spain","Revenues","2016-01-05",1721,NA,NA,NA,NA,NA,NA,NA,2016-01-01,1721,"Total revenues accrual",NA,"OK",NA
"rw","Spain","Revenues","2016-01-15",1721,NA,NA,NA,NA,NA,NA,NA,2016-01-01,1721,"Total revenues accrual",NA,"OK",NA
"rw","Spain","Revenues","2016-01-27",1721,NA,NA,NA,NA,NA,NA,NA,2016-01-01,1721,"Total revenues accrual",NA,"OK",NA
"rw","Spain","Revenues","2016-01-28",1721,NA,NA,NA,NA,NA,NA,NA,2016-01-01,1721,"Total revenues accrual",NA,"OK",NA
"rw","Spain","Revenues","2016-02-01",1721,NA,NA,NA,NA,NA,NA,NA,2016-02-01,1721,"Total revenues accrual",NA,"OK",NA
"rw","Spain","Revenues","2016-02-05",1721,NA,NA,NA,NA,NA,NA,NA,2016-02-01,1721,"Total revenues accrual",NA,"OK",NA
"rw","Spain","Revenues","2016-02-15",1721,NA,NA,NA,NA,NA,NA,NA,2016-02-01,1721,"Total revenues accrual",NA,"OK",NA
"rw","Spain","Revenues","2016-02-25",1721,NA,NA,NA,NA,NA,NA,NA,2016-02-01,1721,"Total revenues accrual",NA,"OK",NA
"rw","Spain","Revenues","2016-02-27",1721,NA,NA,NA,NA,NA,NA,NA,2016-02-01,1721,"Total revenues accrual",NA,"OK",NA
"rw","Spain","Revenues","2016-03-01",1721,NA,NA,NA,NA,NA,NA,NA,2016-03-01,1721,"Total revenues accrual",NA,"OK",NA
"rw","Spain","Revenues","2016-03-02",1721,NA,NA,NA,NA,NA,NA,NA,2016-03-01,1721,"Total revenues accrual",NA,"OK",NA
"rw","Spain","Revenues","2016-03-05",1721,NA,NA,NA,NA,NA,NA,NA,2016-03-01,1721,"Total revenues accrual",NA,"OK",NA
"rw","Spain","Revenues","2016-03-15",-827,NA,NA,NA,NA,NA,NA,NA,2016-03-01,-827,"Total revenues accrual",NA,"OK",NA
"rw","Spain","Revenues","2016-03-27",-827,NA,NA,NA,NA,NA,NA,NA,2016-03-01,-827,"Total revenues accrual",NA,"OK",NA
"rw","Spain","Revenues","2016-03-31",-827,NA,NA,NA,NA,NA,NA,NA,2016-03-01,-827,"Total revenues accrual",NA,"OK",NA
"rw","Spain","Revenues","2016-04-01",-827,NA,NA,NA,NA,NA,NA,NA,2016-04-01,-827,"Total revenues accrual",NA,"OK",NA
"rw","Spain","Revenues","2016-04-05",-827,NA,NA,NA,NA,NA,NA,NA,2016-04-01,-827,"Total revenues accrual",NA,"OK",NA
"rw","Spain","Revenues","2016-04-15",-827,NA,NA,NA,NA,NA,NA,NA,2016-04-01,-827,"Total revenues accrual",NA,"OK",NA
"rw","Spain","Revenues","2016-04-27",-827,NA,NA,NA,NA,NA,NA,NA,2016-04-01,-827,"Total revenues accrual",NA,"OK",NA
"rw","Spain","Revenues","2016-04-28",-827,NA,NA,NA,NA,NA,NA,NA,2016-04-01,-827,"Total revenues accrual",NA,"OK",NA
"rw","Spain","Revenues","2016-05-01",-827,NA,NA,NA,NA,NA,NA,NA,2016-05-01,-827,"Total revenues accrual",NA,"OK",NA
"rw","Spain","Revenues","2016-05-05",-827,NA,NA,NA,NA,NA,NA,NA,2016-05-01,-827,"Total revenues accrual",NA,"OK",NA
"rw","Spain","Revenues","2016-05-07",-827,NA,NA,NA,NA,NA,NA,NA,2016-05-01,-827,"Total revenues accrual",NA,"OK",NA
"rw","Spain","Revenues","2016-05-15",-827,NA,NA,NA,NA,NA,NA,NA,2016-05-01,-827,"Total revenues accrual",NA,"OK",NA
"rw","Spain","Revenues","2016-05-26",-827,NA,NA,NA,NA,NA,NA,NA,2016-05-01,-827,"Total revenues accrual",NA,"OK",NA
"rw","Spain","Revenues","2016-05-27",-827,NA,NA,NA,NA,NA,NA,NA,2016-05-01,-827,"Total revenues accrual",NA,"OK",NA
"rw","Spain","Revenues","2016-06-01",-827,NA,NA,NA,NA,NA,NA,NA,2016-06-01,-827,"Total revenues accrual",NA,"OK",NA
"rw","Spain","Revenues","2016-06-03",-827,NA,NA,NA,NA,NA,NA,NA,2016-06-01,-827,"Total revenues accrual",NA,"OK",NA
"rw","Spain","Revenues","2016-06-05",-827,NA,NA,NA,NA,NA,NA,NA,2016-06-01,-827,"Total revenues accrual",NA,"OK",NA
"rw","Spain","Revenues","2016-06-15",511,NA,NA,NA,NA,NA,NA,NA,2016-06-01,511,"Total revenues accrual",NA,"OK",NA
"rw","Spain","Revenues","2016-06-27",511,NA,NA,NA,NA,NA,NA,NA,2016-06-01,511,"Total revenues accrual",NA,"OK",NA
"rw","Spain","Revenues","2016-06-30",511,NA,NA,NA,NA,NA,NA,NA,2016-06-01,511,"Total revenues accrual",NA,"OK",NA
"rw","Spain","Revenues","2016-07-01",511,NA,NA,NA,NA,NA,NA,NA,2016-07-01,511,"Total revenues accrual",NA,"OK",NA
"rw","Spain","Revenues","2016-07-05",511,NA,NA,NA,NA,NA,NA,NA,2016-07-01,511,"Total revenues accrual",NA,"OK",NA
"rw","Spain","Revenues","2016-07-15",511,NA,NA,NA,NA,NA,NA,NA,2016-07-01,511,"Total revenues accrual",NA,"OK",NA
"rw","Spain","Revenues","2016-07-27",511,NA,NA,NA,NA,NA,NA,NA,2016-07-01,511,"Total revenues accrual",NA,"OK",NA
"rw","Spain","Revenues","2016-07-28",511,NA,NA,NA,NA,NA,NA,NA,2016-07-01,511,"Total revenues accrual",NA,"OK",NA
"rw","Spain","Revenues","2016-08-01",511,NA,NA,NA,NA,NA,NA,NA,2016-08-01,511,"Total revenues accrual",NA,"OK",NA
"rw","Spain","Revenues","2016-08-05",511,NA,NA,NA,NA,NA,NA,NA,2016-08-01,511,"Total revenues accrual",NA,"OK",NA
"rw","Spain","Revenues","2016-08-15",511,NA,NA,NA,NA,NA,NA,NA,2016-08-01,511,"Total revenues accrual",NA,"OK",NA
"rw","Spain","Revenues","2016-08-25",511,NA,NA,NA,NA,NA,NA,NA,2016-08-01,511,"Total revenues accrual",NA,"OK",NA
"rw","Spain","Revenues","2016-08-27",511,NA,NA,NA,NA,NA,NA,NA,2016-08-01,511,"Total revenues accrual",NA,"OK",NA
"rw","Spain","Revenues","2016-09-01",511,NA,NA,NA,NA,NA,NA,NA,2016-09-01,511,"Total revenues accrual",NA,"OK",NA
"rw","Spain","Revenues","2016-09-04",511,NA,NA,NA,NA,NA,NA,NA,2016-09-01,511,"Total revenues accrual",NA,"OK",NA
"rw","Spain","Revenues","2016-09-05",511,NA,NA,NA,NA,NA,NA,NA,2016-09-01,511,"Total revenues accrual",NA,"OK",NA
"rw","Spain","Revenues","2016-09-15",1777,NA,NA,NA,NA,NA,NA,NA,2016-09-01,1777,"Total revenues accrual",NA,"OK",NA
"rw","Spain","Revenues","2016-09-27",1777,NA,NA,NA,NA,NA,NA,NA,2016-09-01,1777,"Total revenues accrual",NA,"OK",NA
"rw","Spain","Revenues","2016-09-29",1777,NA,NA,NA,NA,NA,NA,NA,2016-09-01,1777,"Total revenues accrual",NA,"OK",NA
"rw","Spain","Revenues","2016-10-01",1777,NA,NA,NA,NA,NA,NA,NA,2016-10-01,1777,"Total revenues accrual",NA,"OK",NA
"rw","Spain","Revenues","2016-10-05",1777,NA,NA,NA,NA,NA,NA,NA,2016-10-01,1777,"Total revenues accrual",NA,"OK",NA
"rw","Spain","Revenues","2016-10-06",1777,NA,NA,NA,NA,NA,NA,NA,2016-10-01,1777,"Total revenues accrual",NA,"OK",NA
"rw","Spain","Revenues","2016-10-15",1777,NA,NA,NA,NA,NA,NA,NA,2016-10-01,1777,"Total revenues accrual",NA,"OK",NA
"rw","Spain","Revenues","2016-10-27",1777,NA,NA,NA,NA,NA,NA,NA,2016-10-01,1777,"Total revenues accrual",NA,"OK",NA
"rw","Spain","Revenues","2016-11-01",1777,NA,NA,NA,NA,NA,NA,NA,2016-11-01,1777,"Total revenues accrual",NA,"OK",NA
"rw","Spain","Revenues","2016-11-02",1777,NA,NA,NA,NA,NA,NA,NA,2016-11-01,1777,"Total revenues accrual",NA,"OK",NA
"rw","Spain","Revenues","2016-11-05",1777,NA,NA,NA,NA,NA,NA,NA,2016-11-01,1777,"Total revenues accrual",NA,"OK",NA
"rw","Spain","Revenues","2016-11-15",1777,NA,NA,NA,NA,NA,NA,NA,2016-11-01,1777,"Total revenues accrual",NA,"OK",NA
"rw","Spain","Revenues","2016-11-24",1777,NA,NA,NA,NA,NA,NA,NA,2016-11-01,1777,"Total revenues accrual",NA,"OK",NA
"rw","Spain","Revenues","2016-11-27",1777,NA,NA,NA,NA,NA,NA,NA,2016-11-01,1777,"Total revenues accrual",NA,"OK",NA
"rw","Spain","Revenues","2016-12-01",1777,NA,NA,NA,NA,NA,NA,NA,2016-12-01,1777,"Total revenues accrual",NA,"OK",NA
"rw","Spain","Revenues","2016-12-04",1777,NA,NA,NA,NA,NA,NA,NA,2016-12-01,1777,"Total revenues accrual",NA,"OK",NA
"rw","Spain","Revenues","2016-12-05",1777,NA,NA,NA,NA,NA,NA,NA,2016-12-01,1777,"Total revenues accrual",NA,"OK",NA
"rw","Spain","Revenues","2016-12-15",1169,NA,NA,NA,NA,NA,NA,NA,2016-12-01,1169,"Total revenues accrual",NA,"OK",NA
"rw","Spain","Revenues","2016-12-27",1169,NA,NA,NA,NA,NA,NA,NA,2016-12-01,1169,"Total revenues accrual",NA,"OK",NA
"rw","Spain","Revenues","2016-12-29",1169,NA,NA,NA,NA,NA,NA,NA,2016-12-01,1169,"Total revenues accrual",NA,"OK",NA
"rw","Spain","Revenues","2017-01-01",1169,NA,NA,NA,NA,NA,NA,NA,2017-01-01,1169,"Total revenues accrual",NA,"OK",NA
"rw","Spain","Revenues","2017-01-05",1169,NA,NA,NA,NA,NA,NA,NA,2017-01-01,1169,"Total revenues accrual",NA,"OK",NA
"rw","Spain","Revenues","2017-01-07",1169,NA,NA,NA,NA,NA,NA,NA,2017-01-01,1169,"Total revenues accrual",NA,"OK",NA
"rw","Spain","Revenues","2017-01-15",1169,NA,NA,NA,NA,NA,NA,NA,2017-01-01,1169,"Total revenues accrual",NA,"OK",NA
"rw","Spain","Revenues","2017-01-26",1169,NA,NA,NA,NA,NA,NA,NA,2017-01-01,1169,"Total revenues accrual",NA,"OK",NA
"rw","Spain","Revenues","2017-01-27",1169,NA,NA,NA,NA,NA,NA,NA,2017-01-01,1169,"Total revenues accrual",NA,"OK",NA
"rw","Spain","Revenues","2017-02-01",1169,NA,NA,NA,NA,NA,NA,NA,2017-02-01,1169,"Total revenues accrual",NA,"OK",NA
"rw","Spain","Revenues","2017-02-03",1169,NA,NA,NA,NA,NA,NA,NA,2017-02-01,1169,"Total revenues accrual",NA,"OK",NA
"rw","Spain","Revenues","2017-02-05",1169,NA,NA,NA,NA,NA,NA,NA,2017-02-01,1169,"Total revenues accrual",NA,"OK",NA
"rw","Spain","Revenues","2017-02-15",1169,NA,NA,NA,NA,NA,NA,NA,2017-02-01,1169,"Total revenues accrual",NA,"OK",NA
"rw","Spain","Revenues","2017-02-23",1169,NA,NA,NA,NA,NA,NA,NA,2017-02-01,1169,"Total revenues accrual",NA,"OK",NA
"rw","Spain","Revenues","2017-02-27",1169,NA,NA,NA,NA,NA,NA,NA,2017-02-01,1169,"Total revenues accrual",NA,"OK",NA
"rw","Spain","Revenues","2017-03-01",1169,NA,NA,NA,NA,NA,NA,NA,2017-03-01,1169,"Total revenues accrual",NA,"OK",NA
"rw","Spain","Revenues","2017-03-03",1169,NA,NA,NA,NA,NA,NA,NA,2017-03-01,1169,"Total revenues accrual",NA,"OK",NA
"rw","Spain","Revenues","2017-03-05",1169,NA,NA,NA,NA,NA,NA,NA,2017-03-01,1169,"Total revenues accrual",NA,"OK",NA
"rw","Spain","Revenues","2017-03-15",793,NA,NA,NA,NA,NA,NA,NA,2017-03-01,793,"Total revenues accrual",NA,"OK",NA
"rw","Spain","Revenues","2017-03-27",793,NA,NA,NA,NA,NA,NA,NA,2017-03-01,793,"Total revenues accrual",NA,"OK",NA
"rw","Spain","Revenues","2017-03-30",793,NA,NA,NA,NA,NA,NA,NA,2017-03-01,793,"Total revenues accrual",NA,"OK",NA
"rw","Spain","Revenues","2017-04-01",793,NA,NA,NA,NA,NA,NA,NA,2017-04-01,793,"Total revenues accrual",NA,"OK",NA
"rw","Spain","Revenues","2017-04-05",793,NA,NA,NA,NA,NA,NA,NA,2017-04-01,793,"Total revenues accrual",NA,"OK",NA
"rw","Spain","Revenues","2017-04-06",793,NA,NA,NA,NA,NA,NA,NA,2017-04-01,793,"Total revenues accrual",NA,"OK",NA
"rw","Spain","Revenues","2017-04-15",793,NA,NA,NA,NA,NA,NA,NA,2017-04-01,793,"Total revenues accrual",NA,"OK",NA
"rw","Spain","Revenues","2017-04-27",793,NA,NA,NA,NA,NA,NA,NA,2017-04-01,793,"Total revenues accrual",NA,"OK",NA
"rw","Spain","Revenues","2017-05-01",793,NA,NA,NA,NA,NA,NA,NA,2017-05-01,793,"Total revenues accrual",NA,"OK",NA
"rw","Spain","Revenues","2017-05-05",793,NA,NA,NA,NA,NA,NA,NA,2017-05-01,793,"Total revenues accrual",NA,"OK",NA
"rw","Spain","Revenues","2017-05-15",793,NA,NA,NA,NA,NA,NA,NA,2017-05-01,793,"Total revenues accrual",NA,"OK",NA
"rw","Spain","Revenues","2017-05-25",793,NA,NA,NA,NA,NA,NA,NA,2017-05-01,793,"Total revenues accrual",NA,"OK",NA
"rw","Spain","Revenues","2017-05-27",793,NA,NA,NA,NA,NA,NA,NA,2017-05-01,793,"Total revenues accrual",NA,"OK",NA
"rw","Spain","Revenues","2017-06-01",793,NA,NA,NA,NA,NA,NA,NA,2017-06-01,793,"Total revenues accrual",NA,"OK",NA
"rw","Spain","Revenues","2017-06-04",793,NA,NA,NA,NA,NA,NA,NA,2017-06-01,793,"Total revenues accrual",NA,"OK",NA
"rw","Spain","Revenues","2017-06-05",793,NA,NA,NA,NA,NA,NA,NA,2017-06-01,793,"Total revenues accrual",NA,"OK",NA
"rw","Spain","Revenues","2017-06-15",1596,NA,NA,NA,NA,NA,NA,NA,2017-06-01,1596,"Total revenues accrual",NA,"OK",NA
"rw","Spain","Revenues","2017-06-27",1596,NA,NA,NA,NA,NA,NA,NA,2017-06-01,1596,"Total revenues accrual",NA,"OK",NA
"rw","Spain","Revenues","2017-06-29",1596,NA,NA,NA,NA,NA,NA,NA,2017-06-01,1596,"Total revenues accrual",NA,"OK",NA
"rw","Spain","Revenues","2017-07-01",1596,NA,NA,NA,NA,NA,NA,NA,2017-07-01,1596,"Total revenues accrual",NA,"OK",NA
"rw","Spain","Revenues","2017-07-05",1596,NA,NA,NA,NA,NA,NA,NA,2017-07-01,1596,"Total revenues accrual",NA,"OK",NA
"rw","Spain","Revenues","2017-07-06",1596,NA,NA,NA,NA,NA,NA,NA,2017-07-01,1596,"Total revenues accrual",NA,"OK",NA
"rw","Spain","Revenues","2017-07-15",1596,NA,NA,NA,NA,NA,NA,NA,2017-07-01,1596,"Total revenues accrual",NA,"OK",NA
"rw","Spain","Revenues","2017-07-27",1596,NA,NA,NA,NA,NA,NA,NA,2017-07-01,1596,"Total revenues accrual",NA,"OK",NA
"rw","Spain","Revenues","2017-08-01",1596,NA,NA,NA,NA,NA,NA,NA,2017-08-01,1596,"Total revenues accrual",NA,"OK",NA
"rw","Spain","Revenues","2017-08-02",1596,NA,NA,NA,NA,NA,NA,NA,2017-08-01,1596,"Total revenues accrual",NA,"OK",NA
"rw","Spain","Revenues","2017-08-05",1596,NA,NA,NA,NA,NA,NA,NA,2017-08-01,1596,"Total revenues accrual",NA,"OK",NA
"rw","Spain","Revenues","2017-08-15",1596,NA,NA,NA,NA,NA,NA,NA,2017-08-01,1596,"Total revenues accrual",NA,"OK",NA
"rw","Spain","Revenues","2017-08-27",1596,NA,NA,NA,NA,NA,NA,NA,2017-08-01,1596,"Total revenues accrual",NA,"OK",NA
"rw","Spain","Revenues","2017-08-31",1596,NA,NA,NA,NA,NA,NA,NA,2017-08-01,1596,"Total revenues accrual",NA,"OK",NA
"rw","Spain","Revenues","2017-09-01",1596,NA,NA,NA,NA,NA,NA,NA,2017-09-01,1596,"Total revenues accrual",NA,"OK",NA
"rw","Spain","Revenues","2017-09-05",1596,NA,NA,NA,NA,NA,NA,NA,2017-09-01,1596,"Total revenues accrual",NA,"OK",NA
"rw","Spain","Revenues","2017-09-15",1015,NA,NA,NA,NA,NA,NA,NA,2017-09-01,1015,"Total revenues accrual",NA,"OK",NA
"rw","Spain","Revenues","2017-09-27",1015,NA,NA,NA,NA,NA,NA,NA,2017-09-01,1015,"Total revenues accrual",NA,"OK",NA
"rw","Spain","Revenues","2017-09-28",1015,NA,NA,NA,NA,NA,NA,NA,2017-09-01,1015,"Total revenues accrual",NA,"OK",NA
"rw","Spain","Revenues","2017-10-01",1015,NA,NA,NA,NA,NA,NA,NA,2017-10-01,1015,"Total revenues accrual",NA,"OK",NA
"rw","Spain","Revenues","2017-10-05",1015,NA,NA,NA,NA,NA,NA,NA,2017-10-01,1015,"Total revenues accrual",NA,"OK",NA
"rw","Spain","Revenues","2017-10-07",1015,NA,NA,NA,NA,NA,NA,NA,2017-10-01,1015,"Total revenues accrual",NA,"OK",NA
"rw","Spain","Revenues","2017-10-15",1015,NA,NA,NA,NA,NA,NA,NA,2017-10-01,1015,"Total revenues accrual",NA,"OK",NA
"rw","Spain","Revenues","2017-10-26",1015,NA,NA,NA,NA,NA,NA,NA,2017-10-01,1015,"Total revenues accrual",NA,"OK",NA
"rw","Spain","Revenues","2017-10-27",1015,NA,NA,NA,NA,NA,NA,NA,2017-10-01,1015,"Total revenues accrual",NA,"OK",NA
"rw","Spain","Revenues","2017-11-01",1015,NA,NA,NA,NA,NA,NA,NA,2017-11-01,1015,"Total revenues accrual",NA,"OK",NA
"rw","Spain","Revenues","2017-11-03",1015,NA,NA,NA,NA,NA,NA,NA,2017-11-01,1015,"Total revenues accrual",NA,"OK",NA
"rw","Spain","Revenues","2017-11-05",1015,NA,NA,NA,NA,NA,NA,NA,2017-11-01,1015,"Total revenues accrual",NA,"OK",NA
"rw","Spain","Revenues","2017-11-15",1015,NA,NA,NA,NA,NA,NA,NA,2017-11-01,1015,"Total revenues accrual",NA,"OK",NA
"rw","Spain","Revenues","2017-11-27",1015,NA,NA,NA,NA,NA,NA,NA,2017-11-01,1015,"Total revenues accrual",NA,"OK",NA
"rw","Spain","Revenues","2017-11-30",1015,NA,NA,NA,NA,NA,NA,NA,2017-11-01,1015,"Total revenues accrual",NA,"OK",NA
"rw","Spain","Revenues","2017-12-01",1015,NA,NA,NA,NA,NA,NA,NA,2017-12-01,1015,"Total revenues accrual",NA,"OK",NA
"rw","Spain","Revenues","2017-12-05",1015,NA,NA,NA,NA,NA,NA,NA,2017-12-01,1015,"Total revenues accrual",NA,"OK",NA
"rw","Spain","Revenues","2017-12-15",1127,NA,NA,NA,NA,NA,NA,NA,2017-12-01,1127,"Total revenues accrual",NA,"OK",NA
"rw","Spain","Revenues","2017-12-27",1127,NA,NA,NA,NA,NA,NA,NA,2017-12-01,1127,"Total revenues accrual",NA,"OK",NA
"rw","Spain","Revenues","2017-12-28",1127,NA,NA,NA,NA,NA,NA,NA,2017-12-01,1127,"Total revenues accrual",NA,"OK",NA
"rw","Spain","Revenues","2018-01-01",1127,NA,NA,NA,NA,NA,NA,NA,2018-01-01,1127,"Total revenues accrual",NA,"OK",NA
"rw","Spain","Revenues","2018-01-05",1127,NA,NA,NA,NA,NA,NA,NA,2018-01-01,1127,"Total revenues accrual",NA,"OK",NA
"rw","Spain","Revenues","2018-01-15",1127,NA,NA,NA,NA,NA,NA,NA,2018-01-01,1127,"Total revenues accrual",NA,"OK",NA
"rw","Spain","Revenues","2018-01-25",1127,NA,NA,NA,NA,NA,NA,NA,2018-01-01,1127,"Total revenues accrual",NA,"OK",NA
"rw","Spain","Revenues","2018-01-27",1127,NA,NA,NA,NA,NA,NA,NA,2018-01-01,1127,"Total revenues accrual",NA,"OK",NA
"rw","Spain","Revenues","2018-02-01",1127,NA,NA,NA,NA,NA,NA,NA,2018-02-01,1127,"Total revenues accrual",NA,"OK",NA
"rw","Spain","Revenues","2018-02-04",1127,NA,NA,NA,NA,NA,NA,NA,2018-02-01,1127,"Total revenues accrual",NA,"OK",NA
"rw","Spain","Revenues","2018-02-05",1127,NA,NA,NA,NA,NA,NA,NA,2018-02-01,1127,"Total revenues accrual",NA,"OK",NA
"rw","Spain","Revenues","2018-02-15",1127,NA,NA,NA,NA,NA,NA,NA,2018-02-01,1127,"Total revenues accrual",NA,"OK",NA
"rw","Spain","Revenues","2018-02-22",1127,NA,NA,NA,NA,NA,NA,NA,2018-02-01,1127,"Total revenues accrual",NA,"OK",NA
"rw","Spain","Revenues","2018-02-27",1127,NA,NA,NA,NA,NA,NA,NA,2018-02-01,1127,"Total revenues accrual",NA,"OK",NA
"rw","Spain","Revenues","2018-03-01",1127,NA,NA,NA,NA,NA,NA,NA,2018-03-01,1127,"Total revenues accrual",NA,"OK",NA
"rw","Spain","Revenues","2018-03-04",1127,NA,NA,NA,NA,NA,NA,NA,2018-03-01,1127,"Total revenues accrual",NA,"OK",NA
"rw","Spain","Revenues","2018-03-05",1127,NA,NA,NA,NA,NA,NA,NA,2018-03-01,1127,"Total revenues accrual",NA,"OK",NA
"rw","Spain","Revenues","2018-03-15",2383,NA,NA,NA,NA,NA,NA,NA,2018-03-01,2383,"Total revenues accrual",NA,"OK",NA
"rw","Spain","Revenues","2018-03-27",2383,NA,NA,NA,NA,NA,NA,NA,2018-03-01,2383,"Total revenues accrual",NA,"OK",NA
"rw","Spain","Revenues","2018-03-29",2383,NA,NA,NA,NA,NA,NA,NA,2018-03-01,2383,"Total revenues accrual",NA,"OK",NA
"rw","Spain","Revenues","2018-04-01",2383,NA,NA,NA,NA,NA,NA,NA,2018-04-01,2383,"Total revenues accrual",NA,"OK",NA
"rw","Spain","Revenues","2018-04-05",2383,NA,NA,NA,NA,NA,NA,NA,2018-04-01,2383,"Total revenues accrual",NA,"OK",NA
"rw","Spain","Revenues","2018-04-07",2383,NA,NA,NA,NA,NA,NA,NA,2018-04-01,2383,"Total revenues accrual",NA,"OK",NA
"rw","Spain","Revenues","2018-04-15",2383,NA,NA,NA,NA,NA,NA,NA,2018-04-01,2383,"Total revenues accrual",NA,"OK",NA
"rw","Spain","Revenues","2018-04-26",2383,NA,NA,NA,NA,NA,NA,NA,2018-04-01,2383,"Total revenues accrual",NA,"OK",NA
"rw","Spain","Revenues","2018-04-27",2383,NA,NA,NA,NA,NA,NA,NA,2018-04-01,2383,"Total revenues accrual",NA,"OK",NA
"rw","Spain","Revenues","2018-05-01",2383,NA,NA,NA,NA,NA,NA,NA,2018-05-01,2383,"Total revenues accrual",NA,"OK",NA
"rw","Spain","Revenues","2018-05-02",2383,NA,NA,NA,NA,NA,NA,NA,2018-05-01,2383,"Total revenues accrual",NA,"OK",NA
"rw","Spain","Revenues","2018-05-05",2383,NA,NA,NA,NA,NA,NA,NA,2018-05-01,2383,"Total revenues accrual",NA,"OK",NA
"rw","Spain","Revenues","2018-05-15",2383,NA,NA,NA,NA,NA,NA,NA,2018-05-01,2383,"Total revenues accrual",NA,"OK",NA
"rw","Spain","Revenues","2018-05-27",2383,NA,NA,NA,NA,NA,NA,NA,2018-05-01,2383,"Total revenues accrual",NA,"OK",NA
"rw","Spain","Revenues","2018-05-31",2383,NA,NA,NA,NA,NA,NA,NA,2018-05-01,2383,"Total revenues accrual",NA,"OK",NA
"rw","Spain","Revenues","2018-06-01",2383,NA,NA,NA,NA,NA,NA,NA,2018-06-01,2383,"Total revenues accrual",NA,"OK",NA
"rw","Spain","Revenues","2018-06-05",2383,NA,NA,NA,NA,NA,NA,NA,2018-06-01,2383,"Total revenues accrual",NA,"OK",NA
"rw","Spain","Revenues","2018-06-15",1899,NA,NA,NA,NA,NA,NA,NA,2018-06-01,1899,"Total revenues accrual",NA,"OK",NA
"rw","Spain","Revenues","2018-06-27",1899,NA,NA,NA,NA,NA,NA,NA,2018-06-01,1899,"Total revenues accrual",NA,"OK",NA
"rw","Spain","Revenues","2018-06-28",1899,NA,NA,NA,NA,NA,NA,NA,2018-06-01,1899,"Total revenues accrual",NA,"OK",NA
"rw","Spain","Revenues","2018-07-01",1899,NA,NA,NA,NA,NA,NA,NA,2018-07-01,1899,"Total revenues accrual",NA,"OK",NA
"rw","Spain","Revenues","2018-07-05",1899,NA,NA,NA,NA,NA,NA,NA,2018-07-01,1899,"Total revenues accrual",NA,"OK",NA
"rw","Spain","Revenues","2018-07-07",1899,NA,NA,NA,NA,NA,NA,NA,2018-07-01,1899,"Total revenues accrual",NA,"OK",NA
"rw","Spain","Revenues","2018-07-15",1899,NA,NA,NA,NA,NA,NA,NA,2018-07-01,1899,"Total revenues accrual",NA,"OK",NA
"rw","Spain","Revenues","2018-07-26",1899,NA,NA,NA,NA,NA,NA,NA,2018-07-01,1899,"Total revenues accrual",NA,"OK",NA
"rw","Spain","Revenues","2018-07-27",1899,NA,NA,NA,NA,NA,NA,NA,2018-07-01,1899,"Total revenues accrual",NA,"OK",NA
"rw","Spain","Revenues","2018-08-01",1899,NA,NA,NA,NA,NA,NA,NA,2018-08-01,1899,"Total revenues accrual",NA,"OK",NA
"rw","Spain","Revenues","2018-08-03",1899,NA,NA,NA,NA,NA,NA,NA,2018-08-01,1899,"Total revenues accrual",NA,"OK",NA
"rw","Spain","Revenues","2018-08-05",1899,NA,NA,NA,NA,NA,NA,NA,2018-08-01,1899,"Total revenues accrual",NA,"OK",NA
"rw","Spain","Revenues","2018-08-15",1899,NA,NA,NA,NA,NA,NA,NA,2018-08-01,1899,"Total revenues accrual",NA,"OK",NA
"rw","Spain","Revenues","2018-08-27",1899,NA,NA,NA,NA,NA,NA,NA,2018-08-01,1899,"Total revenues accrual",NA,"OK",NA
"rw","Spain","Revenues","2018-08-30",1899,NA,NA,NA,NA,NA,NA,NA,2018-08-01,1899,"Total revenues accrual",NA,"OK",NA
"rw","Spain","Revenues","2018-09-01",1899,NA,NA,NA,NA,NA,NA,NA,2018-09-01,1899,"Total revenues accrual",NA,"OK",NA
"rw","Spain","Revenues","2018-09-05",1899,NA,NA,NA,NA,NA,NA,NA,2018-09-01,1899,"Total revenues accrual",NA,"OK",NA
"rw","Spain","Revenues","2018-09-06",1899,NA,NA,NA,NA,NA,NA,NA,2018-09-01,1899,"Total revenues accrual",NA,"OK",NA
"rw","Spain","Revenues","2018-09-15",1217,NA,NA,NA,NA,NA,NA,NA,2018-09-01,1217,"Total revenues accrual",NA,"OK",NA
"rw","Spain","Revenues","2018-09-27",1217,NA,NA,NA,NA,NA,NA,NA,2018-09-01,1217,"Total revenues accrual",NA,"OK",NA
"rw","Spain","Revenues","2018-10-01",1217,NA,NA,NA,NA,NA,NA,NA,2018-10-01,1217,"Total revenues accrual",NA,"OK",NA
"rw","Spain","Revenues","2018-10-05",1217,NA,NA,NA,NA,NA,NA,NA,2018-10-01,1217,"Total revenues accrual",NA,"OK",NA
"rw","Spain","Revenues","2018-10-15",1217,NA,NA,NA,NA,NA,NA,NA,2018-10-01,1217,"Total revenues accrual",NA,"OK",NA
"rw","Spain","Revenues","2018-10-25",1217,NA,NA,NA,NA,NA,NA,NA,2018-10-01,1217,"Total revenues accrual",NA,"OK",NA
"rw","Spain","Revenues","2018-10-27",1217,NA,NA,NA,NA,NA,NA,NA,2018-10-01,1217,"Total revenues accrual",NA,"OK",NA
"rw","Spain","Revenues","2018-11-01",1217,NA,NA,NA,NA,NA,NA,NA,2018-11-01,1217,"Total revenues accrual",NA,"OK",NA
"rw","Spain","Revenues","2018-11-04",1217,NA,NA,NA,NA,NA,NA,NA,2018-11-01,1217,"Total revenues accrual",NA,"OK",NA
"rw","Spain","Revenues","2018-11-05",1217,NA,NA,NA,NA,NA,NA,NA,2018-11-01,1217,"Total revenues accrual",NA,"OK",NA
"rw","Spain","Revenues","2018-11-15",1217,NA,NA,NA,NA,NA,NA,NA,2018-11-01,1217,"Total revenues accrual",NA,"OK",NA
"rw","Spain","Revenues","2018-11-27",1217,NA,NA,NA,NA,NA,NA,NA,2018-11-01,1217,"Total revenues accrual",NA,"OK",NA
"rw","Spain","Revenues","2018-11-29",1217,NA,NA,NA,NA,NA,NA,NA,2018-11-01,1217,"Total revenues accrual",NA,"OK",NA
"rw","Spain","Revenues","2018-12-01",1217,NA,NA,NA,NA,NA,NA,NA,2018-12-01,1217,"Total revenues accrual",NA,"OK",NA
"rw","Spain","Revenues","2018-12-05",1217,NA,NA,NA,NA,NA,NA,NA,2018-12-01,1217,"Total revenues accrual",NA,"OK",NA
"rw","Spain","Revenues","2018-12-06",1217,NA,NA,NA,NA,NA,NA,NA,2018-12-01,1217,"Total revenues accrual",NA,"OK",NA
"rw","Spain","Revenues","2018-12-15",3575,NA,NA,NA,NA,NA,NA,NA,2018-12-01,3575,"Total revenues accrual",NA,"OK",NA
"rw","Spain","Revenues","2018-12-27",3575,NA,NA,NA,NA,NA,NA,NA,2018-12-01,3575,"Total revenues accrual",NA,"OK",NA
"rw","Spain","Revenues","2019-01-01",3575,NA,NA,NA,NA,NA,NA,NA,2019-01-01,3575,"Total revenues accrual",NA,"OK",NA
"rw","Spain","Revenues","2019-01-02",3575,NA,NA,NA,NA,NA,NA,NA,2019-01-01,3575,"Total revenues accrual",NA,"OK",NA
"rw","Spain","Revenues","2019-01-05",3575,NA,NA,NA,NA,NA,NA,NA,2019-01-01,3575,"Total revenues accrual",NA,"OK",NA
"rw","Spain","Revenues","2019-01-15",3575,NA,NA,NA,NA,NA,NA,NA,2019-01-01,3575,"Total revenues accrual",NA,"OK",NA
"rw","Spain","Revenues","2019-01-27",3575,NA,NA,NA,NA,NA,NA,NA,2019-01-01,3575,"Total revenues accrual",NA,"OK",NA
"rw","Spain","Revenues","2019-01-31",3575,NA,NA,NA,NA,NA,NA,NA,2019-01-01,3575,"Total revenues accrual",NA,"OK",NA
"rw","Spain","Revenues","2019-02-01",3575,NA,NA,NA,NA,NA,NA,NA,2019-02-01,3575,"Total revenues accrual",NA,"OK",NA
"rw","Spain","Revenues","2019-02-05",3575,NA,NA,NA,NA,NA,NA,NA,2019-02-01,3575,"Total revenues accrual",NA,"OK",NA
"rw","Spain","Revenues","2019-02-15",3575,NA,NA,NA,NA,NA,NA,NA,2019-02-01,3575,"Total revenues accrual",NA,"OK",NA
"rw","Spain","Revenues","2019-02-27",3575,NA,NA,NA,NA,NA,NA,NA,2019-02-01,3575,"Total revenues accrual",NA,"OK",NA
"rw","Spain","Revenues","2019-02-28",3575,NA,NA,NA,NA,NA,NA,NA,2019-02-01,3575,"Total revenues accrual",NA,"OK",NA
"rw","Spain","Revenues","2019-03-01",3575,NA,NA,NA,NA,NA,NA,NA,2019-03-01,3575,"Total revenues accrual",NA,"OK",NA
"rw","Spain","Revenues","2019-03-05",3575,NA,NA,NA,NA,NA,NA,NA,2019-03-01,3575,"Total revenues accrual",NA,"OK",NA
"rw","Spain","Revenues","2019-03-15",-362,NA,NA,NA,NA,NA,NA,NA,2019-03-01,-362,"Total revenues accrual",NA,"OK",NA
"rw","Spain","Revenues","2019-03-27",-362,NA,NA,NA,NA,NA,NA,NA,2019-03-01,-362,"Total revenues accrual",NA,"OK",NA
"rw","Spain","Revenues","2019-03-28",-362,NA,NA,NA,NA,NA,NA,NA,2019-03-01,-362,"Total revenues accrual",NA,"OK",NA
"rw","Spain","Revenues","2019-04-01",-362,NA,NA,NA,NA,NA,NA,NA,2019-04-01,-362,"Total revenues accrual",NA,"OK",NA
"rw","Spain","Revenues","2019-04-05",-362,NA,NA,NA,NA,NA,NA,NA,2019-04-01,-362,"Total revenues accrual",NA,"OK",NA
"rw","Spain","Revenues","2019-04-15",-362,NA,NA,NA,NA,NA,NA,NA,2019-04-01,-362,"Total revenues accrual",NA,"OK",NA
"rw","Spain","Revenues","2019-04-25",-362,NA,NA,NA,NA,NA,NA,NA,2019-04-01,-362,"Total revenues accrual",NA,"OK",NA
"rw","Spain","Revenues","2019-04-27",-362,NA,NA,NA,NA,NA,NA,NA,2019-04-01,-362,"Total revenues accrual",NA,"OK",NA
"rw","Spain","Revenues","2019-05-01",-362,NA,NA,NA,NA,NA,NA,NA,2019-05-01,-362,"Total revenues accrual",NA,"OK",NA
"rw","Spain","Revenues","2019-05-03",-362,NA,NA,NA,NA,NA,NA,NA,2019-05-01,-362,"Total revenues accrual",NA,"OK",NA
"rw","Spain","Revenues","2019-05-05",-362,NA,NA,NA,NA,NA,NA,NA,2019-05-01,-362,"Total revenues accrual",NA,"OK",NA
"rw","Spain","Revenues","2019-05-15",-362,NA,NA,NA,NA,NA,NA,NA,2019-05-01,-362,"Total revenues accrual",NA,"OK",NA
"rw","Spain","Revenues","2019-05-27",-362,NA,NA,NA,NA,NA,NA,NA,2019-05-01,-362,"Total revenues accrual",NA,"OK",NA
"rw","Spain","Revenues","2019-05-30",-362,NA,NA,NA,NA,NA,NA,NA,2019-05-01,-362,"Total revenues accrual",NA,"OK",NA
"rw","Spain","Revenues","2019-06-01",-362,NA,NA,NA,NA,NA,NA,NA,2019-06-01,-362,"Total revenues accrual",NA,"OK",NA
"rw","Spain","Revenues","2019-06-05",-362,NA,NA,NA,NA,NA,NA,NA,2019-06-01,-362,"Total revenues accrual",NA,"OK",NA
"rw","Spain","Revenues","2019-06-06",-362,NA,NA,NA,NA,NA,NA,NA,2019-06-01,-362,"Total revenues accrual",NA,"OK",NA
"rw","Spain","Revenues","2019-06-15",565,NA,NA,NA,NA,NA,NA,NA,2019-06-01,565,"Total revenues accrual",NA,"OK",NA
"rw","Spain","Revenues","2019-06-27",565,NA,NA,NA,NA,NA,NA,NA,2019-06-01,565,"Total revenues accrual",NA,"OK",NA
"rw","Spain","Revenues","2019-07-01",565,NA,NA,NA,NA,NA,NA,NA,2019-07-01,565,"Total revenues accrual",NA,"OK",NA
"rw","Spain","Revenues","2019-07-05",565,NA,NA,NA,NA,NA,NA,NA,2019-07-01,565,"Total revenues accrual",NA,"OK",NA
"rw","Spain","Revenues","2019-07-15",565,NA,NA,NA,NA,NA,NA,NA,2019-07-01,565,"Total revenues accrual",NA,"OK",NA
"rw","Spain","Revenues","2019-07-25",565,NA,NA,NA,NA,NA,NA,NA,2019-07-01,565,"Total revenues accrual",NA,"OK",NA
"rw","Spain","Revenues","2019-07-27",565,NA,NA,NA,NA,NA,NA,NA,2019-07-01,565,"Total revenues accrual",NA,"OK",NA
"rw","Spain","Revenues","2019-08-01",565,NA,NA,NA,NA,NA,NA,NA,2019-08-01,565,"Total revenues accrual",NA,"OK",NA
"rw","Spain","Revenues","2019-08-04",565,NA,NA,NA,NA,NA,NA,NA,2019-08-01,565,"Total revenues accrual",NA,"OK",NA
"rw","Spain","Revenues","2019-08-05",565,NA,NA,NA,NA,NA,NA,NA,2019-08-01,565,"Total revenues accrual",NA,"OK",NA
"rw","Spain","Revenues","2019-08-15",565,NA,NA,NA,NA,NA,NA,NA,2019-08-01,565,"Total revenues accrual",NA,"OK",NA
"rw","Spain","Revenues","2019-08-27",565,NA,NA,NA,NA,NA,NA,NA,2019-08-01,565,"Total revenues accrual",NA,"OK",NA
"rw","Spain","Revenues","2019-08-29",565,NA,NA,NA,NA,NA,NA,NA,2019-08-01,565,"Total revenues accrual",NA,"OK",NA
"rw","Spain","Revenues","2019-09-01",565,NA,NA,NA,NA,NA,NA,NA,2019-09-01,565,"Total revenues accrual",NA,"OK",NA
"rw","Spain","Revenues","2019-09-05",565,NA,NA,NA,NA,NA,NA,NA,2019-09-01,565,"Total revenues accrual",NA,"OK",NA
"rw","Spain","Revenues","2019-09-07",565,NA,NA,NA,NA,NA,NA,NA,2019-09-01,565,"Total revenues accrual",NA,"OK",NA
"rw","Spain","Revenues","2019-09-15",691,NA,NA,NA,NA,NA,NA,NA,2019-09-01,691,"Total revenues accrual",NA,"OK",NA
"rw","Spain","Revenues","2019-09-26",691,NA,NA,NA,NA,NA,NA,NA,2019-09-01,691,"Total revenues accrual",NA,"OK",NA
"rw","Spain","Revenues","2019-09-27",691,NA,NA,NA,NA,NA,NA,NA,2019-09-01,691,"Total revenues accrual",NA,"OK",NA
"rw","Spain","Revenues","2019-10-01",691,NA,NA,NA,NA,NA,NA,NA,2019-10-01,691,"Total revenues accrual",NA,"OK",NA
"rw","Spain","Revenues","2019-10-02",691,NA,NA,NA,NA,NA,NA,NA,2019-10-01,691,"Total revenues accrual",NA,"OK",NA
"rw","Spain","Revenues","2019-10-05",691,NA,NA,NA,NA,NA,NA,NA,2019-10-01,691,"Total revenues accrual",NA,"OK",NA
"rw","Spain","Revenues","2019-10-15",691,NA,NA,NA,NA,NA,NA,NA,2019-10-01,691,"Total revenues accrual",NA,"OK",NA
"rw","Spain","Revenues","2019-10-27",691,NA,NA,NA,NA,NA,NA,NA,2019-10-01,691,"Total revenues accrual",NA,"OK",NA
"rw","Spain","Revenues","2019-10-31",691,NA,NA,NA,NA,NA,NA,NA,2019-10-01,691,"Total revenues accrual",NA,"OK",NA
"rw","Spain","Revenues","2019-11-01",691,NA,NA,NA,NA,NA,NA,NA,2019-11-01,691,"Total revenues accrual",NA,"OK",NA
"rw","Spain","Revenues","2019-11-05",691,NA,NA,NA,NA,NA,NA,NA,2019-11-01,691,"Total revenues accrual",NA,"OK",NA
"rw","Spain","Revenues","2019-11-15",691,NA,NA,NA,NA,NA,NA,NA,2019-11-01,691,"Total revenues accrual",NA,"OK",NA
"rw","Spain","Revenues","2019-11-27",691,NA,NA,NA,NA,NA,NA,NA,2019-11-01,691,"Total revenues accrual",NA,"OK",NA
"rw","Spain","Revenues","2019-11-28",691,NA,NA,NA,NA,NA,NA,NA,2019-11-01,691,"Total revenues accrual",NA,"OK",NA
"rw","Spain","Revenues","2019-12-01",691,NA,NA,NA,NA,NA,NA,NA,2019-12-01,691,"Total revenues accrual",NA,"OK",NA
"rw","Spain","Revenues","2019-12-05",691,NA,NA,NA,NA,NA,NA,NA,2019-12-01,691,"Total revenues accrual",NA,"OK",NA
"rw","Spain","Revenues","2019-12-07",691,NA,NA,NA,NA,NA,NA,NA,2019-12-01,691,"Total revenues accrual",NA,"OK",NA
"rw","Spain","Revenues","2019-12-15",-590,NA,NA,NA,NA,NA,NA,NA,2019-12-01,-590,"Total revenues accrual",NA,"OK",NA
"rw","Spain","Revenues","2019-12-26",-590,NA,NA,NA,NA,NA,NA,NA,2019-12-01,-590,"Total revenues accrual",NA,"OK",NA
"rw","Spain","Revenues","2019-12-27",-590,NA,NA,NA,NA,NA,NA,NA,2019-12-01,-590,"Total revenues accrual",NA,"OK",NA
"rw","Spain","Revenues","2020-01-01",-590,NA,NA,NA,NA,NA,NA,NA,2020-01-01,-590,"Total revenues accrual",NA,"OK",NA
"rw","Spain","Revenues","2020-01-03",-590,NA,NA,NA,NA,NA,NA,NA,2020-01-01,-590,"Total revenues accrual",NA,"OK",NA
"rw","Spain","Revenues","2020-01-05",-590,NA,NA,NA,NA,NA,NA,NA,2020-01-01,-590,"Total revenues accrual",NA,"OK",NA
"rw","Spain","Revenues","2020-01-15",-590,NA,NA,NA,NA,NA,NA,NA,2020-01-01,-590,"Total revenues accrual",NA,"OK",NA
"rw","Spain","Revenues","2020-01-27",-590,NA,NA,NA,NA,NA,NA,NA,2020-01-01,-590,"Total revenues accrual",NA,"OK",NA
"rw","Spain","Revenues","2020-01-30",-590,NA,NA,NA,NA,NA,NA,NA,2020-01-01,-590,"Total revenues accrual",NA,"OK",NA
"rw","Spain","Revenues","2020-02-01",-590,NA,NA,NA,NA,NA,NA,NA,2020-02-01,-590,"Total revenues accrual",NA,"OK",NA
"rw","Spain","Revenues","2020-02-05",-590,NA,NA,NA,NA,NA,NA,NA,2020-02-01,-590,"Total revenues accrual",NA,"OK",NA
"rw","Spain","Revenues","2020-02-06",-590,NA,NA,NA,NA,NA,NA,NA,2020-02-01,-590,"Total revenues accrual",NA,"OK",NA
"rw","Spain","Revenues","2020-02-15",-590,NA,NA,NA,NA,NA,NA,NA,2020-02-01,-590,"Total revenues accrual",NA,"OK",NA
"rw","Spain","Revenues","2020-02-27",-590,NA,NA,NA,NA,NA,NA,NA,2020-02-01,-590,"Total revenues accrual",NA,"OK",NA
"rw","Spain","Revenues","2020-03-01",-590,NA,NA,NA,NA,NA,NA,NA,2020-03-01,-590,"Total revenues accrual",NA,"OK",NA
"rw","Spain","Revenues","2020-03-05",-590,NA,NA,NA,NA,NA,NA,NA,2020-03-01,-590,"Total revenues accrual",NA,"OK",NA
"rw","Spain","Revenues","2020-03-07",-590,NA,NA,NA,NA,NA,NA,NA,2020-03-01,-590,"Total revenues accrual",NA,"OK",NA
"rw","Spain","Revenues","2020-03-15",593,NA,NA,NA,NA,NA,NA,NA,2020-03-01,593,"Total revenues accrual",NA,"OK",NA
"rw","Spain","Revenues","2020-03-26",593,NA,NA,NA,NA,NA,NA,NA,2020-03-01,593,"Total revenues accrual",NA,"OK",NA
"rw","Spain","Revenues","2020-03-27",593,NA,NA,NA,NA,NA,NA,NA,2020-03-01,593,"Total revenues accrual",NA,"OK",NA
"rw","Spain","Revenues","2020-04-01",593,NA,NA,NA,NA,NA,NA,NA,2020-04-01,593,"Total revenues accrual",NA,"OK",NA
"rw","Spain","Revenues","2020-04-03",593,NA,NA,NA,NA,NA,NA,NA,2020-04-01,593,"Total revenues accrual",NA,"OK",NA
"rw","Spain","Revenues","2020-04-05",593,NA,NA,NA,NA,NA,NA,NA,2020-04-01,593,"Total revenues accrual",NA,"OK",NA
"rw","Spain","Revenues","2020-04-15",593,NA,NA,NA,NA,NA,NA,NA,2020-04-01,593,"Total revenues accrual",NA,"OK",NA
"rw","Spain","Revenues","2020-04-27",593,NA,NA,NA,NA,NA,NA,NA,2020-04-01,593,"Total revenues accrual",NA,"OK",NA
"rw","Spain","Revenues","2020-04-30",593,NA,NA,NA,NA,NA,NA,NA,2020-04-01,593,"Total revenues accrual",NA,"OK",NA
"rw","Spain","Revenues","2020-05-01",593,NA,NA,NA,NA,NA,NA,NA,2020-05-01,593,"Total revenues accrual",NA,"OK",NA
"rw","Spain","Revenues","2020-05-05",593,NA,NA,NA,NA,NA,NA,NA,2020-05-01,593,"Total revenues accrual",NA,"OK",NA
"rw","Spain","Revenues","2020-05-15",593,NA,NA,NA,NA,NA,NA,NA,2020-05-01,593,"Total revenues accrual",NA,"OK",NA
"rw","Spain","Revenues","2020-05-27",593,NA,NA,NA,NA,NA,NA,NA,2020-05-01,593,"Total revenues accrual",NA,"OK",NA
"rw","Spain","Revenues","2020-05-28",593,NA,NA,NA,NA,NA,NA,NA,2020-05-01,593,"Total revenues accrual",NA,"OK",NA
"rw","Spain","Revenues","2020-06-01",593,NA,NA,NA,NA,NA,NA,NA,2020-06-01,593,"Total revenues accrual",NA,"OK",NA
"rw","Spain","Revenues","2020-06-05",593,NA,NA,NA,NA,NA,NA,NA,2020-06-01,593,"Total revenues accrual",NA,"OK",NA
"rw","Spain","Revenues","2020-06-15",-18801,NA,NA,NA,NA,NA,NA,NA,2020-06-01,-18801,"Total revenues accrual",NA,"OK",NA
"rw","Spain","Revenues","2020-06-25",-18801,NA,NA,NA,NA,NA,NA,NA,2020-06-01,-18801,"Total revenues accrual",NA,"OK",NA
"rw","Spain","Revenues","2020-06-27",-18801,NA,NA,NA,NA,NA,NA,NA,2020-06-01,-18801,"Total revenues accrual",NA,"OK",NA
"rw","Spain","Revenues","2020-07-01",-18801,NA,NA,NA,NA,NA,NA,NA,2020-07-01,-18801,"Total revenues accrual",NA,"OK",NA
"rw","Spain","Revenues","2020-07-03",-18801,NA,NA,NA,NA,NA,NA,NA,2020-07-01,-18801,"Total revenues accrual",NA,"OK",NA
"rw","Spain","Revenues","2020-07-05",-18801,NA,NA,NA,NA,NA,NA,NA,2020-07-01,-18801,"Total revenues accrual",NA,"OK",NA
"rw","Spain","Revenues","2020-07-15",-18801,NA,NA,NA,NA,NA,NA,NA,2020-07-01,-18801,"Total revenues accrual",NA,"OK",NA
"rw","Spain","Revenues","2020-07-27",-18801,NA,NA,NA,NA,NA,NA,NA,2020-07-01,-18801,"Total revenues accrual",NA,"OK",NA
"rw","Spain","Revenues","2020-07-30",-18801,NA,NA,NA,NA,NA,NA,NA,2020-07-01,-18801,"Total revenues accrual",NA,"OK",NA
"rw","Spain","Revenues","2020-08-01",-18801,NA,NA,NA,NA,NA,NA,NA,2020-08-01,-18801,"Total revenues accrual",NA,"OK",NA
"rw","Spain","Revenues","2020-08-05",-18801,NA,NA,NA,NA,NA,NA,NA,2020-08-01,-18801,"Total revenues accrual",NA,"OK",NA
"rw","Spain","Revenues","2020-08-06",-18801,NA,NA,NA,NA,NA,NA,NA,2020-08-01,-18801,"Total revenues accrual",NA,"OK",NA
"rw","Spain","Revenues","2020-08-15",-18801,NA,NA,NA,NA,NA,NA,NA,2020-08-01,-18801,"Total revenues accrual",NA,"OK",NA
"rw","Spain","Revenues","2020-08-27",-18801,NA,NA,NA,NA,NA,NA,NA,2020-08-01,-18801,"Total revenues accrual",NA,"OK",NA
"rw","Spain","Revenues","2020-09-01",-18801,NA,NA,NA,NA,NA,NA,NA,2020-09-01,-18801,"Total revenues accrual",NA,"OK",NA
"rw","Spain","Revenues","2020-09-02",-18801,NA,NA,NA,NA,NA,NA,NA,2020-09-01,-18801,"Total revenues accrual",NA,"OK",NA
"rw","Spain","Revenues","2020-09-05",-18801,NA,NA,NA,NA,NA,NA,NA,2020-09-01,-18801,"Total revenues accrual",NA,"OK",NA
"rw","Spain","Revenues","2020-09-15",15532,NA,NA,NA,NA,NA,NA,NA,2020-09-01,15532,"Total revenues accrual",NA,"OK",NA
"rw","Spain","Revenues","2020-09-24",15532,NA,NA,NA,NA,NA,NA,NA,2020-09-01,15532,"Total revenues accrual",NA,"OK",NA
"rw","Spain","Revenues","2020-09-27",15532,NA,NA,NA,NA,NA,NA,NA,2020-09-01,15532,"Total revenues accrual",NA,"OK",NA
"rw","Spain","Revenues","2020-10-01",15532,NA,NA,NA,NA,NA,NA,NA,2020-10-01,15532,"Total revenues accrual",NA,"OK",NA
"rw","Spain","Revenues","2020-10-04",15532,NA,NA,NA,NA,NA,NA,NA,2020-10-01,15532,"Total revenues accrual",NA,"OK",NA
"rw","Spain","Revenues","2020-10-05",15532,NA,NA,NA,NA,NA,NA,NA,2020-10-01,15532,"Total revenues accrual",NA,"OK",NA
"rw","Spain","Revenues","2020-10-15",15532,NA,NA,NA,NA,NA,NA,NA,2020-10-01,15532,"Total revenues accrual",NA,"OK",NA
"rw","Spain","Revenues","2020-10-27",15532,NA,NA,NA,NA,NA,NA,NA,2020-10-01,15532,"Total revenues accrual",NA,"OK",NA
"rw","Spain","Revenues","2020-10-29",15532,NA,NA,NA,NA,NA,NA,NA,2020-10-01,15532,"Total revenues accrual",NA,"OK",NA
"rw","Spain","Revenues","2020-11-01",15532,NA,NA,NA,NA,NA,NA,NA,2020-11-01,15532,"Total revenues accrual",NA,"OK",NA
"rw","Spain","Revenues","2020-11-05",15532,NA,NA,NA,NA,NA,NA,NA,2020-11-01,15532,"Total revenues accrual",NA,"OK",NA
"rw","Spain","Revenues","2020-11-07",15532,NA,NA,NA,NA,NA,NA,NA,2020-11-01,15532,"Total revenues accrual",NA,"OK",NA
"rw","Spain","Revenues","2020-11-15",15532,NA,NA,NA,NA,NA,NA,NA,2020-11-01,15532,"Total revenues accrual",NA,"OK",NA
"rw","Spain","Revenues","2020-11-26",15532,NA,NA,NA,NA,NA,NA,NA,2020-11-01,15532,"Total revenues accrual",NA,"OK",NA
"rw","Spain","Revenues","2020-11-27",15532,NA,NA,NA,NA,NA,NA,NA,2020-11-01,15532,"Total revenues accrual",NA,"OK",NA
"rw","Spain","Revenues","2020-12-01",15532,NA,NA,NA,NA,NA,NA,NA,2020-12-01,15532,"Total revenues accrual",NA,"OK",NA
"rw","Spain","Revenues","2020-12-02",15532,NA,NA,NA,NA,NA,NA,NA,2020-12-01,15532,"Total revenues accrual",NA,"OK",NA
"rw","Spain","Revenues","2020-12-05",15532,NA,NA,NA,NA,NA,NA,NA,2020-12-01,15532,"Total revenues accrual",NA,"OK",NA
"rw","Spain","Revenues","2020-12-15",2710,NA,NA,NA,NA,NA,NA,NA,2020-12-01,2710,"Total revenues accrual",NA,"OK",NA
"rw","Spain","Revenues","2020-12-27",2710,NA,NA,NA,NA,NA,NA,NA,2020-12-01,2710,"Total revenues accrual",NA,"OK",NA
"rw","Spain","Revenues","2020-12-31",2710,NA,NA,NA,NA,NA,NA,NA,2020-12-01,2710,"Total revenues accrual",NA,"OK",NA
"rw","Spain","Revenues","2021-01-01",2710,NA,NA,NA,NA,NA,NA,NA,2021-01-01,2710,"Total revenues accrual",NA,"OK",NA
"rw","Spain","Revenues","2021-01-05",2710,NA,NA,NA,NA,NA,NA,NA,2021-01-01,2710,"Total revenues accrual",NA,"OK",NA
"rw","Spain","Revenues","2021-01-15",2710,NA,NA,NA,NA,NA,NA,NA,2021-01-01,2710,"Total revenues accrual",NA,"OK",NA
"rw","Spain","Revenues","2021-01-27",2710,NA,NA,NA,NA,NA,NA,NA,2021-01-01,2710,"Total revenues accrual",NA,"OK",NA
"rw","Spain","Revenues","2021-01-28",2710,NA,NA,NA,NA,NA,NA,NA,2021-01-01,2710,"Total revenues accrual",NA,"OK",NA
"rw","Spain","Revenues","2021-02-01",2710,NA,NA,NA,NA,NA,NA,NA,2021-02-01,2710,"Total revenues accrual",NA,"OK",NA
"rw","Spain","Revenues","2021-02-05",2710,NA,NA,NA,NA,NA,NA,NA,2021-02-01,2710,"Total revenues accrual",NA,"OK",NA
"rw","Spain","Revenues","2021-02-15",2710,NA,NA,NA,NA,NA,NA,NA,2021-02-01,2710,"Total revenues accrual",NA,"OK",NA
"rw","Spain","Revenues","2021-02-25",2710,NA,NA,NA,NA,NA,NA,NA,2021-02-01,2710,"Total revenues accrual",NA,"OK",NA
"rw","Spain","Revenues","2021-02-27",2710,NA,NA,NA,NA,NA,NA,NA,2021-02-01,2710,"Total revenues accrual",NA,"OK",NA
"rw","Spain","Revenues","2021-03-01",2710,NA,NA,NA,NA,NA,NA,NA,2021-03-01,2710,"Total revenues accrual",NA,"OK",NA
"rw","Spain","Revenues","2021-03-05",2710,NA,NA,NA,NA,NA,NA,NA,2021-03-01,2710,"Total revenues accrual",NA,"OK",NA
"rw","Spain","Revenues","2021-03-15",2527,NA,NA,NA,NA,NA,NA,NA,2021-03-01,2527,"Total revenues accrual",NA,"OK",NA
"rw","Spain","Revenues","2021-03-25",2527,NA,NA,NA,NA,NA,NA,NA,2021-03-01,2527,"Total revenues accrual",NA,"OK",NA
"rw","Spain","Revenues","2021-03-27",2527,NA,NA,NA,NA,NA,NA,NA,2021-03-01,2527,"Total revenues accrual",NA,"OK",NA
"rw","Spain","Revenues","2021-04-01",2527,NA,NA,NA,NA,NA,NA,NA,2021-04-01,2527,"Total revenues accrual",NA,"OK",NA
"rw","Spain","Revenues","2021-04-04",2527,NA,NA,NA,NA,NA,NA,NA,2021-04-01,2527,"Total revenues accrual",NA,"OK",NA
"rw","Spain","Revenues","2021-04-05",2527,NA,NA,NA,NA,NA,NA,NA,2021-04-01,2527,"Total revenues accrual",NA,"OK",NA
"rw","Spain","Revenues","2021-04-15",2527,NA,NA,NA,NA,NA,NA,NA,2021-04-01,2527,"Total revenues accrual",NA,"OK",NA
"rw","Spain","Revenues","2021-04-27",2527,NA,NA,NA,NA,NA,NA,NA,2021-04-01,2527,"Total revenues accrual",NA,"OK",NA
"rw","Spain","Revenues","2021-04-29",2527,NA,NA,NA,NA,NA,NA,NA,2021-04-01,2527,"Total revenues accrual",NA,"OK",NA
"rw","Spain","Revenues","2021-05-01",2527,NA,NA,NA,NA,NA,NA,NA,2021-05-01,2527,"Total revenues accrual",NA,"OK",NA
"rw","Spain","Revenues","2021-05-05",2527,NA,NA,NA,NA,NA,NA,NA,2021-05-01,2527,"Total revenues accrual",NA,"OK",NA
"rw","Spain","Revenues","2021-05-06",2527,NA,NA,NA,NA,NA,NA,NA,2021-05-01,2527,"Total revenues accrual",NA,"OK",NA
"rw","Spain","Revenues","2021-05-15",2527,NA,NA,NA,NA,NA,NA,NA,2021-05-01,2527,"Total revenues accrual",NA,"OK",NA
"rw","Spain","Revenues","2021-05-27",2527,NA,NA,NA,NA,NA,NA,NA,2021-05-01,2527,"Total revenues accrual",NA,"OK",NA
"rw","Spain","Revenues","2021-06-01",2527,NA,NA,NA,NA,NA,NA,NA,2021-06-01,2527,"Total revenues accrual",NA,"OK",NA
"rw","Spain","Revenues","2021-06-02",2527,NA,NA,NA,NA,NA,NA,NA,2021-06-01,2527,"Total revenues accrual",NA,"OK",NA
"rw","Spain","Revenues","2021-06-05",2527,NA,NA,NA,NA,NA,NA,NA,2021-06-01,2527,"Total revenues accrual",NA,"OK",NA
"rw","Spain","Revenues","2021-06-15",2451,NA,NA,NA,NA,NA,NA,NA,2021-06-01,2451,"Total revenues accrual",NA,"OK",NA
"rw","Spain","Revenues","2021-06-24",2451,NA,NA,NA,NA,NA,NA,NA,2021-06-01,2451,"Total revenues accrual",NA,"OK",NA
"rw","Spain","Revenues","2021-06-27",2451,NA,NA,NA,NA,NA,NA,NA,2021-06-01,2451,"Total revenues accrual",NA,"OK",NA
"rw","Spain","Revenues","2021-07-01",2451,NA,NA,NA,NA,NA,NA,NA,2021-07-01,2451,"Total revenues accrual",NA,"OK",NA
"rw","Spain","Revenues","2021-07-04",2451,NA,NA,NA,NA,NA,NA,NA,2021-07-01,2451,"Total revenues accrual",NA,"OK",NA
"rw","Spain","Revenues","2021-07-05",2451,NA,NA,NA,NA,NA,NA,NA,2021-07-01,2451,"Total revenues accrual",NA,"OK",NA
"rw","Spain","Revenues","2021-07-15",2451,NA,NA,NA,NA,NA,NA,NA,2021-07-01,2451,"Total revenues accrual",NA,"OK",NA
"rw","Spain","Revenues","2021-07-27",2451,NA,NA,NA,NA,NA,NA,NA,2021-07-01,2451,"Total revenues accrual",NA,"OK",NA
"rw","Spain","Revenues","2021-07-29",2451,NA,NA,NA,NA,NA,NA,NA,2021-07-01,2451,"Total revenues accrual",NA,"OK",NA
"rw","Spain","Revenues","2021-08-01",2451,NA,NA,NA,NA,NA,NA,NA,2021-08-01,2451,"Total revenues accrual",NA,"OK",NA
"rw","Spain","Revenues","2021-08-05",2451,NA,NA,NA,NA,NA,NA,NA,2021-08-01,2451,"Total revenues accrual",NA,"OK",NA
"rw","Spain","Revenues","2021-08-07",2451,NA,NA,NA,NA,NA,NA,NA,2021-08-01,2451,"Total revenues accrual",NA,"OK",NA
"rw","Spain","Revenues","2021-08-15",2451,NA,NA,NA,NA,NA,NA,NA,2021-08-01,2451,"Total revenues accrual",NA,"OK",NA
"rw","Spain","Revenues","2021-08-26",2451,NA,NA,NA,NA,NA,NA,NA,2021-08-01,2451,"Total revenues accrual",NA,"OK",NA
"rw","Spain","Revenues","2021-08-27",2451,NA,NA,NA,NA,NA,NA,NA,2021-08-01,2451,"Total revenues accrual",NA,"OK",NA
"rw","Spain","Revenues","2021-09-01",2451,NA,NA,NA,NA,NA,NA,NA,2021-09-01,2451,"Total revenues accrual",NA,"OK",NA
"rw","Spain","Revenues","2021-09-03",2451,NA,NA,NA,NA,NA,NA,NA,2021-09-01,2451,"Total revenues accrual",NA,"OK",NA
"rw","Spain","Revenues","2021-09-05",2451,NA,NA,NA,NA,NA,NA,NA,2021-09-01,2451,"Total revenues accrual",NA,"OK",NA
"rw","Spain","Revenues","2021-09-15",10291,NA,NA,NA,NA,NA,NA,NA,2021-09-01,10291,"Total revenues accrual",NA,"OK",NA
"rw","Spain","Revenues","2021-09-27",10291,NA,NA,NA,NA,NA,NA,NA,2021-09-01,10291,"Total revenues accrual",NA,"OK",NA
"rw","Spain","Revenues","2021-09-30",10291,NA,NA,NA,NA,NA,NA,NA,2021-09-01,10291,"Total revenues accrual",NA,"OK",NA
"rw","Spain","Revenues","2021-10-01",10291,NA,NA,NA,NA,NA,NA,NA,2021-10-01,10291,"Total revenues accrual",NA,"OK",NA
"rw","Spain","Revenues","2021-10-05",10291,NA,NA,NA,NA,NA,NA,NA,2021-10-01,10291,"Total revenues accrual",NA,"OK",NA
"rw","Spain","Revenues","2021-10-15",10291,NA,NA,NA,NA,NA,NA,NA,2021-10-01,10291,"Total revenues accrual",NA,"OK",NA
"rw","Spain","Revenues","2021-10-27",10291,NA,NA,NA,NA,NA,NA,NA,2021-10-01,10291,"Total revenues accrual",NA,"OK",NA
"rw","Spain","Revenues","2021-10-28",10291,NA,NA,NA,NA,NA,NA,NA,2021-10-01,10291,"Total revenues accrual",NA,"OK",NA
"rw","Spain","Revenues","2021-11-01",10291,NA,NA,NA,NA,NA,NA,NA,2021-11-01,10291,"Total revenues accrual",NA,"OK",NA
"rw","Spain","Revenues","2021-11-05",10291,NA,NA,NA,NA,NA,NA,NA,2021-11-01,10291,"Total revenues accrual",NA,"OK",NA
"rw","Spain","Revenues","2021-11-15",10291,NA,NA,NA,NA,NA,NA,NA,2021-11-01,10291,"Total revenues accrual",NA,"OK",NA
"rw","Spain","Revenues","2021-11-25",10291,NA,NA,NA,NA,NA,NA,NA,2021-11-01,10291,"Total revenues accrual",NA,"OK",NA
"rw","Spain","Revenues","2021-11-27",10291,NA,NA,NA,NA,NA,NA,NA,2021-11-01,10291,"Total revenues accrual",NA,"OK",NA
"rw","Spain","Revenues","2021-12-01",10291,NA,NA,NA,NA,NA,NA,NA,2021-12-01,10291,"Total revenues accrual",NA,"OK",NA
"rw","Spain","Revenues","2021-12-03",10291,NA,NA,NA,NA,NA,NA,NA,2021-12-01,10291,"Total revenues accrual",NA,"OK",NA
"rw","Spain","Revenues","2021-12-05",10291,NA,NA,NA,NA,NA,NA,NA,2021-12-01,10291,"Total revenues accrual",NA,"OK",NA
"rw","Spain","Revenues","2021-12-15",2247,NA,NA,NA,NA,NA,NA,NA,2021-12-01,2247,"Total revenues accrual",NA,"OK",NA
"rw","Spain","Revenues","2021-12-27",2247,NA,NA,NA,NA,NA,NA,NA,2021-12-01,2247,"Total revenues accrual",NA,"OK",NA
"rw","Spain","Revenues","2021-12-30",2247,NA,NA,NA,NA,NA,NA,NA,2021-12-01,2247,"Total revenues accrual",NA,"OK",NA
"rw","Spain","Revenues","2022-01-01",2247,NA,NA,NA,NA,NA,NA,NA,2022-01-01,2247,"Total revenues accrual",NA,"OK",NA
"rw","Spain","Revenues","2022-01-05",2247,NA,NA,NA,NA,NA,NA,NA,2022-01-01,2247,"Total revenues accrual",NA,"OK",NA
"rw","Spain","Revenues","2022-01-06",2247,NA,NA,NA,NA,NA,NA,NA,2022-01-01,2247,"Total revenues accrual",NA,"OK",NA
"rw","Spain","Revenues","2022-01-15",2247,NA,NA,NA,NA,NA,NA,NA,2022-01-01,2247,"Total revenues accrual",NA,"OK",NA
"rw","Spain","Revenues","2022-01-27",2247,NA,NA,NA,NA,NA,NA,NA,2022-01-01,2247,"Total revenues accrual",NA,"OK",NA
"rw","Spain","Revenues","2022-02-01",2247,NA,NA,NA,NA,NA,NA,NA,2022-02-01,2247,"Total revenues accrual",NA,"OK",NA
"rw","Spain","Revenues","2022-02-02",2247,NA,NA,NA,NA,NA,NA,NA,2022-02-01,2247,"Total revenues accrual",NA,"OK",NA
"rw","Spain","Revenues","2022-02-05",2247,NA,NA,NA,NA,NA,NA,NA,2022-02-01,2247,"Total revenues accrual",NA,"OK",NA
"rw","Spain","Revenues","2022-02-15",2247,NA,NA,NA,NA,NA,NA,NA,2022-02-01,2247,"Total revenues accrual",NA,"OK",NA
"rw","Spain","Revenues","2022-02-24",2247,NA,NA,NA,NA,NA,NA,NA,2022-02-01,2247,"Total revenues accrual",NA,"OK",NA
"rw","Spain","Revenues","2022-02-27",2247,NA,NA,NA,NA,NA,NA,NA,2022-02-01,2247,"Total revenues accrual",NA,"OK",NA
"rw","Spain","Revenues","2022-03-01",2247,NA,NA,NA,NA,NA,NA,NA,2022-03-01,2247,"Total revenues accrual",NA,"OK",NA
"rw","Spain","Revenues","2022-03-02",2247,NA,NA,NA,NA,NA,NA,NA,2022-03-01,2247,"Total revenues accrual",NA,"OK",NA
"rw","Spain","Revenues","2022-03-05",2247,NA,NA,NA,NA,NA,NA,NA,2022-03-01,2247,"Total revenues accrual",NA,"OK",NA
"rw","Spain","Revenues","2022-03-15",-626,NA,NA,NA,NA,NA,NA,NA,2022-03-01,-626,"Total revenues accrual",NA,"OK",NA
"rw","Spain","Revenues","2022-03-27",-626,NA,NA,NA,NA,NA,NA,NA,2022-03-01,-626,"Total revenues accrual",NA,"OK",NA
"rw","Spain","Revenues","2022-03-31",-626,NA,NA,NA,NA,NA,NA,NA,2022-03-01,-626,"Total revenues accrual",NA,"OK",NA
"rw","Spain","Revenues","2022-04-01",-626,NA,NA,NA,NA,NA,NA,NA,2022-04-01,-626,"Total revenues accrual",NA,"OK",NA
"rw","Spain","Revenues","2022-04-05",-626,NA,NA,NA,NA,NA,NA,NA,2022-04-01,-626,"Total revenues accrual",NA,"OK",NA
"rw","Spain","Revenues","2022-04-15",-626,NA,NA,NA,NA,NA,NA,NA,2022-04-01,-626,"Total revenues accrual",NA,"OK",NA
"rw","Spain","Revenues","2022-04-27",-626,NA,NA,NA,NA,NA,NA,NA,2022-04-01,-626,"Total revenues accrual",NA,"OK",NA
"rw","Spain","Revenues","2022-04-28",-626,NA,NA,NA,NA,NA,NA,NA,2022-04-01,-626,"Total revenues accrual",NA,"OK",NA
"rw","Spain","Revenues","2022-05-01",-626,NA,NA,NA,NA,NA,NA,NA,2022-05-01,-626,"Total revenues accrual",NA,"OK",NA
"rw","Spain","Revenues","2022-05-05",-626,NA,NA,NA,NA,NA,NA,NA,2022-05-01,-626,"Total revenues accrual",NA,"OK",NA
"rw","Spain","Revenues","2022-05-07",-626,NA,NA,NA,NA,NA,NA,NA,2022-05-01,-626,"Total revenues accrual",NA,"OK",NA
"rw","Spain","Revenues","2022-05-15",-626,NA,NA,NA,NA,NA,NA,NA,2022-05-01,-626,"Total revenues accrual",NA,"OK",NA
"rw","Spain","Revenues","2022-05-26",-626,NA,NA,NA,NA,NA,NA,NA,2022-05-01,-626,"Total revenues accrual",NA,"OK",NA
"rw","Spain","Revenues","2022-05-27",-626,NA,NA,NA,NA,NA,NA,NA,2022-05-01,-626,"Total revenues accrual",NA,"OK",NA
"rw","Spain","Revenues","2022-06-01",-626,NA,NA,NA,NA,NA,NA,NA,2022-06-01,-626,"Total revenues accrual",NA,"OK",NA
"rw","Spain","Revenues","2022-06-03",-626,NA,NA,NA,NA,NA,NA,NA,2022-06-01,-626,"Total revenues accrual",NA,"OK",NA
"rw","Spain","Revenues","2022-06-05",-626,NA,NA,NA,NA,NA,NA,NA,2022-06-01,-626,"Total revenues accrual",NA,"OK",NA
"rw","Spain","Revenues","2022-06-15",3301,NA,NA,NA,NA,NA,NA,NA,2022-06-01,3301,"Total revenues accrual",NA,"OK",NA
"rw","Spain","Revenues","2022-06-27",3301,NA,NA,NA,NA,NA,NA,NA,2022-06-01,3301,"Total revenues accrual",NA,"OK",NA
"rw","Spain","Revenues","2022-06-30",3301,NA,NA,NA,NA,NA,NA,NA,2022-06-01,3301,"Total revenues accrual",NA,"OK",NA
"rw","Spain","Revenues","2022-07-01",3301,NA,NA,NA,NA,NA,NA,NA,2022-07-01,3301,"Total revenues accrual",NA,"OK",NA
"rw","Spain","Revenues","2022-07-05",3301,NA,NA,NA,NA,NA,NA,NA,2022-07-01,3301,"Total revenues accrual",NA,"OK",NA
"rw","Spain","Revenues","2022-07-15",3301,NA,NA,NA,NA,NA,NA,NA,2022-07-01,3301,"Total revenues accrual",NA,"OK",NA
"rw","Spain","Revenues","2022-07-27",3301,NA,NA,NA,NA,NA,NA,NA,2022-07-01,3301,"Total revenues accrual",NA,"OK",NA
"rw","Spain","Revenues","2022-07-28",3301,NA,NA,NA,NA,NA,NA,NA,2022-07-01,3301,"Total revenues accrual",NA,"OK",NA
"rw","Spain","Revenues","2022-08-01",3301,NA,NA,NA,NA,NA,NA,NA,2022-08-01,3301,"Total revenues accrual",NA,"OK",NA
"rw","Spain","Revenues","2022-08-05",3301,NA,NA,NA,NA,NA,NA,NA,2022-08-01,3301,"Total revenues accrual",NA,"OK",NA
"rw","Spain","Revenues","2022-08-15",3301,NA,NA,NA,NA,NA,NA,NA,2022-08-01,3301,"Total revenues accrual",NA,"OK",NA
"rw","Spain","Revenues","2022-08-25",3301,NA,NA,NA,NA,NA,NA,NA,2022-08-01,3301,"Total revenues accrual",NA,"OK",NA
"rw","Spain","Revenues","2022-08-27",3301,NA,NA,NA,NA,NA,NA,NA,2022-08-01,3301,"Total revenues accrual",NA,"OK",NA
"rw","Spain","Revenues","2022-09-01",3301,NA,NA,NA,NA,NA,NA,NA,2022-09-01,3301,"Total revenues accrual",NA,"OK",NA
"rw","Spain","Revenues","2022-09-04",3301,NA,NA,NA,NA,NA,NA,NA,2022-09-01,3301,"Total revenues accrual",NA,"OK",NA
"rw","Spain","Revenues","2022-09-05",3301,NA,NA,NA,NA,NA,NA,NA,2022-09-01,3301,"Total revenues accrual",NA,"OK",NA
"rw","Spain","Revenues","2022-09-15",3769,NA,NA,NA,NA,NA,NA,NA,2022-09-01,3769,"Total revenues accrual",NA,"OK",NA
"rw","Spain","Revenues","2022-09-27",3769,NA,NA,NA,NA,NA,NA,NA,2022-09-01,3769,"Total revenues accrual",NA,"OK",NA
"rw","Spain","Revenues","2022-09-29",3769,NA,NA,NA,NA,NA,NA,NA,2022-09-01,3769,"Total revenues accrual",NA,"OK",NA
"rw","Spain","Revenues","2022-10-01",3769,NA,NA,NA,NA,NA,NA,NA,2022-10-01,3769,"Total revenues accrual",NA,"OK",NA
"rw","Spain","Revenues","2022-10-05",3769,NA,NA,NA,NA,NA,NA,NA,2022-10-01,3769,"Total revenues accrual",NA,"OK",NA
"rw","Spain","Revenues","2022-10-06",3769,NA,NA,NA,NA,NA,NA,NA,2022-10-01,3769,"Total revenues accrual",NA,"OK",NA
"rw","Spain","Revenues","2022-10-15",3769,NA,NA,NA,NA,NA,NA,NA,2022-10-01,3769,"Total revenues accrual",NA,"OK",NA
"rw","Spain","Revenues","2022-10-27",3769,NA,NA,NA,NA,NA,NA,NA,2022-10-01,3769,"Total revenues accrual",NA,"OK",NA
"rw","Spain","Revenues","2022-11-01",3769,NA,NA,NA,NA,NA,NA,NA,2022-11-01,3769,"Total revenues accrual",NA,"OK",NA
"rw","Spain","Revenues","2022-11-02",3769,NA,NA,NA,NA,NA,NA,NA,2022-11-01,3769,"Total revenues accrual",NA,"OK",NA
"rw","Spain","Revenues","2022-11-05",3769,NA,NA,NA,NA,NA,NA,NA,2022-11-01,3769,"Total revenues accrual",NA,"OK",NA
"rw","Spain","Revenues","2022-11-15",3769,NA,NA,NA,NA,NA,NA,NA,2022-11-01,3769,"Total revenues accrual",NA,"OK",NA
"rw","Spain","Revenues","2022-11-24",3769,NA,NA,NA,NA,NA,NA,NA,2022-11-01,3769,"Total revenues accrual",NA,"OK",NA
"rw","Spain","Revenues","2022-11-27",3769,NA,NA,NA,NA,NA,NA,NA,2022-11-01,3769,"Total revenues accrual",NA,"OK",NA
"rw","Spain","Revenues","2022-12-01",3769,NA,NA,NA,NA,NA,NA,NA,2022-12-01,3769,"Total revenues accrual",NA,"OK",NA
"rw","Spain","Revenues","2022-12-04",3769,NA,NA,NA,NA,NA,NA,NA,2022-12-01,3769,"Total revenues accrual",NA,"OK",NA
"rw","Spain","Revenues","2022-12-05",3769,NA,NA,NA,NA,NA,NA,NA,2022-12-01,3769,"Total revenues accrual",NA,"OK",NA
"rw","Spain","Revenues","2022-12-15",351,NA,NA,NA,NA,NA,NA,NA,2022-12-01,351,"Total revenues accrual",NA,"OK",NA
"rw","Spain","Revenues","2022-12-27",351,NA,NA,NA,NA,NA,NA,NA,2022-12-01,351,"Total revenues accrual",NA,"OK",NA
"rw","Spain","Revenues","2022-12-29",351,NA,NA,NA,NA,NA,NA,NA,2022-12-01,351,"Total revenues accrual",NA,"OK",NA
"rw","Spain","Revenues","2023-01-01",351,NA,NA,NA,NA,NA,NA,NA,2023-01-01,351,"Total revenues accrual",NA,"OK",NA
"rw","Spain","Revenues","2023-01-05",351,NA,NA,NA,NA,NA,NA,NA,2023-01-01,351,"Total revenues accrual",NA,"OK",NA
"rw","Spain","Revenues","2023-01-07",351,NA,NA,NA,NA,NA,NA,NA,2023-01-01,351,"Total revenues accrual",NA,"OK",NA
"rw","Spain","Revenues","2023-01-15",351,NA,NA,NA,NA,NA,NA,NA,2023-01-01,351,"Total revenues accrual",NA,"OK",NA
"rw","Spain","Revenues","2023-01-26",351,NA,NA,NA,NA,NA,NA,NA,2023-01-01,351,"Total revenues accrual",NA,"OK",NA
"rw","Spain","Revenues","2023-01-27",351,NA,NA,NA,NA,NA,NA,NA,2023-01-01,351,"Total revenues accrual",NA,"OK",NA
"rw","Spain","Revenues","2023-02-01",351,NA,NA,NA,NA,NA,NA,NA,2023-02-01,351,"Total revenues accrual",NA,"OK",NA
"rw","Spain","Revenues","2023-02-03",351,NA,NA,NA,NA,NA,NA,NA,2023-02-01,351,"Total revenues accrual",NA,"OK",NA
"rw","Spain","Revenues","2023-02-05",351,NA,NA,NA,NA,NA,NA,NA,2023-02-01,351,"Total revenues accrual",NA,"OK",NA
"rw","Spain","Revenues","2023-02-15",351,NA,NA,NA,NA,NA,NA,NA,2023-02-01,351,"Total revenues accrual",NA,"OK",NA
"rw","Spain","Revenues","2023-02-23",351,NA,NA,NA,NA,NA,NA,NA,2023-02-01,351,"Total revenues accrual",NA,"OK",NA
"rw","Spain","Revenues","2023-02-27",351,NA,NA,NA,NA,NA,NA,NA,2023-02-01,351,"Total revenues accrual",NA,"OK",NA
"rw","Spain","Revenues","2023-03-01",351,NA,NA,NA,NA,NA,NA,NA,2023-03-01,351,"Total revenues accrual",NA,"OK",NA
"rw","Spain","Revenues","2023-03-03",351,NA,NA,NA,NA,NA,NA,NA,2023-03-01,351,"Total revenues accrual",NA,"OK",NA
"rw","Spain","Revenues","2023-03-05",351,NA,NA,NA,NA,NA,NA,NA,2023-03-01,351,"Total revenues accrual",NA,"OK",NA
"rw","Spain","Revenues","2023-03-15",7552,NA,NA,NA,NA,NA,NA,NA,2023-03-01,7552,"Total revenues accrual",NA,"OK",NA
"rw","Spain","Revenues","2023-03-27",7552,NA,NA,NA,NA,NA,NA,NA,2023-03-01,7552,"Total revenues accrual",NA,"OK",NA
"rw","Spain","Revenues","2023-03-30",7552,NA,NA,NA,NA,NA,NA,NA,2023-03-01,7552,"Total revenues accrual",NA,"OK",NA
"rw","Spain","Revenues","2023-04-01",7552,NA,NA,NA,NA,NA,NA,NA,2023-04-01,7552,"Total revenues accrual",NA,"OK",NA
"rw","Spain","Revenues","2023-04-05",7552,NA,NA,NA,NA,NA,NA,NA,2023-04-01,7552,"Total revenues accrual",NA,"OK",NA
"rw","Spain","Revenues","2023-04-06",7552,NA,NA,NA,NA,NA,NA,NA,2023-04-01,7552,"Total revenues accrual",NA,"OK",NA
"rw","Spain","Revenues","2023-04-15",7552,NA,NA,NA,NA,NA,NA,NA,2023-04-01,7552,"Total revenues accrual",NA,"OK",NA
"rw","Spain","Revenues","2023-04-27",7552,NA,NA,NA,NA,NA,NA,NA,2023-04-01,7552,"Total revenues accrual",NA,"OK",NA
"rw","Spain","Revenues","2023-05-01",7552,NA,NA,NA,NA,NA,NA,NA,2023-05-01,7552,"Total revenues accrual",NA,"OK",NA
"rw","Spain","Revenues","2023-05-05",7552,NA,NA,NA,NA,NA,NA,NA,2023-05-01,7552,"Total revenues accrual",NA,"OK",NA
"rw","Spain","Revenues","2023-05-15",7552,NA,NA,NA,NA,NA,NA,NA,2023-05-01,7552,"Total revenues accrual",NA,"OK",NA
"rw","Spain","Revenues","2023-05-25",7552,NA,NA,NA,NA,NA,NA,NA,2023-05-01,7552,"Total revenues accrual",NA,"OK",NA
"rw","Spain","Revenues","2023-05-27",7552,NA,NA,NA,NA,NA,NA,NA,2023-05-01,7552,"Total revenues accrual",NA,"OK",NA
"rw","Spain","Revenues","2023-06-01",7552,NA,NA,NA,NA,NA,NA,NA,2023-06-01,7552,"Total revenues accrual",NA,"OK",NA
"rw","Spain","Revenues","2023-06-04",7552,NA,NA,NA,NA,NA,NA,NA,2023-06-01,7552,"Total revenues accrual",NA,"OK",NA
"rw","Spain","Revenues","2023-06-05",7552,NA,NA,NA,NA,NA,NA,NA,2023-06-01,7552,"Total revenues accrual",NA,"OK",NA
"rw","Spain","Revenues","2023-06-15",425,NA,NA,NA,NA,NA,NA,NA,2023-06-01,425,"Total revenues accrual",NA,"OK",NA
"rw","Spain","Revenues","2023-06-27",425,NA,NA,NA,NA,NA,NA,NA,2023-06-01,425,"Total revenues accrual",NA,"OK",NA
"rw","Spain","Revenues","2023-06-29",425,NA,NA,NA,NA,NA,NA,NA,2023-06-01,425,"Total revenues accrual",NA,"OK",NA
"rw","Spain","Revenues","2023-07-01",425,NA,NA,NA,NA,NA,NA,NA,2023-07-01,425,"Total revenues accrual",NA,"OK",NA
"rw","Spain","Revenues","2023-07-05",425,NA,NA,NA,NA,NA,NA,NA,2023-07-01,425,"Total revenues accrual",NA,"OK",NA
"rw","Spain","Revenues","2023-07-06",425,NA,NA,NA,NA,NA,NA,NA,2023-07-01,425,"Total revenues accrual",NA,"OK",NA
"rw","Spain","Revenues","2023-07-15",425,NA,NA,NA,NA,NA,NA,NA,2023-07-01,425,"Total revenues accrual",NA,"OK",NA
"rw","Spain","Revenues","2023-07-27",425,NA,NA,NA,NA,NA,NA,NA,2023-07-01,425,"Total revenues accrual",NA,"OK",NA
"rw","Spain","Revenues","2023-08-01",425,NA,NA,NA,NA,NA,NA,NA,2023-08-01,425,"Total revenues accrual",NA,"OK",NA
"rw","Spain","Revenues","2023-08-02",425,NA,NA,NA,NA,NA,NA,NA,2023-08-01,425,"Total revenues accrual",NA,"OK",NA
"rw","Spain","Revenues","2023-08-05",425,NA,NA,NA,NA,NA,NA,NA,2023-08-01,425,"Total revenues accrual",NA,"OK",NA
"rw","Spain","Revenues","2023-08-15",425,NA,NA,NA,NA,NA,NA,NA,2023-08-01,425,"Total revenues accrual",NA,"OK",NA
"rw","Spain","Revenues","2023-08-27",425,NA,NA,NA,NA,NA,NA,NA,2023-08-01,425,"Total revenues accrual",NA,"OK",NA
"rw","Spain","Revenues","2023-08-31",425,NA,NA,NA,NA,NA,NA,NA,2023-08-01,425,"Total revenues accrual",NA,"OK",NA
"rw","Spain","Revenues","2023-09-01",425,NA,NA,NA,NA,NA,NA,NA,2023-09-01,425,"Total revenues accrual",NA,"OK",NA
"rw","Spain","Revenues","2023-09-05",425,NA,NA,NA,NA,NA,NA,NA,2023-09-01,425,"Total revenues accrual",NA,"OK",NA
"rw","Spain","Revenues","2023-09-15",3162,NA,NA,NA,NA,NA,NA,NA,2023-09-01,3162,"Total revenues accrual",NA,"OK",NA
"rw","Spain","Revenues","2023-09-27",3162,NA,NA,NA,NA,NA,NA,NA,2023-09-01,3162,"Total revenues accrual",NA,"OK",NA
"rw","Spain","Revenues","2023-09-28",3162,NA,NA,NA,NA,NA,NA,NA,2023-09-01,3162,"Total revenues accrual",NA,"OK",NA
"rw","Spain","Revenues","2023-10-01",3162,NA,NA,NA,NA,NA,NA,NA,2023-10-01,3162,"Total revenues accrual",NA,"OK",NA
"rw","Spain","Revenues","2023-10-05",3162,NA,NA,NA,NA,NA,NA,NA,2023-10-01,3162,"Total revenues accrual",NA,"OK",NA
"rw","Spain","Revenues","2023-10-07",3162,NA,NA,NA,NA,NA,NA,NA,2023-10-01,3162,"Total revenues accrual",NA,"OK",NA
"rw","Spain","Revenues","2023-10-15",3162,NA,NA,NA,NA,NA,NA,NA,2023-10-01,3162,"Total revenues accrual",NA,"OK",NA
"rw","Spain","Revenues","2023-10-26",3162,NA,NA,NA,NA,NA,NA,NA,2023-10-01,3162,"Total revenues accrual",NA,"OK",NA
"rw","Spain","Revenues","2023-10-27",3162,NA,NA,NA,NA,NA,NA,NA,2023-10-01,3162,"Total revenues accrual",NA,"OK",NA
"rw","Spain","Revenues","2023-11-01",3162,NA,NA,NA,NA,NA,NA,NA,2023-11-01,3162,"Total revenues accrual",NA,"OK",NA
"rw","Spain","Revenues","2023-11-03",3162,NA,NA,NA,NA,NA,NA,NA,2023-11-01,3162,"Total revenues accrual",NA,"OK",NA
"rw","Spain","Revenues","2023-11-05",3162,NA,NA,NA,NA,NA,NA,NA,2023-11-01,3162,"Total revenues accrual",NA,"OK",NA
"rw","Spain","Revenues","2023-11-15",3162,NA,NA,NA,NA,NA,NA,NA,2023-11-01,3162,"Total revenues accrual",NA,"OK",NA
"rw","Spain","Revenues","2023-11-27",3162,NA,NA,NA,NA,NA,NA,NA,2023-11-01,3162,"Total revenues accrual",NA,"OK",NA
"rw","Spain","Revenues","2023-11-30",3162,NA,NA,NA,NA,NA,NA,NA,2023-11-01,3162,"Total revenues accrual",NA,"OK",NA
"rw","Spain","Revenues","2023-12-01",3162,NA,NA,NA,NA,NA,NA,NA,2023-12-01,3162,"Total revenues accrual",NA,"OK",NA
"rw","Spain","Revenues","2023-12-05",3162,NA,NA,NA,NA,NA,NA,NA,2023-12-01,3162,"Total revenues accrual",NA,"OK",NA
"rw","Spain","Revenues","2023-12-15",6487,NA,NA,NA,NA,NA,NA,NA,2023-12-01,6487,"Total revenues accrual",NA,"OK",NA
"rw","Spain","Revenues","2023-12-27",6487,NA,NA,NA,NA,NA,NA,NA,2023-12-01,6487,"Total revenues accrual",NA,"OK",NA
"rw","Spain","Revenues","2023-12-28",6487,NA,NA,NA,NA,NA,NA,NA,2023-12-01,6487,"Total revenues accrual",NA,"OK",NA
"rw","Spain","Revenues","2024-01-01",6487,NA,NA,NA,NA,NA,NA,NA,2024-01-01,6487,"Total revenues accrual",NA,"OK",NA
"rw","Spain","Revenues","2024-01-05",6487,NA,NA,NA,NA,NA,NA,NA,2024-01-01,6487,"Total revenues accrual",NA,"OK",NA
"rw","Spain","Revenues","2024-01-15",6487,NA,NA,NA,NA,NA,NA,NA,2024-01-01,6487,"Total revenues accrual",NA,"OK",NA
"rw","Spain","Revenues","2024-01-25",6487,NA,NA,NA,NA,NA,NA,NA,2024-01-01,6487,"Total revenues accrual",NA,"OK",NA
"rw","Spain","Revenues","2024-01-27",6487,NA,NA,NA,NA,NA,NA,NA,2024-01-01,6487,"Total revenues accrual",NA,"OK",NA
"rw","Spain","Revenues","2024-02-01",6487,NA,NA,NA,NA,NA,NA,NA,2024-02-01,6487,"Total revenues accrual",NA,"OK",NA
"rw","Spain","Revenues","2024-02-04",6487,NA,NA,NA,NA,NA,NA,NA,2024-02-01,6487,"Total revenues accrual",NA,"OK",NA
"rw","Spain","Revenues","2024-02-05",6487,NA,NA,NA,NA,NA,NA,NA,2024-02-01,6487,"Total revenues accrual",NA,"OK",NA
"rw","Spain","Revenues","2024-02-15",6487,NA,NA,NA,NA,NA,NA,NA,2024-02-01,6487,"Total revenues accrual",NA,"OK",NA
"rw","Spain","Revenues","2024-02-27",6487,NA,NA,NA,NA,NA,NA,NA,2024-02-01,6487,"Total revenues accrual",NA,"OK",NA
"rw","Spain","Revenues","2024-02-29",6487,NA,NA,NA,NA,NA,NA,NA,2024-02-01,6487,"Total revenues accrual",NA,"OK",NA
"rw","Spain","Revenues","2024-03-01",6487,NA,NA,NA,NA,NA,NA,NA,2024-03-01,6487,"Total revenues accrual",NA,"OK",NA
"rw","Spain","Revenues","2024-03-05",6487,NA,NA,NA,NA,NA,NA,NA,2024-03-01,6487,"Total revenues accrual",NA,"OK",NA
"rw","Spain","Revenues","2024-03-15",-984,NA,NA,NA,NA,NA,NA,NA,2024-03-01,-984,"Total revenues accrual",NA,"OK",NA
"rw","Spain","Revenues","2024-03-27",-984,NA,NA,NA,NA,NA,NA,NA,2024-03-01,-984,"Total revenues accrual",NA,"OK",NA
"rw","Spain","Revenues","2024-03-28",-984,NA,NA,NA,NA,NA,NA,NA,2024-03-01,-984,"Total revenues accrual",NA,"OK",NA
"rw","Spain","Revenues","2024-04-01",-984,NA,NA,NA,NA,NA,NA,NA,2024-04-01,-984,"Total revenues accrual",NA,"OK",NA
"rw","Spain","Revenues","2024-04-05",-984,NA,NA,NA,NA,NA,NA,NA,2024-04-01,-984,"Total revenues accrual",NA,"OK",NA
"rw","Spain","Revenues","2024-04-15",-984,NA,NA,NA,NA,NA,NA,NA,2024-04-01,-984,"Total revenues accrual",NA,"OK",NA
"rw","Spain","Revenues","2024-04-25",-984,NA,NA,NA,NA,NA,NA,NA,2024-04-01,-984,"Total revenues accrual",NA,"OK",NA
"rw","Spain","Revenues","2024-04-27",-984,NA,NA,NA,NA,NA,NA,NA,2024-04-01,-984,"Total revenues accrual",NA,"OK",NA
"rw","Spain","Revenues","2024-05-01",-984,NA,NA,NA,NA,NA,NA,NA,2024-05-01,-984,"Total revenues accrual",NA,"OK",NA
"rw","Spain","Revenues","2024-05-03",-984,NA,NA,NA,NA,NA,NA,NA,2024-05-01,-984,"Total revenues accrual",NA,"OK",NA
"rw","Spain","Revenues","2024-05-05",-984,NA,NA,NA,NA,NA,NA,NA,2024-05-01,-984,"Total revenues accrual",NA,"OK",NA
"rw","Spain","Revenues","2024-05-15",-984,NA,NA,NA,NA,NA,NA,NA,2024-05-01,-984,"Total revenues accrual",NA,"OK",NA
"rw","Spain","Revenues","2024-05-27",-984,NA,NA,NA,NA,NA,NA,NA,2024-05-01,-984,"Total revenues accrual",NA,"OK",NA
"rw","Spain","Revenues","2024-05-30",-984,NA,NA,NA,NA,NA,NA,NA,2024-05-01,-984,"Total revenues accrual",NA,"OK",NA
"rw","Spain","Revenues","2024-06-01",-984,NA,NA,NA,NA,NA,NA,NA,2024-06-01,-984,"Total revenues accrual",NA,"OK",NA
"rw","Spain","Revenues","2024-06-05",-984,NA,NA,NA,NA,NA,NA,NA,2024-06-01,-984,"Total revenues accrual",NA,"OK",NA
"rw","Spain","Revenues","2024-06-06",-984,NA,NA,NA,NA,NA,NA,NA,2024-06-01,-984,"Total revenues accrual",NA,"OK",NA
"rw","Spain","Revenues","2024-06-15",3290,NA,NA,NA,NA,NA,NA,NA,2024-06-01,3290,"Total revenues accrual",NA,"OK",NA
"rw","Spain","Revenues","2024-06-27",3290,NA,NA,NA,NA,NA,NA,NA,2024-06-01,3290,"Total revenues accrual",NA,"OK",NA
"rw","Spain","Revenues","2024-07-01",3290,NA,NA,NA,NA,NA,NA,NA,2024-07-01,3290,"Total revenues accrual",NA,"OK",NA
"rw","Spain","Revenues","2024-07-05",3290,NA,NA,NA,NA,NA,NA,NA,2024-07-01,3290,"Total revenues accrual",NA,"OK",NA
"rw","Spain","Revenues","2024-07-15",3290,NA,NA,NA,NA,NA,NA,NA,2024-07-01,3290,"Total revenues accrual",NA,"OK",NA
"rw","Spain","Revenues","2024-07-25",3290,NA,NA,NA,NA,NA,NA,NA,2024-07-01,3290,"Total revenues accrual",NA,"OK",NA
"rw","Spain","Revenues","2024-07-27",3290,NA,NA,NA,NA,NA,NA,NA,2024-07-01,3290,"Total revenues accrual",NA,"OK",NA
"rw","Spain","Revenues","2024-08-01",3290,NA,NA,NA,NA,NA,NA,NA,2024-08-01,3290,"Total revenues accrual",NA,"OK",NA
"rw","Spain","Revenues","2024-08-04",3290,NA,NA,NA,NA,NA,NA,NA,2024-08-01,3290,"Total revenues accrual",NA,"OK",NA
"rw","Spain","Revenues","2024-08-05",3290,NA,NA,NA,NA,NA,NA,NA,2024-08-01,3290,"Total revenues accrual",NA,"OK",NA
"rw","Spain","Revenues","2024-08-15",3290,NA,NA,NA,NA,NA,NA,NA,2024-08-01,3290,"Total revenues accrual",NA,"OK",NA
"rw","Spain","Revenues","2024-08-27",3290,NA,NA,NA,NA,NA,NA,NA,2024-08-01,3290,"Total revenues accrual",NA,"OK",NA
"rw","Spain","Revenues","2024-08-29",3290,NA,NA,NA,NA,NA,NA,NA,2024-08-01,3290,"Total revenues accrual",NA,"OK",NA
"rw","Spain","Revenues","2024-09-01",3290,NA,NA,NA,NA,NA,NA,NA,2024-09-01,3290,"Total revenues accrual",NA,"OK",NA
"rw","Spain","Revenues","2024-09-05",3290,NA,NA,NA,NA,NA,NA,NA,2024-09-01,3290,"Total revenues accrual",NA,"OK",NA
"rw","Spain","Revenues","2024-09-07",3290,NA,NA,NA,NA,NA,NA,NA,2024-09-01,3290,"Total revenues accrual",NA,"OK",NA
"rw","Spain","Revenues","2024-09-15",3347,NA,NA,NA,NA,NA,NA,NA,2024-09-01,3347,"Total revenues accrual",NA,"OK",NA
"rw","Spain","Revenues","2024-09-26",3347,NA,NA,NA,NA,NA,NA,NA,2024-09-01,3347,"Total revenues accrual",NA,"OK",NA
"rw","Spain","Revenues","2024-09-27",3347,NA,NA,NA,NA,NA,NA,NA,2024-09-01,3347,"Total revenues accrual",NA,"OK",NA
"rw","Spain","Revenues","2024-10-01",3347,NA,NA,NA,NA,NA,NA,NA,2024-10-01,3347,"Total revenues accrual",NA,"OK",NA
"rw","Spain","Revenues","2024-10-02",3347,NA,NA,NA,NA,NA,NA,NA,2024-10-01,3347,"Total revenues accrual",NA,"OK",NA
"rw","Spain","Revenues","2024-10-05",3347,NA,NA,NA,NA,NA,NA,NA,2024-10-01,3347,"Total revenues accrual",NA,"OK",NA
"rw","Spain","Revenues","2024-10-15",3347,NA,NA,NA,NA,NA,NA,NA,2024-10-01,3347,"Total revenues accrual",NA,"OK",NA
"rw","Spain","Revenues","2024-10-27",3347,NA,NA,NA,NA,NA,NA,NA,2024-10-01,3347,"Total revenues accrual",NA,"OK",NA
"rw","Spain","Revenues","2024-10-31",3347,NA,NA,NA,NA,NA,NA,NA,2024-10-01,3347,"Total revenues accrual",NA,"OK",NA
"rw","Spain","Revenues","2024-11-01",3347,NA,NA,NA,NA,NA,NA,NA,2024-11-01,3347,"Total revenues accrual",NA,"OK",NA
"rw","Spain","Revenues","2024-11-05",3347,NA,NA,NA,NA,NA,NA,NA,2024-11-01,3347,"Total revenues accrual",NA,"OK",NA
"rw","Spain","Revenues","2024-11-15",3347,NA,NA,NA,NA,NA,NA,NA,2024-11-01,3347,"Total revenues accrual",NA,"OK",NA
"rw","Spain","Revenues","2024-11-27",3347,NA,NA,NA,NA,NA,NA,NA,2024-11-01,3347,"Total revenues accrual",NA,"OK",NA
"rw","Spain","Revenues","2024-11-28",3347,NA,NA,NA,NA,NA,NA,NA,2024-11-01,3347,"Total revenues accrual",NA,"OK",NA
"rw","Spain","Revenues","2024-12-01",3347,NA,NA,NA,NA,NA,NA,NA,2024-12-01,3347,"Total revenues accrual",NA,"OK",NA
"rw","Spain","Revenues","2024-12-05",3347,NA,NA,NA,NA,NA,NA,NA,2024-12-01,3347,"Total revenues accrual",NA,"OK",NA
"rw","Spain","Revenues","2024-12-07",3347,NA,NA,NA,NA,NA,NA,NA,2024-12-01,3347,"Total revenues accrual",NA,"OK",NA
"rw","Spain","Revenues","2024-12-15",4698,NA,NA,NA,NA,NA,NA,NA,2024-12-01,4698,"Total revenues accrual",NA,"OK",NA
"rw","Spain","Revenues","2024-12-26",4698,NA,NA,NA,NA,NA,NA,NA,2024-12-01,4698,"Total revenues accrual",NA,"OK",NA
"rw","Spain","Revenues","2024-12-27",4698,NA,NA,NA,NA,NA,NA,NA,2024-12-01,4698,"Total revenues accrual",NA,"OK",NA
"rw","Spain","Revenues","2025-01-01",4698,NA,NA,NA,NA,NA,NA,NA,2025-01-01,4698,"Total revenues accrual",NA,"OK",NA
"rw","Spain","Revenues","2025-01-03",4698,NA,NA,NA,NA,NA,NA,NA,2025-01-01,4698,"Total revenues accrual",NA,"OK",NA
"rw","Spain","Revenues","2025-01-05",4698,NA,NA,NA,NA,NA,NA,NA,2025-01-01,4698,"Total revenues accrual",NA,"OK",NA
"rw","Spain","Revenues","2025-01-15",4698,NA,NA,NA,NA,NA,NA,NA,2025-01-01,4698,"Total revenues accrual",NA,"OK",NA
"rw","Spain","Revenues","2025-01-27",4698,NA,NA,NA,NA,NA,NA,NA,2025-01-01,4698,"Total revenues accrual",NA,"OK",NA
"rw","Spain","Revenues","2025-01-30",4698,NA,NA,NA,NA,NA,NA,NA,2025-01-01,4698,"Total revenues accrual",NA,"OK",NA
"rw","Spain","Revenues","2025-02-01",4698,NA,NA,NA,NA,NA,NA,NA,2025-02-01,4698,"Total revenues accrual",NA,"OK",NA
"rw","Spain","Revenues","2025-02-05",4698,NA,NA,NA,NA,NA,NA,NA,2025-02-01,4698,"Total revenues accrual",NA,"OK",NA
"rw","Spain","Revenues","2025-02-06",4698,NA,NA,NA,NA,NA,NA,NA,2025-02-01,4698,"Total revenues accrual",NA,"OK",NA
"rw","Spain","Revenues","2025-02-15",4698,NA,NA,NA,NA,NA,NA,NA,2025-02-01,4698,"Total revenues accrual",NA,"OK",NA
"rw","Spain","Revenues","2025-02-27",4698,NA,NA,NA,NA,NA,NA,NA,2025-02-01,4698,"Total revenues accrual",NA,"OK",NA
"rw","Spain","Revenues","2025-03-01",4698,NA,NA,NA,NA,NA,NA,NA,2025-03-01,4698,"Total revenues accrual",NA,"OK",NA
"rw","Spain","Revenues","2025-03-05",4698,NA,NA,NA,NA,NA,NA,NA,2025-03-01,4698,"Total revenues accrual",NA,"OK",NA
"rw","Spain","Revenues","2025-03-06",4698,NA,NA,NA,NA,NA,NA,NA,2025-03-01,4698,"Total revenues accrual",NA,"OK",NA
"rw","Spain","Revenues","2025-03-15",-1203,NA,NA,NA,NA,NA,NA,NA,2025-03-01,-1203,"Total revenues accrual",NA,"OK",NA
"rw","Spain","Revenues","2025-03-27",-1203,NA,NA,NA,NA,NA,NA,NA,2025-03-01,-1203,"Total revenues accrual",NA,"OK",NA
"rw","Spain","Revenues","2025-04-01",-1203,NA,NA,NA,NA,NA,NA,NA,2025-04-01,-1203,"Total revenues accrual",NA,"OK",NA
"rw","Spain","Revenues","2025-04-02",-1203,NA,NA,NA,NA,NA,NA,NA,2025-04-01,-1203,"Total revenues accrual",NA,"OK",NA
"rw","Spain","Revenues","2025-04-05",-1203,NA,NA,NA,NA,NA,NA,NA,2025-04-01,-1203,"Total revenues accrual",NA,"OK",NA
"rw","Spain","Revenues","2025-04-15",-1203,NA,NA,NA,NA,NA,NA,NA,2025-04-01,-1203,"Total revenues accrual",NA,"OK",NA
"rw","Spain","Revenues","2025-04-24",-1203,NA,NA,NA,NA,NA,NA,NA,2025-04-01,-1203,"Total revenues accrual",NA,"OK",NA
"rw","Spain","Revenues","2025-04-27",-1203,NA,NA,NA,NA,NA,NA,NA,2025-04-01,-1203,"Total revenues accrual",NA,"OK",NA
"rw","Spain","Revenues","2025-05-01",-1203,NA,NA,NA,NA,NA,NA,NA,2025-05-01,-1203,"Total revenues accrual",NA,"OK",NA
"rw","Spain","Revenues","2025-05-04",-1203,NA,NA,NA,NA,NA,NA,NA,2025-05-01,-1203,"Total revenues accrual",NA,"OK",NA
"rw","Spain","Revenues","2025-05-05",-1203,NA,NA,NA,NA,NA,NA,NA,2025-05-01,-1203,"Total revenues accrual",NA,"OK",NA
"rw","Spain","Revenues","2025-05-15",-1203,NA,NA,NA,NA,NA,NA,NA,2025-05-01,-1203,"Total revenues accrual",NA,"OK",NA
"rw","Spain","Revenues","2025-05-27",-1203,NA,NA,NA,NA,NA,NA,NA,2025-05-01,-1203,"Total revenues accrual",NA,"OK",NA
"rw","Spain","Revenues","2025-05-29",-1203,NA,NA,NA,NA,NA,NA,NA,2025-05-01,-1203,"Total revenues accrual",NA,"OK",NA
"rw","Spain","Revenues","2025-06-01",-1203,NA,NA,NA,NA,NA,NA,NA,2025-06-01,-1203,"Total revenues accrual",NA,"OK",NA
"rw","Spain","Revenues","2025-06-05",-1203,NA,NA,NA,NA,NA,NA,NA,2025-06-01,-1203,"Total revenues accrual",NA,"OK",NA
"rw","Spain","Revenues","2025-06-07",-1203,NA,NA,NA,NA,NA,NA,NA,2025-06-01,-1203,"Total revenues accrual",NA,"OK",NA
"rw","Spain","Revenues","2025-06-15",4751,NA,NA,NA,NA,NA,NA,NA,2025-06-01,4751,"Total revenues accrual",NA,"OK",NA
"rw","Spain","Revenues","2025-06-26",4751,NA,NA,NA,NA,NA,NA,NA,2025-06-01,4751,"Total revenues accrual",NA,"OK",NA
"rw","Spain","Revenues","2025-06-27",4751,NA,NA,NA,NA,NA,NA,NA,2025-06-01,4751,"Total revenues accrual",NA,"OK",NA
"rw","Spain","Revenues","2025-07-01",4751,NA,NA,NA,NA,NA,NA,NA,2025-07-01,4751,"Total revenues accrual",NA,"OK",NA
"rw","Spain","Revenues","2025-07-02",4751,NA,NA,NA,NA,NA,NA,NA,2025-07-01,4751,"Total revenues accrual",NA,"OK",NA
"rw","Spain","Revenues","2025-07-05",4751,NA,NA,NA,NA,NA,NA,NA,2025-07-01,4751,"Total revenues accrual",NA,"OK",NA
"rw","Spain","Revenues","2025-07-15",4751,NA,NA,NA,NA,NA,NA,NA,2025-07-01,4751,"Total revenues accrual",NA,"OK",NA
"rw","Spain","Revenues","2025-07-27",4751,NA,NA,NA,NA,NA,NA,NA,2025-07-01,4751,"Total revenues accrual",NA,"OK",NA
"rw","Spain","Revenues","2025-07-31",4751,NA,NA,NA,NA,NA,NA,NA,2025-07-01,4751,"Total revenues accrual",NA,"OK",NA
"rw","Spain","Revenues","2025-08-01",4751,NA,NA,NA,NA,NA,NA,NA,2025-08-01,4751,"Total revenues accrual",NA,"OK",NA
"rw","Spain","Revenues","2025-08-05",4751,NA,NA,NA,NA,NA,NA,NA,2025-08-01,4751,"Total revenues accrual",NA,"OK",NA
"rw","Spain","Revenues","2025-08-15",4751,NA,NA,NA,NA,NA,NA,NA,2025-08-01,4751,"Total revenues accrual",NA,"OK",NA
"rw","Spain","Revenues","2025-08-27",4751,NA,NA,NA,NA,NA,NA,NA,2025-08-01,4751,"Total revenues accrual",NA,"OK",NA
"rw","Spain","Revenues","2025-08-28",4751,NA,NA,NA,NA,NA,NA,NA,2025-08-01,4751,"Total revenues accrual",NA,"OK",NA
"rw","Spain","Revenues","2025-09-01",4751,NA,NA,NA,NA,NA,NA,NA,2025-09-01,4751,"Total revenues accrual",NA,"OK",NA
"rw","Spain","Revenues","2025-09-05",4751,NA,NA,NA,NA,NA,NA,NA,2025-09-01,4751,"Total revenues accrual",NA,"OK",NA
"rw","Spain","Revenues","2025-09-15",3792,NA,NA,NA,NA,NA,NA,NA,2025-09-01,3792,"Total revenues accrual",NA,"OK",NA
"rw","Spain","Revenues","2025-09-25",3792,NA,NA,NA,NA,NA,NA,NA,2025-09-01,3792,"Total revenues accrual",NA,"OK",NA
"rw","Spain","Revenues","2025-09-27",3792,NA,NA,NA,NA,NA,NA,NA,2025-09-01,3792,"Total revenues accrual",NA,"OK",NA
"rw","Spain","Revenues","2025-10-01",3792,NA,NA,NA,NA,NA,NA,NA,2025-10-01,3792,"Total revenues accrual",NA,"OK",NA
"rw","Spain","Revenues","2025-10-03",3792,NA,NA,NA,NA,NA,NA,NA,2025-10-01,3792,"Total revenues accrual",NA,"OK",NA
"rw","Spain","Revenues","2025-10-05",3792,NA,NA,NA,NA,NA,NA,NA,2025-10-01,3792,"Total revenues accrual",NA,"OK",NA
"rw","Spain","Revenues","2025-10-15",3792,NA,NA,NA,NA,NA,NA,NA,2025-10-01,3792,"Total revenues accrual",NA,"OK",NA
"rw","Spain","Revenues","2025-10-27",3792,NA,NA,NA,NA,NA,NA,NA,2025-10-01,3792,"Total revenues accrual",NA,"OK",NA
"rw","Spain","Revenues","2025-10-30",3792,NA,NA,NA,NA,NA,NA,NA,2025-10-01,3792,"Total revenues accrual",NA,"OK",NA
"rw","Spain","Revenues","2025-11-01",3792,NA,NA,NA,NA,NA,NA,NA,2025-11-01,3792,"Total revenues accrual",NA,"OK",NA
"rw","Spain","Revenues","2025-11-05",3792,NA,NA,NA,NA,NA,NA,NA,2025-11-01,3792,"Total revenues accrual",NA,"OK",NA
"rw","Spain","Revenues","2025-11-06",3792,NA,NA,NA,NA,NA,NA,NA,2025-11-01,3792,"Total revenues accrual",NA,"OK",NA
"rw","Spain","Revenues","2025-11-15",3792,NA,NA,NA,NA,NA,NA,NA,2025-11-01,3792,"Total revenues accrual",NA,"OK",NA
"rw","Spain","Revenues","2025-11-27",3792,NA,NA,NA,NA,NA,NA,NA,2025-11-01,3792,"Total revenues accrual",NA,"OK",NA
"rw","Spain","Revenues","2025-12-01",3792,NA,NA,NA,NA,NA,NA,NA,2025-12-01,3792,"Total revenues accrual",NA,"OK",NA
"rw","Spain","Revenues","2025-12-05",3792,NA,NA,NA,NA,NA,NA,NA,2025-12-01,3792,"Total revenues accrual",NA,"OK",NA
"rw","Spain","Revenues","2025-12-15",3792,NA,NA,NA,NA,NA,NA,NA,2025-12-01,3792,"Total revenues accrual",NA,"OK",NA
"rw","Spain","Revenues","2025-12-25",3792,NA,NA,NA,NA,NA,NA,NA,2025-12-01,3792,"Total revenues accrual",NA,"OK",NA
"rw","Spain","Revenues","2025-12-27",3792,NA,NA,NA,NA,NA,NA,NA,2025-12-01,3792,"Total revenues accrual",NA,"OK",NA
"rw","Spain","Revenues","2026-01-05",3792,NA,NA,NA,NA,NA,NA,NA,2026-01-01,3792,"Total revenues accrual",NA,"OK",NA
"rw","Spain","Revenues","2026-01-15",3792,NA,NA,NA,NA,NA,NA,NA,2026-01-01,3792,"Total revenues accrual",NA,"OK",NA
"rw","Spain","Revenues","2026-02-05",3792,NA,NA,NA,NA,NA,NA,NA,2026-02-01,3792,"Total revenues accrual",NA,"OK",NA
"rw","Spain","Revenues","2026-02-15",3792,NA,NA,NA,NA,NA,NA,NA,2026-02-01,3792,"Total revenues accrual",NA,"OK",NA
"rw","Spain","Revenues","2026-03-15",3792,NA,NA,NA,NA,NA,NA,NA,2026-03-01,3792,"Total revenues accrual",NA,"OK",NA
