"model","country","block","publication_date","nowcast_value","nb_factors","lambda","gamma","cv_mse","df","n_selected","n_selected_groups","date_new","last_obs_y","target_name","selected_columns","status","error"
"sg_lasso","Italy","Revenues","2013-01-01",306.584283906665,NA,0.0222315161563858,0.5,0.242586852830678,9,9,9,2013-01-01,2323.98549642999,"Total revenues accrual","Y_lag1; Payroll Mass_leg0; Hours worked_leg0; Hourly earnings_leg0; Business turnover index_leg0; HICPX_leg0; Employment_leg0; Stock market_leg0; Cash revenues_leg0","OK",NA
"sg_lasso","Italy","Revenues","2013-01-02",306.584283906665,NA,0.0222315161563858,0.5,0.242586852830678,9,9,9,2013-01-01,2323.98549642999,"Total revenues accrual","Y_lag1; Payroll Mass_leg0; Hours worked_leg0; Hourly earnings_leg0; Business turnover index_leg0; HICPX_leg0; Employment_leg0; Stock market_leg0; Cash revenues_leg0","OK",NA
"sg_lasso","Italy","Revenues","2013-01-05",-203.925590677375,NA,0.0222315161563858,0.5,0.242586852830678,9,9,9,2013-01-01,2323.98549642999,"Total revenues accrual","Y_lag1; Payroll Mass_leg0; Hours worked_leg0; Hourly earnings_leg0; Business turnover index_leg0; HICPX_leg0; Employment_leg0; Stock market_leg0; Cash revenues_leg0","OK",NA
"sg_lasso","Italy","Revenues","2013-01-15",3651.49124010991,NA,0.0222315161563858,0.5,0.242586852830678,9,9,9,2013-01-01,2323.98549642999,"Total revenues accrual","Y_lag1; Payroll Mass_leg0; Hours worked_leg0; Hourly earnings_leg0; Business turnover index_leg0; HICPX_leg0; Employment_leg0; Stock market_leg0; Cash revenues_leg0","OK",NA
"sg_lasso","Italy","Revenues","2013-01-27",3430.93628762169,NA,0.0222315161563858,0.5,0.242586852830678,9,9,9,2013-01-01,2323.98549642999,"Total revenues accrual","Y_lag1; Payroll Mass_leg0; Hours worked_leg0; Hourly earnings_leg0; Business turnover index_leg0; HICPX_leg0; Employment_leg0; Stock market_leg0; Cash revenues_leg0","OK",NA
"sg_lasso","Italy","Revenues","2013-01-31",3430.93628762169,NA,0.0222315161563858,0.5,0.242586852830678,9,9,9,2013-01-01,2323.98549642999,"Total revenues accrual","Y_lag1; Payroll Mass_leg0; Hours worked_leg0; Hourly earnings_leg0; Business turnover index_leg0; HICPX_leg0; Employment_leg0; Stock market_leg0; Cash revenues_leg0","OK",NA
"sg_lasso","Italy","Revenues","2013-02-01",2978.84557303402,NA,0.0222315161563858,0.5,0.242586852830678,9,9,9,2013-02-01,2323.98549642999,"Total revenues accrual","Y_lag1; Payroll Mass_leg0; Hours worked_leg0; Hourly earnings_leg0; Business turnover index_leg0; HICPX_leg0; Employment_leg0; Stock market_leg0; Cash revenues_leg0","OK",NA
"sg_lasso","Italy","Revenues","2013-02-05",2367.42524498704,NA,0.0222315161563858,0.5,0.242586852830678,9,9,9,2013-02-01,2323.98549642999,"Total revenues accrual","Y_lag1; Payroll Mass_leg0; Hours worked_leg0; Hourly earnings_leg0; Business turnover index_leg0; HICPX_leg0; Employment_leg0; Stock market_leg0; Cash revenues_leg0","OK",NA
"sg_lasso","Italy","Revenues","2013-02-15",813.966404831218,NA,0.0222315161563858,0.5,0.242586852830678,9,9,9,2013-02-01,2323.98549642999,"Total revenues accrual","Y_lag1; Payroll Mass_leg0; Hours worked_leg0; Hourly earnings_leg0; Business turnover index_leg0; HICPX_leg0; Employment_leg0; Stock market_leg0; Cash revenues_leg0","OK",NA
"sg_lasso","Italy","Revenues","2013-02-27",-288.808357609897,NA,0.0222315161563858,0.5,0.242586852830678,9,9,9,2013-02-01,2323.98549642999,"Total revenues accrual","Y_lag1; Payroll Mass_leg0; Hours worked_leg0; Hourly earnings_leg0; Business turnover index_leg0; HICPX_leg0; Employment_leg0; Stock market_leg0; Cash revenues_leg0","OK",NA
"sg_lasso","Italy","Revenues","2013-02-28",-288.808357609897,NA,0.0222315161563858,0.5,0.242586852830678,9,9,9,2013-02-01,2323.98549642999,"Total revenues accrual","Y_lag1; Payroll Mass_leg0; Hours worked_leg0; Hourly earnings_leg0; Business turnover index_leg0; HICPX_leg0; Employment_leg0; Stock market_leg0; Cash revenues_leg0","OK",NA
"sg_lasso","Italy","Revenues","2013-03-01",950.143497701456,NA,0.0222315161563858,0.5,0.242586852830678,9,9,9,2013-03-01,2323.98549642999,"Total revenues accrual","Y_lag1; Payroll Mass_leg0; Hours worked_leg0; Hourly earnings_leg0; Business turnover index_leg0; HICPX_leg0; Employment_leg0; Stock market_leg0; Cash revenues_leg0","OK",NA
"sg_lasso","Italy","Revenues","2013-03-05",2020.80562206704,NA,0.0222315161563858,0.5,0.242586852830678,9,9,9,2013-03-01,2323.98549642999,"Total revenues accrual","Y_lag1; Payroll Mass_leg0; Hours worked_leg0; Hourly earnings_leg0; Business turnover index_leg0; HICPX_leg0; Employment_leg0; Stock market_leg0; Cash revenues_leg0","OK",NA
"sg_lasso","Italy","Revenues","2013-03-15",-973.958827572831,NA,0.0590710994304224,0.5,0.639175751857715,8,8,8,2013-03-01,-5009.323791748,"Total revenues accrual","Y_lag1; Payroll Mass_leg0; Hours worked_leg0; Hourly earnings_leg0; Business turnover index_leg0; HICPX_leg0; Energy prices_leg0; Stock market_leg0","OK",NA
"sg_lasso","Italy","Revenues","2013-03-27",104.465887743067,NA,0.0590710994304224,0.5,0.746783462396066,8,8,8,2013-03-01,-5009.323791748,"Total revenues accrual","Y_lag1; Payroll Mass_leg0; Hours worked_leg0; Hourly earnings_leg0; IP_leg0; Business turnover index_leg0; Energy prices_leg0; Stock market_leg0","OK",NA
"sg_lasso","Italy","Revenues","2013-03-28",104.465887743067,NA,0.0590710994304224,0.5,0.748497166058228,8,8,8,2013-03-01,-5009.323791748,"Total revenues accrual","Y_lag1; Payroll Mass_leg0; Hours worked_leg0; Hourly earnings_leg0; IP_leg0; Business turnover index_leg0; Energy prices_leg0; Stock market_leg0","OK",NA
"sg_lasso","Italy","Revenues","2013-04-01",2661.22708011424,NA,0.0590710994304224,0.5,0.748497166058228,8,8,8,2013-04-01,-5009.323791748,"Total revenues accrual","Y_lag1; Payroll Mass_leg0; Hours worked_leg0; Hourly earnings_leg0; IP_leg0; Business turnover index_leg0; Energy prices_leg0; Stock market_leg0","OK",NA
"sg_lasso","Italy","Revenues","2013-04-05",3236.33336535201,NA,0.0590710994304224,0.5,0.748497166058228,8,8,8,2013-04-01,-5009.323791748,"Total revenues accrual","Y_lag1; Payroll Mass_leg0; Hours worked_leg0; Hourly earnings_leg0; IP_leg0; Business turnover index_leg0; Energy prices_leg0; Stock market_leg0","OK",NA
"sg_lasso","Italy","Revenues","2013-04-15",3688.00898156228,NA,0.0590710994304224,0.5,0.748497166058228,8,8,8,2013-04-01,-5009.323791748,"Total revenues accrual","Y_lag1; Payroll Mass_leg0; Hours worked_leg0; Hourly earnings_leg0; IP_leg0; Business turnover index_leg0; Energy prices_leg0; Stock market_leg0","OK",NA
"sg_lasso","Italy","Revenues","2013-04-25",3688.00898156228,NA,0.0590710994304224,0.5,0.748497166058228,8,8,8,2013-04-01,-5009.323791748,"Total revenues accrual","Y_lag1; Payroll Mass_leg0; Hours worked_leg0; Hourly earnings_leg0; IP_leg0; Business turnover index_leg0; Energy prices_leg0; Stock market_leg0","OK",NA
"sg_lasso","Italy","Revenues","2013-04-27",3474.87355676671,NA,0.0590710994304224,0.5,0.748497166058228,8,8,8,2013-04-01,-5009.323791748,"Total revenues accrual","Y_lag1; Payroll Mass_leg0; Hours worked_leg0; Hourly earnings_leg0; IP_leg0; Business turnover index_leg0; Energy prices_leg0; Stock market_leg0","OK",NA
"sg_lasso","Italy","Revenues","2013-05-01",4365.25158886268,NA,0.0590710994304224,0.5,0.748497166058228,8,8,8,2013-05-01,-5009.323791748,"Total revenues accrual","Y_lag1; Payroll Mass_leg0; Hours worked_leg0; Hourly earnings_leg0; IP_leg0; Business turnover index_leg0; Energy prices_leg0; Stock market_leg0","OK",NA
"sg_lasso","Italy","Revenues","2013-05-03",4365.25158886268,NA,0.0590710994304224,0.5,0.748497166058228,8,8,8,2013-05-01,-5009.323791748,"Total revenues accrual","Y_lag1; Payroll Mass_leg0; Hours worked_leg0; Hourly earnings_leg0; IP_leg0; Business turnover index_leg0; Energy prices_leg0; Stock market_leg0","OK",NA
"sg_lasso","Italy","Revenues","2013-05-05",3315.06653351298,NA,0.0590710994304224,0.5,0.748497166058228,8,8,8,2013-05-01,-5009.323791748,"Total revenues accrual","Y_lag1; Payroll Mass_leg0; Hours worked_leg0; Hourly earnings_leg0; IP_leg0; Business turnover index_leg0; Energy prices_leg0; Stock market_leg0","OK",NA
"sg_lasso","Italy","Revenues","2013-05-15",3284.93016092532,NA,0.0590710994304224,0.5,0.748497166058228,8,8,8,2013-05-01,-5009.323791748,"Total revenues accrual","Y_lag1; Payroll Mass_leg0; Hours worked_leg0; Hourly earnings_leg0; IP_leg0; Business turnover index_leg0; Energy prices_leg0; Stock market_leg0","OK",NA
"sg_lasso","Italy","Revenues","2013-05-27",3247.98826791379,NA,0.0590710994304224,0.5,0.748497166058228,8,8,8,2013-05-01,-5009.323791748,"Total revenues accrual","Y_lag1; Payroll Mass_leg0; Hours worked_leg0; Hourly earnings_leg0; IP_leg0; Business turnover index_leg0; Energy prices_leg0; Stock market_leg0","OK",NA
"sg_lasso","Italy","Revenues","2013-05-30",3247.98826791379,NA,0.0590710994304224,0.5,0.748497166058228,8,8,8,2013-05-01,-5009.323791748,"Total revenues accrual","Y_lag1; Payroll Mass_leg0; Hours worked_leg0; Hourly earnings_leg0; IP_leg0; Business turnover index_leg0; Energy prices_leg0; Stock market_leg0","OK",NA
"sg_lasso","Italy","Revenues","2013-06-01",2522.31738928796,NA,0.0590710994304224,0.5,0.748497166058228,8,8,8,2013-06-01,-5009.323791748,"Total revenues accrual","Y_lag1; Payroll Mass_leg0; Hours worked_leg0; Hourly earnings_leg0; IP_leg0; Business turnover index_leg0; Energy prices_leg0; Stock market_leg0","OK",NA
"sg_lasso","Italy","Revenues","2013-06-05",2598.37218265906,NA,0.0590710994304224,0.5,0.748497166058228,8,8,8,2013-06-01,-5009.323791748,"Total revenues accrual","Y_lag1; Payroll Mass_leg0; Hours worked_leg0; Hourly earnings_leg0; IP_leg0; Business turnover index_leg0; Energy prices_leg0; Stock market_leg0","OK",NA
"sg_lasso","Italy","Revenues","2013-06-06",2598.37218265906,NA,0.0590710994304224,0.5,0.748497166058228,8,8,8,2013-06-01,-5009.323791748,"Total revenues accrual","Y_lag1; Payroll Mass_leg0; Hours worked_leg0; Hourly earnings_leg0; IP_leg0; Business turnover index_leg0; Energy prices_leg0; Stock market_leg0","OK",NA
"sg_lasso","Italy","Revenues","2013-06-15",-450.395613845873,NA,0.0636898956710813,0.5,0.317410019665974,7,7,7,2013-06-01,5391.10068391202,"Total revenues accrual","Y_lag1; Hours worked_leg0; Hourly earnings_leg0; IP_leg0; Business turnover index_leg0; Employment_leg0; Stock market_leg0","OK",NA
"sg_lasso","Italy","Revenues","2013-06-27",-441.917045244407,NA,0.0607950916177839,0.5,0.31562145007579,8,8,8,2013-06-01,5391.10068391202,"Total revenues accrual","Y_lag1; Hours worked_leg0; Hourly earnings_leg0; IP_leg0; Business turnover index_leg0; Energy prices_leg0; Employment_leg0; Stock market_leg0","OK",NA
"sg_lasso","Italy","Revenues","2013-07-01",-1232.25273188164,NA,0.0607950916177839,0.5,0.31562145007579,8,8,8,2013-07-01,5391.10068391202,"Total revenues accrual","Y_lag1; Hours worked_leg0; Hourly earnings_leg0; IP_leg0; Business turnover index_leg0; Energy prices_leg0; Employment_leg0; Stock market_leg0","OK",NA
"sg_lasso","Italy","Revenues","2013-07-05",-1275.27517529067,NA,0.0607950916177839,0.5,0.31562145007579,8,8,8,2013-07-01,5391.10068391202,"Total revenues accrual","Y_lag1; Hours worked_leg0; Hourly earnings_leg0; IP_leg0; Business turnover index_leg0; Energy prices_leg0; Employment_leg0; Stock market_leg0","OK",NA
"sg_lasso","Italy","Revenues","2013-07-15",-1657.64807255245,NA,0.0607950916177839,0.5,0.31562145007579,8,8,8,2013-07-01,5391.10068391202,"Total revenues accrual","Y_lag1; Hours worked_leg0; Hourly earnings_leg0; IP_leg0; Business turnover index_leg0; Energy prices_leg0; Employment_leg0; Stock market_leg0","OK",NA
"sg_lasso","Italy","Revenues","2013-07-25",-1657.64807255245,NA,0.0607950916177839,0.5,0.31562145007579,8,8,8,2013-07-01,5391.10068391202,"Total revenues accrual","Y_lag1; Hours worked_leg0; Hourly earnings_leg0; IP_leg0; Business turnover index_leg0; Energy prices_leg0; Employment_leg0; Stock market_leg0","OK",NA
"sg_lasso","Italy","Revenues","2013-07-27",-1652.04474289664,NA,0.0607950916177839,0.5,0.31562145007579,8,8,8,2013-07-01,5391.10068391202,"Total revenues accrual","Y_lag1; Hours worked_leg0; Hourly earnings_leg0; IP_leg0; Business turnover index_leg0; Energy prices_leg0; Employment_leg0; Stock market_leg0","OK",NA
"sg_lasso","Italy","Revenues","2013-08-01",428.068050677586,NA,0.0607950916177839,0.5,0.31562145007579,8,8,8,2013-08-01,5391.10068391202,"Total revenues accrual","Y_lag1; Hours worked_leg0; Hourly earnings_leg0; IP_leg0; Business turnover index_leg0; Energy prices_leg0; Employment_leg0; Stock market_leg0","OK",NA
"sg_lasso","Italy","Revenues","2013-08-04",428.068050677586,NA,0.0607950916177839,0.5,0.31562145007579,8,8,8,2013-08-01,5391.10068391202,"Total revenues accrual","Y_lag1; Hours worked_leg0; Hourly earnings_leg0; IP_leg0; Business turnover index_leg0; Energy prices_leg0; Employment_leg0; Stock market_leg0","OK",NA
"sg_lasso","Italy","Revenues","2013-08-05",-581.356632715758,NA,0.0607950916177839,0.5,0.31562145007579,8,8,8,2013-08-01,5391.10068391202,"Total revenues accrual","Y_lag1; Hours worked_leg0; Hourly earnings_leg0; IP_leg0; Business turnover index_leg0; Energy prices_leg0; Employment_leg0; Stock market_leg0","OK",NA
"sg_lasso","Italy","Revenues","2013-08-15",-553.431661885523,NA,0.0607950916177839,0.5,0.31562145007579,8,8,8,2013-08-01,5391.10068391202,"Total revenues accrual","Y_lag1; Hours worked_leg0; Hourly earnings_leg0; IP_leg0; Business turnover index_leg0; Energy prices_leg0; Employment_leg0; Stock market_leg0","OK",NA
"sg_lasso","Italy","Revenues","2013-08-27",-553.431661885523,NA,0.0607950916177839,0.5,0.31562145007579,8,8,8,2013-08-01,5391.10068391202,"Total revenues accrual","Y_lag1; Hours worked_leg0; Hourly earnings_leg0; IP_leg0; Business turnover index_leg0; Energy prices_leg0; Employment_leg0; Stock market_leg0","OK",NA
"sg_lasso","Italy","Revenues","2013-08-29",-553.431661885523,NA,0.0607950916177839,0.5,0.31562145007579,8,8,8,2013-08-01,5391.10068391202,"Total revenues accrual","Y_lag1; Hours worked_leg0; Hourly earnings_leg0; IP_leg0; Business turnover index_leg0; Energy prices_leg0; Employment_leg0; Stock market_leg0","OK",NA
"sg_lasso","Italy","Revenues","2013-09-01",-1740.64692735047,NA,0.0607950916177839,0.5,0.31562145007579,8,8,8,2013-09-01,5391.10068391202,"Total revenues accrual","Y_lag1; Hours worked_leg0; Hourly earnings_leg0; IP_leg0; Business turnover index_leg0; Energy prices_leg0; Employment_leg0; Stock market_leg0","OK",NA
"sg_lasso","Italy","Revenues","2013-09-05",-191.621006819792,NA,0.0607950916177839,0.5,0.31562145007579,8,8,8,2013-09-01,5391.10068391202,"Total revenues accrual","Y_lag1; Hours worked_leg0; Hourly earnings_leg0; IP_leg0; Business turnover index_leg0; Energy prices_leg0; Employment_leg0; Stock market_leg0","OK",NA
"sg_lasso","Italy","Revenues","2013-09-07",-191.621006819792,NA,0.0607950916177839,0.5,0.31562145007579,8,8,8,2013-09-01,5391.10068391202,"Total revenues accrual","Y_lag1; Hours worked_leg0; Hourly earnings_leg0; IP_leg0; Business turnover index_leg0; Energy prices_leg0; Employment_leg0; Stock market_leg0","OK",NA
"sg_lasso","Italy","Revenues","2013-09-15",4024.19284939309,NA,0.0625201551212244,0.5,1.0670036374289,5,5,5,2013-09-01,-5656.62504277602,"Total revenues accrual","Y_lag1; Hourly earnings_leg0; IP_leg0; Business turnover index_leg0; Stock market_leg0","OK",NA
"sg_lasso","Italy","Revenues","2013-09-26",4024.19284939309,NA,0.0625201551212244,0.5,1.0670036374289,5,5,5,2013-09-01,-5656.62504277602,"Total revenues accrual","Y_lag1; Hourly earnings_leg0; IP_leg0; Business turnover index_leg0; Stock market_leg0","OK",NA
"sg_lasso","Italy","Revenues","2013-09-27",5351.32087135944,NA,0.290192853886414,0.5,1.22263182891654,3,3,3,2013-09-01,-5656.62504277602,"Total revenues accrual","Y_lag1; Hourly earnings_leg0; Business turnover index_leg0","OK",NA
"sg_lasso","Italy","Revenues","2013-10-01",5394.93888481597,NA,0.290192853886414,0.5,1.22263182891654,3,3,3,2013-10-01,-5656.62504277602,"Total revenues accrual","Y_lag1; Hourly earnings_leg0; Business turnover index_leg0","OK",NA
"sg_lasso","Italy","Revenues","2013-10-02",5394.93888481597,NA,0.290192853886414,0.5,1.22263182891654,3,3,3,2013-10-01,-5656.62504277602,"Total revenues accrual","Y_lag1; Hourly earnings_leg0; Business turnover index_leg0","OK",NA
"sg_lasso","Italy","Revenues","2013-10-05",5326.04239022571,NA,0.290192853886414,0.5,1.22263182891654,3,3,3,2013-10-01,-5656.62504277602,"Total revenues accrual","Y_lag1; Hourly earnings_leg0; Business turnover index_leg0","OK",NA
"sg_lasso","Italy","Revenues","2013-10-15",5326.04239022571,NA,0.290192853886414,0.5,1.22263182891654,3,3,3,2013-10-01,-5656.62504277602,"Total revenues accrual","Y_lag1; Hourly earnings_leg0; Business turnover index_leg0","OK",NA
"sg_lasso","Italy","Revenues","2013-10-27",5326.04239022571,NA,0.290192853886414,0.5,1.22263182891654,3,3,3,2013-10-01,-5656.62504277602,"Total revenues accrual","Y_lag1; Hourly earnings_leg0; Business turnover index_leg0","OK",NA
"sg_lasso","Italy","Revenues","2013-10-31",5326.04239022571,NA,0.290192853886414,0.5,1.22263182891654,3,3,3,2013-10-01,-5656.62504277602,"Total revenues accrual","Y_lag1; Hourly earnings_leg0; Business turnover index_leg0","OK",NA
"sg_lasso","Italy","Revenues","2013-11-01",5382.35953266243,NA,0.290192853886414,0.5,1.22263182891654,3,3,3,2013-11-01,-5656.62504277602,"Total revenues accrual","Y_lag1; Hourly earnings_leg0; Business turnover index_leg0","OK",NA
"sg_lasso","Italy","Revenues","2013-11-05",5319.80357498476,NA,0.290192853886414,0.5,1.22263182891654,3,3,3,2013-11-01,-5656.62504277602,"Total revenues accrual","Y_lag1; Hourly earnings_leg0; Business turnover index_leg0","OK",NA
"sg_lasso","Italy","Revenues","2013-11-15",5319.80357498476,NA,0.290192853886414,0.5,1.22263182891654,3,3,3,2013-11-01,-5656.62504277602,"Total revenues accrual","Y_lag1; Hourly earnings_leg0; Business turnover index_leg0","OK",NA
"sg_lasso","Italy","Revenues","2013-11-27",5319.80357498476,NA,0.290192853886414,0.5,1.22263182891654,3,3,3,2013-11-01,-5656.62504277602,"Total revenues accrual","Y_lag1; Hourly earnings_leg0; Business turnover index_leg0","OK",NA
"sg_lasso","Italy","Revenues","2013-11-28",5319.80357498476,NA,0.290192853886414,0.5,1.22263182891654,3,3,3,2013-11-01,-5656.62504277602,"Total revenues accrual","Y_lag1; Hourly earnings_leg0; Business turnover index_leg0","OK",NA
"sg_lasso","Italy","Revenues","2013-12-01",5188.35112271682,NA,0.290192853886414,0.5,1.22263182891654,3,3,3,2013-12-01,-5656.62504277602,"Total revenues accrual","Y_lag1; Hourly earnings_leg0; Business turnover index_leg0","OK",NA
"sg_lasso","Italy","Revenues","2013-12-05",5347.95821220814,NA,0.290192853886414,0.5,1.22263182891654,3,3,3,2013-12-01,-5656.62504277602,"Total revenues accrual","Y_lag1; Hourly earnings_leg0; Business turnover index_leg0","OK",NA
"sg_lasso","Italy","Revenues","2013-12-07",5347.95821220814,NA,0.290192853886414,0.5,1.22263182891654,3,3,3,2013-12-01,-5656.62504277602,"Total revenues accrual","Y_lag1; Hourly earnings_leg0; Business turnover index_leg0","OK",NA
"sg_lasso","Italy","Revenues","2013-12-15",-353.566493878888,NA,0.324791107544216,0.5,1.09816122989824,3,3,3,2013-12-01,2062.96121274901,"Total revenues accrual","Y_lag1; Hourly earnings_leg0; Business turnover index_leg0","OK",NA
"sg_lasso","Italy","Revenues","2013-12-26",-353.566493878888,NA,0.324791107544216,0.5,1.09816122989824,3,3,3,2013-12-01,2062.96121274901,"Total revenues accrual","Y_lag1; Hourly earnings_leg0; Business turnover index_leg0","OK",NA
"sg_lasso","Italy","Revenues","2013-12-27",-353.566493878888,NA,0.324791107544216,0.5,1.09816122989824,3,3,3,2013-12-01,2062.96121274901,"Total revenues accrual","Y_lag1; Hourly earnings_leg0; Business turnover index_leg0","OK",NA
"sg_lasso","Italy","Revenues","2014-01-01",-280.831005870157,NA,0.324791107544216,0.5,1.09816122989824,3,3,3,2014-01-01,2062.96121274901,"Total revenues accrual","Y_lag1; Hourly earnings_leg0; Business turnover index_leg0","OK",NA
"sg_lasso","Italy","Revenues","2014-01-03",-280.831005870157,NA,0.324791107544216,0.5,1.09816122989824,3,3,3,2014-01-01,2062.96121274901,"Total revenues accrual","Y_lag1; Hourly earnings_leg0; Business turnover index_leg0","OK",NA
"sg_lasso","Italy","Revenues","2014-01-05",-317.036061109369,NA,0.324791107544216,0.5,1.09816122989824,3,3,3,2014-01-01,2062.96121274901,"Total revenues accrual","Y_lag1; Hourly earnings_leg0; Business turnover index_leg0","OK",NA
"sg_lasso","Italy","Revenues","2014-01-15",-156.455456444358,NA,0.324791107544216,0.5,1.09816122989824,3,3,3,2014-01-01,2062.96121274901,"Total revenues accrual","Y_lag1; Hourly earnings_leg0; Business turnover index_leg0","OK",NA
"sg_lasso","Italy","Revenues","2014-01-27",-156.455456444358,NA,0.324791107544216,0.5,1.09816122989824,3,3,3,2014-01-01,2062.96121274901,"Total revenues accrual","Y_lag1; Hourly earnings_leg0; Business turnover index_leg0","OK",NA
"sg_lasso","Italy","Revenues","2014-01-30",-156.455456444358,NA,0.324791107544216,0.5,1.09816122989824,3,3,3,2014-01-01,2062.96121274901,"Total revenues accrual","Y_lag1; Hourly earnings_leg0; Business turnover index_leg0","OK",NA
"sg_lasso","Italy","Revenues","2014-02-01",87.5384768875135,NA,0.324791107544216,0.5,1.09816122989824,3,3,3,2014-02-01,2062.96121274901,"Total revenues accrual","Y_lag1; Hourly earnings_leg0; Business turnover index_leg0","OK",NA
"sg_lasso","Italy","Revenues","2014-02-05",31.7458394794129,NA,0.324791107544216,0.5,1.09816122989824,3,3,3,2014-02-01,2062.96121274901,"Total revenues accrual","Y_lag1; Hourly earnings_leg0; Business turnover index_leg0","OK",NA
"sg_lasso","Italy","Revenues","2014-02-06",31.7458394794129,NA,0.324791107544216,0.5,1.09816122989824,3,3,3,2014-02-01,2062.96121274901,"Total revenues accrual","Y_lag1; Hourly earnings_leg0; Business turnover index_leg0","OK",NA
"sg_lasso","Italy","Revenues","2014-02-15",31.7458394794129,NA,0.324791107544216,0.5,1.09816122989824,3,3,3,2014-02-01,2062.96121274901,"Total revenues accrual","Y_lag1; Hourly earnings_leg0; Business turnover index_leg0","OK",NA
"sg_lasso","Italy","Revenues","2014-02-27",31.7458394794129,NA,0.324791107544216,0.5,1.09816122989824,3,3,3,2014-02-01,2062.96121274901,"Total revenues accrual","Y_lag1; Hourly earnings_leg0; Business turnover index_leg0","OK",NA
"sg_lasso","Italy","Revenues","2014-03-01",100.328751497111,NA,0.324791107544216,0.5,1.09816122989824,3,3,3,2014-03-01,2062.96121274901,"Total revenues accrual","Y_lag1; Hourly earnings_leg0; Business turnover index_leg0","OK",NA
"sg_lasso","Italy","Revenues","2014-03-05",115.775363114306,NA,0.324791107544216,0.5,1.09816122989824,3,3,3,2014-03-01,2062.96121274901,"Total revenues accrual","Y_lag1; Hourly earnings_leg0; Business turnover index_leg0","OK",NA
"sg_lasso","Italy","Revenues","2014-03-06",115.775363114306,NA,0.324791107544216,0.5,1.09816122989824,3,3,3,2014-03-01,2062.96121274901,"Total revenues accrual","Y_lag1; Hourly earnings_leg0; Business turnover index_leg0","OK",NA
"sg_lasso","Italy","Revenues","2014-03-15",1224.66207185016,NA,0.3264729870947,0.5,1.03210051401281,3,3,3,2014-03-01,290.801771169004,"Total revenues accrual","Y_lag1; Hourly earnings_leg0; Business turnover index_leg0","OK",NA
"sg_lasso","Italy","Revenues","2014-03-27",1224.66207185016,NA,0.3264729870947,0.5,1.03210051401281,3,3,3,2014-03-01,290.801771169004,"Total revenues accrual","Y_lag1; Hourly earnings_leg0; Business turnover index_leg0","OK",NA
"sg_lasso","Italy","Revenues","2014-04-01",1192.60327732875,NA,0.3264729870947,0.5,1.03210051401281,3,3,3,2014-04-01,290.801771169004,"Total revenues accrual","Y_lag1; Hourly earnings_leg0; Business turnover index_leg0","OK",NA
"sg_lasso","Italy","Revenues","2014-04-02",1192.60327732875,NA,0.3264729870947,0.5,1.03210051401281,3,3,3,2014-04-01,290.801771169004,"Total revenues accrual","Y_lag1; Hourly earnings_leg0; Business turnover index_leg0","OK",NA
"sg_lasso","Italy","Revenues","2014-04-05",1256.34249158062,NA,0.3264729870947,0.5,1.03210051401281,3,3,3,2014-04-01,290.801771169004,"Total revenues accrual","Y_lag1; Hourly earnings_leg0; Business turnover index_leg0","OK",NA
"sg_lasso","Italy","Revenues","2014-04-15",826.250394966316,NA,0.3264729870947,0.5,1.03210051401281,3,3,3,2014-04-01,290.801771169004,"Total revenues accrual","Y_lag1; Hourly earnings_leg0; Business turnover index_leg0","OK",NA
"sg_lasso","Italy","Revenues","2014-04-24",826.250394966316,NA,0.3264729870947,0.5,1.03210051401281,3,3,3,2014-04-01,290.801771169004,"Total revenues accrual","Y_lag1; Hourly earnings_leg0; Business turnover index_leg0","OK",NA
"sg_lasso","Italy","Revenues","2014-04-27",826.250394966316,NA,0.3264729870947,0.5,1.03210051401281,3,3,3,2014-04-01,290.801771169004,"Total revenues accrual","Y_lag1; Hourly earnings_leg0; Business turnover index_leg0","OK",NA
"sg_lasso","Italy","Revenues","2014-05-01",472.171329867915,NA,0.3264729870947,0.5,1.03210051401281,3,3,3,2014-05-01,290.801771169004,"Total revenues accrual","Y_lag1; Hourly earnings_leg0; Business turnover index_leg0","OK",NA
"sg_lasso","Italy","Revenues","2014-05-04",472.171329867915,NA,0.3264729870947,0.5,1.03210051401281,3,3,3,2014-05-01,290.801771169004,"Total revenues accrual","Y_lag1; Hourly earnings_leg0; Business turnover index_leg0","OK",NA
"sg_lasso","Italy","Revenues","2014-05-05",416.701475914847,NA,0.3264729870947,0.5,1.03210051401281,3,3,3,2014-05-01,290.801771169004,"Total revenues accrual","Y_lag1; Hourly earnings_leg0; Business turnover index_leg0","OK",NA
"sg_lasso","Italy","Revenues","2014-05-15",416.701475914847,NA,0.3264729870947,0.5,1.03210051401281,3,3,3,2014-05-01,290.801771169004,"Total revenues accrual","Y_lag1; Hourly earnings_leg0; Business turnover index_leg0","OK",NA
"sg_lasso","Italy","Revenues","2014-05-27",416.701475914847,NA,0.3264729870947,0.5,1.03210051401281,3,3,3,2014-05-01,290.801771169004,"Total revenues accrual","Y_lag1; Hourly earnings_leg0; Business turnover index_leg0","OK",NA
"sg_lasso","Italy","Revenues","2014-05-29",416.701475914847,NA,0.3264729870947,0.5,1.03210051401281,3,3,3,2014-05-01,290.801771169004,"Total revenues accrual","Y_lag1; Hourly earnings_leg0; Business turnover index_leg0","OK",NA
"sg_lasso","Italy","Revenues","2014-06-01",-5.12126040065789,NA,0.3264729870947,0.5,1.03210051401281,3,3,3,2014-06-01,290.801771169004,"Total revenues accrual","Y_lag1; Hourly earnings_leg0; Business turnover index_leg0","OK",NA
"sg_lasso","Italy","Revenues","2014-06-05",14.3807879883209,NA,0.3264729870947,0.5,1.03210051401281,3,3,3,2014-06-01,290.801771169004,"Total revenues accrual","Y_lag1; Hourly earnings_leg0; Business turnover index_leg0","OK",NA
"sg_lasso","Italy","Revenues","2014-06-07",14.3807879883209,NA,0.3264729870947,0.5,1.03210051401281,3,3,3,2014-06-01,290.801771169004,"Total revenues accrual","Y_lag1; Hourly earnings_leg0; Business turnover index_leg0","OK",NA
"sg_lasso","Italy","Revenues","2014-06-15",706.52181216228,NA,0.310958540377969,0.5,0.86804808279267,3,3,3,2014-06-01,-164.110854252998,"Total revenues accrual","Y_lag1; Hourly earnings_leg0; Business turnover index_leg0","OK",NA
"sg_lasso","Italy","Revenues","2014-06-26",706.52181216228,NA,0.310958540377969,0.5,0.86804808279267,3,3,3,2014-06-01,-164.110854252998,"Total revenues accrual","Y_lag1; Hourly earnings_leg0; Business turnover index_leg0","OK",NA
"sg_lasso","Italy","Revenues","2014-06-27",706.52181216228,NA,0.310958540377969,0.5,0.86804808279267,3,3,3,2014-06-01,-164.110854252998,"Total revenues accrual","Y_lag1; Hourly earnings_leg0; Business turnover index_leg0","OK",NA
"sg_lasso","Italy","Revenues","2014-07-01",665.828183391542,NA,0.310958540377969,0.5,0.86804808279267,3,3,3,2014-07-01,-164.110854252998,"Total revenues accrual","Y_lag1; Hourly earnings_leg0; Business turnover index_leg0","OK",NA
"sg_lasso","Italy","Revenues","2014-07-02",665.828183391542,NA,0.310958540377969,0.5,0.86804808279267,3,3,3,2014-07-01,-164.110854252998,"Total revenues accrual","Y_lag1; Hourly earnings_leg0; Business turnover index_leg0","OK",NA
"sg_lasso","Italy","Revenues","2014-07-05",695.98409003193,NA,0.310958540377969,0.5,0.86804808279267,3,3,3,2014-07-01,-164.110854252998,"Total revenues accrual","Y_lag1; Hourly earnings_leg0; Business turnover index_leg0","OK",NA
"sg_lasso","Italy","Revenues","2014-07-15",941.438892983575,NA,0.310958540377969,0.5,0.86804808279267,3,3,3,2014-07-01,-164.110854252998,"Total revenues accrual","Y_lag1; Hourly earnings_leg0; Business turnover index_leg0","OK",NA
"sg_lasso","Italy","Revenues","2014-07-27",941.438892983575,NA,0.310958540377969,0.5,0.86804808279267,3,3,3,2014-07-01,-164.110854252998,"Total revenues accrual","Y_lag1; Hourly earnings_leg0; Business turnover index_leg0","OK",NA
"sg_lasso","Italy","Revenues","2014-07-31",941.438892983575,NA,0.310958540377969,0.5,0.86804808279267,3,3,3,2014-07-01,-164.110854252998,"Total revenues accrual","Y_lag1; Hourly earnings_leg0; Business turnover index_leg0","OK",NA
"sg_lasso","Italy","Revenues","2014-08-01",1239.11403227778,NA,0.310958540377969,0.5,0.86804808279267,3,3,3,2014-08-01,-164.110854252998,"Total revenues accrual","Y_lag1; Hourly earnings_leg0; Business turnover index_leg0","OK",NA
"sg_lasso","Italy","Revenues","2014-08-05",1142.19495356548,NA,0.310958540377969,0.5,0.86804808279267,3,3,3,2014-08-01,-164.110854252998,"Total revenues accrual","Y_lag1; Hourly earnings_leg0; Business turnover index_leg0","OK",NA
"sg_lasso","Italy","Revenues","2014-08-15",1142.19495356548,NA,0.310958540377969,0.5,0.86804808279267,3,3,3,2014-08-01,-164.110854252998,"Total revenues accrual","Y_lag1; Hourly earnings_leg0; Business turnover index_leg0","OK",NA
"sg_lasso","Italy","Revenues","2014-08-27",1142.19495356548,NA,0.310958540377969,0.5,0.86804808279267,3,3,3,2014-08-01,-164.110854252998,"Total revenues accrual","Y_lag1; Hourly earnings_leg0; Business turnover index_leg0","OK",NA
"sg_lasso","Italy","Revenues","2014-08-28",1142.19495356548,NA,0.310958540377969,0.5,0.86804808279267,3,3,3,2014-08-01,-164.110854252998,"Total revenues accrual","Y_lag1; Hourly earnings_leg0; Business turnover index_leg0","OK",NA
"sg_lasso","Italy","Revenues","2014-09-01",1320.88658444522,NA,0.310958540377969,0.5,0.86804808279267,3,3,3,2014-09-01,-164.110854252998,"Total revenues accrual","Y_lag1; Hourly earnings_leg0; Business turnover index_leg0","OK",NA
"sg_lasso","Italy","Revenues","2014-09-05",1411.55048028449,NA,0.310958540377969,0.5,0.86804808279267,3,3,3,2014-09-01,-164.110854252998,"Total revenues accrual","Y_lag1; Hourly earnings_leg0; Business turnover index_leg0","OK",NA
"sg_lasso","Italy","Revenues","2014-09-15",707.844750757608,NA,0.312280526834514,0.5,0.95928566506608,3,3,3,2014-09-01,882.058085138997,"Total revenues accrual","Y_lag1; Hourly earnings_leg0; Business turnover index_leg0","OK",NA
"sg_lasso","Italy","Revenues","2014-09-25",707.844750757608,NA,0.312280526834514,0.5,0.95928566506608,3,3,3,2014-09-01,882.058085138997,"Total revenues accrual","Y_lag1; Hourly earnings_leg0; Business turnover index_leg0","OK",NA
"sg_lasso","Italy","Revenues","2014-09-27",707.844750757608,NA,0.312280526834514,0.5,0.95928566506608,3,3,3,2014-09-01,882.058085138997,"Total revenues accrual","Y_lag1; Hourly earnings_leg0; Business turnover index_leg0","OK",NA
"sg_lasso","Italy","Revenues","2014-10-01",703.22844021561,NA,0.312280526834514,0.5,0.95928566506608,3,3,3,2014-10-01,882.058085138997,"Total revenues accrual","Y_lag1; Hourly earnings_leg0; Business turnover index_leg0","OK",NA
"sg_lasso","Italy","Revenues","2014-10-03",703.22844021561,NA,0.312280526834514,0.5,0.95928566506608,3,3,3,2014-10-01,882.058085138997,"Total revenues accrual","Y_lag1; Hourly earnings_leg0; Business turnover index_leg0","OK",NA
"sg_lasso","Italy","Revenues","2014-10-05",714.232038360614,NA,0.312280526834514,0.5,0.95928566506608,3,3,3,2014-10-01,882.058085138997,"Total revenues accrual","Y_lag1; Hourly earnings_leg0; Business turnover index_leg0","OK",NA
"sg_lasso","Italy","Revenues","2014-10-15",614.345877253619,NA,0.312280526834514,0.5,0.95928566506608,3,3,3,2014-10-01,882.058085138997,"Total revenues accrual","Y_lag1; Hourly earnings_leg0; Business turnover index_leg0","OK",NA
"sg_lasso","Italy","Revenues","2014-10-27",614.345877253619,NA,0.312280526834514,0.5,0.95928566506608,3,3,3,2014-10-01,882.058085138997,"Total revenues accrual","Y_lag1; Hourly earnings_leg0; Business turnover index_leg0","OK",NA
"sg_lasso","Italy","Revenues","2014-10-30",614.345877253619,NA,0.312280526834514,0.5,0.95928566506608,3,3,3,2014-10-01,882.058085138997,"Total revenues accrual","Y_lag1; Hourly earnings_leg0; Business turnover index_leg0","OK",NA
"sg_lasso","Italy","Revenues","2014-11-01",592.373060439346,NA,0.312280526834514,0.5,0.95928566506608,3,3,3,2014-11-01,882.058085138997,"Total revenues accrual","Y_lag1; Hourly earnings_leg0; Business turnover index_leg0","OK",NA
"sg_lasso","Italy","Revenues","2014-11-05",507.564199745399,NA,0.312280526834514,0.5,0.95928566506608,3,3,3,2014-11-01,882.058085138997,"Total revenues accrual","Y_lag1; Hourly earnings_leg0; Business turnover index_leg0","OK",NA
"sg_lasso","Italy","Revenues","2014-11-06",507.564199745399,NA,0.312280526834514,0.5,0.95928566506608,3,3,3,2014-11-01,882.058085138997,"Total revenues accrual","Y_lag1; Hourly earnings_leg0; Business turnover index_leg0","OK",NA
"sg_lasso","Italy","Revenues","2014-11-15",507.564199745399,NA,0.312280526834514,0.5,0.95928566506608,3,3,3,2014-11-01,882.058085138997,"Total revenues accrual","Y_lag1; Hourly earnings_leg0; Business turnover index_leg0","OK",NA
"sg_lasso","Italy","Revenues","2014-11-27",507.564199745399,NA,0.312280526834514,0.5,0.95928566506608,3,3,3,2014-11-01,882.058085138997,"Total revenues accrual","Y_lag1; Hourly earnings_leg0; Business turnover index_leg0","OK",NA
"sg_lasso","Italy","Revenues","2014-12-01",333.872776089461,NA,0.312280526834514,0.5,0.95928566506608,3,3,3,2014-12-01,882.058085138997,"Total revenues accrual","Y_lag1; Hourly earnings_leg0; Business turnover index_leg0","OK",NA
"sg_lasso","Italy","Revenues","2014-12-05",386.932868386227,NA,0.312280526834514,0.5,0.95928566506608,3,3,3,2014-12-01,882.058085138997,"Total revenues accrual","Y_lag1; Hourly earnings_leg0; Business turnover index_leg0","OK",NA
"sg_lasso","Italy","Revenues","2014-12-15",-158.737628006743,NA,0.33899122840075,0.5,0.82651205081244,1,1,1,2014-12-01,2249.65883548299,"Total revenues accrual","Y_lag1","OK",NA
"sg_lasso","Italy","Revenues","2014-12-25",-158.737628006743,NA,0.33899122840075,0.5,0.82651205081244,1,1,1,2014-12-01,2249.65883548299,"Total revenues accrual","Y_lag1","OK",NA
"sg_lasso","Italy","Revenues","2014-12-27",-158.737628006743,NA,0.33899122840075,0.5,0.82651205081244,1,1,1,2014-12-01,2249.65883548299,"Total revenues accrual","Y_lag1","OK",NA
"sg_lasso","Italy","Revenues","2015-01-01",-158.737628006743,NA,0.33899122840075,0.5,0.82651205081244,1,1,1,2015-01-01,2249.65883548299,"Total revenues accrual","Y_lag1","OK",NA
"sg_lasso","Italy","Revenues","2015-01-04",-158.737628006743,NA,0.33899122840075,0.5,0.82651205081244,1,1,1,2015-01-01,2249.65883548299,"Total revenues accrual","Y_lag1","OK",NA
"sg_lasso","Italy","Revenues","2015-01-05",-158.737628006743,NA,0.33899122840075,0.5,0.82651205081244,1,1,1,2015-01-01,2249.65883548299,"Total revenues accrual","Y_lag1","OK",NA
"sg_lasso","Italy","Revenues","2015-01-15",-158.737628006743,NA,0.33899122840075,0.5,0.82651205081244,1,1,1,2015-01-01,2249.65883548299,"Total revenues accrual","Y_lag1","OK",NA
"sg_lasso","Italy","Revenues","2015-01-27",-158.737628006743,NA,0.33899122840075,0.5,0.82651205081244,1,1,1,2015-01-01,2249.65883548299,"Total revenues accrual","Y_lag1","OK",NA
"sg_lasso","Italy","Revenues","2015-01-29",-158.737628006743,NA,0.33899122840075,0.5,0.82651205081244,1,1,1,2015-01-01,2249.65883548299,"Total revenues accrual","Y_lag1","OK",NA
"sg_lasso","Italy","Revenues","2015-02-01",-158.737628006743,NA,0.33899122840075,0.5,0.82651205081244,1,1,1,2015-02-01,2249.65883548299,"Total revenues accrual","Y_lag1","OK",NA
"sg_lasso","Italy","Revenues","2015-02-05",-158.737628006743,NA,0.33899122840075,0.5,0.82651205081244,1,1,1,2015-02-01,2249.65883548299,"Total revenues accrual","Y_lag1","OK",NA
"sg_lasso","Italy","Revenues","2015-02-07",-158.737628006743,NA,0.33899122840075,0.5,0.82651205081244,1,1,1,2015-02-01,2249.65883548299,"Total revenues accrual","Y_lag1","OK",NA
"sg_lasso","Italy","Revenues","2015-02-15",-158.737628006743,NA,0.33899122840075,0.5,0.82651205081244,1,1,1,2015-02-01,2249.65883548299,"Total revenues accrual","Y_lag1","OK",NA
"sg_lasso","Italy","Revenues","2015-02-26",-158.737628006743,NA,0.33899122840075,0.5,0.82651205081244,1,1,1,2015-02-01,2249.65883548299,"Total revenues accrual","Y_lag1","OK",NA
"sg_lasso","Italy","Revenues","2015-02-27",-158.737628006743,NA,0.33899122840075,0.5,0.82651205081244,1,1,1,2015-02-01,2249.65883548299,"Total revenues accrual","Y_lag1","OK",NA
"sg_lasso","Italy","Revenues","2015-03-01",-158.737628006743,NA,0.33899122840075,0.5,0.82651205081244,1,1,1,2015-03-01,2249.65883548299,"Total revenues accrual","Y_lag1","OK",NA
"sg_lasso","Italy","Revenues","2015-03-05",-158.737628006743,NA,0.33899122840075,0.5,0.82651205081244,1,1,1,2015-03-01,2249.65883548299,"Total revenues accrual","Y_lag1","OK",NA
"sg_lasso","Italy","Revenues","2015-03-07",-158.737628006743,NA,0.33899122840075,0.5,0.82651205081244,1,1,1,2015-03-01,2249.65883548299,"Total revenues accrual","Y_lag1","OK",NA
"sg_lasso","Italy","Revenues","2015-03-15",1849.96084674413,NA,0.366953359454703,0.5,0.41778581984379,1,1,1,2015-03-01,-1188.08695390899,"Total revenues accrual","Y_lag1","OK",NA
"sg_lasso","Italy","Revenues","2015-03-26",1849.96084674413,NA,0.366953359454703,0.5,0.41778581984379,1,1,1,2015-03-01,-1188.08695390899,"Total revenues accrual","Y_lag1","OK",NA
"sg_lasso","Italy","Revenues","2015-03-27",847.725118673423,NA,0.00671795562236712,0.5,0.397290893692611,13,13,13,2015-03-01,-1188.08695390899,"Total revenues accrual","Y_lag1; Payroll Mass_leg0; Hourly earnings_leg0; IP_leg0; Business turnover index_leg0; ESI_leg0; Retail sales_leg0; Private consumption_leg0; HICPX_leg0; Energy prices_leg0; Employment_leg0; Stock market_leg0; Cash revenues_leg0","OK",NA
"sg_lasso","Italy","Revenues","2015-04-01",-5992.10843972985,NA,0.00671795562236712,0.5,0.397290893692611,13,13,13,2015-04-01,-1188.08695390899,"Total revenues accrual","Y_lag1; Payroll Mass_leg0; Hourly earnings_leg0; IP_leg0; Business turnover index_leg0; ESI_leg0; Retail sales_leg0; Private consumption_leg0; HICPX_leg0; Energy prices_leg0; Employment_leg0; Stock market_leg0; Cash revenues_leg0","OK",NA
"sg_lasso","Italy","Revenues","2015-04-03",-5917.22885405314,NA,0.00671795562236712,0.5,0.397290893692611,13,13,13,2015-04-01,-1188.08695390899,"Total revenues accrual","Y_lag1; Payroll Mass_leg0; Hourly earnings_leg0; IP_leg0; Business turnover index_leg0; ESI_leg0; Retail sales_leg0; Private consumption_leg0; HICPX_leg0; Energy prices_leg0; Employment_leg0; Stock market_leg0; Cash revenues_leg0","OK",NA
"sg_lasso","Italy","Revenues","2015-04-05",-7942.63903396454,NA,0.00671795562236712,0.5,0.397290893692611,13,13,13,2015-04-01,-1188.08695390899,"Total revenues accrual","Y_lag1; Payroll Mass_leg0; Hourly earnings_leg0; IP_leg0; Business turnover index_leg0; ESI_leg0; Retail sales_leg0; Private consumption_leg0; HICPX_leg0; Energy prices_leg0; Employment_leg0; Stock market_leg0; Cash revenues_leg0","OK",NA
"sg_lasso","Italy","Revenues","2015-04-15",-215.41126724669,NA,0.00671795562236712,0.5,0.397290893692611,13,13,13,2015-04-01,-1188.08695390899,"Total revenues accrual","Y_lag1; Payroll Mass_leg0; Hourly earnings_leg0; IP_leg0; Business turnover index_leg0; ESI_leg0; Retail sales_leg0; Private consumption_leg0; HICPX_leg0; Energy prices_leg0; Employment_leg0; Stock market_leg0; Cash revenues_leg0","OK",NA
"sg_lasso","Italy","Revenues","2015-04-27",1271.3537448667,NA,0.00671795562236712,0.5,0.397290893692611,13,13,13,2015-04-01,-1188.08695390899,"Total revenues accrual","Y_lag1; Payroll Mass_leg0; Hourly earnings_leg0; IP_leg0; Business turnover index_leg0; ESI_leg0; Retail sales_leg0; Private consumption_leg0; HICPX_leg0; Energy prices_leg0; Employment_leg0; Stock market_leg0; Cash revenues_leg0","OK",NA
"sg_lasso","Italy","Revenues","2015-04-30",1279.28122021167,NA,0.00671795562236712,0.5,0.397290893692611,13,13,13,2015-04-01,-1188.08695390899,"Total revenues accrual","Y_lag1; Payroll Mass_leg0; Hourly earnings_leg0; IP_leg0; Business turnover index_leg0; ESI_leg0; Retail sales_leg0; Private consumption_leg0; HICPX_leg0; Energy prices_leg0; Employment_leg0; Stock market_leg0; Cash revenues_leg0","OK",NA
"sg_lasso","Italy","Revenues","2015-05-01",2101.77923693709,NA,0.00671795562236712,0.5,0.397290893692611,13,13,13,2015-05-01,-1188.08695390899,"Total revenues accrual","Y_lag1; Payroll Mass_leg0; Hourly earnings_leg0; IP_leg0; Business turnover index_leg0; ESI_leg0; Retail sales_leg0; Private consumption_leg0; HICPX_leg0; Energy prices_leg0; Employment_leg0; Stock market_leg0; Cash revenues_leg0","OK",NA
"sg_lasso","Italy","Revenues","2015-05-05",1227.58726790186,NA,0.00671795562236712,0.5,0.397290893692611,13,13,13,2015-05-01,-1188.08695390899,"Total revenues accrual","Y_lag1; Payroll Mass_leg0; Hourly earnings_leg0; IP_leg0; Business turnover index_leg0; ESI_leg0; Retail sales_leg0; Private consumption_leg0; HICPX_leg0; Energy prices_leg0; Employment_leg0; Stock market_leg0; Cash revenues_leg0","OK",NA
"sg_lasso","Italy","Revenues","2015-05-15",-2217.51653991358,NA,0.00671795562236712,0.5,0.397290893692611,13,13,13,2015-05-01,-1188.08695390899,"Total revenues accrual","Y_lag1; Payroll Mass_leg0; Hourly earnings_leg0; IP_leg0; Business turnover index_leg0; ESI_leg0; Retail sales_leg0; Private consumption_leg0; HICPX_leg0; Energy prices_leg0; Employment_leg0; Stock market_leg0; Cash revenues_leg0","OK",NA
"sg_lasso","Italy","Revenues","2015-05-27",-1017.99430888614,NA,0.00671795562236712,0.5,0.397290893692611,13,13,13,2015-05-01,-1188.08695390899,"Total revenues accrual","Y_lag1; Payroll Mass_leg0; Hourly earnings_leg0; IP_leg0; Business turnover index_leg0; ESI_leg0; Retail sales_leg0; Private consumption_leg0; HICPX_leg0; Energy prices_leg0; Employment_leg0; Stock market_leg0; Cash revenues_leg0","OK",NA
"sg_lasso","Italy","Revenues","2015-05-28",-1015.89751600238,NA,0.00671795562236712,0.5,0.397290893692611,13,13,13,2015-05-01,-1188.08695390899,"Total revenues accrual","Y_lag1; Payroll Mass_leg0; Hourly earnings_leg0; IP_leg0; Business turnover index_leg0; ESI_leg0; Retail sales_leg0; Private consumption_leg0; HICPX_leg0; Energy prices_leg0; Employment_leg0; Stock market_leg0; Cash revenues_leg0","OK",NA
"sg_lasso","Italy","Revenues","2015-06-01",4351.52700749988,NA,0.00671795562236712,0.5,0.397290893692611,13,13,13,2015-06-01,-1188.08695390899,"Total revenues accrual","Y_lag1; Payroll Mass_leg0; Hourly earnings_leg0; IP_leg0; Business turnover index_leg0; ESI_leg0; Retail sales_leg0; Private consumption_leg0; HICPX_leg0; Energy prices_leg0; Employment_leg0; Stock market_leg0; Cash revenues_leg0","OK",NA
"sg_lasso","Italy","Revenues","2015-06-05",7918.41130665274,NA,0.00671795562236712,0.5,0.397290893692611,13,13,13,2015-06-01,-1188.08695390899,"Total revenues accrual","Y_lag1; Payroll Mass_leg0; Hourly earnings_leg0; IP_leg0; Business turnover index_leg0; ESI_leg0; Retail sales_leg0; Private consumption_leg0; HICPX_leg0; Energy prices_leg0; Employment_leg0; Stock market_leg0; Cash revenues_leg0","OK",NA
"sg_lasso","Italy","Revenues","2015-06-15",87.2197786332188,NA,0.0546914057645217,0.5,0.228822368379606,9,9,9,2015-06-01,2402.82809338201,"Total revenues accrual","Y_lag1; Payroll Mass_leg0; Hours worked_leg0; Hourly earnings_leg0; Business turnover index_leg0; Retail sales_leg0; Employment_leg0; Stock market_leg0; Cash revenues_leg0","OK",NA
"sg_lasso","Italy","Revenues","2015-06-25",87.2197786332188,NA,0.0546914057645217,0.5,0.228822368379606,9,9,9,2015-06-01,2402.82809338201,"Total revenues accrual","Y_lag1; Payroll Mass_leg0; Hours worked_leg0; Hourly earnings_leg0; Business turnover index_leg0; Retail sales_leg0; Employment_leg0; Stock market_leg0; Cash revenues_leg0","OK",NA
"sg_lasso","Italy","Revenues","2015-06-27",202.504100502558,NA,0.0498327720122321,0.5,0.212782347359821,10,10,10,2015-06-01,2402.82809338201,"Total revenues accrual","Y_lag1; Payroll Mass_leg0; Hours worked_leg0; Hourly earnings_leg0; Business turnover index_leg0; Retail sales_leg0; HICPX_leg0; Employment_leg0; Stock market_leg0; Cash revenues_leg0","OK",NA
"sg_lasso","Italy","Revenues","2015-07-01",1149.91005826264,NA,0.0498327720122321,0.5,0.212782347359821,10,10,10,2015-07-01,2402.82809338201,"Total revenues accrual","Y_lag1; Payroll Mass_leg0; Hours worked_leg0; Hourly earnings_leg0; Business turnover index_leg0; Retail sales_leg0; HICPX_leg0; Employment_leg0; Stock market_leg0; Cash revenues_leg0","OK",NA
"sg_lasso","Italy","Revenues","2015-07-03",1257.99333458624,NA,0.0498327720122321,0.5,0.212782347359821,10,10,10,2015-07-01,2402.82809338201,"Total revenues accrual","Y_lag1; Payroll Mass_leg0; Hours worked_leg0; Hourly earnings_leg0; Business turnover index_leg0; Retail sales_leg0; HICPX_leg0; Employment_leg0; Stock market_leg0; Cash revenues_leg0","OK",NA
"sg_lasso","Italy","Revenues","2015-07-05",-130.043862524484,NA,0.0498327720122321,0.5,0.212782347359821,10,10,10,2015-07-01,2402.82809338201,"Total revenues accrual","Y_lag1; Payroll Mass_leg0; Hours worked_leg0; Hourly earnings_leg0; Business turnover index_leg0; Retail sales_leg0; HICPX_leg0; Employment_leg0; Stock market_leg0; Cash revenues_leg0","OK",NA
"sg_lasso","Italy","Revenues","2015-07-15",-394.049153976373,NA,0.0498327720122321,0.5,0.212782347359821,10,10,10,2015-07-01,2402.82809338201,"Total revenues accrual","Y_lag1; Payroll Mass_leg0; Hours worked_leg0; Hourly earnings_leg0; Business turnover index_leg0; Retail sales_leg0; HICPX_leg0; Employment_leg0; Stock market_leg0; Cash revenues_leg0","OK",NA
"sg_lasso","Italy","Revenues","2015-07-27",-394.049153976373,NA,0.0498327720122321,0.5,0.212782347359821,10,10,10,2015-07-01,2402.82809338201,"Total revenues accrual","Y_lag1; Payroll Mass_leg0; Hours worked_leg0; Hourly earnings_leg0; Business turnover index_leg0; Retail sales_leg0; HICPX_leg0; Employment_leg0; Stock market_leg0; Cash revenues_leg0","OK",NA
"sg_lasso","Italy","Revenues","2015-07-30",-394.049153976373,NA,0.0498327720122321,0.5,0.212782347359821,10,10,10,2015-07-01,2402.82809338201,"Total revenues accrual","Y_lag1; Payroll Mass_leg0; Hours worked_leg0; Hourly earnings_leg0; Business turnover index_leg0; Retail sales_leg0; HICPX_leg0; Employment_leg0; Stock market_leg0; Cash revenues_leg0","OK",NA
"sg_lasso","Italy","Revenues","2015-08-01",577.276371590194,NA,0.0498327720122321,0.5,0.212782347359821,10,10,10,2015-08-01,2402.82809338201,"Total revenues accrual","Y_lag1; Payroll Mass_leg0; Hours worked_leg0; Hourly earnings_leg0; Business turnover index_leg0; Retail sales_leg0; HICPX_leg0; Employment_leg0; Stock market_leg0; Cash revenues_leg0","OK",NA
"sg_lasso","Italy","Revenues","2015-08-05",108.147811500782,NA,0.0498327720122321,0.5,0.212782347359821,10,10,10,2015-08-01,2402.82809338201,"Total revenues accrual","Y_lag1; Payroll Mass_leg0; Hours worked_leg0; Hourly earnings_leg0; Business turnover index_leg0; Retail sales_leg0; HICPX_leg0; Employment_leg0; Stock market_leg0; Cash revenues_leg0","OK",NA
"sg_lasso","Italy","Revenues","2015-08-06",67.9598268398394,NA,0.0498327720122321,0.5,0.212782347359821,10,10,10,2015-08-01,2402.82809338201,"Total revenues accrual","Y_lag1; Payroll Mass_leg0; Hours worked_leg0; Hourly earnings_leg0; Business turnover index_leg0; Retail sales_leg0; HICPX_leg0; Employment_leg0; Stock market_leg0; Cash revenues_leg0","OK",NA
"sg_lasso","Italy","Revenues","2015-08-15",65.7785446103883,NA,0.0498327720122321,0.5,0.212782347359821,10,10,10,2015-08-01,2402.82809338201,"Total revenues accrual","Y_lag1; Payroll Mass_leg0; Hours worked_leg0; Hourly earnings_leg0; Business turnover index_leg0; Retail sales_leg0; HICPX_leg0; Employment_leg0; Stock market_leg0; Cash revenues_leg0","OK",NA
"sg_lasso","Italy","Revenues","2015-08-27",31.9701958440155,NA,0.0498327720122321,0.5,0.212782347359821,10,10,10,2015-08-01,2402.82809338201,"Total revenues accrual","Y_lag1; Payroll Mass_leg0; Hours worked_leg0; Hourly earnings_leg0; Business turnover index_leg0; Retail sales_leg0; HICPX_leg0; Employment_leg0; Stock market_leg0; Cash revenues_leg0","OK",NA
"sg_lasso","Italy","Revenues","2015-09-01",-2224.02083490471,NA,0.0498327720122321,0.5,0.212782347359821,10,10,10,2015-09-01,2402.82809338201,"Total revenues accrual","Y_lag1; Payroll Mass_leg0; Hours worked_leg0; Hourly earnings_leg0; Business turnover index_leg0; Retail sales_leg0; HICPX_leg0; Employment_leg0; Stock market_leg0; Cash revenues_leg0","OK",NA
"sg_lasso","Italy","Revenues","2015-09-02",-2274.79962392169,NA,0.0498327720122321,0.5,0.212782347359821,10,10,10,2015-09-01,2402.82809338201,"Total revenues accrual","Y_lag1; Payroll Mass_leg0; Hours worked_leg0; Hourly earnings_leg0; Business turnover index_leg0; Retail sales_leg0; HICPX_leg0; Employment_leg0; Stock market_leg0; Cash revenues_leg0","OK",NA
"sg_lasso","Italy","Revenues","2015-09-05",318.653703327169,NA,0.0498327720122321,0.5,0.212782347359821,10,10,10,2015-09-01,2402.82809338201,"Total revenues accrual","Y_lag1; Payroll Mass_leg0; Hours worked_leg0; Hourly earnings_leg0; Business turnover index_leg0; Retail sales_leg0; HICPX_leg0; Employment_leg0; Stock market_leg0; Cash revenues_leg0","OK",NA
"sg_lasso","Italy","Revenues","2015-09-15",1757.53505420606,NA,0.0378668339424413,0.5,0.334348395071338,10,10,10,2015-09-01,-100.881081639003,"Total revenues accrual","Y_lag1; Payroll Mass_leg0; Hours worked_leg0; Hourly earnings_leg0; Business turnover index_leg0; Retail sales_leg0; HICPX_leg0; Employment_leg0; Stock market_leg0; Cash revenues_leg0","OK",NA
"sg_lasso","Italy","Revenues","2015-09-24",1856.10601732686,NA,0.0314377107885509,0.5,0.333811861582699,11,11,11,2015-09-01,-100.881081639003,"Total revenues accrual","Y_lag1; Payroll Mass_leg0; Hours worked_leg0; Hourly earnings_leg0; Business turnover index_leg0; Retail sales_leg0; HICPX_leg0; Energy prices_leg0; Employment_leg0; Stock market_leg0; Cash revenues_leg0","OK",NA
"sg_lasso","Italy","Revenues","2015-09-27",1865.27641000249,NA,0.0345028487803623,0.5,0.356210864111608,10,10,10,2015-09-01,-100.881081639003,"Total revenues accrual","Y_lag1; Payroll Mass_leg0; Hours worked_leg0; Hourly earnings_leg0; Business turnover index_leg0; Retail sales_leg0; HICPX_leg0; Employment_leg0; Stock market_leg0; Cash revenues_leg0","OK",NA
"sg_lasso","Italy","Revenues","2015-10-01",4051.07999931505,NA,0.0345028487803623,0.5,0.356210864111608,10,10,10,2015-10-01,-100.881081639003,"Total revenues accrual","Y_lag1; Payroll Mass_leg0; Hours worked_leg0; Hourly earnings_leg0; Business turnover index_leg0; Retail sales_leg0; HICPX_leg0; Employment_leg0; Stock market_leg0; Cash revenues_leg0","OK",NA
"sg_lasso","Italy","Revenues","2015-10-04",3995.99600998395,NA,0.0345028487803623,0.5,0.356210864111608,10,10,10,2015-10-01,-100.881081639003,"Total revenues accrual","Y_lag1; Payroll Mass_leg0; Hours worked_leg0; Hourly earnings_leg0; Business turnover index_leg0; Retail sales_leg0; HICPX_leg0; Employment_leg0; Stock market_leg0; Cash revenues_leg0","OK",NA
"sg_lasso","Italy","Revenues","2015-10-05",4265.43483695683,NA,0.0345028487803623,0.5,0.356210864111608,10,10,10,2015-10-01,-100.881081639003,"Total revenues accrual","Y_lag1; Payroll Mass_leg0; Hours worked_leg0; Hourly earnings_leg0; Business turnover index_leg0; Retail sales_leg0; HICPX_leg0; Employment_leg0; Stock market_leg0; Cash revenues_leg0","OK",NA
"sg_lasso","Italy","Revenues","2015-10-15",4081.0629573694,NA,0.0345028487803623,0.5,0.356210864111608,10,10,10,2015-10-01,-100.881081639003,"Total revenues accrual","Y_lag1; Payroll Mass_leg0; Hours worked_leg0; Hourly earnings_leg0; Business turnover index_leg0; Retail sales_leg0; HICPX_leg0; Employment_leg0; Stock market_leg0; Cash revenues_leg0","OK",NA
"sg_lasso","Italy","Revenues","2015-10-27",4081.0629573694,NA,0.0345028487803623,0.5,0.356210864111608,10,10,10,2015-10-01,-100.881081639003,"Total revenues accrual","Y_lag1; Payroll Mass_leg0; Hours worked_leg0; Hourly earnings_leg0; Business turnover index_leg0; Retail sales_leg0; HICPX_leg0; Employment_leg0; Stock market_leg0; Cash revenues_leg0","OK",NA
"sg_lasso","Italy","Revenues","2015-10-29",4081.0629573694,NA,0.0345028487803623,0.5,0.356210864111608,10,10,10,2015-10-01,-100.881081639003,"Total revenues accrual","Y_lag1; Payroll Mass_leg0; Hours worked_leg0; Hourly earnings_leg0; Business turnover index_leg0; Retail sales_leg0; HICPX_leg0; Employment_leg0; Stock market_leg0; Cash revenues_leg0","OK",NA
"sg_lasso","Italy","Revenues","2015-11-01",6499.88687061678,NA,0.0345028487803623,0.5,0.356210864111608,10,10,10,2015-11-01,-100.881081639003,"Total revenues accrual","Y_lag1; Payroll Mass_leg0; Hours worked_leg0; Hourly earnings_leg0; Business turnover index_leg0; Retail sales_leg0; HICPX_leg0; Employment_leg0; Stock market_leg0; Cash revenues_leg0","OK",NA
"sg_lasso","Italy","Revenues","2015-11-05",3594.88706317023,NA,0.0345028487803623,0.5,0.356210864111608,10,10,10,2015-11-01,-100.881081639003,"Total revenues accrual","Y_lag1; Payroll Mass_leg0; Hours worked_leg0; Hourly earnings_leg0; Business turnover index_leg0; Retail sales_leg0; HICPX_leg0; Employment_leg0; Stock market_leg0; Cash revenues_leg0","OK",NA
"sg_lasso","Italy","Revenues","2015-11-07",3585.7579904844,NA,0.0345028487803623,0.5,0.356210864111608,10,10,10,2015-11-01,-100.881081639003,"Total revenues accrual","Y_lag1; Payroll Mass_leg0; Hours worked_leg0; Hourly earnings_leg0; Business turnover index_leg0; Retail sales_leg0; HICPX_leg0; Employment_leg0; Stock market_leg0; Cash revenues_leg0","OK",NA
"sg_lasso","Italy","Revenues","2015-11-15",3567.2205352896,NA,0.0345028487803623,0.5,0.356210864111608,10,10,10,2015-11-01,-100.881081639003,"Total revenues accrual","Y_lag1; Payroll Mass_leg0; Hours worked_leg0; Hourly earnings_leg0; Business turnover index_leg0; Retail sales_leg0; HICPX_leg0; Employment_leg0; Stock market_leg0; Cash revenues_leg0","OK",NA
"sg_lasso","Italy","Revenues","2015-11-26",3567.2205352896,NA,0.0345028487803623,0.5,0.356210864111608,10,10,10,2015-11-01,-100.881081639003,"Total revenues accrual","Y_lag1; Payroll Mass_leg0; Hours worked_leg0; Hourly earnings_leg0; Business turnover index_leg0; Retail sales_leg0; HICPX_leg0; Employment_leg0; Stock market_leg0; Cash revenues_leg0","OK",NA
"sg_lasso","Italy","Revenues","2015-11-27",3103.35375390723,NA,0.0345028487803623,0.5,0.356210864111608,10,10,10,2015-11-01,-100.881081639003,"Total revenues accrual","Y_lag1; Payroll Mass_leg0; Hours worked_leg0; Hourly earnings_leg0; Business turnover index_leg0; Retail sales_leg0; HICPX_leg0; Employment_leg0; Stock market_leg0; Cash revenues_leg0","OK",NA
"sg_lasso","Italy","Revenues","2015-12-01",-1661.03711612472,NA,0.0345028487803623,0.5,0.356210864111608,10,10,10,2015-12-01,-100.881081639003,"Total revenues accrual","Y_lag1; Payroll Mass_leg0; Hours worked_leg0; Hourly earnings_leg0; Business turnover index_leg0; Retail sales_leg0; HICPX_leg0; Employment_leg0; Stock market_leg0; Cash revenues_leg0","OK",NA
"sg_lasso","Italy","Revenues","2015-12-02",-1624.21127216528,NA,0.0345028487803623,0.5,0.356210864111608,10,10,10,2015-12-01,-100.881081639003,"Total revenues accrual","Y_lag1; Payroll Mass_leg0; Hours worked_leg0; Hourly earnings_leg0; Business turnover index_leg0; Retail sales_leg0; HICPX_leg0; Employment_leg0; Stock market_leg0; Cash revenues_leg0","OK",NA
"sg_lasso","Italy","Revenues","2015-12-05",-1721.72001540034,NA,0.0345028487803623,0.5,0.356210864111608,10,10,10,2015-12-01,-100.881081639003,"Total revenues accrual","Y_lag1; Payroll Mass_leg0; Hours worked_leg0; Hourly earnings_leg0; Business turnover index_leg0; Retail sales_leg0; HICPX_leg0; Employment_leg0; Stock market_leg0; Cash revenues_leg0","OK",NA
"sg_lasso","Italy","Revenues","2015-12-15",-614.731383799329,NA,0.0416179703819462,0.5,0.202205800725658,9,9,9,2015-12-01,1005.824692917,"Total revenues accrual","Y_lag1; Payroll Mass_leg0; Hours worked_leg0; Hourly earnings_leg0; Business turnover index_leg0; Retail sales_leg0; Employment_leg0; Stock market_leg0; Cash revenues_leg0","OK",NA
"sg_lasso","Italy","Revenues","2015-12-27",-525.381239818588,NA,0.0456756711165125,0.5,0.204763384597334,8,8,8,2015-12-01,1005.824692917,"Total revenues accrual","Y_lag1; Hours worked_leg0; Hourly earnings_leg0; Business turnover index_leg0; Retail sales_leg0; Employment_leg0; Stock market_leg0; Cash revenues_leg0","OK",NA
"sg_lasso","Italy","Revenues","2015-12-31",-525.381239818588,NA,0.0456756711165125,0.5,0.204763384597334,8,8,8,2015-12-01,1005.824692917,"Total revenues accrual","Y_lag1; Hours worked_leg0; Hourly earnings_leg0; Business turnover index_leg0; Retail sales_leg0; Employment_leg0; Stock market_leg0; Cash revenues_leg0","OK",NA
"sg_lasso","Italy","Revenues","2016-01-01",-3034.88785538597,NA,0.0456756711165125,0.5,0.204763384597334,8,8,8,2016-01-01,1005.824692917,"Total revenues accrual","Y_lag1; Hours worked_leg0; Hourly earnings_leg0; Business turnover index_leg0; Retail sales_leg0; Employment_leg0; Stock market_leg0; Cash revenues_leg0","OK",NA
"sg_lasso","Italy","Revenues","2016-01-05",-1309.20519787701,NA,0.0456756711165125,0.5,0.204763384597334,8,8,8,2016-01-01,1005.824692917,"Total revenues accrual","Y_lag1; Hours worked_leg0; Hourly earnings_leg0; Business turnover index_leg0; Retail sales_leg0; Employment_leg0; Stock market_leg0; Cash revenues_leg0","OK",NA
"sg_lasso","Italy","Revenues","2016-01-15",-965.348656943806,NA,0.0456756711165125,0.5,0.204763384597334,8,8,8,2016-01-01,1005.824692917,"Total revenues accrual","Y_lag1; Hours worked_leg0; Hourly earnings_leg0; Business turnover index_leg0; Retail sales_leg0; Employment_leg0; Stock market_leg0; Cash revenues_leg0","OK",NA
"sg_lasso","Italy","Revenues","2016-01-27",-965.348656943806,NA,0.0456756711165125,0.5,0.204763384597334,8,8,8,2016-01-01,1005.824692917,"Total revenues accrual","Y_lag1; Hours worked_leg0; Hourly earnings_leg0; Business turnover index_leg0; Retail sales_leg0; Employment_leg0; Stock market_leg0; Cash revenues_leg0","OK",NA
"sg_lasso","Italy","Revenues","2016-01-28",-965.348656943806,NA,0.0456756711165125,0.5,0.204763384597334,8,8,8,2016-01-01,1005.824692917,"Total revenues accrual","Y_lag1; Hours worked_leg0; Hourly earnings_leg0; Business turnover index_leg0; Retail sales_leg0; Employment_leg0; Stock market_leg0; Cash revenues_leg0","OK",NA
"sg_lasso","Italy","Revenues","2016-02-01",920.127363253827,NA,0.0456756711165125,0.5,0.204763384597334,8,8,8,2016-02-01,1005.824692917,"Total revenues accrual","Y_lag1; Hours worked_leg0; Hourly earnings_leg0; Business turnover index_leg0; Retail sales_leg0; Employment_leg0; Stock market_leg0; Cash revenues_leg0","OK",NA
"sg_lasso","Italy","Revenues","2016-02-05",1564.65760971542,NA,0.0456756711165125,0.5,0.204763384597334,8,8,8,2016-02-01,1005.824692917,"Total revenues accrual","Y_lag1; Hours worked_leg0; Hourly earnings_leg0; Business turnover index_leg0; Retail sales_leg0; Employment_leg0; Stock market_leg0; Cash revenues_leg0","OK",NA
"sg_lasso","Italy","Revenues","2016-02-15",1489.49896506075,NA,0.0456756711165125,0.5,0.204763384597334,8,8,8,2016-02-01,1005.824692917,"Total revenues accrual","Y_lag1; Hours worked_leg0; Hourly earnings_leg0; Business turnover index_leg0; Retail sales_leg0; Employment_leg0; Stock market_leg0; Cash revenues_leg0","OK",NA
"sg_lasso","Italy","Revenues","2016-02-25",1489.49896506075,NA,0.0456756711165125,0.5,0.204763384597334,8,8,8,2016-02-01,1005.824692917,"Total revenues accrual","Y_lag1; Hours worked_leg0; Hourly earnings_leg0; Business turnover index_leg0; Retail sales_leg0; Employment_leg0; Stock market_leg0; Cash revenues_leg0","OK",NA
"sg_lasso","Italy","Revenues","2016-02-27",1489.49896506075,NA,0.0456756711165125,0.5,0.204763384597334,8,8,8,2016-02-01,1005.824692917,"Total revenues accrual","Y_lag1; Hours worked_leg0; Hourly earnings_leg0; Business turnover index_leg0; Retail sales_leg0; Employment_leg0; Stock market_leg0; Cash revenues_leg0","OK",NA
"sg_lasso","Italy","Revenues","2016-03-01",5289.07796848163,NA,0.0456756711165125,0.5,0.204763384597334,8,8,8,2016-03-01,1005.824692917,"Total revenues accrual","Y_lag1; Hours worked_leg0; Hourly earnings_leg0; Business turnover index_leg0; Retail sales_leg0; Employment_leg0; Stock market_leg0; Cash revenues_leg0","OK",NA
"sg_lasso","Italy","Revenues","2016-03-02",5208.17466963867,NA,0.0456756711165125,0.5,0.204763384597334,8,8,8,2016-03-01,1005.824692917,"Total revenues accrual","Y_lag1; Hours worked_leg0; Hourly earnings_leg0; Business turnover index_leg0; Retail sales_leg0; Employment_leg0; Stock market_leg0; Cash revenues_leg0","OK",NA
"sg_lasso","Italy","Revenues","2016-03-05",2374.89459908122,NA,0.0456756711165125,0.5,0.204763384597334,8,8,8,2016-03-01,1005.824692917,"Total revenues accrual","Y_lag1; Hours worked_leg0; Hourly earnings_leg0; Business turnover index_leg0; Retail sales_leg0; Employment_leg0; Stock market_leg0; Cash revenues_leg0","OK",NA
"sg_lasso","Italy","Revenues","2016-03-15",1729.97663045405,NA,0.0738774786180564,0.5,0.326324961194184,7,7,7,2016-03-01,-1695.967683005,"Total revenues accrual","Y_lag1; Hourly earnings_leg0; Business turnover index_leg0; Retail sales_leg0; HICPX_leg0; Employment_leg0; Stock market_leg0","OK",NA
"sg_lasso","Italy","Revenues","2016-03-27",2767.65631837118,NA,0.0673144070324914,0.5,0.35301106780663,5,5,5,2016-03-01,-1695.967683005,"Total revenues accrual","Y_lag1; Hourly earnings_leg0; Business turnover index_leg0; Retail sales_leg0; Stock market_leg0","OK",NA
"sg_lasso","Italy","Revenues","2016-03-31",2767.65631837118,NA,0.0673144070324914,0.5,0.35301106780663,5,5,5,2016-03-01,-1695.967683005,"Total revenues accrual","Y_lag1; Hourly earnings_leg0; Business turnover index_leg0; Retail sales_leg0; Stock market_leg0","OK",NA
"sg_lasso","Italy","Revenues","2016-04-01",1421.6362650977,NA,0.0673144070324914,0.5,0.35301106780663,5,5,5,2016-04-01,-1695.967683005,"Total revenues accrual","Y_lag1; Hourly earnings_leg0; Business turnover index_leg0; Retail sales_leg0; Stock market_leg0","OK",NA
"sg_lasso","Italy","Revenues","2016-04-05",2719.97695649756,NA,0.0673144070324914,0.5,0.35301106780663,5,5,5,2016-04-01,-1695.967683005,"Total revenues accrual","Y_lag1; Hourly earnings_leg0; Business turnover index_leg0; Retail sales_leg0; Stock market_leg0","OK",NA
"sg_lasso","Italy","Revenues","2016-04-15",2300.88718059876,NA,0.0673144070324914,0.5,0.35301106780663,5,5,5,2016-04-01,-1695.967683005,"Total revenues accrual","Y_lag1; Hourly earnings_leg0; Business turnover index_leg0; Retail sales_leg0; Stock market_leg0","OK",NA
"sg_lasso","Italy","Revenues","2016-04-27",2300.88718059876,NA,0.0673144070324914,0.5,0.35301106780663,5,5,5,2016-04-01,-1695.967683005,"Total revenues accrual","Y_lag1; Hourly earnings_leg0; Business turnover index_leg0; Retail sales_leg0; Stock market_leg0","OK",NA
"sg_lasso","Italy","Revenues","2016-04-28",2300.88718059876,NA,0.0673144070324914,0.5,0.35301106780663,5,5,5,2016-04-01,-1695.967683005,"Total revenues accrual","Y_lag1; Hourly earnings_leg0; Business turnover index_leg0; Retail sales_leg0; Stock market_leg0","OK",NA
"sg_lasso","Italy","Revenues","2016-05-01",1007.00722720884,NA,0.0673144070324914,0.5,0.35301106780663,5,5,5,2016-05-01,-1695.967683005,"Total revenues accrual","Y_lag1; Hourly earnings_leg0; Business turnover index_leg0; Retail sales_leg0; Stock market_leg0","OK",NA
"sg_lasso","Italy","Revenues","2016-05-05",1130.97361337874,NA,0.0673144070324914,0.5,0.35301106780663,5,5,5,2016-05-01,-1695.967683005,"Total revenues accrual","Y_lag1; Hourly earnings_leg0; Business turnover index_leg0; Retail sales_leg0; Stock market_leg0","OK",NA
"sg_lasso","Italy","Revenues","2016-05-07",1085.11944829034,NA,0.0673144070324914,0.5,0.35301106780663,5,5,5,2016-05-01,-1695.967683005,"Total revenues accrual","Y_lag1; Hourly earnings_leg0; Business turnover index_leg0; Retail sales_leg0; Stock market_leg0","OK",NA
"sg_lasso","Italy","Revenues","2016-05-15",1085.11944829034,NA,0.0673144070324914,0.5,0.35301106780663,5,5,5,2016-05-01,-1695.967683005,"Total revenues accrual","Y_lag1; Hourly earnings_leg0; Business turnover index_leg0; Retail sales_leg0; Stock market_leg0","OK",NA
"sg_lasso","Italy","Revenues","2016-05-26",1085.11944829034,NA,0.0673144070324914,0.5,0.35301106780663,5,5,5,2016-05-01,-1695.967683005,"Total revenues accrual","Y_lag1; Hourly earnings_leg0; Business turnover index_leg0; Retail sales_leg0; Stock market_leg0","OK",NA
"sg_lasso","Italy","Revenues","2016-05-27",1085.11944829034,NA,0.0673144070324914,0.5,0.35301106780663,5,5,5,2016-05-01,-1695.967683005,"Total revenues accrual","Y_lag1; Hourly earnings_leg0; Business turnover index_leg0; Retail sales_leg0; Stock market_leg0","OK",NA
"sg_lasso","Italy","Revenues","2016-06-01",2033.56593768995,NA,0.0673144070324914,0.5,0.35301106780663,5,5,5,2016-06-01,-1695.967683005,"Total revenues accrual","Y_lag1; Hourly earnings_leg0; Business turnover index_leg0; Retail sales_leg0; Stock market_leg0","OK",NA
"sg_lasso","Italy","Revenues","2016-06-03",2026.52823041786,NA,0.0673144070324914,0.5,0.35301106780663,5,5,5,2016-06-01,-1695.967683005,"Total revenues accrual","Y_lag1; Hourly earnings_leg0; Business turnover index_leg0; Retail sales_leg0; Stock market_leg0","OK",NA
"sg_lasso","Italy","Revenues","2016-06-05",1225.46577471494,NA,0.0673144070324914,0.5,0.35301106780663,5,5,5,2016-06-01,-1695.967683005,"Total revenues accrual","Y_lag1; Hourly earnings_leg0; Business turnover index_leg0; Retail sales_leg0; Stock market_leg0","OK",NA
"sg_lasso","Italy","Revenues","2016-06-15",-346.542934015495,NA,0.12950795310279,0.5,0.41836581127997,4,4,4,2016-06-01,857.456360217009,"Total revenues accrual","Y_lag1; Hourly earnings_leg0; Business turnover index_leg0; Retail sales_leg0","OK",NA
"sg_lasso","Italy","Revenues","2016-06-27",-326.403791455258,NA,0.142134818651845,0.5,0.419996644294945,4,4,4,2016-06-01,857.456360217009,"Total revenues accrual","Y_lag1; Hourly earnings_leg0; Business turnover index_leg0; Retail sales_leg0","OK",NA
"sg_lasso","Italy","Revenues","2016-06-30",-326.403791455258,NA,0.142134818651845,0.5,0.419996644294945,4,4,4,2016-06-01,857.456360217009,"Total revenues accrual","Y_lag1; Hourly earnings_leg0; Business turnover index_leg0; Retail sales_leg0","OK",NA
"sg_lasso","Italy","Revenues","2016-07-01",-699.058914737066,NA,0.142134818651845,0.5,0.419996644294945,4,4,4,2016-07-01,857.456360217009,"Total revenues accrual","Y_lag1; Hourly earnings_leg0; Business turnover index_leg0; Retail sales_leg0","OK",NA
"sg_lasso","Italy","Revenues","2016-07-05",-455.360404171692,NA,0.142134818651845,0.5,0.419996644294945,4,4,4,2016-07-01,857.456360217009,"Total revenues accrual","Y_lag1; Hourly earnings_leg0; Business turnover index_leg0; Retail sales_leg0","OK",NA
"sg_lasso","Italy","Revenues","2016-07-15",-239.511171748728,NA,0.142134818651845,0.5,0.419996644294945,4,4,4,2016-07-01,857.456360217009,"Total revenues accrual","Y_lag1; Hourly earnings_leg0; Business turnover index_leg0; Retail sales_leg0","OK",NA
"sg_lasso","Italy","Revenues","2016-07-27",-239.511171748728,NA,0.142134818651845,0.5,0.419996644294945,4,4,4,2016-07-01,857.456360217009,"Total revenues accrual","Y_lag1; Hourly earnings_leg0; Business turnover index_leg0; Retail sales_leg0","OK",NA
"sg_lasso","Italy","Revenues","2016-07-28",-239.511171748728,NA,0.142134818651845,0.5,0.419996644294945,4,4,4,2016-07-01,857.456360217009,"Total revenues accrual","Y_lag1; Hourly earnings_leg0; Business turnover index_leg0; Retail sales_leg0","OK",NA
"sg_lasso","Italy","Revenues","2016-08-01",-215.807478862169,NA,0.142134818651845,0.5,0.419996644294945,4,4,4,2016-08-01,857.456360217009,"Total revenues accrual","Y_lag1; Hourly earnings_leg0; Business turnover index_leg0; Retail sales_leg0","OK",NA
"sg_lasso","Italy","Revenues","2016-08-05",-58.7474953052074,NA,0.142134818651845,0.5,0.419996644294945,4,4,4,2016-08-01,857.456360217009,"Total revenues accrual","Y_lag1; Hourly earnings_leg0; Business turnover index_leg0; Retail sales_leg0","OK",NA
"sg_lasso","Italy","Revenues","2016-08-15",-58.7474953052074,NA,0.142134818651845,0.5,0.419996644294945,4,4,4,2016-08-01,857.456360217009,"Total revenues accrual","Y_lag1; Hourly earnings_leg0; Business turnover index_leg0; Retail sales_leg0","OK",NA
"sg_lasso","Italy","Revenues","2016-08-25",-58.7474953052074,NA,0.142134818651845,0.5,0.419996644294945,4,4,4,2016-08-01,857.456360217009,"Total revenues accrual","Y_lag1; Hourly earnings_leg0; Business turnover index_leg0; Retail sales_leg0","OK",NA
"sg_lasso","Italy","Revenues","2016-08-27",-58.7474953052074,NA,0.142134818651845,0.5,0.419996644294945,4,4,4,2016-08-01,857.456360217009,"Total revenues accrual","Y_lag1; Hourly earnings_leg0; Business turnover index_leg0; Retail sales_leg0","OK",NA
"sg_lasso","Italy","Revenues","2016-09-01",558.672650732874,NA,0.142134818651845,0.5,0.419996644294945,4,4,4,2016-09-01,857.456360217009,"Total revenues accrual","Y_lag1; Hourly earnings_leg0; Business turnover index_leg0; Retail sales_leg0","OK",NA
"sg_lasso","Italy","Revenues","2016-09-04",553.419164071352,NA,0.142134818651845,0.5,0.419996644294945,4,4,4,2016-09-01,857.456360217009,"Total revenues accrual","Y_lag1; Hourly earnings_leg0; Business turnover index_leg0; Retail sales_leg0","OK",NA
"sg_lasso","Italy","Revenues","2016-09-05",-181.442366572978,NA,0.142134818651845,0.5,0.419996644294945,4,4,4,2016-09-01,857.456360217009,"Total revenues accrual","Y_lag1; Hourly earnings_leg0; Business turnover index_leg0; Retail sales_leg0","OK",NA
"sg_lasso","Italy","Revenues","2016-09-15",-129.333067510934,NA,0.0609537889391664,0.5,0.325518445422281,5,5,5,2016-09-01,660.940993586992,"Total revenues accrual","Y_lag1; Hourly earnings_leg0; Business turnover index_leg0; Retail sales_leg0; Stock market_leg0","OK",NA
"sg_lasso","Italy","Revenues","2016-09-27",-129.333067510934,NA,0.0609537889391664,0.5,0.305751974981389,5,5,5,2016-09-01,660.940993586992,"Total revenues accrual","Y_lag1; Hourly earnings_leg0; Business turnover index_leg0; Retail sales_leg0; Stock market_leg0","OK",NA
"sg_lasso","Italy","Revenues","2016-09-29",-129.333067510934,NA,0.0609537889391664,0.5,0.305751974981389,5,5,5,2016-09-01,660.940993586992,"Total revenues accrual","Y_lag1; Hourly earnings_leg0; Business turnover index_leg0; Retail sales_leg0; Stock market_leg0","OK",NA
"sg_lasso","Italy","Revenues","2016-10-01",-1387.9142788759,NA,0.0609537889391664,0.5,0.305751974981389,5,5,5,2016-10-01,660.940993586992,"Total revenues accrual","Y_lag1; Hourly earnings_leg0; Business turnover index_leg0; Retail sales_leg0; Stock market_leg0","OK",NA
"sg_lasso","Italy","Revenues","2016-10-05",-2017.49868320719,NA,0.0609537889391664,0.5,0.305751974981389,5,5,5,2016-10-01,660.940993586992,"Total revenues accrual","Y_lag1; Hourly earnings_leg0; Business turnover index_leg0; Retail sales_leg0; Stock market_leg0","OK",NA
"sg_lasso","Italy","Revenues","2016-10-06",-1897.62895322116,NA,0.0609537889391664,0.5,0.305751974981389,5,5,5,2016-10-01,660.940993586992,"Total revenues accrual","Y_lag1; Hourly earnings_leg0; Business turnover index_leg0; Retail sales_leg0; Stock market_leg0","OK",NA
"sg_lasso","Italy","Revenues","2016-10-15",-1759.04409326325,NA,0.0609537889391664,0.5,0.305751974981389,5,5,5,2016-10-01,660.940993586992,"Total revenues accrual","Y_lag1; Hourly earnings_leg0; Business turnover index_leg0; Retail sales_leg0; Stock market_leg0","OK",NA
"sg_lasso","Italy","Revenues","2016-10-27",-1759.04409326325,NA,0.0609537889391664,0.5,0.305751974981389,5,5,5,2016-10-01,660.940993586992,"Total revenues accrual","Y_lag1; Hourly earnings_leg0; Business turnover index_leg0; Retail sales_leg0; Stock market_leg0","OK",NA
"sg_lasso","Italy","Revenues","2016-11-01",-3121.77334390439,NA,0.0609537889391664,0.5,0.305751974981389,5,5,5,2016-11-01,660.940993586992,"Total revenues accrual","Y_lag1; Hourly earnings_leg0; Business turnover index_leg0; Retail sales_leg0; Stock market_leg0","OK",NA
"sg_lasso","Italy","Revenues","2016-11-02",-3217.96670699381,NA,0.0609537889391664,0.5,0.305751974981389,5,5,5,2016-11-01,660.940993586992,"Total revenues accrual","Y_lag1; Hourly earnings_leg0; Business turnover index_leg0; Retail sales_leg0; Stock market_leg0","OK",NA
"sg_lasso","Italy","Revenues","2016-11-05",114.976179290058,NA,0.0609537889391664,0.5,0.305751974981389,5,5,5,2016-11-01,660.940993586992,"Total revenues accrual","Y_lag1; Hourly earnings_leg0; Business turnover index_leg0; Retail sales_leg0; Stock market_leg0","OK",NA
"sg_lasso","Italy","Revenues","2016-11-15",114.976179290058,NA,0.0609537889391664,0.5,0.305751974981389,5,5,5,2016-11-01,660.940993586992,"Total revenues accrual","Y_lag1; Hourly earnings_leg0; Business turnover index_leg0; Retail sales_leg0; Stock market_leg0","OK",NA
"sg_lasso","Italy","Revenues","2016-11-24",114.976179290058,NA,0.0609537889391664,0.5,0.305751974981389,5,5,5,2016-11-01,660.940993586992,"Total revenues accrual","Y_lag1; Hourly earnings_leg0; Business turnover index_leg0; Retail sales_leg0; Stock market_leg0","OK",NA
"sg_lasso","Italy","Revenues","2016-11-27",114.976179290058,NA,0.0609537889391664,0.5,0.305751974981389,5,5,5,2016-11-01,660.940993586992,"Total revenues accrual","Y_lag1; Hourly earnings_leg0; Business turnover index_leg0; Retail sales_leg0; Stock market_leg0","OK",NA
"sg_lasso","Italy","Revenues","2016-12-01",2736.17637417999,NA,0.0609537889391664,0.5,0.305751974981389,5,5,5,2016-12-01,660.940993586992,"Total revenues accrual","Y_lag1; Hourly earnings_leg0; Business turnover index_leg0; Retail sales_leg0; Stock market_leg0","OK",NA
"sg_lasso","Italy","Revenues","2016-12-04",2728.3724582578,NA,0.0609537889391664,0.5,0.305751974981389,5,5,5,2016-12-01,660.940993586992,"Total revenues accrual","Y_lag1; Hourly earnings_leg0; Business turnover index_leg0; Retail sales_leg0; Stock market_leg0","OK",NA
"sg_lasso","Italy","Revenues","2016-12-05",671.040464343508,NA,0.0609537889391664,0.5,0.305751974981389,5,5,5,2016-12-01,660.940993586992,"Total revenues accrual","Y_lag1; Hourly earnings_leg0; Business turnover index_leg0; Retail sales_leg0; Stock market_leg0","OK",NA
"sg_lasso","Italy","Revenues","2016-12-15",2488.09653871259,NA,0.301848193136484,0.5,0.442981905774806,2,2,2,2016-12-01,-2673.28116281598,"Total revenues accrual","Y_lag1; Hourly earnings_leg0","OK",NA
"sg_lasso","Italy","Revenues","2016-12-27",2488.09653871259,NA,0.301848193136484,0.5,0.442981905774806,2,2,2,2016-12-01,-2673.28116281598,"Total revenues accrual","Y_lag1; Hourly earnings_leg0","OK",NA
"sg_lasso","Italy","Revenues","2016-12-29",2488.09653871259,NA,0.301848193136484,0.5,0.442981905774806,2,2,2,2016-12-01,-2673.28116281598,"Total revenues accrual","Y_lag1; Hourly earnings_leg0","OK",NA
"sg_lasso","Italy","Revenues","2017-01-01",2488.09653871259,NA,0.301848193136484,0.5,0.442981905774806,2,2,2,2017-01-01,-2673.28116281598,"Total revenues accrual","Y_lag1; Hourly earnings_leg0","OK",NA
"sg_lasso","Italy","Revenues","2017-01-05",2488.09653871259,NA,0.301848193136484,0.5,0.442981905774806,2,2,2,2017-01-01,-2673.28116281598,"Total revenues accrual","Y_lag1; Hourly earnings_leg0","OK",NA
"sg_lasso","Italy","Revenues","2017-01-07",2488.09653871259,NA,0.301848193136484,0.5,0.442981905774806,2,2,2,2017-01-01,-2673.28116281598,"Total revenues accrual","Y_lag1; Hourly earnings_leg0","OK",NA
"sg_lasso","Italy","Revenues","2017-01-15",2509.35779551333,NA,0.301848193136484,0.5,0.442981905774806,2,2,2,2017-01-01,-2673.28116281598,"Total revenues accrual","Y_lag1; Hourly earnings_leg0","OK",NA
"sg_lasso","Italy","Revenues","2017-01-26",2509.35779551333,NA,0.301848193136484,0.5,0.442981905774806,2,2,2,2017-01-01,-2673.28116281598,"Total revenues accrual","Y_lag1; Hourly earnings_leg0","OK",NA
"sg_lasso","Italy","Revenues","2017-01-27",2509.35779551333,NA,0.301848193136484,0.5,0.442981905774806,2,2,2,2017-01-01,-2673.28116281598,"Total revenues accrual","Y_lag1; Hourly earnings_leg0","OK",NA
"sg_lasso","Italy","Revenues","2017-02-01",2530.61905231406,NA,0.301848193136484,0.5,0.442981905774806,2,2,2,2017-02-01,-2673.28116281598,"Total revenues accrual","Y_lag1; Hourly earnings_leg0","OK",NA
"sg_lasso","Italy","Revenues","2017-02-03",2530.61905231406,NA,0.301848193136484,0.5,0.442981905774806,2,2,2,2017-02-01,-2673.28116281598,"Total revenues accrual","Y_lag1; Hourly earnings_leg0","OK",NA
"sg_lasso","Italy","Revenues","2017-02-05",2530.61905231406,NA,0.301848193136484,0.5,0.442981905774806,2,2,2,2017-02-01,-2673.28116281598,"Total revenues accrual","Y_lag1; Hourly earnings_leg0","OK",NA
"sg_lasso","Italy","Revenues","2017-02-15",2530.61905231406,NA,0.301848193136484,0.5,0.442981905774806,2,2,2,2017-02-01,-2673.28116281598,"Total revenues accrual","Y_lag1; Hourly earnings_leg0","OK",NA
"sg_lasso","Italy","Revenues","2017-02-23",2530.61905231406,NA,0.301848193136484,0.5,0.442981905774806,2,2,2,2017-02-01,-2673.28116281598,"Total revenues accrual","Y_lag1; Hourly earnings_leg0","OK",NA
"sg_lasso","Italy","Revenues","2017-02-27",2530.61905231406,NA,0.301848193136484,0.5,0.442981905774806,2,2,2,2017-02-01,-2673.28116281598,"Total revenues accrual","Y_lag1; Hourly earnings_leg0","OK",NA
"sg_lasso","Italy","Revenues","2017-03-01",2551.8803091148,NA,0.301848193136484,0.5,0.442981905774806,2,2,2,2017-03-01,-2673.28116281598,"Total revenues accrual","Y_lag1; Hourly earnings_leg0","OK",NA
"sg_lasso","Italy","Revenues","2017-03-03",2551.8803091148,NA,0.301848193136484,0.5,0.442981905774806,2,2,2,2017-03-01,-2673.28116281598,"Total revenues accrual","Y_lag1; Hourly earnings_leg0","OK",NA
"sg_lasso","Italy","Revenues","2017-03-05",2551.8803091148,NA,0.301848193136484,0.5,0.442981905774806,2,2,2,2017-03-01,-2673.28116281598,"Total revenues accrual","Y_lag1; Hourly earnings_leg0","OK",NA
"sg_lasso","Italy","Revenues","2017-03-15",-1945.24395754228,NA,0.00459197644530072,0.5,0.348006518925916,12,12,12,2017-03-01,4582.44801732199,"Total revenues accrual","Y_lag1; Payroll Mass_leg0; Hours worked_leg0; Hourly earnings_leg0; IP_leg0; Business turnover index_leg0; ESI_leg0; Retail sales_leg0; Private consumption_leg0; HICPX_leg0; Energy prices_leg0; Stock market_leg0","OK",NA
"sg_lasso","Italy","Revenues","2017-03-27",-1648.14480667715,NA,0.0106080611683715,0.5,0.284616853953143,9,9,9,2017-03-01,4582.44801732199,"Total revenues accrual","Y_lag1; Payroll Mass_leg0; Hours worked_leg0; Hourly earnings_leg0; Business turnover index_leg0; Retail sales_leg0; HICPX_leg0; Energy prices_leg0; Stock market_leg0","OK",NA
"sg_lasso","Italy","Revenues","2017-03-30",-1686.42426870153,NA,0.00966567025121505,0.5,0.283872458441409,9,9,9,2017-03-01,4582.44801732199,"Total revenues accrual","Y_lag1; Payroll Mass_leg0; Hours worked_leg0; Hourly earnings_leg0; Business turnover index_leg0; Retail sales_leg0; HICPX_leg0; Energy prices_leg0; Stock market_leg0","OK",NA
"sg_lasso","Italy","Revenues","2017-04-01",1363.51488771857,NA,0.00966567025121505,0.5,0.283872458441409,9,9,9,2017-04-01,4582.44801732199,"Total revenues accrual","Y_lag1; Payroll Mass_leg0; Hours worked_leg0; Hourly earnings_leg0; Business turnover index_leg0; Retail sales_leg0; HICPX_leg0; Energy prices_leg0; Stock market_leg0","OK",NA
"sg_lasso","Italy","Revenues","2017-04-05",-1376.54050574217,NA,0.00966567025121505,0.5,0.283872458441409,9,9,9,2017-04-01,4582.44801732199,"Total revenues accrual","Y_lag1; Payroll Mass_leg0; Hours worked_leg0; Hourly earnings_leg0; Business turnover index_leg0; Retail sales_leg0; HICPX_leg0; Energy prices_leg0; Stock market_leg0","OK",NA
"sg_lasso","Italy","Revenues","2017-04-06",-1410.32652721047,NA,0.00966567025121505,0.5,0.283872458441409,9,9,9,2017-04-01,4582.44801732199,"Total revenues accrual","Y_lag1; Payroll Mass_leg0; Hours worked_leg0; Hourly earnings_leg0; Business turnover index_leg0; Retail sales_leg0; HICPX_leg0; Energy prices_leg0; Stock market_leg0","OK",NA
"sg_lasso","Italy","Revenues","2017-04-15",-1666.39830605474,NA,0.00966567025121505,0.5,0.283872458441409,9,9,9,2017-04-01,4582.44801732199,"Total revenues accrual","Y_lag1; Payroll Mass_leg0; Hours worked_leg0; Hourly earnings_leg0; Business turnover index_leg0; Retail sales_leg0; HICPX_leg0; Energy prices_leg0; Stock market_leg0","OK",NA
"sg_lasso","Italy","Revenues","2017-04-27",-2320.95461323809,NA,0.00966567025121505,0.5,0.283872458441409,9,9,9,2017-04-01,4582.44801732199,"Total revenues accrual","Y_lag1; Payroll Mass_leg0; Hours worked_leg0; Hourly earnings_leg0; Business turnover index_leg0; Retail sales_leg0; HICPX_leg0; Energy prices_leg0; Stock market_leg0","OK",NA
"sg_lasso","Italy","Revenues","2017-05-01",-2450.92784336861,NA,0.00966567025121505,0.5,0.283872458441409,9,9,9,2017-05-01,4582.44801732199,"Total revenues accrual","Y_lag1; Payroll Mass_leg0; Hours worked_leg0; Hourly earnings_leg0; Business turnover index_leg0; Retail sales_leg0; HICPX_leg0; Energy prices_leg0; Stock market_leg0","OK",NA
"sg_lasso","Italy","Revenues","2017-05-05",-1449.66115298447,NA,0.00966567025121505,0.5,0.283872458441409,9,9,9,2017-05-01,4582.44801732199,"Total revenues accrual","Y_lag1; Payroll Mass_leg0; Hours worked_leg0; Hourly earnings_leg0; Business turnover index_leg0; Retail sales_leg0; HICPX_leg0; Energy prices_leg0; Stock market_leg0","OK",NA
"sg_lasso","Italy","Revenues","2017-05-15",-1449.66115298447,NA,0.00966567025121505,0.5,0.283872458441409,9,9,9,2017-05-01,4582.44801732199,"Total revenues accrual","Y_lag1; Payroll Mass_leg0; Hours worked_leg0; Hourly earnings_leg0; Business turnover index_leg0; Retail sales_leg0; HICPX_leg0; Energy prices_leg0; Stock market_leg0","OK",NA
"sg_lasso","Italy","Revenues","2017-05-25",-1449.66115298447,NA,0.00966567025121505,0.5,0.283872458441409,9,9,9,2017-05-01,4582.44801732199,"Total revenues accrual","Y_lag1; Payroll Mass_leg0; Hours worked_leg0; Hourly earnings_leg0; Business turnover index_leg0; Retail sales_leg0; HICPX_leg0; Energy prices_leg0; Stock market_leg0","OK",NA
"sg_lasso","Italy","Revenues","2017-05-27",-648.180964670227,NA,0.00966567025121505,0.5,0.283872458441409,9,9,9,2017-05-01,4582.44801732199,"Total revenues accrual","Y_lag1; Payroll Mass_leg0; Hours worked_leg0; Hourly earnings_leg0; Business turnover index_leg0; Retail sales_leg0; HICPX_leg0; Energy prices_leg0; Stock market_leg0","OK",NA
"sg_lasso","Italy","Revenues","2017-06-01",-2416.42163944602,NA,0.00966567025121505,0.5,0.283872458441409,9,9,9,2017-06-01,4582.44801732199,"Total revenues accrual","Y_lag1; Payroll Mass_leg0; Hours worked_leg0; Hourly earnings_leg0; Business turnover index_leg0; Retail sales_leg0; HICPX_leg0; Energy prices_leg0; Stock market_leg0","OK",NA
"sg_lasso","Italy","Revenues","2017-06-04",-2344.67313579972,NA,0.00966567025121505,0.5,0.283872458441409,9,9,9,2017-06-01,4582.44801732199,"Total revenues accrual","Y_lag1; Payroll Mass_leg0; Hours worked_leg0; Hourly earnings_leg0; Business turnover index_leg0; Retail sales_leg0; HICPX_leg0; Energy prices_leg0; Stock market_leg0","OK",NA
"sg_lasso","Italy","Revenues","2017-06-05",-2161.79959430612,NA,0.00966567025121505,0.5,0.283872458441409,9,9,9,2017-06-01,4582.44801732199,"Total revenues accrual","Y_lag1; Payroll Mass_leg0; Hours worked_leg0; Hourly earnings_leg0; Business turnover index_leg0; Retail sales_leg0; HICPX_leg0; Energy prices_leg0; Stock market_leg0","OK",NA
"sg_lasso","Italy","Revenues","2017-06-15",2416.15363885777,NA,0.00760033140789164,0.5,0.314105894100348,11,11,11,2017-06-01,-864.155980369018,"Total revenues accrual","Y_lag1; Payroll Mass_leg0; Hours worked_leg0; Hourly earnings_leg0; Business turnover index_leg0; Retail sales_leg0; Private consumption_leg0; HICPX_leg0; Energy prices_leg0; Stock market_leg0; Cash revenues_leg0","OK",NA
"sg_lasso","Italy","Revenues","2017-06-27",2086.4173435398,NA,0.00760033140789164,0.5,0.326584999453514,11,11,11,2017-06-01,-864.155980369018,"Total revenues accrual","Y_lag1; Payroll Mass_leg0; Hours worked_leg0; Hourly earnings_leg0; Business turnover index_leg0; Retail sales_leg0; Private consumption_leg0; HICPX_leg0; Energy prices_leg0; Stock market_leg0; Cash revenues_leg0","OK",NA
"sg_lasso","Italy","Revenues","2017-06-29",2086.4173435398,NA,0.00760033140789164,0.5,0.325904029263681,11,11,11,2017-06-01,-864.155980369018,"Total revenues accrual","Y_lag1; Payroll Mass_leg0; Hours worked_leg0; Hourly earnings_leg0; Business turnover index_leg0; Retail sales_leg0; Private consumption_leg0; HICPX_leg0; Energy prices_leg0; Stock market_leg0; Cash revenues_leg0","OK",NA
"sg_lasso","Italy","Revenues","2017-07-01",4359.38484207225,NA,0.00760033140789164,0.5,0.325904029263681,11,11,11,2017-07-01,-864.155980369018,"Total revenues accrual","Y_lag1; Payroll Mass_leg0; Hours worked_leg0; Hourly earnings_leg0; Business turnover index_leg0; Retail sales_leg0; Private consumption_leg0; HICPX_leg0; Energy prices_leg0; Stock market_leg0; Cash revenues_leg0","OK",NA
"sg_lasso","Italy","Revenues","2017-07-05",3915.19457584877,NA,0.00760033140789164,0.5,0.325904029263681,11,11,11,2017-07-01,-864.155980369018,"Total revenues accrual","Y_lag1; Payroll Mass_leg0; Hours worked_leg0; Hourly earnings_leg0; Business turnover index_leg0; Retail sales_leg0; Private consumption_leg0; HICPX_leg0; Energy prices_leg0; Stock market_leg0; Cash revenues_leg0","OK",NA
"sg_lasso","Italy","Revenues","2017-07-06",3920.39027825008,NA,0.00760033140789164,0.5,0.325904029263681,11,11,11,2017-07-01,-864.155980369018,"Total revenues accrual","Y_lag1; Payroll Mass_leg0; Hours worked_leg0; Hourly earnings_leg0; Business turnover index_leg0; Retail sales_leg0; Private consumption_leg0; HICPX_leg0; Energy prices_leg0; Stock market_leg0; Cash revenues_leg0","OK",NA
"sg_lasso","Italy","Revenues","2017-07-15",3244.02639285267,NA,0.00760033140789164,0.5,0.325904029263681,11,11,11,2017-07-01,-864.155980369018,"Total revenues accrual","Y_lag1; Payroll Mass_leg0; Hours worked_leg0; Hourly earnings_leg0; Business turnover index_leg0; Retail sales_leg0; Private consumption_leg0; HICPX_leg0; Energy prices_leg0; Stock market_leg0; Cash revenues_leg0","OK",NA
"sg_lasso","Italy","Revenues","2017-07-27",3261.00992066978,NA,0.00760033140789164,0.5,0.325904029263681,11,11,11,2017-07-01,-864.155980369018,"Total revenues accrual","Y_lag1; Payroll Mass_leg0; Hours worked_leg0; Hourly earnings_leg0; Business turnover index_leg0; Retail sales_leg0; Private consumption_leg0; HICPX_leg0; Energy prices_leg0; Stock market_leg0; Cash revenues_leg0","OK",NA
"sg_lasso","Italy","Revenues","2017-08-01",2553.62626611983,NA,0.00760033140789164,0.5,0.325904029263681,11,11,11,2017-08-01,-864.155980369018,"Total revenues accrual","Y_lag1; Payroll Mass_leg0; Hours worked_leg0; Hourly earnings_leg0; Business turnover index_leg0; Retail sales_leg0; Private consumption_leg0; HICPX_leg0; Energy prices_leg0; Stock market_leg0; Cash revenues_leg0","OK",NA
"sg_lasso","Italy","Revenues","2017-08-02",2482.93123826682,NA,0.00760033140789164,0.5,0.325904029263681,11,11,11,2017-08-01,-864.155980369018,"Total revenues accrual","Y_lag1; Payroll Mass_leg0; Hours worked_leg0; Hourly earnings_leg0; Business turnover index_leg0; Retail sales_leg0; Private consumption_leg0; HICPX_leg0; Energy prices_leg0; Stock market_leg0; Cash revenues_leg0","OK",NA
"sg_lasso","Italy","Revenues","2017-08-05",2604.19739813284,NA,0.00760033140789164,0.5,0.325904029263681,11,11,11,2017-08-01,-864.155980369018,"Total revenues accrual","Y_lag1; Payroll Mass_leg0; Hours worked_leg0; Hourly earnings_leg0; Business turnover index_leg0; Retail sales_leg0; Private consumption_leg0; HICPX_leg0; Energy prices_leg0; Stock market_leg0; Cash revenues_leg0","OK",NA
"sg_lasso","Italy","Revenues","2017-08-15",2594.96553574249,NA,0.00760033140789164,0.5,0.325904029263681,11,11,11,2017-08-01,-864.155980369018,"Total revenues accrual","Y_lag1; Payroll Mass_leg0; Hours worked_leg0; Hourly earnings_leg0; Business turnover index_leg0; Retail sales_leg0; Private consumption_leg0; HICPX_leg0; Energy prices_leg0; Stock market_leg0; Cash revenues_leg0","OK",NA
"sg_lasso","Italy","Revenues","2017-08-27",1923.63510134229,NA,0.00760033140789164,0.5,0.325904029263681,11,11,11,2017-08-01,-864.155980369018,"Total revenues accrual","Y_lag1; Payroll Mass_leg0; Hours worked_leg0; Hourly earnings_leg0; Business turnover index_leg0; Retail sales_leg0; Private consumption_leg0; HICPX_leg0; Energy prices_leg0; Stock market_leg0; Cash revenues_leg0","OK",NA
"sg_lasso","Italy","Revenues","2017-08-31",1923.63510134229,NA,0.00760033140789164,0.5,0.325904029263681,11,11,11,2017-08-01,-864.155980369018,"Total revenues accrual","Y_lag1; Payroll Mass_leg0; Hours worked_leg0; Hourly earnings_leg0; Business turnover index_leg0; Retail sales_leg0; Private consumption_leg0; HICPX_leg0; Energy prices_leg0; Stock market_leg0; Cash revenues_leg0","OK",NA
"sg_lasso","Italy","Revenues","2017-09-01",-70.834320100969,NA,0.00760033140789164,0.5,0.325904029263681,11,11,11,2017-09-01,-864.155980369018,"Total revenues accrual","Y_lag1; Payroll Mass_leg0; Hours worked_leg0; Hourly earnings_leg0; Business turnover index_leg0; Retail sales_leg0; Private consumption_leg0; HICPX_leg0; Energy prices_leg0; Stock market_leg0; Cash revenues_leg0","OK",NA
"sg_lasso","Italy","Revenues","2017-09-05",143.091023639922,NA,0.00760033140789164,0.5,0.325904029263681,11,11,11,2017-09-01,-864.155980369018,"Total revenues accrual","Y_lag1; Payroll Mass_leg0; Hours worked_leg0; Hourly earnings_leg0; Business turnover index_leg0; Retail sales_leg0; Private consumption_leg0; HICPX_leg0; Energy prices_leg0; Stock market_leg0; Cash revenues_leg0","OK",NA
"sg_lasso","Italy","Revenues","2017-09-15",-934.445325409534,NA,0.00683631851916348,0.5,0.396589505562737,11,11,11,2017-09-01,986.858014535013,"Total revenues accrual","Y_lag1; Payroll Mass_leg0; Hours worked_leg0; Hourly earnings_leg0; Business turnover index_leg0; ESI_leg0; Retail sales_leg0; HICPX_leg0; Energy prices_leg0; Employment_leg0; Stock market_leg0","OK",NA
"sg_lasso","Italy","Revenues","2017-09-27",-719.178690240683,NA,0.00750285113529923,0.5,0.38181806091583,11,11,11,2017-09-01,986.858014535013,"Total revenues accrual","Y_lag1; Payroll Mass_leg0; Hours worked_leg0; Hourly earnings_leg0; Business turnover index_leg0; ESI_leg0; Retail sales_leg0; HICPX_leg0; Energy prices_leg0; Employment_leg0; Stock market_leg0","OK",NA
"sg_lasso","Italy","Revenues","2017-09-28",-716.445311753159,NA,0.00750285113529923,0.5,0.381626107478033,11,11,11,2017-09-01,986.858014535013,"Total revenues accrual","Y_lag1; Payroll Mass_leg0; Hours worked_leg0; Hourly earnings_leg0; Business turnover index_leg0; ESI_leg0; Retail sales_leg0; HICPX_leg0; Energy prices_leg0; Employment_leg0; Stock market_leg0","OK",NA
"sg_lasso","Italy","Revenues","2017-10-01",-1455.72361417955,NA,0.00750285113529923,0.5,0.381626107478033,11,11,11,2017-10-01,986.858014535013,"Total revenues accrual","Y_lag1; Payroll Mass_leg0; Hours worked_leg0; Hourly earnings_leg0; Business turnover index_leg0; ESI_leg0; Retail sales_leg0; HICPX_leg0; Energy prices_leg0; Employment_leg0; Stock market_leg0","OK",NA
"sg_lasso","Italy","Revenues","2017-10-05",-2501.30913198528,NA,0.00750285113529923,0.5,0.381626107478033,11,11,11,2017-10-01,986.858014535013,"Total revenues accrual","Y_lag1; Payroll Mass_leg0; Hours worked_leg0; Hourly earnings_leg0; Business turnover index_leg0; ESI_leg0; Retail sales_leg0; HICPX_leg0; Energy prices_leg0; Employment_leg0; Stock market_leg0","OK",NA
"sg_lasso","Italy","Revenues","2017-10-07",-2818.61364131543,NA,0.00750285113529923,0.5,0.381626107478033,11,11,11,2017-10-01,986.858014535013,"Total revenues accrual","Y_lag1; Payroll Mass_leg0; Hours worked_leg0; Hourly earnings_leg0; Business turnover index_leg0; ESI_leg0; Retail sales_leg0; HICPX_leg0; Energy prices_leg0; Employment_leg0; Stock market_leg0","OK",NA
"sg_lasso","Italy","Revenues","2017-10-15",-1607.35250167273,NA,0.00750285113529923,0.5,0.381626107478033,11,11,11,2017-10-01,986.858014535013,"Total revenues accrual","Y_lag1; Payroll Mass_leg0; Hours worked_leg0; Hourly earnings_leg0; Business turnover index_leg0; ESI_leg0; Retail sales_leg0; HICPX_leg0; Energy prices_leg0; Employment_leg0; Stock market_leg0","OK",NA
"sg_lasso","Italy","Revenues","2017-10-26",-1604.9902449382,NA,0.00750285113529923,0.5,0.381626107478033,11,11,11,2017-10-01,986.858014535013,"Total revenues accrual","Y_lag1; Payroll Mass_leg0; Hours worked_leg0; Hourly earnings_leg0; Business turnover index_leg0; ESI_leg0; Retail sales_leg0; HICPX_leg0; Energy prices_leg0; Employment_leg0; Stock market_leg0","OK",NA
"sg_lasso","Italy","Revenues","2017-10-27",-1082.4465531726,NA,0.00750285113529923,0.5,0.381626107478033,11,11,11,2017-10-01,986.858014535013,"Total revenues accrual","Y_lag1; Payroll Mass_leg0; Hours worked_leg0; Hourly earnings_leg0; Business turnover index_leg0; ESI_leg0; Retail sales_leg0; HICPX_leg0; Energy prices_leg0; Employment_leg0; Stock market_leg0","OK",NA
"sg_lasso","Italy","Revenues","2017-11-01",-1051.90483813541,NA,0.00750285113529923,0.5,0.381626107478033,11,11,11,2017-11-01,986.858014535013,"Total revenues accrual","Y_lag1; Payroll Mass_leg0; Hours worked_leg0; Hourly earnings_leg0; Business turnover index_leg0; ESI_leg0; Retail sales_leg0; HICPX_leg0; Energy prices_leg0; Employment_leg0; Stock market_leg0","OK",NA
"sg_lasso","Italy","Revenues","2017-11-03",-911.866873492445,NA,0.00750285113529923,0.5,0.381626107478033,11,11,11,2017-11-01,986.858014535013,"Total revenues accrual","Y_lag1; Payroll Mass_leg0; Hours worked_leg0; Hourly earnings_leg0; Business turnover index_leg0; ESI_leg0; Retail sales_leg0; HICPX_leg0; Energy prices_leg0; Employment_leg0; Stock market_leg0","OK",NA
"sg_lasso","Italy","Revenues","2017-11-05",1693.31185384191,NA,0.00750285113529923,0.5,0.381626107478033,11,11,11,2017-11-01,986.858014535013,"Total revenues accrual","Y_lag1; Payroll Mass_leg0; Hours worked_leg0; Hourly earnings_leg0; Business turnover index_leg0; ESI_leg0; Retail sales_leg0; HICPX_leg0; Energy prices_leg0; Employment_leg0; Stock market_leg0","OK",NA
"sg_lasso","Italy","Revenues","2017-11-15",1693.31185384191,NA,0.00750285113529923,0.5,0.381626107478033,11,11,11,2017-11-01,986.858014535013,"Total revenues accrual","Y_lag1; Payroll Mass_leg0; Hours worked_leg0; Hourly earnings_leg0; Business turnover index_leg0; ESI_leg0; Retail sales_leg0; HICPX_leg0; Energy prices_leg0; Employment_leg0; Stock market_leg0","OK",NA
"sg_lasso","Italy","Revenues","2017-11-27",1347.21635228113,NA,0.00750285113529923,0.5,0.381626107478033,11,11,11,2017-11-01,986.858014535013,"Total revenues accrual","Y_lag1; Payroll Mass_leg0; Hours worked_leg0; Hourly earnings_leg0; Business turnover index_leg0; ESI_leg0; Retail sales_leg0; HICPX_leg0; Energy prices_leg0; Employment_leg0; Stock market_leg0","OK",NA
"sg_lasso","Italy","Revenues","2017-11-30",1346.73997330515,NA,0.00750285113529923,0.5,0.381626107478033,11,11,11,2017-11-01,986.858014535013,"Total revenues accrual","Y_lag1; Payroll Mass_leg0; Hours worked_leg0; Hourly earnings_leg0; Business turnover index_leg0; ESI_leg0; Retail sales_leg0; HICPX_leg0; Energy prices_leg0; Employment_leg0; Stock market_leg0","OK",NA
"sg_lasso","Italy","Revenues","2017-12-01",4638.75241040534,NA,0.00750285113529923,0.5,0.381626107478033,11,11,11,2017-12-01,986.858014535013,"Total revenues accrual","Y_lag1; Payroll Mass_leg0; Hours worked_leg0; Hourly earnings_leg0; Business turnover index_leg0; ESI_leg0; Retail sales_leg0; HICPX_leg0; Energy prices_leg0; Employment_leg0; Stock market_leg0","OK",NA
"sg_lasso","Italy","Revenues","2017-12-05",1974.59266516104,NA,0.00750285113529923,0.5,0.381626107478033,11,11,11,2017-12-01,986.858014535013,"Total revenues accrual","Y_lag1; Payroll Mass_leg0; Hours worked_leg0; Hourly earnings_leg0; Business turnover index_leg0; ESI_leg0; Retail sales_leg0; HICPX_leg0; Energy prices_leg0; Employment_leg0; Stock market_leg0","OK",NA
"sg_lasso","Italy","Revenues","2017-12-15",1668.95600707325,NA,0.00426852798403508,0.5,0.378262374654142,13,13,13,2017-12-01,495.450749431009,"Total revenues accrual","Y_lag1; Payroll Mass_leg0; Hours worked_leg0; Hourly earnings_leg0; IP_leg0; Business turnover index_leg0; ESI_leg0; Retail sales_leg0; Private consumption_leg0; HICPX_leg0; Energy prices_leg0; Employment_leg0; Stock market_leg0","OK",NA
"sg_lasso","Italy","Revenues","2017-12-27",1619.71676638713,NA,0.00468470419295106,0.5,0.369993406543501,13,13,13,2017-12-01,495.450749431009,"Total revenues accrual","Y_lag1; Payroll Mass_leg0; Hours worked_leg0; Hourly earnings_leg0; IP_leg0; Business turnover index_leg0; ESI_leg0; Retail sales_leg0; Private consumption_leg0; HICPX_leg0; Energy prices_leg0; Employment_leg0; Stock market_leg0","OK",NA
"sg_lasso","Italy","Revenues","2017-12-28",1627.51122131945,NA,0.00514145706846394,0.5,0.370208354211194,12,12,12,2017-12-01,495.450749431009,"Total revenues accrual","Y_lag1; Payroll Mass_leg0; Hours worked_leg0; Hourly earnings_leg0; IP_leg0; Business turnover index_leg0; Retail sales_leg0; Private consumption_leg0; HICPX_leg0; Energy prices_leg0; Employment_leg0; Stock market_leg0","OK",NA
"sg_lasso","Italy","Revenues","2018-01-01",1368.3991108878,NA,0.00514145706846394,0.5,0.370208354211194,12,12,12,2018-01-01,495.450749431009,"Total revenues accrual","Y_lag1; Payroll Mass_leg0; Hours worked_leg0; Hourly earnings_leg0; IP_leg0; Business turnover index_leg0; Retail sales_leg0; Private consumption_leg0; HICPX_leg0; Energy prices_leg0; Employment_leg0; Stock market_leg0","OK",NA
"sg_lasso","Italy","Revenues","2018-01-05",1963.69559510595,NA,0.00514145706846394,0.5,0.370208354211194,12,12,12,2018-01-01,495.450749431009,"Total revenues accrual","Y_lag1; Payroll Mass_leg0; Hours worked_leg0; Hourly earnings_leg0; IP_leg0; Business turnover index_leg0; Retail sales_leg0; Private consumption_leg0; HICPX_leg0; Energy prices_leg0; Employment_leg0; Stock market_leg0","OK",NA
"sg_lasso","Italy","Revenues","2018-01-15",1064.17658245581,NA,0.00514145706846394,0.5,0.370208354211194,12,12,12,2018-01-01,495.450749431009,"Total revenues accrual","Y_lag1; Payroll Mass_leg0; Hours worked_leg0; Hourly earnings_leg0; IP_leg0; Business turnover index_leg0; Retail sales_leg0; Private consumption_leg0; HICPX_leg0; Energy prices_leg0; Employment_leg0; Stock market_leg0","OK",NA
"sg_lasso","Italy","Revenues","2018-01-25",1064.17658245581,NA,0.00514145706846394,0.5,0.370208354211194,12,12,12,2018-01-01,495.450749431009,"Total revenues accrual","Y_lag1; Payroll Mass_leg0; Hours worked_leg0; Hourly earnings_leg0; IP_leg0; Business turnover index_leg0; Retail sales_leg0; Private consumption_leg0; HICPX_leg0; Energy prices_leg0; Employment_leg0; Stock market_leg0","OK",NA
"sg_lasso","Italy","Revenues","2018-01-27",568.576213108933,NA,0.00514145706846394,0.5,0.370208354211194,12,12,12,2018-01-01,495.450749431009,"Total revenues accrual","Y_lag1; Payroll Mass_leg0; Hours worked_leg0; Hourly earnings_leg0; IP_leg0; Business turnover index_leg0; Retail sales_leg0; Private consumption_leg0; HICPX_leg0; Energy prices_leg0; Employment_leg0; Stock market_leg0","OK",NA
"sg_lasso","Italy","Revenues","2018-02-01",-2840.69248493352,NA,0.00514145706846394,0.5,0.370208354211194,12,12,12,2018-02-01,495.450749431009,"Total revenues accrual","Y_lag1; Payroll Mass_leg0; Hours worked_leg0; Hourly earnings_leg0; IP_leg0; Business turnover index_leg0; Retail sales_leg0; Private consumption_leg0; HICPX_leg0; Energy prices_leg0; Employment_leg0; Stock market_leg0","OK",NA
"sg_lasso","Italy","Revenues","2018-02-04",-2479.41774938956,NA,0.00514145706846394,0.5,0.370208354211194,12,12,12,2018-02-01,495.450749431009,"Total revenues accrual","Y_lag1; Payroll Mass_leg0; Hours worked_leg0; Hourly earnings_leg0; IP_leg0; Business turnover index_leg0; Retail sales_leg0; Private consumption_leg0; HICPX_leg0; Energy prices_leg0; Employment_leg0; Stock market_leg0","OK",NA
"sg_lasso","Italy","Revenues","2018-02-05",-4642.22348215769,NA,0.00514145706846394,0.5,0.370208354211194,12,12,12,2018-02-01,495.450749431009,"Total revenues accrual","Y_lag1; Payroll Mass_leg0; Hours worked_leg0; Hourly earnings_leg0; IP_leg0; Business turnover index_leg0; Retail sales_leg0; Private consumption_leg0; HICPX_leg0; Energy prices_leg0; Employment_leg0; Stock market_leg0","OK",NA
"sg_lasso","Italy","Revenues","2018-02-15",-4663.90537761286,NA,0.00514145706846394,0.5,0.370208354211194,12,12,12,2018-02-01,495.450749431009,"Total revenues accrual","Y_lag1; Payroll Mass_leg0; Hours worked_leg0; Hourly earnings_leg0; IP_leg0; Business turnover index_leg0; Retail sales_leg0; Private consumption_leg0; HICPX_leg0; Energy prices_leg0; Employment_leg0; Stock market_leg0","OK",NA
"sg_lasso","Italy","Revenues","2018-02-22",-4663.90537761286,NA,0.00514145706846394,0.5,0.370208354211194,12,12,12,2018-02-01,495.450749431009,"Total revenues accrual","Y_lag1; Payroll Mass_leg0; Hours worked_leg0; Hourly earnings_leg0; IP_leg0; Business turnover index_leg0; Retail sales_leg0; Private consumption_leg0; HICPX_leg0; Energy prices_leg0; Employment_leg0; Stock market_leg0","OK",NA
"sg_lasso","Italy","Revenues","2018-02-27",-3101.75081460193,NA,0.00514145706846394,0.5,0.370208354211194,12,12,12,2018-02-01,495.450749431009,"Total revenues accrual","Y_lag1; Payroll Mass_leg0; Hours worked_leg0; Hourly earnings_leg0; IP_leg0; Business turnover index_leg0; Retail sales_leg0; Private consumption_leg0; HICPX_leg0; Energy prices_leg0; Employment_leg0; Stock market_leg0","OK",NA
"sg_lasso","Italy","Revenues","2018-03-01",-4304.48976945627,NA,0.00514145706846394,0.5,0.370208354211194,12,12,12,2018-03-01,495.450749431009,"Total revenues accrual","Y_lag1; Payroll Mass_leg0; Hours worked_leg0; Hourly earnings_leg0; IP_leg0; Business turnover index_leg0; Retail sales_leg0; Private consumption_leg0; HICPX_leg0; Energy prices_leg0; Employment_leg0; Stock market_leg0","OK",NA
"sg_lasso","Italy","Revenues","2018-03-04",-4406.92919795784,NA,0.00514145706846394,0.5,0.370208354211194,12,12,12,2018-03-01,495.450749431009,"Total revenues accrual","Y_lag1; Payroll Mass_leg0; Hours worked_leg0; Hourly earnings_leg0; IP_leg0; Business turnover index_leg0; Retail sales_leg0; Private consumption_leg0; HICPX_leg0; Energy prices_leg0; Employment_leg0; Stock market_leg0","OK",NA
"sg_lasso","Italy","Revenues","2018-03-05",2108.54538324618,NA,0.00514145706846394,0.5,0.370208354211194,12,12,12,2018-03-01,495.450749431009,"Total revenues accrual","Y_lag1; Payroll Mass_leg0; Hours worked_leg0; Hourly earnings_leg0; IP_leg0; Business turnover index_leg0; Retail sales_leg0; Private consumption_leg0; HICPX_leg0; Energy prices_leg0; Employment_leg0; Stock market_leg0","OK",NA
"sg_lasso","Italy","Revenues","2018-03-15",815.348630200836,NA,0.0000284566015246776,0.5,0.262144505157708,14,14,14,2018-03-01,1565.50714749299,"Total revenues accrual","Y_lag1; Payroll Mass_leg0; Hours worked_leg0; Hourly earnings_leg0; IP_leg0; Business turnover index_leg0; ESI_leg0; Retail sales_leg0; Private consumption_leg0; HICPX_leg0; Energy prices_leg0; Employment_leg0; Stock market_leg0; Cash revenues_leg0","OK",NA
"sg_lasso","Italy","Revenues","2018-03-27",-133.465233858469,NA,0.0585213512892726,0.5,0.461731484833058,6,6,6,2018-03-01,1565.50714749299,"Total revenues accrual","Y_lag1; Hourly earnings_leg0; IP_leg0; Business turnover index_leg0; Retail sales_leg0; Stock market_leg0","OK",NA
"sg_lasso","Italy","Revenues","2018-03-29",-133.465233858469,NA,0.0585213512892726,0.5,0.461731484833058,6,6,6,2018-03-01,1565.50714749299,"Total revenues accrual","Y_lag1; Hourly earnings_leg0; IP_leg0; Business turnover index_leg0; Retail sales_leg0; Stock market_leg0","OK",NA
"sg_lasso","Italy","Revenues","2018-04-01",3417.07676417801,NA,0.0585213512892726,0.5,0.461731484833058,6,6,6,2018-04-01,1565.50714749299,"Total revenues accrual","Y_lag1; Hourly earnings_leg0; IP_leg0; Business turnover index_leg0; Retail sales_leg0; Stock market_leg0","OK",NA
"sg_lasso","Italy","Revenues","2018-04-05",40.4643185494635,NA,0.0585213512892726,0.5,0.461731484833058,6,6,6,2018-04-01,1565.50714749299,"Total revenues accrual","Y_lag1; Hourly earnings_leg0; IP_leg0; Business turnover index_leg0; Retail sales_leg0; Stock market_leg0","OK",NA
"sg_lasso","Italy","Revenues","2018-04-07",-21.576829887639,NA,0.0585213512892726,0.5,0.461731484833058,6,6,6,2018-04-01,1565.50714749299,"Total revenues accrual","Y_lag1; Hourly earnings_leg0; IP_leg0; Business turnover index_leg0; Retail sales_leg0; Stock market_leg0","OK",NA
"sg_lasso","Italy","Revenues","2018-04-15",372.826289650148,NA,0.0585213512892726,0.5,0.461731484833058,6,6,6,2018-04-01,1565.50714749299,"Total revenues accrual","Y_lag1; Hourly earnings_leg0; IP_leg0; Business turnover index_leg0; Retail sales_leg0; Stock market_leg0","OK",NA
"sg_lasso","Italy","Revenues","2018-04-26",372.826289650148,NA,0.0585213512892726,0.5,0.461731484833058,6,6,6,2018-04-01,1565.50714749299,"Total revenues accrual","Y_lag1; Hourly earnings_leg0; IP_leg0; Business turnover index_leg0; Retail sales_leg0; Stock market_leg0","OK",NA
"sg_lasso","Italy","Revenues","2018-04-27",372.826289650148,NA,0.0585213512892726,0.5,0.461731484833058,6,6,6,2018-04-01,1565.50714749299,"Total revenues accrual","Y_lag1; Hourly earnings_leg0; IP_leg0; Business turnover index_leg0; Retail sales_leg0; Stock market_leg0","OK",NA
"sg_lasso","Italy","Revenues","2018-05-01",2764.59151451044,NA,0.0585213512892726,0.5,0.461731484833058,6,6,6,2018-05-01,1565.50714749299,"Total revenues accrual","Y_lag1; Hourly earnings_leg0; IP_leg0; Business turnover index_leg0; Retail sales_leg0; Stock market_leg0","OK",NA
"sg_lasso","Italy","Revenues","2018-05-02",2877.76643466772,NA,0.0585213512892726,0.5,0.461731484833058,6,6,6,2018-05-01,1565.50714749299,"Total revenues accrual","Y_lag1; Hourly earnings_leg0; IP_leg0; Business turnover index_leg0; Retail sales_leg0; Stock market_leg0","OK",NA
"sg_lasso","Italy","Revenues","2018-05-05",2927.1294006293,NA,0.0585213512892726,0.5,0.461731484833058,6,6,6,2018-05-01,1565.50714749299,"Total revenues accrual","Y_lag1; Hourly earnings_leg0; IP_leg0; Business turnover index_leg0; Retail sales_leg0; Stock market_leg0","OK",NA
"sg_lasso","Italy","Revenues","2018-05-15",2921.83276589245,NA,0.0585213512892726,0.5,0.461731484833058,6,6,6,2018-05-01,1565.50714749299,"Total revenues accrual","Y_lag1; Hourly earnings_leg0; IP_leg0; Business turnover index_leg0; Retail sales_leg0; Stock market_leg0","OK",NA
"sg_lasso","Italy","Revenues","2018-05-27",2921.83276589245,NA,0.0585213512892726,0.5,0.461731484833058,6,6,6,2018-05-01,1565.50714749299,"Total revenues accrual","Y_lag1; Hourly earnings_leg0; IP_leg0; Business turnover index_leg0; Retail sales_leg0; Stock market_leg0","OK",NA
"sg_lasso","Italy","Revenues","2018-05-31",2921.83276589245,NA,0.0585213512892726,0.5,0.461731484833058,6,6,6,2018-05-01,1565.50714749299,"Total revenues accrual","Y_lag1; Hourly earnings_leg0; IP_leg0; Business turnover index_leg0; Retail sales_leg0; Stock market_leg0","OK",NA
"sg_lasso","Italy","Revenues","2018-06-01",-183.262544465581,NA,0.0585213512892726,0.5,0.461731484833058,6,6,6,2018-06-01,1565.50714749299,"Total revenues accrual","Y_lag1; Hourly earnings_leg0; IP_leg0; Business turnover index_leg0; Retail sales_leg0; Stock market_leg0","OK",NA
"sg_lasso","Italy","Revenues","2018-06-05",15.3776505045777,NA,0.0585213512892726,0.5,0.461731484833058,6,6,6,2018-06-01,1565.50714749299,"Total revenues accrual","Y_lag1; Hourly earnings_leg0; IP_leg0; Business turnover index_leg0; Retail sales_leg0; Stock market_leg0","OK",NA
"sg_lasso","Italy","Revenues","2018-06-15",62.3188574837909,NA,0.127992034025725,0.5,0.50286084348239,4,4,4,2018-06-01,2149.64826263901,"Total revenues accrual","Y_lag1; Hourly earnings_leg0; IP_leg0; Business turnover index_leg0","OK",NA
"sg_lasso","Italy","Revenues","2018-06-27",99.1205221859015,NA,0.116621574483707,0.5,0.499648124596264,4,4,4,2018-06-01,2149.64826263901,"Total revenues accrual","Y_lag1; Hourly earnings_leg0; IP_leg0; Business turnover index_leg0","OK",NA
"sg_lasso","Italy","Revenues","2018-06-28",99.1205221859015,NA,0.116621574483707,0.5,0.499648124596264,4,4,4,2018-06-01,2149.64826263901,"Total revenues accrual","Y_lag1; Hourly earnings_leg0; IP_leg0; Business turnover index_leg0","OK",NA
"sg_lasso","Italy","Revenues","2018-07-01",282.895206593073,NA,0.116621574483707,0.5,0.499648124596264,4,4,4,2018-07-01,2149.64826263901,"Total revenues accrual","Y_lag1; Hourly earnings_leg0; IP_leg0; Business turnover index_leg0","OK",NA
"sg_lasso","Italy","Revenues","2018-07-05",-82.1389592859598,NA,0.116621574483707,0.5,0.499648124596264,4,4,4,2018-07-01,2149.64826263901,"Total revenues accrual","Y_lag1; Hourly earnings_leg0; IP_leg0; Business turnover index_leg0","OK",NA
"sg_lasso","Italy","Revenues","2018-07-07",-82.1389592859598,NA,0.116621574483707,0.5,0.499648124596264,4,4,4,2018-07-01,2149.64826263901,"Total revenues accrual","Y_lag1; Hourly earnings_leg0; IP_leg0; Business turnover index_leg0","OK",NA
"sg_lasso","Italy","Revenues","2018-07-15",-62.9431913412876,NA,0.116621574483707,0.5,0.499648124596264,4,4,4,2018-07-01,2149.64826263901,"Total revenues accrual","Y_lag1; Hourly earnings_leg0; IP_leg0; Business turnover index_leg0","OK",NA
"sg_lasso","Italy","Revenues","2018-07-26",-62.9431913412876,NA,0.116621574483707,0.5,0.499648124596264,4,4,4,2018-07-01,2149.64826263901,"Total revenues accrual","Y_lag1; Hourly earnings_leg0; IP_leg0; Business turnover index_leg0","OK",NA
"sg_lasso","Italy","Revenues","2018-07-27",-62.9431913412876,NA,0.116621574483707,0.5,0.499648124596264,4,4,4,2018-07-01,2149.64826263901,"Total revenues accrual","Y_lag1; Hourly earnings_leg0; IP_leg0; Business turnover index_leg0","OK",NA
"sg_lasso","Italy","Revenues","2018-08-01",-241.272863625115,NA,0.116621574483707,0.5,0.499648124596264,4,4,4,2018-08-01,2149.64826263901,"Total revenues accrual","Y_lag1; Hourly earnings_leg0; IP_leg0; Business turnover index_leg0","OK",NA
"sg_lasso","Italy","Revenues","2018-08-03",-241.272863625115,NA,0.116621574483707,0.5,0.499648124596264,4,4,4,2018-08-01,2149.64826263901,"Total revenues accrual","Y_lag1; Hourly earnings_leg0; IP_leg0; Business turnover index_leg0","OK",NA
"sg_lasso","Italy","Revenues","2018-08-05",232.79876829307,NA,0.116621574483707,0.5,0.499648124596264,4,4,4,2018-08-01,2149.64826263901,"Total revenues accrual","Y_lag1; Hourly earnings_leg0; IP_leg0; Business turnover index_leg0","OK",NA
"sg_lasso","Italy","Revenues","2018-08-15",248.606374465127,NA,0.116621574483707,0.5,0.499648124596264,4,4,4,2018-08-01,2149.64826263901,"Total revenues accrual","Y_lag1; Hourly earnings_leg0; IP_leg0; Business turnover index_leg0","OK",NA
"sg_lasso","Italy","Revenues","2018-08-27",248.606374465127,NA,0.116621574483707,0.5,0.499648124596264,4,4,4,2018-08-01,2149.64826263901,"Total revenues accrual","Y_lag1; Hourly earnings_leg0; IP_leg0; Business turnover index_leg0","OK",NA
"sg_lasso","Italy","Revenues","2018-08-30",248.606374465127,NA,0.116621574483707,0.5,0.499648124596264,4,4,4,2018-08-01,2149.64826263901,"Total revenues accrual","Y_lag1; Hourly earnings_leg0; IP_leg0; Business turnover index_leg0","OK",NA
"sg_lasso","Italy","Revenues","2018-09-01",392.64721462101,NA,0.116621574483707,0.5,0.499648124596264,4,4,4,2018-09-01,2149.64826263901,"Total revenues accrual","Y_lag1; Hourly earnings_leg0; IP_leg0; Business turnover index_leg0","OK",NA
"sg_lasso","Italy","Revenues","2018-09-05",318.691225284592,NA,0.116621574483707,0.5,0.499648124596264,4,4,4,2018-09-01,2149.64826263901,"Total revenues accrual","Y_lag1; Hourly earnings_leg0; IP_leg0; Business turnover index_leg0","OK",NA
"sg_lasso","Italy","Revenues","2018-09-06",318.691225284592,NA,0.116621574483707,0.5,0.499648124596264,4,4,4,2018-09-01,2149.64826263901,"Total revenues accrual","Y_lag1; Hourly earnings_leg0; IP_leg0; Business turnover index_leg0","OK",NA
"sg_lasso","Italy","Revenues","2018-09-15",2019.50145248965,NA,0.143744745155553,0.5,0.523994384627118,4,4,4,2018-09-01,-984.461774886004,"Total revenues accrual","Y_lag1; Hourly earnings_leg0; IP_leg0; Business turnover index_leg0","OK",NA
"sg_lasso","Italy","Revenues","2018-09-27",2019.50145248965,NA,0.143744745155553,0.5,0.523994384627118,4,4,4,2018-09-01,-984.461774886004,"Total revenues accrual","Y_lag1; Hourly earnings_leg0; IP_leg0; Business turnover index_leg0","OK",NA
"sg_lasso","Italy","Revenues","2018-10-01",2312.00368395181,NA,0.143744745155553,0.5,0.523994384627118,4,4,4,2018-10-01,-984.461774886004,"Total revenues accrual","Y_lag1; Hourly earnings_leg0; IP_leg0; Business turnover index_leg0","OK",NA
"sg_lasso","Italy","Revenues","2018-10-05",2128.85205373623,NA,0.143744745155553,0.5,0.523994384627118,4,4,4,2018-10-01,-984.461774886004,"Total revenues accrual","Y_lag1; Hourly earnings_leg0; IP_leg0; Business turnover index_leg0","OK",NA
"sg_lasso","Italy","Revenues","2018-10-15",2088.60582986921,NA,0.143744745155553,0.5,0.523994384627118,4,4,4,2018-10-01,-984.461774886004,"Total revenues accrual","Y_lag1; Hourly earnings_leg0; IP_leg0; Business turnover index_leg0","OK",NA
"sg_lasso","Italy","Revenues","2018-10-25",2088.60582986921,NA,0.143744745155553,0.5,0.523994384627118,4,4,4,2018-10-01,-984.461774886004,"Total revenues accrual","Y_lag1; Hourly earnings_leg0; IP_leg0; Business turnover index_leg0","OK",NA
"sg_lasso","Italy","Revenues","2018-10-27",2088.60582986921,NA,0.143744745155553,0.5,0.523994384627118,4,4,4,2018-10-01,-984.461774886004,"Total revenues accrual","Y_lag1; Hourly earnings_leg0; IP_leg0; Business turnover index_leg0","OK",NA
"sg_lasso","Italy","Revenues","2018-11-01",1813.87108868769,NA,0.143744745155553,0.5,0.523994384627118,4,4,4,2018-11-01,-984.461774886004,"Total revenues accrual","Y_lag1; Hourly earnings_leg0; IP_leg0; Business turnover index_leg0","OK",NA
"sg_lasso","Italy","Revenues","2018-11-04",1813.87108868769,NA,0.143744745155553,0.5,0.523994384627118,4,4,4,2018-11-01,-984.461774886004,"Total revenues accrual","Y_lag1; Hourly earnings_leg0; IP_leg0; Business turnover index_leg0","OK",NA
"sg_lasso","Italy","Revenues","2018-11-05",2031.99240700528,NA,0.143744745155553,0.5,0.523994384627118,4,4,4,2018-11-01,-984.461774886004,"Total revenues accrual","Y_lag1; Hourly earnings_leg0; IP_leg0; Business turnover index_leg0","OK",NA
"sg_lasso","Italy","Revenues","2018-11-15",2035.74756071662,NA,0.143744745155553,0.5,0.523994384627118,4,4,4,2018-11-01,-984.461774886004,"Total revenues accrual","Y_lag1; Hourly earnings_leg0; IP_leg0; Business turnover index_leg0","OK",NA
"sg_lasso","Italy","Revenues","2018-11-27",2035.74756071662,NA,0.143744745155553,0.5,0.523994384627118,4,4,4,2018-11-01,-984.461774886004,"Total revenues accrual","Y_lag1; Hourly earnings_leg0; IP_leg0; Business turnover index_leg0","OK",NA
"sg_lasso","Italy","Revenues","2018-11-29",2035.74756071662,NA,0.143744745155553,0.5,0.523994384627118,4,4,4,2018-11-01,-984.461774886004,"Total revenues accrual","Y_lag1; Hourly earnings_leg0; IP_leg0; Business turnover index_leg0","OK",NA
"sg_lasso","Italy","Revenues","2018-12-01",2034.22617866295,NA,0.143744745155553,0.5,0.523994384627118,4,4,4,2018-12-01,-984.461774886004,"Total revenues accrual","Y_lag1; Hourly earnings_leg0; IP_leg0; Business turnover index_leg0","OK",NA
"sg_lasso","Italy","Revenues","2018-12-05",2275.09231664214,NA,0.143744745155553,0.5,0.523994384627118,4,4,4,2018-12-01,-984.461774886004,"Total revenues accrual","Y_lag1; Hourly earnings_leg0; IP_leg0; Business turnover index_leg0","OK",NA
"sg_lasso","Italy","Revenues","2018-12-06",2275.09231664214,NA,0.143744745155553,0.5,0.523994384627118,4,4,4,2018-12-01,-984.461774886004,"Total revenues accrual","Y_lag1; Hourly earnings_leg0; IP_leg0; Business turnover index_leg0","OK",NA
"sg_lasso","Italy","Revenues","2018-12-15",2180.71541218055,NA,0.111410794743367,0.5,0.357196596678749,4,4,4,2018-12-01,-1087.47906282899,"Total revenues accrual","Y_lag1; Hourly earnings_leg0; Business turnover index_leg0; Retail sales_leg0","OK",NA
"sg_lasso","Italy","Revenues","2018-12-27",2252.8036434548,NA,0.101513366799383,0.5,0.356705388331149,6,6,6,2018-12-01,-1087.47906282899,"Total revenues accrual","Y_lag1; Hourly earnings_leg0; Business turnover index_leg0; Retail sales_leg0; Stock market_leg0; Cash revenues_leg0","OK",NA
"sg_lasso","Italy","Revenues","2019-01-01",2788.51567608053,NA,0.101513366799383,0.5,0.356705388331149,6,6,6,2019-01-01,-1087.47906282899,"Total revenues accrual","Y_lag1; Hourly earnings_leg0; Business turnover index_leg0; Retail sales_leg0; Stock market_leg0; Cash revenues_leg0","OK",NA
"sg_lasso","Italy","Revenues","2019-01-02",2795.14354562998,NA,0.101513366799383,0.5,0.356705388331149,6,6,6,2019-01-01,-1087.47906282899,"Total revenues accrual","Y_lag1; Hourly earnings_leg0; Business turnover index_leg0; Retail sales_leg0; Stock market_leg0; Cash revenues_leg0","OK",NA
"sg_lasso","Italy","Revenues","2019-01-05",2336.19565877493,NA,0.101513366799383,0.5,0.356705388331149,6,6,6,2019-01-01,-1087.47906282899,"Total revenues accrual","Y_lag1; Hourly earnings_leg0; Business turnover index_leg0; Retail sales_leg0; Stock market_leg0; Cash revenues_leg0","OK",NA
"sg_lasso","Italy","Revenues","2019-01-15",2232.50324333198,NA,0.101513366799383,0.5,0.356705388331149,6,6,6,2019-01-01,-1087.47906282899,"Total revenues accrual","Y_lag1; Hourly earnings_leg0; Business turnover index_leg0; Retail sales_leg0; Stock market_leg0; Cash revenues_leg0","OK",NA
"sg_lasso","Italy","Revenues","2019-01-27",2232.50324333198,NA,0.101513366799383,0.5,0.356705388331149,6,6,6,2019-01-01,-1087.47906282899,"Total revenues accrual","Y_lag1; Hourly earnings_leg0; Business turnover index_leg0; Retail sales_leg0; Stock market_leg0; Cash revenues_leg0","OK",NA
"sg_lasso","Italy","Revenues","2019-01-31",2232.50324333198,NA,0.101513366799383,0.5,0.356705388331149,6,6,6,2019-01-01,-1087.47906282899,"Total revenues accrual","Y_lag1; Hourly earnings_leg0; Business turnover index_leg0; Retail sales_leg0; Stock market_leg0; Cash revenues_leg0","OK",NA
"sg_lasso","Italy","Revenues","2019-02-01",1944.5126179757,NA,0.101513366799383,0.5,0.356705388331149,6,6,6,2019-02-01,-1087.47906282899,"Total revenues accrual","Y_lag1; Hourly earnings_leg0; Business turnover index_leg0; Retail sales_leg0; Stock market_leg0; Cash revenues_leg0","OK",NA
"sg_lasso","Italy","Revenues","2019-02-05",2314.13623395778,NA,0.101513366799383,0.5,0.356705388331149,6,6,6,2019-02-01,-1087.47906282899,"Total revenues accrual","Y_lag1; Hourly earnings_leg0; Business turnover index_leg0; Retail sales_leg0; Stock market_leg0; Cash revenues_leg0","OK",NA
"sg_lasso","Italy","Revenues","2019-02-15",2257.3955305375,NA,0.101513366799383,0.5,0.356705388331149,6,6,6,2019-02-01,-1087.47906282899,"Total revenues accrual","Y_lag1; Hourly earnings_leg0; Business turnover index_leg0; Retail sales_leg0; Stock market_leg0; Cash revenues_leg0","OK",NA
"sg_lasso","Italy","Revenues","2019-02-27",2257.3955305375,NA,0.101513366799383,0.5,0.356705388331149,6,6,6,2019-02-01,-1087.47906282899,"Total revenues accrual","Y_lag1; Hourly earnings_leg0; Business turnover index_leg0; Retail sales_leg0; Stock market_leg0; Cash revenues_leg0","OK",NA
"sg_lasso","Italy","Revenues","2019-02-28",2257.3955305375,NA,0.101513366799383,0.5,0.356705388331149,6,6,6,2019-02-01,-1087.47906282899,"Total revenues accrual","Y_lag1; Hourly earnings_leg0; Business turnover index_leg0; Retail sales_leg0; Stock market_leg0; Cash revenues_leg0","OK",NA
"sg_lasso","Italy","Revenues","2019-03-01",2008.39675531861,NA,0.101513366799383,0.5,0.356705388331149,6,6,6,2019-03-01,-1087.47906282899,"Total revenues accrual","Y_lag1; Hourly earnings_leg0; Business turnover index_leg0; Retail sales_leg0; Stock market_leg0; Cash revenues_leg0","OK",NA
"sg_lasso","Italy","Revenues","2019-03-05",1776.21589608376,NA,0.101513366799383,0.5,0.356705388331149,6,6,6,2019-03-01,-1087.47906282899,"Total revenues accrual","Y_lag1; Hourly earnings_leg0; Business turnover index_leg0; Retail sales_leg0; Stock market_leg0; Cash revenues_leg0","OK",NA
"sg_lasso","Italy","Revenues","2019-03-15",-1789.42849236168,NA,0.211906612188708,0.5,0.662506985959787,3,3,3,2019-03-01,4610.048790381,"Total revenues accrual","Y_lag1; Hourly earnings_leg0; Business turnover index_leg0","OK",NA
"sg_lasso","Italy","Revenues","2019-03-27",-1789.42849236168,NA,0.211906612188708,0.5,0.662506985959787,3,3,3,2019-03-01,4610.048790381,"Total revenues accrual","Y_lag1; Hourly earnings_leg0; Business turnover index_leg0","OK",NA
"sg_lasso","Italy","Revenues","2019-03-28",-1789.42849236168,NA,0.211906612188708,0.5,0.662506985959787,3,3,3,2019-03-01,4610.048790381,"Total revenues accrual","Y_lag1; Hourly earnings_leg0; Business turnover index_leg0","OK",NA
"sg_lasso","Italy","Revenues","2019-04-01",-1787.6853019719,NA,0.211906612188708,0.5,0.662506985959787,3,3,3,2019-04-01,4610.048790381,"Total revenues accrual","Y_lag1; Hourly earnings_leg0; Business turnover index_leg0","OK",NA
"sg_lasso","Italy","Revenues","2019-04-05",-1790.27537406966,NA,0.211906612188708,0.5,0.662506985959787,3,3,3,2019-04-01,4610.048790381,"Total revenues accrual","Y_lag1; Hourly earnings_leg0; Business turnover index_leg0","OK",NA
"sg_lasso","Italy","Revenues","2019-04-15",-1775.75962569364,NA,0.211906612188708,0.5,0.662506985959787,3,3,3,2019-04-01,4610.048790381,"Total revenues accrual","Y_lag1; Hourly earnings_leg0; Business turnover index_leg0","OK",NA
"sg_lasso","Italy","Revenues","2019-04-25",-1775.75962569364,NA,0.211906612188708,0.5,0.662506985959787,3,3,3,2019-04-01,4610.048790381,"Total revenues accrual","Y_lag1; Hourly earnings_leg0; Business turnover index_leg0","OK",NA
"sg_lasso","Italy","Revenues","2019-04-27",-1775.75962569364,NA,0.211906612188708,0.5,0.662506985959787,3,3,3,2019-04-01,4610.048790381,"Total revenues accrual","Y_lag1; Hourly earnings_leg0; Business turnover index_leg0","OK",NA
"sg_lasso","Italy","Revenues","2019-05-01",-1766.6037954631,NA,0.211906612188708,0.5,0.662506985959787,3,3,3,2019-05-01,4610.048790381,"Total revenues accrual","Y_lag1; Hourly earnings_leg0; Business turnover index_leg0","OK",NA
"sg_lasso","Italy","Revenues","2019-05-03",-1766.6037954631,NA,0.211906612188708,0.5,0.662506985959787,3,3,3,2019-05-01,4610.048790381,"Total revenues accrual","Y_lag1; Hourly earnings_leg0; Business turnover index_leg0","OK",NA
"sg_lasso","Italy","Revenues","2019-05-05",-1765.02357436713,NA,0.211906612188708,0.5,0.662506985959787,3,3,3,2019-05-01,4610.048790381,"Total revenues accrual","Y_lag1; Hourly earnings_leg0; Business turnover index_leg0","OK",NA
"sg_lasso","Italy","Revenues","2019-05-15",-1765.02357436713,NA,0.211906612188708,0.5,0.662506985959787,3,3,3,2019-05-01,4610.048790381,"Total revenues accrual","Y_lag1; Hourly earnings_leg0; Business turnover index_leg0","OK",NA
"sg_lasso","Italy","Revenues","2019-05-27",-1765.02357436713,NA,0.211906612188708,0.5,0.662506985959787,3,3,3,2019-05-01,4610.048790381,"Total revenues accrual","Y_lag1; Hourly earnings_leg0; Business turnover index_leg0","OK",NA
"sg_lasso","Italy","Revenues","2019-05-30",-1765.02357436713,NA,0.211906612188708,0.5,0.662506985959787,3,3,3,2019-05-01,4610.048790381,"Total revenues accrual","Y_lag1; Hourly earnings_leg0; Business turnover index_leg0","OK",NA
"sg_lasso","Italy","Revenues","2019-06-01",-1751.5176769929,NA,0.211906612188708,0.5,0.662506985959787,3,3,3,2019-06-01,4610.048790381,"Total revenues accrual","Y_lag1; Hourly earnings_leg0; Business turnover index_leg0","OK",NA
"sg_lasso","Italy","Revenues","2019-06-05",-1749.77043280868,NA,0.211906612188708,0.5,0.662506985959787,3,3,3,2019-06-01,4610.048790381,"Total revenues accrual","Y_lag1; Hourly earnings_leg0; Business turnover index_leg0","OK",NA
"sg_lasso","Italy","Revenues","2019-06-06",-1749.77043280868,NA,0.211906612188708,0.5,0.662506985959787,3,3,3,2019-06-01,4610.048790381,"Total revenues accrual","Y_lag1; Hourly earnings_leg0; Business turnover index_leg0","OK",NA
"sg_lasso","Italy","Revenues","2019-06-15",-1306.94176314012,NA,0.200802576420388,0.5,0.346992156276998,4,4,4,2019-06-01,4890.49802831598,"Total revenues accrual","Y_lag1; Hourly earnings_leg0; Business turnover index_leg0; Cash revenues_leg0","OK",NA
"sg_lasso","Italy","Revenues","2019-06-27",-1306.94176314012,NA,0.200802576420388,0.5,0.346992156276998,4,4,4,2019-06-01,4890.49802831598,"Total revenues accrual","Y_lag1; Hourly earnings_leg0; Business turnover index_leg0; Cash revenues_leg0","OK",NA
"sg_lasso","Italy","Revenues","2019-07-01",-1294.16247345569,NA,0.200802576420388,0.5,0.346992156276998,4,4,4,2019-07-01,4890.49802831598,"Total revenues accrual","Y_lag1; Hourly earnings_leg0; Business turnover index_leg0; Cash revenues_leg0","OK",NA
"sg_lasso","Italy","Revenues","2019-07-05",-1319.3108379042,NA,0.200802576420388,0.5,0.346992156276998,4,4,4,2019-07-01,4890.49802831598,"Total revenues accrual","Y_lag1; Hourly earnings_leg0; Business turnover index_leg0; Cash revenues_leg0","OK",NA
"sg_lasso","Italy","Revenues","2019-07-15",-1302.23137467781,NA,0.200802576420388,0.5,0.346992156276998,4,4,4,2019-07-01,4890.49802831598,"Total revenues accrual","Y_lag1; Hourly earnings_leg0; Business turnover index_leg0; Cash revenues_leg0","OK",NA
"sg_lasso","Italy","Revenues","2019-07-25",-1302.23137467781,NA,0.200802576420388,0.5,0.346992156276998,4,4,4,2019-07-01,4890.49802831598,"Total revenues accrual","Y_lag1; Hourly earnings_leg0; Business turnover index_leg0; Cash revenues_leg0","OK",NA
"sg_lasso","Italy","Revenues","2019-07-27",-1302.23137467781,NA,0.200802576420388,0.5,0.346992156276998,4,4,4,2019-07-01,4890.49802831598,"Total revenues accrual","Y_lag1; Hourly earnings_leg0; Business turnover index_leg0; Cash revenues_leg0","OK",NA
"sg_lasso","Italy","Revenues","2019-08-01",-1303.52280559111,NA,0.200802576420388,0.5,0.346992156276998,4,4,4,2019-08-01,4890.49802831598,"Total revenues accrual","Y_lag1; Hourly earnings_leg0; Business turnover index_leg0; Cash revenues_leg0","OK",NA
"sg_lasso","Italy","Revenues","2019-08-04",-1303.52280559111,NA,0.200802576420388,0.5,0.346992156276998,4,4,4,2019-08-01,4890.49802831598,"Total revenues accrual","Y_lag1; Hourly earnings_leg0; Business turnover index_leg0; Cash revenues_leg0","OK",NA
"sg_lasso","Italy","Revenues","2019-08-05",-1282.79097124228,NA,0.200802576420388,0.5,0.346992156276998,4,4,4,2019-08-01,4890.49802831598,"Total revenues accrual","Y_lag1; Hourly earnings_leg0; Business turnover index_leg0; Cash revenues_leg0","OK",NA
"sg_lasso","Italy","Revenues","2019-08-15",-1279.51774013822,NA,0.200802576420388,0.5,0.346992156276998,4,4,4,2019-08-01,4890.49802831598,"Total revenues accrual","Y_lag1; Hourly earnings_leg0; Business turnover index_leg0; Cash revenues_leg0","OK",NA
"sg_lasso","Italy","Revenues","2019-08-27",-1279.51774013822,NA,0.200802576420388,0.5,0.346992156276998,4,4,4,2019-08-01,4890.49802831598,"Total revenues accrual","Y_lag1; Hourly earnings_leg0; Business turnover index_leg0; Cash revenues_leg0","OK",NA
"sg_lasso","Italy","Revenues","2019-08-29",-1279.51774013822,NA,0.200802576420388,0.5,0.346992156276998,4,4,4,2019-08-01,4890.49802831598,"Total revenues accrual","Y_lag1; Hourly earnings_leg0; Business turnover index_leg0; Cash revenues_leg0","OK",NA
"sg_lasso","Italy","Revenues","2019-09-01",-1263.58157590744,NA,0.200802576420388,0.5,0.346992156276998,4,4,4,2019-09-01,4890.49802831598,"Total revenues accrual","Y_lag1; Hourly earnings_leg0; Business turnover index_leg0; Cash revenues_leg0","OK",NA
"sg_lasso","Italy","Revenues","2019-09-05",-1252.50035522968,NA,0.200802576420388,0.5,0.346992156276998,4,4,4,2019-09-01,4890.49802831598,"Total revenues accrual","Y_lag1; Hourly earnings_leg0; Business turnover index_leg0; Cash revenues_leg0","OK",NA
"sg_lasso","Italy","Revenues","2019-09-07",-1252.50035522968,NA,0.200802576420388,0.5,0.346992156276998,4,4,4,2019-09-01,4890.49802831598,"Total revenues accrual","Y_lag1; Hourly earnings_leg0; Business turnover index_leg0; Cash revenues_leg0","OK",NA
"sg_lasso","Italy","Revenues","2019-09-15",2833.95497453167,NA,0.244825672474336,0.5,0.373911556319429,1,1,1,2019-09-01,-3162.993473571,"Total revenues accrual","Y_lag1","OK",NA
"sg_lasso","Italy","Revenues","2019-09-26",2833.95497453167,NA,0.244825672474336,0.5,0.373911556319429,1,1,1,2019-09-01,-3162.993473571,"Total revenues accrual","Y_lag1","OK",NA
"sg_lasso","Italy","Revenues","2019-09-27",2833.95497453167,NA,0.244825672474336,0.5,0.373911556319429,1,1,1,2019-09-01,-3162.993473571,"Total revenues accrual","Y_lag1","OK",NA
"sg_lasso","Italy","Revenues","2019-10-01",2833.95497453167,NA,0.244825672474336,0.5,0.373911556319429,1,1,1,2019-10-01,-3162.993473571,"Total revenues accrual","Y_lag1","OK",NA
"sg_lasso","Italy","Revenues","2019-10-02",2833.95497453167,NA,0.244825672474336,0.5,0.373911556319429,1,1,1,2019-10-01,-3162.993473571,"Total revenues accrual","Y_lag1","OK",NA
"sg_lasso","Italy","Revenues","2019-10-05",2833.95497453167,NA,0.244825672474336,0.5,0.373911556319429,1,1,1,2019-10-01,-3162.993473571,"Total revenues accrual","Y_lag1","OK",NA
"sg_lasso","Italy","Revenues","2019-10-15",2833.95497453167,NA,0.244825672474336,0.5,0.373911556319429,1,1,1,2019-10-01,-3162.993473571,"Total revenues accrual","Y_lag1","OK",NA
"sg_lasso","Italy","Revenues","2019-10-27",2833.95497453167,NA,0.244825672474336,0.5,0.373911556319429,1,1,1,2019-10-01,-3162.993473571,"Total revenues accrual","Y_lag1","OK",NA
"sg_lasso","Italy","Revenues","2019-10-31",2833.95497453167,NA,0.244825672474336,0.5,0.373911556319429,1,1,1,2019-10-01,-3162.993473571,"Total revenues accrual","Y_lag1","OK",NA
"sg_lasso","Italy","Revenues","2019-11-01",2833.95497453167,NA,0.244825672474336,0.5,0.373911556319429,1,1,1,2019-11-01,-3162.993473571,"Total revenues accrual","Y_lag1","OK",NA
"sg_lasso","Italy","Revenues","2019-11-05",2833.95497453167,NA,0.244825672474336,0.5,0.373911556319429,1,1,1,2019-11-01,-3162.993473571,"Total revenues accrual","Y_lag1","OK",NA
"sg_lasso","Italy","Revenues","2019-11-15",2833.95497453167,NA,0.244825672474336,0.5,0.373911556319429,1,1,1,2019-11-01,-3162.993473571,"Total revenues accrual","Y_lag1","OK",NA
"sg_lasso","Italy","Revenues","2019-11-27",2833.95497453167,NA,0.244825672474336,0.5,0.373911556319429,1,1,1,2019-11-01,-3162.993473571,"Total revenues accrual","Y_lag1","OK",NA
"sg_lasso","Italy","Revenues","2019-11-28",2833.95497453167,NA,0.244825672474336,0.5,0.373911556319429,1,1,1,2019-11-01,-3162.993473571,"Total revenues accrual","Y_lag1","OK",NA
"sg_lasso","Italy","Revenues","2019-12-01",2833.95497453167,NA,0.244825672474336,0.5,0.373911556319429,1,1,1,2019-12-01,-3162.993473571,"Total revenues accrual","Y_lag1","OK",NA
"sg_lasso","Italy","Revenues","2019-12-05",2833.95497453167,NA,0.244825672474336,0.5,0.373911556319429,1,1,1,2019-12-01,-3162.993473571,"Total revenues accrual","Y_lag1","OK",NA
"sg_lasso","Italy","Revenues","2019-12-07",2833.95497453167,NA,0.244825672474336,0.5,0.373911556319429,1,1,1,2019-12-01,-3162.993473571,"Total revenues accrual","Y_lag1","OK",NA
"sg_lasso","Italy","Revenues","2019-12-15",-163.39869802102,NA,0.18930346149006,0.5,0.503014384438299,3,3,3,2019-12-01,2506.21105402202,"Total revenues accrual","Y_lag1; Hourly earnings_leg0; Business turnover index_leg0","OK",NA
"sg_lasso","Italy","Revenues","2019-12-26",-163.39869802102,NA,0.18930346149006,0.5,0.503014384438299,3,3,3,2019-12-01,2506.21105402202,"Total revenues accrual","Y_lag1; Hourly earnings_leg0; Business turnover index_leg0","OK",NA
"sg_lasso","Italy","Revenues","2019-12-27",-163.39869802102,NA,0.18930346149006,0.5,0.503014384438299,3,3,3,2019-12-01,2506.21105402202,"Total revenues accrual","Y_lag1; Hourly earnings_leg0; Business turnover index_leg0","OK",NA
"sg_lasso","Italy","Revenues","2020-01-01",-169.095225221861,NA,0.18930346149006,0.5,0.503014384438299,3,3,3,2020-01-01,2506.21105402202,"Total revenues accrual","Y_lag1; Hourly earnings_leg0; Business turnover index_leg0","OK",NA
"sg_lasso","Italy","Revenues","2020-01-03",-169.095225221861,NA,0.18930346149006,0.5,0.503014384438299,3,3,3,2020-01-01,2506.21105402202,"Total revenues accrual","Y_lag1; Hourly earnings_leg0; Business turnover index_leg0","OK",NA
"sg_lasso","Italy","Revenues","2020-01-05",-174.839969977028,NA,0.18930346149006,0.5,0.503014384438299,3,3,3,2020-01-01,2506.21105402202,"Total revenues accrual","Y_lag1; Hourly earnings_leg0; Business turnover index_leg0","OK",NA
"sg_lasso","Italy","Revenues","2020-01-15",-174.839969977027,NA,0.18930346149006,0.5,0.503014384438299,3,3,3,2020-01-01,2506.21105402202,"Total revenues accrual","Y_lag1; Hourly earnings_leg0; Business turnover index_leg0","OK",NA
"sg_lasso","Italy","Revenues","2020-01-27",-174.839969977027,NA,0.18930346149006,0.5,0.503014384438299,3,3,3,2020-01-01,2506.21105402202,"Total revenues accrual","Y_lag1; Hourly earnings_leg0; Business turnover index_leg0","OK",NA
"sg_lasso","Italy","Revenues","2020-01-30",-174.839969977027,NA,0.18930346149006,0.5,0.503014384438299,3,3,3,2020-01-01,2506.21105402202,"Total revenues accrual","Y_lag1; Hourly earnings_leg0; Business turnover index_leg0","OK",NA
"sg_lasso","Italy","Revenues","2020-02-01",-137.438271373408,NA,0.18930346149006,0.5,0.503014384438299,3,3,3,2020-02-01,2506.21105402202,"Total revenues accrual","Y_lag1; Hourly earnings_leg0; Business turnover index_leg0","OK",NA
"sg_lasso","Italy","Revenues","2020-02-05",-134.969788171499,NA,0.18930346149006,0.5,0.503014384438299,3,3,3,2020-02-01,2506.21105402202,"Total revenues accrual","Y_lag1; Hourly earnings_leg0; Business turnover index_leg0","OK",NA
"sg_lasso","Italy","Revenues","2020-02-06",-134.969788171499,NA,0.18930346149006,0.5,0.503014384438299,3,3,3,2020-02-01,2506.21105402202,"Total revenues accrual","Y_lag1; Hourly earnings_leg0; Business turnover index_leg0","OK",NA
"sg_lasso","Italy","Revenues","2020-02-15",-134.969788171499,NA,0.18930346149006,0.5,0.503014384438299,3,3,3,2020-02-01,2506.21105402202,"Total revenues accrual","Y_lag1; Hourly earnings_leg0; Business turnover index_leg0","OK",NA
"sg_lasso","Italy","Revenues","2020-02-27",-134.969788171499,NA,0.18930346149006,0.5,0.503014384438299,3,3,3,2020-02-01,2506.21105402202,"Total revenues accrual","Y_lag1; Hourly earnings_leg0; Business turnover index_leg0","OK",NA
"sg_lasso","Italy","Revenues","2020-03-01",-138.246049724756,NA,0.18930346149006,0.5,0.503014384438299,3,3,3,2020-03-01,2506.21105402202,"Total revenues accrual","Y_lag1; Hourly earnings_leg0; Business turnover index_leg0","OK",NA
"sg_lasso","Italy","Revenues","2020-03-05",-218.352211559719,NA,0.18930346149006,0.5,0.503014384438299,3,3,3,2020-03-01,2506.21105402202,"Total revenues accrual","Y_lag1; Hourly earnings_leg0; Business turnover index_leg0","OK",NA
"sg_lasso","Italy","Revenues","2020-03-07",-218.352211559719,NA,0.18930346149006,0.5,0.503014384438299,3,3,3,2020-03-01,2506.21105402202,"Total revenues accrual","Y_lag1; Hourly earnings_leg0; Business turnover index_leg0","OK",NA
"sg_lasso","Italy","Revenues","2020-03-15",7687.95575845727,NA,0.449163910468732,0.5,0.456331823455818,1,1,1,2020-03-01,-11437.623507841,"Total revenues accrual","Y_lag1","OK",NA
"sg_lasso","Italy","Revenues","2020-03-26",7687.95575845727,NA,0.449163910468732,0.5,0.456331823455818,1,1,1,2020-03-01,-11437.623507841,"Total revenues accrual","Y_lag1","OK",NA
"sg_lasso","Italy","Revenues","2020-03-27",7687.95575845727,NA,0.449163910468732,0.5,0.456331823455818,1,1,1,2020-03-01,-11437.623507841,"Total revenues accrual","Y_lag1","OK",NA
"sg_lasso","Italy","Revenues","2020-04-01",7687.95575845727,NA,0.449163910468732,0.5,0.456331823455818,1,1,1,2020-04-01,-11437.623507841,"Total revenues accrual","Y_lag1","OK",NA
"sg_lasso","Italy","Revenues","2020-04-03",7687.95575845727,NA,0.449163910468732,0.5,0.456331823455818,1,1,1,2020-04-01,-11437.623507841,"Total revenues accrual","Y_lag1","OK",NA
"sg_lasso","Italy","Revenues","2020-04-05",7687.95575845727,NA,0.449163910468732,0.5,0.456331823455818,1,1,1,2020-04-01,-11437.623507841,"Total revenues accrual","Y_lag1","OK",NA
"sg_lasso","Italy","Revenues","2020-04-15",7687.95575845727,NA,0.449163910468732,0.5,0.456331823455818,1,1,1,2020-04-01,-11437.623507841,"Total revenues accrual","Y_lag1","OK",NA
"sg_lasso","Italy","Revenues","2020-04-27",7687.95575845727,NA,0.449163910468732,0.5,0.456331823455818,1,1,1,2020-04-01,-11437.623507841,"Total revenues accrual","Y_lag1","OK",NA
"sg_lasso","Italy","Revenues","2020-04-30",7687.95575845727,NA,0.449163910468732,0.5,0.456331823455818,1,1,1,2020-04-01,-11437.623507841,"Total revenues accrual","Y_lag1","OK",NA
"sg_lasso","Italy","Revenues","2020-05-01",7687.95575845727,NA,0.449163910468732,0.5,0.456331823455818,1,1,1,2020-05-01,-11437.623507841,"Total revenues accrual","Y_lag1","OK",NA
"sg_lasso","Italy","Revenues","2020-05-05",7687.95575845727,NA,0.449163910468732,0.5,0.456331823455818,1,1,1,2020-05-01,-11437.623507841,"Total revenues accrual","Y_lag1","OK",NA
"sg_lasso","Italy","Revenues","2020-05-15",7687.95575845727,NA,0.449163910468732,0.5,0.456331823455818,1,1,1,2020-05-01,-11437.623507841,"Total revenues accrual","Y_lag1","OK",NA
"sg_lasso","Italy","Revenues","2020-05-27",7687.95575845727,NA,0.449163910468732,0.5,0.456331823455818,1,1,1,2020-05-01,-11437.623507841,"Total revenues accrual","Y_lag1","OK",NA
"sg_lasso","Italy","Revenues","2020-05-28",7687.95575845727,NA,0.449163910468732,0.5,0.456331823455818,1,1,1,2020-05-01,-11437.623507841,"Total revenues accrual","Y_lag1","OK",NA
"sg_lasso","Italy","Revenues","2020-06-01",7687.95575845727,NA,0.449163910468732,0.5,0.456331823455818,1,1,1,2020-06-01,-11437.623507841,"Total revenues accrual","Y_lag1","OK",NA
"sg_lasso","Italy","Revenues","2020-06-05",7687.95575845727,NA,0.449163910468732,0.5,0.456331823455818,1,1,1,2020-06-01,-11437.623507841,"Total revenues accrual","Y_lag1","OK",NA
"sg_lasso","Italy","Revenues","2020-06-15",-11525.6424727307,NA,0.0000630854044184988,0.5,0.420134199189233,14,14,14,2020-06-01,-13037.487703956,"Total revenues accrual","Y_lag1; Payroll Mass_leg0; Hours worked_leg0; Hourly earnings_leg0; IP_leg0; Business turnover index_leg0; ESI_leg0; Retail sales_leg0; Private consumption_leg0; HICPX_leg0; Energy prices_leg0; Employment_leg0; Stock market_leg0; Cash revenues_leg0","OK",NA
"sg_lasso","Italy","Revenues","2020-06-25",-11547.7261223514,NA,0.0000630854044184988,0.5,0.417487635503587,14,14,14,2020-06-01,-13037.487703956,"Total revenues accrual","Y_lag1; Payroll Mass_leg0; Hours worked_leg0; Hourly earnings_leg0; IP_leg0; Business turnover index_leg0; ESI_leg0; Retail sales_leg0; Private consumption_leg0; HICPX_leg0; Energy prices_leg0; Employment_leg0; Stock market_leg0; Cash revenues_leg0","OK",NA
"sg_lasso","Italy","Revenues","2020-06-27",-11537.7312111897,NA,0.0000630854044184988,0.5,0.419395154180455,14,14,14,2020-06-01,-13037.487703956,"Total revenues accrual","Y_lag1; Payroll Mass_leg0; Hours worked_leg0; Hourly earnings_leg0; IP_leg0; Business turnover index_leg0; ESI_leg0; Retail sales_leg0; Private consumption_leg0; HICPX_leg0; Energy prices_leg0; Employment_leg0; Stock market_leg0; Cash revenues_leg0","OK",NA
"sg_lasso","Italy","Revenues","2020-07-01",-9220.02637838093,NA,0.0000630854044184988,0.5,0.419395154180455,14,14,14,2020-07-01,-13037.487703956,"Total revenues accrual","Y_lag1; Payroll Mass_leg0; Hours worked_leg0; Hourly earnings_leg0; IP_leg0; Business turnover index_leg0; ESI_leg0; Retail sales_leg0; Private consumption_leg0; HICPX_leg0; Energy prices_leg0; Employment_leg0; Stock market_leg0; Cash revenues_leg0","OK",NA
"sg_lasso","Italy","Revenues","2020-07-03",-9529.1349415959,NA,0.0000630854044184988,0.5,0.419395154180455,14,14,14,2020-07-01,-13037.487703956,"Total revenues accrual","Y_lag1; Payroll Mass_leg0; Hours worked_leg0; Hourly earnings_leg0; IP_leg0; Business turnover index_leg0; ESI_leg0; Retail sales_leg0; Private consumption_leg0; HICPX_leg0; Energy prices_leg0; Employment_leg0; Stock market_leg0; Cash revenues_leg0","OK",NA
"sg_lasso","Italy","Revenues","2020-07-05",-15754.2166871821,NA,0.0000630854044184988,0.5,0.419395154180455,14,14,14,2020-07-01,-13037.487703956,"Total revenues accrual","Y_lag1; Payroll Mass_leg0; Hours worked_leg0; Hourly earnings_leg0; IP_leg0; Business turnover index_leg0; ESI_leg0; Retail sales_leg0; Private consumption_leg0; HICPX_leg0; Energy prices_leg0; Employment_leg0; Stock market_leg0; Cash revenues_leg0","OK",NA
"sg_lasso","Italy","Revenues","2020-07-15",-15523.3982450382,NA,0.0000630854044184988,0.5,0.419395154180455,14,14,14,2020-07-01,-13037.487703956,"Total revenues accrual","Y_lag1; Payroll Mass_leg0; Hours worked_leg0; Hourly earnings_leg0; IP_leg0; Business turnover index_leg0; ESI_leg0; Retail sales_leg0; Private consumption_leg0; HICPX_leg0; Energy prices_leg0; Employment_leg0; Stock market_leg0; Cash revenues_leg0","OK",NA
"sg_lasso","Italy","Revenues","2020-07-27",-16824.738646717,NA,0.0000630854044184988,0.5,0.419395154180455,14,14,14,2020-07-01,-13037.487703956,"Total revenues accrual","Y_lag1; Payroll Mass_leg0; Hours worked_leg0; Hourly earnings_leg0; IP_leg0; Business turnover index_leg0; ESI_leg0; Retail sales_leg0; Private consumption_leg0; HICPX_leg0; Energy prices_leg0; Employment_leg0; Stock market_leg0; Cash revenues_leg0","OK",NA
"sg_lasso","Italy","Revenues","2020-07-30",-17563.4642139945,NA,0.0000630854044184988,0.5,0.419395154180455,14,14,14,2020-07-01,-13037.487703956,"Total revenues accrual","Y_lag1; Payroll Mass_leg0; Hours worked_leg0; Hourly earnings_leg0; IP_leg0; Business turnover index_leg0; ESI_leg0; Retail sales_leg0; Private consumption_leg0; HICPX_leg0; Energy prices_leg0; Employment_leg0; Stock market_leg0; Cash revenues_leg0","OK",NA
"sg_lasso","Italy","Revenues","2020-08-01",-33587.1002874545,NA,0.0000630854044184988,0.5,0.419395154180455,14,14,14,2020-08-01,-13037.487703956,"Total revenues accrual","Y_lag1; Payroll Mass_leg0; Hours worked_leg0; Hourly earnings_leg0; IP_leg0; Business turnover index_leg0; ESI_leg0; Retail sales_leg0; Private consumption_leg0; HICPX_leg0; Energy prices_leg0; Employment_leg0; Stock market_leg0; Cash revenues_leg0","OK",NA
"sg_lasso","Italy","Revenues","2020-08-05",-31828.2677262511,NA,0.0000630854044184988,0.5,0.419395154180455,14,14,14,2020-08-01,-13037.487703956,"Total revenues accrual","Y_lag1; Payroll Mass_leg0; Hours worked_leg0; Hourly earnings_leg0; IP_leg0; Business turnover index_leg0; ESI_leg0; Retail sales_leg0; Private consumption_leg0; HICPX_leg0; Energy prices_leg0; Employment_leg0; Stock market_leg0; Cash revenues_leg0","OK",NA
"sg_lasso","Italy","Revenues","2020-08-06",-30767.7558720705,NA,0.0000630854044184988,0.5,0.419395154180455,14,14,14,2020-08-01,-13037.487703956,"Total revenues accrual","Y_lag1; Payroll Mass_leg0; Hours worked_leg0; Hourly earnings_leg0; IP_leg0; Business turnover index_leg0; ESI_leg0; Retail sales_leg0; Private consumption_leg0; HICPX_leg0; Energy prices_leg0; Employment_leg0; Stock market_leg0; Cash revenues_leg0","OK",NA
"sg_lasso","Italy","Revenues","2020-08-15",-29880.8305222184,NA,0.0000630854044184988,0.5,0.419395154180455,14,14,14,2020-08-01,-13037.487703956,"Total revenues accrual","Y_lag1; Payroll Mass_leg0; Hours worked_leg0; Hourly earnings_leg0; IP_leg0; Business turnover index_leg0; ESI_leg0; Retail sales_leg0; Private consumption_leg0; HICPX_leg0; Energy prices_leg0; Employment_leg0; Stock market_leg0; Cash revenues_leg0","OK",NA
"sg_lasso","Italy","Revenues","2020-08-27",-27588.3326819432,NA,0.0000630854044184988,0.5,0.419395154180455,14,14,14,2020-08-01,-13037.487703956,"Total revenues accrual","Y_lag1; Payroll Mass_leg0; Hours worked_leg0; Hourly earnings_leg0; IP_leg0; Business turnover index_leg0; ESI_leg0; Retail sales_leg0; Private consumption_leg0; HICPX_leg0; Energy prices_leg0; Employment_leg0; Stock market_leg0; Cash revenues_leg0","OK",NA
"sg_lasso","Italy","Revenues","2020-09-01",-29322.6827975337,NA,0.0000630854044184988,0.5,0.419395154180455,14,14,14,2020-09-01,-13037.487703956,"Total revenues accrual","Y_lag1; Payroll Mass_leg0; Hours worked_leg0; Hourly earnings_leg0; IP_leg0; Business turnover index_leg0; ESI_leg0; Retail sales_leg0; Private consumption_leg0; HICPX_leg0; Energy prices_leg0; Employment_leg0; Stock market_leg0; Cash revenues_leg0","OK",NA
"sg_lasso","Italy","Revenues","2020-09-02",-29360.579396908,NA,0.0000630854044184988,0.5,0.419395154180455,14,14,14,2020-09-01,-13037.487703956,"Total revenues accrual","Y_lag1; Payroll Mass_leg0; Hours worked_leg0; Hourly earnings_leg0; IP_leg0; Business turnover index_leg0; ESI_leg0; Retail sales_leg0; Private consumption_leg0; HICPX_leg0; Energy prices_leg0; Employment_leg0; Stock market_leg0; Cash revenues_leg0","OK",NA
"sg_lasso","Italy","Revenues","2020-09-05",-26693.6884023409,NA,0.0000630854044184988,0.5,0.419395154180455,14,14,14,2020-09-01,-13037.487703956,"Total revenues accrual","Y_lag1; Payroll Mass_leg0; Hours worked_leg0; Hourly earnings_leg0; IP_leg0; Business turnover index_leg0; ESI_leg0; Retail sales_leg0; Private consumption_leg0; HICPX_leg0; Energy prices_leg0; Employment_leg0; Stock market_leg0; Cash revenues_leg0","OK",NA
"sg_lasso","Italy","Revenues","2020-09-15",-4225.11812370452,NA,0.0000655554464179883,0.5,0.38292081891356,14,14,14,2020-09-01,9958.73484888201,"Total revenues accrual","Y_lag1; Payroll Mass_leg0; Hours worked_leg0; Hourly earnings_leg0; IP_leg0; Business turnover index_leg0; ESI_leg0; Retail sales_leg0; Private consumption_leg0; HICPX_leg0; Energy prices_leg0; Employment_leg0; Stock market_leg0; Cash revenues_leg0","OK",NA
"sg_lasso","Italy","Revenues","2020-09-24",-4299.1352372964,NA,0.0000655554464179883,0.5,0.386349198900807,14,14,14,2020-09-01,9958.73484888201,"Total revenues accrual","Y_lag1; Payroll Mass_leg0; Hours worked_leg0; Hourly earnings_leg0; IP_leg0; Business turnover index_leg0; ESI_leg0; Retail sales_leg0; Private consumption_leg0; HICPX_leg0; Energy prices_leg0; Employment_leg0; Stock market_leg0; Cash revenues_leg0","OK",NA
"sg_lasso","Italy","Revenues","2020-09-27",-4365.63634717791,NA,0.0000655554464179883,0.5,0.391388292690533,14,14,14,2020-09-01,9958.73484888201,"Total revenues accrual","Y_lag1; Payroll Mass_leg0; Hours worked_leg0; Hourly earnings_leg0; IP_leg0; Business turnover index_leg0; ESI_leg0; Retail sales_leg0; Private consumption_leg0; HICPX_leg0; Energy prices_leg0; Employment_leg0; Stock market_leg0; Cash revenues_leg0","OK",NA
"sg_lasso","Italy","Revenues","2020-10-01",25220.0503115658,NA,0.0000655554464179883,0.5,0.391388292690533,14,14,14,2020-10-01,9958.73484888201,"Total revenues accrual","Y_lag1; Payroll Mass_leg0; Hours worked_leg0; Hourly earnings_leg0; IP_leg0; Business turnover index_leg0; ESI_leg0; Retail sales_leg0; Private consumption_leg0; HICPX_leg0; Energy prices_leg0; Employment_leg0; Stock market_leg0; Cash revenues_leg0","OK",NA
"sg_lasso","Italy","Revenues","2020-10-04",25350.1565808704,NA,0.0000655554464179883,0.5,0.391388292690533,14,14,14,2020-10-01,9958.73484888201,"Total revenues accrual","Y_lag1; Payroll Mass_leg0; Hours worked_leg0; Hourly earnings_leg0; IP_leg0; Business turnover index_leg0; ESI_leg0; Retail sales_leg0; Private consumption_leg0; HICPX_leg0; Energy prices_leg0; Employment_leg0; Stock market_leg0; Cash revenues_leg0","OK",NA
"sg_lasso","Italy","Revenues","2020-10-05",25434.2023387872,NA,0.0000655554464179883,0.5,0.391388292690533,14,14,14,2020-10-01,9958.73484888201,"Total revenues accrual","Y_lag1; Payroll Mass_leg0; Hours worked_leg0; Hourly earnings_leg0; IP_leg0; Business turnover index_leg0; ESI_leg0; Retail sales_leg0; Private consumption_leg0; HICPX_leg0; Energy prices_leg0; Employment_leg0; Stock market_leg0; Cash revenues_leg0","OK",NA
"sg_lasso","Italy","Revenues","2020-10-15",18508.3464190856,NA,0.0000655554464179883,0.5,0.391388292690533,14,14,14,2020-10-01,9958.73484888201,"Total revenues accrual","Y_lag1; Payroll Mass_leg0; Hours worked_leg0; Hourly earnings_leg0; IP_leg0; Business turnover index_leg0; ESI_leg0; Retail sales_leg0; Private consumption_leg0; HICPX_leg0; Energy prices_leg0; Employment_leg0; Stock market_leg0; Cash revenues_leg0","OK",NA
"sg_lasso","Italy","Revenues","2020-10-27",17148.6695951824,NA,0.0000655554464179883,0.5,0.391388292690533,14,14,14,2020-10-01,9958.73484888201,"Total revenues accrual","Y_lag1; Payroll Mass_leg0; Hours worked_leg0; Hourly earnings_leg0; IP_leg0; Business turnover index_leg0; ESI_leg0; Retail sales_leg0; Private consumption_leg0; HICPX_leg0; Energy prices_leg0; Employment_leg0; Stock market_leg0; Cash revenues_leg0","OK",NA
"sg_lasso","Italy","Revenues","2020-10-29",17055.0584252677,NA,0.0000655554464179883,0.5,0.391388292690533,14,14,14,2020-10-01,9958.73484888201,"Total revenues accrual","Y_lag1; Payroll Mass_leg0; Hours worked_leg0; Hourly earnings_leg0; IP_leg0; Business turnover index_leg0; ESI_leg0; Retail sales_leg0; Private consumption_leg0; HICPX_leg0; Energy prices_leg0; Employment_leg0; Stock market_leg0; Cash revenues_leg0","OK",NA
"sg_lasso","Italy","Revenues","2020-11-01",30335.4607088015,NA,0.0000655554464179883,0.5,0.391388292690533,14,14,14,2020-11-01,9958.73484888201,"Total revenues accrual","Y_lag1; Payroll Mass_leg0; Hours worked_leg0; Hourly earnings_leg0; IP_leg0; Business turnover index_leg0; ESI_leg0; Retail sales_leg0; Private consumption_leg0; HICPX_leg0; Energy prices_leg0; Employment_leg0; Stock market_leg0; Cash revenues_leg0","OK",NA
"sg_lasso","Italy","Revenues","2020-11-05",30843.7827257761,NA,0.0000655554464179883,0.5,0.391388292690533,14,14,14,2020-11-01,9958.73484888201,"Total revenues accrual","Y_lag1; Payroll Mass_leg0; Hours worked_leg0; Hourly earnings_leg0; IP_leg0; Business turnover index_leg0; ESI_leg0; Retail sales_leg0; Private consumption_leg0; HICPX_leg0; Energy prices_leg0; Employment_leg0; Stock market_leg0; Cash revenues_leg0","OK",NA
"sg_lasso","Italy","Revenues","2020-11-07",29186.2657327215,NA,0.0000655554464179883,0.5,0.391388292690533,14,14,14,2020-11-01,9958.73484888201,"Total revenues accrual","Y_lag1; Payroll Mass_leg0; Hours worked_leg0; Hourly earnings_leg0; IP_leg0; Business turnover index_leg0; ESI_leg0; Retail sales_leg0; Private consumption_leg0; HICPX_leg0; Energy prices_leg0; Employment_leg0; Stock market_leg0; Cash revenues_leg0","OK",NA
"sg_lasso","Italy","Revenues","2020-11-15",29275.9415611247,NA,0.0000655554464179883,0.5,0.391388292690533,14,14,14,2020-11-01,9958.73484888201,"Total revenues accrual","Y_lag1; Payroll Mass_leg0; Hours worked_leg0; Hourly earnings_leg0; IP_leg0; Business turnover index_leg0; ESI_leg0; Retail sales_leg0; Private consumption_leg0; HICPX_leg0; Energy prices_leg0; Employment_leg0; Stock market_leg0; Cash revenues_leg0","OK",NA
"sg_lasso","Italy","Revenues","2020-11-26",30103.5473497931,NA,0.0000655554464179883,0.5,0.391388292690533,14,14,14,2020-11-01,9958.73484888201,"Total revenues accrual","Y_lag1; Payroll Mass_leg0; Hours worked_leg0; Hourly earnings_leg0; IP_leg0; Business turnover index_leg0; ESI_leg0; Retail sales_leg0; Private consumption_leg0; HICPX_leg0; Energy prices_leg0; Employment_leg0; Stock market_leg0; Cash revenues_leg0","OK",NA
"sg_lasso","Italy","Revenues","2020-11-27",30300.129520858,NA,0.0000655554464179883,0.5,0.391388292690533,14,14,14,2020-11-01,9958.73484888201,"Total revenues accrual","Y_lag1; Payroll Mass_leg0; Hours worked_leg0; Hourly earnings_leg0; IP_leg0; Business turnover index_leg0; ESI_leg0; Retail sales_leg0; Private consumption_leg0; HICPX_leg0; Energy prices_leg0; Employment_leg0; Stock market_leg0; Cash revenues_leg0","OK",NA
"sg_lasso","Italy","Revenues","2020-12-01",21531.9380929265,NA,0.0000655554464179883,0.5,0.391388292690533,14,14,14,2020-12-01,9958.73484888201,"Total revenues accrual","Y_lag1; Payroll Mass_leg0; Hours worked_leg0; Hourly earnings_leg0; IP_leg0; Business turnover index_leg0; ESI_leg0; Retail sales_leg0; Private consumption_leg0; HICPX_leg0; Energy prices_leg0; Employment_leg0; Stock market_leg0; Cash revenues_leg0","OK",NA
"sg_lasso","Italy","Revenues","2020-12-02",21752.3283653806,NA,0.0000655554464179883,0.5,0.391388292690533,14,14,14,2020-12-01,9958.73484888201,"Total revenues accrual","Y_lag1; Payroll Mass_leg0; Hours worked_leg0; Hourly earnings_leg0; IP_leg0; Business turnover index_leg0; ESI_leg0; Retail sales_leg0; Private consumption_leg0; HICPX_leg0; Energy prices_leg0; Employment_leg0; Stock market_leg0; Cash revenues_leg0","OK",NA
"sg_lasso","Italy","Revenues","2020-12-05",21027.1936531387,NA,0.0000655554464179883,0.5,0.391388292690533,14,14,14,2020-12-01,9958.73484888201,"Total revenues accrual","Y_lag1; Payroll Mass_leg0; Hours worked_leg0; Hourly earnings_leg0; IP_leg0; Business turnover index_leg0; ESI_leg0; Retail sales_leg0; Private consumption_leg0; HICPX_leg0; Energy prices_leg0; Employment_leg0; Stock market_leg0; Cash revenues_leg0","OK",NA
"sg_lasso","Italy","Revenues","2020-12-15",7705.08870651958,NA,0.0203374932155763,0.5,0.911262173392622,12,12,12,2020-12-01,4429.77446097299,"Total revenues accrual","Y_lag1; Payroll Mass_leg0; Hours worked_leg0; Hourly earnings_leg0; ESI_leg0; Retail sales_leg0; Private consumption_leg0; HICPX_leg0; Energy prices_leg0; Employment_leg0; Stock market_leg0; Cash revenues_leg0","OK",NA
"sg_lasso","Italy","Revenues","2020-12-27",7752.53702559626,NA,0.0203374932155763,0.5,0.913231003981074,12,12,12,2020-12-01,4429.77446097299,"Total revenues accrual","Y_lag1; Payroll Mass_leg0; Hours worked_leg0; Hourly earnings_leg0; ESI_leg0; Retail sales_leg0; Private consumption_leg0; HICPX_leg0; Energy prices_leg0; Employment_leg0; Stock market_leg0; Cash revenues_leg0","OK",NA
"sg_lasso","Italy","Revenues","2020-12-31",7700.60770113068,NA,0.0203374932155763,0.5,0.909094610007829,12,12,12,2020-12-01,4429.77446097299,"Total revenues accrual","Y_lag1; Payroll Mass_leg0; Hours worked_leg0; Hourly earnings_leg0; ESI_leg0; Retail sales_leg0; Private consumption_leg0; HICPX_leg0; Energy prices_leg0; Employment_leg0; Stock market_leg0; Cash revenues_leg0","OK",NA
"sg_lasso","Italy","Revenues","2021-01-01",-3302.37973357755,NA,0.0203374932155763,0.5,0.909094610007829,12,12,12,2021-01-01,4429.77446097299,"Total revenues accrual","Y_lag1; Payroll Mass_leg0; Hours worked_leg0; Hourly earnings_leg0; ESI_leg0; Retail sales_leg0; Private consumption_leg0; HICPX_leg0; Energy prices_leg0; Employment_leg0; Stock market_leg0; Cash revenues_leg0","OK",NA
"sg_lasso","Italy","Revenues","2021-01-05",-3493.81952523472,NA,0.0203374932155763,0.5,0.909094610007829,12,12,12,2021-01-01,4429.77446097299,"Total revenues accrual","Y_lag1; Payroll Mass_leg0; Hours worked_leg0; Hourly earnings_leg0; ESI_leg0; Retail sales_leg0; Private consumption_leg0; HICPX_leg0; Energy prices_leg0; Employment_leg0; Stock market_leg0; Cash revenues_leg0","OK",NA
"sg_lasso","Italy","Revenues","2021-01-15",-1233.70264006058,NA,0.0203374932155763,0.5,0.909094610007829,12,12,12,2021-01-01,4429.77446097299,"Total revenues accrual","Y_lag1; Payroll Mass_leg0; Hours worked_leg0; Hourly earnings_leg0; ESI_leg0; Retail sales_leg0; Private consumption_leg0; HICPX_leg0; Energy prices_leg0; Employment_leg0; Stock market_leg0; Cash revenues_leg0","OK",NA
"sg_lasso","Italy","Revenues","2021-01-27",-2393.27841149677,NA,0.0203374932155763,0.5,0.909094610007829,12,12,12,2021-01-01,4429.77446097299,"Total revenues accrual","Y_lag1; Payroll Mass_leg0; Hours worked_leg0; Hourly earnings_leg0; ESI_leg0; Retail sales_leg0; Private consumption_leg0; HICPX_leg0; Energy prices_leg0; Employment_leg0; Stock market_leg0; Cash revenues_leg0","OK",NA
"sg_lasso","Italy","Revenues","2021-01-28",-2604.15309368215,NA,0.0203374932155763,0.5,0.909094610007829,12,12,12,2021-01-01,4429.77446097299,"Total revenues accrual","Y_lag1; Payroll Mass_leg0; Hours worked_leg0; Hourly earnings_leg0; ESI_leg0; Retail sales_leg0; Private consumption_leg0; HICPX_leg0; Energy prices_leg0; Employment_leg0; Stock market_leg0; Cash revenues_leg0","OK",NA
"sg_lasso","Italy","Revenues","2021-02-01",-7862.86598212321,NA,0.0203374932155763,0.5,0.909094610007829,12,12,12,2021-02-01,4429.77446097299,"Total revenues accrual","Y_lag1; Payroll Mass_leg0; Hours worked_leg0; Hourly earnings_leg0; ESI_leg0; Retail sales_leg0; Private consumption_leg0; HICPX_leg0; Energy prices_leg0; Employment_leg0; Stock market_leg0; Cash revenues_leg0","OK",NA
"sg_lasso","Italy","Revenues","2021-02-05",-7862.86598212321,NA,0.0203374932155763,0.5,0.909094610007829,12,12,12,2021-02-01,4429.77446097299,"Total revenues accrual","Y_lag1; Payroll Mass_leg0; Hours worked_leg0; Hourly earnings_leg0; ESI_leg0; Retail sales_leg0; Private consumption_leg0; HICPX_leg0; Energy prices_leg0; Employment_leg0; Stock market_leg0; Cash revenues_leg0","OK",NA
"sg_lasso","Italy","Revenues","2021-02-15",-8208.28377762957,NA,0.0203374932155763,0.5,0.909094610007829,12,12,12,2021-02-01,4429.77446097299,"Total revenues accrual","Y_lag1; Payroll Mass_leg0; Hours worked_leg0; Hourly earnings_leg0; ESI_leg0; Retail sales_leg0; Private consumption_leg0; HICPX_leg0; Energy prices_leg0; Employment_leg0; Stock market_leg0; Cash revenues_leg0","OK",NA
"sg_lasso","Italy","Revenues","2021-02-25",-8344.38532608164,NA,0.0203374932155763,0.5,0.909094610007829,12,12,12,2021-02-01,4429.77446097299,"Total revenues accrual","Y_lag1; Payroll Mass_leg0; Hours worked_leg0; Hourly earnings_leg0; ESI_leg0; Retail sales_leg0; Private consumption_leg0; HICPX_leg0; Energy prices_leg0; Employment_leg0; Stock market_leg0; Cash revenues_leg0","OK",NA
"sg_lasso","Italy","Revenues","2021-02-27",-7350.92745830883,NA,0.0203374932155763,0.5,0.909094610007829,12,12,12,2021-02-01,4429.77446097299,"Total revenues accrual","Y_lag1; Payroll Mass_leg0; Hours worked_leg0; Hourly earnings_leg0; ESI_leg0; Retail sales_leg0; Private consumption_leg0; HICPX_leg0; Energy prices_leg0; Employment_leg0; Stock market_leg0; Cash revenues_leg0","OK",NA
"sg_lasso","Italy","Revenues","2021-03-01",-4126.71455880524,NA,0.0203374932155763,0.5,0.909094610007829,12,12,12,2021-03-01,4429.77446097299,"Total revenues accrual","Y_lag1; Payroll Mass_leg0; Hours worked_leg0; Hourly earnings_leg0; ESI_leg0; Retail sales_leg0; Private consumption_leg0; HICPX_leg0; Energy prices_leg0; Employment_leg0; Stock market_leg0; Cash revenues_leg0","OK",NA
"sg_lasso","Italy","Revenues","2021-03-05",-3901.84920752074,NA,0.0203374932155763,0.5,0.909094610007829,12,12,12,2021-03-01,4429.77446097299,"Total revenues accrual","Y_lag1; Payroll Mass_leg0; Hours worked_leg0; Hourly earnings_leg0; ESI_leg0; Retail sales_leg0; Private consumption_leg0; HICPX_leg0; Energy prices_leg0; Employment_leg0; Stock market_leg0; Cash revenues_leg0","OK",NA
"sg_lasso","Italy","Revenues","2021-03-15",4114.92458864796,NA,0.0000627466772922406,0.5,0.594752769723919,14,14,14,2021-03-01,6571.75572734902,"Total revenues accrual","Y_lag1; Payroll Mass_leg0; Hours worked_leg0; Hourly earnings_leg0; IP_leg0; Business turnover index_leg0; ESI_leg0; Retail sales_leg0; Private consumption_leg0; HICPX_leg0; Energy prices_leg0; Employment_leg0; Stock market_leg0; Cash revenues_leg0","OK",NA
"sg_lasso","Italy","Revenues","2021-03-25",4085.22526032592,NA,0.0000627466772922406,0.5,0.599124796683063,14,14,14,2021-03-01,6571.75572734902,"Total revenues accrual","Y_lag1; Payroll Mass_leg0; Hours worked_leg0; Hourly earnings_leg0; IP_leg0; Business turnover index_leg0; ESI_leg0; Retail sales_leg0; Private consumption_leg0; HICPX_leg0; Energy prices_leg0; Employment_leg0; Stock market_leg0; Cash revenues_leg0","OK",NA
"sg_lasso","Italy","Revenues","2021-03-27",3902.60668640004,NA,0.0000627466772922406,0.5,0.609842584327274,14,14,14,2021-03-01,6571.75572734902,"Total revenues accrual","Y_lag1; Payroll Mass_leg0; Hours worked_leg0; Hourly earnings_leg0; IP_leg0; Business turnover index_leg0; ESI_leg0; Retail sales_leg0; Private consumption_leg0; HICPX_leg0; Energy prices_leg0; Employment_leg0; Stock market_leg0; Cash revenues_leg0","OK",NA
"sg_lasso","Italy","Revenues","2021-04-01",10050.5801930819,NA,0.0000627466772922406,0.5,0.609842584327274,14,14,14,2021-04-01,6571.75572734902,"Total revenues accrual","Y_lag1; Payroll Mass_leg0; Hours worked_leg0; Hourly earnings_leg0; IP_leg0; Business turnover index_leg0; ESI_leg0; Retail sales_leg0; Private consumption_leg0; HICPX_leg0; Energy prices_leg0; Employment_leg0; Stock market_leg0; Cash revenues_leg0","OK",NA
"sg_lasso","Italy","Revenues","2021-04-04",10136.095239895,NA,0.0000627466772922406,0.5,0.609842584327274,14,14,14,2021-04-01,6571.75572734902,"Total revenues accrual","Y_lag1; Payroll Mass_leg0; Hours worked_leg0; Hourly earnings_leg0; IP_leg0; Business turnover index_leg0; ESI_leg0; Retail sales_leg0; Private consumption_leg0; HICPX_leg0; Energy prices_leg0; Employment_leg0; Stock market_leg0; Cash revenues_leg0","OK",NA
"sg_lasso","Italy","Revenues","2021-04-05",10366.5596175616,NA,0.0000627466772922406,0.5,0.609842584327274,14,14,14,2021-04-01,6571.75572734902,"Total revenues accrual","Y_lag1; Payroll Mass_leg0; Hours worked_leg0; Hourly earnings_leg0; IP_leg0; Business turnover index_leg0; ESI_leg0; Retail sales_leg0; Private consumption_leg0; HICPX_leg0; Energy prices_leg0; Employment_leg0; Stock market_leg0; Cash revenues_leg0","OK",NA
"sg_lasso","Italy","Revenues","2021-04-15",9528.01084302787,NA,0.0000627466772922406,0.5,0.609842584327274,14,14,14,2021-04-01,6571.75572734902,"Total revenues accrual","Y_lag1; Payroll Mass_leg0; Hours worked_leg0; Hourly earnings_leg0; IP_leg0; Business turnover index_leg0; ESI_leg0; Retail sales_leg0; Private consumption_leg0; HICPX_leg0; Energy prices_leg0; Employment_leg0; Stock market_leg0; Cash revenues_leg0","OK",NA
"sg_lasso","Italy","Revenues","2021-04-27",9058.99558064941,NA,0.0000627466772922406,0.5,0.609842584327274,14,14,14,2021-04-01,6571.75572734902,"Total revenues accrual","Y_lag1; Payroll Mass_leg0; Hours worked_leg0; Hourly earnings_leg0; IP_leg0; Business turnover index_leg0; ESI_leg0; Retail sales_leg0; Private consumption_leg0; HICPX_leg0; Energy prices_leg0; Employment_leg0; Stock market_leg0; Cash revenues_leg0","OK",NA
"sg_lasso","Italy","Revenues","2021-04-29",8751.91328675233,NA,0.0000627466772922406,0.5,0.609842584327274,14,14,14,2021-04-01,6571.75572734902,"Total revenues accrual","Y_lag1; Payroll Mass_leg0; Hours worked_leg0; Hourly earnings_leg0; IP_leg0; Business turnover index_leg0; ESI_leg0; Retail sales_leg0; Private consumption_leg0; HICPX_leg0; Energy prices_leg0; Employment_leg0; Stock market_leg0; Cash revenues_leg0","OK",NA
"sg_lasso","Italy","Revenues","2021-05-01",11935.8716813398,NA,0.0000627466772922406,0.5,0.609842584327274,14,14,14,2021-05-01,6571.75572734902,"Total revenues accrual","Y_lag1; Payroll Mass_leg0; Hours worked_leg0; Hourly earnings_leg0; IP_leg0; Business turnover index_leg0; ESI_leg0; Retail sales_leg0; Private consumption_leg0; HICPX_leg0; Energy prices_leg0; Employment_leg0; Stock market_leg0; Cash revenues_leg0","OK",NA
"sg_lasso","Italy","Revenues","2021-05-05",11800.8389909766,NA,0.0000627466772922406,0.5,0.609842584327274,14,14,14,2021-05-01,6571.75572734902,"Total revenues accrual","Y_lag1; Payroll Mass_leg0; Hours worked_leg0; Hourly earnings_leg0; IP_leg0; Business turnover index_leg0; ESI_leg0; Retail sales_leg0; Private consumption_leg0; HICPX_leg0; Energy prices_leg0; Employment_leg0; Stock market_leg0; Cash revenues_leg0","OK",NA
"sg_lasso","Italy","Revenues","2021-05-06",12374.7773744399,NA,0.0000627466772922406,0.5,0.609842584327274,14,14,14,2021-05-01,6571.75572734902,"Total revenues accrual","Y_lag1; Payroll Mass_leg0; Hours worked_leg0; Hourly earnings_leg0; IP_leg0; Business turnover index_leg0; ESI_leg0; Retail sales_leg0; Private consumption_leg0; HICPX_leg0; Energy prices_leg0; Employment_leg0; Stock market_leg0; Cash revenues_leg0","OK",NA
"sg_lasso","Italy","Revenues","2021-05-15",12333.2327488113,NA,0.0000627466772922406,0.5,0.609842584327274,14,14,14,2021-05-01,6571.75572734902,"Total revenues accrual","Y_lag1; Payroll Mass_leg0; Hours worked_leg0; Hourly earnings_leg0; IP_leg0; Business turnover index_leg0; ESI_leg0; Retail sales_leg0; Private consumption_leg0; HICPX_leg0; Energy prices_leg0; Employment_leg0; Stock market_leg0; Cash revenues_leg0","OK",NA
"sg_lasso","Italy","Revenues","2021-05-27",11350.6104894781,NA,0.0000627466772922406,0.5,0.609842584327274,14,14,14,2021-05-01,6571.75572734902,"Total revenues accrual","Y_lag1; Payroll Mass_leg0; Hours worked_leg0; Hourly earnings_leg0; IP_leg0; Business turnover index_leg0; ESI_leg0; Retail sales_leg0; Private consumption_leg0; HICPX_leg0; Energy prices_leg0; Employment_leg0; Stock market_leg0; Cash revenues_leg0","OK",NA
"sg_lasso","Italy","Revenues","2021-06-01",10844.697216555,NA,0.0000627466772922406,0.5,0.609842584327274,14,14,14,2021-06-01,6571.75572734902,"Total revenues accrual","Y_lag1; Payroll Mass_leg0; Hours worked_leg0; Hourly earnings_leg0; IP_leg0; Business turnover index_leg0; ESI_leg0; Retail sales_leg0; Private consumption_leg0; HICPX_leg0; Energy prices_leg0; Employment_leg0; Stock market_leg0; Cash revenues_leg0","OK",NA
"sg_lasso","Italy","Revenues","2021-06-02",10988.3606925056,NA,0.0000627466772922406,0.5,0.609842584327274,14,14,14,2021-06-01,6571.75572734902,"Total revenues accrual","Y_lag1; Payroll Mass_leg0; Hours worked_leg0; Hourly earnings_leg0; IP_leg0; Business turnover index_leg0; ESI_leg0; Retail sales_leg0; Private consumption_leg0; HICPX_leg0; Energy prices_leg0; Employment_leg0; Stock market_leg0; Cash revenues_leg0","OK",NA
"sg_lasso","Italy","Revenues","2021-06-05",9184.70867169141,NA,0.0000627466772922406,0.5,0.609842584327274,14,14,14,2021-06-01,6571.75572734902,"Total revenues accrual","Y_lag1; Payroll Mass_leg0; Hours worked_leg0; Hourly earnings_leg0; IP_leg0; Business turnover index_leg0; ESI_leg0; Retail sales_leg0; Private consumption_leg0; HICPX_leg0; Energy prices_leg0; Employment_leg0; Stock market_leg0; Cash revenues_leg0","OK",NA
"sg_lasso","Italy","Revenues","2021-06-15",8324.79615724239,NA,0.0000642474514058765,0.5,0.668444257232775,14,14,14,2021-06-01,6320.81514072299,"Total revenues accrual","Y_lag1; Payroll Mass_leg0; Hours worked_leg0; Hourly earnings_leg0; IP_leg0; Business turnover index_leg0; ESI_leg0; Retail sales_leg0; Private consumption_leg0; HICPX_leg0; Energy prices_leg0; Employment_leg0; Stock market_leg0; Cash revenues_leg0","OK",NA
"sg_lasso","Italy","Revenues","2021-06-24",8233.22704796107,NA,0.0000642474514058765,0.5,0.660665029436752,14,14,14,2021-06-01,6320.81514072299,"Total revenues accrual","Y_lag1; Payroll Mass_leg0; Hours worked_leg0; Hourly earnings_leg0; IP_leg0; Business turnover index_leg0; ESI_leg0; Retail sales_leg0; Private consumption_leg0; HICPX_leg0; Energy prices_leg0; Employment_leg0; Stock market_leg0; Cash revenues_leg0","OK",NA
"sg_lasso","Italy","Revenues","2021-06-27",8227.87774293541,NA,0.0000642474514058765,0.5,0.666962624203872,14,14,14,2021-06-01,6320.81514072299,"Total revenues accrual","Y_lag1; Payroll Mass_leg0; Hours worked_leg0; Hourly earnings_leg0; IP_leg0; Business turnover index_leg0; ESI_leg0; Retail sales_leg0; Private consumption_leg0; HICPX_leg0; Energy prices_leg0; Employment_leg0; Stock market_leg0; Cash revenues_leg0","OK",NA
"sg_lasso","Italy","Revenues","2021-07-01",6978.15596187793,NA,0.0000642474514058765,0.5,0.666962624203872,14,14,14,2021-07-01,6320.81514072299,"Total revenues accrual","Y_lag1; Payroll Mass_leg0; Hours worked_leg0; Hourly earnings_leg0; IP_leg0; Business turnover index_leg0; ESI_leg0; Retail sales_leg0; Private consumption_leg0; HICPX_leg0; Energy prices_leg0; Employment_leg0; Stock market_leg0; Cash revenues_leg0","OK",NA
"sg_lasso","Italy","Revenues","2021-07-04",6848.43773025912,NA,0.0000642474514058765,0.5,0.666962624203872,14,14,14,2021-07-01,6320.81514072299,"Total revenues accrual","Y_lag1; Payroll Mass_leg0; Hours worked_leg0; Hourly earnings_leg0; IP_leg0; Business turnover index_leg0; ESI_leg0; Retail sales_leg0; Private consumption_leg0; HICPX_leg0; Energy prices_leg0; Employment_leg0; Stock market_leg0; Cash revenues_leg0","OK",NA
"sg_lasso","Italy","Revenues","2021-07-05",6913.05069465513,NA,0.0000642474514058765,0.5,0.666962624203872,14,14,14,2021-07-01,6320.81514072299,"Total revenues accrual","Y_lag1; Payroll Mass_leg0; Hours worked_leg0; Hourly earnings_leg0; IP_leg0; Business turnover index_leg0; ESI_leg0; Retail sales_leg0; Private consumption_leg0; HICPX_leg0; Energy prices_leg0; Employment_leg0; Stock market_leg0; Cash revenues_leg0","OK",NA
"sg_lasso","Italy","Revenues","2021-07-15",6650.99806477344,NA,0.0000642474514058765,0.5,0.666962624203872,14,14,14,2021-07-01,6320.81514072299,"Total revenues accrual","Y_lag1; Payroll Mass_leg0; Hours worked_leg0; Hourly earnings_leg0; IP_leg0; Business turnover index_leg0; ESI_leg0; Retail sales_leg0; Private consumption_leg0; HICPX_leg0; Energy prices_leg0; Employment_leg0; Stock market_leg0; Cash revenues_leg0","OK",NA
"sg_lasso","Italy","Revenues","2021-07-27",7427.44620049835,NA,0.0000642474514058765,0.5,0.666962624203872,14,14,14,2021-07-01,6320.81514072299,"Total revenues accrual","Y_lag1; Payroll Mass_leg0; Hours worked_leg0; Hourly earnings_leg0; IP_leg0; Business turnover index_leg0; ESI_leg0; Retail sales_leg0; Private consumption_leg0; HICPX_leg0; Energy prices_leg0; Employment_leg0; Stock market_leg0; Cash revenues_leg0","OK",NA
"sg_lasso","Italy","Revenues","2021-07-29",7275.11184739239,NA,0.0000642474514058765,0.5,0.666962624203872,14,14,14,2021-07-01,6320.81514072299,"Total revenues accrual","Y_lag1; Payroll Mass_leg0; Hours worked_leg0; Hourly earnings_leg0; IP_leg0; Business turnover index_leg0; ESI_leg0; Retail sales_leg0; Private consumption_leg0; HICPX_leg0; Energy prices_leg0; Employment_leg0; Stock market_leg0; Cash revenues_leg0","OK",NA
"sg_lasso","Italy","Revenues","2021-08-01",4753.83619126734,NA,0.0000642474514058765,0.5,0.666962624203872,14,14,14,2021-08-01,6320.81514072299,"Total revenues accrual","Y_lag1; Payroll Mass_leg0; Hours worked_leg0; Hourly earnings_leg0; IP_leg0; Business turnover index_leg0; ESI_leg0; Retail sales_leg0; Private consumption_leg0; HICPX_leg0; Energy prices_leg0; Employment_leg0; Stock market_leg0; Cash revenues_leg0","OK",NA
"sg_lasso","Italy","Revenues","2021-08-05",4669.14807574177,NA,0.0000642474514058765,0.5,0.666962624203872,14,14,14,2021-08-01,6320.81514072299,"Total revenues accrual","Y_lag1; Payroll Mass_leg0; Hours worked_leg0; Hourly earnings_leg0; IP_leg0; Business turnover index_leg0; ESI_leg0; Retail sales_leg0; Private consumption_leg0; HICPX_leg0; Energy prices_leg0; Employment_leg0; Stock market_leg0; Cash revenues_leg0","OK",NA
"sg_lasso","Italy","Revenues","2021-08-07",4731.70093850989,NA,0.0000642474514058765,0.5,0.666962624203872,14,14,14,2021-08-01,6320.81514072299,"Total revenues accrual","Y_lag1; Payroll Mass_leg0; Hours worked_leg0; Hourly earnings_leg0; IP_leg0; Business turnover index_leg0; ESI_leg0; Retail sales_leg0; Private consumption_leg0; HICPX_leg0; Energy prices_leg0; Employment_leg0; Stock market_leg0; Cash revenues_leg0","OK",NA
"sg_lasso","Italy","Revenues","2021-08-15",4684.12908390294,NA,0.0000642474514058765,0.5,0.666962624203872,14,14,14,2021-08-01,6320.81514072299,"Total revenues accrual","Y_lag1; Payroll Mass_leg0; Hours worked_leg0; Hourly earnings_leg0; IP_leg0; Business turnover index_leg0; ESI_leg0; Retail sales_leg0; Private consumption_leg0; HICPX_leg0; Energy prices_leg0; Employment_leg0; Stock market_leg0; Cash revenues_leg0","OK",NA
"sg_lasso","Italy","Revenues","2021-08-26",4808.34462914643,NA,0.0000642474514058765,0.5,0.666962624203872,14,14,14,2021-08-01,6320.81514072299,"Total revenues accrual","Y_lag1; Payroll Mass_leg0; Hours worked_leg0; Hourly earnings_leg0; IP_leg0; Business turnover index_leg0; ESI_leg0; Retail sales_leg0; Private consumption_leg0; HICPX_leg0; Energy prices_leg0; Employment_leg0; Stock market_leg0; Cash revenues_leg0","OK",NA
"sg_lasso","Italy","Revenues","2021-08-27",3439.60879074674,NA,0.0000642474514058765,0.5,0.666962624203872,14,14,14,2021-08-01,6320.81514072299,"Total revenues accrual","Y_lag1; Payroll Mass_leg0; Hours worked_leg0; Hourly earnings_leg0; IP_leg0; Business turnover index_leg0; ESI_leg0; Retail sales_leg0; Private consumption_leg0; HICPX_leg0; Energy prices_leg0; Employment_leg0; Stock market_leg0; Cash revenues_leg0","OK",NA
"sg_lasso","Italy","Revenues","2021-09-01",1932.64318987973,NA,0.0000642474514058765,0.5,0.666962624203872,14,14,14,2021-09-01,6320.81514072299,"Total revenues accrual","Y_lag1; Payroll Mass_leg0; Hours worked_leg0; Hourly earnings_leg0; IP_leg0; Business turnover index_leg0; ESI_leg0; Retail sales_leg0; Private consumption_leg0; HICPX_leg0; Energy prices_leg0; Employment_leg0; Stock market_leg0; Cash revenues_leg0","OK",NA
"sg_lasso","Italy","Revenues","2021-09-03",1983.17910924866,NA,0.0000642474514058765,0.5,0.666962624203872,14,14,14,2021-09-01,6320.81514072299,"Total revenues accrual","Y_lag1; Payroll Mass_leg0; Hours worked_leg0; Hourly earnings_leg0; IP_leg0; Business turnover index_leg0; ESI_leg0; Retail sales_leg0; Private consumption_leg0; HICPX_leg0; Energy prices_leg0; Employment_leg0; Stock market_leg0; Cash revenues_leg0","OK",NA
"sg_lasso","Italy","Revenues","2021-09-05",2909.04268203199,NA,0.0000642474514058765,0.5,0.666962624203872,14,14,14,2021-09-01,6320.81514072299,"Total revenues accrual","Y_lag1; Payroll Mass_leg0; Hours worked_leg0; Hourly earnings_leg0; IP_leg0; Business turnover index_leg0; ESI_leg0; Retail sales_leg0; Private consumption_leg0; HICPX_leg0; Energy prices_leg0; Employment_leg0; Stock market_leg0; Cash revenues_leg0","OK",NA
"sg_lasso","Italy","Revenues","2021-09-15",5239.38728200258,NA,0.0227412116321538,0.5,0.739469104187344,11,11,11,2021-09-01,4143.792833435,"Total revenues accrual","Y_lag1; Payroll Mass_leg0; Hours worked_leg0; Hourly earnings_leg0; ESI_leg0; Retail sales_leg0; HICPX_leg0; Energy prices_leg0; Employment_leg0; Stock market_leg0; Cash revenues_leg0","OK",NA
"sg_lasso","Italy","Revenues","2021-09-27",5223.90151798319,NA,0.0227412116321538,0.5,0.750340187015176,11,11,11,2021-09-01,4143.792833435,"Total revenues accrual","Y_lag1; Payroll Mass_leg0; Hours worked_leg0; Hourly earnings_leg0; ESI_leg0; Retail sales_leg0; HICPX_leg0; Energy prices_leg0; Employment_leg0; Stock market_leg0; Cash revenues_leg0","OK",NA
"sg_lasso","Italy","Revenues","2021-09-30",5200.46503985915,NA,0.0227412116321538,0.5,0.750908709347376,11,11,11,2021-09-01,4143.792833435,"Total revenues accrual","Y_lag1; Payroll Mass_leg0; Hours worked_leg0; Hourly earnings_leg0; ESI_leg0; Retail sales_leg0; HICPX_leg0; Energy prices_leg0; Employment_leg0; Stock market_leg0; Cash revenues_leg0","OK",NA
"sg_lasso","Italy","Revenues","2021-10-01",1812.96372522795,NA,0.0227412116321538,0.5,0.750908709347376,11,11,11,2021-10-01,4143.792833435,"Total revenues accrual","Y_lag1; Payroll Mass_leg0; Hours worked_leg0; Hourly earnings_leg0; ESI_leg0; Retail sales_leg0; HICPX_leg0; Energy prices_leg0; Employment_leg0; Stock market_leg0; Cash revenues_leg0","OK",NA
"sg_lasso","Italy","Revenues","2021-10-05",2000.5366347151,NA,0.0227412116321538,0.5,0.750908709347376,11,11,11,2021-10-01,4143.792833435,"Total revenues accrual","Y_lag1; Payroll Mass_leg0; Hours worked_leg0; Hourly earnings_leg0; ESI_leg0; Retail sales_leg0; HICPX_leg0; Energy prices_leg0; Employment_leg0; Stock market_leg0; Cash revenues_leg0","OK",NA
"sg_lasso","Italy","Revenues","2021-10-15",2474.62928934382,NA,0.0227412116321538,0.5,0.750908709347376,11,11,11,2021-10-01,4143.792833435,"Total revenues accrual","Y_lag1; Payroll Mass_leg0; Hours worked_leg0; Hourly earnings_leg0; ESI_leg0; Retail sales_leg0; HICPX_leg0; Energy prices_leg0; Employment_leg0; Stock market_leg0; Cash revenues_leg0","OK",NA
"sg_lasso","Italy","Revenues","2021-10-27",4464.83544862269,NA,0.0227412116321538,0.5,0.750908709347376,11,11,11,2021-10-01,4143.792833435,"Total revenues accrual","Y_lag1; Payroll Mass_leg0; Hours worked_leg0; Hourly earnings_leg0; ESI_leg0; Retail sales_leg0; HICPX_leg0; Energy prices_leg0; Employment_leg0; Stock market_leg0; Cash revenues_leg0","OK",NA
"sg_lasso","Italy","Revenues","2021-10-28",4389.15192622039,NA,0.0227412116321538,0.5,0.750908709347376,11,11,11,2021-10-01,4143.792833435,"Total revenues accrual","Y_lag1; Payroll Mass_leg0; Hours worked_leg0; Hourly earnings_leg0; ESI_leg0; Retail sales_leg0; HICPX_leg0; Energy prices_leg0; Employment_leg0; Stock market_leg0; Cash revenues_leg0","OK",NA
"sg_lasso","Italy","Revenues","2021-11-01",9092.37783793296,NA,0.0227412116321538,0.5,0.750908709347376,11,11,11,2021-11-01,4143.792833435,"Total revenues accrual","Y_lag1; Payroll Mass_leg0; Hours worked_leg0; Hourly earnings_leg0; ESI_leg0; Retail sales_leg0; HICPX_leg0; Energy prices_leg0; Employment_leg0; Stock market_leg0; Cash revenues_leg0","OK",NA
"sg_lasso","Italy","Revenues","2021-11-05",9092.37783793296,NA,0.0227412116321538,0.5,0.750908709347376,11,11,11,2021-11-01,4143.792833435,"Total revenues accrual","Y_lag1; Payroll Mass_leg0; Hours worked_leg0; Hourly earnings_leg0; ESI_leg0; Retail sales_leg0; HICPX_leg0; Energy prices_leg0; Employment_leg0; Stock market_leg0; Cash revenues_leg0","OK",NA
"sg_lasso","Italy","Revenues","2021-11-15",9093.68253096721,NA,0.0227412116321538,0.5,0.750908709347376,11,11,11,2021-11-01,4143.792833435,"Total revenues accrual","Y_lag1; Payroll Mass_leg0; Hours worked_leg0; Hourly earnings_leg0; ESI_leg0; Retail sales_leg0; HICPX_leg0; Energy prices_leg0; Employment_leg0; Stock market_leg0; Cash revenues_leg0","OK",NA
"sg_lasso","Italy","Revenues","2021-11-25",9186.83200337938,NA,0.0227412116321538,0.5,0.750908709347376,11,11,11,2021-11-01,4143.792833435,"Total revenues accrual","Y_lag1; Payroll Mass_leg0; Hours worked_leg0; Hourly earnings_leg0; ESI_leg0; Retail sales_leg0; HICPX_leg0; Energy prices_leg0; Employment_leg0; Stock market_leg0; Cash revenues_leg0","OK",NA
"sg_lasso","Italy","Revenues","2021-11-27",8556.97825034861,NA,0.0227412116321538,0.5,0.750908709347376,11,11,11,2021-11-01,4143.792833435,"Total revenues accrual","Y_lag1; Payroll Mass_leg0; Hours worked_leg0; Hourly earnings_leg0; ESI_leg0; Retail sales_leg0; HICPX_leg0; Energy prices_leg0; Employment_leg0; Stock market_leg0; Cash revenues_leg0","OK",NA
"sg_lasso","Italy","Revenues","2021-12-01",8868.6183570323,NA,0.0227412116321538,0.5,0.750908709347376,11,11,11,2021-12-01,4143.792833435,"Total revenues accrual","Y_lag1; Payroll Mass_leg0; Hours worked_leg0; Hourly earnings_leg0; ESI_leg0; Retail sales_leg0; HICPX_leg0; Energy prices_leg0; Employment_leg0; Stock market_leg0; Cash revenues_leg0","OK",NA
"sg_lasso","Italy","Revenues","2021-12-03",8902.61119472786,NA,0.0227412116321538,0.5,0.750908709347376,11,11,11,2021-12-01,4143.792833435,"Total revenues accrual","Y_lag1; Payroll Mass_leg0; Hours worked_leg0; Hourly earnings_leg0; ESI_leg0; Retail sales_leg0; HICPX_leg0; Energy prices_leg0; Employment_leg0; Stock market_leg0; Cash revenues_leg0","OK",NA
"sg_lasso","Italy","Revenues","2021-12-05",8902.61119472786,NA,0.0227412116321538,0.5,0.750908709347376,11,11,11,2021-12-01,4143.792833435,"Total revenues accrual","Y_lag1; Payroll Mass_leg0; Hours worked_leg0; Hourly earnings_leg0; ESI_leg0; Retail sales_leg0; HICPX_leg0; Energy prices_leg0; Employment_leg0; Stock market_leg0; Cash revenues_leg0","OK",NA
"sg_lasso","Italy","Revenues","2021-12-15",5104.97835400282,NA,0.020766791699608,0.5,0.760709667761605,13,13,13,2021-12-01,2267.81688108601,"Total revenues accrual","Y_lag1; Payroll Mass_leg0; Hours worked_leg0; Hourly earnings_leg0; IP_leg0; Business turnover index_leg0; ESI_leg0; Retail sales_leg0; HICPX_leg0; Energy prices_leg0; Employment_leg0; Stock market_leg0; Cash revenues_leg0","OK",NA
"sg_lasso","Italy","Revenues","2021-12-27",5322.56096376599,NA,0.020766791699608,0.5,0.765640790724382,13,13,13,2021-12-01,2267.81688108601,"Total revenues accrual","Y_lag1; Payroll Mass_leg0; Hours worked_leg0; Hourly earnings_leg0; IP_leg0; Business turnover index_leg0; ESI_leg0; Retail sales_leg0; HICPX_leg0; Energy prices_leg0; Employment_leg0; Stock market_leg0; Cash revenues_leg0","OK",NA
"sg_lasso","Italy","Revenues","2021-12-30",5329.5241626582,NA,0.020766791699608,0.5,0.766109306913564,13,13,13,2021-12-01,2267.81688108601,"Total revenues accrual","Y_lag1; Payroll Mass_leg0; Hours worked_leg0; Hourly earnings_leg0; IP_leg0; Business turnover index_leg0; ESI_leg0; Retail sales_leg0; HICPX_leg0; Energy prices_leg0; Employment_leg0; Stock market_leg0; Cash revenues_leg0","OK",NA
"sg_lasso","Italy","Revenues","2022-01-01",2904.31447553791,NA,0.020766791699608,0.5,0.766109306913564,13,13,13,2022-01-01,2267.81688108601,"Total revenues accrual","Y_lag1; Payroll Mass_leg0; Hours worked_leg0; Hourly earnings_leg0; IP_leg0; Business turnover index_leg0; ESI_leg0; Retail sales_leg0; HICPX_leg0; Energy prices_leg0; Employment_leg0; Stock market_leg0; Cash revenues_leg0","OK",NA
"sg_lasso","Italy","Revenues","2022-01-05",2881.19173271909,NA,0.020766791699608,0.5,0.766109306913564,13,13,13,2022-01-01,2267.81688108601,"Total revenues accrual","Y_lag1; Payroll Mass_leg0; Hours worked_leg0; Hourly earnings_leg0; IP_leg0; Business turnover index_leg0; ESI_leg0; Retail sales_leg0; HICPX_leg0; Energy prices_leg0; Employment_leg0; Stock market_leg0; Cash revenues_leg0","OK",NA
"sg_lasso","Italy","Revenues","2022-01-06",2798.83017312135,NA,0.020766791699608,0.5,0.766109306913564,13,13,13,2022-01-01,2267.81688108601,"Total revenues accrual","Y_lag1; Payroll Mass_leg0; Hours worked_leg0; Hourly earnings_leg0; IP_leg0; Business turnover index_leg0; ESI_leg0; Retail sales_leg0; HICPX_leg0; Energy prices_leg0; Employment_leg0; Stock market_leg0; Cash revenues_leg0","OK",NA
"sg_lasso","Italy","Revenues","2022-01-15",2770.44980895074,NA,0.020766791699608,0.5,0.766109306913564,13,13,13,2022-01-01,2267.81688108601,"Total revenues accrual","Y_lag1; Payroll Mass_leg0; Hours worked_leg0; Hourly earnings_leg0; IP_leg0; Business turnover index_leg0; ESI_leg0; Retail sales_leg0; HICPX_leg0; Energy prices_leg0; Employment_leg0; Stock market_leg0; Cash revenues_leg0","OK",NA
"sg_lasso","Italy","Revenues","2022-01-27",4818.4067078471,NA,0.020766791699608,0.5,0.766109306913564,13,13,13,2022-01-01,2267.81688108601,"Total revenues accrual","Y_lag1; Payroll Mass_leg0; Hours worked_leg0; Hourly earnings_leg0; IP_leg0; Business turnover index_leg0; ESI_leg0; Retail sales_leg0; HICPX_leg0; Energy prices_leg0; Employment_leg0; Stock market_leg0; Cash revenues_leg0","OK",NA
"sg_lasso","Italy","Revenues","2022-02-01",3973.09924843495,NA,0.020766791699608,0.5,0.766109306913564,13,13,13,2022-02-01,2267.81688108601,"Total revenues accrual","Y_lag1; Payroll Mass_leg0; Hours worked_leg0; Hourly earnings_leg0; IP_leg0; Business turnover index_leg0; ESI_leg0; Retail sales_leg0; HICPX_leg0; Energy prices_leg0; Employment_leg0; Stock market_leg0; Cash revenues_leg0","OK",NA
"sg_lasso","Italy","Revenues","2022-02-02",3980.85858565481,NA,0.020766791699608,0.5,0.766109306913564,13,13,13,2022-02-01,2267.81688108601,"Total revenues accrual","Y_lag1; Payroll Mass_leg0; Hours worked_leg0; Hourly earnings_leg0; IP_leg0; Business turnover index_leg0; ESI_leg0; Retail sales_leg0; HICPX_leg0; Energy prices_leg0; Employment_leg0; Stock market_leg0; Cash revenues_leg0","OK",NA
"sg_lasso","Italy","Revenues","2022-02-05",3916.56157527672,NA,0.020766791699608,0.5,0.766109306913564,13,13,13,2022-02-01,2267.81688108601,"Total revenues accrual","Y_lag1; Payroll Mass_leg0; Hours worked_leg0; Hourly earnings_leg0; IP_leg0; Business turnover index_leg0; ESI_leg0; Retail sales_leg0; HICPX_leg0; Energy prices_leg0; Employment_leg0; Stock market_leg0; Cash revenues_leg0","OK",NA
"sg_lasso","Italy","Revenues","2022-02-15",3515.8440310679,NA,0.020766791699608,0.5,0.766109306913564,13,13,13,2022-02-01,2267.81688108601,"Total revenues accrual","Y_lag1; Payroll Mass_leg0; Hours worked_leg0; Hourly earnings_leg0; IP_leg0; Business turnover index_leg0; ESI_leg0; Retail sales_leg0; HICPX_leg0; Energy prices_leg0; Employment_leg0; Stock market_leg0; Cash revenues_leg0","OK",NA
"sg_lasso","Italy","Revenues","2022-02-24",3448.36733888638,NA,0.020766791699608,0.5,0.766109306913564,13,13,13,2022-02-01,2267.81688108601,"Total revenues accrual","Y_lag1; Payroll Mass_leg0; Hours worked_leg0; Hourly earnings_leg0; IP_leg0; Business turnover index_leg0; ESI_leg0; Retail sales_leg0; HICPX_leg0; Energy prices_leg0; Employment_leg0; Stock market_leg0; Cash revenues_leg0","OK",NA
"sg_lasso","Italy","Revenues","2022-02-27",2646.16293223808,NA,0.020766791699608,0.5,0.766109306913564,13,13,13,2022-02-01,2267.81688108601,"Total revenues accrual","Y_lag1; Payroll Mass_leg0; Hours worked_leg0; Hourly earnings_leg0; IP_leg0; Business turnover index_leg0; ESI_leg0; Retail sales_leg0; HICPX_leg0; Energy prices_leg0; Employment_leg0; Stock market_leg0; Cash revenues_leg0","OK",NA
"sg_lasso","Italy","Revenues","2022-03-01",4292.17444441994,NA,0.020766791699608,0.5,0.766109306913564,13,13,13,2022-03-01,2267.81688108601,"Total revenues accrual","Y_lag1; Payroll Mass_leg0; Hours worked_leg0; Hourly earnings_leg0; IP_leg0; Business turnover index_leg0; ESI_leg0; Retail sales_leg0; HICPX_leg0; Energy prices_leg0; Employment_leg0; Stock market_leg0; Cash revenues_leg0","OK",NA
"sg_lasso","Italy","Revenues","2022-03-02",4289.35999601916,NA,0.020766791699608,0.5,0.766109306913564,13,13,13,2022-03-01,2267.81688108601,"Total revenues accrual","Y_lag1; Payroll Mass_leg0; Hours worked_leg0; Hourly earnings_leg0; IP_leg0; Business turnover index_leg0; ESI_leg0; Retail sales_leg0; HICPX_leg0; Energy prices_leg0; Employment_leg0; Stock market_leg0; Cash revenues_leg0","OK",NA
"sg_lasso","Italy","Revenues","2022-03-05",4385.05970621217,NA,0.020766791699608,0.5,0.766109306913564,13,13,13,2022-03-01,2267.81688108601,"Total revenues accrual","Y_lag1; Payroll Mass_leg0; Hours worked_leg0; Hourly earnings_leg0; IP_leg0; Business turnover index_leg0; ESI_leg0; Retail sales_leg0; HICPX_leg0; Energy prices_leg0; Employment_leg0; Stock market_leg0; Cash revenues_leg0","OK",NA
"sg_lasso","Italy","Revenues","2022-03-15",3440.55330230871,NA,0.0209936871015665,0.5,0.785229901809573,13,13,13,2022-03-01,5035.26821553698,"Total revenues accrual","Y_lag1; Payroll Mass_leg0; Hours worked_leg0; Hourly earnings_leg0; IP_leg0; Business turnover index_leg0; ESI_leg0; Retail sales_leg0; HICPX_leg0; Energy prices_leg0; Employment_leg0; Stock market_leg0; Cash revenues_leg0","OK",NA
"sg_lasso","Italy","Revenues","2022-03-27",3432.68024814537,NA,0.0209936871015665,0.5,0.799564186149012,13,13,13,2022-03-01,5035.26821553698,"Total revenues accrual","Y_lag1; Payroll Mass_leg0; Hours worked_leg0; Hourly earnings_leg0; IP_leg0; Business turnover index_leg0; ESI_leg0; Retail sales_leg0; HICPX_leg0; Energy prices_leg0; Employment_leg0; Stock market_leg0; Cash revenues_leg0","OK",NA
"sg_lasso","Italy","Revenues","2022-03-31",3524.79390011858,NA,0.0209936871015665,0.5,0.807041275666538,13,13,13,2022-03-01,5035.26821553698,"Total revenues accrual","Y_lag1; Payroll Mass_leg0; Hours worked_leg0; Hourly earnings_leg0; IP_leg0; Business turnover index_leg0; ESI_leg0; Retail sales_leg0; HICPX_leg0; Energy prices_leg0; Employment_leg0; Stock market_leg0; Cash revenues_leg0","OK",NA
"sg_lasso","Italy","Revenues","2022-04-01",3899.91209802206,NA,0.0209936871015665,0.5,0.807041275666538,13,13,13,2022-04-01,5035.26821553698,"Total revenues accrual","Y_lag1; Payroll Mass_leg0; Hours worked_leg0; Hourly earnings_leg0; IP_leg0; Business turnover index_leg0; ESI_leg0; Retail sales_leg0; HICPX_leg0; Energy prices_leg0; Employment_leg0; Stock market_leg0; Cash revenues_leg0","OK",NA
"sg_lasso","Italy","Revenues","2022-04-05",3843.60036158102,NA,0.0209936871015665,0.5,0.807041275666538,13,13,13,2022-04-01,5035.26821553698,"Total revenues accrual","Y_lag1; Payroll Mass_leg0; Hours worked_leg0; Hourly earnings_leg0; IP_leg0; Business turnover index_leg0; ESI_leg0; Retail sales_leg0; HICPX_leg0; Energy prices_leg0; Employment_leg0; Stock market_leg0; Cash revenues_leg0","OK",NA
"sg_lasso","Italy","Revenues","2022-04-15",4127.66449891928,NA,0.0209936871015665,0.5,0.807041275666538,13,13,13,2022-04-01,5035.26821553698,"Total revenues accrual","Y_lag1; Payroll Mass_leg0; Hours worked_leg0; Hourly earnings_leg0; IP_leg0; Business turnover index_leg0; ESI_leg0; Retail sales_leg0; HICPX_leg0; Energy prices_leg0; Employment_leg0; Stock market_leg0; Cash revenues_leg0","OK",NA
"sg_lasso","Italy","Revenues","2022-04-27",2403.35608815067,NA,0.0209936871015665,0.5,0.807041275666538,13,13,13,2022-04-01,5035.26821553698,"Total revenues accrual","Y_lag1; Payroll Mass_leg0; Hours worked_leg0; Hourly earnings_leg0; IP_leg0; Business turnover index_leg0; ESI_leg0; Retail sales_leg0; HICPX_leg0; Energy prices_leg0; Employment_leg0; Stock market_leg0; Cash revenues_leg0","OK",NA
"sg_lasso","Italy","Revenues","2022-04-28",2365.85510953206,NA,0.0209936871015665,0.5,0.807041275666538,13,13,13,2022-04-01,5035.26821553698,"Total revenues accrual","Y_lag1; Payroll Mass_leg0; Hours worked_leg0; Hourly earnings_leg0; IP_leg0; Business turnover index_leg0; ESI_leg0; Retail sales_leg0; HICPX_leg0; Energy prices_leg0; Employment_leg0; Stock market_leg0; Cash revenues_leg0","OK",NA
"sg_lasso","Italy","Revenues","2022-05-01",-225.667106756891,NA,0.0209936871015665,0.5,0.807041275666538,13,13,13,2022-05-01,5035.26821553698,"Total revenues accrual","Y_lag1; Payroll Mass_leg0; Hours worked_leg0; Hourly earnings_leg0; IP_leg0; Business turnover index_leg0; ESI_leg0; Retail sales_leg0; HICPX_leg0; Energy prices_leg0; Employment_leg0; Stock market_leg0; Cash revenues_leg0","OK",NA
"sg_lasso","Italy","Revenues","2022-05-05",-220.12365334175,NA,0.0209936871015665,0.5,0.807041275666538,13,13,13,2022-05-01,5035.26821553698,"Total revenues accrual","Y_lag1; Payroll Mass_leg0; Hours worked_leg0; Hourly earnings_leg0; IP_leg0; Business turnover index_leg0; ESI_leg0; Retail sales_leg0; HICPX_leg0; Energy prices_leg0; Employment_leg0; Stock market_leg0; Cash revenues_leg0","OK",NA
"sg_lasso","Italy","Revenues","2022-05-07",4.52500149150967,NA,0.0209936871015665,0.5,0.807041275666538,13,13,13,2022-05-01,5035.26821553698,"Total revenues accrual","Y_lag1; Payroll Mass_leg0; Hours worked_leg0; Hourly earnings_leg0; IP_leg0; Business turnover index_leg0; ESI_leg0; Retail sales_leg0; HICPX_leg0; Energy prices_leg0; Employment_leg0; Stock market_leg0; Cash revenues_leg0","OK",NA
"sg_lasso","Italy","Revenues","2022-05-15",8.97737352915999,NA,0.0209936871015665,0.5,0.807041275666538,13,13,13,2022-05-01,5035.26821553698,"Total revenues accrual","Y_lag1; Payroll Mass_leg0; Hours worked_leg0; Hourly earnings_leg0; IP_leg0; Business turnover index_leg0; ESI_leg0; Retail sales_leg0; HICPX_leg0; Energy prices_leg0; Employment_leg0; Stock market_leg0; Cash revenues_leg0","OK",NA
"sg_lasso","Italy","Revenues","2022-05-26",-38.5469805036663,NA,0.0209936871015665,0.5,0.807041275666538,13,13,13,2022-05-01,5035.26821553698,"Total revenues accrual","Y_lag1; Payroll Mass_leg0; Hours worked_leg0; Hourly earnings_leg0; IP_leg0; Business turnover index_leg0; ESI_leg0; Retail sales_leg0; HICPX_leg0; Energy prices_leg0; Employment_leg0; Stock market_leg0; Cash revenues_leg0","OK",NA
"sg_lasso","Italy","Revenues","2022-05-27",1174.28479174879,NA,0.0209936871015665,0.5,0.807041275666538,13,13,13,2022-05-01,5035.26821553698,"Total revenues accrual","Y_lag1; Payroll Mass_leg0; Hours worked_leg0; Hourly earnings_leg0; IP_leg0; Business turnover index_leg0; ESI_leg0; Retail sales_leg0; HICPX_leg0; Energy prices_leg0; Employment_leg0; Stock market_leg0; Cash revenues_leg0","OK",NA
"sg_lasso","Italy","Revenues","2022-06-01",1708.81909891314,NA,0.0209936871015665,0.5,0.807041275666538,13,13,13,2022-06-01,5035.26821553698,"Total revenues accrual","Y_lag1; Payroll Mass_leg0; Hours worked_leg0; Hourly earnings_leg0; IP_leg0; Business turnover index_leg0; ESI_leg0; Retail sales_leg0; HICPX_leg0; Energy prices_leg0; Employment_leg0; Stock market_leg0; Cash revenues_leg0","OK",NA
"sg_lasso","Italy","Revenues","2022-06-03",1482.7060026596,NA,0.0209936871015665,0.5,0.807041275666538,13,13,13,2022-06-01,5035.26821553698,"Total revenues accrual","Y_lag1; Payroll Mass_leg0; Hours worked_leg0; Hourly earnings_leg0; IP_leg0; Business turnover index_leg0; ESI_leg0; Retail sales_leg0; HICPX_leg0; Energy prices_leg0; Employment_leg0; Stock market_leg0; Cash revenues_leg0","OK",NA
"sg_lasso","Italy","Revenues","2022-06-05",1488.51040485323,NA,0.0209936871015665,0.5,0.807041275666538,13,13,13,2022-06-01,5035.26821553698,"Total revenues accrual","Y_lag1; Payroll Mass_leg0; Hours worked_leg0; Hourly earnings_leg0; IP_leg0; Business turnover index_leg0; ESI_leg0; Retail sales_leg0; HICPX_leg0; Energy prices_leg0; Employment_leg0; Stock market_leg0; Cash revenues_leg0","OK",NA
"sg_lasso","Italy","Revenues","2022-06-15",3937.9269098001,NA,0.0121409934764529,0.5,0.370525424286599,13,13,13,2022-06-01,7283.59683435102,"Total revenues accrual","Y_lag1; Payroll Mass_leg0; Hours worked_leg0; Hourly earnings_leg0; IP_leg0; Business turnover index_leg0; ESI_leg0; Retail sales_leg0; HICPX_leg0; Energy prices_leg0; Employment_leg0; Stock market_leg0; Cash revenues_leg0","OK",NA
"sg_lasso","Italy","Revenues","2022-06-27",3876.85986850331,NA,0.0121409934764529,0.5,0.364565187931258,13,13,13,2022-06-01,7283.59683435102,"Total revenues accrual","Y_lag1; Payroll Mass_leg0; Hours worked_leg0; Hourly earnings_leg0; IP_leg0; Business turnover index_leg0; ESI_leg0; Retail sales_leg0; HICPX_leg0; Energy prices_leg0; Employment_leg0; Stock market_leg0; Cash revenues_leg0","OK",NA
"sg_lasso","Italy","Revenues","2022-06-30",3912.3194093827,NA,0.0121409934764529,0.5,0.364215163090551,13,13,13,2022-06-01,7283.59683435102,"Total revenues accrual","Y_lag1; Payroll Mass_leg0; Hours worked_leg0; Hourly earnings_leg0; IP_leg0; Business turnover index_leg0; ESI_leg0; Retail sales_leg0; HICPX_leg0; Energy prices_leg0; Employment_leg0; Stock market_leg0; Cash revenues_leg0","OK",NA
"sg_lasso","Italy","Revenues","2022-07-01",4946.87691398232,NA,0.0121409934764529,0.5,0.364215163090551,13,13,13,2022-07-01,7283.59683435102,"Total revenues accrual","Y_lag1; Payroll Mass_leg0; Hours worked_leg0; Hourly earnings_leg0; IP_leg0; Business turnover index_leg0; ESI_leg0; Retail sales_leg0; HICPX_leg0; Energy prices_leg0; Employment_leg0; Stock market_leg0; Cash revenues_leg0","OK",NA
"sg_lasso","Italy","Revenues","2022-07-05",4894.52793872257,NA,0.0121409934764529,0.5,0.364215163090551,13,13,13,2022-07-01,7283.59683435102,"Total revenues accrual","Y_lag1; Payroll Mass_leg0; Hours worked_leg0; Hourly earnings_leg0; IP_leg0; Business turnover index_leg0; ESI_leg0; Retail sales_leg0; HICPX_leg0; Energy prices_leg0; Employment_leg0; Stock market_leg0; Cash revenues_leg0","OK",NA
"sg_lasso","Italy","Revenues","2022-07-15",4533.97124650608,NA,0.0121409934764529,0.5,0.364215163090551,13,13,13,2022-07-01,7283.59683435102,"Total revenues accrual","Y_lag1; Payroll Mass_leg0; Hours worked_leg0; Hourly earnings_leg0; IP_leg0; Business turnover index_leg0; ESI_leg0; Retail sales_leg0; HICPX_leg0; Energy prices_leg0; Employment_leg0; Stock market_leg0; Cash revenues_leg0","OK",NA
"sg_lasso","Italy","Revenues","2022-07-27",3816.08414100043,NA,0.0121409934764529,0.5,0.364215163090551,13,13,13,2022-07-01,7283.59683435102,"Total revenues accrual","Y_lag1; Payroll Mass_leg0; Hours worked_leg0; Hourly earnings_leg0; IP_leg0; Business turnover index_leg0; ESI_leg0; Retail sales_leg0; HICPX_leg0; Energy prices_leg0; Employment_leg0; Stock market_leg0; Cash revenues_leg0","OK",NA
"sg_lasso","Italy","Revenues","2022-07-28",4092.22834237451,NA,0.0121409934764529,0.5,0.364215163090551,13,13,13,2022-07-01,7283.59683435102,"Total revenues accrual","Y_lag1; Payroll Mass_leg0; Hours worked_leg0; Hourly earnings_leg0; IP_leg0; Business turnover index_leg0; ESI_leg0; Retail sales_leg0; HICPX_leg0; Energy prices_leg0; Employment_leg0; Stock market_leg0; Cash revenues_leg0","OK",NA
"sg_lasso","Italy","Revenues","2022-08-01",3336.48320687355,NA,0.0121409934764529,0.5,0.364215163090551,13,13,13,2022-08-01,7283.59683435102,"Total revenues accrual","Y_lag1; Payroll Mass_leg0; Hours worked_leg0; Hourly earnings_leg0; IP_leg0; Business turnover index_leg0; ESI_leg0; Retail sales_leg0; HICPX_leg0; Energy prices_leg0; Employment_leg0; Stock market_leg0; Cash revenues_leg0","OK",NA
"sg_lasso","Italy","Revenues","2022-08-05",3256.64693987399,NA,0.0121409934764529,0.5,0.364215163090551,13,13,13,2022-08-01,7283.59683435102,"Total revenues accrual","Y_lag1; Payroll Mass_leg0; Hours worked_leg0; Hourly earnings_leg0; IP_leg0; Business turnover index_leg0; ESI_leg0; Retail sales_leg0; HICPX_leg0; Energy prices_leg0; Employment_leg0; Stock market_leg0; Cash revenues_leg0","OK",NA
"sg_lasso","Italy","Revenues","2022-08-15",3180.32832789684,NA,0.0121409934764529,0.5,0.364215163090551,13,13,13,2022-08-01,7283.59683435102,"Total revenues accrual","Y_lag1; Payroll Mass_leg0; Hours worked_leg0; Hourly earnings_leg0; IP_leg0; Business turnover index_leg0; ESI_leg0; Retail sales_leg0; HICPX_leg0; Energy prices_leg0; Employment_leg0; Stock market_leg0; Cash revenues_leg0","OK",NA
"sg_lasso","Italy","Revenues","2022-08-25",3217.93126064182,NA,0.0121409934764529,0.5,0.364215163090551,13,13,13,2022-08-01,7283.59683435102,"Total revenues accrual","Y_lag1; Payroll Mass_leg0; Hours worked_leg0; Hourly earnings_leg0; IP_leg0; Business turnover index_leg0; ESI_leg0; Retail sales_leg0; HICPX_leg0; Energy prices_leg0; Employment_leg0; Stock market_leg0; Cash revenues_leg0","OK",NA
"sg_lasso","Italy","Revenues","2022-08-27",3709.52078181957,NA,0.0121409934764529,0.5,0.364215163090551,13,13,13,2022-08-01,7283.59683435102,"Total revenues accrual","Y_lag1; Payroll Mass_leg0; Hours worked_leg0; Hourly earnings_leg0; IP_leg0; Business turnover index_leg0; ESI_leg0; Retail sales_leg0; HICPX_leg0; Energy prices_leg0; Employment_leg0; Stock market_leg0; Cash revenues_leg0","OK",NA
"sg_lasso","Italy","Revenues","2022-09-01",3159.87310717732,NA,0.0121409934764529,0.5,0.364215163090551,13,13,13,2022-09-01,7283.59683435102,"Total revenues accrual","Y_lag1; Payroll Mass_leg0; Hours worked_leg0; Hourly earnings_leg0; IP_leg0; Business turnover index_leg0; ESI_leg0; Retail sales_leg0; HICPX_leg0; Energy prices_leg0; Employment_leg0; Stock market_leg0; Cash revenues_leg0","OK",NA
"sg_lasso","Italy","Revenues","2022-09-04",3151.6908357778,NA,0.0121409934764529,0.5,0.364215163090551,13,13,13,2022-09-01,7283.59683435102,"Total revenues accrual","Y_lag1; Payroll Mass_leg0; Hours worked_leg0; Hourly earnings_leg0; IP_leg0; Business turnover index_leg0; ESI_leg0; Retail sales_leg0; HICPX_leg0; Energy prices_leg0; Employment_leg0; Stock market_leg0; Cash revenues_leg0","OK",NA
"sg_lasso","Italy","Revenues","2022-09-05",3195.85139358615,NA,0.0121409934764529,0.5,0.364215163090551,13,13,13,2022-09-01,7283.59683435102,"Total revenues accrual","Y_lag1; Payroll Mass_leg0; Hours worked_leg0; Hourly earnings_leg0; IP_leg0; Business turnover index_leg0; ESI_leg0; Retail sales_leg0; HICPX_leg0; Energy prices_leg0; Employment_leg0; Stock market_leg0; Cash revenues_leg0","OK",NA
"sg_lasso","Italy","Revenues","2022-09-15",4247.68206772207,NA,0.00914577431178045,0.5,0.401550490605063,13,13,13,2022-09-01,1667.09318746199,"Total revenues accrual","Y_lag1; Payroll Mass_leg0; Hours worked_leg0; Hourly earnings_leg0; IP_leg0; Business turnover index_leg0; ESI_leg0; Retail sales_leg0; HICPX_leg0; Energy prices_leg0; Employment_leg0; Stock market_leg0; Cash revenues_leg0","OK",NA
"sg_lasso","Italy","Revenues","2022-09-27",3868.86115605537,NA,0.0110161175369474,0.5,0.432066524039675,13,13,13,2022-09-01,1667.09318746199,"Total revenues accrual","Y_lag1; Payroll Mass_leg0; Hours worked_leg0; Hourly earnings_leg0; IP_leg0; Business turnover index_leg0; ESI_leg0; Retail sales_leg0; HICPX_leg0; Energy prices_leg0; Employment_leg0; Stock market_leg0; Cash revenues_leg0","OK",NA
"sg_lasso","Italy","Revenues","2022-09-29",4138.44109608583,NA,0.0100374760166571,0.5,0.421380545378577,13,13,13,2022-09-01,1667.09318746199,"Total revenues accrual","Y_lag1; Payroll Mass_leg0; Hours worked_leg0; Hourly earnings_leg0; IP_leg0; Business turnover index_leg0; ESI_leg0; Retail sales_leg0; HICPX_leg0; Energy prices_leg0; Employment_leg0; Stock market_leg0; Cash revenues_leg0","OK",NA
"sg_lasso","Italy","Revenues","2022-10-01",4897.45952441552,NA,0.0100374760166571,0.5,0.421380545378577,13,13,13,2022-10-01,1667.09318746199,"Total revenues accrual","Y_lag1; Payroll Mass_leg0; Hours worked_leg0; Hourly earnings_leg0; IP_leg0; Business turnover index_leg0; ESI_leg0; Retail sales_leg0; HICPX_leg0; Energy prices_leg0; Employment_leg0; Stock market_leg0; Cash revenues_leg0","OK",NA
"sg_lasso","Italy","Revenues","2022-10-05",5008.03283809688,NA,0.0100374760166571,0.5,0.421380545378577,13,13,13,2022-10-01,1667.09318746199,"Total revenues accrual","Y_lag1; Payroll Mass_leg0; Hours worked_leg0; Hourly earnings_leg0; IP_leg0; Business turnover index_leg0; ESI_leg0; Retail sales_leg0; HICPX_leg0; Energy prices_leg0; Employment_leg0; Stock market_leg0; Cash revenues_leg0","OK",NA
"sg_lasso","Italy","Revenues","2022-10-06",4982.76667048993,NA,0.0100374760166571,0.5,0.421380545378577,13,13,13,2022-10-01,1667.09318746199,"Total revenues accrual","Y_lag1; Payroll Mass_leg0; Hours worked_leg0; Hourly earnings_leg0; IP_leg0; Business turnover index_leg0; ESI_leg0; Retail sales_leg0; HICPX_leg0; Energy prices_leg0; Employment_leg0; Stock market_leg0; Cash revenues_leg0","OK",NA
"sg_lasso","Italy","Revenues","2022-10-15",5122.66772074427,NA,0.0100374760166571,0.5,0.421380545378577,13,13,13,2022-10-01,1667.09318746199,"Total revenues accrual","Y_lag1; Payroll Mass_leg0; Hours worked_leg0; Hourly earnings_leg0; IP_leg0; Business turnover index_leg0; ESI_leg0; Retail sales_leg0; HICPX_leg0; Energy prices_leg0; Employment_leg0; Stock market_leg0; Cash revenues_leg0","OK",NA
"sg_lasso","Italy","Revenues","2022-10-27",8063.91342458563,NA,0.0100374760166571,0.5,0.421380545378577,13,13,13,2022-10-01,1667.09318746199,"Total revenues accrual","Y_lag1; Payroll Mass_leg0; Hours worked_leg0; Hourly earnings_leg0; IP_leg0; Business turnover index_leg0; ESI_leg0; Retail sales_leg0; HICPX_leg0; Energy prices_leg0; Employment_leg0; Stock market_leg0; Cash revenues_leg0","OK",NA
"sg_lasso","Italy","Revenues","2022-11-01",10414.22098268,NA,0.0100374760166571,0.5,0.421380545378577,13,13,13,2022-11-01,1667.09318746199,"Total revenues accrual","Y_lag1; Payroll Mass_leg0; Hours worked_leg0; Hourly earnings_leg0; IP_leg0; Business turnover index_leg0; ESI_leg0; Retail sales_leg0; HICPX_leg0; Energy prices_leg0; Employment_leg0; Stock market_leg0; Cash revenues_leg0","OK",NA
"sg_lasso","Italy","Revenues","2022-11-02",10402.0356759642,NA,0.0100374760166571,0.5,0.421380545378577,13,13,13,2022-11-01,1667.09318746199,"Total revenues accrual","Y_lag1; Payroll Mass_leg0; Hours worked_leg0; Hourly earnings_leg0; IP_leg0; Business turnover index_leg0; ESI_leg0; Retail sales_leg0; HICPX_leg0; Energy prices_leg0; Employment_leg0; Stock market_leg0; Cash revenues_leg0","OK",NA
"sg_lasso","Italy","Revenues","2022-11-05",10258.4874960609,NA,0.0100374760166571,0.5,0.421380545378577,13,13,13,2022-11-01,1667.09318746199,"Total revenues accrual","Y_lag1; Payroll Mass_leg0; Hours worked_leg0; Hourly earnings_leg0; IP_leg0; Business turnover index_leg0; ESI_leg0; Retail sales_leg0; HICPX_leg0; Energy prices_leg0; Employment_leg0; Stock market_leg0; Cash revenues_leg0","OK",NA
"sg_lasso","Italy","Revenues","2022-11-15",10463.8256834091,NA,0.0100374760166571,0.5,0.421380545378577,13,13,13,2022-11-01,1667.09318746199,"Total revenues accrual","Y_lag1; Payroll Mass_leg0; Hours worked_leg0; Hourly earnings_leg0; IP_leg0; Business turnover index_leg0; ESI_leg0; Retail sales_leg0; HICPX_leg0; Energy prices_leg0; Employment_leg0; Stock market_leg0; Cash revenues_leg0","OK",NA
"sg_lasso","Italy","Revenues","2022-11-24",10120.1140782255,NA,0.0100374760166571,0.5,0.421380545378577,13,13,13,2022-11-01,1667.09318746199,"Total revenues accrual","Y_lag1; Payroll Mass_leg0; Hours worked_leg0; Hourly earnings_leg0; IP_leg0; Business turnover index_leg0; ESI_leg0; Retail sales_leg0; HICPX_leg0; Energy prices_leg0; Employment_leg0; Stock market_leg0; Cash revenues_leg0","OK",NA
"sg_lasso","Italy","Revenues","2022-11-27",7436.16085254279,NA,0.0100374760166571,0.5,0.421380545378577,13,13,13,2022-11-01,1667.09318746199,"Total revenues accrual","Y_lag1; Payroll Mass_leg0; Hours worked_leg0; Hourly earnings_leg0; IP_leg0; Business turnover index_leg0; ESI_leg0; Retail sales_leg0; HICPX_leg0; Energy prices_leg0; Employment_leg0; Stock market_leg0; Cash revenues_leg0","OK",NA
"sg_lasso","Italy","Revenues","2022-12-01",7204.6058899061,NA,0.0100374760166571,0.5,0.421380545378577,13,13,13,2022-12-01,1667.09318746199,"Total revenues accrual","Y_lag1; Payroll Mass_leg0; Hours worked_leg0; Hourly earnings_leg0; IP_leg0; Business turnover index_leg0; ESI_leg0; Retail sales_leg0; HICPX_leg0; Energy prices_leg0; Employment_leg0; Stock market_leg0; Cash revenues_leg0","OK",NA
"sg_lasso","Italy","Revenues","2022-12-04",7188.06029622655,NA,0.0100374760166571,0.5,0.421380545378577,13,13,13,2022-12-01,1667.09318746199,"Total revenues accrual","Y_lag1; Payroll Mass_leg0; Hours worked_leg0; Hourly earnings_leg0; IP_leg0; Business turnover index_leg0; ESI_leg0; Retail sales_leg0; HICPX_leg0; Energy prices_leg0; Employment_leg0; Stock market_leg0; Cash revenues_leg0","OK",NA
"sg_lasso","Italy","Revenues","2022-12-05",7181.82008523887,NA,0.0100374760166571,0.5,0.421380545378577,13,13,13,2022-12-01,1667.09318746199,"Total revenues accrual","Y_lag1; Payroll Mass_leg0; Hours worked_leg0; Hourly earnings_leg0; IP_leg0; Business turnover index_leg0; ESI_leg0; Retail sales_leg0; HICPX_leg0; Energy prices_leg0; Employment_leg0; Stock market_leg0; Cash revenues_leg0","OK",NA
"sg_lasso","Italy","Revenues","2022-12-15",2996.68956617009,NA,0.005658017695971,0.5,0.422636862481557,14,14,14,2022-12-01,-480.154390993004,"Total revenues accrual","Y_lag1; Payroll Mass_leg0; Hours worked_leg0; Hourly earnings_leg0; IP_leg0; Business turnover index_leg0; ESI_leg0; Retail sales_leg0; Private consumption_leg0; HICPX_leg0; Energy prices_leg0; Employment_leg0; Stock market_leg0; Cash revenues_leg0","OK",NA
"sg_lasso","Italy","Revenues","2022-12-27",3408.79458899246,NA,0.00515537499801115,0.5,0.432281060929719,14,14,14,2022-12-01,-480.154390993004,"Total revenues accrual","Y_lag1; Payroll Mass_leg0; Hours worked_leg0; Hourly earnings_leg0; IP_leg0; Business turnover index_leg0; ESI_leg0; Retail sales_leg0; Private consumption_leg0; HICPX_leg0; Energy prices_leg0; Employment_leg0; Stock market_leg0; Cash revenues_leg0","OK",NA
"sg_lasso","Italy","Revenues","2022-12-29",3385.16381123954,NA,0.00515537499801115,0.5,0.43107544416616,14,14,14,2022-12-01,-480.154390993004,"Total revenues accrual","Y_lag1; Payroll Mass_leg0; Hours worked_leg0; Hourly earnings_leg0; IP_leg0; Business turnover index_leg0; ESI_leg0; Retail sales_leg0; Private consumption_leg0; HICPX_leg0; Energy prices_leg0; Employment_leg0; Stock market_leg0; Cash revenues_leg0","OK",NA
"sg_lasso","Italy","Revenues","2023-01-01",5870.79845914708,NA,0.00515537499801115,0.5,0.43107544416616,14,14,14,2023-01-01,-480.154390993004,"Total revenues accrual","Y_lag1; Payroll Mass_leg0; Hours worked_leg0; Hourly earnings_leg0; IP_leg0; Business turnover index_leg0; ESI_leg0; Retail sales_leg0; Private consumption_leg0; HICPX_leg0; Energy prices_leg0; Employment_leg0; Stock market_leg0; Cash revenues_leg0","OK",NA
"sg_lasso","Italy","Revenues","2023-01-05",5885.99672789555,NA,0.00515537499801115,0.5,0.43107544416616,14,14,14,2023-01-01,-480.154390993004,"Total revenues accrual","Y_lag1; Payroll Mass_leg0; Hours worked_leg0; Hourly earnings_leg0; IP_leg0; Business turnover index_leg0; ESI_leg0; Retail sales_leg0; Private consumption_leg0; HICPX_leg0; Energy prices_leg0; Employment_leg0; Stock market_leg0; Cash revenues_leg0","OK",NA
"sg_lasso","Italy","Revenues","2023-01-07",5953.59164577082,NA,0.00515537499801115,0.5,0.43107544416616,14,14,14,2023-01-01,-480.154390993004,"Total revenues accrual","Y_lag1; Payroll Mass_leg0; Hours worked_leg0; Hourly earnings_leg0; IP_leg0; Business turnover index_leg0; ESI_leg0; Retail sales_leg0; Private consumption_leg0; HICPX_leg0; Energy prices_leg0; Employment_leg0; Stock market_leg0; Cash revenues_leg0","OK",NA
"sg_lasso","Italy","Revenues","2023-01-15",6655.44484093715,NA,0.00515537499801115,0.5,0.43107544416616,14,14,14,2023-01-01,-480.154390993004,"Total revenues accrual","Y_lag1; Payroll Mass_leg0; Hours worked_leg0; Hourly earnings_leg0; IP_leg0; Business turnover index_leg0; ESI_leg0; Retail sales_leg0; Private consumption_leg0; HICPX_leg0; Energy prices_leg0; Employment_leg0; Stock market_leg0; Cash revenues_leg0","OK",NA
"sg_lasso","Italy","Revenues","2023-01-26",6613.2275984429,NA,0.00515537499801115,0.5,0.43107544416616,14,14,14,2023-01-01,-480.154390993004,"Total revenues accrual","Y_lag1; Payroll Mass_leg0; Hours worked_leg0; Hourly earnings_leg0; IP_leg0; Business turnover index_leg0; ESI_leg0; Retail sales_leg0; Private consumption_leg0; HICPX_leg0; Energy prices_leg0; Employment_leg0; Stock market_leg0; Cash revenues_leg0","OK",NA
"sg_lasso","Italy","Revenues","2023-01-27",6845.63889685052,NA,0.00515537499801115,0.5,0.43107544416616,14,14,14,2023-01-01,-480.154390993004,"Total revenues accrual","Y_lag1; Payroll Mass_leg0; Hours worked_leg0; Hourly earnings_leg0; IP_leg0; Business turnover index_leg0; ESI_leg0; Retail sales_leg0; Private consumption_leg0; HICPX_leg0; Energy prices_leg0; Employment_leg0; Stock market_leg0; Cash revenues_leg0","OK",NA
"sg_lasso","Italy","Revenues","2023-02-01",10074.3200694843,NA,0.00515537499801115,0.5,0.43107544416616,14,14,14,2023-02-01,-480.154390993004,"Total revenues accrual","Y_lag1; Payroll Mass_leg0; Hours worked_leg0; Hourly earnings_leg0; IP_leg0; Business turnover index_leg0; ESI_leg0; Retail sales_leg0; Private consumption_leg0; HICPX_leg0; Energy prices_leg0; Employment_leg0; Stock market_leg0; Cash revenues_leg0","OK",NA
"sg_lasso","Italy","Revenues","2023-02-03",9977.15760804676,NA,0.00515537499801115,0.5,0.43107544416616,14,14,14,2023-02-01,-480.154390993004,"Total revenues accrual","Y_lag1; Payroll Mass_leg0; Hours worked_leg0; Hourly earnings_leg0; IP_leg0; Business turnover index_leg0; ESI_leg0; Retail sales_leg0; Private consumption_leg0; HICPX_leg0; Energy prices_leg0; Employment_leg0; Stock market_leg0; Cash revenues_leg0","OK",NA
"sg_lasso","Italy","Revenues","2023-02-05",9979.62363576135,NA,0.00515537499801115,0.5,0.43107544416616,14,14,14,2023-02-01,-480.154390993004,"Total revenues accrual","Y_lag1; Payroll Mass_leg0; Hours worked_leg0; Hourly earnings_leg0; IP_leg0; Business turnover index_leg0; ESI_leg0; Retail sales_leg0; Private consumption_leg0; HICPX_leg0; Energy prices_leg0; Employment_leg0; Stock market_leg0; Cash revenues_leg0","OK",NA
"sg_lasso","Italy","Revenues","2023-02-15",10120.0287748055,NA,0.00515537499801115,0.5,0.43107544416616,14,14,14,2023-02-01,-480.154390993004,"Total revenues accrual","Y_lag1; Payroll Mass_leg0; Hours worked_leg0; Hourly earnings_leg0; IP_leg0; Business turnover index_leg0; ESI_leg0; Retail sales_leg0; Private consumption_leg0; HICPX_leg0; Energy prices_leg0; Employment_leg0; Stock market_leg0; Cash revenues_leg0","OK",NA
"sg_lasso","Italy","Revenues","2023-02-23",10077.8115323112,NA,0.00515537499801115,0.5,0.43107544416616,14,14,14,2023-02-01,-480.154390993004,"Total revenues accrual","Y_lag1; Payroll Mass_leg0; Hours worked_leg0; Hourly earnings_leg0; IP_leg0; Business turnover index_leg0; ESI_leg0; Retail sales_leg0; Private consumption_leg0; HICPX_leg0; Energy prices_leg0; Employment_leg0; Stock market_leg0; Cash revenues_leg0","OK",NA
"sg_lasso","Italy","Revenues","2023-02-27",10213.498577335,NA,0.00515537499801115,0.5,0.43107544416616,14,14,14,2023-02-01,-480.154390993004,"Total revenues accrual","Y_lag1; Payroll Mass_leg0; Hours worked_leg0; Hourly earnings_leg0; IP_leg0; Business turnover index_leg0; ESI_leg0; Retail sales_leg0; Private consumption_leg0; HICPX_leg0; Energy prices_leg0; Employment_leg0; Stock market_leg0; Cash revenues_leg0","OK",NA
"sg_lasso","Italy","Revenues","2023-03-01",10587.9844741798,NA,0.00515537499801115,0.5,0.43107544416616,14,14,14,2023-03-01,-480.154390993004,"Total revenues accrual","Y_lag1; Payroll Mass_leg0; Hours worked_leg0; Hourly earnings_leg0; IP_leg0; Business turnover index_leg0; ESI_leg0; Retail sales_leg0; Private consumption_leg0; HICPX_leg0; Energy prices_leg0; Employment_leg0; Stock market_leg0; Cash revenues_leg0","OK",NA
"sg_lasso","Italy","Revenues","2023-03-03",10582.6360447633,NA,0.00515537499801115,0.5,0.43107544416616,14,14,14,2023-03-01,-480.154390993004,"Total revenues accrual","Y_lag1; Payroll Mass_leg0; Hours worked_leg0; Hourly earnings_leg0; IP_leg0; Business turnover index_leg0; ESI_leg0; Retail sales_leg0; Private consumption_leg0; HICPX_leg0; Energy prices_leg0; Employment_leg0; Stock market_leg0; Cash revenues_leg0","OK",NA
"sg_lasso","Italy","Revenues","2023-03-05",10664.6782300078,NA,0.00515537499801115,0.5,0.43107544416616,14,14,14,2023-03-01,-480.154390993004,"Total revenues accrual","Y_lag1; Payroll Mass_leg0; Hours worked_leg0; Hourly earnings_leg0; IP_leg0; Business turnover index_leg0; ESI_leg0; Retail sales_leg0; Private consumption_leg0; HICPX_leg0; Energy prices_leg0; Employment_leg0; Stock market_leg0; Cash revenues_leg0","OK",NA
"sg_lasso","Italy","Revenues","2023-03-15",4910.47486109035,NA,0.00246769719193381,0.5,0.933437048850755,14,14,14,2023-03-01,6684.01043833801,"Total revenues accrual","Y_lag1; Payroll Mass_leg0; Hours worked_leg0; Hourly earnings_leg0; IP_leg0; Business turnover index_leg0; ESI_leg0; Retail sales_leg0; Private consumption_leg0; HICPX_leg0; Energy prices_leg0; Employment_leg0; Stock market_leg0; Cash revenues_leg0","OK",NA
"sg_lasso","Italy","Revenues","2023-03-27",4711.45826467047,NA,0.00392927177789234,0.5,0.912847757024558,14,14,14,2023-03-01,6684.01043833801,"Total revenues accrual","Y_lag1; Payroll Mass_leg0; Hours worked_leg0; Hourly earnings_leg0; IP_leg0; Business turnover index_leg0; ESI_leg0; Retail sales_leg0; Private consumption_leg0; HICPX_leg0; Energy prices_leg0; Employment_leg0; Stock market_leg0; Cash revenues_leg0","OK",NA
"sg_lasso","Italy","Revenues","2023-03-30",4665.39488352248,NA,0.00392927177789234,0.5,0.911132105216403,14,14,14,2023-03-01,6684.01043833801,"Total revenues accrual","Y_lag1; Payroll Mass_leg0; Hours worked_leg0; Hourly earnings_leg0; IP_leg0; Business turnover index_leg0; ESI_leg0; Retail sales_leg0; Private consumption_leg0; HICPX_leg0; Energy prices_leg0; Employment_leg0; Stock market_leg0; Cash revenues_leg0","OK",NA
"sg_lasso","Italy","Revenues","2023-04-01",3593.4827568994,NA,0.00392927177789234,0.5,0.911132105216403,14,14,14,2023-04-01,6684.01043833801,"Total revenues accrual","Y_lag1; Payroll Mass_leg0; Hours worked_leg0; Hourly earnings_leg0; IP_leg0; Business turnover index_leg0; ESI_leg0; Retail sales_leg0; Private consumption_leg0; HICPX_leg0; Energy prices_leg0; Employment_leg0; Stock market_leg0; Cash revenues_leg0","OK",NA
"sg_lasso","Italy","Revenues","2023-04-05",3613.49816054341,NA,0.00392927177789234,0.5,0.911132105216403,14,14,14,2023-04-01,6684.01043833801,"Total revenues accrual","Y_lag1; Payroll Mass_leg0; Hours worked_leg0; Hourly earnings_leg0; IP_leg0; Business turnover index_leg0; ESI_leg0; Retail sales_leg0; Private consumption_leg0; HICPX_leg0; Energy prices_leg0; Employment_leg0; Stock market_leg0; Cash revenues_leg0","OK",NA
"sg_lasso","Italy","Revenues","2023-04-06",3601.35280684036,NA,0.00392927177789234,0.5,0.911132105216403,14,14,14,2023-04-01,6684.01043833801,"Total revenues accrual","Y_lag1; Payroll Mass_leg0; Hours worked_leg0; Hourly earnings_leg0; IP_leg0; Business turnover index_leg0; ESI_leg0; Retail sales_leg0; Private consumption_leg0; HICPX_leg0; Energy prices_leg0; Employment_leg0; Stock market_leg0; Cash revenues_leg0","OK",NA
"sg_lasso","Italy","Revenues","2023-04-15",2945.92848603037,NA,0.00392927177789234,0.5,0.911132105216403,14,14,14,2023-04-01,6684.01043833801,"Total revenues accrual","Y_lag1; Payroll Mass_leg0; Hours worked_leg0; Hourly earnings_leg0; IP_leg0; Business turnover index_leg0; ESI_leg0; Retail sales_leg0; Private consumption_leg0; HICPX_leg0; Energy prices_leg0; Employment_leg0; Stock market_leg0; Cash revenues_leg0","OK",NA
"sg_lasso","Italy","Revenues","2023-04-27",2573.43062654935,NA,0.00392927177789234,0.5,0.911132105216403,14,14,14,2023-04-01,6684.01043833801,"Total revenues accrual","Y_lag1; Payroll Mass_leg0; Hours worked_leg0; Hourly earnings_leg0; IP_leg0; Business turnover index_leg0; ESI_leg0; Retail sales_leg0; Private consumption_leg0; HICPX_leg0; Energy prices_leg0; Employment_leg0; Stock market_leg0; Cash revenues_leg0","OK",NA
"sg_lasso","Italy","Revenues","2023-05-01",1075.68891884731,NA,0.00392927177789234,0.5,0.911132105216403,14,14,14,2023-05-01,6684.01043833801,"Total revenues accrual","Y_lag1; Payroll Mass_leg0; Hours worked_leg0; Hourly earnings_leg0; IP_leg0; Business turnover index_leg0; ESI_leg0; Retail sales_leg0; Private consumption_leg0; HICPX_leg0; Energy prices_leg0; Employment_leg0; Stock market_leg0; Cash revenues_leg0","OK",NA
"sg_lasso","Italy","Revenues","2023-05-05",1098.88846646196,NA,0.00392927177789234,0.5,0.911132105216403,14,14,14,2023-05-01,6684.01043833801,"Total revenues accrual","Y_lag1; Payroll Mass_leg0; Hours worked_leg0; Hourly earnings_leg0; IP_leg0; Business turnover index_leg0; ESI_leg0; Retail sales_leg0; Private consumption_leg0; HICPX_leg0; Energy prices_leg0; Employment_leg0; Stock market_leg0; Cash revenues_leg0","OK",NA
"sg_lasso","Italy","Revenues","2023-05-15",1180.52475747577,NA,0.00392927177789234,0.5,0.911132105216403,14,14,14,2023-05-01,6684.01043833801,"Total revenues accrual","Y_lag1; Payroll Mass_leg0; Hours worked_leg0; Hourly earnings_leg0; IP_leg0; Business turnover index_leg0; ESI_leg0; Retail sales_leg0; Private consumption_leg0; HICPX_leg0; Energy prices_leg0; Employment_leg0; Stock market_leg0; Cash revenues_leg0","OK",NA
"sg_lasso","Italy","Revenues","2023-05-25",1435.82876834728,NA,0.00392927177789234,0.5,0.911132105216403,14,14,14,2023-05-01,6684.01043833801,"Total revenues accrual","Y_lag1; Payroll Mass_leg0; Hours worked_leg0; Hourly earnings_leg0; IP_leg0; Business turnover index_leg0; ESI_leg0; Retail sales_leg0; Private consumption_leg0; HICPX_leg0; Energy prices_leg0; Employment_leg0; Stock market_leg0; Cash revenues_leg0","OK",NA
"sg_lasso","Italy","Revenues","2023-05-27",1521.79341119152,NA,0.00392927177789234,0.5,0.911132105216403,14,14,14,2023-05-01,6684.01043833801,"Total revenues accrual","Y_lag1; Payroll Mass_leg0; Hours worked_leg0; Hourly earnings_leg0; IP_leg0; Business turnover index_leg0; ESI_leg0; Retail sales_leg0; Private consumption_leg0; HICPX_leg0; Energy prices_leg0; Employment_leg0; Stock market_leg0; Cash revenues_leg0","OK",NA
"sg_lasso","Italy","Revenues","2023-06-01",2494.50766863641,NA,0.00392927177789234,0.5,0.911132105216403,14,14,14,2023-06-01,6684.01043833801,"Total revenues accrual","Y_lag1; Payroll Mass_leg0; Hours worked_leg0; Hourly earnings_leg0; IP_leg0; Business turnover index_leg0; ESI_leg0; Retail sales_leg0; Private consumption_leg0; HICPX_leg0; Energy prices_leg0; Employment_leg0; Stock market_leg0; Cash revenues_leg0","OK",NA
"sg_lasso","Italy","Revenues","2023-06-04",2440.85397182606,NA,0.00392927177789234,0.5,0.911132105216403,14,14,14,2023-06-01,6684.01043833801,"Total revenues accrual","Y_lag1; Payroll Mass_leg0; Hours worked_leg0; Hourly earnings_leg0; IP_leg0; Business turnover index_leg0; ESI_leg0; Retail sales_leg0; Private consumption_leg0; HICPX_leg0; Energy prices_leg0; Employment_leg0; Stock market_leg0; Cash revenues_leg0","OK",NA
"sg_lasso","Italy","Revenues","2023-06-05",2811.73979575842,NA,0.00392927177789234,0.5,0.911132105216403,14,14,14,2023-06-01,6684.01043833801,"Total revenues accrual","Y_lag1; Payroll Mass_leg0; Hours worked_leg0; Hourly earnings_leg0; IP_leg0; Business turnover index_leg0; ESI_leg0; Retail sales_leg0; Private consumption_leg0; HICPX_leg0; Energy prices_leg0; Employment_leg0; Stock market_leg0; Cash revenues_leg0","OK",NA
"sg_lasso","Italy","Revenues","2023-06-15",4268.7124564534,NA,0.00433146705983581,0.5,0.456613957697672,14,14,14,2023-06-01,3724.63652891899,"Total revenues accrual","Y_lag1; Payroll Mass_leg0; Hours worked_leg0; Hourly earnings_leg0; IP_leg0; Business turnover index_leg0; ESI_leg0; Retail sales_leg0; Private consumption_leg0; HICPX_leg0; Energy prices_leg0; Employment_leg0; Stock market_leg0; Cash revenues_leg0","OK",NA
"sg_lasso","Italy","Revenues","2023-06-27",4198.095655193,NA,0.00359606004886064,0.5,0.443572549636591,14,14,14,2023-06-01,3724.63652891899,"Total revenues accrual","Y_lag1; Payroll Mass_leg0; Hours worked_leg0; Hourly earnings_leg0; IP_leg0; Business turnover index_leg0; ESI_leg0; Retail sales_leg0; Private consumption_leg0; HICPX_leg0; Energy prices_leg0; Employment_leg0; Stock market_leg0; Cash revenues_leg0","OK",NA
"sg_lasso","Italy","Revenues","2023-06-29",4236.54287850749,NA,0.00359606004886064,0.5,0.443215728279159,14,14,14,2023-06-01,3724.63652891899,"Total revenues accrual","Y_lag1; Payroll Mass_leg0; Hours worked_leg0; Hourly earnings_leg0; IP_leg0; Business turnover index_leg0; ESI_leg0; Retail sales_leg0; Private consumption_leg0; HICPX_leg0; Energy prices_leg0; Employment_leg0; Stock market_leg0; Cash revenues_leg0","OK",NA
"sg_lasso","Italy","Revenues","2023-07-01",3063.32196012694,NA,0.00359606004886064,0.5,0.443215728279159,14,14,14,2023-07-01,3724.63652891899,"Total revenues accrual","Y_lag1; Payroll Mass_leg0; Hours worked_leg0; Hourly earnings_leg0; IP_leg0; Business turnover index_leg0; ESI_leg0; Retail sales_leg0; Private consumption_leg0; HICPX_leg0; Energy prices_leg0; Employment_leg0; Stock market_leg0; Cash revenues_leg0","OK",NA
"sg_lasso","Italy","Revenues","2023-07-05",3133.95695500111,NA,0.00359606004886064,0.5,0.443215728279159,14,14,14,2023-07-01,3724.63652891899,"Total revenues accrual","Y_lag1; Payroll Mass_leg0; Hours worked_leg0; Hourly earnings_leg0; IP_leg0; Business turnover index_leg0; ESI_leg0; Retail sales_leg0; Private consumption_leg0; HICPX_leg0; Energy prices_leg0; Employment_leg0; Stock market_leg0; Cash revenues_leg0","OK",NA
"sg_lasso","Italy","Revenues","2023-07-06",3113.84156912833,NA,0.00359606004886064,0.5,0.443215728279159,14,14,14,2023-07-01,3724.63652891899,"Total revenues accrual","Y_lag1; Payroll Mass_leg0; Hours worked_leg0; Hourly earnings_leg0; IP_leg0; Business turnover index_leg0; ESI_leg0; Retail sales_leg0; Private consumption_leg0; HICPX_leg0; Energy prices_leg0; Employment_leg0; Stock market_leg0; Cash revenues_leg0","OK",NA
"sg_lasso","Italy","Revenues","2023-07-15",3535.85246906375,NA,0.00359606004886064,0.5,0.443215728279159,14,14,14,2023-07-01,3724.63652891899,"Total revenues accrual","Y_lag1; Payroll Mass_leg0; Hours worked_leg0; Hourly earnings_leg0; IP_leg0; Business turnover index_leg0; ESI_leg0; Retail sales_leg0; Private consumption_leg0; HICPX_leg0; Energy prices_leg0; Employment_leg0; Stock market_leg0; Cash revenues_leg0","OK",NA
"sg_lasso","Italy","Revenues","2023-07-27",3626.09621993664,NA,0.00359606004886064,0.5,0.443215728279159,14,14,14,2023-07-01,3724.63652891899,"Total revenues accrual","Y_lag1; Payroll Mass_leg0; Hours worked_leg0; Hourly earnings_leg0; IP_leg0; Business turnover index_leg0; ESI_leg0; Retail sales_leg0; Private consumption_leg0; HICPX_leg0; Energy prices_leg0; Employment_leg0; Stock market_leg0; Cash revenues_leg0","OK",NA
"sg_lasso","Italy","Revenues","2023-08-01",3369.10763067389,NA,0.0132276745420101,0.5,0.402689186522119,13,13,13,2023-08-01,3724.63652891899,"Total revenues accrual","Y_lag1; Payroll Mass_leg0; Hours worked_leg0; Hourly earnings_leg0; IP_leg0; Business turnover index_leg0; ESI_leg0; Retail sales_leg0; HICPX_leg0; Energy prices_leg0; Employment_leg0; Stock market_leg0; Cash revenues_leg0","OK",NA
"sg_lasso","Italy","Revenues","2023-08-02",3341.51910236316,NA,0.0132276745420101,0.5,0.402689186522119,13,13,13,2023-08-01,3724.63652891899,"Total revenues accrual","Y_lag1; Payroll Mass_leg0; Hours worked_leg0; Hourly earnings_leg0; IP_leg0; Business turnover index_leg0; ESI_leg0; Retail sales_leg0; HICPX_leg0; Energy prices_leg0; Employment_leg0; Stock market_leg0; Cash revenues_leg0","OK",NA
"sg_lasso","Italy","Revenues","2023-08-05",3310.71963199836,NA,0.0132276745420101,0.5,0.402689186522119,13,13,13,2023-08-01,3724.63652891899,"Total revenues accrual","Y_lag1; Payroll Mass_leg0; Hours worked_leg0; Hourly earnings_leg0; IP_leg0; Business turnover index_leg0; ESI_leg0; Retail sales_leg0; HICPX_leg0; Energy prices_leg0; Employment_leg0; Stock market_leg0; Cash revenues_leg0","OK",NA
"sg_lasso","Italy","Revenues","2023-08-15",3280.86881940454,NA,0.0132276745420101,0.5,0.402689186522119,13,13,13,2023-08-01,3724.63652891899,"Total revenues accrual","Y_lag1; Payroll Mass_leg0; Hours worked_leg0; Hourly earnings_leg0; IP_leg0; Business turnover index_leg0; ESI_leg0; Retail sales_leg0; HICPX_leg0; Energy prices_leg0; Employment_leg0; Stock market_leg0; Cash revenues_leg0","OK",NA
"sg_lasso","Italy","Revenues","2023-08-27",3190.3818037263,NA,0.0132276745420101,0.5,0.402689186522119,13,13,13,2023-08-01,3724.63652891899,"Total revenues accrual","Y_lag1; Payroll Mass_leg0; Hours worked_leg0; Hourly earnings_leg0; IP_leg0; Business turnover index_leg0; ESI_leg0; Retail sales_leg0; HICPX_leg0; Energy prices_leg0; Employment_leg0; Stock market_leg0; Cash revenues_leg0","OK",NA
"sg_lasso","Italy","Revenues","2023-08-31",3212.67440689941,NA,0.0132276745420101,0.5,0.402689186522119,13,13,13,2023-08-01,3724.63652891899,"Total revenues accrual","Y_lag1; Payroll Mass_leg0; Hours worked_leg0; Hourly earnings_leg0; IP_leg0; Business turnover index_leg0; ESI_leg0; Retail sales_leg0; HICPX_leg0; Energy prices_leg0; Employment_leg0; Stock market_leg0; Cash revenues_leg0","OK",NA
"sg_lasso","Italy","Revenues","2023-09-01",2854.48040196454,NA,0.0132276745420101,0.5,0.402689186522119,13,13,13,2023-09-01,3724.63652891899,"Total revenues accrual","Y_lag1; Payroll Mass_leg0; Hours worked_leg0; Hourly earnings_leg0; IP_leg0; Business turnover index_leg0; ESI_leg0; Retail sales_leg0; HICPX_leg0; Energy prices_leg0; Employment_leg0; Stock market_leg0; Cash revenues_leg0","OK",NA
"sg_lasso","Italy","Revenues","2023-09-05",2782.22351353484,NA,0.0132276745420101,0.5,0.402689186522119,13,13,13,2023-09-01,3724.63652891899,"Total revenues accrual","Y_lag1; Payroll Mass_leg0; Hours worked_leg0; Hourly earnings_leg0; IP_leg0; Business turnover index_leg0; ESI_leg0; Retail sales_leg0; HICPX_leg0; Energy prices_leg0; Employment_leg0; Stock market_leg0; Cash revenues_leg0","OK",NA
"sg_lasso","Italy","Revenues","2023-09-15",3112.83595653539,NA,0.0132072853040616,0.5,0.377871087288914,12,12,12,2023-09-01,3523.007048553,"Total revenues accrual","Y_lag1; Payroll Mass_leg0; Hours worked_leg0; Hourly earnings_leg0; IP_leg0; Business turnover index_leg0; ESI_leg0; Retail sales_leg0; Energy prices_leg0; Employment_leg0; Stock market_leg0; Cash revenues_leg0","OK",NA
"sg_lasso","Italy","Revenues","2023-09-27",3112.06053897784,NA,0.0132072853040616,0.5,0.387026311720734,12,12,12,2023-09-01,3523.007048553,"Total revenues accrual","Y_lag1; Payroll Mass_leg0; Hours worked_leg0; Hourly earnings_leg0; IP_leg0; Business turnover index_leg0; ESI_leg0; Retail sales_leg0; Energy prices_leg0; Employment_leg0; Stock market_leg0; Cash revenues_leg0","OK",NA
"sg_lasso","Italy","Revenues","2023-09-28",3216.53325056086,NA,0.0132072853040616,0.5,0.388045174797837,12,12,12,2023-09-01,3523.007048553,"Total revenues accrual","Y_lag1; Payroll Mass_leg0; Hours worked_leg0; Hourly earnings_leg0; IP_leg0; Business turnover index_leg0; ESI_leg0; Retail sales_leg0; Energy prices_leg0; Employment_leg0; Stock market_leg0; Cash revenues_leg0","OK",NA
"sg_lasso","Italy","Revenues","2023-10-01",5178.04776912207,NA,0.0132072853040616,0.5,0.388045174797837,12,12,12,2023-10-01,3523.007048553,"Total revenues accrual","Y_lag1; Payroll Mass_leg0; Hours worked_leg0; Hourly earnings_leg0; IP_leg0; Business turnover index_leg0; ESI_leg0; Retail sales_leg0; Energy prices_leg0; Employment_leg0; Stock market_leg0; Cash revenues_leg0","OK",NA
"sg_lasso","Italy","Revenues","2023-10-05",5187.23252830938,NA,0.0132072853040616,0.5,0.388045174797837,12,12,12,2023-10-01,3523.007048553,"Total revenues accrual","Y_lag1; Payroll Mass_leg0; Hours worked_leg0; Hourly earnings_leg0; IP_leg0; Business turnover index_leg0; ESI_leg0; Retail sales_leg0; Energy prices_leg0; Employment_leg0; Stock market_leg0; Cash revenues_leg0","OK",NA
"sg_lasso","Italy","Revenues","2023-10-07",5237.68218627032,NA,0.0132072853040616,0.5,0.388045174797837,12,12,12,2023-10-01,3523.007048553,"Total revenues accrual","Y_lag1; Payroll Mass_leg0; Hours worked_leg0; Hourly earnings_leg0; IP_leg0; Business turnover index_leg0; ESI_leg0; Retail sales_leg0; Energy prices_leg0; Employment_leg0; Stock market_leg0; Cash revenues_leg0","OK",NA
"sg_lasso","Italy","Revenues","2023-10-15",4986.37607479275,NA,0.0132072853040616,0.5,0.388045174797837,12,12,12,2023-10-01,3523.007048553,"Total revenues accrual","Y_lag1; Payroll Mass_leg0; Hours worked_leg0; Hourly earnings_leg0; IP_leg0; Business turnover index_leg0; ESI_leg0; Retail sales_leg0; Energy prices_leg0; Employment_leg0; Stock market_leg0; Cash revenues_leg0","OK",NA
"sg_lasso","Italy","Revenues","2023-10-26",5034.57479199554,NA,0.0132072853040616,0.5,0.388045174797837,12,12,12,2023-10-01,3523.007048553,"Total revenues accrual","Y_lag1; Payroll Mass_leg0; Hours worked_leg0; Hourly earnings_leg0; IP_leg0; Business turnover index_leg0; ESI_leg0; Retail sales_leg0; Energy prices_leg0; Employment_leg0; Stock market_leg0; Cash revenues_leg0","OK",NA
"sg_lasso","Italy","Revenues","2023-10-27",5064.96629192445,NA,0.0132072853040616,0.5,0.388045174797837,12,12,12,2023-10-01,3523.007048553,"Total revenues accrual","Y_lag1; Payroll Mass_leg0; Hours worked_leg0; Hourly earnings_leg0; IP_leg0; Business turnover index_leg0; ESI_leg0; Retail sales_leg0; Energy prices_leg0; Employment_leg0; Stock market_leg0; Cash revenues_leg0","OK",NA
"sg_lasso","Italy","Revenues","2023-11-01",4646.1222606574,NA,0.0132072853040616,0.5,0.388045174797837,12,12,12,2023-11-01,3523.007048553,"Total revenues accrual","Y_lag1; Payroll Mass_leg0; Hours worked_leg0; Hourly earnings_leg0; IP_leg0; Business turnover index_leg0; ESI_leg0; Retail sales_leg0; Energy prices_leg0; Employment_leg0; Stock market_leg0; Cash revenues_leg0","OK",NA
"sg_lasso","Italy","Revenues","2023-11-03",4686.88010504824,NA,0.0132072853040616,0.5,0.388045174797837,12,12,12,2023-11-01,3523.007048553,"Total revenues accrual","Y_lag1; Payroll Mass_leg0; Hours worked_leg0; Hourly earnings_leg0; IP_leg0; Business turnover index_leg0; ESI_leg0; Retail sales_leg0; Energy prices_leg0; Employment_leg0; Stock market_leg0; Cash revenues_leg0","OK",NA
"sg_lasso","Italy","Revenues","2023-11-05",4670.54197266586,NA,0.0132072853040616,0.5,0.388045174797837,12,12,12,2023-11-01,3523.007048553,"Total revenues accrual","Y_lag1; Payroll Mass_leg0; Hours worked_leg0; Hourly earnings_leg0; IP_leg0; Business turnover index_leg0; ESI_leg0; Retail sales_leg0; Energy prices_leg0; Employment_leg0; Stock market_leg0; Cash revenues_leg0","OK",NA
"sg_lasso","Italy","Revenues","2023-11-15",4523.24559077792,NA,0.0132072853040616,0.5,0.388045174797837,12,12,12,2023-11-01,3523.007048553,"Total revenues accrual","Y_lag1; Payroll Mass_leg0; Hours worked_leg0; Hourly earnings_leg0; IP_leg0; Business turnover index_leg0; ESI_leg0; Retail sales_leg0; Energy prices_leg0; Employment_leg0; Stock market_leg0; Cash revenues_leg0","OK",NA
"sg_lasso","Italy","Revenues","2023-11-27",4586.27981285268,NA,0.0132072853040616,0.5,0.388045174797837,12,12,12,2023-11-01,3523.007048553,"Total revenues accrual","Y_lag1; Payroll Mass_leg0; Hours worked_leg0; Hourly earnings_leg0; IP_leg0; Business turnover index_leg0; ESI_leg0; Retail sales_leg0; Energy prices_leg0; Employment_leg0; Stock market_leg0; Cash revenues_leg0","OK",NA
"sg_lasso","Italy","Revenues","2023-11-30",4583.18485105471,NA,0.0132072853040616,0.5,0.388045174797837,12,12,12,2023-11-01,3523.007048553,"Total revenues accrual","Y_lag1; Payroll Mass_leg0; Hours worked_leg0; Hourly earnings_leg0; IP_leg0; Business turnover index_leg0; ESI_leg0; Retail sales_leg0; Energy prices_leg0; Employment_leg0; Stock market_leg0; Cash revenues_leg0","OK",NA
"sg_lasso","Italy","Revenues","2023-12-01",4054.48407635744,NA,0.0132072853040616,0.5,0.388045174797837,12,12,12,2023-12-01,3523.007048553,"Total revenues accrual","Y_lag1; Payroll Mass_leg0; Hours worked_leg0; Hourly earnings_leg0; IP_leg0; Business turnover index_leg0; ESI_leg0; Retail sales_leg0; Energy prices_leg0; Employment_leg0; Stock market_leg0; Cash revenues_leg0","OK",NA
"sg_lasso","Italy","Revenues","2023-12-05",4021.93575046124,NA,0.0132072853040616,0.5,0.388045174797837,12,12,12,2023-12-01,3523.007048553,"Total revenues accrual","Y_lag1; Payroll Mass_leg0; Hours worked_leg0; Hourly earnings_leg0; IP_leg0; Business turnover index_leg0; ESI_leg0; Retail sales_leg0; Energy prices_leg0; Employment_leg0; Stock market_leg0; Cash revenues_leg0","OK",NA
"sg_lasso","Italy","Revenues","2023-12-15",4432.95209679304,NA,0.0132795031727977,0.5,0.375822663866178,12,12,12,2023-12-01,5514.999172743,"Total revenues accrual","Y_lag1; Payroll Mass_leg0; Hours worked_leg0; Hourly earnings_leg0; IP_leg0; Business turnover index_leg0; ESI_leg0; Retail sales_leg0; Energy prices_leg0; Employment_leg0; Stock market_leg0; Cash revenues_leg0","OK",NA
"sg_lasso","Italy","Revenues","2023-12-27",4414.13240129212,NA,0.0132795031727977,0.5,0.377540300533088,12,12,12,2023-12-01,5514.999172743,"Total revenues accrual","Y_lag1; Payroll Mass_leg0; Hours worked_leg0; Hourly earnings_leg0; IP_leg0; Business turnover index_leg0; ESI_leg0; Retail sales_leg0; Energy prices_leg0; Employment_leg0; Stock market_leg0; Cash revenues_leg0","OK",NA
"sg_lasso","Italy","Revenues","2023-12-28",4318.46151278196,NA,0.0132795031727977,0.5,0.376661915369393,12,12,12,2023-12-01,5514.999172743,"Total revenues accrual","Y_lag1; Payroll Mass_leg0; Hours worked_leg0; Hourly earnings_leg0; IP_leg0; Business turnover index_leg0; ESI_leg0; Retail sales_leg0; Energy prices_leg0; Employment_leg0; Stock market_leg0; Cash revenues_leg0","OK",NA
"sg_lasso","Italy","Revenues","2024-01-01",4148.62795139257,NA,0.0132795031727977,0.5,0.376661915369393,12,12,12,2024-01-01,5514.999172743,"Total revenues accrual","Y_lag1; Payroll Mass_leg0; Hours worked_leg0; Hourly earnings_leg0; IP_leg0; Business turnover index_leg0; ESI_leg0; Retail sales_leg0; Energy prices_leg0; Employment_leg0; Stock market_leg0; Cash revenues_leg0","OK",NA
"sg_lasso","Italy","Revenues","2024-01-05",4097.75590294556,NA,0.0132795031727977,0.5,0.376661915369393,12,12,12,2024-01-01,5514.999172743,"Total revenues accrual","Y_lag1; Payroll Mass_leg0; Hours worked_leg0; Hourly earnings_leg0; IP_leg0; Business turnover index_leg0; ESI_leg0; Retail sales_leg0; Energy prices_leg0; Employment_leg0; Stock market_leg0; Cash revenues_leg0","OK",NA
"sg_lasso","Italy","Revenues","2024-01-15",4445.92265366398,NA,0.0132795031727977,0.5,0.376661915369393,12,12,12,2024-01-01,5514.999172743,"Total revenues accrual","Y_lag1; Payroll Mass_leg0; Hours worked_leg0; Hourly earnings_leg0; IP_leg0; Business turnover index_leg0; ESI_leg0; Retail sales_leg0; Energy prices_leg0; Employment_leg0; Stock market_leg0; Cash revenues_leg0","OK",NA
"sg_lasso","Italy","Revenues","2024-01-25",4359.02977604666,NA,0.0132795031727977,0.5,0.376661915369393,12,12,12,2024-01-01,5514.999172743,"Total revenues accrual","Y_lag1; Payroll Mass_leg0; Hours worked_leg0; Hourly earnings_leg0; IP_leg0; Business turnover index_leg0; ESI_leg0; Retail sales_leg0; Energy prices_leg0; Employment_leg0; Stock market_leg0; Cash revenues_leg0","OK",NA
"sg_lasso","Italy","Revenues","2024-01-27",4293.6651211377,NA,0.0132795031727977,0.5,0.376661915369393,12,12,12,2024-01-01,5514.999172743,"Total revenues accrual","Y_lag1; Payroll Mass_leg0; Hours worked_leg0; Hourly earnings_leg0; IP_leg0; Business turnover index_leg0; ESI_leg0; Retail sales_leg0; Energy prices_leg0; Employment_leg0; Stock market_leg0; Cash revenues_leg0","OK",NA
"sg_lasso","Italy","Revenues","2024-02-01",6295.77278986232,NA,0.0132795031727977,0.5,0.376661915369393,12,12,12,2024-02-01,5514.999172743,"Total revenues accrual","Y_lag1; Payroll Mass_leg0; Hours worked_leg0; Hourly earnings_leg0; IP_leg0; Business turnover index_leg0; ESI_leg0; Retail sales_leg0; Energy prices_leg0; Employment_leg0; Stock market_leg0; Cash revenues_leg0","OK",NA
"sg_lasso","Italy","Revenues","2024-02-04",6325.97216124674,NA,0.0132795031727977,0.5,0.376661915369393,12,12,12,2024-02-01,5514.999172743,"Total revenues accrual","Y_lag1; Payroll Mass_leg0; Hours worked_leg0; Hourly earnings_leg0; IP_leg0; Business turnover index_leg0; ESI_leg0; Retail sales_leg0; Energy prices_leg0; Employment_leg0; Stock market_leg0; Cash revenues_leg0","OK",NA
"sg_lasso","Italy","Revenues","2024-02-05",6376.07186645596,NA,0.0132795031727977,0.5,0.376661915369393,12,12,12,2024-02-01,5514.999172743,"Total revenues accrual","Y_lag1; Payroll Mass_leg0; Hours worked_leg0; Hourly earnings_leg0; IP_leg0; Business turnover index_leg0; ESI_leg0; Retail sales_leg0; Energy prices_leg0; Employment_leg0; Stock market_leg0; Cash revenues_leg0","OK",NA
"sg_lasso","Italy","Revenues","2024-02-15",5953.25096486177,NA,0.0132795031727977,0.5,0.376661915369393,12,12,12,2024-02-01,5514.999172743,"Total revenues accrual","Y_lag1; Payroll Mass_leg0; Hours worked_leg0; Hourly earnings_leg0; IP_leg0; Business turnover index_leg0; ESI_leg0; Retail sales_leg0; Energy prices_leg0; Employment_leg0; Stock market_leg0; Cash revenues_leg0","OK",NA
"sg_lasso","Italy","Revenues","2024-02-27",5987.10051829677,NA,0.0132795031727977,0.5,0.376661915369393,12,12,12,2024-02-01,5514.999172743,"Total revenues accrual","Y_lag1; Payroll Mass_leg0; Hours worked_leg0; Hourly earnings_leg0; IP_leg0; Business turnover index_leg0; ESI_leg0; Retail sales_leg0; Energy prices_leg0; Employment_leg0; Stock market_leg0; Cash revenues_leg0","OK",NA
"sg_lasso","Italy","Revenues","2024-02-29",6087.10585785433,NA,0.0132795031727977,0.5,0.376661915369393,12,12,12,2024-02-01,5514.999172743,"Total revenues accrual","Y_lag1; Payroll Mass_leg0; Hours worked_leg0; Hourly earnings_leg0; IP_leg0; Business turnover index_leg0; ESI_leg0; Retail sales_leg0; Energy prices_leg0; Employment_leg0; Stock market_leg0; Cash revenues_leg0","OK",NA
"sg_lasso","Italy","Revenues","2024-03-01",6447.30357284072,NA,0.0132795031727977,0.5,0.376661915369393,12,12,12,2024-03-01,5514.999172743,"Total revenues accrual","Y_lag1; Payroll Mass_leg0; Hours worked_leg0; Hourly earnings_leg0; IP_leg0; Business turnover index_leg0; ESI_leg0; Retail sales_leg0; Energy prices_leg0; Employment_leg0; Stock market_leg0; Cash revenues_leg0","OK",NA
"sg_lasso","Italy","Revenues","2024-03-05",6322.24169210272,NA,0.0132795031727977,0.5,0.376661915369393,12,12,12,2024-03-01,5514.999172743,"Total revenues accrual","Y_lag1; Payroll Mass_leg0; Hours worked_leg0; Hourly earnings_leg0; IP_leg0; Business turnover index_leg0; ESI_leg0; Retail sales_leg0; Energy prices_leg0; Employment_leg0; Stock market_leg0; Cash revenues_leg0","OK",NA
"sg_lasso","Italy","Revenues","2024-03-15",5658.83790523832,NA,0.017208961622939,0.5,0.41218250916494,13,13,13,2024-03-01,-1667.00085450299,"Total revenues accrual","Y_lag1; Payroll Mass_leg0; Hours worked_leg0; Hourly earnings_leg0; IP_leg0; Business turnover index_leg0; ESI_leg0; Retail sales_leg0; HICPX_leg0; Energy prices_leg0; Employment_leg0; Stock market_leg0; Cash revenues_leg0","OK",NA
"sg_lasso","Italy","Revenues","2024-03-27",5804.47473517252,NA,0.017208961622939,0.5,0.407443780069433,13,13,13,2024-03-01,-1667.00085450299,"Total revenues accrual","Y_lag1; Payroll Mass_leg0; Hours worked_leg0; Hourly earnings_leg0; IP_leg0; Business turnover index_leg0; ESI_leg0; Retail sales_leg0; HICPX_leg0; Energy prices_leg0; Employment_leg0; Stock market_leg0; Cash revenues_leg0","OK",NA
"sg_lasso","Italy","Revenues","2024-03-28",5726.29751877917,NA,0.017208961622939,0.5,0.405690403314042,13,13,13,2024-03-01,-1667.00085450299,"Total revenues accrual","Y_lag1; Payroll Mass_leg0; Hours worked_leg0; Hourly earnings_leg0; IP_leg0; Business turnover index_leg0; ESI_leg0; Retail sales_leg0; HICPX_leg0; Energy prices_leg0; Employment_leg0; Stock market_leg0; Cash revenues_leg0","OK",NA
"sg_lasso","Italy","Revenues","2024-04-01",2619.1718780959,NA,0.017208961622939,0.5,0.405690403314042,13,13,13,2024-04-01,-1667.00085450299,"Total revenues accrual","Y_lag1; Payroll Mass_leg0; Hours worked_leg0; Hourly earnings_leg0; IP_leg0; Business turnover index_leg0; ESI_leg0; Retail sales_leg0; HICPX_leg0; Energy prices_leg0; Employment_leg0; Stock market_leg0; Cash revenues_leg0","OK",NA
"sg_lasso","Italy","Revenues","2024-04-05",3096.9543989263,NA,0.017208961622939,0.5,0.405690403314042,13,13,13,2024-04-01,-1667.00085450299,"Total revenues accrual","Y_lag1; Payroll Mass_leg0; Hours worked_leg0; Hourly earnings_leg0; IP_leg0; Business turnover index_leg0; ESI_leg0; Retail sales_leg0; HICPX_leg0; Energy prices_leg0; Employment_leg0; Stock market_leg0; Cash revenues_leg0","OK",NA
"sg_lasso","Italy","Revenues","2024-04-15",3170.66686530937,NA,0.017208961622939,0.5,0.405690403314042,13,13,13,2024-04-01,-1667.00085450299,"Total revenues accrual","Y_lag1; Payroll Mass_leg0; Hours worked_leg0; Hourly earnings_leg0; IP_leg0; Business turnover index_leg0; ESI_leg0; Retail sales_leg0; HICPX_leg0; Energy prices_leg0; Employment_leg0; Stock market_leg0; Cash revenues_leg0","OK",NA
"sg_lasso","Italy","Revenues","2024-04-25",3220.14660941142,NA,0.017208961622939,0.5,0.405690403314042,13,13,13,2024-04-01,-1667.00085450299,"Total revenues accrual","Y_lag1; Payroll Mass_leg0; Hours worked_leg0; Hourly earnings_leg0; IP_leg0; Business turnover index_leg0; ESI_leg0; Retail sales_leg0; HICPX_leg0; Energy prices_leg0; Employment_leg0; Stock market_leg0; Cash revenues_leg0","OK",NA
"sg_lasso","Italy","Revenues","2024-04-27",3274.71535667731,NA,0.017208961622939,0.5,0.405690403314042,13,13,13,2024-04-01,-1667.00085450299,"Total revenues accrual","Y_lag1; Payroll Mass_leg0; Hours worked_leg0; Hourly earnings_leg0; IP_leg0; Business turnover index_leg0; ESI_leg0; Retail sales_leg0; HICPX_leg0; Energy prices_leg0; Employment_leg0; Stock market_leg0; Cash revenues_leg0","OK",NA
"sg_lasso","Italy","Revenues","2024-05-01",-636.869216424675,NA,0.017208961622939,0.5,0.405690403314042,13,13,13,2024-05-01,-1667.00085450299,"Total revenues accrual","Y_lag1; Payroll Mass_leg0; Hours worked_leg0; Hourly earnings_leg0; IP_leg0; Business turnover index_leg0; ESI_leg0; Retail sales_leg0; HICPX_leg0; Energy prices_leg0; Employment_leg0; Stock market_leg0; Cash revenues_leg0","OK",NA
"sg_lasso","Italy","Revenues","2024-05-03",-629.191357761536,NA,0.017208961622939,0.5,0.405690403314042,13,13,13,2024-05-01,-1667.00085450299,"Total revenues accrual","Y_lag1; Payroll Mass_leg0; Hours worked_leg0; Hourly earnings_leg0; IP_leg0; Business turnover index_leg0; ESI_leg0; Retail sales_leg0; HICPX_leg0; Energy prices_leg0; Employment_leg0; Stock market_leg0; Cash revenues_leg0","OK",NA
"sg_lasso","Italy","Revenues","2024-05-05",-949.516307453576,NA,0.017208961622939,0.5,0.405690403314042,13,13,13,2024-05-01,-1667.00085450299,"Total revenues accrual","Y_lag1; Payroll Mass_leg0; Hours worked_leg0; Hourly earnings_leg0; IP_leg0; Business turnover index_leg0; ESI_leg0; Retail sales_leg0; HICPX_leg0; Energy prices_leg0; Employment_leg0; Stock market_leg0; Cash revenues_leg0","OK",NA
"sg_lasso","Italy","Revenues","2024-05-15",-946.283762071191,NA,0.017208961622939,0.5,0.405690403314042,13,13,13,2024-05-01,-1667.00085450299,"Total revenues accrual","Y_lag1; Payroll Mass_leg0; Hours worked_leg0; Hourly earnings_leg0; IP_leg0; Business turnover index_leg0; ESI_leg0; Retail sales_leg0; HICPX_leg0; Energy prices_leg0; Employment_leg0; Stock market_leg0; Cash revenues_leg0","OK",NA
"sg_lasso","Italy","Revenues","2024-05-27",-985.377611539904,NA,0.017208961622939,0.5,0.405690403314042,13,13,13,2024-05-01,-1667.00085450299,"Total revenues accrual","Y_lag1; Payroll Mass_leg0; Hours worked_leg0; Hourly earnings_leg0; IP_leg0; Business turnover index_leg0; ESI_leg0; Retail sales_leg0; HICPX_leg0; Energy prices_leg0; Employment_leg0; Stock market_leg0; Cash revenues_leg0","OK",NA
"sg_lasso","Italy","Revenues","2024-05-30",-1005.60977723644,NA,0.017208961622939,0.5,0.405690403314042,13,13,13,2024-05-01,-1667.00085450299,"Total revenues accrual","Y_lag1; Payroll Mass_leg0; Hours worked_leg0; Hourly earnings_leg0; IP_leg0; Business turnover index_leg0; ESI_leg0; Retail sales_leg0; HICPX_leg0; Energy prices_leg0; Employment_leg0; Stock market_leg0; Cash revenues_leg0","OK",NA
"sg_lasso","Italy","Revenues","2024-06-01",-1092.39453283577,NA,0.017208961622939,0.5,0.405690403314042,13,13,13,2024-06-01,-1667.00085450299,"Total revenues accrual","Y_lag1; Payroll Mass_leg0; Hours worked_leg0; Hourly earnings_leg0; IP_leg0; Business turnover index_leg0; ESI_leg0; Retail sales_leg0; HICPX_leg0; Energy prices_leg0; Employment_leg0; Stock market_leg0; Cash revenues_leg0","OK",NA
"sg_lasso","Italy","Revenues","2024-06-05",-980.631140687113,NA,0.017208961622939,0.5,0.405690403314042,13,13,13,2024-06-01,-1667.00085450299,"Total revenues accrual","Y_lag1; Payroll Mass_leg0; Hours worked_leg0; Hourly earnings_leg0; IP_leg0; Business turnover index_leg0; ESI_leg0; Retail sales_leg0; HICPX_leg0; Energy prices_leg0; Employment_leg0; Stock market_leg0; Cash revenues_leg0","OK",NA
"sg_lasso","Italy","Revenues","2024-06-06",-1016.04385292068,NA,0.017208961622939,0.5,0.405690403314042,13,13,13,2024-06-01,-1667.00085450299,"Total revenues accrual","Y_lag1; Payroll Mass_leg0; Hours worked_leg0; Hourly earnings_leg0; IP_leg0; Business turnover index_leg0; ESI_leg0; Retail sales_leg0; HICPX_leg0; Energy prices_leg0; Employment_leg0; Stock market_leg0; Cash revenues_leg0","OK",NA
"sg_lasso","Italy","Revenues","2024-06-15",1135.61663061731,NA,0.0207008410049419,0.5,0.420219259959207,13,13,13,2024-06-01,-107.676327972993,"Total revenues accrual","Y_lag1; Payroll Mass_leg0; Hours worked_leg0; Hourly earnings_leg0; IP_leg0; Business turnover index_leg0; ESI_leg0; Retail sales_leg0; HICPX_leg0; Energy prices_leg0; Employment_leg0; Stock market_leg0; Cash revenues_leg0","OK",NA
"sg_lasso","Italy","Revenues","2024-06-27",1195.40603252734,NA,0.0207008410049419,0.5,0.418621026359913,13,13,13,2024-06-01,-107.676327972993,"Total revenues accrual","Y_lag1; Payroll Mass_leg0; Hours worked_leg0; Hourly earnings_leg0; IP_leg0; Business turnover index_leg0; ESI_leg0; Retail sales_leg0; HICPX_leg0; Energy prices_leg0; Employment_leg0; Stock market_leg0; Cash revenues_leg0","OK",NA
"sg_lasso","Italy","Revenues","2024-07-01",5013.60988017203,NA,0.0207008410049419,0.5,0.418621026359913,13,13,13,2024-07-01,-107.676327972993,"Total revenues accrual","Y_lag1; Payroll Mass_leg0; Hours worked_leg0; Hourly earnings_leg0; IP_leg0; Business turnover index_leg0; ESI_leg0; Retail sales_leg0; HICPX_leg0; Energy prices_leg0; Employment_leg0; Stock market_leg0; Cash revenues_leg0","OK",NA
"sg_lasso","Italy","Revenues","2024-07-05",5050.34377836336,NA,0.0207008410049419,0.5,0.418621026359913,13,13,13,2024-07-01,-107.676327972993,"Total revenues accrual","Y_lag1; Payroll Mass_leg0; Hours worked_leg0; Hourly earnings_leg0; IP_leg0; Business turnover index_leg0; ESI_leg0; Retail sales_leg0; HICPX_leg0; Energy prices_leg0; Employment_leg0; Stock market_leg0; Cash revenues_leg0","OK",NA
"sg_lasso","Italy","Revenues","2024-07-15",5563.71487355446,NA,0.0207008410049419,0.5,0.418621026359913,13,13,13,2024-07-01,-107.676327972993,"Total revenues accrual","Y_lag1; Payroll Mass_leg0; Hours worked_leg0; Hourly earnings_leg0; IP_leg0; Business turnover index_leg0; ESI_leg0; Retail sales_leg0; HICPX_leg0; Energy prices_leg0; Employment_leg0; Stock market_leg0; Cash revenues_leg0","OK",NA
"sg_lasso","Italy","Revenues","2024-07-25",5544.40145281311,NA,0.0207008410049419,0.5,0.418621026359913,13,13,13,2024-07-01,-107.676327972993,"Total revenues accrual","Y_lag1; Payroll Mass_leg0; Hours worked_leg0; Hourly earnings_leg0; IP_leg0; Business turnover index_leg0; ESI_leg0; Retail sales_leg0; HICPX_leg0; Energy prices_leg0; Employment_leg0; Stock market_leg0; Cash revenues_leg0","OK",NA
"sg_lasso","Italy","Revenues","2024-07-27",5501.79453252389,NA,0.0207008410049419,0.5,0.418621026359913,13,13,13,2024-07-01,-107.676327972993,"Total revenues accrual","Y_lag1; Payroll Mass_leg0; Hours worked_leg0; Hourly earnings_leg0; IP_leg0; Business turnover index_leg0; ESI_leg0; Retail sales_leg0; HICPX_leg0; Energy prices_leg0; Employment_leg0; Stock market_leg0; Cash revenues_leg0","OK",NA
"sg_lasso","Italy","Revenues","2024-08-01",10475.1667658326,NA,0.0207008410049419,0.5,0.418621026359913,13,13,13,2024-08-01,-107.676327972993,"Total revenues accrual","Y_lag1; Payroll Mass_leg0; Hours worked_leg0; Hourly earnings_leg0; IP_leg0; Business turnover index_leg0; ESI_leg0; Retail sales_leg0; HICPX_leg0; Energy prices_leg0; Employment_leg0; Stock market_leg0; Cash revenues_leg0","OK",NA
"sg_lasso","Italy","Revenues","2024-08-04",10456.3725913691,NA,0.0207008410049419,0.5,0.418621026359913,13,13,13,2024-08-01,-107.676327972993,"Total revenues accrual","Y_lag1; Payroll Mass_leg0; Hours worked_leg0; Hourly earnings_leg0; IP_leg0; Business turnover index_leg0; ESI_leg0; Retail sales_leg0; HICPX_leg0; Energy prices_leg0; Employment_leg0; Stock market_leg0; Cash revenues_leg0","OK",NA
"sg_lasso","Italy","Revenues","2024-08-05",10419.5594428262,NA,0.0207008410049419,0.5,0.418621026359913,13,13,13,2024-08-01,-107.676327972993,"Total revenues accrual","Y_lag1; Payroll Mass_leg0; Hours worked_leg0; Hourly earnings_leg0; IP_leg0; Business turnover index_leg0; ESI_leg0; Retail sales_leg0; HICPX_leg0; Energy prices_leg0; Employment_leg0; Stock market_leg0; Cash revenues_leg0","OK",NA
"sg_lasso","Italy","Revenues","2024-08-15",10441.6090216262,NA,0.0207008410049419,0.5,0.418621026359913,13,13,13,2024-08-01,-107.676327972993,"Total revenues accrual","Y_lag1; Payroll Mass_leg0; Hours worked_leg0; Hourly earnings_leg0; IP_leg0; Business turnover index_leg0; ESI_leg0; Retail sales_leg0; HICPX_leg0; Energy prices_leg0; Employment_leg0; Stock market_leg0; Cash revenues_leg0","OK",NA
"sg_lasso","Italy","Revenues","2024-08-27",10477.196961117,NA,0.0207008410049419,0.5,0.418621026359913,13,13,13,2024-08-01,-107.676327972993,"Total revenues accrual","Y_lag1; Payroll Mass_leg0; Hours worked_leg0; Hourly earnings_leg0; IP_leg0; Business turnover index_leg0; ESI_leg0; Retail sales_leg0; HICPX_leg0; Energy prices_leg0; Employment_leg0; Stock market_leg0; Cash revenues_leg0","OK",NA
"sg_lasso","Italy","Revenues","2024-08-29",10546.6119190585,NA,0.0207008410049419,0.5,0.418621026359913,13,13,13,2024-08-01,-107.676327972993,"Total revenues accrual","Y_lag1; Payroll Mass_leg0; Hours worked_leg0; Hourly earnings_leg0; IP_leg0; Business turnover index_leg0; ESI_leg0; Retail sales_leg0; HICPX_leg0; Energy prices_leg0; Employment_leg0; Stock market_leg0; Cash revenues_leg0","OK",NA
"sg_lasso","Italy","Revenues","2024-09-01",10422.7170376276,NA,0.0207008410049419,0.5,0.418621026359913,13,13,13,2024-09-01,-107.676327972993,"Total revenues accrual","Y_lag1; Payroll Mass_leg0; Hours worked_leg0; Hourly earnings_leg0; IP_leg0; Business turnover index_leg0; ESI_leg0; Retail sales_leg0; HICPX_leg0; Energy prices_leg0; Employment_leg0; Stock market_leg0; Cash revenues_leg0","OK",NA
"sg_lasso","Italy","Revenues","2024-09-05",10389.7937850115,NA,0.0207008410049419,0.5,0.418621026359913,13,13,13,2024-09-01,-107.676327972993,"Total revenues accrual","Y_lag1; Payroll Mass_leg0; Hours worked_leg0; Hourly earnings_leg0; IP_leg0; Business turnover index_leg0; ESI_leg0; Retail sales_leg0; HICPX_leg0; Energy prices_leg0; Employment_leg0; Stock market_leg0; Cash revenues_leg0","OK",NA
"sg_lasso","Italy","Revenues","2024-09-07",10496.6703382941,NA,0.0207008410049419,0.5,0.418621026359913,13,13,13,2024-09-01,-107.676327972993,"Total revenues accrual","Y_lag1; Payroll Mass_leg0; Hours worked_leg0; Hourly earnings_leg0; IP_leg0; Business turnover index_leg0; ESI_leg0; Retail sales_leg0; HICPX_leg0; Energy prices_leg0; Employment_leg0; Stock market_leg0; Cash revenues_leg0","OK",NA
"sg_lasso","Italy","Revenues","2024-09-15",4433.97202823957,NA,0.0204635235982248,0.5,0.39940686625202,13,13,13,2024-09-01,8870.98826010496,"Total revenues accrual","Y_lag1; Payroll Mass_leg0; Hours worked_leg0; Hourly earnings_leg0; IP_leg0; Business turnover index_leg0; ESI_leg0; Retail sales_leg0; HICPX_leg0; Energy prices_leg0; Employment_leg0; Stock market_leg0; Cash revenues_leg0","OK",NA
"sg_lasso","Italy","Revenues","2024-09-26",4399.49372325532,NA,0.0204635235982248,0.5,0.399295041487151,13,13,13,2024-09-01,8870.98826010496,"Total revenues accrual","Y_lag1; Payroll Mass_leg0; Hours worked_leg0; Hourly earnings_leg0; IP_leg0; Business turnover index_leg0; ESI_leg0; Retail sales_leg0; HICPX_leg0; Energy prices_leg0; Employment_leg0; Stock market_leg0; Cash revenues_leg0","OK",NA
"sg_lasso","Italy","Revenues","2024-09-27",4394.43223601884,NA,0.0204635235982248,0.5,0.398656119866558,13,13,13,2024-09-01,8870.98826010496,"Total revenues accrual","Y_lag1; Payroll Mass_leg0; Hours worked_leg0; Hourly earnings_leg0; IP_leg0; Business turnover index_leg0; ESI_leg0; Retail sales_leg0; HICPX_leg0; Energy prices_leg0; Employment_leg0; Stock market_leg0; Cash revenues_leg0","OK",NA
"sg_lasso","Italy","Revenues","2024-10-01",1956.41158240573,NA,0.0204635235982248,0.5,0.398656119866558,13,13,13,2024-10-01,8870.98826010496,"Total revenues accrual","Y_lag1; Payroll Mass_leg0; Hours worked_leg0; Hourly earnings_leg0; IP_leg0; Business turnover index_leg0; ESI_leg0; Retail sales_leg0; HICPX_leg0; Energy prices_leg0; Employment_leg0; Stock market_leg0; Cash revenues_leg0","OK",NA
"sg_lasso","Italy","Revenues","2024-10-02",1884.43232638778,NA,0.0204635235982248,0.5,0.398656119866558,13,13,13,2024-10-01,8870.98826010496,"Total revenues accrual","Y_lag1; Payroll Mass_leg0; Hours worked_leg0; Hourly earnings_leg0; IP_leg0; Business turnover index_leg0; ESI_leg0; Retail sales_leg0; HICPX_leg0; Energy prices_leg0; Employment_leg0; Stock market_leg0; Cash revenues_leg0","OK",NA
"sg_lasso","Italy","Revenues","2024-10-05",1986.06939019273,NA,0.0204635235982248,0.5,0.398656119866558,13,13,13,2024-10-01,8870.98826010496,"Total revenues accrual","Y_lag1; Payroll Mass_leg0; Hours worked_leg0; Hourly earnings_leg0; IP_leg0; Business turnover index_leg0; ESI_leg0; Retail sales_leg0; HICPX_leg0; Energy prices_leg0; Employment_leg0; Stock market_leg0; Cash revenues_leg0","OK",NA
"sg_lasso","Italy","Revenues","2024-10-15",1846.71351260505,NA,0.0204635235982248,0.5,0.398656119866558,13,13,13,2024-10-01,8870.98826010496,"Total revenues accrual","Y_lag1; Payroll Mass_leg0; Hours worked_leg0; Hourly earnings_leg0; IP_leg0; Business turnover index_leg0; ESI_leg0; Retail sales_leg0; HICPX_leg0; Energy prices_leg0; Employment_leg0; Stock market_leg0; Cash revenues_leg0","OK",NA
"sg_lasso","Italy","Revenues","2024-10-27",1871.61173833719,NA,0.0204635235982248,0.5,0.398656119866558,13,13,13,2024-10-01,8870.98826010496,"Total revenues accrual","Y_lag1; Payroll Mass_leg0; Hours worked_leg0; Hourly earnings_leg0; IP_leg0; Business turnover index_leg0; ESI_leg0; Retail sales_leg0; HICPX_leg0; Energy prices_leg0; Employment_leg0; Stock market_leg0; Cash revenues_leg0","OK",NA
"sg_lasso","Italy","Revenues","2024-10-31",1907.89284118076,NA,0.0204635235982248,0.5,0.398656119866558,13,13,13,2024-10-01,8870.98826010496,"Total revenues accrual","Y_lag1; Payroll Mass_leg0; Hours worked_leg0; Hourly earnings_leg0; IP_leg0; Business turnover index_leg0; ESI_leg0; Retail sales_leg0; HICPX_leg0; Energy prices_leg0; Employment_leg0; Stock market_leg0; Cash revenues_leg0","OK",NA
"sg_lasso","Italy","Revenues","2024-11-01",-888.911976904023,NA,0.0204635235982248,0.5,0.398656119866558,13,13,13,2024-11-01,8870.98826010496,"Total revenues accrual","Y_lag1; Payroll Mass_leg0; Hours worked_leg0; Hourly earnings_leg0; IP_leg0; Business turnover index_leg0; ESI_leg0; Retail sales_leg0; HICPX_leg0; Energy prices_leg0; Employment_leg0; Stock market_leg0; Cash revenues_leg0","OK",NA
"sg_lasso","Italy","Revenues","2024-11-05",-1007.49671876528,NA,0.0204635235982248,0.5,0.398656119866558,13,13,13,2024-11-01,8870.98826010496,"Total revenues accrual","Y_lag1; Payroll Mass_leg0; Hours worked_leg0; Hourly earnings_leg0; IP_leg0; Business turnover index_leg0; ESI_leg0; Retail sales_leg0; HICPX_leg0; Energy prices_leg0; Employment_leg0; Stock market_leg0; Cash revenues_leg0","OK",NA
"sg_lasso","Italy","Revenues","2024-11-15",-983.902449435792,NA,0.0204635235982248,0.5,0.398656119866558,13,13,13,2024-11-01,8870.98826010496,"Total revenues accrual","Y_lag1; Payroll Mass_leg0; Hours worked_leg0; Hourly earnings_leg0; IP_leg0; Business turnover index_leg0; ESI_leg0; Retail sales_leg0; HICPX_leg0; Energy prices_leg0; Employment_leg0; Stock market_leg0; Cash revenues_leg0","OK",NA
"sg_lasso","Italy","Revenues","2024-11-27",-1006.84579450116,NA,0.0204635235982248,0.5,0.398656119866558,13,13,13,2024-11-01,8870.98826010496,"Total revenues accrual","Y_lag1; Payroll Mass_leg0; Hours worked_leg0; Hourly earnings_leg0; IP_leg0; Business turnover index_leg0; ESI_leg0; Retail sales_leg0; HICPX_leg0; Energy prices_leg0; Employment_leg0; Stock market_leg0; Cash revenues_leg0","OK",NA
"sg_lasso","Italy","Revenues","2024-11-28",-981.698482769124,NA,0.0204635235982248,0.5,0.398656119866558,13,13,13,2024-11-01,8870.98826010496,"Total revenues accrual","Y_lag1; Payroll Mass_leg0; Hours worked_leg0; Hourly earnings_leg0; IP_leg0; Business turnover index_leg0; ESI_leg0; Retail sales_leg0; HICPX_leg0; Energy prices_leg0; Employment_leg0; Stock market_leg0; Cash revenues_leg0","OK",NA
"sg_lasso","Italy","Revenues","2024-12-01",-567.460627511401,NA,0.0204635235982248,0.5,0.398656119866558,13,13,13,2024-12-01,8870.98826010496,"Total revenues accrual","Y_lag1; Payroll Mass_leg0; Hours worked_leg0; Hourly earnings_leg0; IP_leg0; Business turnover index_leg0; ESI_leg0; Retail sales_leg0; HICPX_leg0; Energy prices_leg0; Employment_leg0; Stock market_leg0; Cash revenues_leg0","OK",NA
"sg_lasso","Italy","Revenues","2024-12-05",-523.387041901151,NA,0.0204635235982248,0.5,0.398656119866558,13,13,13,2024-12-01,8870.98826010496,"Total revenues accrual","Y_lag1; Payroll Mass_leg0; Hours worked_leg0; Hourly earnings_leg0; IP_leg0; Business turnover index_leg0; ESI_leg0; Retail sales_leg0; HICPX_leg0; Energy prices_leg0; Employment_leg0; Stock market_leg0; Cash revenues_leg0","OK",NA
"sg_lasso","Italy","Revenues","2024-12-07",-468.243339919418,NA,0.0204635235982248,0.5,0.398656119866558,13,13,13,2024-12-01,8870.98826010496,"Total revenues accrual","Y_lag1; Payroll Mass_leg0; Hours worked_leg0; Hourly earnings_leg0; IP_leg0; Business turnover index_leg0; ESI_leg0; Retail sales_leg0; HICPX_leg0; Energy prices_leg0; Employment_leg0; Stock market_leg0; Cash revenues_leg0","OK",NA
"sg_lasso","Italy","Revenues","2024-12-15",5491.98438374518,NA,0.0204616801680492,0.5,0.405522596073664,13,13,13,2024-12-01,2825.94577286905,"Total revenues accrual","Y_lag1; Payroll Mass_leg0; Hours worked_leg0; Hourly earnings_leg0; IP_leg0; Business turnover index_leg0; ESI_leg0; Retail sales_leg0; HICPX_leg0; Energy prices_leg0; Employment_leg0; Stock market_leg0; Cash revenues_leg0","OK",NA
"sg_lasso","Italy","Revenues","2024-12-26",5530.1416655136,NA,0.0204616801680492,0.5,0.40524741535054,13,13,13,2024-12-01,2825.94577286905,"Total revenues accrual","Y_lag1; Payroll Mass_leg0; Hours worked_leg0; Hourly earnings_leg0; IP_leg0; Business turnover index_leg0; ESI_leg0; Retail sales_leg0; HICPX_leg0; Energy prices_leg0; Employment_leg0; Stock market_leg0; Cash revenues_leg0","OK",NA
"sg_lasso","Italy","Revenues","2024-12-27",5518.62019232408,NA,0.0204616801680492,0.5,0.405403032476568,13,13,13,2024-12-01,2825.94577286905,"Total revenues accrual","Y_lag1; Payroll Mass_leg0; Hours worked_leg0; Hourly earnings_leg0; IP_leg0; Business turnover index_leg0; ESI_leg0; Retail sales_leg0; HICPX_leg0; Energy prices_leg0; Employment_leg0; Stock market_leg0; Cash revenues_leg0","OK",NA
"sg_lasso","Italy","Revenues","2025-01-01",9138.79374712956,NA,0.0204616801680492,0.5,0.405403032476568,13,13,13,2025-01-01,2825.94577286905,"Total revenues accrual","Y_lag1; Payroll Mass_leg0; Hours worked_leg0; Hourly earnings_leg0; IP_leg0; Business turnover index_leg0; ESI_leg0; Retail sales_leg0; HICPX_leg0; Energy prices_leg0; Employment_leg0; Stock market_leg0; Cash revenues_leg0","OK",NA
"sg_lasso","Italy","Revenues","2025-01-03",9088.07059349925,NA,0.0204616801680492,0.5,0.405403032476568,13,13,13,2025-01-01,2825.94577286905,"Total revenues accrual","Y_lag1; Payroll Mass_leg0; Hours worked_leg0; Hourly earnings_leg0; IP_leg0; Business turnover index_leg0; ESI_leg0; Retail sales_leg0; HICPX_leg0; Energy prices_leg0; Employment_leg0; Stock market_leg0; Cash revenues_leg0","OK",NA
"sg_lasso","Italy","Revenues","2025-01-05",9134.53491123606,NA,0.0204616801680492,0.5,0.405403032476568,13,13,13,2025-01-01,2825.94577286905,"Total revenues accrual","Y_lag1; Payroll Mass_leg0; Hours worked_leg0; Hourly earnings_leg0; IP_leg0; Business turnover index_leg0; ESI_leg0; Retail sales_leg0; HICPX_leg0; Energy prices_leg0; Employment_leg0; Stock market_leg0; Cash revenues_leg0","OK",NA
"sg_lasso","Italy","Revenues","2025-01-15",8827.25554480495,NA,0.0204616801680492,0.5,0.405403032476568,13,13,13,2025-01-01,2825.94577286905,"Total revenues accrual","Y_lag1; Payroll Mass_leg0; Hours worked_leg0; Hourly earnings_leg0; IP_leg0; Business turnover index_leg0; ESI_leg0; Retail sales_leg0; HICPX_leg0; Energy prices_leg0; Employment_leg0; Stock market_leg0; Cash revenues_leg0","OK",NA
"sg_lasso","Italy","Revenues","2025-01-27",8810.1768340492,NA,0.0204616801680492,0.5,0.405403032476568,13,13,13,2025-01-01,2825.94577286905,"Total revenues accrual","Y_lag1; Payroll Mass_leg0; Hours worked_leg0; Hourly earnings_leg0; IP_leg0; Business turnover index_leg0; ESI_leg0; Retail sales_leg0; HICPX_leg0; Energy prices_leg0; Employment_leg0; Stock market_leg0; Cash revenues_leg0","OK",NA
"sg_lasso","Italy","Revenues","2025-01-30",8712.79859231511,NA,0.0204616801680492,0.5,0.405403032476568,13,13,13,2025-01-01,2825.94577286905,"Total revenues accrual","Y_lag1; Payroll Mass_leg0; Hours worked_leg0; Hourly earnings_leg0; IP_leg0; Business turnover index_leg0; ESI_leg0; Retail sales_leg0; HICPX_leg0; Energy prices_leg0; Employment_leg0; Stock market_leg0; Cash revenues_leg0","OK",NA
"sg_lasso","Italy","Revenues","2025-02-01",11474.2620691303,NA,0.0204616801680492,0.5,0.405403032476568,13,13,13,2025-02-01,2825.94577286905,"Total revenues accrual","Y_lag1; Payroll Mass_leg0; Hours worked_leg0; Hourly earnings_leg0; IP_leg0; Business turnover index_leg0; ESI_leg0; Retail sales_leg0; HICPX_leg0; Energy prices_leg0; Employment_leg0; Stock market_leg0; Cash revenues_leg0","OK",NA
"sg_lasso","Italy","Revenues","2025-02-05",11312.2899226426,NA,0.0204616801680492,0.5,0.405403032476568,13,13,13,2025-02-01,2825.94577286905,"Total revenues accrual","Y_lag1; Payroll Mass_leg0; Hours worked_leg0; Hourly earnings_leg0; IP_leg0; Business turnover index_leg0; ESI_leg0; Retail sales_leg0; HICPX_leg0; Energy prices_leg0; Employment_leg0; Stock market_leg0; Cash revenues_leg0","OK",NA
"sg_lasso","Italy","Revenues","2025-02-06",11314.4627721289,NA,0.0204616801680492,0.5,0.405403032476568,13,13,13,2025-02-01,2825.94577286905,"Total revenues accrual","Y_lag1; Payroll Mass_leg0; Hours worked_leg0; Hourly earnings_leg0; IP_leg0; Business turnover index_leg0; ESI_leg0; Retail sales_leg0; HICPX_leg0; Energy prices_leg0; Employment_leg0; Stock market_leg0; Cash revenues_leg0","OK",NA
"sg_lasso","Italy","Revenues","2025-02-15",11231.6564023258,NA,0.0204616801680492,0.5,0.405403032476568,13,13,13,2025-02-01,2825.94577286905,"Total revenues accrual","Y_lag1; Payroll Mass_leg0; Hours worked_leg0; Hourly earnings_leg0; IP_leg0; Business turnover index_leg0; ESI_leg0; Retail sales_leg0; HICPX_leg0; Energy prices_leg0; Employment_leg0; Stock market_leg0; Cash revenues_leg0","OK",NA
"sg_lasso","Italy","Revenues","2025-02-27",11265.6556052808,NA,0.0204616801680492,0.5,0.405403032476568,13,13,13,2025-02-01,2825.94577286905,"Total revenues accrual","Y_lag1; Payroll Mass_leg0; Hours worked_leg0; Hourly earnings_leg0; IP_leg0; Business turnover index_leg0; ESI_leg0; Retail sales_leg0; HICPX_leg0; Energy prices_leg0; Employment_leg0; Stock market_leg0; Cash revenues_leg0","OK",NA
"sg_lasso","Italy","Revenues","2025-03-01",10199.5950346306,NA,0.0204616801680492,0.5,0.405403032476568,13,13,13,2025-03-01,2825.94577286905,"Total revenues accrual","Y_lag1; Payroll Mass_leg0; Hours worked_leg0; Hourly earnings_leg0; IP_leg0; Business turnover index_leg0; ESI_leg0; Retail sales_leg0; HICPX_leg0; Energy prices_leg0; Employment_leg0; Stock market_leg0; Cash revenues_leg0","OK",NA
"sg_lasso","Italy","Revenues","2025-03-05",10473.0811604161,NA,0.0204616801680492,0.5,0.405403032476568,13,13,13,2025-03-01,2825.94577286905,"Total revenues accrual","Y_lag1; Payroll Mass_leg0; Hours worked_leg0; Hourly earnings_leg0; IP_leg0; Business turnover index_leg0; ESI_leg0; Retail sales_leg0; HICPX_leg0; Energy prices_leg0; Employment_leg0; Stock market_leg0; Cash revenues_leg0","OK",NA
"sg_lasso","Italy","Revenues","2025-03-06",10468.4557670325,NA,0.0204616801680492,0.5,0.405403032476568,13,13,13,2025-03-01,2825.94577286905,"Total revenues accrual","Y_lag1; Payroll Mass_leg0; Hours worked_leg0; Hourly earnings_leg0; IP_leg0; Business turnover index_leg0; ESI_leg0; Retail sales_leg0; HICPX_leg0; Energy prices_leg0; Employment_leg0; Stock market_leg0; Cash revenues_leg0","OK",NA
"sg_lasso","Italy","Revenues","2025-03-15",3578.41439270247,NA,0.0184869900342672,0.5,0.440098877893778,13,13,13,2025-03-01,-2272.18961520004,"Total revenues accrual","Y_lag1; Payroll Mass_leg0; Hours worked_leg0; Hourly earnings_leg0; IP_leg0; Business turnover index_leg0; ESI_leg0; Retail sales_leg0; HICPX_leg0; Energy prices_leg0; Employment_leg0; Stock market_leg0; Cash revenues_leg0","OK",NA
"sg_lasso","Italy","Revenues","2025-03-27",3790.69522885031,NA,0.0168446567919024,0.5,0.426050876635045,11,11,11,2025-03-01,-2272.18961520004,"Total revenues accrual","Y_lag1; Hours worked_leg0; Hourly earnings_leg0; IP_leg0; ESI_leg0; Retail sales_leg0; HICPX_leg0; Energy prices_leg0; Employment_leg0; Stock market_leg0; Cash revenues_leg0","OK",NA
"sg_lasso","Italy","Revenues","2025-04-01",3682.48957166409,NA,0.0168446567919024,0.5,0.426050876635045,11,11,11,2025-04-01,-2272.18961520004,"Total revenues accrual","Y_lag1; Hours worked_leg0; Hourly earnings_leg0; IP_leg0; ESI_leg0; Retail sales_leg0; HICPX_leg0; Energy prices_leg0; Employment_leg0; Stock market_leg0; Cash revenues_leg0","OK",NA
"sg_lasso","Italy","Revenues","2025-04-02",3678.21376804189,NA,0.0168446567919024,0.5,0.426050876635045,11,11,11,2025-04-01,-2272.18961520004,"Total revenues accrual","Y_lag1; Hours worked_leg0; Hourly earnings_leg0; IP_leg0; ESI_leg0; Retail sales_leg0; HICPX_leg0; Energy prices_leg0; Employment_leg0; Stock market_leg0; Cash revenues_leg0","OK",NA
"sg_lasso","Italy","Revenues","2025-04-05",3678.21376804189,NA,0.0168446567919024,0.5,0.426050876635045,11,11,11,2025-04-01,-2272.18961520004,"Total revenues accrual","Y_lag1; Hours worked_leg0; Hourly earnings_leg0; IP_leg0; ESI_leg0; Retail sales_leg0; HICPX_leg0; Energy prices_leg0; Employment_leg0; Stock market_leg0; Cash revenues_leg0","OK",NA
"sg_lasso","Italy","Revenues","2025-04-15",3563.95379189663,NA,0.0168446567919024,0.5,0.426050876635045,11,11,11,2025-04-01,-2272.18961520004,"Total revenues accrual","Y_lag1; Hours worked_leg0; Hourly earnings_leg0; IP_leg0; ESI_leg0; Retail sales_leg0; HICPX_leg0; Energy prices_leg0; Employment_leg0; Stock market_leg0; Cash revenues_leg0","OK",NA
"sg_lasso","Italy","Revenues","2025-04-24",3663.42635903233,NA,0.0168446567919024,0.5,0.426050876635045,11,11,11,2025-04-01,-2272.18961520004,"Total revenues accrual","Y_lag1; Hours worked_leg0; Hourly earnings_leg0; IP_leg0; ESI_leg0; Retail sales_leg0; HICPX_leg0; Energy prices_leg0; Employment_leg0; Stock market_leg0; Cash revenues_leg0","OK",NA
"sg_lasso","Italy","Revenues","2025-04-27",3842.694356744,NA,0.0168446567919024,0.5,0.426050876635045,11,11,11,2025-04-01,-2272.18961520004,"Total revenues accrual","Y_lag1; Hours worked_leg0; Hourly earnings_leg0; IP_leg0; ESI_leg0; Retail sales_leg0; HICPX_leg0; Energy prices_leg0; Employment_leg0; Stock market_leg0; Cash revenues_leg0","OK",NA
"sg_lasso","Italy","Revenues","2025-05-01",5035.34827508742,NA,0.0168446567919024,0.5,0.426050876635045,11,11,11,2025-05-01,-2272.18961520004,"Total revenues accrual","Y_lag1; Hours worked_leg0; Hourly earnings_leg0; IP_leg0; ESI_leg0; Retail sales_leg0; HICPX_leg0; Energy prices_leg0; Employment_leg0; Stock market_leg0; Cash revenues_leg0","OK",NA
"sg_lasso","Italy","Revenues","2025-05-04",5031.67838614778,NA,0.0168446567919024,0.5,0.426050876635045,11,11,11,2025-05-01,-2272.18961520004,"Total revenues accrual","Y_lag1; Hours worked_leg0; Hourly earnings_leg0; IP_leg0; ESI_leg0; Retail sales_leg0; HICPX_leg0; Energy prices_leg0; Employment_leg0; Stock market_leg0; Cash revenues_leg0","OK",NA
"sg_lasso","Italy","Revenues","2025-05-05",5031.67838614778,NA,0.0168446567919024,0.5,0.426050876635045,11,11,11,2025-05-01,-2272.18961520004,"Total revenues accrual","Y_lag1; Hours worked_leg0; Hourly earnings_leg0; IP_leg0; ESI_leg0; Retail sales_leg0; HICPX_leg0; Energy prices_leg0; Employment_leg0; Stock market_leg0; Cash revenues_leg0","OK",NA
"sg_lasso","Italy","Revenues","2025-05-15",5080.02812168178,NA,0.0168446567919024,0.5,0.426050876635045,11,11,11,2025-05-01,-2272.18961520004,"Total revenues accrual","Y_lag1; Hours worked_leg0; Hourly earnings_leg0; IP_leg0; ESI_leg0; Retail sales_leg0; HICPX_leg0; Energy prices_leg0; Employment_leg0; Stock market_leg0; Cash revenues_leg0","OK",NA
"sg_lasso","Italy","Revenues","2025-05-27",4787.97167276821,NA,0.0168446567919024,0.5,0.426050876635045,11,11,11,2025-05-01,-2272.18961520004,"Total revenues accrual","Y_lag1; Hours worked_leg0; Hourly earnings_leg0; IP_leg0; ESI_leg0; Retail sales_leg0; HICPX_leg0; Energy prices_leg0; Employment_leg0; Stock market_leg0; Cash revenues_leg0","OK",NA
"sg_lasso","Italy","Revenues","2025-05-29",4640.33806228063,NA,0.0168446567919024,0.5,0.426050876635045,11,11,11,2025-05-01,-2272.18961520004,"Total revenues accrual","Y_lag1; Hours worked_leg0; Hourly earnings_leg0; IP_leg0; ESI_leg0; Retail sales_leg0; HICPX_leg0; Energy prices_leg0; Employment_leg0; Stock market_leg0; Cash revenues_leg0","OK",NA
"sg_lasso","Italy","Revenues","2025-06-01",4767.32349655894,NA,0.0168446567919024,0.5,0.426050876635045,11,11,11,2025-06-01,-2272.18961520004,"Total revenues accrual","Y_lag1; Hours worked_leg0; Hourly earnings_leg0; IP_leg0; ESI_leg0; Retail sales_leg0; HICPX_leg0; Energy prices_leg0; Employment_leg0; Stock market_leg0; Cash revenues_leg0","OK",NA
"sg_lasso","Italy","Revenues","2025-06-05",4767.32349655894,NA,0.0168446567919024,0.5,0.426050876635045,11,11,11,2025-06-01,-2272.18961520004,"Total revenues accrual","Y_lag1; Hours worked_leg0; Hourly earnings_leg0; IP_leg0; ESI_leg0; Retail sales_leg0; HICPX_leg0; Energy prices_leg0; Employment_leg0; Stock market_leg0; Cash revenues_leg0","OK",NA
"sg_lasso","Italy","Revenues","2025-06-07",4794.22879521128,NA,0.0168446567919024,0.5,0.426050876635045,11,11,11,2025-06-01,-2272.18961520004,"Total revenues accrual","Y_lag1; Hours worked_leg0; Hourly earnings_leg0; IP_leg0; ESI_leg0; Retail sales_leg0; HICPX_leg0; Energy prices_leg0; Employment_leg0; Stock market_leg0; Cash revenues_leg0","OK",NA
"sg_lasso","Italy","Revenues","2025-06-15",2084.39042887465,NA,0.0167480591199037,0.5,0.428134100565563,12,12,12,2025-06-01,5143.96670661401,"Total revenues accrual","Y_lag1; Payroll Mass_leg0; Hours worked_leg0; Hourly earnings_leg0; IP_leg0; ESI_leg0; Retail sales_leg0; HICPX_leg0; Energy prices_leg0; Employment_leg0; Stock market_leg0; Cash revenues_leg0","OK",NA
"sg_lasso","Italy","Revenues","2025-06-26",2076.29924898585,NA,0.0167480591199037,0.5,0.428163795844832,12,12,12,2025-06-01,5143.96670661401,"Total revenues accrual","Y_lag1; Payroll Mass_leg0; Hours worked_leg0; Hourly earnings_leg0; IP_leg0; ESI_leg0; Retail sales_leg0; HICPX_leg0; Energy prices_leg0; Employment_leg0; Stock market_leg0; Cash revenues_leg0","OK",NA
"sg_lasso","Italy","Revenues","2025-06-27",2118.2805606096,NA,0.0167480591199037,0.5,0.428525323406227,12,12,12,2025-06-01,5143.96670661401,"Total revenues accrual","Y_lag1; Payroll Mass_leg0; Hours worked_leg0; Hourly earnings_leg0; IP_leg0; ESI_leg0; Retail sales_leg0; HICPX_leg0; Energy prices_leg0; Employment_leg0; Stock market_leg0; Cash revenues_leg0","OK",NA
"sg_lasso","Italy","Revenues","2025-07-01",284.768868217597,NA,0.0167480591199037,0.5,0.428525323406227,12,12,12,2025-07-01,5143.96670661401,"Total revenues accrual","Y_lag1; Payroll Mass_leg0; Hours worked_leg0; Hourly earnings_leg0; IP_leg0; ESI_leg0; Retail sales_leg0; HICPX_leg0; Energy prices_leg0; Employment_leg0; Stock market_leg0; Cash revenues_leg0","OK",NA
"sg_lasso","Italy","Revenues","2025-07-02",260.562434462773,NA,0.0167480591199037,0.5,0.428525323406227,12,12,12,2025-07-01,5143.96670661401,"Total revenues accrual","Y_lag1; Payroll Mass_leg0; Hours worked_leg0; Hourly earnings_leg0; IP_leg0; ESI_leg0; Retail sales_leg0; HICPX_leg0; Energy prices_leg0; Employment_leg0; Stock market_leg0; Cash revenues_leg0","OK",NA
"sg_lasso","Italy","Revenues","2025-07-05",260.562434462773,NA,0.0167480591199037,0.5,0.428525323406227,12,12,12,2025-07-01,5143.96670661401,"Total revenues accrual","Y_lag1; Payroll Mass_leg0; Hours worked_leg0; Hourly earnings_leg0; IP_leg0; ESI_leg0; Retail sales_leg0; HICPX_leg0; Energy prices_leg0; Employment_leg0; Stock market_leg0; Cash revenues_leg0","OK",NA
"sg_lasso","Italy","Revenues","2025-07-15",579.759947040502,NA,0.0167480591199037,0.5,0.428525323406227,12,12,12,2025-07-01,5143.96670661401,"Total revenues accrual","Y_lag1; Payroll Mass_leg0; Hours worked_leg0; Hourly earnings_leg0; IP_leg0; ESI_leg0; Retail sales_leg0; HICPX_leg0; Energy prices_leg0; Employment_leg0; Stock market_leg0; Cash revenues_leg0","OK",NA
"sg_lasso","Italy","Revenues","2025-07-27",506.80597467407,NA,0.0167480591199037,0.5,0.428525323406227,12,12,12,2025-07-01,5143.96670661401,"Total revenues accrual","Y_lag1; Payroll Mass_leg0; Hours worked_leg0; Hourly earnings_leg0; IP_leg0; ESI_leg0; Retail sales_leg0; HICPX_leg0; Energy prices_leg0; Employment_leg0; Stock market_leg0; Cash revenues_leg0","OK",NA
"sg_lasso","Italy","Revenues","2025-07-31",482.54778171367,NA,0.0167480591199037,0.5,0.428525323406227,12,12,12,2025-07-01,5143.96670661401,"Total revenues accrual","Y_lag1; Payroll Mass_leg0; Hours worked_leg0; Hourly earnings_leg0; IP_leg0; ESI_leg0; Retail sales_leg0; HICPX_leg0; Energy prices_leg0; Employment_leg0; Stock market_leg0; Cash revenues_leg0","OK",NA
"sg_lasso","Italy","Revenues","2025-08-01",-310.468335769156,NA,0.0167480591199037,0.5,0.428525323406227,12,12,12,2025-08-01,5143.96670661401,"Total revenues accrual","Y_lag1; Payroll Mass_leg0; Hours worked_leg0; Hourly earnings_leg0; IP_leg0; ESI_leg0; Retail sales_leg0; HICPX_leg0; Energy prices_leg0; Employment_leg0; Stock market_leg0; Cash revenues_leg0","OK",NA
"sg_lasso","Italy","Revenues","2025-08-05",-317.351118999589,NA,0.0167480591199037,0.5,0.428525323406227,12,12,12,2025-08-01,5143.96670661401,"Total revenues accrual","Y_lag1; Payroll Mass_leg0; Hours worked_leg0; Hourly earnings_leg0; IP_leg0; ESI_leg0; Retail sales_leg0; HICPX_leg0; Energy prices_leg0; Employment_leg0; Stock market_leg0; Cash revenues_leg0","OK",NA
"sg_lasso","Italy","Revenues","2025-08-15",-340.843334172106,NA,0.0167480591199037,0.5,0.428525323406227,12,12,12,2025-08-01,5143.96670661401,"Total revenues accrual","Y_lag1; Payroll Mass_leg0; Hours worked_leg0; Hourly earnings_leg0; IP_leg0; ESI_leg0; Retail sales_leg0; HICPX_leg0; Energy prices_leg0; Employment_leg0; Stock market_leg0; Cash revenues_leg0","OK",NA
"sg_lasso","Italy","Revenues","2025-08-27",-241.360644581517,NA,0.0167480591199037,0.5,0.428525323406227,12,12,12,2025-08-01,5143.96670661401,"Total revenues accrual","Y_lag1; Payroll Mass_leg0; Hours worked_leg0; Hourly earnings_leg0; IP_leg0; ESI_leg0; Retail sales_leg0; HICPX_leg0; Energy prices_leg0; Employment_leg0; Stock market_leg0; Cash revenues_leg0","OK",NA
"sg_lasso","Italy","Revenues","2025-08-28",-184.446213525621,NA,0.0167480591199037,0.5,0.428525323406227,12,12,12,2025-08-01,5143.96670661401,"Total revenues accrual","Y_lag1; Payroll Mass_leg0; Hours worked_leg0; Hourly earnings_leg0; IP_leg0; ESI_leg0; Retail sales_leg0; HICPX_leg0; Energy prices_leg0; Employment_leg0; Stock market_leg0; Cash revenues_leg0","OK",NA
"sg_lasso","Italy","Revenues","2025-09-01",708.885231942314,NA,0.0167480591199037,0.5,0.428525323406227,12,12,12,2025-09-01,5143.96670661401,"Total revenues accrual","Y_lag1; Payroll Mass_leg0; Hours worked_leg0; Hourly earnings_leg0; IP_leg0; ESI_leg0; Retail sales_leg0; HICPX_leg0; Energy prices_leg0; Employment_leg0; Stock market_leg0; Cash revenues_leg0","OK",NA
"sg_lasso","Italy","Revenues","2025-09-05",708.885231942314,NA,0.0167480591199037,0.5,0.428525323406227,12,12,12,2025-09-01,5143.96670661401,"Total revenues accrual","Y_lag1; Payroll Mass_leg0; Hours worked_leg0; Hourly earnings_leg0; IP_leg0; ESI_leg0; Retail sales_leg0; HICPX_leg0; Energy prices_leg0; Employment_leg0; Stock market_leg0; Cash revenues_leg0","OK",NA
"sg_lasso","Italy","Revenues","2025-09-15",2985.2913461523,NA,0.0153000255212619,0.5,0.414617323723378,11,11,11,2025-09-01,-1063.63827190502,"Total revenues accrual","Y_lag1; Hours worked_leg0; Hourly earnings_leg0; IP_leg0; ESI_leg0; Retail sales_leg0; HICPX_leg0; Energy prices_leg0; Employment_leg0; Stock market_leg0; Cash revenues_leg0","OK",NA
"sg_lasso","Italy","Revenues","2025-09-25",2947.44480903581,NA,0.0153000255212619,0.5,0.4146904221694,11,11,11,2025-09-01,-1063.63827190502,"Total revenues accrual","Y_lag1; Hours worked_leg0; Hourly earnings_leg0; IP_leg0; ESI_leg0; Retail sales_leg0; HICPX_leg0; Energy prices_leg0; Employment_leg0; Stock market_leg0; Cash revenues_leg0","OK",NA
"sg_lasso","Italy","Revenues","2025-09-27",2846.90297287516,NA,0.0153000255212619,0.5,0.417976000062238,11,11,11,2025-09-01,-1063.63827190502,"Total revenues accrual","Y_lag1; Hours worked_leg0; Hourly earnings_leg0; IP_leg0; ESI_leg0; Retail sales_leg0; HICPX_leg0; Energy prices_leg0; Employment_leg0; Stock market_leg0; Cash revenues_leg0","OK",NA
"sg_lasso","Italy","Revenues","2025-10-01",4984.97368671201,NA,0.0153000255212619,0.5,0.417976000062238,11,11,11,2025-10-01,-1063.63827190502,"Total revenues accrual","Y_lag1; Hours worked_leg0; Hourly earnings_leg0; IP_leg0; ESI_leg0; Retail sales_leg0; HICPX_leg0; Energy prices_leg0; Employment_leg0; Stock market_leg0; Cash revenues_leg0","OK",NA
"sg_lasso","Italy","Revenues","2025-10-03",4984.97368671201,NA,0.0153000255212619,0.5,0.417976000062238,11,11,11,2025-10-01,-1063.63827190502,"Total revenues accrual","Y_lag1; Hours worked_leg0; Hourly earnings_leg0; IP_leg0; ESI_leg0; Retail sales_leg0; HICPX_leg0; Energy prices_leg0; Employment_leg0; Stock market_leg0; Cash revenues_leg0","OK",NA
"sg_lasso","Italy","Revenues","2025-10-05",4984.97368671201,NA,0.0153000255212619,0.5,0.417976000062238,11,11,11,2025-10-01,-1063.63827190502,"Total revenues accrual","Y_lag1; Hours worked_leg0; Hourly earnings_leg0; IP_leg0; ESI_leg0; Retail sales_leg0; HICPX_leg0; Energy prices_leg0; Employment_leg0; Stock market_leg0; Cash revenues_leg0","OK",NA
"sg_lasso","Italy","Revenues","2025-10-15",4676.06443475265,NA,0.0153000255212619,0.5,0.417976000062238,11,11,11,2025-10-01,-1063.63827190502,"Total revenues accrual","Y_lag1; Hours worked_leg0; Hourly earnings_leg0; IP_leg0; ESI_leg0; Retail sales_leg0; HICPX_leg0; Energy prices_leg0; Employment_leg0; Stock market_leg0; Cash revenues_leg0","OK",NA
"sg_lasso","Italy","Revenues","2025-10-27",4635.02364659157,NA,0.0153000255212619,0.5,0.417976000062238,11,11,11,2025-10-01,-1063.63827190502,"Total revenues accrual","Y_lag1; Hours worked_leg0; Hourly earnings_leg0; IP_leg0; ESI_leg0; Retail sales_leg0; HICPX_leg0; Energy prices_leg0; Employment_leg0; Stock market_leg0; Cash revenues_leg0","OK",NA
"sg_lasso","Italy","Revenues","2025-10-30",4565.94329291774,NA,0.0153000255212619,0.5,0.417976000062238,11,11,11,2025-10-01,-1063.63827190502,"Total revenues accrual","Y_lag1; Hours worked_leg0; Hourly earnings_leg0; IP_leg0; ESI_leg0; Retail sales_leg0; HICPX_leg0; Energy prices_leg0; Employment_leg0; Stock market_leg0; Cash revenues_leg0","OK",NA
"sg_lasso","Italy","Revenues","2025-11-01",4369.2317451662,NA,0.0153000255212619,0.5,0.417976000062238,11,11,11,2025-11-01,-1063.63827190502,"Total revenues accrual","Y_lag1; Hours worked_leg0; Hourly earnings_leg0; IP_leg0; ESI_leg0; Retail sales_leg0; HICPX_leg0; Energy prices_leg0; Employment_leg0; Stock market_leg0; Cash revenues_leg0","OK",NA
"sg_lasso","Italy","Revenues","2025-11-05",4369.2317451662,NA,0.0153000255212619,0.5,0.417976000062238,11,11,11,2025-11-01,-1063.63827190502,"Total revenues accrual","Y_lag1; Hours worked_leg0; Hourly earnings_leg0; IP_leg0; ESI_leg0; Retail sales_leg0; HICPX_leg0; Energy prices_leg0; Employment_leg0; Stock market_leg0; Cash revenues_leg0","OK",NA
"sg_lasso","Italy","Revenues","2025-11-06",4369.2317451662,NA,0.0153000255212619,0.5,0.417976000062238,11,11,11,2025-11-01,-1063.63827190502,"Total revenues accrual","Y_lag1; Hours worked_leg0; Hourly earnings_leg0; IP_leg0; ESI_leg0; Retail sales_leg0; HICPX_leg0; Energy prices_leg0; Employment_leg0; Stock market_leg0; Cash revenues_leg0","OK",NA
"sg_lasso","Italy","Revenues","2025-11-15",4341.52491763782,NA,0.0153000255212619,0.5,0.417976000062238,11,11,11,2025-11-01,-1063.63827190502,"Total revenues accrual","Y_lag1; Hours worked_leg0; Hourly earnings_leg0; IP_leg0; ESI_leg0; Retail sales_leg0; HICPX_leg0; Energy prices_leg0; Employment_leg0; Stock market_leg0; Cash revenues_leg0","OK",NA
"sg_lasso","Italy","Revenues","2025-11-27",4238.39204011685,NA,0.0153000255212619,0.5,0.417976000062238,11,11,11,2025-11-01,-1063.63827190502,"Total revenues accrual","Y_lag1; Hours worked_leg0; Hourly earnings_leg0; IP_leg0; ESI_leg0; Retail sales_leg0; HICPX_leg0; Energy prices_leg0; Employment_leg0; Stock market_leg0; Cash revenues_leg0","OK",NA
"sg_lasso","Italy","Revenues","2025-12-01",2630.53151275816,NA,0.0153000255212619,0.5,0.417976000062238,11,11,11,2025-12-01,-1063.63827190502,"Total revenues accrual","Y_lag1; Hours worked_leg0; Hourly earnings_leg0; IP_leg0; ESI_leg0; Retail sales_leg0; HICPX_leg0; Energy prices_leg0; Employment_leg0; Stock market_leg0; Cash revenues_leg0","OK",NA
"sg_lasso","Italy","Revenues","2025-12-05",2630.53151275816,NA,0.0153000255212619,0.5,0.417976000062238,11,11,11,2025-12-01,-1063.63827190502,"Total revenues accrual","Y_lag1; Hours worked_leg0; Hourly earnings_leg0; IP_leg0; ESI_leg0; Retail sales_leg0; HICPX_leg0; Energy prices_leg0; Employment_leg0; Stock market_leg0; Cash revenues_leg0","OK",NA
"sg_lasso","Italy","Revenues","2025-12-15",2140.19983016802,NA,0.020204580396239,0.5,0.44754266822543,12,12,12,2025-12-01,-1063.63827190502,"Total revenues accrual","Y_lag1; Payroll Mass_leg0; Hours worked_leg0; Hourly earnings_leg0; IP_leg0; ESI_leg0; Retail sales_leg0; HICPX_leg0; Energy prices_leg0; Employment_leg0; Stock market_leg0; Cash revenues_leg0","OK",NA
"sg_lasso","Italy","Revenues","2025-12-25",2164.76011015603,NA,0.020204580396239,0.5,0.448338533098996,12,12,12,2025-12-01,-1063.63827190502,"Total revenues accrual","Y_lag1; Payroll Mass_leg0; Hours worked_leg0; Hourly earnings_leg0; IP_leg0; ESI_leg0; Retail sales_leg0; HICPX_leg0; Energy prices_leg0; Employment_leg0; Stock market_leg0; Cash revenues_leg0","OK",NA
"sg_lasso","Italy","Revenues","2025-12-27",2451.87692295682,NA,0.0221745020421775,0.5,0.443055275775816,12,12,12,2025-12-01,-1063.63827190502,"Total revenues accrual","Y_lag1; Payroll Mass_leg0; Hours worked_leg0; Hourly earnings_leg0; IP_leg0; ESI_leg0; Retail sales_leg0; HICPX_leg0; Energy prices_leg0; Employment_leg0; Stock market_leg0; Cash revenues_leg0","OK",NA
"sg_lasso","Italy","Revenues","2026-01-05",1404.23905548493,NA,0.0221745020421775,0.5,0.443055275775816,12,12,12,2026-01-01,-1063.63827190502,"Total revenues accrual","Y_lag1; Payroll Mass_leg0; Hours worked_leg0; Hourly earnings_leg0; IP_leg0; ESI_leg0; Retail sales_leg0; HICPX_leg0; Energy prices_leg0; Employment_leg0; Stock market_leg0; Cash revenues_leg0","OK",NA
"sg_lasso","Italy","Revenues","2026-01-15",1402.26370879013,NA,0.0221745020421775,0.5,0.443055275775816,12,12,12,2026-01-01,-1063.63827190502,"Total revenues accrual","Y_lag1; Payroll Mass_leg0; Hours worked_leg0; Hourly earnings_leg0; IP_leg0; ESI_leg0; Retail sales_leg0; HICPX_leg0; Energy prices_leg0; Employment_leg0; Stock market_leg0; Cash revenues_leg0","OK",NA
"sg_lasso","Italy","Revenues","2026-02-05",1752.79412478274,NA,0.0221745020421775,0.5,0.443055275775816,12,12,12,2026-02-01,-1063.63827190502,"Total revenues accrual","Y_lag1; Payroll Mass_leg0; Hours worked_leg0; Hourly earnings_leg0; IP_leg0; ESI_leg0; Retail sales_leg0; HICPX_leg0; Energy prices_leg0; Employment_leg0; Stock market_leg0; Cash revenues_leg0","OK",NA
"sg_lasso","Italy","Revenues","2026-02-15",1752.79412478274,NA,0.0221745020421775,0.5,0.443055275775816,12,12,12,2026-02-01,-1063.63827190502,"Total revenues accrual","Y_lag1; Payroll Mass_leg0; Hours worked_leg0; Hourly earnings_leg0; IP_leg0; ESI_leg0; Retail sales_leg0; HICPX_leg0; Energy prices_leg0; Employment_leg0; Stock market_leg0; Cash revenues_leg0","OK",NA
"sg_lasso","Italy","Revenues","2026-03-15",1750.81877808795,NA,0.0221745020421775,0.5,0.443055275775816,12,12,12,2026-03-01,-1063.63827190502,"Total revenues accrual","Y_lag1; Payroll Mass_leg0; Hours worked_leg0; Hourly earnings_leg0; IP_leg0; ESI_leg0; Retail sales_leg0; HICPX_leg0; Energy prices_leg0; Employment_leg0; Stock market_leg0; Cash revenues_leg0","OK",NA
