"model","country","block","publication_date","nowcast_value","nb_factors","lambda","gamma","cv_mse","df","n_selected","n_selected_groups","date_new","last_obs_y","target_name","selected_columns","status","error"
"factor_midas","Italy","Revenues","2013-01-01",NA,NA,NA,NA,NA,NA,NA,NA,NA,NA,"Total revenues accrual",NA,"KO","Not possible to estimate MIDAS model, more parameters than observations"
"factor_midas","Italy","Revenues","2013-01-02",NA,NA,NA,NA,NA,NA,NA,NA,NA,NA,"Total revenues accrual",NA,"KO","Not possible to estimate MIDAS model, more parameters than observations"
"factor_midas","Italy","Revenues","2013-01-05",NA,NA,NA,NA,NA,NA,NA,NA,NA,NA,"Total revenues accrual",NA,"KO","Not possible to estimate MIDAS model, more parameters than observations"
"factor_midas","Italy","Revenues","2013-01-15",NA,NA,NA,NA,NA,NA,NA,NA,NA,NA,"Total revenues accrual",NA,"KO","Not possible to estimate MIDAS model, more parameters than observations"
"factor_midas","Italy","Revenues","2013-01-27",NA,NA,NA,NA,NA,NA,NA,NA,NA,NA,"Total revenues accrual",NA,"KO","Not possible to estimate MIDAS model, more parameters than observations"
"factor_midas","Italy","Revenues","2013-01-31",NA,NA,NA,NA,NA,NA,NA,NA,NA,NA,"Total revenues accrual",NA,"KO","Not possible to estimate MIDAS model, more parameters than observations"
"factor_midas","Italy","Revenues","2013-02-01",NA,NA,NA,NA,NA,NA,NA,NA,NA,NA,"Total revenues accrual",NA,"KO","Not possible to estimate MIDAS model, more parameters than observations"
"factor_midas","Italy","Revenues","2013-02-05",NA,NA,NA,NA,NA,NA,NA,NA,NA,NA,"Total revenues accrual",NA,"KO","Not possible to estimate MIDAS model, more parameters than observations"
"factor_midas","Italy","Revenues","2013-02-15",NA,NA,NA,NA,NA,NA,NA,NA,NA,NA,"Total revenues accrual",NA,"KO","Not possible to estimate MIDAS model, more parameters than observations"
"factor_midas","Italy","Revenues","2013-02-27",NA,NA,NA,NA,NA,NA,NA,NA,NA,NA,"Total revenues accrual",NA,"KO","Not possible to estimate MIDAS model, more parameters than observations"
"factor_midas","Italy","Revenues","2013-02-28",NA,NA,NA,NA,NA,NA,NA,NA,NA,NA,"Total revenues accrual",NA,"KO","Not possible to estimate MIDAS model, more parameters than observations"
"factor_midas","Italy","Revenues","2013-03-01",3873.79356786673,2,NA,NA,NA,NA,NA,NA,2013-03-01,2323.98549642999,"Total revenues accrual",NA,"OK",NA
"factor_midas","Italy","Revenues","2013-03-05",NA,NA,NA,NA,NA,NA,NA,NA,NA,NA,"Total revenues accrual",NA,"KO","Not possible to estimate MIDAS model, more parameters than observations"
"factor_midas","Italy","Revenues","2013-03-15",2022.844075647,1,NA,NA,NA,NA,NA,NA,2013-03-01,-5009.323791748,"Total revenues accrual",NA,"OK",NA
"factor_midas","Italy","Revenues","2013-03-27",13838.2968503203,2,NA,NA,NA,NA,NA,NA,2013-03-01,-5009.323791748,"Total revenues accrual",NA,"OK",NA
"factor_midas","Italy","Revenues","2013-03-28",14013.3129916478,2,NA,NA,NA,NA,NA,NA,2013-03-01,-5009.323791748,"Total revenues accrual",NA,"OK",NA
"factor_midas","Italy","Revenues","2013-04-01",12744.9072439366,2,NA,NA,NA,NA,NA,NA,2013-04-01,-5009.323791748,"Total revenues accrual",NA,"OK",NA
"factor_midas","Italy","Revenues","2013-04-05",12781.3891990768,2,NA,NA,NA,NA,NA,NA,2013-04-01,-5009.323791748,"Total revenues accrual",NA,"OK",NA
"factor_midas","Italy","Revenues","2013-04-15",11980.4085013947,2,NA,NA,NA,NA,NA,NA,2013-04-01,-5009.323791748,"Total revenues accrual",NA,"OK",NA
"factor_midas","Italy","Revenues","2013-04-25",11968.6751782836,2,NA,NA,NA,NA,NA,NA,2013-04-01,-5009.323791748,"Total revenues accrual",NA,"OK",NA
"factor_midas","Italy","Revenues","2013-04-27",NA,NA,NA,NA,NA,NA,NA,NA,NA,NA,"Total revenues accrual",NA,"KO","Not possible to estimate MIDAS model, more parameters than observations"
"factor_midas","Italy","Revenues","2013-05-01",NA,NA,NA,NA,NA,NA,NA,NA,NA,NA,"Total revenues accrual",NA,"KO","Not possible to estimate MIDAS model, more parameters than observations"
"factor_midas","Italy","Revenues","2013-05-03",NA,NA,NA,NA,NA,NA,NA,NA,NA,NA,"Total revenues accrual",NA,"KO","Not possible to estimate MIDAS model, more parameters than observations"
"factor_midas","Italy","Revenues","2013-05-05",1441.44022221819,1,NA,NA,NA,NA,NA,NA,2013-05-01,-5009.323791748,"Total revenues accrual",NA,"OK",NA
"factor_midas","Italy","Revenues","2013-05-15",1745.09323752778,1,NA,NA,NA,NA,NA,NA,2013-05-01,-5009.323791748,"Total revenues accrual",NA,"OK",NA
"factor_midas","Italy","Revenues","2013-05-27",1861.15979973507,1,NA,NA,NA,NA,NA,NA,2013-05-01,-5009.323791748,"Total revenues accrual",NA,"OK",NA
"factor_midas","Italy","Revenues","2013-05-30",1778.50391331507,1,NA,NA,NA,NA,NA,NA,2013-05-01,-5009.323791748,"Total revenues accrual",NA,"OK",NA
"factor_midas","Italy","Revenues","2013-06-01",8688.74494643767,2,NA,NA,NA,NA,NA,NA,2013-06-01,-5009.323791748,"Total revenues accrual",NA,"OK",NA
"factor_midas","Italy","Revenues","2013-06-05",9105.09613592904,2,NA,NA,NA,NA,NA,NA,2013-06-01,-5009.323791748,"Total revenues accrual",NA,"OK",NA
"factor_midas","Italy","Revenues","2013-06-06",9098.66622519169,2,NA,NA,NA,NA,NA,NA,2013-06-01,-5009.323791748,"Total revenues accrual",NA,"OK",NA
"factor_midas","Italy","Revenues","2013-06-15",-1529.10306358115,1,NA,NA,NA,NA,NA,NA,2013-06-01,5391.10068391202,"Total revenues accrual",NA,"OK",NA
"factor_midas","Italy","Revenues","2013-06-27",-1563.37606440777,1,NA,NA,NA,NA,NA,NA,2013-06-01,5391.10068391202,"Total revenues accrual",NA,"OK",NA
"factor_midas","Italy","Revenues","2013-07-01",-1556.37794967427,1,NA,NA,NA,NA,NA,NA,2013-07-01,5391.10068391202,"Total revenues accrual",NA,"OK",NA
"factor_midas","Italy","Revenues","2013-07-05",-1557.68527192688,1,NA,NA,NA,NA,NA,NA,2013-07-01,5391.10068391202,"Total revenues accrual",NA,"OK",NA
"factor_midas","Italy","Revenues","2013-07-15",-1545.80796909219,1,NA,NA,NA,NA,NA,NA,2013-07-01,5391.10068391202,"Total revenues accrual",NA,"OK",NA
"factor_midas","Italy","Revenues","2013-07-25",-1546.91356802929,1,NA,NA,NA,NA,NA,NA,2013-07-01,5391.10068391202,"Total revenues accrual",NA,"OK",NA
"factor_midas","Italy","Revenues","2013-07-27",-1548.92725029643,1,NA,NA,NA,NA,NA,NA,2013-07-01,5391.10068391202,"Total revenues accrual",NA,"OK",NA
"factor_midas","Italy","Revenues","2013-08-01",-1603.6593408674,1,NA,NA,NA,NA,NA,NA,2013-08-01,5391.10068391202,"Total revenues accrual",NA,"OK",NA
"factor_midas","Italy","Revenues","2013-08-04",-1765.31924369232,1,NA,NA,NA,NA,NA,NA,2013-08-01,5391.10068391202,"Total revenues accrual",NA,"OK",NA
"factor_midas","Italy","Revenues","2013-08-05",-1925.77781663044,1,NA,NA,NA,NA,NA,NA,2013-08-01,5391.10068391202,"Total revenues accrual",NA,"OK",NA
"factor_midas","Italy","Revenues","2013-08-15",-2810.89992672102,1,NA,NA,NA,NA,NA,NA,2013-08-01,5391.10068391202,"Total revenues accrual",NA,"OK",NA
"factor_midas","Italy","Revenues","2013-08-27",-2950.93120580514,1,NA,NA,NA,NA,NA,NA,2013-08-01,5391.10068391202,"Total revenues accrual",NA,"OK",NA
"factor_midas","Italy","Revenues","2013-08-29",-3183.84397307344,1,NA,NA,NA,NA,NA,NA,2013-08-01,5391.10068391202,"Total revenues accrual",NA,"OK",NA
"factor_midas","Italy","Revenues","2013-09-01",-3756.87271360893,1,NA,NA,NA,NA,NA,NA,2013-09-01,5391.10068391202,"Total revenues accrual",NA,"OK",NA
"factor_midas","Italy","Revenues","2013-09-05",-3210.62512563848,1,NA,NA,NA,NA,NA,NA,2013-09-01,5391.10068391202,"Total revenues accrual",NA,"OK",NA
"factor_midas","Italy","Revenues","2013-09-07",-3237.85950994886,1,NA,NA,NA,NA,NA,NA,2013-09-01,5391.10068391202,"Total revenues accrual",NA,"OK",NA
"factor_midas","Italy","Revenues","2013-09-15",3890.19028697862,1,NA,NA,NA,NA,NA,NA,2013-09-01,-5656.62504277602,"Total revenues accrual",NA,"OK",NA
"factor_midas","Italy","Revenues","2013-09-26",3929.81037543962,1,NA,NA,NA,NA,NA,NA,2013-09-01,-5656.62504277602,"Total revenues accrual",NA,"OK",NA
"factor_midas","Italy","Revenues","2013-09-27",3882.84022018917,1,NA,NA,NA,NA,NA,NA,2013-09-01,-5656.62504277602,"Total revenues accrual",NA,"OK",NA
"factor_midas","Italy","Revenues","2013-10-01",3951.48632199058,1,NA,NA,NA,NA,NA,NA,2013-10-01,-5656.62504277602,"Total revenues accrual",NA,"OK",NA
"factor_midas","Italy","Revenues","2013-10-02",3951.66606880636,1,NA,NA,NA,NA,NA,NA,2013-10-01,-5656.62504277602,"Total revenues accrual",NA,"OK",NA
"factor_midas","Italy","Revenues","2013-10-05",3955.12188561878,1,NA,NA,NA,NA,NA,NA,2013-10-01,-5656.62504277602,"Total revenues accrual",NA,"OK",NA
"factor_midas","Italy","Revenues","2013-10-15",3944.12011625725,1,NA,NA,NA,NA,NA,NA,2013-10-01,-5656.62504277602,"Total revenues accrual",NA,"OK",NA
"factor_midas","Italy","Revenues","2013-10-27",3943.777160367,1,NA,NA,NA,NA,NA,NA,2013-10-01,-5656.62504277602,"Total revenues accrual",NA,"OK",NA
"factor_midas","Italy","Revenues","2013-10-31",3935.17412057646,1,NA,NA,NA,NA,NA,NA,2013-10-01,-5656.62504277602,"Total revenues accrual",NA,"OK",NA
"factor_midas","Italy","Revenues","2013-11-01",4282.34517606943,1,NA,NA,NA,NA,NA,NA,2013-11-01,-5656.62504277602,"Total revenues accrual",NA,"OK",NA
"factor_midas","Italy","Revenues","2013-11-05",4057.23292819334,1,NA,NA,NA,NA,NA,NA,2013-11-01,-5656.62504277602,"Total revenues accrual",NA,"OK",NA
"factor_midas","Italy","Revenues","2013-11-15",4607.21520017205,1,NA,NA,NA,NA,NA,NA,2013-11-01,-5656.62504277602,"Total revenues accrual",NA,"OK",NA
"factor_midas","Italy","Revenues","2013-11-27",4441.34397314336,1,NA,NA,NA,NA,NA,NA,2013-11-01,-5656.62504277602,"Total revenues accrual",NA,"OK",NA
"factor_midas","Italy","Revenues","2013-11-28",4152.7997162042,1,NA,NA,NA,NA,NA,NA,2013-11-01,-5656.62504277602,"Total revenues accrual",NA,"OK",NA
"factor_midas","Italy","Revenues","2013-12-01",3862.93947844977,1,NA,NA,NA,NA,NA,NA,2013-12-01,-5656.62504277602,"Total revenues accrual",NA,"OK",NA
"factor_midas","Italy","Revenues","2013-12-05",2986.11623281508,1,NA,NA,NA,NA,NA,NA,2013-12-01,-5656.62504277602,"Total revenues accrual",NA,"OK",NA
"factor_midas","Italy","Revenues","2013-12-07",2852.6434452399,1,NA,NA,NA,NA,NA,NA,2013-12-01,-5656.62504277602,"Total revenues accrual",NA,"OK",NA
"factor_midas","Italy","Revenues","2013-12-15",-617.213897858406,1,NA,NA,NA,NA,NA,NA,2013-12-01,2062.96121274901,"Total revenues accrual",NA,"OK",NA
"factor_midas","Italy","Revenues","2013-12-26",-617.214953453466,1,NA,NA,NA,NA,NA,NA,2013-12-01,2062.96121274901,"Total revenues accrual",NA,"OK",NA
"factor_midas","Italy","Revenues","2013-12-27",-612.839081441322,1,NA,NA,NA,NA,NA,NA,2013-12-01,2062.96121274901,"Total revenues accrual",NA,"OK",NA
"factor_midas","Italy","Revenues","2014-01-01",-611.940789642092,1,NA,NA,NA,NA,NA,NA,2014-01-01,2062.96121274901,"Total revenues accrual",NA,"OK",NA
"factor_midas","Italy","Revenues","2014-01-03",-610.671490371112,1,NA,NA,NA,NA,NA,NA,2014-01-01,2062.96121274901,"Total revenues accrual",NA,"OK",NA
"factor_midas","Italy","Revenues","2014-01-05",-607.036369657125,1,NA,NA,NA,NA,NA,NA,2014-01-01,2062.96121274901,"Total revenues accrual",NA,"OK",NA
"factor_midas","Italy","Revenues","2014-01-15",-628.615294177118,1,NA,NA,NA,NA,NA,NA,2014-01-01,2062.96121274901,"Total revenues accrual",NA,"OK",NA
"factor_midas","Italy","Revenues","2014-01-27",-636.358727750012,1,NA,NA,NA,NA,NA,NA,2014-01-01,2062.96121274901,"Total revenues accrual",NA,"OK",NA
"factor_midas","Italy","Revenues","2014-01-30",-632.11171788297,1,NA,NA,NA,NA,NA,NA,2014-01-01,2062.96121274901,"Total revenues accrual",NA,"OK",NA
"factor_midas","Italy","Revenues","2014-02-01",-1165.249347046,1,NA,NA,NA,NA,NA,NA,2014-02-01,2062.96121274901,"Total revenues accrual",NA,"OK",NA
"factor_midas","Italy","Revenues","2014-02-05",-1378.35216819128,1,NA,NA,NA,NA,NA,NA,2014-02-01,2062.96121274901,"Total revenues accrual",NA,"OK",NA
"factor_midas","Italy","Revenues","2014-02-06",-1386.12796668309,1,NA,NA,NA,NA,NA,NA,2014-02-01,2062.96121274901,"Total revenues accrual",NA,"OK",NA
"factor_midas","Italy","Revenues","2014-02-15",-2210.40666838085,1,NA,NA,NA,NA,NA,NA,2014-02-01,2062.96121274901,"Total revenues accrual",NA,"OK",NA
"factor_midas","Italy","Revenues","2014-02-27",-2057.23523240769,1,NA,NA,NA,NA,NA,NA,2014-02-01,2062.96121274901,"Total revenues accrual",NA,"OK",NA
"factor_midas","Italy","Revenues","2014-03-01",-1558.20395060819,1,NA,NA,NA,NA,NA,NA,2014-03-01,2062.96121274901,"Total revenues accrual",NA,"OK",NA
"factor_midas","Italy","Revenues","2014-03-05",-1693.6820123439,1,NA,NA,NA,NA,NA,NA,2014-03-01,2062.96121274901,"Total revenues accrual",NA,"OK",NA
"factor_midas","Italy","Revenues","2014-03-06",-1537.3241480222,1,NA,NA,NA,NA,NA,NA,2014-03-01,2062.96121274901,"Total revenues accrual",NA,"OK",NA
"factor_midas","Italy","Revenues","2014-03-15",558.741761503356,1,NA,NA,NA,NA,NA,NA,2014-03-01,290.801771169004,"Total revenues accrual",NA,"OK",NA
"factor_midas","Italy","Revenues","2014-03-27",543.366877679808,1,NA,NA,NA,NA,NA,NA,2014-03-01,290.801771169004,"Total revenues accrual",NA,"OK",NA
"factor_midas","Italy","Revenues","2014-04-01",503.452171832403,1,NA,NA,NA,NA,NA,NA,2014-04-01,290.801771169004,"Total revenues accrual",NA,"OK",NA
"factor_midas","Italy","Revenues","2014-04-02",507.014722045862,1,NA,NA,NA,NA,NA,NA,2014-04-01,290.801771169004,"Total revenues accrual",NA,"OK",NA
"factor_midas","Italy","Revenues","2014-04-05",501.359681007786,1,NA,NA,NA,NA,NA,NA,2014-04-01,290.801771169004,"Total revenues accrual",NA,"OK",NA
"factor_midas","Italy","Revenues","2014-04-15",498.058171421016,1,NA,NA,NA,NA,NA,NA,2014-04-01,290.801771169004,"Total revenues accrual",NA,"OK",NA
"factor_midas","Italy","Revenues","2014-04-24",497.365781846553,1,NA,NA,NA,NA,NA,NA,2014-04-01,290.801771169004,"Total revenues accrual",NA,"OK",NA
"factor_midas","Italy","Revenues","2014-04-27",493.190341199733,1,NA,NA,NA,NA,NA,NA,2014-04-01,290.801771169004,"Total revenues accrual",NA,"OK",NA
"factor_midas","Italy","Revenues","2014-05-01",-608.142852800168,1,NA,NA,NA,NA,NA,NA,2014-05-01,290.801771169004,"Total revenues accrual",NA,"OK",NA
"factor_midas","Italy","Revenues","2014-05-04",-554.731883951876,1,NA,NA,NA,NA,NA,NA,2014-05-01,290.801771169004,"Total revenues accrual",NA,"OK",NA
"factor_midas","Italy","Revenues","2014-05-05",-817.790780817447,1,NA,NA,NA,NA,NA,NA,2014-05-01,290.801771169004,"Total revenues accrual",NA,"OK",NA
"factor_midas","Italy","Revenues","2014-05-15",-895.939102508987,1,NA,NA,NA,NA,NA,NA,2014-05-01,290.801771169004,"Total revenues accrual",NA,"OK",NA
"factor_midas","Italy","Revenues","2014-05-27",-1071.8748886545,1,NA,NA,NA,NA,NA,NA,2014-05-01,290.801771169004,"Total revenues accrual",NA,"OK",NA
"factor_midas","Italy","Revenues","2014-05-29",-1166.72605048939,1,NA,NA,NA,NA,NA,NA,2014-05-01,290.801771169004,"Total revenues accrual",NA,"OK",NA
"factor_midas","Italy","Revenues","2014-06-01",-1478.09074821854,1,NA,NA,NA,NA,NA,NA,2014-06-01,290.801771169004,"Total revenues accrual",NA,"OK",NA
"factor_midas","Italy","Revenues","2014-06-05",-1689.42568583143,1,NA,NA,NA,NA,NA,NA,2014-06-01,290.801771169004,"Total revenues accrual",NA,"OK",NA
"factor_midas","Italy","Revenues","2014-06-07",-1717.32874954718,1,NA,NA,NA,NA,NA,NA,2014-06-01,290.801771169004,"Total revenues accrual",NA,"OK",NA
"factor_midas","Italy","Revenues","2014-06-15",917.794832831145,1,NA,NA,NA,NA,NA,NA,2014-06-01,-164.110854252998,"Total revenues accrual",NA,"OK",NA
"factor_midas","Italy","Revenues","2014-06-26",923.16381900331,1,NA,NA,NA,NA,NA,NA,2014-06-01,-164.110854252998,"Total revenues accrual",NA,"OK",NA
"factor_midas","Italy","Revenues","2014-06-27",917.385547168327,1,NA,NA,NA,NA,NA,NA,2014-06-01,-164.110854252998,"Total revenues accrual",NA,"OK",NA
"factor_midas","Italy","Revenues","2014-07-01",902.767993142812,1,NA,NA,NA,NA,NA,NA,2014-07-01,-164.110854252998,"Total revenues accrual",NA,"OK",NA
"factor_midas","Italy","Revenues","2014-07-02",898.908669803229,1,NA,NA,NA,NA,NA,NA,2014-07-01,-164.110854252998,"Total revenues accrual",NA,"OK",NA
"factor_midas","Italy","Revenues","2014-07-05",897.541489903606,1,NA,NA,NA,NA,NA,NA,2014-07-01,-164.110854252998,"Total revenues accrual",NA,"OK",NA
"factor_midas","Italy","Revenues","2014-07-15",901.15575782768,1,NA,NA,NA,NA,NA,NA,2014-07-01,-164.110854252998,"Total revenues accrual",NA,"OK",NA
"factor_midas","Italy","Revenues","2014-07-27",894.044914672704,1,NA,NA,NA,NA,NA,NA,2014-07-01,-164.110854252998,"Total revenues accrual",NA,"OK",NA
"factor_midas","Italy","Revenues","2014-07-31",893.951803739907,1,NA,NA,NA,NA,NA,NA,2014-07-01,-164.110854252998,"Total revenues accrual",NA,"OK",NA
"factor_midas","Italy","Revenues","2014-08-01",821.916110892019,1,NA,NA,NA,NA,NA,NA,2014-08-01,-164.110854252998,"Total revenues accrual",NA,"OK",NA
"factor_midas","Italy","Revenues","2014-08-05",406.677211971369,1,NA,NA,NA,NA,NA,NA,2014-08-01,-164.110854252998,"Total revenues accrual",NA,"OK",NA
"factor_midas","Italy","Revenues","2014-08-15",471.105079989713,1,NA,NA,NA,NA,NA,NA,2014-08-01,-164.110854252998,"Total revenues accrual",NA,"OK",NA
"factor_midas","Italy","Revenues","2014-08-27",302.034135717656,1,NA,NA,NA,NA,NA,NA,2014-08-01,-164.110854252998,"Total revenues accrual",NA,"OK",NA
"factor_midas","Italy","Revenues","2014-08-28",691.569961332755,1,NA,NA,NA,NA,NA,NA,2014-08-01,-164.110854252998,"Total revenues accrual",NA,"OK",NA
"factor_midas","Italy","Revenues","2014-09-01",1959.85263842789,1,NA,NA,NA,NA,NA,NA,2014-09-01,-164.110854252998,"Total revenues accrual",NA,"OK",NA
"factor_midas","Italy","Revenues","2014-09-05",2061.11155019673,1,NA,NA,NA,NA,NA,NA,2014-09-01,-164.110854252998,"Total revenues accrual",NA,"OK",NA
"factor_midas","Italy","Revenues","2014-09-15",262.865465698282,1,NA,NA,NA,NA,NA,NA,2014-09-01,882.058085138997,"Total revenues accrual",NA,"OK",NA
"factor_midas","Italy","Revenues","2014-09-25",263.012887915468,1,NA,NA,NA,NA,NA,NA,2014-09-01,882.058085138997,"Total revenues accrual",NA,"OK",NA
"factor_midas","Italy","Revenues","2014-09-27",262.922878686299,1,NA,NA,NA,NA,NA,NA,2014-09-01,882.058085138997,"Total revenues accrual",NA,"OK",NA
"factor_midas","Italy","Revenues","2014-10-01",252.753346831944,1,NA,NA,NA,NA,NA,NA,2014-10-01,882.058085138997,"Total revenues accrual",NA,"OK",NA
"factor_midas","Italy","Revenues","2014-10-03",253.936997381647,1,NA,NA,NA,NA,NA,NA,2014-10-01,882.058085138997,"Total revenues accrual",NA,"OK",NA
"factor_midas","Italy","Revenues","2014-10-05",251.743663981747,1,NA,NA,NA,NA,NA,NA,2014-10-01,882.058085138997,"Total revenues accrual",NA,"OK",NA
"factor_midas","Italy","Revenues","2014-10-15",230.425568980902,1,NA,NA,NA,NA,NA,NA,2014-10-01,882.058085138997,"Total revenues accrual",NA,"OK",NA
"factor_midas","Italy","Revenues","2014-10-27",237.260131754691,1,NA,NA,NA,NA,NA,NA,2014-10-01,882.058085138997,"Total revenues accrual",NA,"OK",NA
"factor_midas","Italy","Revenues","2014-10-30",238.095839075007,1,NA,NA,NA,NA,NA,NA,2014-10-01,882.058085138997,"Total revenues accrual",NA,"OK",NA
"factor_midas","Italy","Revenues","2014-11-01",545.566826397313,1,NA,NA,NA,NA,NA,NA,2014-11-01,882.058085138997,"Total revenues accrual",NA,"OK",NA
"factor_midas","Italy","Revenues","2014-11-05",140.748894984283,1,NA,NA,NA,NA,NA,NA,2014-11-01,882.058085138997,"Total revenues accrual",NA,"OK",NA
"factor_midas","Italy","Revenues","2014-11-06",-162.818265885267,1,NA,NA,NA,NA,NA,NA,2014-11-01,882.058085138997,"Total revenues accrual",NA,"OK",NA
"factor_midas","Italy","Revenues","2014-11-15",-125.842157417001,1,NA,NA,NA,NA,NA,NA,2014-11-01,882.058085138997,"Total revenues accrual",NA,"OK",NA
"factor_midas","Italy","Revenues","2014-11-27",422.709811158568,1,NA,NA,NA,NA,NA,NA,2014-11-01,882.058085138997,"Total revenues accrual",NA,"OK",NA
"factor_midas","Italy","Revenues","2014-12-01",781.486032058846,1,NA,NA,NA,NA,NA,NA,2014-12-01,882.058085138997,"Total revenues accrual",NA,"OK",NA
"factor_midas","Italy","Revenues","2014-12-05",874.458834972506,1,NA,NA,NA,NA,NA,NA,2014-12-01,882.058085138997,"Total revenues accrual",NA,"OK",NA
"factor_midas","Italy","Revenues","2014-12-15",-421.29545072851,1,NA,NA,NA,NA,NA,NA,2014-12-01,2249.65883548299,"Total revenues accrual",NA,"OK",NA
"factor_midas","Italy","Revenues","2014-12-25",-420.762416009715,1,NA,NA,NA,NA,NA,NA,2014-12-01,2249.65883548299,"Total revenues accrual",NA,"OK",NA
"factor_midas","Italy","Revenues","2014-12-27",-407.738960548908,1,NA,NA,NA,NA,NA,NA,2014-12-01,2249.65883548299,"Total revenues accrual",NA,"OK",NA
"factor_midas","Italy","Revenues","2015-01-01",-413.986200030081,1,NA,NA,NA,NA,NA,NA,2015-01-01,2249.65883548299,"Total revenues accrual",NA,"OK",NA
"factor_midas","Italy","Revenues","2015-01-04",-412.633965211576,1,NA,NA,NA,NA,NA,NA,2015-01-01,2249.65883548299,"Total revenues accrual",NA,"OK",NA
"factor_midas","Italy","Revenues","2015-01-05",-416.282067805511,1,NA,NA,NA,NA,NA,NA,2015-01-01,2249.65883548299,"Total revenues accrual",NA,"OK",NA
"factor_midas","Italy","Revenues","2015-01-15",-429.992461174685,1,NA,NA,NA,NA,NA,NA,2015-01-01,2249.65883548299,"Total revenues accrual",NA,"OK",NA
"factor_midas","Italy","Revenues","2015-01-27",-420.223826844748,1,NA,NA,NA,NA,NA,NA,2015-01-01,2249.65883548299,"Total revenues accrual",NA,"OK",NA
"factor_midas","Italy","Revenues","2015-01-29",-411.952139598169,1,NA,NA,NA,NA,NA,NA,2015-01-01,2249.65883548299,"Total revenues accrual",NA,"OK",NA
"factor_midas","Italy","Revenues","2015-02-01",-544.452867332855,2,NA,NA,NA,NA,NA,NA,2015-02-01,2249.65883548299,"Total revenues accrual",NA,"OK",NA
"factor_midas","Italy","Revenues","2015-02-05",-1361.13332913517,2,NA,NA,NA,NA,NA,NA,2015-02-01,2249.65883548299,"Total revenues accrual",NA,"OK",NA
"factor_midas","Italy","Revenues","2015-02-07",-1367.84476350431,2,NA,NA,NA,NA,NA,NA,2015-02-01,2249.65883548299,"Total revenues accrual",NA,"OK",NA
"factor_midas","Italy","Revenues","2015-02-15",-1463.66527766854,2,NA,NA,NA,NA,NA,NA,2015-02-01,2249.65883548299,"Total revenues accrual",NA,"OK",NA
"factor_midas","Italy","Revenues","2015-02-26",-1804.03910905958,2,NA,NA,NA,NA,NA,NA,2015-02-01,2249.65883548299,"Total revenues accrual",NA,"OK",NA
"factor_midas","Italy","Revenues","2015-02-27",-2288.66791503105,2,NA,NA,NA,NA,NA,NA,2015-02-01,2249.65883548299,"Total revenues accrual",NA,"OK",NA
"factor_midas","Italy","Revenues","2015-03-01",-2360.20958978519,2,NA,NA,NA,NA,NA,NA,2015-03-01,2249.65883548299,"Total revenues accrual",NA,"OK",NA
"factor_midas","Italy","Revenues","2015-03-05",-2435.31099168786,2,NA,NA,NA,NA,NA,NA,2015-03-01,2249.65883548299,"Total revenues accrual",NA,"OK",NA
"factor_midas","Italy","Revenues","2015-03-07",-2463.48325660362,2,NA,NA,NA,NA,NA,NA,2015-03-01,2249.65883548299,"Total revenues accrual",NA,"OK",NA
"factor_midas","Italy","Revenues","2015-03-15",1819.74449911066,1,NA,NA,NA,NA,NA,NA,2015-03-01,-1188.08695390899,"Total revenues accrual",NA,"OK",NA
"factor_midas","Italy","Revenues","2015-03-26",1814.97338987993,1,NA,NA,NA,NA,NA,NA,2015-03-01,-1188.08695390899,"Total revenues accrual",NA,"OK",NA
"factor_midas","Italy","Revenues","2015-03-27",1809.79162186919,1,NA,NA,NA,NA,NA,NA,2015-03-01,-1188.08695390899,"Total revenues accrual",NA,"OK",NA
"factor_midas","Italy","Revenues","2015-04-01",1813.54478534613,1,NA,NA,NA,NA,NA,NA,2015-04-01,-1188.08695390899,"Total revenues accrual",NA,"OK",NA
"factor_midas","Italy","Revenues","2015-04-03",1814.96184977737,1,NA,NA,NA,NA,NA,NA,2015-04-01,-1188.08695390899,"Total revenues accrual",NA,"OK",NA
"factor_midas","Italy","Revenues","2015-04-05",1825.23658007261,1,NA,NA,NA,NA,NA,NA,2015-04-01,-1188.08695390899,"Total revenues accrual",NA,"OK",NA
"factor_midas","Italy","Revenues","2015-04-15",1849.97177867044,1,NA,NA,NA,NA,NA,NA,2015-04-01,-1188.08695390899,"Total revenues accrual",NA,"OK",NA
"factor_midas","Italy","Revenues","2015-04-27",1835.27199549676,1,NA,NA,NA,NA,NA,NA,2015-04-01,-1188.08695390899,"Total revenues accrual",NA,"OK",NA
"factor_midas","Italy","Revenues","2015-04-30",1830.13020568784,1,NA,NA,NA,NA,NA,NA,2015-04-01,-1188.08695390899,"Total revenues accrual",NA,"OK",NA
"factor_midas","Italy","Revenues","2015-05-01",2380.81910100981,1,NA,NA,NA,NA,NA,NA,2015-05-01,-1188.08695390899,"Total revenues accrual",NA,"OK",NA
"factor_midas","Italy","Revenues","2015-05-05",2253.62007021817,1,NA,NA,NA,NA,NA,NA,2015-05-01,-1188.08695390899,"Total revenues accrual",NA,"OK",NA
"factor_midas","Italy","Revenues","2015-05-15",1812.56799515861,1,NA,NA,NA,NA,NA,NA,2015-05-01,-1188.08695390899,"Total revenues accrual",NA,"OK",NA
"factor_midas","Italy","Revenues","2015-05-27",1159.9825997319,1,NA,NA,NA,NA,NA,NA,2015-05-01,-1188.08695390899,"Total revenues accrual",NA,"OK",NA
"factor_midas","Italy","Revenues","2015-05-28",1183.37061762743,1,NA,NA,NA,NA,NA,NA,2015-05-01,-1188.08695390899,"Total revenues accrual",NA,"OK",NA
"factor_midas","Italy","Revenues","2015-06-01",1615.07988060281,1,NA,NA,NA,NA,NA,NA,2015-06-01,-1188.08695390899,"Total revenues accrual",NA,"OK",NA
"factor_midas","Italy","Revenues","2015-06-05",1965.643264941,1,NA,NA,NA,NA,NA,NA,2015-06-01,-1188.08695390899,"Total revenues accrual",NA,"OK",NA
"factor_midas","Italy","Revenues","2015-06-15",-217.73980220515,1,NA,NA,NA,NA,NA,NA,2015-06-01,2402.82809338201,"Total revenues accrual",NA,"OK",NA
"factor_midas","Italy","Revenues","2015-06-25",-219.077799105776,1,NA,NA,NA,NA,NA,NA,2015-06-01,2402.82809338201,"Total revenues accrual",NA,"OK",NA
"factor_midas","Italy","Revenues","2015-06-27",-216.694845072081,1,NA,NA,NA,NA,NA,NA,2015-06-01,2402.82809338201,"Total revenues accrual",NA,"OK",NA
"factor_midas","Italy","Revenues","2015-07-01",-232.141208193271,1,NA,NA,NA,NA,NA,NA,2015-07-01,2402.82809338201,"Total revenues accrual",NA,"OK",NA
"factor_midas","Italy","Revenues","2015-07-03",-222.650227550662,1,NA,NA,NA,NA,NA,NA,2015-07-01,2402.82809338201,"Total revenues accrual",NA,"OK",NA
"factor_midas","Italy","Revenues","2015-07-05",-196.577521117402,1,NA,NA,NA,NA,NA,NA,2015-07-01,2402.82809338201,"Total revenues accrual",NA,"OK",NA
"factor_midas","Italy","Revenues","2015-07-15",-200.246061618033,1,NA,NA,NA,NA,NA,NA,2015-07-01,2402.82809338201,"Total revenues accrual",NA,"OK",NA
"factor_midas","Italy","Revenues","2015-07-27",-195.427303100866,1,NA,NA,NA,NA,NA,NA,2015-07-01,2402.82809338201,"Total revenues accrual",NA,"OK",NA
"factor_midas","Italy","Revenues","2015-07-30",-198.866661670344,1,NA,NA,NA,NA,NA,NA,2015-07-01,2402.82809338201,"Total revenues accrual",NA,"OK",NA
"factor_midas","Italy","Revenues","2015-08-01",-835.544296438638,2,NA,NA,NA,NA,NA,NA,2015-08-01,2402.82809338201,"Total revenues accrual",NA,"OK",NA
"factor_midas","Italy","Revenues","2015-08-05",-962.196888421958,2,NA,NA,NA,NA,NA,NA,2015-08-01,2402.82809338201,"Total revenues accrual",NA,"OK",NA
"factor_midas","Italy","Revenues","2015-08-06",-885.806138758107,2,NA,NA,NA,NA,NA,NA,2015-08-01,2402.82809338201,"Total revenues accrual",NA,"OK",NA
"factor_midas","Italy","Revenues","2015-08-15",-877.261158680272,2,NA,NA,NA,NA,NA,NA,2015-08-01,2402.82809338201,"Total revenues accrual",NA,"OK",NA
"factor_midas","Italy","Revenues","2015-08-27",-1005.34976876246,2,NA,NA,NA,NA,NA,NA,2015-08-01,2402.82809338201,"Total revenues accrual",NA,"OK",NA
"factor_midas","Italy","Revenues","2015-09-01",-1434.33779390198,2,NA,NA,NA,NA,NA,NA,2015-09-01,2402.82809338201,"Total revenues accrual",NA,"OK",NA
"factor_midas","Italy","Revenues","2015-09-02",-1592.92487668486,2,NA,NA,NA,NA,NA,NA,2015-09-01,2402.82809338201,"Total revenues accrual",NA,"OK",NA
"factor_midas","Italy","Revenues","2015-09-05",-2787.35932359244,2,NA,NA,NA,NA,NA,NA,2015-09-01,2402.82809338201,"Total revenues accrual",NA,"OK",NA
"factor_midas","Italy","Revenues","2015-09-15",1029.00251880168,2,NA,NA,NA,NA,NA,NA,2015-09-01,-100.881081639003,"Total revenues accrual",NA,"OK",NA
"factor_midas","Italy","Revenues","2015-09-24",1024.02624583354,2,NA,NA,NA,NA,NA,NA,2015-09-01,-100.881081639003,"Total revenues accrual",NA,"OK",NA
"factor_midas","Italy","Revenues","2015-09-27",978.339995972954,2,NA,NA,NA,NA,NA,NA,2015-09-01,-100.881081639003,"Total revenues accrual",NA,"OK",NA
"factor_midas","Italy","Revenues","2015-10-01",1006.43694071219,2,NA,NA,NA,NA,NA,NA,2015-10-01,-100.881081639003,"Total revenues accrual",NA,"OK",NA
"factor_midas","Italy","Revenues","2015-10-04",978.329692657443,2,NA,NA,NA,NA,NA,NA,2015-10-01,-100.881081639003,"Total revenues accrual",NA,"OK",NA
"factor_midas","Italy","Revenues","2015-10-05",976.884652369696,2,NA,NA,NA,NA,NA,NA,2015-10-01,-100.881081639003,"Total revenues accrual",NA,"OK",NA
"factor_midas","Italy","Revenues","2015-10-15",963.395865437704,2,NA,NA,NA,NA,NA,NA,2015-10-01,-100.881081639003,"Total revenues accrual",NA,"OK",NA
"factor_midas","Italy","Revenues","2015-10-27",1255.80861201898,2,NA,NA,NA,NA,NA,NA,2015-10-01,-100.881081639003,"Total revenues accrual",NA,"OK",NA
"factor_midas","Italy","Revenues","2015-10-29",1256.60691355502,2,NA,NA,NA,NA,NA,NA,2015-10-01,-100.881081639003,"Total revenues accrual",NA,"OK",NA
"factor_midas","Italy","Revenues","2015-11-01",1196.50828537666,2,NA,NA,NA,NA,NA,NA,2015-11-01,-100.881081639003,"Total revenues accrual",NA,"OK",NA
"factor_midas","Italy","Revenues","2015-11-05",670.120383354935,2,NA,NA,NA,NA,NA,NA,2015-11-01,-100.881081639003,"Total revenues accrual",NA,"OK",NA
"factor_midas","Italy","Revenues","2015-11-07",689.131125830018,2,NA,NA,NA,NA,NA,NA,2015-11-01,-100.881081639003,"Total revenues accrual",NA,"OK",NA
"factor_midas","Italy","Revenues","2015-11-15",784.293086475692,2,NA,NA,NA,NA,NA,NA,2015-11-01,-100.881081639003,"Total revenues accrual",NA,"OK",NA
"factor_midas","Italy","Revenues","2015-11-26",769.569562860441,2,NA,NA,NA,NA,NA,NA,2015-11-01,-100.881081639003,"Total revenues accrual",NA,"OK",NA
"factor_midas","Italy","Revenues","2015-11-27",920.251412325754,2,NA,NA,NA,NA,NA,NA,2015-11-01,-100.881081639003,"Total revenues accrual",NA,"OK",NA
"factor_midas","Italy","Revenues","2015-12-01",1221.43237100588,2,NA,NA,NA,NA,NA,NA,2015-12-01,-100.881081639003,"Total revenues accrual",NA,"OK",NA
"factor_midas","Italy","Revenues","2015-12-02",1327.09714968906,2,NA,NA,NA,NA,NA,NA,2015-12-01,-100.881081639003,"Total revenues accrual",NA,"OK",NA
"factor_midas","Italy","Revenues","2015-12-05",1711.81780300828,2,NA,NA,NA,NA,NA,NA,2015-12-01,-100.881081639003,"Total revenues accrual",NA,"OK",NA
"factor_midas","Italy","Revenues","2015-12-15",598.816724264337,2,NA,NA,NA,NA,NA,NA,2015-12-01,1005.824692917,"Total revenues accrual",NA,"OK",NA
"factor_midas","Italy","Revenues","2015-12-27",582.791799036255,2,NA,NA,NA,NA,NA,NA,2015-12-01,1005.824692917,"Total revenues accrual",NA,"OK",NA
"factor_midas","Italy","Revenues","2015-12-31",590.741007031769,2,NA,NA,NA,NA,NA,NA,2015-12-01,1005.824692917,"Total revenues accrual",NA,"OK",NA
"factor_midas","Italy","Revenues","2016-01-01",370.24051311671,2,NA,NA,NA,NA,NA,NA,2016-01-01,1005.824692917,"Total revenues accrual",NA,"OK",NA
"factor_midas","Italy","Revenues","2016-01-05",359.908304348632,2,NA,NA,NA,NA,NA,NA,2016-01-01,1005.824692917,"Total revenues accrual",NA,"OK",NA
"factor_midas","Italy","Revenues","2016-01-15",276.386387645767,2,NA,NA,NA,NA,NA,NA,2016-01-01,1005.824692917,"Total revenues accrual",NA,"OK",NA
"factor_midas","Italy","Revenues","2016-01-27",30.4288528131822,2,NA,NA,NA,NA,NA,NA,2016-01-01,1005.824692917,"Total revenues accrual",NA,"OK",NA
"factor_midas","Italy","Revenues","2016-01-28",31.6410513129592,2,NA,NA,NA,NA,NA,NA,2016-01-01,1005.824692917,"Total revenues accrual",NA,"OK",NA
"factor_midas","Italy","Revenues","2016-02-01",1295.59636050721,2,NA,NA,NA,NA,NA,NA,2016-02-01,1005.824692917,"Total revenues accrual",NA,"OK",NA
"factor_midas","Italy","Revenues","2016-02-05",1417.81204504627,2,NA,NA,NA,NA,NA,NA,2016-02-01,1005.824692917,"Total revenues accrual",NA,"OK",NA
"factor_midas","Italy","Revenues","2016-02-15",1587.49270047457,2,NA,NA,NA,NA,NA,NA,2016-02-01,1005.824692917,"Total revenues accrual",NA,"OK",NA
"factor_midas","Italy","Revenues","2016-02-25",1592.70273326015,2,NA,NA,NA,NA,NA,NA,2016-02-01,1005.824692917,"Total revenues accrual",NA,"OK",NA
"factor_midas","Italy","Revenues","2016-02-27",2323.57369985181,2,NA,NA,NA,NA,NA,NA,2016-02-01,1005.824692917,"Total revenues accrual",NA,"OK",NA
"factor_midas","Italy","Revenues","2016-03-01",2276.57756897666,2,NA,NA,NA,NA,NA,NA,2016-03-01,1005.824692917,"Total revenues accrual",NA,"OK",NA
"factor_midas","Italy","Revenues","2016-03-02",1967.03703456118,2,NA,NA,NA,NA,NA,NA,2016-03-01,1005.824692917,"Total revenues accrual",NA,"OK",NA
"factor_midas","Italy","Revenues","2016-03-05",2208.49750002818,2,NA,NA,NA,NA,NA,NA,2016-03-01,1005.824692917,"Total revenues accrual",NA,"OK",NA
"factor_midas","Italy","Revenues","2016-03-15",1039.90899051842,2,NA,NA,NA,NA,NA,NA,2016-03-01,-1695.967683005,"Total revenues accrual",NA,"OK",NA
"factor_midas","Italy","Revenues","2016-03-27",987.345257653342,2,NA,NA,NA,NA,NA,NA,2016-03-01,-1695.967683005,"Total revenues accrual",NA,"OK",NA
"factor_midas","Italy","Revenues","2016-03-31",1015.18605947836,2,NA,NA,NA,NA,NA,NA,2016-03-01,-1695.967683005,"Total revenues accrual",NA,"OK",NA
"factor_midas","Italy","Revenues","2016-04-01",1166.80101071359,2,NA,NA,NA,NA,NA,NA,2016-04-01,-1695.967683005,"Total revenues accrual",NA,"OK",NA
"factor_midas","Italy","Revenues","2016-04-05",1316.6104147463,2,NA,NA,NA,NA,NA,NA,2016-04-01,-1695.967683005,"Total revenues accrual",NA,"OK",NA
"factor_midas","Italy","Revenues","2016-04-15",1273.00055109149,2,NA,NA,NA,NA,NA,NA,2016-04-01,-1695.967683005,"Total revenues accrual",NA,"OK",NA
"factor_midas","Italy","Revenues","2016-04-27",995.931451895672,2,NA,NA,NA,NA,NA,NA,2016-04-01,-1695.967683005,"Total revenues accrual",NA,"OK",NA
"factor_midas","Italy","Revenues","2016-04-28",976.056867378183,2,NA,NA,NA,NA,NA,NA,2016-04-01,-1695.967683005,"Total revenues accrual",NA,"OK",NA
"factor_midas","Italy","Revenues","2016-05-01",497.87923088528,2,NA,NA,NA,NA,NA,NA,2016-05-01,-1695.967683005,"Total revenues accrual",NA,"OK",NA
"factor_midas","Italy","Revenues","2016-05-05",523.879312955434,2,NA,NA,NA,NA,NA,NA,2016-05-01,-1695.967683005,"Total revenues accrual",NA,"OK",NA
"factor_midas","Italy","Revenues","2016-05-07",648.287364687454,2,NA,NA,NA,NA,NA,NA,2016-05-01,-1695.967683005,"Total revenues accrual",NA,"OK",NA
"factor_midas","Italy","Revenues","2016-05-15",748.503577723275,2,NA,NA,NA,NA,NA,NA,2016-05-01,-1695.967683005,"Total revenues accrual",NA,"OK",NA
"factor_midas","Italy","Revenues","2016-05-26",812.949253648967,2,NA,NA,NA,NA,NA,NA,2016-05-01,-1695.967683005,"Total revenues accrual",NA,"OK",NA
"factor_midas","Italy","Revenues","2016-05-27",882.042948431984,2,NA,NA,NA,NA,NA,NA,2016-05-01,-1695.967683005,"Total revenues accrual",NA,"OK",NA
"factor_midas","Italy","Revenues","2016-06-01",410.966996116983,2,NA,NA,NA,NA,NA,NA,2016-06-01,-1695.967683005,"Total revenues accrual",NA,"OK",NA
"factor_midas","Italy","Revenues","2016-06-03",380.773688640904,2,NA,NA,NA,NA,NA,NA,2016-06-01,-1695.967683005,"Total revenues accrual",NA,"OK",NA
"factor_midas","Italy","Revenues","2016-06-05",295.860448948849,2,NA,NA,NA,NA,NA,NA,2016-06-01,-1695.967683005,"Total revenues accrual",NA,"OK",NA
"factor_midas","Italy","Revenues","2016-06-15",49.8510416043775,2,NA,NA,NA,NA,NA,NA,2016-06-01,857.456360217009,"Total revenues accrual",NA,"OK",NA
"factor_midas","Italy","Revenues","2016-06-27",154.596645507285,2,NA,NA,NA,NA,NA,NA,2016-06-01,857.456360217009,"Total revenues accrual",NA,"OK",NA
"factor_midas","Italy","Revenues","2016-06-30",163.956957481933,2,NA,NA,NA,NA,NA,NA,2016-06-01,857.456360217009,"Total revenues accrual",NA,"OK",NA
"factor_midas","Italy","Revenues","2016-07-01",235.749470713822,2,NA,NA,NA,NA,NA,NA,2016-07-01,857.456360217009,"Total revenues accrual",NA,"OK",NA
"factor_midas","Italy","Revenues","2016-07-05",265.945263368493,2,NA,NA,NA,NA,NA,NA,2016-07-01,857.456360217009,"Total revenues accrual",NA,"OK",NA
"factor_midas","Italy","Revenues","2016-07-15",501.223786718324,2,NA,NA,NA,NA,NA,NA,2016-07-01,857.456360217009,"Total revenues accrual",NA,"OK",NA
"factor_midas","Italy","Revenues","2016-07-27",327.588099869315,2,NA,NA,NA,NA,NA,NA,2016-07-01,857.456360217009,"Total revenues accrual",NA,"OK",NA
"factor_midas","Italy","Revenues","2016-07-28",327.870235181571,2,NA,NA,NA,NA,NA,NA,2016-07-01,857.456360217009,"Total revenues accrual",NA,"OK",NA
"factor_midas","Italy","Revenues","2016-08-01",276.31753079577,2,NA,NA,NA,NA,NA,NA,2016-08-01,857.456360217009,"Total revenues accrual",NA,"OK",NA
"factor_midas","Italy","Revenues","2016-08-05",323.452077929676,2,NA,NA,NA,NA,NA,NA,2016-08-01,857.456360217009,"Total revenues accrual",NA,"OK",NA
"factor_midas","Italy","Revenues","2016-08-15",460.558314261892,2,NA,NA,NA,NA,NA,NA,2016-08-01,857.456360217009,"Total revenues accrual",NA,"OK",NA
"factor_midas","Italy","Revenues","2016-08-25",631.894047737908,2,NA,NA,NA,NA,NA,NA,2016-08-01,857.456360217009,"Total revenues accrual",NA,"OK",NA
"factor_midas","Italy","Revenues","2016-08-27",608.665123332196,2,NA,NA,NA,NA,NA,NA,2016-08-01,857.456360217009,"Total revenues accrual",NA,"OK",NA
"factor_midas","Italy","Revenues","2016-09-01",338.655732286304,2,NA,NA,NA,NA,NA,NA,2016-09-01,857.456360217009,"Total revenues accrual",NA,"OK",NA
"factor_midas","Italy","Revenues","2016-09-04",36.8805046145876,2,NA,NA,NA,NA,NA,NA,2016-09-01,857.456360217009,"Total revenues accrual",NA,"OK",NA
"factor_midas","Italy","Revenues","2016-09-05",503.734290272955,2,NA,NA,NA,NA,NA,NA,2016-09-01,857.456360217009,"Total revenues accrual",NA,"OK",NA
"factor_midas","Italy","Revenues","2016-09-15",7.31730780000703,2,NA,NA,NA,NA,NA,NA,2016-09-01,660.940993586992,"Total revenues accrual",NA,"OK",NA
"factor_midas","Italy","Revenues","2016-09-27",359.066880148043,2,NA,NA,NA,NA,NA,NA,2016-09-01,660.940993586992,"Total revenues accrual",NA,"OK",NA
"factor_midas","Italy","Revenues","2016-09-29",361.129928336236,2,NA,NA,NA,NA,NA,NA,2016-09-01,660.940993586992,"Total revenues accrual",NA,"OK",NA
"factor_midas","Italy","Revenues","2016-10-01",554.226969666459,2,NA,NA,NA,NA,NA,NA,2016-10-01,660.940993586992,"Total revenues accrual",NA,"OK",NA
"factor_midas","Italy","Revenues","2016-10-05",546.119833791597,2,NA,NA,NA,NA,NA,NA,2016-10-01,660.940993586992,"Total revenues accrual",NA,"OK",NA
"factor_midas","Italy","Revenues","2016-10-06",651.851471789751,2,NA,NA,NA,NA,NA,NA,2016-10-01,660.940993586992,"Total revenues accrual",NA,"OK",NA
"factor_midas","Italy","Revenues","2016-10-15",860.501934183031,2,NA,NA,NA,NA,NA,NA,2016-10-01,660.940993586992,"Total revenues accrual",NA,"OK",NA
"factor_midas","Italy","Revenues","2016-10-27",689.462703962352,2,NA,NA,NA,NA,NA,NA,2016-10-01,660.940993586992,"Total revenues accrual",NA,"OK",NA
"factor_midas","Italy","Revenues","2016-11-01",1042.256375055,2,NA,NA,NA,NA,NA,NA,2016-11-01,660.940993586992,"Total revenues accrual",NA,"OK",NA
"factor_midas","Italy","Revenues","2016-11-02",1262.89935361209,2,NA,NA,NA,NA,NA,NA,2016-11-01,660.940993586992,"Total revenues accrual",NA,"OK",NA
"factor_midas","Italy","Revenues","2016-11-05",1843.94708487438,2,NA,NA,NA,NA,NA,NA,2016-11-01,660.940993586992,"Total revenues accrual",NA,"OK",NA
"factor_midas","Italy","Revenues","2016-11-15",1820.7423239615,2,NA,NA,NA,NA,NA,NA,2016-11-01,660.940993586992,"Total revenues accrual",NA,"OK",NA
"factor_midas","Italy","Revenues","2016-11-24",1809.88685685893,2,NA,NA,NA,NA,NA,NA,2016-11-01,660.940993586992,"Total revenues accrual",NA,"OK",NA
"factor_midas","Italy","Revenues","2016-11-27",1545.72449509584,2,NA,NA,NA,NA,NA,NA,2016-11-01,660.940993586992,"Total revenues accrual",NA,"OK",NA
"factor_midas","Italy","Revenues","2016-12-01",2184.22444373005,2,NA,NA,NA,NA,NA,NA,2016-12-01,660.940993586992,"Total revenues accrual",NA,"OK",NA
"factor_midas","Italy","Revenues","2016-12-04",2154.61372126253,2,NA,NA,NA,NA,NA,NA,2016-12-01,660.940993586992,"Total revenues accrual",NA,"OK",NA
"factor_midas","Italy","Revenues","2016-12-05",3040.97167357346,2,NA,NA,NA,NA,NA,NA,2016-12-01,660.940993586992,"Total revenues accrual",NA,"OK",NA
"factor_midas","Italy","Revenues","2016-12-15",1796.88780780617,2,NA,NA,NA,NA,NA,NA,2016-12-01,-2673.28116281598,"Total revenues accrual",NA,"OK",NA
"factor_midas","Italy","Revenues","2016-12-27",1816.90576211806,2,NA,NA,NA,NA,NA,NA,2016-12-01,-2673.28116281598,"Total revenues accrual",NA,"OK",NA
"factor_midas","Italy","Revenues","2016-12-29",1833.46226092186,2,NA,NA,NA,NA,NA,NA,2016-12-01,-2673.28116281598,"Total revenues accrual",NA,"OK",NA
"factor_midas","Italy","Revenues","2017-01-01",1886.3392026501,2,NA,NA,NA,NA,NA,NA,2017-01-01,-2673.28116281598,"Total revenues accrual",NA,"OK",NA
"factor_midas","Italy","Revenues","2017-01-05",1868.28179924462,2,NA,NA,NA,NA,NA,NA,2017-01-01,-2673.28116281598,"Total revenues accrual",NA,"OK",NA
"factor_midas","Italy","Revenues","2017-01-07",1995.94772845629,2,NA,NA,NA,NA,NA,NA,2017-01-01,-2673.28116281598,"Total revenues accrual",NA,"OK",NA
"factor_midas","Italy","Revenues","2017-01-15",2194.38531338132,2,NA,NA,NA,NA,NA,NA,2017-01-01,-2673.28116281598,"Total revenues accrual",NA,"OK",NA
"factor_midas","Italy","Revenues","2017-01-26",2141.88770931029,2,NA,NA,NA,NA,NA,NA,2017-01-01,-2673.28116281598,"Total revenues accrual",NA,"OK",NA
"factor_midas","Italy","Revenues","2017-01-27",2639.37204470693,2,NA,NA,NA,NA,NA,NA,2017-01-01,-2673.28116281598,"Total revenues accrual",NA,"OK",NA
"factor_midas","Italy","Revenues","2017-02-01",2564.07877292801,2,NA,NA,NA,NA,NA,NA,2017-02-01,-2673.28116281598,"Total revenues accrual",NA,"OK",NA
"factor_midas","Italy","Revenues","2017-02-03",2544.22685338706,2,NA,NA,NA,NA,NA,NA,2017-02-01,-2673.28116281598,"Total revenues accrual",NA,"OK",NA
"factor_midas","Italy","Revenues","2017-02-05",2525.58642326696,2,NA,NA,NA,NA,NA,NA,2017-02-01,-2673.28116281598,"Total revenues accrual",NA,"OK",NA
"factor_midas","Italy","Revenues","2017-02-15",2649.14407693335,2,NA,NA,NA,NA,NA,NA,2017-02-01,-2673.28116281598,"Total revenues accrual",NA,"OK",NA
"factor_midas","Italy","Revenues","2017-02-23",2679.98672473907,2,NA,NA,NA,NA,NA,NA,2017-02-01,-2673.28116281598,"Total revenues accrual",NA,"OK",NA
"factor_midas","Italy","Revenues","2017-02-27",2121.52260001425,2,NA,NA,NA,NA,NA,NA,2017-02-01,-2673.28116281598,"Total revenues accrual",NA,"OK",NA
"factor_midas","Italy","Revenues","2017-03-01",2409.55979881576,2,NA,NA,NA,NA,NA,NA,2017-03-01,-2673.28116281598,"Total revenues accrual",NA,"OK",NA
"factor_midas","Italy","Revenues","2017-03-03",2559.62165484596,2,NA,NA,NA,NA,NA,NA,2017-03-01,-2673.28116281598,"Total revenues accrual",NA,"OK",NA
"factor_midas","Italy","Revenues","2017-03-05",2570.28150737841,2,NA,NA,NA,NA,NA,NA,2017-03-01,-2673.28116281598,"Total revenues accrual",NA,"OK",NA
"factor_midas","Italy","Revenues","2017-03-15",-1678.64445570149,2,NA,NA,NA,NA,NA,NA,2017-03-01,4582.44801732199,"Total revenues accrual",NA,"OK",NA
"factor_midas","Italy","Revenues","2017-03-27",-1692.66938877157,2,NA,NA,NA,NA,NA,NA,2017-03-01,4582.44801732199,"Total revenues accrual",NA,"OK",NA
"factor_midas","Italy","Revenues","2017-03-30",-1712.97208815971,2,NA,NA,NA,NA,NA,NA,2017-03-01,4582.44801732199,"Total revenues accrual",NA,"OK",NA
"factor_midas","Italy","Revenues","2017-04-01",-2188.20244998121,2,NA,NA,NA,NA,NA,NA,2017-04-01,4582.44801732199,"Total revenues accrual",NA,"OK",NA
"factor_midas","Italy","Revenues","2017-04-05",-2235.22276780182,2,NA,NA,NA,NA,NA,NA,2017-04-01,4582.44801732199,"Total revenues accrual",NA,"OK",NA
"factor_midas","Italy","Revenues","2017-04-06",-2252.1284483434,2,NA,NA,NA,NA,NA,NA,2017-04-01,4582.44801732199,"Total revenues accrual",NA,"OK",NA
"factor_midas","Italy","Revenues","2017-04-15",-2768.49169256399,2,NA,NA,NA,NA,NA,NA,2017-04-01,4582.44801732199,"Total revenues accrual",NA,"OK",NA
"factor_midas","Italy","Revenues","2017-04-27",-3017.313487254,2,NA,NA,NA,NA,NA,NA,2017-04-01,4582.44801732199,"Total revenues accrual",NA,"OK",NA
"factor_midas","Italy","Revenues","2017-05-01",-1953.61895970222,2,NA,NA,NA,NA,NA,NA,2017-05-01,4582.44801732199,"Total revenues accrual",NA,"OK",NA
"factor_midas","Italy","Revenues","2017-05-05",-1810.74555953514,2,NA,NA,NA,NA,NA,NA,2017-05-01,4582.44801732199,"Total revenues accrual",NA,"OK",NA
"factor_midas","Italy","Revenues","2017-05-15",-1683.18573976661,2,NA,NA,NA,NA,NA,NA,2017-05-01,4582.44801732199,"Total revenues accrual",NA,"OK",NA
"factor_midas","Italy","Revenues","2017-05-25",-1653.59516671119,2,NA,NA,NA,NA,NA,NA,2017-05-01,4582.44801732199,"Total revenues accrual",NA,"OK",NA
"factor_midas","Italy","Revenues","2017-05-27",-1315.93207016255,2,NA,NA,NA,NA,NA,NA,2017-05-01,4582.44801732199,"Total revenues accrual",NA,"OK",NA
"factor_midas","Italy","Revenues","2017-06-01",-1690.09151813883,2,NA,NA,NA,NA,NA,NA,2017-06-01,4582.44801732199,"Total revenues accrual",NA,"OK",NA
"factor_midas","Italy","Revenues","2017-06-04",-1611.5663779824,2,NA,NA,NA,NA,NA,NA,2017-06-01,4582.44801732199,"Total revenues accrual",NA,"OK",NA
"factor_midas","Italy","Revenues","2017-06-05",-1941.81105952474,2,NA,NA,NA,NA,NA,NA,2017-06-01,4582.44801732199,"Total revenues accrual",NA,"OK",NA
"factor_midas","Italy","Revenues","2017-06-15",1062.94022075727,2,NA,NA,NA,NA,NA,NA,2017-06-01,-864.155980369018,"Total revenues accrual",NA,"OK",NA
"factor_midas","Italy","Revenues","2017-06-27",879.856560284848,2,NA,NA,NA,NA,NA,NA,2017-06-01,-864.155980369018,"Total revenues accrual",NA,"OK",NA
"factor_midas","Italy","Revenues","2017-06-29",886.708243421706,2,NA,NA,NA,NA,NA,NA,2017-06-01,-864.155980369018,"Total revenues accrual",NA,"OK",NA
"factor_midas","Italy","Revenues","2017-07-01",1084.36683397034,2,NA,NA,NA,NA,NA,NA,2017-07-01,-864.155980369018,"Total revenues accrual",NA,"OK",NA
"factor_midas","Italy","Revenues","2017-07-05",1074.2305191401,2,NA,NA,NA,NA,NA,NA,2017-07-01,-864.155980369018,"Total revenues accrual",NA,"OK",NA
"factor_midas","Italy","Revenues","2017-07-06",1076.55567638502,2,NA,NA,NA,NA,NA,NA,2017-07-01,-864.155980369018,"Total revenues accrual",NA,"OK",NA
"factor_midas","Italy","Revenues","2017-07-15",610.319993421439,2,NA,NA,NA,NA,NA,NA,2017-07-01,-864.155980369018,"Total revenues accrual",NA,"OK",NA
"factor_midas","Italy","Revenues","2017-07-27",545.833819284322,2,NA,NA,NA,NA,NA,NA,2017-07-01,-864.155980369018,"Total revenues accrual",NA,"OK",NA
"factor_midas","Italy","Revenues","2017-08-01",380.7086821253,2,NA,NA,NA,NA,NA,NA,2017-08-01,-864.155980369018,"Total revenues accrual",NA,"OK",NA
"factor_midas","Italy","Revenues","2017-08-02",388.975248059979,2,NA,NA,NA,NA,NA,NA,2017-08-01,-864.155980369018,"Total revenues accrual",NA,"OK",NA
"factor_midas","Italy","Revenues","2017-08-05",406.049432822585,2,NA,NA,NA,NA,NA,NA,2017-08-01,-864.155980369018,"Total revenues accrual",NA,"OK",NA
"factor_midas","Italy","Revenues","2017-08-15",247.339677681179,2,NA,NA,NA,NA,NA,NA,2017-08-01,-864.155980369018,"Total revenues accrual",NA,"OK",NA
"factor_midas","Italy","Revenues","2017-08-27",506.437236917675,2,NA,NA,NA,NA,NA,NA,2017-08-01,-864.155980369018,"Total revenues accrual",NA,"OK",NA
"factor_midas","Italy","Revenues","2017-08-31",236.569411831546,2,NA,NA,NA,NA,NA,NA,2017-08-01,-864.155980369018,"Total revenues accrual",NA,"OK",NA
"factor_midas","Italy","Revenues","2017-09-01",327.585055271746,2,NA,NA,NA,NA,NA,NA,2017-09-01,-864.155980369018,"Total revenues accrual",NA,"OK",NA
"factor_midas","Italy","Revenues","2017-09-05",352.127461762348,2,NA,NA,NA,NA,NA,NA,2017-09-01,-864.155980369018,"Total revenues accrual",NA,"OK",NA
"factor_midas","Italy","Revenues","2017-09-15",-141.400564190204,2,NA,NA,NA,NA,NA,NA,2017-09-01,986.858014535013,"Total revenues accrual",NA,"OK",NA
"factor_midas","Italy","Revenues","2017-09-27",-38.4562709843432,2,NA,NA,NA,NA,NA,NA,2017-09-01,986.858014535013,"Total revenues accrual",NA,"OK",NA
"factor_midas","Italy","Revenues","2017-09-28",-47.7368040732175,2,NA,NA,NA,NA,NA,NA,2017-09-01,986.858014535013,"Total revenues accrual",NA,"OK",NA
"factor_midas","Italy","Revenues","2017-10-01",170.256534459726,2,NA,NA,NA,NA,NA,NA,2017-10-01,986.858014535013,"Total revenues accrual",NA,"OK",NA
"factor_midas","Italy","Revenues","2017-10-05",134.493805635409,2,NA,NA,NA,NA,NA,NA,2017-10-01,986.858014535013,"Total revenues accrual",NA,"OK",NA
"factor_midas","Italy","Revenues","2017-10-07",-11.4329977567525,2,NA,NA,NA,NA,NA,NA,2017-10-01,986.858014535013,"Total revenues accrual",NA,"OK",NA
"factor_midas","Italy","Revenues","2017-10-15",1061.0648021344,2,NA,NA,NA,NA,NA,NA,2017-10-01,986.858014535013,"Total revenues accrual",NA,"OK",NA
"factor_midas","Italy","Revenues","2017-10-26",1048.95278970166,2,NA,NA,NA,NA,NA,NA,2017-10-01,986.858014535013,"Total revenues accrual",NA,"OK",NA
"factor_midas","Italy","Revenues","2017-10-27",1355.85479899661,2,NA,NA,NA,NA,NA,NA,2017-10-01,986.858014535013,"Total revenues accrual",NA,"OK",NA
"factor_midas","Italy","Revenues","2017-11-01",564.136053638606,2,NA,NA,NA,NA,NA,NA,2017-11-01,986.858014535013,"Total revenues accrual",NA,"OK",NA
"factor_midas","Italy","Revenues","2017-11-03",559.517130404194,2,NA,NA,NA,NA,NA,NA,2017-11-01,986.858014535013,"Total revenues accrual",NA,"OK",NA
"factor_midas","Italy","Revenues","2017-11-05",899.44830496894,2,NA,NA,NA,NA,NA,NA,2017-11-01,986.858014535013,"Total revenues accrual",NA,"OK",NA
"factor_midas","Italy","Revenues","2017-11-15",1162.43472274309,2,NA,NA,NA,NA,NA,NA,2017-11-01,986.858014535013,"Total revenues accrual",NA,"OK",NA
"factor_midas","Italy","Revenues","2017-11-27",797.35414741358,2,NA,NA,NA,NA,NA,NA,2017-11-01,986.858014535013,"Total revenues accrual",NA,"OK",NA
"factor_midas","Italy","Revenues","2017-11-30",811.376428958809,2,NA,NA,NA,NA,NA,NA,2017-11-01,986.858014535013,"Total revenues accrual",NA,"OK",NA
"factor_midas","Italy","Revenues","2017-12-01",1230.92952113694,2,NA,NA,NA,NA,NA,NA,2017-12-01,986.858014535013,"Total revenues accrual",NA,"OK",NA
"factor_midas","Italy","Revenues","2017-12-05",1326.05099614485,2,NA,NA,NA,NA,NA,NA,2017-12-01,986.858014535013,"Total revenues accrual",NA,"OK",NA
"factor_midas","Italy","Revenues","2017-12-15",1153.80998410228,2,NA,NA,NA,NA,NA,NA,2017-12-01,495.450749431009,"Total revenues accrual",NA,"OK",NA
"factor_midas","Italy","Revenues","2017-12-27",976.536028693542,2,NA,NA,NA,NA,NA,NA,2017-12-01,495.450749431009,"Total revenues accrual",NA,"OK",NA
"factor_midas","Italy","Revenues","2017-12-28",982.316783003663,2,NA,NA,NA,NA,NA,NA,2017-12-01,495.450749431009,"Total revenues accrual",NA,"OK",NA
"factor_midas","Italy","Revenues","2018-01-01",731.463640733619,2,NA,NA,NA,NA,NA,NA,2018-01-01,495.450749431009,"Total revenues accrual",NA,"OK",NA
"factor_midas","Italy","Revenues","2018-01-05",750.649789291117,2,NA,NA,NA,NA,NA,NA,2018-01-01,495.450749431009,"Total revenues accrual",NA,"OK",NA
"factor_midas","Italy","Revenues","2018-01-15",65.0484341061607,2,NA,NA,NA,NA,NA,NA,2018-01-01,495.450749431009,"Total revenues accrual",NA,"OK",NA
"factor_midas","Italy","Revenues","2018-01-25",92.0950599900324,2,NA,NA,NA,NA,NA,NA,2018-01-01,495.450749431009,"Total revenues accrual",NA,"OK",NA
"factor_midas","Italy","Revenues","2018-01-27",743.903710902826,2,NA,NA,NA,NA,NA,NA,2018-01-01,495.450749431009,"Total revenues accrual",NA,"OK",NA
"factor_midas","Italy","Revenues","2018-02-01",491.560548156666,2,NA,NA,NA,NA,NA,NA,2018-02-01,495.450749431009,"Total revenues accrual",NA,"OK",NA
"factor_midas","Italy","Revenues","2018-02-04",500.867747321189,2,NA,NA,NA,NA,NA,NA,2018-02-01,495.450749431009,"Total revenues accrual",NA,"OK",NA
"factor_midas","Italy","Revenues","2018-02-05",169.848902046682,2,NA,NA,NA,NA,NA,NA,2018-02-01,495.450749431009,"Total revenues accrual",NA,"OK",NA
"factor_midas","Italy","Revenues","2018-02-15",732.852097005098,2,NA,NA,NA,NA,NA,NA,2018-02-01,495.450749431009,"Total revenues accrual",NA,"OK",NA
"factor_midas","Italy","Revenues","2018-02-22",618.766498997916,2,NA,NA,NA,NA,NA,NA,2018-02-01,495.450749431009,"Total revenues accrual",NA,"OK",NA
"factor_midas","Italy","Revenues","2018-02-27",75.3308562278588,2,NA,NA,NA,NA,NA,NA,2018-02-01,495.450749431009,"Total revenues accrual",NA,"OK",NA
"factor_midas","Italy","Revenues","2018-03-01",-514.593324122996,2,NA,NA,NA,NA,NA,NA,2018-03-01,495.450749431009,"Total revenues accrual",NA,"OK",NA
"factor_midas","Italy","Revenues","2018-03-04",-578.10877504945,2,NA,NA,NA,NA,NA,NA,2018-03-01,495.450749431009,"Total revenues accrual",NA,"OK",NA
"factor_midas","Italy","Revenues","2018-03-05",-76.8340667356672,1,NA,NA,NA,NA,NA,NA,2018-03-01,495.450749431009,"Total revenues accrual",NA,"OK",NA
"factor_midas","Italy","Revenues","2018-03-15",11.8496557375742,1,NA,NA,NA,NA,NA,NA,2018-03-01,1565.50714749299,"Total revenues accrual",NA,"OK",NA
"factor_midas","Italy","Revenues","2018-03-27",12.108148332095,1,NA,NA,NA,NA,NA,NA,2018-03-01,1565.50714749299,"Total revenues accrual",NA,"OK",NA
"factor_midas","Italy","Revenues","2018-03-29",12.6000889288164,1,NA,NA,NA,NA,NA,NA,2018-03-01,1565.50714749299,"Total revenues accrual",NA,"OK",NA
"factor_midas","Italy","Revenues","2018-04-01",13.7896213396806,1,NA,NA,NA,NA,NA,NA,2018-04-01,1565.50714749299,"Total revenues accrual",NA,"OK",NA
"factor_midas","Italy","Revenues","2018-04-05",10.413451688752,1,NA,NA,NA,NA,NA,NA,2018-04-01,1565.50714749299,"Total revenues accrual",NA,"OK",NA
"factor_midas","Italy","Revenues","2018-04-07",11.4120317907019,1,NA,NA,NA,NA,NA,NA,2018-04-01,1565.50714749299,"Total revenues accrual",NA,"OK",NA
"factor_midas","Italy","Revenues","2018-04-15",23.3365090369485,1,NA,NA,NA,NA,NA,NA,2018-04-01,1565.50714749299,"Total revenues accrual",NA,"OK",NA
"factor_midas","Italy","Revenues","2018-04-26",23.2216807594627,1,NA,NA,NA,NA,NA,NA,2018-04-01,1565.50714749299,"Total revenues accrual",NA,"OK",NA
"factor_midas","Italy","Revenues","2018-04-27",23.8946798442335,1,NA,NA,NA,NA,NA,NA,2018-04-01,1565.50714749299,"Total revenues accrual",NA,"OK",NA
"factor_midas","Italy","Revenues","2018-05-01",-323.339378716367,1,NA,NA,NA,NA,NA,NA,2018-05-01,1565.50714749299,"Total revenues accrual",NA,"OK",NA
"factor_midas","Italy","Revenues","2018-05-02",-565.804953860609,1,NA,NA,NA,NA,NA,NA,2018-05-01,1565.50714749299,"Total revenues accrual",NA,"OK",NA
"factor_midas","Italy","Revenues","2018-05-05",-561.750472329461,1,NA,NA,NA,NA,NA,NA,2018-05-01,1565.50714749299,"Total revenues accrual",NA,"OK",NA
"factor_midas","Italy","Revenues","2018-05-15",-526.10824708275,1,NA,NA,NA,NA,NA,NA,2018-05-01,1565.50714749299,"Total revenues accrual",NA,"OK",NA
"factor_midas","Italy","Revenues","2018-05-27",-747.146329696006,1,NA,NA,NA,NA,NA,NA,2018-05-01,1565.50714749299,"Total revenues accrual",NA,"OK",NA
"factor_midas","Italy","Revenues","2018-05-31",-624.466530744962,1,NA,NA,NA,NA,NA,NA,2018-05-01,1565.50714749299,"Total revenues accrual",NA,"OK",NA
"factor_midas","Italy","Revenues","2018-06-01",-820.810030800987,1,NA,NA,NA,NA,NA,NA,2018-06-01,1565.50714749299,"Total revenues accrual",NA,"OK",NA
"factor_midas","Italy","Revenues","2018-06-05",-1067.66544383782,1,NA,NA,NA,NA,NA,NA,2018-06-01,1565.50714749299,"Total revenues accrual",NA,"OK",NA
"factor_midas","Italy","Revenues","2018-06-15",-99.7835118702726,1,NA,NA,NA,NA,NA,NA,2018-06-01,2149.64826263901,"Total revenues accrual",NA,"OK",NA
"factor_midas","Italy","Revenues","2018-06-27",-98.9610977047618,1,NA,NA,NA,NA,NA,NA,2018-06-01,2149.64826263901,"Total revenues accrual",NA,"OK",NA
"factor_midas","Italy","Revenues","2018-06-28",-95.7233473622269,1,NA,NA,NA,NA,NA,NA,2018-06-01,2149.64826263901,"Total revenues accrual",NA,"OK",NA
"factor_midas","Italy","Revenues","2018-07-01",-91.6450952234599,1,NA,NA,NA,NA,NA,NA,2018-07-01,2149.64826263901,"Total revenues accrual",NA,"OK",NA
"factor_midas","Italy","Revenues","2018-07-05",-87.6257933345512,1,NA,NA,NA,NA,NA,NA,2018-07-01,2149.64826263901,"Total revenues accrual",NA,"OK",NA
"factor_midas","Italy","Revenues","2018-07-07",-84.3747740393778,1,NA,NA,NA,NA,NA,NA,2018-07-01,2149.64826263901,"Total revenues accrual",NA,"OK",NA
"factor_midas","Italy","Revenues","2018-07-15",-85.5262553272844,1,NA,NA,NA,NA,NA,NA,2018-07-01,2149.64826263901,"Total revenues accrual",NA,"OK",NA
"factor_midas","Italy","Revenues","2018-07-26",-86.9205155650777,1,NA,NA,NA,NA,NA,NA,2018-07-01,2149.64826263901,"Total revenues accrual",NA,"OK",NA
"factor_midas","Italy","Revenues","2018-07-27",-78.5924206436512,1,NA,NA,NA,NA,NA,NA,2018-07-01,2149.64826263901,"Total revenues accrual",NA,"OK",NA
"factor_midas","Italy","Revenues","2018-08-01",-157.019169056525,1,NA,NA,NA,NA,NA,NA,2018-08-01,2149.64826263901,"Total revenues accrual",NA,"OK",NA
"factor_midas","Italy","Revenues","2018-08-03",-255.703889465442,1,NA,NA,NA,NA,NA,NA,2018-08-01,2149.64826263901,"Total revenues accrual",NA,"OK",NA
"factor_midas","Italy","Revenues","2018-08-05",-191.229683247196,1,NA,NA,NA,NA,NA,NA,2018-08-01,2149.64826263901,"Total revenues accrual",NA,"OK",NA
"factor_midas","Italy","Revenues","2018-08-15",-221.476872810974,1,NA,NA,NA,NA,NA,NA,2018-08-01,2149.64826263901,"Total revenues accrual",NA,"OK",NA
"factor_midas","Italy","Revenues","2018-08-27",-27.3694428035683,1,NA,NA,NA,NA,NA,NA,2018-08-01,2149.64826263901,"Total revenues accrual",NA,"OK",NA
"factor_midas","Italy","Revenues","2018-08-30",-3.0109212002244,1,NA,NA,NA,NA,NA,NA,2018-08-01,2149.64826263901,"Total revenues accrual",NA,"OK",NA
"factor_midas","Italy","Revenues","2018-09-01",32.6584963248858,1,NA,NA,NA,NA,NA,NA,2018-09-01,2149.64826263901,"Total revenues accrual",NA,"OK",NA
"factor_midas","Italy","Revenues","2018-09-05",49.3643387910821,1,NA,NA,NA,NA,NA,NA,2018-09-01,2149.64826263901,"Total revenues accrual",NA,"OK",NA
"factor_midas","Italy","Revenues","2018-09-06",-1.23457483968127,1,NA,NA,NA,NA,NA,NA,2018-09-01,2149.64826263901,"Total revenues accrual",NA,"OK",NA
"factor_midas","Italy","Revenues","2018-09-15",1678.91593496623,1,NA,NA,NA,NA,NA,NA,2018-09-01,-984.461774886004,"Total revenues accrual",NA,"OK",NA
"factor_midas","Italy","Revenues","2018-09-27",1683.74574897271,1,NA,NA,NA,NA,NA,NA,2018-09-01,-984.461774886004,"Total revenues accrual",NA,"OK",NA
"factor_midas","Italy","Revenues","2018-10-01",1689.53680674238,1,NA,NA,NA,NA,NA,NA,2018-10-01,-984.461774886004,"Total revenues accrual",NA,"OK",NA
"factor_midas","Italy","Revenues","2018-10-05",1693.59483128975,1,NA,NA,NA,NA,NA,NA,2018-10-01,-984.461774886004,"Total revenues accrual",NA,"OK",NA
"factor_midas","Italy","Revenues","2018-10-15",1687.63598127121,1,NA,NA,NA,NA,NA,NA,2018-10-01,-984.461774886004,"Total revenues accrual",NA,"OK",NA
"factor_midas","Italy","Revenues","2018-10-25",1684.9183580283,1,NA,NA,NA,NA,NA,NA,2018-10-01,-984.461774886004,"Total revenues accrual",NA,"OK",NA
"factor_midas","Italy","Revenues","2018-10-27",1700.40597561524,1,NA,NA,NA,NA,NA,NA,2018-10-01,-984.461774886004,"Total revenues accrual",NA,"OK",NA
"factor_midas","Italy","Revenues","2018-11-01",1829.34356828706,1,NA,NA,NA,NA,NA,NA,2018-11-01,-984.461774886004,"Total revenues accrual",NA,"OK",NA
"factor_midas","Italy","Revenues","2018-11-04",1786.13474189343,1,NA,NA,NA,NA,NA,NA,2018-11-01,-984.461774886004,"Total revenues accrual",NA,"OK",NA
"factor_midas","Italy","Revenues","2018-11-05",1828.00516357863,1,NA,NA,NA,NA,NA,NA,2018-11-01,-984.461774886004,"Total revenues accrual",NA,"OK",NA
"factor_midas","Italy","Revenues","2018-11-15",1789.74104538898,1,NA,NA,NA,NA,NA,NA,2018-11-01,-984.461774886004,"Total revenues accrual",NA,"OK",NA
"factor_midas","Italy","Revenues","2018-11-27",1942.20708724145,1,NA,NA,NA,NA,NA,NA,2018-11-01,-984.461774886004,"Total revenues accrual",NA,"OK",NA
"factor_midas","Italy","Revenues","2018-11-29",1984.20266963442,1,NA,NA,NA,NA,NA,NA,2018-11-01,-984.461774886004,"Total revenues accrual",NA,"OK",NA
"factor_midas","Italy","Revenues","2018-12-01",2061.97355640738,1,NA,NA,NA,NA,NA,NA,2018-12-01,-984.461774886004,"Total revenues accrual",NA,"OK",NA
"factor_midas","Italy","Revenues","2018-12-05",2100.71088731635,1,NA,NA,NA,NA,NA,NA,2018-12-01,-984.461774886004,"Total revenues accrual",NA,"OK",NA
"factor_midas","Italy","Revenues","2018-12-06",2065.0820828379,1,NA,NA,NA,NA,NA,NA,2018-12-01,-984.461774886004,"Total revenues accrual",NA,"OK",NA
"factor_midas","Italy","Revenues","2018-12-15",1599.21643265617,1,NA,NA,NA,NA,NA,NA,2018-12-01,-1087.47906282899,"Total revenues accrual",NA,"OK",NA
"factor_midas","Italy","Revenues","2018-12-27",1593.56657442079,1,NA,NA,NA,NA,NA,NA,2018-12-01,-1087.47906282899,"Total revenues accrual",NA,"OK",NA
"factor_midas","Italy","Revenues","2019-01-01",1590.50285910267,1,NA,NA,NA,NA,NA,NA,2019-01-01,-1087.47906282899,"Total revenues accrual",NA,"OK",NA
"factor_midas","Italy","Revenues","2019-01-02",1594.17122892677,1,NA,NA,NA,NA,NA,NA,2019-01-01,-1087.47906282899,"Total revenues accrual",NA,"OK",NA
"factor_midas","Italy","Revenues","2019-01-05",1598.70701420843,1,NA,NA,NA,NA,NA,NA,2019-01-01,-1087.47906282899,"Total revenues accrual",NA,"OK",NA
"factor_midas","Italy","Revenues","2019-01-15",1611.88199393921,1,NA,NA,NA,NA,NA,NA,2019-01-01,-1087.47906282899,"Total revenues accrual",NA,"OK",NA
"factor_midas","Italy","Revenues","2019-01-27",1621.76367208495,1,NA,NA,NA,NA,NA,NA,2019-01-01,-1087.47906282899,"Total revenues accrual",NA,"OK",NA
"factor_midas","Italy","Revenues","2019-01-31",1619.42582707501,1,NA,NA,NA,NA,NA,NA,2019-01-01,-1087.47906282899,"Total revenues accrual",NA,"OK",NA
"factor_midas","Italy","Revenues","2019-02-01",1570.54833779347,1,NA,NA,NA,NA,NA,NA,2019-02-01,-1087.47906282899,"Total revenues accrual",NA,"OK",NA
"factor_midas","Italy","Revenues","2019-02-05",1654.41629894779,1,NA,NA,NA,NA,NA,NA,2019-02-01,-1087.47906282899,"Total revenues accrual",NA,"OK",NA
"factor_midas","Italy","Revenues","2019-02-15",1829.41276269357,1,NA,NA,NA,NA,NA,NA,2019-02-01,-1087.47906282899,"Total revenues accrual",NA,"OK",NA
"factor_midas","Italy","Revenues","2019-02-27",1794.28042562175,1,NA,NA,NA,NA,NA,NA,2019-02-01,-1087.47906282899,"Total revenues accrual",NA,"OK",NA
"factor_midas","Italy","Revenues","2019-02-28",1826.83050507114,1,NA,NA,NA,NA,NA,NA,2019-02-01,-1087.47906282899,"Total revenues accrual",NA,"OK",NA
"factor_midas","Italy","Revenues","2019-03-01",1894.50965711877,1,NA,NA,NA,NA,NA,NA,2019-03-01,-1087.47906282899,"Total revenues accrual",NA,"OK",NA
"factor_midas","Italy","Revenues","2019-03-05",1955.98879394306,1,NA,NA,NA,NA,NA,NA,2019-03-01,-1087.47906282899,"Total revenues accrual",NA,"OK",NA
"factor_midas","Italy","Revenues","2019-03-15",-1565.17385349472,1,NA,NA,NA,NA,NA,NA,2019-03-01,4610.048790381,"Total revenues accrual",NA,"OK",NA
"factor_midas","Italy","Revenues","2019-03-27",-1573.29968828302,1,NA,NA,NA,NA,NA,NA,2019-03-01,4610.048790381,"Total revenues accrual",NA,"OK",NA
"factor_midas","Italy","Revenues","2019-03-28",-1569.20055819386,1,NA,NA,NA,NA,NA,NA,2019-03-01,4610.048790381,"Total revenues accrual",NA,"OK",NA
"factor_midas","Italy","Revenues","2019-04-01",-1549.19595458909,1,NA,NA,NA,NA,NA,NA,2019-04-01,4610.048790381,"Total revenues accrual",NA,"OK",NA
"factor_midas","Italy","Revenues","2019-04-05",-1545.66450979562,1,NA,NA,NA,NA,NA,NA,2019-04-01,4610.048790381,"Total revenues accrual",NA,"OK",NA
"factor_midas","Italy","Revenues","2019-04-15",-1543.63184021857,1,NA,NA,NA,NA,NA,NA,2019-04-01,4610.048790381,"Total revenues accrual",NA,"OK",NA
"factor_midas","Italy","Revenues","2019-04-25",-1541.73162653226,1,NA,NA,NA,NA,NA,NA,2019-04-01,4610.048790381,"Total revenues accrual",NA,"OK",NA
"factor_midas","Italy","Revenues","2019-04-27",-1555.11555224985,1,NA,NA,NA,NA,NA,NA,2019-04-01,4610.048790381,"Total revenues accrual",NA,"OK",NA
"factor_midas","Italy","Revenues","2019-05-01",-1270.79889964638,1,NA,NA,NA,NA,NA,NA,2019-05-01,4610.048790381,"Total revenues accrual",NA,"OK",NA
"factor_midas","Italy","Revenues","2019-05-03",-1224.36947040557,1,NA,NA,NA,NA,NA,NA,2019-05-01,4610.048790381,"Total revenues accrual",NA,"OK",NA
"factor_midas","Italy","Revenues","2019-05-05",-1202.98470773202,1,NA,NA,NA,NA,NA,NA,2019-05-01,4610.048790381,"Total revenues accrual",NA,"OK",NA
"factor_midas","Italy","Revenues","2019-05-15",-1230.35868547951,1,NA,NA,NA,NA,NA,NA,2019-05-01,4610.048790381,"Total revenues accrual",NA,"OK",NA
"factor_midas","Italy","Revenues","2019-05-27",-1291.46919149404,1,NA,NA,NA,NA,NA,NA,2019-05-01,4610.048790381,"Total revenues accrual",NA,"OK",NA
"factor_midas","Italy","Revenues","2019-05-30",-1316.13093190727,1,NA,NA,NA,NA,NA,NA,2019-05-01,4610.048790381,"Total revenues accrual",NA,"OK",NA
"factor_midas","Italy","Revenues","2019-06-01",-1219.47926049973,1,NA,NA,NA,NA,NA,NA,2019-06-01,4610.048790381,"Total revenues accrual",NA,"OK",NA
"factor_midas","Italy","Revenues","2019-06-05",-1416.33657929757,1,NA,NA,NA,NA,NA,NA,2019-06-01,4610.048790381,"Total revenues accrual",NA,"OK",NA
"factor_midas","Italy","Revenues","2019-06-06",-1296.99632259376,1,NA,NA,NA,NA,NA,NA,2019-06-01,4610.048790381,"Total revenues accrual",NA,"OK",NA
"factor_midas","Italy","Revenues","2019-06-15",-1028.24717119694,1,NA,NA,NA,NA,NA,NA,2019-06-01,4890.49802831598,"Total revenues accrual",NA,"OK",NA
"factor_midas","Italy","Revenues","2019-06-27",-1054.26095291841,1,NA,NA,NA,NA,NA,NA,2019-06-01,4890.49802831598,"Total revenues accrual",NA,"OK",NA
"factor_midas","Italy","Revenues","2019-07-01",-1112.80122380446,1,NA,NA,NA,NA,NA,NA,2019-07-01,4890.49802831598,"Total revenues accrual",NA,"OK",NA
"factor_midas","Italy","Revenues","2019-07-05",-1086.32480227247,1,NA,NA,NA,NA,NA,NA,2019-07-01,4890.49802831598,"Total revenues accrual",NA,"OK",NA
"factor_midas","Italy","Revenues","2019-07-15",-1105.63677401737,1,NA,NA,NA,NA,NA,NA,2019-07-01,4890.49802831598,"Total revenues accrual",NA,"OK",NA
"factor_midas","Italy","Revenues","2019-07-25",-1091.57269512891,1,NA,NA,NA,NA,NA,NA,2019-07-01,4890.49802831598,"Total revenues accrual",NA,"OK",NA
"factor_midas","Italy","Revenues","2019-07-27",-1104.59471751308,1,NA,NA,NA,NA,NA,NA,2019-07-01,4890.49802831598,"Total revenues accrual",NA,"OK",NA
"factor_midas","Italy","Revenues","2019-08-01",-1089.60741909565,1,NA,NA,NA,NA,NA,NA,2019-08-01,4890.49802831598,"Total revenues accrual",NA,"OK",NA
"factor_midas","Italy","Revenues","2019-08-04",-895.54433926338,1,NA,NA,NA,NA,NA,NA,2019-08-01,4890.49802831598,"Total revenues accrual",NA,"OK",NA
"factor_midas","Italy","Revenues","2019-08-05",-800.932655941501,1,NA,NA,NA,NA,NA,NA,2019-08-01,4890.49802831598,"Total revenues accrual",NA,"OK",NA
"factor_midas","Italy","Revenues","2019-08-15",-948.649135792322,1,NA,NA,NA,NA,NA,NA,2019-08-01,4890.49802831598,"Total revenues accrual",NA,"OK",NA
"factor_midas","Italy","Revenues","2019-08-27",-1064.65251807226,1,NA,NA,NA,NA,NA,NA,2019-08-01,4890.49802831598,"Total revenues accrual",NA,"OK",NA
"factor_midas","Italy","Revenues","2019-08-29",-997.573362905528,1,NA,NA,NA,NA,NA,NA,2019-08-01,4890.49802831598,"Total revenues accrual",NA,"OK",NA
"factor_midas","Italy","Revenues","2019-09-01",-886.447318973146,1,NA,NA,NA,NA,NA,NA,2019-09-01,4890.49802831598,"Total revenues accrual",NA,"OK",NA
"factor_midas","Italy","Revenues","2019-09-05",-1347.96353654448,1,NA,NA,NA,NA,NA,NA,2019-09-01,4890.49802831598,"Total revenues accrual",NA,"OK",NA
"factor_midas","Italy","Revenues","2019-09-07",-1289.89331625337,1,NA,NA,NA,NA,NA,NA,2019-09-01,4890.49802831598,"Total revenues accrual",NA,"OK",NA
"factor_midas","Italy","Revenues","2019-09-15",2437.11114428254,1,NA,NA,NA,NA,NA,NA,2019-09-01,-3162.993473571,"Total revenues accrual",NA,"OK",NA
"factor_midas","Italy","Revenues","2019-09-26",2428.50572345593,1,NA,NA,NA,NA,NA,NA,2019-09-01,-3162.993473571,"Total revenues accrual",NA,"OK",NA
"factor_midas","Italy","Revenues","2019-09-27",2400.37709672756,1,NA,NA,NA,NA,NA,NA,2019-09-01,-3162.993473571,"Total revenues accrual",NA,"OK",NA
"factor_midas","Italy","Revenues","2019-10-01",2438.1866940851,1,NA,NA,NA,NA,NA,NA,2019-10-01,-3162.993473571,"Total revenues accrual",NA,"OK",NA
"factor_midas","Italy","Revenues","2019-10-02",2430.50663240848,1,NA,NA,NA,NA,NA,NA,2019-10-01,-3162.993473571,"Total revenues accrual",NA,"OK",NA
"factor_midas","Italy","Revenues","2019-10-05",2431.35865678814,1,NA,NA,NA,NA,NA,NA,2019-10-01,-3162.993473571,"Total revenues accrual",NA,"OK",NA
"factor_midas","Italy","Revenues","2019-10-15",2432.6301203977,1,NA,NA,NA,NA,NA,NA,2019-10-01,-3162.993473571,"Total revenues accrual",NA,"OK",NA
"factor_midas","Italy","Revenues","2019-10-27",2482.09428396577,1,NA,NA,NA,NA,NA,NA,2019-10-01,-3162.993473571,"Total revenues accrual",NA,"OK",NA
"factor_midas","Italy","Revenues","2019-10-31",2485.31473697411,1,NA,NA,NA,NA,NA,NA,2019-10-01,-3162.993473571,"Total revenues accrual",NA,"OK",NA
"factor_midas","Italy","Revenues","2019-11-01",2396.45986421463,1,NA,NA,NA,NA,NA,NA,2019-11-01,-3162.993473571,"Total revenues accrual",NA,"OK",NA
"factor_midas","Italy","Revenues","2019-11-05",2313.14598573908,1,NA,NA,NA,NA,NA,NA,2019-11-01,-3162.993473571,"Total revenues accrual",NA,"OK",NA
"factor_midas","Italy","Revenues","2019-11-15",2366.94429848815,1,NA,NA,NA,NA,NA,NA,2019-11-01,-3162.993473571,"Total revenues accrual",NA,"OK",NA
"factor_midas","Italy","Revenues","2019-11-27",2447.54416529542,1,NA,NA,NA,NA,NA,NA,2019-11-01,-3162.993473571,"Total revenues accrual",NA,"OK",NA
"factor_midas","Italy","Revenues","2019-11-28",2459.63960541424,1,NA,NA,NA,NA,NA,NA,2019-11-01,-3162.993473571,"Total revenues accrual",NA,"OK",NA
"factor_midas","Italy","Revenues","2019-12-01",2348.30865166908,1,NA,NA,NA,NA,NA,NA,2019-12-01,-3162.993473571,"Total revenues accrual",NA,"OK",NA
"factor_midas","Italy","Revenues","2019-12-05",2690.43961993305,1,NA,NA,NA,NA,NA,NA,2019-12-01,-3162.993473571,"Total revenues accrual",NA,"OK",NA
"factor_midas","Italy","Revenues","2019-12-07",2705.7834365217,1,NA,NA,NA,NA,NA,NA,2019-12-01,-3162.993473571,"Total revenues accrual",NA,"OK",NA
"factor_midas","Italy","Revenues","2019-12-15",-173.282544208695,1,NA,NA,NA,NA,NA,NA,2019-12-01,2506.21105402202,"Total revenues accrual",NA,"OK",NA
"factor_midas","Italy","Revenues","2019-12-26",-167.465804009773,1,NA,NA,NA,NA,NA,NA,2019-12-01,2506.21105402202,"Total revenues accrual",NA,"OK",NA
"factor_midas","Italy","Revenues","2019-12-27",-174.196540657159,1,NA,NA,NA,NA,NA,NA,2019-12-01,2506.21105402202,"Total revenues accrual",NA,"OK",NA
"factor_midas","Italy","Revenues","2020-01-01",-145.224126582333,1,NA,NA,NA,NA,NA,NA,2020-01-01,2506.21105402202,"Total revenues accrual",NA,"OK",NA
"factor_midas","Italy","Revenues","2020-01-03",-124.336197729078,1,NA,NA,NA,NA,NA,NA,2020-01-01,2506.21105402202,"Total revenues accrual",NA,"OK",NA
"factor_midas","Italy","Revenues","2020-01-05",-121.057560628808,1,NA,NA,NA,NA,NA,NA,2020-01-01,2506.21105402202,"Total revenues accrual",NA,"OK",NA
"factor_midas","Italy","Revenues","2020-01-15",-108.723265840629,1,NA,NA,NA,NA,NA,NA,2020-01-01,2506.21105402202,"Total revenues accrual",NA,"OK",NA
"factor_midas","Italy","Revenues","2020-01-27",-110.626342074343,1,NA,NA,NA,NA,NA,NA,2020-01-01,2506.21105402202,"Total revenues accrual",NA,"OK",NA
"factor_midas","Italy","Revenues","2020-01-30",-114.992673010897,1,NA,NA,NA,NA,NA,NA,2020-01-01,2506.21105402202,"Total revenues accrual",NA,"OK",NA
"factor_midas","Italy","Revenues","2020-02-01",-316.670062139362,1,NA,NA,NA,NA,NA,NA,2020-02-01,2506.21105402202,"Total revenues accrual",NA,"OK",NA
"factor_midas","Italy","Revenues","2020-02-05",-311.005130776202,1,NA,NA,NA,NA,NA,NA,2020-02-01,2506.21105402202,"Total revenues accrual",NA,"OK",NA
"factor_midas","Italy","Revenues","2020-02-06",-517.952987462479,1,NA,NA,NA,NA,NA,NA,2020-02-01,2506.21105402202,"Total revenues accrual",NA,"OK",NA
"factor_midas","Italy","Revenues","2020-02-15",-457.200423369607,1,NA,NA,NA,NA,NA,NA,2020-02-01,2506.21105402202,"Total revenues accrual",NA,"OK",NA
"factor_midas","Italy","Revenues","2020-02-27",-426.712797077056,1,NA,NA,NA,NA,NA,NA,2020-02-01,2506.21105402202,"Total revenues accrual",NA,"OK",NA
"factor_midas","Italy","Revenues","2020-03-01",-1048.52921394493,1,NA,NA,NA,NA,NA,NA,2020-03-01,2506.21105402202,"Total revenues accrual",NA,"OK",NA
"factor_midas","Italy","Revenues","2020-03-05",-3081.47170134616,1,NA,NA,NA,NA,NA,NA,2020-03-01,2506.21105402202,"Total revenues accrual",NA,"OK",NA
"factor_midas","Italy","Revenues","2020-03-07",-5721.67691153834,1,NA,NA,NA,NA,NA,NA,2020-03-01,2506.21105402202,"Total revenues accrual",NA,"OK",NA
"factor_midas","Italy","Revenues","2020-03-15",3093.88453292883,1,NA,NA,NA,NA,NA,NA,2020-03-01,-11437.623507841,"Total revenues accrual",NA,"OK",NA
"factor_midas","Italy","Revenues","2020-03-26",3237.49206234827,1,NA,NA,NA,NA,NA,NA,2020-03-01,-11437.623507841,"Total revenues accrual",NA,"OK",NA
"factor_midas","Italy","Revenues","2020-03-27",3131.76771595039,1,NA,NA,NA,NA,NA,NA,2020-03-01,-11437.623507841,"Total revenues accrual",NA,"OK",NA
"factor_midas","Italy","Revenues","2020-04-01",2976.39089271987,1,NA,NA,NA,NA,NA,NA,2020-04-01,-11437.623507841,"Total revenues accrual",NA,"OK",NA
"factor_midas","Italy","Revenues","2020-04-03",2684.55548428434,1,NA,NA,NA,NA,NA,NA,2020-04-01,-11437.623507841,"Total revenues accrual",NA,"OK",NA
"factor_midas","Italy","Revenues","2020-04-05",3055.06264362411,1,NA,NA,NA,NA,NA,NA,2020-04-01,-11437.623507841,"Total revenues accrual",NA,"OK",NA
"factor_midas","Italy","Revenues","2020-04-15",3614.34677672645,1,NA,NA,NA,NA,NA,NA,2020-04-01,-11437.623507841,"Total revenues accrual",NA,"OK",NA
"factor_midas","Italy","Revenues","2020-04-27",3175.88961639545,1,NA,NA,NA,NA,NA,NA,2020-04-01,-11437.623507841,"Total revenues accrual",NA,"OK",NA
"factor_midas","Italy","Revenues","2020-04-30",3175.88961639545,1,NA,NA,NA,NA,NA,NA,2020-04-01,-11437.623507841,"Total revenues accrual",NA,"OK",NA
"factor_midas","Italy","Revenues","2020-05-01",3665.38287627502,1,NA,NA,NA,NA,NA,NA,2020-05-01,-11437.623507841,"Total revenues accrual",NA,"OK",NA
"factor_midas","Italy","Revenues","2020-05-05",3641.79017503474,1,NA,NA,NA,NA,NA,NA,2020-05-01,-11437.623507841,"Total revenues accrual",NA,"OK",NA
"factor_midas","Italy","Revenues","2020-05-15",3587.83616740342,1,NA,NA,NA,NA,NA,NA,2020-05-01,-11437.623507841,"Total revenues accrual",NA,"OK",NA
"factor_midas","Italy","Revenues","2020-05-27",3747.63743616485,1,NA,NA,NA,NA,NA,NA,2020-05-01,-11437.623507841,"Total revenues accrual",NA,"OK",NA
"factor_midas","Italy","Revenues","2020-05-28",3735.95187870688,1,NA,NA,NA,NA,NA,NA,2020-05-01,-11437.623507841,"Total revenues accrual",NA,"OK",NA
"factor_midas","Italy","Revenues","2020-06-01",4552.55575477293,1,NA,NA,NA,NA,NA,NA,2020-06-01,-11437.623507841,"Total revenues accrual",NA,"OK",NA
"factor_midas","Italy","Revenues","2020-06-05",3599.04669089703,1,NA,NA,NA,NA,NA,NA,2020-06-01,-11437.623507841,"Total revenues accrual",NA,"OK",NA
"factor_midas","Italy","Revenues","2020-06-15",-7714.29982432204,1,NA,NA,NA,NA,NA,NA,2020-06-01,-13037.487703956,"Total revenues accrual",NA,"OK",NA
"factor_midas","Italy","Revenues","2020-06-25",-8020.74282144983,1,NA,NA,NA,NA,NA,NA,2020-06-01,-13037.487703956,"Total revenues accrual",NA,"OK",NA
"factor_midas","Italy","Revenues","2020-06-27",-8186.3746966874,1,NA,NA,NA,NA,NA,NA,2020-06-01,-13037.487703956,"Total revenues accrual",NA,"OK",NA
"factor_midas","Italy","Revenues","2020-07-01",-8953.92818492575,4,NA,NA,NA,NA,NA,NA,2020-07-01,-13037.487703956,"Total revenues accrual",NA,"OK",NA
"factor_midas","Italy","Revenues","2020-07-03",-8780.49994408611,4,NA,NA,NA,NA,NA,NA,2020-07-01,-13037.487703956,"Total revenues accrual",NA,"OK",NA
"factor_midas","Italy","Revenues","2020-07-05",-5420.10809478054,1,NA,NA,NA,NA,NA,NA,2020-07-01,-13037.487703956,"Total revenues accrual",NA,"OK",NA
"factor_midas","Italy","Revenues","2020-07-15",-15351.8367491873,4,NA,NA,NA,NA,NA,NA,2020-07-01,-13037.487703956,"Total revenues accrual",NA,"OK",NA
"factor_midas","Italy","Revenues","2020-07-27",-22225.3604920354,4,NA,NA,NA,NA,NA,NA,2020-07-01,-13037.487703956,"Total revenues accrual",NA,"OK",NA
"factor_midas","Italy","Revenues","2020-07-30",-27272.1818176548,4,NA,NA,NA,NA,NA,NA,2020-07-01,-13037.487703956,"Total revenues accrual",NA,"OK",NA
"factor_midas","Italy","Revenues","2020-08-01",-26976.1415343544,4,NA,NA,NA,NA,NA,NA,2020-08-01,-13037.487703956,"Total revenues accrual",NA,"OK",NA
"factor_midas","Italy","Revenues","2020-08-05",-26068.9182973678,4,NA,NA,NA,NA,NA,NA,2020-08-01,-13037.487703956,"Total revenues accrual",NA,"OK",NA
"factor_midas","Italy","Revenues","2020-08-06",-26895.7222663529,4,NA,NA,NA,NA,NA,NA,2020-08-01,-13037.487703956,"Total revenues accrual",NA,"OK",NA
"factor_midas","Italy","Revenues","2020-08-15",-27555.507722136,4,NA,NA,NA,NA,NA,NA,2020-08-01,-13037.487703956,"Total revenues accrual",NA,"OK",NA
"factor_midas","Italy","Revenues","2020-08-27",-13479.1977683857,4,NA,NA,NA,NA,NA,NA,2020-08-01,-13037.487703956,"Total revenues accrual",NA,"OK",NA
"factor_midas","Italy","Revenues","2020-09-01",-7803.72655723567,4,NA,NA,NA,NA,NA,NA,2020-09-01,-13037.487703956,"Total revenues accrual",NA,"OK",NA
"factor_midas","Italy","Revenues","2020-09-02",-7877.45736748528,4,NA,NA,NA,NA,NA,NA,2020-09-01,-13037.487703956,"Total revenues accrual",NA,"OK",NA
"factor_midas","Italy","Revenues","2020-09-05",5395.97734715204,4,NA,NA,NA,NA,NA,NA,2020-09-01,-13037.487703956,"Total revenues accrual",NA,"OK",NA
"factor_midas","Italy","Revenues","2020-09-15",18016.9525823418,4,NA,NA,NA,NA,NA,NA,2020-09-01,9958.73484888201,"Total revenues accrual",NA,"OK",NA
"factor_midas","Italy","Revenues","2020-09-24",10676.0645891807,4,NA,NA,NA,NA,NA,NA,2020-09-01,9958.73484888201,"Total revenues accrual",NA,"OK",NA
"factor_midas","Italy","Revenues","2020-09-27",2668.87338356451,2,NA,NA,NA,NA,NA,NA,2020-09-01,9958.73484888201,"Total revenues accrual",NA,"OK",NA
"factor_midas","Italy","Revenues","2020-10-01",33995.3496485369,4,NA,NA,NA,NA,NA,NA,2020-10-01,9958.73484888201,"Total revenues accrual",NA,"OK",NA
"factor_midas","Italy","Revenues","2020-10-04",34102.9724645396,4,NA,NA,NA,NA,NA,NA,2020-10-01,9958.73484888201,"Total revenues accrual",NA,"OK",NA
"factor_midas","Italy","Revenues","2020-10-05",34636.4702939871,4,NA,NA,NA,NA,NA,NA,2020-10-01,9958.73484888201,"Total revenues accrual",NA,"OK",NA
"factor_midas","Italy","Revenues","2020-10-15",8868.91907377746,2,NA,NA,NA,NA,NA,NA,2020-10-01,9958.73484888201,"Total revenues accrual",NA,"OK",NA
"factor_midas","Italy","Revenues","2020-10-27",20376.8260857295,4,NA,NA,NA,NA,NA,NA,2020-10-01,9958.73484888201,"Total revenues accrual",NA,"OK",NA
"factor_midas","Italy","Revenues","2020-10-29",20310.6690500042,4,NA,NA,NA,NA,NA,NA,2020-10-01,9958.73484888201,"Total revenues accrual",NA,"OK",NA
"factor_midas","Italy","Revenues","2020-11-01",28216.0785154558,4,NA,NA,NA,NA,NA,NA,2020-11-01,9958.73484888201,"Total revenues accrual",NA,"OK",NA
"factor_midas","Italy","Revenues","2020-11-05",29033.9192868632,4,NA,NA,NA,NA,NA,NA,2020-11-01,9958.73484888201,"Total revenues accrual",NA,"OK",NA
"factor_midas","Italy","Revenues","2020-11-07",32948.5576151387,4,NA,NA,NA,NA,NA,NA,2020-11-01,9958.73484888201,"Total revenues accrual",NA,"OK",NA
"factor_midas","Italy","Revenues","2020-11-15",33413.7024840711,4,NA,NA,NA,NA,NA,NA,2020-11-01,9958.73484888201,"Total revenues accrual",NA,"OK",NA
"factor_midas","Italy","Revenues","2020-11-26",34709.5537878625,4,NA,NA,NA,NA,NA,NA,2020-11-01,9958.73484888201,"Total revenues accrual",NA,"OK",NA
"factor_midas","Italy","Revenues","2020-11-27",33649.1982919431,4,NA,NA,NA,NA,NA,NA,2020-11-01,9958.73484888201,"Total revenues accrual",NA,"OK",NA
"factor_midas","Italy","Revenues","2020-12-01",36228.6574566381,4,NA,NA,NA,NA,NA,NA,2020-12-01,9958.73484888201,"Total revenues accrual",NA,"OK",NA
"factor_midas","Italy","Revenues","2020-12-02",36265.3159990956,4,NA,NA,NA,NA,NA,NA,2020-12-01,9958.73484888201,"Total revenues accrual",NA,"OK",NA
"factor_midas","Italy","Revenues","2020-12-05",27500.287373314,4,NA,NA,NA,NA,NA,NA,2020-12-01,9958.73484888201,"Total revenues accrual",NA,"OK",NA
"factor_midas","Italy","Revenues","2020-12-15",5106.90886518285,4,NA,NA,NA,NA,NA,NA,2020-12-01,4429.77446097299,"Total revenues accrual",NA,"OK",NA
"factor_midas","Italy","Revenues","2020-12-27",4638.33301199557,4,NA,NA,NA,NA,NA,NA,2020-12-01,4429.77446097299,"Total revenues accrual",NA,"OK",NA
"factor_midas","Italy","Revenues","2020-12-31",4426.02550146995,4,NA,NA,NA,NA,NA,NA,2020-12-01,4429.77446097299,"Total revenues accrual",NA,"OK",NA
"factor_midas","Italy","Revenues","2021-01-01",3795.12077818511,4,NA,NA,NA,NA,NA,NA,2021-01-01,4429.77446097299,"Total revenues accrual",NA,"OK",NA
"factor_midas","Italy","Revenues","2021-01-05",5530.16059837107,4,NA,NA,NA,NA,NA,NA,2021-01-01,4429.77446097299,"Total revenues accrual",NA,"OK",NA
"factor_midas","Italy","Revenues","2021-01-15",-343.858002354471,4,NA,NA,NA,NA,NA,NA,2021-01-01,4429.77446097299,"Total revenues accrual",NA,"OK",NA
"factor_midas","Italy","Revenues","2021-01-27",1078.68070381347,4,NA,NA,NA,NA,NA,NA,2021-01-01,4429.77446097299,"Total revenues accrual",NA,"OK",NA
"factor_midas","Italy","Revenues","2021-01-28",1114.10906580215,4,NA,NA,NA,NA,NA,NA,2021-01-01,4429.77446097299,"Total revenues accrual",NA,"OK",NA
"factor_midas","Italy","Revenues","2021-02-01",-865.789384106751,4,NA,NA,NA,NA,NA,NA,2021-02-01,4429.77446097299,"Total revenues accrual",NA,"OK",NA
"factor_midas","Italy","Revenues","2021-02-05",-1776.06643367248,4,NA,NA,NA,NA,NA,NA,2021-02-01,4429.77446097299,"Total revenues accrual",NA,"OK",NA
"factor_midas","Italy","Revenues","2021-02-15",-5383.18521530331,4,NA,NA,NA,NA,NA,NA,2021-02-01,4429.77446097299,"Total revenues accrual",NA,"OK",NA
"factor_midas","Italy","Revenues","2021-02-25",-5700.87427580569,4,NA,NA,NA,NA,NA,NA,2021-02-01,4429.77446097299,"Total revenues accrual",NA,"OK",NA
"factor_midas","Italy","Revenues","2021-02-27",-5091.09981700062,4,NA,NA,NA,NA,NA,NA,2021-02-01,4429.77446097299,"Total revenues accrual",NA,"OK",NA
"factor_midas","Italy","Revenues","2021-03-01",-5261.48895850692,4,NA,NA,NA,NA,NA,NA,2021-03-01,4429.77446097299,"Total revenues accrual",NA,"OK",NA
"factor_midas","Italy","Revenues","2021-03-05",-4072.99228874519,4,NA,NA,NA,NA,NA,NA,2021-03-01,4429.77446097299,"Total revenues accrual",NA,"OK",NA
"factor_midas","Italy","Revenues","2021-03-15",-238.299843317194,4,NA,NA,NA,NA,NA,NA,2021-03-01,6571.75572734902,"Total revenues accrual",NA,"OK",NA
"factor_midas","Italy","Revenues","2021-03-25",-309.087123670255,4,NA,NA,NA,NA,NA,NA,2021-03-01,6571.75572734902,"Total revenues accrual",NA,"OK",NA
"factor_midas","Italy","Revenues","2021-03-27",-1567.50810560728,4,NA,NA,NA,NA,NA,NA,2021-03-01,6571.75572734902,"Total revenues accrual",NA,"OK",NA
"factor_midas","Italy","Revenues","2021-04-01",-3327.61263587772,2,NA,NA,NA,NA,NA,NA,2021-04-01,6571.75572734902,"Total revenues accrual",NA,"OK",NA
"factor_midas","Italy","Revenues","2021-04-04",-3443.58460421387,2,NA,NA,NA,NA,NA,NA,2021-04-01,6571.75572734902,"Total revenues accrual",NA,"OK",NA
"factor_midas","Italy","Revenues","2021-04-05",-2783.74641451364,2,NA,NA,NA,NA,NA,NA,2021-04-01,6571.75572734902,"Total revenues accrual",NA,"OK",NA
"factor_midas","Italy","Revenues","2021-04-15",-1103.66888976799,2,NA,NA,NA,NA,NA,NA,2021-04-01,6571.75572734902,"Total revenues accrual",NA,"OK",NA
"factor_midas","Italy","Revenues","2021-04-27",706.146597863608,4,NA,NA,NA,NA,NA,NA,2021-04-01,6571.75572734902,"Total revenues accrual",NA,"OK",NA
"factor_midas","Italy","Revenues","2021-04-29",648.854492545824,4,NA,NA,NA,NA,NA,NA,2021-04-01,6571.75572734902,"Total revenues accrual",NA,"OK",NA
"factor_midas","Italy","Revenues","2021-05-01",-31.4734369190264,2,NA,NA,NA,NA,NA,NA,2021-05-01,6571.75572734902,"Total revenues accrual",NA,"OK",NA
"factor_midas","Italy","Revenues","2021-05-05",-166.888344063562,2,NA,NA,NA,NA,NA,NA,2021-05-01,6571.75572734902,"Total revenues accrual",NA,"OK",NA
"factor_midas","Italy","Revenues","2021-05-06",-422.291478587807,4,NA,NA,NA,NA,NA,NA,2021-05-01,6571.75572734902,"Total revenues accrual",NA,"OK",NA
"factor_midas","Italy","Revenues","2021-05-15",-511.51430290396,4,NA,NA,NA,NA,NA,NA,2021-05-01,6571.75572734902,"Total revenues accrual",NA,"OK",NA
"factor_midas","Italy","Revenues","2021-05-27",-1552.7755211804,4,NA,NA,NA,NA,NA,NA,2021-05-01,6571.75572734902,"Total revenues accrual",NA,"OK",NA
"factor_midas","Italy","Revenues","2021-06-01",-1575.99368439757,4,NA,NA,NA,NA,NA,NA,2021-06-01,6571.75572734902,"Total revenues accrual",NA,"OK",NA
"factor_midas","Italy","Revenues","2021-06-02",-1460.882061338,4,NA,NA,NA,NA,NA,NA,2021-06-01,6571.75572734902,"Total revenues accrual",NA,"OK",NA
"factor_midas","Italy","Revenues","2021-06-05",2620.28764993535,4,NA,NA,NA,NA,NA,NA,2021-06-01,6571.75572734902,"Total revenues accrual",NA,"OK",NA
"factor_midas","Italy","Revenues","2021-06-15",3833.51658078631,4,NA,NA,NA,NA,NA,NA,2021-06-01,6320.81514072299,"Total revenues accrual",NA,"OK",NA
"factor_midas","Italy","Revenues","2021-06-24",3771.90868919864,4,NA,NA,NA,NA,NA,NA,2021-06-01,6320.81514072299,"Total revenues accrual",NA,"OK",NA
"factor_midas","Italy","Revenues","2021-06-27",3962.20005612003,4,NA,NA,NA,NA,NA,NA,2021-06-01,6320.81514072299,"Total revenues accrual",NA,"OK",NA
"factor_midas","Italy","Revenues","2021-07-01",4461.62683818594,4,NA,NA,NA,NA,NA,NA,2021-07-01,6320.81514072299,"Total revenues accrual",NA,"OK",NA
"factor_midas","Italy","Revenues","2021-07-04",4597.52036985745,4,NA,NA,NA,NA,NA,NA,2021-07-01,6320.81514072299,"Total revenues accrual",NA,"OK",NA
"factor_midas","Italy","Revenues","2021-07-05",4982.7937274334,4,NA,NA,NA,NA,NA,NA,2021-07-01,6320.81514072299,"Total revenues accrual",NA,"OK",NA
"factor_midas","Italy","Revenues","2021-07-15",5960.89771082895,4,NA,NA,NA,NA,NA,NA,2021-07-01,6320.81514072299,"Total revenues accrual",NA,"OK",NA
"factor_midas","Italy","Revenues","2021-07-27",4004.62621904908,2,NA,NA,NA,NA,NA,NA,2021-07-01,6320.81514072299,"Total revenues accrual",NA,"OK",NA
"factor_midas","Italy","Revenues","2021-07-29",4003.34196506609,2,NA,NA,NA,NA,NA,NA,2021-07-01,6320.81514072299,"Total revenues accrual",NA,"OK",NA
"factor_midas","Italy","Revenues","2021-08-01",5017.65933056721,2,NA,NA,NA,NA,NA,NA,2021-08-01,6320.81514072299,"Total revenues accrual",NA,"OK",NA
"factor_midas","Italy","Revenues","2021-08-05",4858.40214443739,2,NA,NA,NA,NA,NA,NA,2021-08-01,6320.81514072299,"Total revenues accrual",NA,"OK",NA
"factor_midas","Italy","Revenues","2021-08-07",4737.25668637882,2,NA,NA,NA,NA,NA,NA,2021-08-01,6320.81514072299,"Total revenues accrual",NA,"OK",NA
"factor_midas","Italy","Revenues","2021-08-15",4881.10578058267,2,NA,NA,NA,NA,NA,NA,2021-08-01,6320.81514072299,"Total revenues accrual",NA,"OK",NA
"factor_midas","Italy","Revenues","2021-08-26",5009.54242278077,2,NA,NA,NA,NA,NA,NA,2021-08-01,6320.81514072299,"Total revenues accrual",NA,"OK",NA
"factor_midas","Italy","Revenues","2021-08-27",5899.15532529098,2,NA,NA,NA,NA,NA,NA,2021-08-01,6320.81514072299,"Total revenues accrual",NA,"OK",NA
"factor_midas","Italy","Revenues","2021-09-01",5794.08140250013,2,NA,NA,NA,NA,NA,NA,2021-09-01,6320.81514072299,"Total revenues accrual",NA,"OK",NA
"factor_midas","Italy","Revenues","2021-09-03",5835.96489652057,2,NA,NA,NA,NA,NA,NA,2021-09-01,6320.81514072299,"Total revenues accrual",NA,"OK",NA
"factor_midas","Italy","Revenues","2021-09-05",3719.22325699774,2,NA,NA,NA,NA,NA,NA,2021-09-01,6320.81514072299,"Total revenues accrual",NA,"OK",NA
"factor_midas","Italy","Revenues","2021-09-15",6027.2332103011,2,NA,NA,NA,NA,NA,NA,2021-09-01,4143.792833435,"Total revenues accrual",NA,"OK",NA
"factor_midas","Italy","Revenues","2021-09-27",4874.15834610545,2,NA,NA,NA,NA,NA,NA,2021-09-01,4143.792833435,"Total revenues accrual",NA,"OK",NA
"factor_midas","Italy","Revenues","2021-09-30",4879.60605550099,2,NA,NA,NA,NA,NA,NA,2021-09-01,4143.792833435,"Total revenues accrual",NA,"OK",NA
"factor_midas","Italy","Revenues","2021-10-01",5370.09441438732,2,NA,NA,NA,NA,NA,NA,2021-10-01,4143.792833435,"Total revenues accrual",NA,"OK",NA
"factor_midas","Italy","Revenues","2021-10-05",5142.37895013347,2,NA,NA,NA,NA,NA,NA,2021-10-01,4143.792833435,"Total revenues accrual",NA,"OK",NA
"factor_midas","Italy","Revenues","2021-10-15",4257.84711653946,2,NA,NA,NA,NA,NA,NA,2021-10-01,4143.792833435,"Total revenues accrual",NA,"OK",NA
"factor_midas","Italy","Revenues","2021-10-27",1154.18232437128,2,NA,NA,NA,NA,NA,NA,2021-10-01,4143.792833435,"Total revenues accrual",NA,"OK",NA
"factor_midas","Italy","Revenues","2021-10-28",1169.95537448244,2,NA,NA,NA,NA,NA,NA,2021-10-01,4143.792833435,"Total revenues accrual",NA,"OK",NA
"factor_midas","Italy","Revenues","2021-11-01",967.948481554657,2,NA,NA,NA,NA,NA,NA,2021-11-01,4143.792833435,"Total revenues accrual",NA,"OK",NA
"factor_midas","Italy","Revenues","2021-11-05",982.208212003128,2,NA,NA,NA,NA,NA,NA,2021-11-01,4143.792833435,"Total revenues accrual",NA,"OK",NA
"factor_midas","Italy","Revenues","2021-11-15",1024.03898394895,2,NA,NA,NA,NA,NA,NA,2021-11-01,4143.792833435,"Total revenues accrual",NA,"OK",NA
"factor_midas","Italy","Revenues","2021-11-25",1141.43698809665,2,NA,NA,NA,NA,NA,NA,2021-11-01,4143.792833435,"Total revenues accrual",NA,"OK",NA
"factor_midas","Italy","Revenues","2021-11-27",1712.25520253767,2,NA,NA,NA,NA,NA,NA,2021-11-01,4143.792833435,"Total revenues accrual",NA,"OK",NA
"factor_midas","Italy","Revenues","2021-12-01",1341.37377834363,2,NA,NA,NA,NA,NA,NA,2021-12-01,4143.792833435,"Total revenues accrual",NA,"OK",NA
"factor_midas","Italy","Revenues","2021-12-03",1388.96031408879,2,NA,NA,NA,NA,NA,NA,2021-12-01,4143.792833435,"Total revenues accrual",NA,"OK",NA
"factor_midas","Italy","Revenues","2021-12-05",849.413208979029,2,NA,NA,NA,NA,NA,NA,2021-12-01,4143.792833435,"Total revenues accrual",NA,"OK",NA
"factor_midas","Italy","Revenues","2021-12-15",1410.44081928865,2,NA,NA,NA,NA,NA,NA,2021-12-01,2267.81688108601,"Total revenues accrual",NA,"OK",NA
"factor_midas","Italy","Revenues","2021-12-27",2544.45252444378,2,NA,NA,NA,NA,NA,NA,2021-12-01,2267.81688108601,"Total revenues accrual",NA,"OK",NA
"factor_midas","Italy","Revenues","2021-12-30",2541.54151424575,2,NA,NA,NA,NA,NA,NA,2021-12-01,2267.81688108601,"Total revenues accrual",NA,"OK",NA
"factor_midas","Italy","Revenues","2022-01-01",2308.87521580932,2,NA,NA,NA,NA,NA,NA,2022-01-01,2267.81688108601,"Total revenues accrual",NA,"OK",NA
"factor_midas","Italy","Revenues","2022-01-05",2438.73243192657,2,NA,NA,NA,NA,NA,NA,2022-01-01,2267.81688108601,"Total revenues accrual",NA,"OK",NA
"factor_midas","Italy","Revenues","2022-01-06",2526.79023355841,2,NA,NA,NA,NA,NA,NA,2022-01-01,2267.81688108601,"Total revenues accrual",NA,"OK",NA
"factor_midas","Italy","Revenues","2022-01-15",3274.88503059477,2,NA,NA,NA,NA,NA,NA,2022-01-01,2267.81688108601,"Total revenues accrual",NA,"OK",NA
"factor_midas","Italy","Revenues","2022-01-27",11398.9941875842,4,NA,NA,NA,NA,NA,NA,2022-01-01,2267.81688108601,"Total revenues accrual",NA,"OK",NA
"factor_midas","Italy","Revenues","2022-02-01",9939.46936228528,4,NA,NA,NA,NA,NA,NA,2022-02-01,2267.81688108601,"Total revenues accrual",NA,"OK",NA
"factor_midas","Italy","Revenues","2022-02-02",9906.64018411935,4,NA,NA,NA,NA,NA,NA,2022-02-01,2267.81688108601,"Total revenues accrual",NA,"OK",NA
"factor_midas","Italy","Revenues","2022-02-05",9999.48011597691,4,NA,NA,NA,NA,NA,NA,2022-02-01,2267.81688108601,"Total revenues accrual",NA,"OK",NA
"factor_midas","Italy","Revenues","2022-02-15",5726.67498655237,4,NA,NA,NA,NA,NA,NA,2022-02-01,2267.81688108601,"Total revenues accrual",NA,"OK",NA
"factor_midas","Italy","Revenues","2022-02-24",5556.87070782514,4,NA,NA,NA,NA,NA,NA,2022-02-01,2267.81688108601,"Total revenues accrual",NA,"OK",NA
"factor_midas","Italy","Revenues","2022-02-27",5651.95203393341,4,NA,NA,NA,NA,NA,NA,2022-02-01,2267.81688108601,"Total revenues accrual",NA,"OK",NA
"factor_midas","Italy","Revenues","2022-03-01",5599.19795118428,4,NA,NA,NA,NA,NA,NA,2022-03-01,2267.81688108601,"Total revenues accrual",NA,"OK",NA
"factor_midas","Italy","Revenues","2022-03-02",5594.12658454063,4,NA,NA,NA,NA,NA,NA,2022-03-01,2267.81688108601,"Total revenues accrual",NA,"OK",NA
"factor_midas","Italy","Revenues","2022-03-05",5880.2269950781,4,NA,NA,NA,NA,NA,NA,2022-03-01,2267.81688108601,"Total revenues accrual",NA,"OK",NA
"factor_midas","Italy","Revenues","2022-03-15",6014.78780200327,4,NA,NA,NA,NA,NA,NA,2022-03-01,5035.26821553698,"Total revenues accrual",NA,"OK",NA
"factor_midas","Italy","Revenues","2022-03-27",5279.14877063285,4,NA,NA,NA,NA,NA,NA,2022-03-01,5035.26821553698,"Total revenues accrual",NA,"OK",NA
"factor_midas","Italy","Revenues","2022-03-31",5464.97931896944,4,NA,NA,NA,NA,NA,NA,2022-03-01,5035.26821553698,"Total revenues accrual",NA,"OK",NA
"factor_midas","Italy","Revenues","2022-04-01",6153.92227589859,4,NA,NA,NA,NA,NA,NA,2022-04-01,5035.26821553698,"Total revenues accrual",NA,"OK",NA
"factor_midas","Italy","Revenues","2022-04-05",6232.71189268579,4,NA,NA,NA,NA,NA,NA,2022-04-01,5035.26821553698,"Total revenues accrual",NA,"OK",NA
"factor_midas","Italy","Revenues","2022-04-15",4802.95564600364,4,NA,NA,NA,NA,NA,NA,2022-04-01,5035.26821553698,"Total revenues accrual",NA,"OK",NA
"factor_midas","Italy","Revenues","2022-04-27",-2502.88445246628,4,NA,NA,NA,NA,NA,NA,2022-04-01,5035.26821553698,"Total revenues accrual",NA,"OK",NA
"factor_midas","Italy","Revenues","2022-04-28",-2507.21588596012,4,NA,NA,NA,NA,NA,NA,2022-04-01,5035.26821553698,"Total revenues accrual",NA,"OK",NA
"factor_midas","Italy","Revenues","2022-05-01",1832.36241940112,2,NA,NA,NA,NA,NA,NA,2022-05-01,5035.26821553698,"Total revenues accrual",NA,"OK",NA
"factor_midas","Italy","Revenues","2022-05-05",1827.62526237974,2,NA,NA,NA,NA,NA,NA,2022-05-01,5035.26821553698,"Total revenues accrual",NA,"OK",NA
"factor_midas","Italy","Revenues","2022-05-07",1535.85502292102,2,NA,NA,NA,NA,NA,NA,2022-05-01,5035.26821553698,"Total revenues accrual",NA,"OK",NA
"factor_midas","Italy","Revenues","2022-05-15",1362.28955505527,2,NA,NA,NA,NA,NA,NA,2022-05-01,5035.26821553698,"Total revenues accrual",NA,"OK",NA
"factor_midas","Italy","Revenues","2022-05-26",1337.51888129486,2,NA,NA,NA,NA,NA,NA,2022-05-01,5035.26821553698,"Total revenues accrual",NA,"OK",NA
"factor_midas","Italy","Revenues","2022-05-27",825.821474723074,2,NA,NA,NA,NA,NA,NA,2022-05-01,5035.26821553698,"Total revenues accrual",NA,"OK",NA
"factor_midas","Italy","Revenues","2022-06-01",1205.58767453592,2,NA,NA,NA,NA,NA,NA,2022-06-01,5035.26821553698,"Total revenues accrual",NA,"OK",NA
"factor_midas","Italy","Revenues","2022-06-03",703.752489659008,2,NA,NA,NA,NA,NA,NA,2022-06-01,5035.26821553698,"Total revenues accrual",NA,"OK",NA
"factor_midas","Italy","Revenues","2022-06-05",1334.4882399559,2,NA,NA,NA,NA,NA,NA,2022-06-01,5035.26821553698,"Total revenues accrual",NA,"OK",NA
"factor_midas","Italy","Revenues","2022-06-15",4196.79026508962,2,NA,NA,NA,NA,NA,NA,2022-06-01,7283.59683435102,"Total revenues accrual",NA,"OK",NA
"factor_midas","Italy","Revenues","2022-06-27",3979.01646910461,2,NA,NA,NA,NA,NA,NA,2022-06-01,7283.59683435102,"Total revenues accrual",NA,"OK",NA
"factor_midas","Italy","Revenues","2022-06-30",3955.83535495005,2,NA,NA,NA,NA,NA,NA,2022-06-01,7283.59683435102,"Total revenues accrual",NA,"OK",NA
"factor_midas","Italy","Revenues","2022-07-01",4236.16080333889,2,NA,NA,NA,NA,NA,NA,2022-07-01,7283.59683435102,"Total revenues accrual",NA,"OK",NA
"factor_midas","Italy","Revenues","2022-07-05",4484.12553161752,2,NA,NA,NA,NA,NA,NA,2022-07-01,7283.59683435102,"Total revenues accrual",NA,"OK",NA
"factor_midas","Italy","Revenues","2022-07-15",5517.39800433006,2,NA,NA,NA,NA,NA,NA,2022-07-01,7283.59683435102,"Total revenues accrual",NA,"OK",NA
"factor_midas","Italy","Revenues","2022-07-27",4957.67588994307,2,NA,NA,NA,NA,NA,NA,2022-07-01,7283.59683435102,"Total revenues accrual",NA,"OK",NA
"factor_midas","Italy","Revenues","2022-07-28",4859.35028961686,2,NA,NA,NA,NA,NA,NA,2022-07-01,7283.59683435102,"Total revenues accrual",NA,"OK",NA
"factor_midas","Italy","Revenues","2022-08-01",4873.27342630417,2,NA,NA,NA,NA,NA,NA,2022-08-01,7283.59683435102,"Total revenues accrual",NA,"OK",NA
"factor_midas","Italy","Revenues","2022-08-05",4868.6807546344,2,NA,NA,NA,NA,NA,NA,2022-08-01,7283.59683435102,"Total revenues accrual",NA,"OK",NA
"factor_midas","Italy","Revenues","2022-08-15",4814.37347369401,2,NA,NA,NA,NA,NA,NA,2022-08-01,7283.59683435102,"Total revenues accrual",NA,"OK",NA
"factor_midas","Italy","Revenues","2022-08-25",4809.78076621965,2,NA,NA,NA,NA,NA,NA,2022-08-01,7283.59683435102,"Total revenues accrual",NA,"OK",NA
"factor_midas","Italy","Revenues","2022-08-27",5042.52791068201,2,NA,NA,NA,NA,NA,NA,2022-08-01,7283.59683435102,"Total revenues accrual",NA,"OK",NA
"factor_midas","Italy","Revenues","2022-09-01",5674.25381162559,2,NA,NA,NA,NA,NA,NA,2022-09-01,7283.59683435102,"Total revenues accrual",NA,"OK",NA
"factor_midas","Italy","Revenues","2022-09-04",5647.47068664537,2,NA,NA,NA,NA,NA,NA,2022-09-01,7283.59683435102,"Total revenues accrual",NA,"OK",NA
"factor_midas","Italy","Revenues","2022-09-05",4748.56232660115,2,NA,NA,NA,NA,NA,NA,2022-09-01,7283.59683435102,"Total revenues accrual",NA,"OK",NA
"factor_midas","Italy","Revenues","2022-09-15",2841.31703025031,2,NA,NA,NA,NA,NA,NA,2022-09-01,1667.09318746199,"Total revenues accrual",NA,"OK",NA
"factor_midas","Italy","Revenues","2022-09-27",2702.47430229381,2,NA,NA,NA,NA,NA,NA,2022-09-01,1667.09318746199,"Total revenues accrual",NA,"OK",NA
"factor_midas","Italy","Revenues","2022-09-29",2622.65537671785,2,NA,NA,NA,NA,NA,NA,2022-09-01,1667.09318746199,"Total revenues accrual",NA,"OK",NA
"factor_midas","Italy","Revenues","2022-10-01",2545.58731586586,2,NA,NA,NA,NA,NA,NA,2022-10-01,1667.09318746199,"Total revenues accrual",NA,"OK",NA
"factor_midas","Italy","Revenues","2022-10-05",2087.99829052892,2,NA,NA,NA,NA,NA,NA,2022-10-01,1667.09318746199,"Total revenues accrual",NA,"OK",NA
"factor_midas","Italy","Revenues","2022-10-06",2111.3285860811,2,NA,NA,NA,NA,NA,NA,2022-10-01,1667.09318746199,"Total revenues accrual",NA,"OK",NA
"factor_midas","Italy","Revenues","2022-10-15",2023.5517096518,2,NA,NA,NA,NA,NA,NA,2022-10-01,1667.09318746199,"Total revenues accrual",NA,"OK",NA
"factor_midas","Italy","Revenues","2022-10-27",-601.067810430668,2,NA,NA,NA,NA,NA,NA,2022-10-01,1667.09318746199,"Total revenues accrual",NA,"OK",NA
"factor_midas","Italy","Revenues","2022-11-01",3317.54081031482,1,NA,NA,NA,NA,NA,NA,2022-11-01,1667.09318746199,"Total revenues accrual",NA,"OK",NA
"factor_midas","Italy","Revenues","2022-11-02",3288.6328162467,1,NA,NA,NA,NA,NA,NA,2022-11-01,1667.09318746199,"Total revenues accrual",NA,"OK",NA
"factor_midas","Italy","Revenues","2022-11-05",3106.20960849592,1,NA,NA,NA,NA,NA,NA,2022-11-01,1667.09318746199,"Total revenues accrual",NA,"OK",NA
"factor_midas","Italy","Revenues","2022-11-15",3244.27124872064,1,NA,NA,NA,NA,NA,NA,2022-11-01,1667.09318746199,"Total revenues accrual",NA,"OK",NA
"factor_midas","Italy","Revenues","2022-11-24",3407.24212738599,1,NA,NA,NA,NA,NA,NA,2022-11-01,1667.09318746199,"Total revenues accrual",NA,"OK",NA
"factor_midas","Italy","Revenues","2022-11-27",-27.9146877263609,2,NA,NA,NA,NA,NA,NA,2022-11-01,1667.09318746199,"Total revenues accrual",NA,"OK",NA
"factor_midas","Italy","Revenues","2022-12-01",417.188194089741,2,NA,NA,NA,NA,NA,NA,2022-12-01,1667.09318746199,"Total revenues accrual",NA,"OK",NA
"factor_midas","Italy","Revenues","2022-12-04",378.943701693259,2,NA,NA,NA,NA,NA,NA,2022-12-01,1667.09318746199,"Total revenues accrual",NA,"OK",NA
"factor_midas","Italy","Revenues","2022-12-05",945.226984711798,2,NA,NA,NA,NA,NA,NA,2022-12-01,1667.09318746199,"Total revenues accrual",NA,"OK",NA
"factor_midas","Italy","Revenues","2022-12-15",5602.51336999172,2,NA,NA,NA,NA,NA,NA,2022-12-01,-480.154390993004,"Total revenues accrual",NA,"OK",NA
"factor_midas","Italy","Revenues","2022-12-27",6044.66606162655,2,NA,NA,NA,NA,NA,NA,2022-12-01,-480.154390993004,"Total revenues accrual",NA,"OK",NA
"factor_midas","Italy","Revenues","2022-12-29",6051.47194167472,2,NA,NA,NA,NA,NA,NA,2022-12-01,-480.154390993004,"Total revenues accrual",NA,"OK",NA
"factor_midas","Italy","Revenues","2023-01-01",5257.02964038822,2,NA,NA,NA,NA,NA,NA,2023-01-01,-480.154390993004,"Total revenues accrual",NA,"OK",NA
"factor_midas","Italy","Revenues","2023-01-05",4916.16302077731,2,NA,NA,NA,NA,NA,NA,2023-01-01,-480.154390993004,"Total revenues accrual",NA,"OK",NA
"factor_midas","Italy","Revenues","2023-01-07",4833.56848529762,2,NA,NA,NA,NA,NA,NA,2023-01-01,-480.154390993004,"Total revenues accrual",NA,"OK",NA
"factor_midas","Italy","Revenues","2023-01-15",3572.83330370158,2,NA,NA,NA,NA,NA,NA,2023-01-01,-480.154390993004,"Total revenues accrual",NA,"OK",NA
"factor_midas","Italy","Revenues","2023-01-26",3576.27561040121,2,NA,NA,NA,NA,NA,NA,2023-01-01,-480.154390993004,"Total revenues accrual",NA,"OK",NA
"factor_midas","Italy","Revenues","2023-01-27",3835.81613633393,2,NA,NA,NA,NA,NA,NA,2023-01-01,-480.154390993004,"Total revenues accrual",NA,"OK",NA
"factor_midas","Italy","Revenues","2023-02-01",2834.26201928815,1,NA,NA,NA,NA,NA,NA,2023-02-01,-480.154390993004,"Total revenues accrual",NA,"OK",NA
"factor_midas","Italy","Revenues","2023-02-03",2671.87757961645,1,NA,NA,NA,NA,NA,NA,2023-02-01,-480.154390993004,"Total revenues accrual",NA,"OK",NA
"factor_midas","Italy","Revenues","2023-02-05",2684.22561342638,1,NA,NA,NA,NA,NA,NA,2023-02-01,-480.154390993004,"Total revenues accrual",NA,"OK",NA
"factor_midas","Italy","Revenues","2023-02-15",2658.25142882236,1,NA,NA,NA,NA,NA,NA,2023-02-01,-480.154390993004,"Total revenues accrual",NA,"OK",NA
"factor_midas","Italy","Revenues","2023-02-23",2683.6763755745,1,NA,NA,NA,NA,NA,NA,2023-02-01,-480.154390993004,"Total revenues accrual",NA,"OK",NA
"factor_midas","Italy","Revenues","2023-02-27",2732.99254521937,1,NA,NA,NA,NA,NA,NA,2023-02-01,-480.154390993004,"Total revenues accrual",NA,"OK",NA
"factor_midas","Italy","Revenues","2023-03-01",2558.44182219486,1,NA,NA,NA,NA,NA,NA,2023-03-01,-480.154390993004,"Total revenues accrual",NA,"OK",NA
"factor_midas","Italy","Revenues","2023-03-03",2548.48006428219,1,NA,NA,NA,NA,NA,NA,2023-03-01,-480.154390993004,"Total revenues accrual",NA,"OK",NA
"factor_midas","Italy","Revenues","2023-03-05",3208.8238416465,2,NA,NA,NA,NA,NA,NA,2023-03-01,-480.154390993004,"Total revenues accrual",NA,"OK",NA
"factor_midas","Italy","Revenues","2023-03-15",365.397942414199,1,NA,NA,NA,NA,NA,NA,2023-03-01,6684.01043833801,"Total revenues accrual",NA,"OK",NA
"factor_midas","Italy","Revenues","2023-03-27",-32.5026768194059,1,NA,NA,NA,NA,NA,NA,2023-03-01,6684.01043833801,"Total revenues accrual",NA,"OK",NA
"factor_midas","Italy","Revenues","2023-03-30",54.8399256630462,1,NA,NA,NA,NA,NA,NA,2023-03-01,6684.01043833801,"Total revenues accrual",NA,"OK",NA
"factor_midas","Italy","Revenues","2023-04-01",328.293962123925,1,NA,NA,NA,NA,NA,NA,2023-04-01,6684.01043833801,"Total revenues accrual",NA,"OK",NA
"factor_midas","Italy","Revenues","2023-04-05",369.906938036067,1,NA,NA,NA,NA,NA,NA,2023-04-01,6684.01043833801,"Total revenues accrual",NA,"OK",NA
"factor_midas","Italy","Revenues","2023-04-06",352.378299227487,1,NA,NA,NA,NA,NA,NA,2023-04-01,6684.01043833801,"Total revenues accrual",NA,"OK",NA
"factor_midas","Italy","Revenues","2023-04-15",594.580532480173,1,NA,NA,NA,NA,NA,NA,2023-04-01,6684.01043833801,"Total revenues accrual",NA,"OK",NA
"factor_midas","Italy","Revenues","2023-04-27",1051.8513151462,1,NA,NA,NA,NA,NA,NA,2023-04-01,6684.01043833801,"Total revenues accrual",NA,"OK",NA
"factor_midas","Italy","Revenues","2023-05-01",973.5048976119,1,NA,NA,NA,NA,NA,NA,2023-05-01,6684.01043833801,"Total revenues accrual",NA,"OK",NA
"factor_midas","Italy","Revenues","2023-05-05",1012.29337213198,1,NA,NA,NA,NA,NA,NA,2023-05-01,6684.01043833801,"Total revenues accrual",NA,"OK",NA
"factor_midas","Italy","Revenues","2023-05-15",1061.50328444349,1,NA,NA,NA,NA,NA,NA,2023-05-01,6684.01043833801,"Total revenues accrual",NA,"OK",NA
"factor_midas","Italy","Revenues","2023-05-25",909.11671776293,1,NA,NA,NA,NA,NA,NA,2023-05-01,6684.01043833801,"Total revenues accrual",NA,"OK",NA
"factor_midas","Italy","Revenues","2023-05-27",926.171418412275,1,NA,NA,NA,NA,NA,NA,2023-05-01,6684.01043833801,"Total revenues accrual",NA,"OK",NA
"factor_midas","Italy","Revenues","2023-06-01",1302.73408648439,1,NA,NA,NA,NA,NA,NA,2023-06-01,6684.01043833801,"Total revenues accrual",NA,"OK",NA
"factor_midas","Italy","Revenues","2023-06-04",1230.14973977901,1,NA,NA,NA,NA,NA,NA,2023-06-01,6684.01043833801,"Total revenues accrual",NA,"OK",NA
"factor_midas","Italy","Revenues","2023-06-05",518.336473730183,1,NA,NA,NA,NA,NA,NA,2023-06-01,6684.01043833801,"Total revenues accrual",NA,"OK",NA
"factor_midas","Italy","Revenues","2023-06-15",1436.69591204082,1,NA,NA,NA,NA,NA,NA,2023-06-01,3724.63652891899,"Total revenues accrual",NA,"OK",NA
"factor_midas","Italy","Revenues","2023-06-27",1208.2834604164,1,NA,NA,NA,NA,NA,NA,2023-06-01,3724.63652891899,"Total revenues accrual",NA,"OK",NA
"factor_midas","Italy","Revenues","2023-06-29",1175.24800580702,1,NA,NA,NA,NA,NA,NA,2023-06-01,3724.63652891899,"Total revenues accrual",NA,"OK",NA
"factor_midas","Italy","Revenues","2023-07-01",351.269560618493,1,NA,NA,NA,NA,NA,NA,2023-07-01,3724.63652891899,"Total revenues accrual",NA,"OK",NA
"factor_midas","Italy","Revenues","2023-07-05",512.431837380515,1,NA,NA,NA,NA,NA,NA,2023-07-01,3724.63652891899,"Total revenues accrual",NA,"OK",NA
"factor_midas","Italy","Revenues","2023-07-06",484.610039515823,1,NA,NA,NA,NA,NA,NA,2023-07-01,3724.63652891899,"Total revenues accrual",NA,"OK",NA
"factor_midas","Italy","Revenues","2023-07-15",53.4261451457869,1,NA,NA,NA,NA,NA,NA,2023-07-01,3724.63652891899,"Total revenues accrual",NA,"OK",NA
"factor_midas","Italy","Revenues","2023-07-27",242.011724610492,1,NA,NA,NA,NA,NA,NA,2023-07-01,3724.63652891899,"Total revenues accrual",NA,"OK",NA
"factor_midas","Italy","Revenues","2023-08-01",684.098486710307,1,NA,NA,NA,NA,NA,NA,2023-08-01,3724.63652891899,"Total revenues accrual",NA,"OK",NA
"factor_midas","Italy","Revenues","2023-08-02",649.671070779909,1,NA,NA,NA,NA,NA,NA,2023-08-01,3724.63652891899,"Total revenues accrual",NA,"OK",NA
"factor_midas","Italy","Revenues","2023-08-05",568.517937384403,1,NA,NA,NA,NA,NA,NA,2023-08-01,3724.63652891899,"Total revenues accrual",NA,"OK",NA
"factor_midas","Italy","Revenues","2023-08-15",677.69744034259,1,NA,NA,NA,NA,NA,NA,2023-08-01,3724.63652891899,"Total revenues accrual",NA,"OK",NA
"factor_midas","Italy","Revenues","2023-08-27",674.470269229987,1,NA,NA,NA,NA,NA,NA,2023-08-01,3724.63652891899,"Total revenues accrual",NA,"OK",NA
"factor_midas","Italy","Revenues","2023-08-31",659.54014170051,1,NA,NA,NA,NA,NA,NA,2023-08-01,3724.63652891899,"Total revenues accrual",NA,"OK",NA
"factor_midas","Italy","Revenues","2023-09-01",811.358309612449,1,NA,NA,NA,NA,NA,NA,2023-09-01,3724.63652891899,"Total revenues accrual",NA,"OK",NA
"factor_midas","Italy","Revenues","2023-09-05",787.675755308724,1,NA,NA,NA,NA,NA,NA,2023-09-01,3724.63652891899,"Total revenues accrual",NA,"OK",NA
"factor_midas","Italy","Revenues","2023-09-15",773.076473154821,1,NA,NA,NA,NA,NA,NA,2023-09-01,3523.007048553,"Total revenues accrual",NA,"OK",NA
"factor_midas","Italy","Revenues","2023-09-27",959.143956060695,1,NA,NA,NA,NA,NA,NA,2023-09-01,3523.007048553,"Total revenues accrual",NA,"OK",NA
"factor_midas","Italy","Revenues","2023-09-28",855.925268796452,1,NA,NA,NA,NA,NA,NA,2023-09-01,3523.007048553,"Total revenues accrual",NA,"OK",NA
"factor_midas","Italy","Revenues","2023-10-01",767.399856270914,1,NA,NA,NA,NA,NA,NA,2023-10-01,3523.007048553,"Total revenues accrual",NA,"OK",NA
"factor_midas","Italy","Revenues","2023-10-05",798.754447451563,1,NA,NA,NA,NA,NA,NA,2023-10-01,3523.007048553,"Total revenues accrual",NA,"OK",NA
"factor_midas","Italy","Revenues","2023-10-07",878.206711859045,1,NA,NA,NA,NA,NA,NA,2023-10-01,3523.007048553,"Total revenues accrual",NA,"OK",NA
"factor_midas","Italy","Revenues","2023-10-15",953.012521744404,1,NA,NA,NA,NA,NA,NA,2023-10-01,3523.007048553,"Total revenues accrual",NA,"OK",NA
"factor_midas","Italy","Revenues","2023-10-26",914.193332320305,1,NA,NA,NA,NA,NA,NA,2023-10-01,3523.007048553,"Total revenues accrual",NA,"OK",NA
"factor_midas","Italy","Revenues","2023-10-27",686.611352849127,1,NA,NA,NA,NA,NA,NA,2023-10-01,3523.007048553,"Total revenues accrual",NA,"OK",NA
"factor_midas","Italy","Revenues","2023-11-01",512.990511271364,1,NA,NA,NA,NA,NA,NA,2023-11-01,3523.007048553,"Total revenues accrual",NA,"OK",NA
"factor_midas","Italy","Revenues","2023-11-03",568.09186252772,1,NA,NA,NA,NA,NA,NA,2023-11-01,3523.007048553,"Total revenues accrual",NA,"OK",NA
"factor_midas","Italy","Revenues","2023-11-05",520.271047860897,1,NA,NA,NA,NA,NA,NA,2023-11-01,3523.007048553,"Total revenues accrual",NA,"OK",NA
"factor_midas","Italy","Revenues","2023-11-15",613.113544659892,1,NA,NA,NA,NA,NA,NA,2023-11-01,3523.007048553,"Total revenues accrual",NA,"OK",NA
"factor_midas","Italy","Revenues","2023-11-27",432.359637703218,1,NA,NA,NA,NA,NA,NA,2023-11-01,3523.007048553,"Total revenues accrual",NA,"OK",NA
"factor_midas","Italy","Revenues","2023-11-30",434.510164734499,1,NA,NA,NA,NA,NA,NA,2023-11-01,3523.007048553,"Total revenues accrual",NA,"OK",NA
"factor_midas","Italy","Revenues","2023-12-01",590.117752074554,1,NA,NA,NA,NA,NA,NA,2023-12-01,3523.007048553,"Total revenues accrual",NA,"OK",NA
"factor_midas","Italy","Revenues","2023-12-05",620.332262678383,1,NA,NA,NA,NA,NA,NA,2023-12-01,3523.007048553,"Total revenues accrual",NA,"OK",NA
"factor_midas","Italy","Revenues","2023-12-15",1349.45199129923,1,NA,NA,NA,NA,NA,NA,2023-12-01,5514.999172743,"Total revenues accrual",NA,"OK",NA
"factor_midas","Italy","Revenues","2023-12-27",1502.93714362398,1,NA,NA,NA,NA,NA,NA,2023-12-01,5514.999172743,"Total revenues accrual",NA,"OK",NA
"factor_midas","Italy","Revenues","2023-12-28",1592.68183395814,1,NA,NA,NA,NA,NA,NA,2023-12-01,5514.999172743,"Total revenues accrual",NA,"OK",NA
"factor_midas","Italy","Revenues","2024-01-01",1286.32159103258,1,NA,NA,NA,NA,NA,NA,2024-01-01,5514.999172743,"Total revenues accrual",NA,"OK",NA
"factor_midas","Italy","Revenues","2024-01-05",1133.70409269286,1,NA,NA,NA,NA,NA,NA,2024-01-01,5514.999172743,"Total revenues accrual",NA,"OK",NA
"factor_midas","Italy","Revenues","2024-01-15",1042.4643580356,1,NA,NA,NA,NA,NA,NA,2024-01-01,5514.999172743,"Total revenues accrual",NA,"OK",NA
"factor_midas","Italy","Revenues","2024-01-25",1110.99282840671,1,NA,NA,NA,NA,NA,NA,2024-01-01,5514.999172743,"Total revenues accrual",NA,"OK",NA
"factor_midas","Italy","Revenues","2024-01-27",1341.25614115556,1,NA,NA,NA,NA,NA,NA,2024-01-01,5514.999172743,"Total revenues accrual",NA,"OK",NA
"factor_midas","Italy","Revenues","2024-02-01",1632.81860466383,1,NA,NA,NA,NA,NA,NA,2024-02-01,5514.999172743,"Total revenues accrual",NA,"OK",NA
"factor_midas","Italy","Revenues","2024-02-04",1668.66144606616,1,NA,NA,NA,NA,NA,NA,2024-02-01,5514.999172743,"Total revenues accrual",NA,"OK",NA
"factor_midas","Italy","Revenues","2024-02-05",1778.82343768789,1,NA,NA,NA,NA,NA,NA,2024-02-01,5514.999172743,"Total revenues accrual",NA,"OK",NA
"factor_midas","Italy","Revenues","2024-02-15",1770.77687340927,1,NA,NA,NA,NA,NA,NA,2024-02-01,5514.999172743,"Total revenues accrual",NA,"OK",NA
"factor_midas","Italy","Revenues","2024-02-27",1607.47667214834,1,NA,NA,NA,NA,NA,NA,2024-02-01,5514.999172743,"Total revenues accrual",NA,"OK",NA
"factor_midas","Italy","Revenues","2024-02-29",1547.66367673054,1,NA,NA,NA,NA,NA,NA,2024-02-01,5514.999172743,"Total revenues accrual",NA,"OK",NA
"factor_midas","Italy","Revenues","2024-03-01",1638.77194808948,1,NA,NA,NA,NA,NA,NA,2024-03-01,5514.999172743,"Total revenues accrual",NA,"OK",NA
"factor_midas","Italy","Revenues","2024-03-05",1835.33025731962,1,NA,NA,NA,NA,NA,NA,2024-03-01,5514.999172743,"Total revenues accrual",NA,"OK",NA
"factor_midas","Italy","Revenues","2024-03-15",626.216656871931,1,NA,NA,NA,NA,NA,NA,2024-03-01,-1667.00085450299,"Total revenues accrual",NA,"OK",NA
"factor_midas","Italy","Revenues","2024-03-27",611.695683558312,1,NA,NA,NA,NA,NA,NA,2024-03-01,-1667.00085450299,"Total revenues accrual",NA,"OK",NA
"factor_midas","Italy","Revenues","2024-03-28",701.715031376597,1,NA,NA,NA,NA,NA,NA,2024-03-01,-1667.00085450299,"Total revenues accrual",NA,"OK",NA
"factor_midas","Italy","Revenues","2024-04-01",429.318437171059,1,NA,NA,NA,NA,NA,NA,2024-04-01,-1667.00085450299,"Total revenues accrual",NA,"OK",NA
"factor_midas","Italy","Revenues","2024-04-05",822.017484743547,1,NA,NA,NA,NA,NA,NA,2024-04-01,-1667.00085450299,"Total revenues accrual",NA,"OK",NA
"factor_midas","Italy","Revenues","2024-04-15",457.235796785338,1,NA,NA,NA,NA,NA,NA,2024-04-01,-1667.00085450299,"Total revenues accrual",NA,"OK",NA
"factor_midas","Italy","Revenues","2024-04-25",413.398990864036,1,NA,NA,NA,NA,NA,NA,2024-04-01,-1667.00085450299,"Total revenues accrual",NA,"OK",NA
"factor_midas","Italy","Revenues","2024-04-27",478.714372002522,1,NA,NA,NA,NA,NA,NA,2024-04-01,-1667.00085450299,"Total revenues accrual",NA,"OK",NA
"factor_midas","Italy","Revenues","2024-05-01",427.175314863563,1,NA,NA,NA,NA,NA,NA,2024-05-01,-1667.00085450299,"Total revenues accrual",NA,"OK",NA
"factor_midas","Italy","Revenues","2024-05-03",436.532075594908,1,NA,NA,NA,NA,NA,NA,2024-05-01,-1667.00085450299,"Total revenues accrual",NA,"OK",NA
"factor_midas","Italy","Revenues","2024-05-05",248.794393321975,1,NA,NA,NA,NA,NA,NA,2024-05-01,-1667.00085450299,"Total revenues accrual",NA,"OK",NA
"factor_midas","Italy","Revenues","2024-05-15",316.333982295257,1,NA,NA,NA,NA,NA,NA,2024-05-01,-1667.00085450299,"Total revenues accrual",NA,"OK",NA
"factor_midas","Italy","Revenues","2024-05-27",339.991638662464,1,NA,NA,NA,NA,NA,NA,2024-05-01,-1667.00085450299,"Total revenues accrual",NA,"OK",NA
"factor_midas","Italy","Revenues","2024-05-30",353.21109901725,1,NA,NA,NA,NA,NA,NA,2024-05-01,-1667.00085450299,"Total revenues accrual",NA,"OK",NA
"factor_midas","Italy","Revenues","2024-06-01",586.593466071498,1,NA,NA,NA,NA,NA,NA,2024-06-01,-1667.00085450299,"Total revenues accrual",NA,"OK",NA
"factor_midas","Italy","Revenues","2024-06-05",125.818724710009,1,NA,NA,NA,NA,NA,NA,2024-06-01,-1667.00085450299,"Total revenues accrual",NA,"OK",NA
"factor_midas","Italy","Revenues","2024-06-06",64.6951500053467,1,NA,NA,NA,NA,NA,NA,2024-06-01,-1667.00085450299,"Total revenues accrual",NA,"OK",NA
"factor_midas","Italy","Revenues","2024-06-15",2281.66312133168,1,NA,NA,NA,NA,NA,NA,2024-06-01,-107.676327972993,"Total revenues accrual",NA,"OK",NA
"factor_midas","Italy","Revenues","2024-06-27",2304.05425892711,1,NA,NA,NA,NA,NA,NA,2024-06-01,-107.676327972993,"Total revenues accrual",NA,"OK",NA
"factor_midas","Italy","Revenues","2024-07-01",2386.89726881113,1,NA,NA,NA,NA,NA,NA,2024-07-01,-107.676327972993,"Total revenues accrual",NA,"OK",NA
"factor_midas","Italy","Revenues","2024-07-05",2416.37385570533,1,NA,NA,NA,NA,NA,NA,2024-07-01,-107.676327972993,"Total revenues accrual",NA,"OK",NA
"factor_midas","Italy","Revenues","2024-07-15",1909.22850026392,1,NA,NA,NA,NA,NA,NA,2024-07-01,-107.676327972993,"Total revenues accrual",NA,"OK",NA
"factor_midas","Italy","Revenues","2024-07-25",1927.27726040147,1,NA,NA,NA,NA,NA,NA,2024-07-01,-107.676327972993,"Total revenues accrual",NA,"OK",NA
"factor_midas","Italy","Revenues","2024-07-27",2169.4440934589,1,NA,NA,NA,NA,NA,NA,2024-07-01,-107.676327972993,"Total revenues accrual",NA,"OK",NA
"factor_midas","Italy","Revenues","2024-08-01",2131.39506663397,1,NA,NA,NA,NA,NA,NA,2024-08-01,-107.676327972993,"Total revenues accrual",NA,"OK",NA
"factor_midas","Italy","Revenues","2024-08-04",2108.4687247085,1,NA,NA,NA,NA,NA,NA,2024-08-01,-107.676327972993,"Total revenues accrual",NA,"OK",NA
"factor_midas","Italy","Revenues","2024-08-05",2083.83228199835,1,NA,NA,NA,NA,NA,NA,2024-08-01,-107.676327972993,"Total revenues accrual",NA,"OK",NA
"factor_midas","Italy","Revenues","2024-08-15",2086.15525916314,1,NA,NA,NA,NA,NA,NA,2024-08-01,-107.676327972993,"Total revenues accrual",NA,"OK",NA
"factor_midas","Italy","Revenues","2024-08-27",1865.06400477443,1,NA,NA,NA,NA,NA,NA,2024-08-01,-107.676327972993,"Total revenues accrual",NA,"OK",NA
"factor_midas","Italy","Revenues","2024-08-29",1811.83482366577,1,NA,NA,NA,NA,NA,NA,2024-08-01,-107.676327972993,"Total revenues accrual",NA,"OK",NA
"factor_midas","Italy","Revenues","2024-09-01",1437.86523945436,1,NA,NA,NA,NA,NA,NA,2024-09-01,-107.676327972993,"Total revenues accrual",NA,"OK",NA
"factor_midas","Italy","Revenues","2024-09-05",1587.57283796912,1,NA,NA,NA,NA,NA,NA,2024-09-01,-107.676327972993,"Total revenues accrual",NA,"OK",NA
"factor_midas","Italy","Revenues","2024-09-07",1755.98515567839,1,NA,NA,NA,NA,NA,NA,2024-09-01,-107.676327972993,"Total revenues accrual",NA,"OK",NA
"factor_midas","Italy","Revenues","2024-09-15",-986.777877206817,1,NA,NA,NA,NA,NA,NA,2024-09-01,8870.98826010496,"Total revenues accrual",NA,"OK",NA
"factor_midas","Italy","Revenues","2024-09-26",-930.780950904075,1,NA,NA,NA,NA,NA,NA,2024-09-01,8870.98826010496,"Total revenues accrual",NA,"OK",NA
"factor_midas","Italy","Revenues","2024-09-27",-1006.87266752417,1,NA,NA,NA,NA,NA,NA,2024-09-01,8870.98826010496,"Total revenues accrual",NA,"OK",NA
"factor_midas","Italy","Revenues","2024-10-01",-728.479737901663,1,NA,NA,NA,NA,NA,NA,2024-10-01,8870.98826010496,"Total revenues accrual",NA,"OK",NA
"factor_midas","Italy","Revenues","2024-10-02",-834.163011767743,1,NA,NA,NA,NA,NA,NA,2024-10-01,8870.98826010496,"Total revenues accrual",NA,"OK",NA
"factor_midas","Italy","Revenues","2024-10-05",-749.662017003494,1,NA,NA,NA,NA,NA,NA,2024-10-01,8870.98826010496,"Total revenues accrual",NA,"OK",NA
"factor_midas","Italy","Revenues","2024-10-15",-687.080442528217,1,NA,NA,NA,NA,NA,NA,2024-10-01,8870.98826010496,"Total revenues accrual",NA,"OK",NA
"factor_midas","Italy","Revenues","2024-10-27",-488.692774148427,1,NA,NA,NA,NA,NA,NA,2024-10-01,8870.98826010496,"Total revenues accrual",NA,"OK",NA
"factor_midas","Italy","Revenues","2024-10-31",-522.873063074385,1,NA,NA,NA,NA,NA,NA,2024-10-01,8870.98826010496,"Total revenues accrual",NA,"OK",NA
"factor_midas","Italy","Revenues","2024-11-01",-681.567823442701,1,NA,NA,NA,NA,NA,NA,2024-11-01,8870.98826010496,"Total revenues accrual",NA,"OK",NA
"factor_midas","Italy","Revenues","2024-11-05",-770.473305756577,1,NA,NA,NA,NA,NA,NA,2024-11-01,8870.98826010496,"Total revenues accrual",NA,"OK",NA
"factor_midas","Italy","Revenues","2024-11-15",-727.08468584184,1,NA,NA,NA,NA,NA,NA,2024-11-01,8870.98826010496,"Total revenues accrual",NA,"OK",NA
"factor_midas","Italy","Revenues","2024-11-27",-754.624289550137,1,NA,NA,NA,NA,NA,NA,2024-11-01,8870.98826010496,"Total revenues accrual",NA,"OK",NA
"factor_midas","Italy","Revenues","2024-11-28",-770.650670579755,1,NA,NA,NA,NA,NA,NA,2024-11-01,8870.98826010496,"Total revenues accrual",NA,"OK",NA
"factor_midas","Italy","Revenues","2024-12-01",-669.496593943989,1,NA,NA,NA,NA,NA,NA,2024-12-01,8870.98826010496,"Total revenues accrual",NA,"OK",NA
"factor_midas","Italy","Revenues","2024-12-05",-453.769502766919,1,NA,NA,NA,NA,NA,NA,2024-12-01,8870.98826010496,"Total revenues accrual",NA,"OK",NA
"factor_midas","Italy","Revenues","2024-12-07",-370.77517203749,1,NA,NA,NA,NA,NA,NA,2024-12-01,8870.98826010496,"Total revenues accrual",NA,"OK",NA
"factor_midas","Italy","Revenues","2024-12-15",2535.77644809815,1,NA,NA,NA,NA,NA,NA,2024-12-01,2825.94577286905,"Total revenues accrual",NA,"OK",NA
"factor_midas","Italy","Revenues","2024-12-26",2492.77698113545,1,NA,NA,NA,NA,NA,NA,2024-12-01,2825.94577286905,"Total revenues accrual",NA,"OK",NA
"factor_midas","Italy","Revenues","2024-12-27",2451.72277142351,1,NA,NA,NA,NA,NA,NA,2024-12-01,2825.94577286905,"Total revenues accrual",NA,"OK",NA
"factor_midas","Italy","Revenues","2025-01-01",2569.30751649477,1,NA,NA,NA,NA,NA,NA,2025-01-01,2825.94577286905,"Total revenues accrual",NA,"OK",NA
"factor_midas","Italy","Revenues","2025-01-03",2494.08720034228,1,NA,NA,NA,NA,NA,NA,2025-01-01,2825.94577286905,"Total revenues accrual",NA,"OK",NA
"factor_midas","Italy","Revenues","2025-01-05",2533.81434090787,1,NA,NA,NA,NA,NA,NA,2025-01-01,2825.94577286905,"Total revenues accrual",NA,"OK",NA
"factor_midas","Italy","Revenues","2025-01-15",2831.16896032115,1,NA,NA,NA,NA,NA,NA,2025-01-01,2825.94577286905,"Total revenues accrual",NA,"OK",NA
"factor_midas","Italy","Revenues","2025-01-27",3035.707266347,1,NA,NA,NA,NA,NA,NA,2025-01-01,2825.94577286905,"Total revenues accrual",NA,"OK",NA
"factor_midas","Italy","Revenues","2025-01-30",3124.73872907574,1,NA,NA,NA,NA,NA,NA,2025-01-01,2825.94577286905,"Total revenues accrual",NA,"OK",NA
"factor_midas","Italy","Revenues","2025-02-01",2890.42532634391,1,NA,NA,NA,NA,NA,NA,2025-02-01,2825.94577286905,"Total revenues accrual",NA,"OK",NA
"factor_midas","Italy","Revenues","2025-02-05",2801.18827175128,1,NA,NA,NA,NA,NA,NA,2025-02-01,2825.94577286905,"Total revenues accrual",NA,"OK",NA
"factor_midas","Italy","Revenues","2025-02-06",2803.25666236386,1,NA,NA,NA,NA,NA,NA,2025-02-01,2825.94577286905,"Total revenues accrual",NA,"OK",NA
"factor_midas","Italy","Revenues","2025-02-15",2862.7105513716,1,NA,NA,NA,NA,NA,NA,2025-02-01,2825.94577286905,"Total revenues accrual",NA,"OK",NA
"factor_midas","Italy","Revenues","2025-02-27",2725.45014885412,1,NA,NA,NA,NA,NA,NA,2025-02-01,2825.94577286905,"Total revenues accrual",NA,"OK",NA
"factor_midas","Italy","Revenues","2025-03-01",2604.44245457557,1,NA,NA,NA,NA,NA,NA,2025-03-01,2825.94577286905,"Total revenues accrual",NA,"OK",NA
"factor_midas","Italy","Revenues","2025-03-05",2875.60005673865,1,NA,NA,NA,NA,NA,NA,2025-03-01,2825.94577286905,"Total revenues accrual",NA,"OK",NA
"factor_midas","Italy","Revenues","2025-03-06",2868.20050592851,1,NA,NA,NA,NA,NA,NA,2025-03-01,2825.94577286905,"Total revenues accrual",NA,"OK",NA
"factor_midas","Italy","Revenues","2025-03-15",3216.12958387729,1,NA,NA,NA,NA,NA,NA,2025-03-01,-2272.18961520004,"Total revenues accrual",NA,"OK",NA
"factor_midas","Italy","Revenues","2025-03-27",3225.37688788856,1,NA,NA,NA,NA,NA,NA,2025-03-01,-2272.18961520004,"Total revenues accrual",NA,"OK",NA
"factor_midas","Italy","Revenues","2025-04-01",3224.22782120558,1,NA,NA,NA,NA,NA,NA,2025-04-01,-2272.18961520004,"Total revenues accrual",NA,"OK",NA
"factor_midas","Italy","Revenues","2025-04-02",3216.28462996692,1,NA,NA,NA,NA,NA,NA,2025-04-01,-2272.18961520004,"Total revenues accrual",NA,"OK",NA
"factor_midas","Italy","Revenues","2025-04-05",3060.20343346617,1,NA,NA,NA,NA,NA,NA,2025-04-01,-2272.18961520004,"Total revenues accrual",NA,"OK",NA
"factor_midas","Italy","Revenues","2025-04-15",3313.56458067436,1,NA,NA,NA,NA,NA,NA,2025-04-01,-2272.18961520004,"Total revenues accrual",NA,"OK",NA
"factor_midas","Italy","Revenues","2025-04-24",3221.56004921014,1,NA,NA,NA,NA,NA,NA,2025-04-01,-2272.18961520004,"Total revenues accrual",NA,"OK",NA
"factor_midas","Italy","Revenues","2025-04-27",2914.6122836483,1,NA,NA,NA,NA,NA,NA,2025-04-01,-2272.18961520004,"Total revenues accrual",NA,"OK",NA
"factor_midas","Italy","Revenues","2025-05-01",2916.9276243039,1,NA,NA,NA,NA,NA,NA,2025-05-01,-2272.18961520004,"Total revenues accrual",NA,"OK",NA
"factor_midas","Italy","Revenues","2025-05-04",2911.99644231323,1,NA,NA,NA,NA,NA,NA,2025-05-01,-2272.18961520004,"Total revenues accrual",NA,"OK",NA
"factor_midas","Italy","Revenues","2025-05-05",2867.78928228165,1,NA,NA,NA,NA,NA,NA,2025-05-01,-2272.18961520004,"Total revenues accrual",NA,"OK",NA
"factor_midas","Italy","Revenues","2025-05-15",2816.12604097006,1,NA,NA,NA,NA,NA,NA,2025-05-01,-2272.18961520004,"Total revenues accrual",NA,"OK",NA
"factor_midas","Italy","Revenues","2025-05-27",2836.37915321835,1,NA,NA,NA,NA,NA,NA,2025-05-01,-2272.18961520004,"Total revenues accrual",NA,"OK",NA
"factor_midas","Italy","Revenues","2025-05-29",2934.71743376472,1,NA,NA,NA,NA,NA,NA,2025-05-01,-2272.18961520004,"Total revenues accrual",NA,"OK",NA
"factor_midas","Italy","Revenues","2025-06-01",2848.93537478761,1,NA,NA,NA,NA,NA,NA,2025-06-01,-2272.18961520004,"Total revenues accrual",NA,"OK",NA
"factor_midas","Italy","Revenues","2025-06-05",2563.53736441448,1,NA,NA,NA,NA,NA,NA,2025-06-01,-2272.18961520004,"Total revenues accrual",NA,"OK",NA
"factor_midas","Italy","Revenues","2025-06-07",2618.89410861962,1,NA,NA,NA,NA,NA,NA,2025-06-01,-2272.18961520004,"Total revenues accrual",NA,"OK",NA
"factor_midas","Italy","Revenues","2025-06-15",1413.82453901514,1,NA,NA,NA,NA,NA,NA,2025-06-01,5143.96670661401,"Total revenues accrual",NA,"OK",NA
"factor_midas","Italy","Revenues","2025-06-26",1426.94467118671,1,NA,NA,NA,NA,NA,NA,2025-06-01,5143.96670661401,"Total revenues accrual",NA,"OK",NA
"factor_midas","Italy","Revenues","2025-06-27",1563.85438767739,1,NA,NA,NA,NA,NA,NA,2025-06-01,5143.96670661401,"Total revenues accrual",NA,"OK",NA
"factor_midas","Italy","Revenues","2025-07-01",1179.83753917591,1,NA,NA,NA,NA,NA,NA,2025-07-01,5143.96670661401,"Total revenues accrual",NA,"OK",NA
"factor_midas","Italy","Revenues","2025-07-02",1134.66353063924,1,NA,NA,NA,NA,NA,NA,2025-07-01,5143.96670661401,"Total revenues accrual",NA,"OK",NA
"factor_midas","Italy","Revenues","2025-07-05",1012.06654786857,1,NA,NA,NA,NA,NA,NA,2025-07-01,5143.96670661401,"Total revenues accrual",NA,"OK",NA
"factor_midas","Italy","Revenues","2025-07-15",901.700366991502,1,NA,NA,NA,NA,NA,NA,2025-07-01,5143.96670661401,"Total revenues accrual",NA,"OK",NA
"factor_midas","Italy","Revenues","2025-07-27",1054.49880921752,1,NA,NA,NA,NA,NA,NA,2025-07-01,5143.96670661401,"Total revenues accrual",NA,"OK",NA
"factor_midas","Italy","Revenues","2025-07-31",1078.07897298128,1,NA,NA,NA,NA,NA,NA,2025-07-01,5143.96670661401,"Total revenues accrual",NA,"OK",NA
"factor_midas","Italy","Revenues","2025-08-01",1153.41788067787,1,NA,NA,NA,NA,NA,NA,2025-08-01,5143.96670661401,"Total revenues accrual",NA,"OK",NA
"factor_midas","Italy","Revenues","2025-08-05",1285.06641660441,1,NA,NA,NA,NA,NA,NA,2025-08-01,5143.96670661401,"Total revenues accrual",NA,"OK",NA
"factor_midas","Italy","Revenues","2025-08-15",1246.56181017256,1,NA,NA,NA,NA,NA,NA,2025-08-01,5143.96670661401,"Total revenues accrual",NA,"OK",NA
"factor_midas","Italy","Revenues","2025-08-27",1093.19657877151,1,NA,NA,NA,NA,NA,NA,2025-08-01,5143.96670661401,"Total revenues accrual",NA,"OK",NA
"factor_midas","Italy","Revenues","2025-08-28",1052.8226559404,1,NA,NA,NA,NA,NA,NA,2025-08-01,5143.96670661401,"Total revenues accrual",NA,"OK",NA
"factor_midas","Italy","Revenues","2025-09-01",1338.04893633546,1,NA,NA,NA,NA,NA,NA,2025-09-01,5143.96670661401,"Total revenues accrual",NA,"OK",NA
"factor_midas","Italy","Revenues","2025-09-05",1347.9819574178,1,NA,NA,NA,NA,NA,NA,2025-09-01,5143.96670661401,"Total revenues accrual",NA,"OK",NA
"factor_midas","Italy","Revenues","2025-09-15",2463.28278611799,1,NA,NA,NA,NA,NA,NA,2025-09-01,-1063.63827190502,"Total revenues accrual",NA,"OK",NA
"factor_midas","Italy","Revenues","2025-09-25",2502.8028150969,1,NA,NA,NA,NA,NA,NA,2025-09-01,-1063.63827190502,"Total revenues accrual",NA,"OK",NA
"factor_midas","Italy","Revenues","2025-09-27",2547.77327378684,1,NA,NA,NA,NA,NA,NA,2025-09-01,-1063.63827190502,"Total revenues accrual",NA,"OK",NA
"factor_midas","Italy","Revenues","2025-10-01",2536.76424239776,1,NA,NA,NA,NA,NA,NA,2025-10-01,-1063.63827190502,"Total revenues accrual",NA,"OK",NA
"factor_midas","Italy","Revenues","2025-10-03",2536.76424239776,1,NA,NA,NA,NA,NA,NA,2025-10-01,-1063.63827190502,"Total revenues accrual",NA,"OK",NA
"factor_midas","Italy","Revenues","2025-10-05",2515.54542478833,1,NA,NA,NA,NA,NA,NA,2025-10-01,-1063.63827190502,"Total revenues accrual",NA,"OK",NA
"factor_midas","Italy","Revenues","2025-10-15",2714.10379430014,1,NA,NA,NA,NA,NA,NA,2025-10-01,-1063.63827190502,"Total revenues accrual",NA,"OK",NA
"factor_midas","Italy","Revenues","2025-10-27",2607.44016298746,1,NA,NA,NA,NA,NA,NA,2025-10-01,-1063.63827190502,"Total revenues accrual",NA,"OK",NA
"factor_midas","Italy","Revenues","2025-10-30",2673.61349409234,1,NA,NA,NA,NA,NA,NA,2025-10-01,-1063.63827190502,"Total revenues accrual",NA,"OK",NA
"factor_midas","Italy","Revenues","2025-11-01",2302.43682638238,1,NA,NA,NA,NA,NA,NA,2025-11-01,-1063.63827190502,"Total revenues accrual",NA,"OK",NA
"factor_midas","Italy","Revenues","2025-11-05",2416.54860845305,1,NA,NA,NA,NA,NA,NA,2025-11-01,-1063.63827190502,"Total revenues accrual",NA,"OK",NA
"factor_midas","Italy","Revenues","2025-11-06",2416.54860845305,1,NA,NA,NA,NA,NA,NA,2025-11-01,-1063.63827190502,"Total revenues accrual",NA,"OK",NA
"factor_midas","Italy","Revenues","2025-11-15",2260.0145434161,1,NA,NA,NA,NA,NA,NA,2025-11-01,-1063.63827190502,"Total revenues accrual",NA,"OK",NA
"factor_midas","Italy","Revenues","2025-11-27",2363.57237090254,1,NA,NA,NA,NA,NA,NA,2025-11-01,-1063.63827190502,"Total revenues accrual",NA,"OK",NA
"factor_midas","Italy","Revenues","2025-12-01",2406.87301109598,1,NA,NA,NA,NA,NA,NA,2025-12-01,-1063.63827190502,"Total revenues accrual",NA,"OK",NA
"factor_midas","Italy","Revenues","2025-12-05",2232.86000564433,1,NA,NA,NA,NA,NA,NA,2025-12-01,-1063.63827190502,"Total revenues accrual",NA,"OK",NA
"factor_midas","Italy","Revenues","2025-12-15",2243.37023111395,1,NA,NA,NA,NA,NA,NA,2025-12-01,-1063.63827190502,"Total revenues accrual",NA,"OK",NA
"factor_midas","Italy","Revenues","2025-12-25",2210.37149102037,1,NA,NA,NA,NA,NA,NA,2025-12-01,-1063.63827190502,"Total revenues accrual",NA,"OK",NA
"factor_midas","Italy","Revenues","2025-12-27",2288.61654123977,1,NA,NA,NA,NA,NA,NA,2025-12-01,-1063.63827190502,"Total revenues accrual",NA,"OK",NA
"factor_midas","Italy","Revenues","2026-01-05",2321.10931663609,1,NA,NA,NA,NA,NA,NA,2026-01-01,-1063.63827190502,"Total revenues accrual",NA,"OK",NA
"factor_midas","Italy","Revenues","2026-01-15",2321.65902378916,1,NA,NA,NA,NA,NA,NA,2026-01-01,-1063.63827190502,"Total revenues accrual",NA,"OK",NA
"factor_midas","Italy","Revenues","2026-02-05",2289.29900521665,1,NA,NA,NA,NA,NA,NA,2026-02-01,-1063.63827190502,"Total revenues accrual",NA,"OK",NA
"factor_midas","Italy","Revenues","2026-02-15",2289.29900521665,1,NA,NA,NA,NA,NA,NA,2026-02-01,-1063.63827190502,"Total revenues accrual",NA,"OK",NA
"factor_midas","Italy","Revenues","2026-03-15",2258.73894472623,1,NA,NA,NA,NA,NA,NA,2026-03-01,-1063.63827190502,"Total revenues accrual",NA,"OK",NA
