"model","country","block","publication_date","nowcast_value","nb_factors","lambda","gamma","cv_mse","df","n_selected","n_selected_groups","date_new","last_obs_y","target_name","selected_columns","status","error"
"sg_lasso","Spain","Expenditures","2013-01-01",1321.79155791796,NA,0.00834782383928394,0.5,2.95215662152727,7,7,7,2013-01-01,16464,"Total expenditures accrual","Y_lag1; 10y yield_leg0; HICPX_leg0; Debt-to-GDP ratio_leg0; Geopolitical risk index_leg0; Retail sales_leg0; Cash expenditures_leg0","OK",NA
"sg_lasso","Spain","Expenditures","2013-01-02",1297.23301815633,NA,0.00834782383928394,0.5,2.95215662152727,7,7,7,2013-01-01,16464,"Total expenditures accrual","Y_lag1; 10y yield_leg0; HICPX_leg0; Debt-to-GDP ratio_leg0; Geopolitical risk index_leg0; Retail sales_leg0; Cash expenditures_leg0","OK",NA
"sg_lasso","Spain","Expenditures","2013-01-15",7924.61124610051,NA,0.00834782383928394,0.5,2.95215662152727,7,7,7,2013-01-01,16464,"Total expenditures accrual","Y_lag1; 10y yield_leg0; HICPX_leg0; Debt-to-GDP ratio_leg0; Geopolitical risk index_leg0; Retail sales_leg0; Cash expenditures_leg0","OK",NA
"sg_lasso","Spain","Expenditures","2013-01-27",7766.15306549839,NA,0.00834782383928394,0.5,2.95215662152727,7,7,7,2013-01-01,16464,"Total expenditures accrual","Y_lag1; 10y yield_leg0; HICPX_leg0; Debt-to-GDP ratio_leg0; Geopolitical risk index_leg0; Retail sales_leg0; Cash expenditures_leg0","OK",NA
"sg_lasso","Spain","Expenditures","2013-02-01",12871.0413504974,NA,0.00834782383928394,0.5,2.95215662152727,7,7,7,2013-02-01,16464,"Total expenditures accrual","Y_lag1; 10y yield_leg0; HICPX_leg0; Debt-to-GDP ratio_leg0; Geopolitical risk index_leg0; Retail sales_leg0; Cash expenditures_leg0","OK",NA
"sg_lasso","Spain","Expenditures","2013-02-05",12837.5990039067,NA,0.00834782383928394,0.5,2.95215662152727,7,7,7,2013-02-01,16464,"Total expenditures accrual","Y_lag1; 10y yield_leg0; HICPX_leg0; Debt-to-GDP ratio_leg0; Geopolitical risk index_leg0; Retail sales_leg0; Cash expenditures_leg0","OK",NA
"sg_lasso","Spain","Expenditures","2013-02-15",4900.66056518017,NA,0.00834782383928394,0.5,2.95215662152727,7,7,7,2013-02-01,16464,"Total expenditures accrual","Y_lag1; 10y yield_leg0; HICPX_leg0; Debt-to-GDP ratio_leg0; Geopolitical risk index_leg0; Retail sales_leg0; Cash expenditures_leg0","OK",NA
"sg_lasso","Spain","Expenditures","2013-02-27",5059.11874578229,NA,0.00834782383928394,0.5,2.95215662152727,7,7,7,2013-02-01,16464,"Total expenditures accrual","Y_lag1; 10y yield_leg0; HICPX_leg0; Debt-to-GDP ratio_leg0; Geopolitical risk index_leg0; Retail sales_leg0; Cash expenditures_leg0","OK",NA
"sg_lasso","Spain","Expenditures","2013-03-01",3549.30999725449,NA,0.00834782383928394,0.5,2.95215662152727,7,7,7,2013-03-01,16464,"Total expenditures accrual","Y_lag1; 10y yield_leg0; HICPX_leg0; Debt-to-GDP ratio_leg0; Geopolitical risk index_leg0; Retail sales_leg0; Cash expenditures_leg0","OK",NA
"sg_lasso","Spain","Expenditures","2013-03-05",3578.66410559995,NA,0.00834782383928394,0.5,2.95215662152727,7,7,7,2013-03-01,16464,"Total expenditures accrual","Y_lag1; 10y yield_leg0; HICPX_leg0; Debt-to-GDP ratio_leg0; Geopolitical risk index_leg0; Retail sales_leg0; Cash expenditures_leg0","OK",NA
"sg_lasso","Spain","Expenditures","2013-03-15",59081.5249913017,NA,0.00502113168553484,0.5,1.12479356252068,9,9,9,2013-03-01,-21294,"Total expenditures accrual","Y_lag1; 10y yield_leg0; HICPX_leg0; Debt-to-GDP ratio_leg0; Unemployment rate_leg0; Share of LT unemp_leg0; Geopolitical risk index_leg0; Payroll Mass_leg0; Energy prices_leg0","OK",NA
"sg_lasso","Spain","Expenditures","2013-03-27",61531.8425658956,NA,0.00502113168553484,0.5,1.12452132270264,9,9,9,2013-03-01,-21294,"Total expenditures accrual","Y_lag1; 10y yield_leg0; HICPX_leg0; Debt-to-GDP ratio_leg0; Unemployment rate_leg0; Share of LT unemp_leg0; Geopolitical risk index_leg0; Payroll Mass_leg0; Energy prices_leg0","OK",NA
"sg_lasso","Spain","Expenditures","2013-04-01",52725.6951703963,NA,0.00502113168553484,0.5,1.12452132270264,9,9,9,2013-04-01,-21294,"Total expenditures accrual","Y_lag1; 10y yield_leg0; HICPX_leg0; Debt-to-GDP ratio_leg0; Unemployment rate_leg0; Share of LT unemp_leg0; Geopolitical risk index_leg0; Payroll Mass_leg0; Energy prices_leg0","OK",NA
"sg_lasso","Spain","Expenditures","2013-04-15",53307.1612064373,NA,0.00502113168553484,0.5,1.12452132270264,9,9,9,2013-04-01,-21294,"Total expenditures accrual","Y_lag1; 10y yield_leg0; HICPX_leg0; Debt-to-GDP ratio_leg0; Unemployment rate_leg0; Share of LT unemp_leg0; Geopolitical risk index_leg0; Payroll Mass_leg0; Energy prices_leg0","OK",NA
"sg_lasso","Spain","Expenditures","2013-04-27",52738.4723969328,NA,0.00502113168553484,0.5,1.12452132270264,9,9,9,2013-04-01,-21294,"Total expenditures accrual","Y_lag1; 10y yield_leg0; HICPX_leg0; Debt-to-GDP ratio_leg0; Unemployment rate_leg0; Share of LT unemp_leg0; Geopolitical risk index_leg0; Payroll Mass_leg0; Energy prices_leg0","OK",NA
"sg_lasso","Spain","Expenditures","2013-05-01",47693.2233432631,NA,0.00502113168553484,0.5,1.12452132270264,9,9,9,2013-05-01,-21294,"Total expenditures accrual","Y_lag1; 10y yield_leg0; HICPX_leg0; Debt-to-GDP ratio_leg0; Unemployment rate_leg0; Share of LT unemp_leg0; Geopolitical risk index_leg0; Payroll Mass_leg0; Energy prices_leg0","OK",NA
"sg_lasso","Spain","Expenditures","2013-05-03",47693.2233432631,NA,0.00502113168553484,0.5,1.12452132270264,9,9,9,2013-05-01,-21294,"Total expenditures accrual","Y_lag1; 10y yield_leg0; HICPX_leg0; Debt-to-GDP ratio_leg0; Unemployment rate_leg0; Share of LT unemp_leg0; Geopolitical risk index_leg0; Payroll Mass_leg0; Energy prices_leg0","OK",NA
"sg_lasso","Spain","Expenditures","2013-05-15",46155.328424989,NA,0.00502113168553484,0.5,1.12452132270264,9,9,9,2013-05-01,-21294,"Total expenditures accrual","Y_lag1; 10y yield_leg0; HICPX_leg0; Debt-to-GDP ratio_leg0; Unemployment rate_leg0; Share of LT unemp_leg0; Geopolitical risk index_leg0; Payroll Mass_leg0; Energy prices_leg0","OK",NA
"sg_lasso","Spain","Expenditures","2013-05-27",45677.9193777029,NA,0.00502113168553484,0.5,1.12452132270264,9,9,9,2013-05-01,-21294,"Total expenditures accrual","Y_lag1; 10y yield_leg0; HICPX_leg0; Debt-to-GDP ratio_leg0; Unemployment rate_leg0; Share of LT unemp_leg0; Geopolitical risk index_leg0; Payroll Mass_leg0; Energy prices_leg0","OK",NA
"sg_lasso","Spain","Expenditures","2013-06-01",40351.6094075873,NA,0.00502113168553484,0.5,1.12452132270264,9,9,9,2013-06-01,-21294,"Total expenditures accrual","Y_lag1; 10y yield_leg0; HICPX_leg0; Debt-to-GDP ratio_leg0; Unemployment rate_leg0; Share of LT unemp_leg0; Geopolitical risk index_leg0; Payroll Mass_leg0; Energy prices_leg0","OK",NA
"sg_lasso","Spain","Expenditures","2013-06-06",40351.6094075873,NA,0.00502113168553484,0.5,1.12452132270264,9,9,9,2013-06-01,-21294,"Total expenditures accrual","Y_lag1; 10y yield_leg0; HICPX_leg0; Debt-to-GDP ratio_leg0; Unemployment rate_leg0; Share of LT unemp_leg0; Geopolitical risk index_leg0; Payroll Mass_leg0; Energy prices_leg0","OK",NA
"sg_lasso","Spain","Expenditures","2013-06-15",-6945.92828654091,NA,0.207936330445595,0.5,1.01324197005794,4,4,4,2013-06-01,-59,"Total expenditures accrual","Y_lag1; Unemployment inflows_leg0; Payroll Mass_leg0; Cash expenditures_leg0","OK",NA
"sg_lasso","Spain","Expenditures","2013-06-27",-6945.92828654091,NA,0.207936330445595,0.5,1.01324197005794,4,4,4,2013-06-01,-59,"Total expenditures accrual","Y_lag1; Unemployment inflows_leg0; Payroll Mass_leg0; Cash expenditures_leg0","OK",NA
"sg_lasso","Spain","Expenditures","2013-07-01",-3573.22508458526,NA,0.207936330445595,0.5,1.01324197005794,4,4,4,2013-07-01,-59,"Total expenditures accrual","Y_lag1; Unemployment inflows_leg0; Payroll Mass_leg0; Cash expenditures_leg0","OK",NA
"sg_lasso","Spain","Expenditures","2013-07-15",-3754.92041192675,NA,0.207936330445595,0.5,1.01324197005794,4,4,4,2013-07-01,-59,"Total expenditures accrual","Y_lag1; Unemployment inflows_leg0; Payroll Mass_leg0; Cash expenditures_leg0","OK",NA
"sg_lasso","Spain","Expenditures","2013-07-27",-3754.92041192675,NA,0.207936330445595,0.5,1.01324197005794,4,4,4,2013-07-01,-59,"Total expenditures accrual","Y_lag1; Unemployment inflows_leg0; Payroll Mass_leg0; Cash expenditures_leg0","OK",NA
"sg_lasso","Spain","Expenditures","2013-08-01",-614.096618382931,NA,0.207936330445595,0.5,1.01324197005794,4,4,4,2013-08-01,-59,"Total expenditures accrual","Y_lag1; Unemployment inflows_leg0; Payroll Mass_leg0; Cash expenditures_leg0","OK",NA
"sg_lasso","Spain","Expenditures","2013-08-04",-614.096618382931,NA,0.207936330445595,0.5,1.01324197005794,4,4,4,2013-08-01,-59,"Total expenditures accrual","Y_lag1; Unemployment inflows_leg0; Payroll Mass_leg0; Cash expenditures_leg0","OK",NA
"sg_lasso","Spain","Expenditures","2013-08-15",-428.707929555087,NA,0.207936330445595,0.5,1.01324197005794,4,4,4,2013-08-01,-59,"Total expenditures accrual","Y_lag1; Unemployment inflows_leg0; Payroll Mass_leg0; Cash expenditures_leg0","OK",NA
"sg_lasso","Spain","Expenditures","2013-08-27",-428.707929555087,NA,0.207936330445595,0.5,1.01324197005794,4,4,4,2013-08-01,-59,"Total expenditures accrual","Y_lag1; Unemployment inflows_leg0; Payroll Mass_leg0; Cash expenditures_leg0","OK",NA
"sg_lasso","Spain","Expenditures","2013-09-01",-425.014568068738,NA,0.207936330445595,0.5,1.01324197005794,4,4,4,2013-09-01,-59,"Total expenditures accrual","Y_lag1; Unemployment inflows_leg0; Payroll Mass_leg0; Cash expenditures_leg0","OK",NA
"sg_lasso","Spain","Expenditures","2013-09-07",-425.014568068738,NA,0.207936330445595,0.5,1.01324197005794,4,4,4,2013-09-01,-59,"Total expenditures accrual","Y_lag1; Unemployment inflows_leg0; Payroll Mass_leg0; Cash expenditures_leg0","OK",NA
"sg_lasso","Spain","Expenditures","2013-09-15",-2221.39143587808,NA,0.0257641199047887,0.5,1.64291357990638,8,8,8,2013-09-01,636,"Total expenditures accrual","Y_lag1; 10y yield_leg0; HICPX_leg0; Unemployment rate_leg0; Share of LT unemp_leg0; IP_leg0; Payroll Mass_leg0; Cash expenditures_leg0","OK",NA
"sg_lasso","Spain","Expenditures","2013-09-27",-2112.59739802381,NA,0.125280650158019,0.5,1.73363775797677,5,5,5,2013-09-01,636,"Total expenditures accrual","Y_lag1; Geopolitical risk index_leg0; IP_leg0; Payroll Mass_leg0; Cash expenditures_leg0","OK",NA
"sg_lasso","Spain","Expenditures","2013-10-01",-5126.71204161241,NA,0.125280650158019,0.5,1.73363775797677,5,5,5,2013-10-01,636,"Total expenditures accrual","Y_lag1; Geopolitical risk index_leg0; IP_leg0; Payroll Mass_leg0; Cash expenditures_leg0","OK",NA
"sg_lasso","Spain","Expenditures","2013-10-02",-5126.71204161241,NA,0.125280650158019,0.5,1.73363775797677,5,5,5,2013-10-01,636,"Total expenditures accrual","Y_lag1; Geopolitical risk index_leg0; IP_leg0; Payroll Mass_leg0; Cash expenditures_leg0","OK",NA
"sg_lasso","Spain","Expenditures","2013-10-15",-4618.29387935222,NA,0.125280650158019,0.5,1.73363775797677,5,5,5,2013-10-01,636,"Total expenditures accrual","Y_lag1; Geopolitical risk index_leg0; IP_leg0; Payroll Mass_leg0; Cash expenditures_leg0","OK",NA
"sg_lasso","Spain","Expenditures","2013-10-27",-4618.29387935222,NA,0.125280650158019,0.5,1.73363775797677,5,5,5,2013-10-01,636,"Total expenditures accrual","Y_lag1; Geopolitical risk index_leg0; IP_leg0; Payroll Mass_leg0; Cash expenditures_leg0","OK",NA
"sg_lasso","Spain","Expenditures","2013-11-01",-7781.52123865492,NA,0.125280650158019,0.5,1.73363775797677,5,5,5,2013-11-01,636,"Total expenditures accrual","Y_lag1; Geopolitical risk index_leg0; IP_leg0; Payroll Mass_leg0; Cash expenditures_leg0","OK",NA
"sg_lasso","Spain","Expenditures","2013-11-05",-7781.52123865492,NA,0.125280650158019,0.5,1.73363775797677,5,5,5,2013-11-01,636,"Total expenditures accrual","Y_lag1; Geopolitical risk index_leg0; IP_leg0; Payroll Mass_leg0; Cash expenditures_leg0","OK",NA
"sg_lasso","Spain","Expenditures","2013-11-15",-8561.27378673634,NA,0.125280650158019,0.5,1.73363775797677,5,5,5,2013-11-01,636,"Total expenditures accrual","Y_lag1; Geopolitical risk index_leg0; IP_leg0; Payroll Mass_leg0; Cash expenditures_leg0","OK",NA
"sg_lasso","Spain","Expenditures","2013-11-27",-8561.27378673634,NA,0.125280650158019,0.5,1.73363775797677,5,5,5,2013-11-01,636,"Total expenditures accrual","Y_lag1; Geopolitical risk index_leg0; IP_leg0; Payroll Mass_leg0; Cash expenditures_leg0","OK",NA
"sg_lasso","Spain","Expenditures","2013-12-01",-8954.5431477656,NA,0.125280650158019,0.5,1.73363775797677,5,5,5,2013-12-01,636,"Total expenditures accrual","Y_lag1; Geopolitical risk index_leg0; IP_leg0; Payroll Mass_leg0; Cash expenditures_leg0","OK",NA
"sg_lasso","Spain","Expenditures","2013-12-07",-8954.5431477656,NA,0.125280650158019,0.5,1.73363775797677,5,5,5,2013-12-01,636,"Total expenditures accrual","Y_lag1; Geopolitical risk index_leg0; IP_leg0; Payroll Mass_leg0; Cash expenditures_leg0","OK",NA
"sg_lasso","Spain","Expenditures","2013-12-15",-3164.34467748338,NA,0.139297484157764,0.5,1.89581530503316,3,3,3,2013-12-01,-2577,"Total expenditures accrual","Y_lag1; Payroll Mass_leg0; Cash expenditures_leg0","OK",NA
"sg_lasso","Spain","Expenditures","2013-12-27",-2944.36023566783,NA,0.152878816899434,0.5,1.89581729162695,3,3,3,2013-12-01,-2577,"Total expenditures accrual","Y_lag1; Payroll Mass_leg0; Cash expenditures_leg0","OK",NA
"sg_lasso","Spain","Expenditures","2014-01-01",-3393.63683504904,NA,0.152878816899434,0.5,1.89581729162695,3,3,3,2014-01-01,-2577,"Total expenditures accrual","Y_lag1; Payroll Mass_leg0; Cash expenditures_leg0","OK",NA
"sg_lasso","Spain","Expenditures","2014-01-03",-3393.63683504904,NA,0.152878816899434,0.5,1.89581729162695,3,3,3,2014-01-01,-2577,"Total expenditures accrual","Y_lag1; Payroll Mass_leg0; Cash expenditures_leg0","OK",NA
"sg_lasso","Spain","Expenditures","2014-01-15",-2871.6015572539,NA,0.152878816899434,0.5,1.89581729162695,3,3,3,2014-01-01,-2577,"Total expenditures accrual","Y_lag1; Payroll Mass_leg0; Cash expenditures_leg0","OK",NA
"sg_lasso","Spain","Expenditures","2014-01-27",-2871.6015572539,NA,0.152878816899434,0.5,1.89581729162695,3,3,3,2014-01-01,-2577,"Total expenditures accrual","Y_lag1; Payroll Mass_leg0; Cash expenditures_leg0","OK",NA
"sg_lasso","Spain","Expenditures","2014-02-01",-1828.53953268781,NA,0.152878816899434,0.5,1.89581729162695,3,3,3,2014-02-01,-2577,"Total expenditures accrual","Y_lag1; Payroll Mass_leg0; Cash expenditures_leg0","OK",NA
"sg_lasso","Spain","Expenditures","2014-02-06",-1828.53953268781,NA,0.152878816899434,0.5,1.89581729162695,3,3,3,2014-02-01,-2577,"Total expenditures accrual","Y_lag1; Payroll Mass_leg0; Cash expenditures_leg0","OK",NA
"sg_lasso","Spain","Expenditures","2014-02-15",-2220.055091962,NA,0.152878816899434,0.5,1.89581729162695,3,3,3,2014-02-01,-2577,"Total expenditures accrual","Y_lag1; Payroll Mass_leg0; Cash expenditures_leg0","OK",NA
"sg_lasso","Spain","Expenditures","2014-02-27",-2220.055091962,NA,0.152878816899434,0.5,1.89581729162695,3,3,3,2014-02-01,-2577,"Total expenditures accrual","Y_lag1; Payroll Mass_leg0; Cash expenditures_leg0","OK",NA
"sg_lasso","Spain","Expenditures","2014-03-01",-2089.53537344106,NA,0.152878816899434,0.5,1.89581729162695,3,3,3,2014-03-01,-2577,"Total expenditures accrual","Y_lag1; Payroll Mass_leg0; Cash expenditures_leg0","OK",NA
"sg_lasso","Spain","Expenditures","2014-03-06",-2089.53537344106,NA,0.152878816899434,0.5,1.89581729162695,3,3,3,2014-03-01,-2577,"Total expenditures accrual","Y_lag1; Payroll Mass_leg0; Cash expenditures_leg0","OK",NA
"sg_lasso","Spain","Expenditures","2014-03-15",-2427.71980921145,NA,0.185145498011697,0.5,1.3405919783901,3,3,3,2014-03-01,-983,"Total expenditures accrual","Y_lag1; Payroll Mass_leg0; Cash expenditures_leg0","OK",NA
"sg_lasso","Spain","Expenditures","2014-03-27",-2427.71980921145,NA,0.185145498011697,0.5,1.34063958583477,3,3,3,2014-03-01,-983,"Total expenditures accrual","Y_lag1; Payroll Mass_leg0; Cash expenditures_leg0","OK",NA
"sg_lasso","Spain","Expenditures","2014-04-01",-2603.40498140367,NA,0.185145498011697,0.5,1.34063958583477,3,3,3,2014-04-01,-983,"Total expenditures accrual","Y_lag1; Payroll Mass_leg0; Cash expenditures_leg0","OK",NA
"sg_lasso","Spain","Expenditures","2014-04-02",-2603.40498140367,NA,0.185145498011697,0.5,1.34063958583477,3,3,3,2014-04-01,-983,"Total expenditures accrual","Y_lag1; Payroll Mass_leg0; Cash expenditures_leg0","OK",NA
"sg_lasso","Spain","Expenditures","2014-04-15",-2962.66942107532,NA,0.185145498011697,0.5,1.34063958583477,3,3,3,2014-04-01,-983,"Total expenditures accrual","Y_lag1; Payroll Mass_leg0; Cash expenditures_leg0","OK",NA
"sg_lasso","Spain","Expenditures","2014-04-27",-2962.66942107532,NA,0.185145498011697,0.5,1.34063958583477,3,3,3,2014-04-01,-983,"Total expenditures accrual","Y_lag1; Payroll Mass_leg0; Cash expenditures_leg0","OK",NA
"sg_lasso","Spain","Expenditures","2014-05-01",-3195.55908186712,NA,0.185145498011697,0.5,1.34063958583477,3,3,3,2014-05-01,-983,"Total expenditures accrual","Y_lag1; Payroll Mass_leg0; Cash expenditures_leg0","OK",NA
"sg_lasso","Spain","Expenditures","2014-05-04",-3195.55908186712,NA,0.185145498011697,0.5,1.34063958583477,3,3,3,2014-05-01,-983,"Total expenditures accrual","Y_lag1; Payroll Mass_leg0; Cash expenditures_leg0","OK",NA
"sg_lasso","Spain","Expenditures","2014-05-15",-3779.24677404236,NA,0.185145498011697,0.5,1.34063958583477,3,3,3,2014-05-01,-983,"Total expenditures accrual","Y_lag1; Payroll Mass_leg0; Cash expenditures_leg0","OK",NA
"sg_lasso","Spain","Expenditures","2014-05-27",-3779.24677404236,NA,0.185145498011697,0.5,1.34063958583477,3,3,3,2014-05-01,-983,"Total expenditures accrual","Y_lag1; Payroll Mass_leg0; Cash expenditures_leg0","OK",NA
"sg_lasso","Spain","Expenditures","2014-06-01",-4722.19890588927,NA,0.185145498011697,0.5,1.34063958583477,3,3,3,2014-06-01,-983,"Total expenditures accrual","Y_lag1; Payroll Mass_leg0; Cash expenditures_leg0","OK",NA
"sg_lasso","Spain","Expenditures","2014-06-07",-4722.19890588927,NA,0.185145498011697,0.5,1.34063958583477,3,3,3,2014-06-01,-983,"Total expenditures accrual","Y_lag1; Payroll Mass_leg0; Cash expenditures_leg0","OK",NA
"sg_lasso","Spain","Expenditures","2014-06-15",-3781.60230580257,NA,0.185105967569188,0.5,1.44631770434263,3,3,3,2014-06-01,765,"Total expenditures accrual","Y_lag1; Payroll Mass_leg0; Cash expenditures_leg0","OK",NA
"sg_lasso","Spain","Expenditures","2014-06-27",-3511.600320434,NA,0.203153570892582,0.5,1.44639530211676,3,3,3,2014-06-01,765,"Total expenditures accrual","Y_lag1; Payroll Mass_leg0; Cash expenditures_leg0","OK",NA
"sg_lasso","Spain","Expenditures","2014-07-01",-3608.27397420558,NA,0.203153570892582,0.5,1.44639530211676,3,3,3,2014-07-01,765,"Total expenditures accrual","Y_lag1; Payroll Mass_leg0; Cash expenditures_leg0","OK",NA
"sg_lasso","Spain","Expenditures","2014-07-02",-3608.27397420558,NA,0.203153570892582,0.5,1.44639530211676,3,3,3,2014-07-01,765,"Total expenditures accrual","Y_lag1; Payroll Mass_leg0; Cash expenditures_leg0","OK",NA
"sg_lasso","Spain","Expenditures","2014-07-15",-3399.44811186853,NA,0.203153570892582,0.5,1.44639530211676,3,3,3,2014-07-01,765,"Total expenditures accrual","Y_lag1; Payroll Mass_leg0; Cash expenditures_leg0","OK",NA
"sg_lasso","Spain","Expenditures","2014-07-27",-3399.44811186853,NA,0.203153570892582,0.5,1.44639530211676,3,3,3,2014-07-01,765,"Total expenditures accrual","Y_lag1; Payroll Mass_leg0; Cash expenditures_leg0","OK",NA
"sg_lasso","Spain","Expenditures","2014-08-01",-2745.67269681881,NA,0.203153570892582,0.5,1.44639530211676,3,3,3,2014-08-01,765,"Total expenditures accrual","Y_lag1; Payroll Mass_leg0; Cash expenditures_leg0","OK",NA
"sg_lasso","Spain","Expenditures","2014-08-05",-2745.67269681881,NA,0.203153570892582,0.5,1.44639530211676,3,3,3,2014-08-01,765,"Total expenditures accrual","Y_lag1; Payroll Mass_leg0; Cash expenditures_leg0","OK",NA
"sg_lasso","Spain","Expenditures","2014-08-15",-3234.62999838132,NA,0.203153570892582,0.5,1.44639530211676,3,3,3,2014-08-01,765,"Total expenditures accrual","Y_lag1; Payroll Mass_leg0; Cash expenditures_leg0","OK",NA
"sg_lasso","Spain","Expenditures","2014-08-27",-3234.62999838132,NA,0.203153570892582,0.5,1.44639530211676,3,3,3,2014-08-01,765,"Total expenditures accrual","Y_lag1; Payroll Mass_leg0; Cash expenditures_leg0","OK",NA
"sg_lasso","Spain","Expenditures","2014-09-01",-3514.76143760679,NA,0.203153570892582,0.5,1.44639530211676,3,3,3,2014-09-01,765,"Total expenditures accrual","Y_lag1; Payroll Mass_leg0; Cash expenditures_leg0","OK",NA
"sg_lasso","Spain","Expenditures","2014-09-15",-816.358328827388,NA,0.427798289212825,0.5,1.19290134203016,1,1,1,2014-09-01,326,"Total expenditures accrual","Y_lag1","OK",NA
"sg_lasso","Spain","Expenditures","2014-09-27",-816.358328827388,NA,0.427798289212825,0.5,1.19290134203016,1,1,1,2014-09-01,326,"Total expenditures accrual","Y_lag1","OK",NA
"sg_lasso","Spain","Expenditures","2014-10-01",-816.358328827388,NA,0.427798289212825,0.5,1.19290134203016,1,1,1,2014-10-01,326,"Total expenditures accrual","Y_lag1","OK",NA
"sg_lasso","Spain","Expenditures","2014-10-03",-816.358328827388,NA,0.427798289212825,0.5,1.19290134203016,1,1,1,2014-10-01,326,"Total expenditures accrual","Y_lag1","OK",NA
"sg_lasso","Spain","Expenditures","2014-10-15",-816.358328827388,NA,0.427798289212825,0.5,1.19290134203016,1,1,1,2014-10-01,326,"Total expenditures accrual","Y_lag1","OK",NA
"sg_lasso","Spain","Expenditures","2014-10-27",-816.358328827388,NA,0.427798289212825,0.5,1.19290134203016,1,1,1,2014-10-01,326,"Total expenditures accrual","Y_lag1","OK",NA
"sg_lasso","Spain","Expenditures","2014-11-01",-816.358328827388,NA,0.427798289212825,0.5,1.19290134203016,1,1,1,2014-11-01,326,"Total expenditures accrual","Y_lag1","OK",NA
"sg_lasso","Spain","Expenditures","2014-11-06",-816.358328827388,NA,0.427798289212825,0.5,1.19290134203016,1,1,1,2014-11-01,326,"Total expenditures accrual","Y_lag1","OK",NA
"sg_lasso","Spain","Expenditures","2014-11-15",-816.358328827388,NA,0.427798289212825,0.5,1.19290134203016,1,1,1,2014-11-01,326,"Total expenditures accrual","Y_lag1","OK",NA
"sg_lasso","Spain","Expenditures","2014-11-27",-816.358328827388,NA,0.427798289212825,0.5,1.19290134203016,1,1,1,2014-11-01,326,"Total expenditures accrual","Y_lag1","OK",NA
"sg_lasso","Spain","Expenditures","2014-12-01",-816.358328827388,NA,0.427798289212825,0.5,1.19290134203016,1,1,1,2014-12-01,326,"Total expenditures accrual","Y_lag1","OK",NA
"sg_lasso","Spain","Expenditures","2014-12-15",-1455.99203752626,NA,0.432159742868393,0.5,1.03189144317184,1,1,1,2014-12-01,1946,"Total expenditures accrual","Y_lag1","OK",NA
"sg_lasso","Spain","Expenditures","2014-12-27",-1455.99203752626,NA,0.432159742868393,0.5,1.03189144317184,1,1,1,2014-12-01,1946,"Total expenditures accrual","Y_lag1","OK",NA
"sg_lasso","Spain","Expenditures","2015-01-01",-1455.99203752626,NA,0.432159742868393,0.5,1.03189144317184,1,1,1,2015-01-01,1946,"Total expenditures accrual","Y_lag1","OK",NA
"sg_lasso","Spain","Expenditures","2015-01-04",-1455.99203752626,NA,0.432159742868393,0.5,1.03189144317184,1,1,1,2015-01-01,1946,"Total expenditures accrual","Y_lag1","OK",NA
"sg_lasso","Spain","Expenditures","2015-01-15",-1455.99203752626,NA,0.432159742868393,0.5,1.03189144317184,1,1,1,2015-01-01,1946,"Total expenditures accrual","Y_lag1","OK",NA
"sg_lasso","Spain","Expenditures","2015-01-27",-1455.99203752626,NA,0.432159742868393,0.5,1.03189144317184,1,1,1,2015-01-01,1946,"Total expenditures accrual","Y_lag1","OK",NA
"sg_lasso","Spain","Expenditures","2015-02-01",-1455.99203752626,NA,0.432159742868393,0.5,1.03189144317184,1,1,1,2015-02-01,1946,"Total expenditures accrual","Y_lag1","OK",NA
"sg_lasso","Spain","Expenditures","2015-02-07",-1455.99203752626,NA,0.432159742868393,0.5,1.03189144317184,1,1,1,2015-02-01,1946,"Total expenditures accrual","Y_lag1","OK",NA
"sg_lasso","Spain","Expenditures","2015-02-15",-1455.99203752626,NA,0.432159742868393,0.5,1.03189144317184,1,1,1,2015-02-01,1946,"Total expenditures accrual","Y_lag1","OK",NA
"sg_lasso","Spain","Expenditures","2015-02-27",-1455.99203752626,NA,0.432159742868393,0.5,1.03189144317184,1,1,1,2015-02-01,1946,"Total expenditures accrual","Y_lag1","OK",NA
"sg_lasso","Spain","Expenditures","2015-03-01",-1455.99203752626,NA,0.432159742868393,0.5,1.03189144317184,1,1,1,2015-03-01,1946,"Total expenditures accrual","Y_lag1","OK",NA
"sg_lasso","Spain","Expenditures","2015-03-07",-1455.99203752626,NA,0.432159742868393,0.5,1.03189144317184,1,1,1,2015-03-01,1946,"Total expenditures accrual","Y_lag1","OK",NA
"sg_lasso","Spain","Expenditures","2015-03-15",297.686921031692,NA,0.360728596660563,0.5,1.12062208453871,1,1,1,2015-03-01,-1645,"Total expenditures accrual","Y_lag1","OK",NA
"sg_lasso","Spain","Expenditures","2015-03-27",297.686921031692,NA,0.360728596660563,0.5,1.12062208453871,1,1,1,2015-03-01,-1645,"Total expenditures accrual","Y_lag1","OK",NA
"sg_lasso","Spain","Expenditures","2015-04-01",297.686921031692,NA,0.360728596660563,0.5,1.12062208453871,1,1,1,2015-04-01,-1645,"Total expenditures accrual","Y_lag1","OK",NA
"sg_lasso","Spain","Expenditures","2015-04-03",297.686921031692,NA,0.360728596660563,0.5,1.12062208453871,1,1,1,2015-04-01,-1645,"Total expenditures accrual","Y_lag1","OK",NA
"sg_lasso","Spain","Expenditures","2015-04-15",297.686921031692,NA,0.360728596660563,0.5,1.12062208453871,1,1,1,2015-04-01,-1645,"Total expenditures accrual","Y_lag1","OK",NA
"sg_lasso","Spain","Expenditures","2015-04-27",297.686921031692,NA,0.360728596660563,0.5,1.12062208453871,1,1,1,2015-04-01,-1645,"Total expenditures accrual","Y_lag1","OK",NA
"sg_lasso","Spain","Expenditures","2015-05-01",297.686921031692,NA,0.360728596660563,0.5,1.12062208453871,1,1,1,2015-05-01,-1645,"Total expenditures accrual","Y_lag1","OK",NA
"sg_lasso","Spain","Expenditures","2015-05-05",297.686921031692,NA,0.360728596660563,0.5,1.12062208453871,1,1,1,2015-05-01,-1645,"Total expenditures accrual","Y_lag1","OK",NA
"sg_lasso","Spain","Expenditures","2015-05-15",297.686921031692,NA,0.360728596660563,0.5,1.12062208453871,1,1,1,2015-05-01,-1645,"Total expenditures accrual","Y_lag1","OK",NA
"sg_lasso","Spain","Expenditures","2015-05-27",297.686921031692,NA,0.360728596660563,0.5,1.12062208453871,1,1,1,2015-05-01,-1645,"Total expenditures accrual","Y_lag1","OK",NA
"sg_lasso","Spain","Expenditures","2015-06-01",297.686921031692,NA,0.360728596660563,0.5,1.12062208453871,1,1,1,2015-06-01,-1645,"Total expenditures accrual","Y_lag1","OK",NA
"sg_lasso","Spain","Expenditures","2015-06-15",-1013.28448951255,NA,0.403754771764795,0.5,0.0417540139681207,1,1,1,2015-06-01,1100,"Total expenditures accrual","Y_lag1","OK",NA
"sg_lasso","Spain","Expenditures","2015-06-27",-1013.28448951255,NA,0.403754771764795,0.5,0.0417540139681207,1,1,1,2015-06-01,1100,"Total expenditures accrual","Y_lag1","OK",NA
"sg_lasso","Spain","Expenditures","2015-07-01",-1013.28448951255,NA,0.403754771764795,0.5,0.0417540139681207,1,1,1,2015-07-01,1100,"Total expenditures accrual","Y_lag1","OK",NA
"sg_lasso","Spain","Expenditures","2015-07-03",-1013.28448951255,NA,0.403754771764795,0.5,0.0417540139681207,1,1,1,2015-07-01,1100,"Total expenditures accrual","Y_lag1","OK",NA
"sg_lasso","Spain","Expenditures","2015-07-15",-1013.28448951255,NA,0.403754771764795,0.5,0.0417540139681207,1,1,1,2015-07-01,1100,"Total expenditures accrual","Y_lag1","OK",NA
"sg_lasso","Spain","Expenditures","2015-07-27",-1013.28448951255,NA,0.403754771764795,0.5,0.0417540139681207,1,1,1,2015-07-01,1100,"Total expenditures accrual","Y_lag1","OK",NA
"sg_lasso","Spain","Expenditures","2015-08-01",-1013.28448951255,NA,0.403754771764795,0.5,0.0417540139681207,1,1,1,2015-08-01,1100,"Total expenditures accrual","Y_lag1","OK",NA
"sg_lasso","Spain","Expenditures","2015-08-06",-1013.28448951255,NA,0.403754771764795,0.5,0.0417540139681207,1,1,1,2015-08-01,1100,"Total expenditures accrual","Y_lag1","OK",NA
"sg_lasso","Spain","Expenditures","2015-08-15",-1013.28448951255,NA,0.403754771764795,0.5,0.0417540139681207,1,1,1,2015-08-01,1100,"Total expenditures accrual","Y_lag1","OK",NA
"sg_lasso","Spain","Expenditures","2015-08-27",-1013.28448951255,NA,0.403754771764795,0.5,0.0417540139681207,1,1,1,2015-08-01,1100,"Total expenditures accrual","Y_lag1","OK",NA
"sg_lasso","Spain","Expenditures","2015-09-01",-1013.28448951255,NA,0.403754771764795,0.5,0.0417540139681207,1,1,1,2015-09-01,1100,"Total expenditures accrual","Y_lag1","OK",NA
"sg_lasso","Spain","Expenditures","2015-09-02",-1013.28448951255,NA,0.403754771764795,0.5,0.0417540139681207,1,1,1,2015-09-01,1100,"Total expenditures accrual","Y_lag1","OK",NA
"sg_lasso","Spain","Expenditures","2015-09-15",-1083.56818689791,NA,0.489797603644641,0.5,0.00708329807700229,1,1,1,2015-09-01,1503,"Total expenditures accrual","Y_lag1","OK",NA
"sg_lasso","Spain","Expenditures","2015-09-27",-1083.56818689791,NA,0.489797603644641,0.5,0.00708329807700229,1,1,1,2015-09-01,1503,"Total expenditures accrual","Y_lag1","OK",NA
"sg_lasso","Spain","Expenditures","2015-10-01",-1083.56818689791,NA,0.489797603644641,0.5,0.00708329807700229,1,1,1,2015-10-01,1503,"Total expenditures accrual","Y_lag1","OK",NA
"sg_lasso","Spain","Expenditures","2015-10-04",-1083.56818689791,NA,0.489797603644641,0.5,0.00708329807700229,1,1,1,2015-10-01,1503,"Total expenditures accrual","Y_lag1","OK",NA
"sg_lasso","Spain","Expenditures","2015-10-15",-1083.56818689791,NA,0.489797603644641,0.5,0.00708329807700229,1,1,1,2015-10-01,1503,"Total expenditures accrual","Y_lag1","OK",NA
"sg_lasso","Spain","Expenditures","2015-10-27",-1083.56818689791,NA,0.489797603644641,0.5,0.00708329807700229,1,1,1,2015-10-01,1503,"Total expenditures accrual","Y_lag1","OK",NA
"sg_lasso","Spain","Expenditures","2015-11-01",-1083.56818689791,NA,0.489797603644641,0.5,0.00708329807700229,1,1,1,2015-11-01,1503,"Total expenditures accrual","Y_lag1","OK",NA
"sg_lasso","Spain","Expenditures","2015-11-07",-1083.56818689791,NA,0.489797603644641,0.5,0.00708329807700229,1,1,1,2015-11-01,1503,"Total expenditures accrual","Y_lag1","OK",NA
"sg_lasso","Spain","Expenditures","2015-11-15",-1083.56818689791,NA,0.489797603644641,0.5,0.00708329807700229,1,1,1,2015-11-01,1503,"Total expenditures accrual","Y_lag1","OK",NA
"sg_lasso","Spain","Expenditures","2015-11-27",-1083.56818689791,NA,0.489797603644641,0.5,0.00708329807700229,1,1,1,2015-11-01,1503,"Total expenditures accrual","Y_lag1","OK",NA
"sg_lasso","Spain","Expenditures","2015-12-01",-1083.56818689791,NA,0.489797603644641,0.5,0.00708329807700229,1,1,1,2015-12-01,1503,"Total expenditures accrual","Y_lag1","OK",NA
"sg_lasso","Spain","Expenditures","2015-12-02",-1083.56818689791,NA,0.489797603644641,0.5,0.00708329807700229,1,1,1,2015-12-01,1503,"Total expenditures accrual","Y_lag1","OK",NA
"sg_lasso","Spain","Expenditures","2015-12-15",-331.279827974649,NA,0.481234749296313,0.5,0.0140138362461938,1,1,1,2015-12-01,71,"Total expenditures accrual","Y_lag1","OK",NA
"sg_lasso","Spain","Expenditures","2015-12-27",-331.279827974649,NA,0.481234749296313,0.5,0.0140138362461938,1,1,1,2015-12-01,71,"Total expenditures accrual","Y_lag1","OK",NA
"sg_lasso","Spain","Expenditures","2016-01-01",-331.279827974649,NA,0.481234749296313,0.5,0.0140138362461938,1,1,1,2016-01-01,71,"Total expenditures accrual","Y_lag1","OK",NA
"sg_lasso","Spain","Expenditures","2016-01-05",-331.279827974649,NA,0.481234749296313,0.5,0.0140138362461938,1,1,1,2016-01-01,71,"Total expenditures accrual","Y_lag1","OK",NA
"sg_lasso","Spain","Expenditures","2016-01-15",-331.279827974649,NA,0.481234749296313,0.5,0.0140138362461938,1,1,1,2016-01-01,71,"Total expenditures accrual","Y_lag1","OK",NA
"sg_lasso","Spain","Expenditures","2016-01-27",-331.279827974649,NA,0.481234749296313,0.5,0.0140138362461938,1,1,1,2016-01-01,71,"Total expenditures accrual","Y_lag1","OK",NA
"sg_lasso","Spain","Expenditures","2016-02-01",-331.279827974649,NA,0.481234749296313,0.5,0.0140138362461938,1,1,1,2016-02-01,71,"Total expenditures accrual","Y_lag1","OK",NA
"sg_lasso","Spain","Expenditures","2016-02-15",-331.279827974649,NA,0.481234749296313,0.5,0.0140138362461938,1,1,1,2016-02-01,71,"Total expenditures accrual","Y_lag1","OK",NA
"sg_lasso","Spain","Expenditures","2016-02-27",-331.279827974649,NA,0.481234749296313,0.5,0.0140138362461938,1,1,1,2016-02-01,71,"Total expenditures accrual","Y_lag1","OK",NA
"sg_lasso","Spain","Expenditures","2016-03-01",-331.279827974649,NA,0.481234749296313,0.5,0.0140138362461938,1,1,1,2016-03-01,71,"Total expenditures accrual","Y_lag1","OK",NA
"sg_lasso","Spain","Expenditures","2016-03-02",-331.279827974649,NA,0.481234749296313,0.5,0.0140138362461938,1,1,1,2016-03-01,71,"Total expenditures accrual","Y_lag1","OK",NA
"sg_lasso","Spain","Expenditures","2016-03-15",947.519363909242,NA,0.47738085654099,0.5,0.0169322959185864,1,1,1,2016-03-01,-2777,"Total expenditures accrual","Y_lag1","OK",NA
"sg_lasso","Spain","Expenditures","2016-03-27",947.519363909242,NA,0.47738085654099,0.5,0.0169322959185864,1,1,1,2016-03-01,-2777,"Total expenditures accrual","Y_lag1","OK",NA
"sg_lasso","Spain","Expenditures","2016-04-01",947.519363909242,NA,0.47738085654099,0.5,0.0169322959185864,1,1,1,2016-04-01,-2777,"Total expenditures accrual","Y_lag1","OK",NA
"sg_lasso","Spain","Expenditures","2016-04-05",947.519363909242,NA,0.47738085654099,0.5,0.0169322959185864,1,1,1,2016-04-01,-2777,"Total expenditures accrual","Y_lag1","OK",NA
"sg_lasso","Spain","Expenditures","2016-04-15",947.519363909242,NA,0.47738085654099,0.5,0.0169322959185864,1,1,1,2016-04-01,-2777,"Total expenditures accrual","Y_lag1","OK",NA
"sg_lasso","Spain","Expenditures","2016-04-27",947.519363909242,NA,0.47738085654099,0.5,0.0169322959185864,1,1,1,2016-04-01,-2777,"Total expenditures accrual","Y_lag1","OK",NA
"sg_lasso","Spain","Expenditures","2016-05-01",947.519363909242,NA,0.47738085654099,0.5,0.0169322959185864,1,1,1,2016-05-01,-2777,"Total expenditures accrual","Y_lag1","OK",NA
"sg_lasso","Spain","Expenditures","2016-05-07",947.519363909242,NA,0.47738085654099,0.5,0.0169322959185864,1,1,1,2016-05-01,-2777,"Total expenditures accrual","Y_lag1","OK",NA
"sg_lasso","Spain","Expenditures","2016-05-15",947.519363909242,NA,0.47738085654099,0.5,0.0169322959185864,1,1,1,2016-05-01,-2777,"Total expenditures accrual","Y_lag1","OK",NA
"sg_lasso","Spain","Expenditures","2016-05-27",947.519363909242,NA,0.47738085654099,0.5,0.0169322959185864,1,1,1,2016-05-01,-2777,"Total expenditures accrual","Y_lag1","OK",NA
"sg_lasso","Spain","Expenditures","2016-06-01",947.519363909242,NA,0.47738085654099,0.5,0.0169322959185864,1,1,1,2016-06-01,-2777,"Total expenditures accrual","Y_lag1","OK",NA
"sg_lasso","Spain","Expenditures","2016-06-03",947.519363909242,NA,0.47738085654099,0.5,0.0169322959185864,1,1,1,2016-06-01,-2777,"Total expenditures accrual","Y_lag1","OK",NA
"sg_lasso","Spain","Expenditures","2016-06-15",-725.27631414729,NA,0.274342502129427,0.5,0.0241217124131098,2,2,2,2016-06-01,993,"Total expenditures accrual","Y_lag1; Cash expenditures_leg0","OK",NA
"sg_lasso","Spain","Expenditures","2016-06-27",-725.27631414729,NA,0.274342502129427,0.5,0.0241217124131098,2,2,2,2016-06-01,993,"Total expenditures accrual","Y_lag1; Cash expenditures_leg0","OK",NA
"sg_lasso","Spain","Expenditures","2016-07-01",-963.745480810288,NA,0.274342502129427,0.5,0.0241217124131098,2,2,2,2016-07-01,993,"Total expenditures accrual","Y_lag1; Cash expenditures_leg0","OK",NA
"sg_lasso","Spain","Expenditures","2016-07-05",-963.745480810288,NA,0.274342502129427,0.5,0.0241217124131098,2,2,2,2016-07-01,993,"Total expenditures accrual","Y_lag1; Cash expenditures_leg0","OK",NA
"sg_lasso","Spain","Expenditures","2016-07-15",-666.404583952106,NA,0.274342502129427,0.5,0.0241217124131098,2,2,2,2016-07-01,993,"Total expenditures accrual","Y_lag1; Cash expenditures_leg0","OK",NA
"sg_lasso","Spain","Expenditures","2016-07-27",-666.404583952106,NA,0.274342502129427,0.5,0.0241217124131098,2,2,2,2016-07-01,993,"Total expenditures accrual","Y_lag1; Cash expenditures_leg0","OK",NA
"sg_lasso","Spain","Expenditures","2016-08-01",-822.315252320286,NA,0.274342502129427,0.5,0.0241217124131098,2,2,2,2016-08-01,993,"Total expenditures accrual","Y_lag1; Cash expenditures_leg0","OK",NA
"sg_lasso","Spain","Expenditures","2016-08-15",-642.33100764988,NA,0.274342502129427,0.5,0.0241217124131098,2,2,2,2016-08-01,993,"Total expenditures accrual","Y_lag1; Cash expenditures_leg0","OK",NA
"sg_lasso","Spain","Expenditures","2016-08-27",-642.33100764988,NA,0.274342502129427,0.5,0.0241217124131098,2,2,2,2016-08-01,993,"Total expenditures accrual","Y_lag1; Cash expenditures_leg0","OK",NA
"sg_lasso","Spain","Expenditures","2016-09-01",-165.005866121293,NA,0.274342502129427,0.5,0.0241217124131098,2,2,2,2016-09-01,993,"Total expenditures accrual","Y_lag1; Cash expenditures_leg0","OK",NA
"sg_lasso","Spain","Expenditures","2016-09-04",-165.005866121293,NA,0.274342502129427,0.5,0.0241217124131098,2,2,2,2016-09-01,993,"Total expenditures accrual","Y_lag1; Cash expenditures_leg0","OK",NA
"sg_lasso","Spain","Expenditures","2016-09-15",497.171883829861,NA,0.0825905548215521,0.5,0.0428459881165255,6,6,6,2016-09-01,1954,"Total expenditures accrual","Y_lag1; HICPX_leg0; Retail sales_leg0; Payroll Mass_leg0; Energy prices_leg0; Cash expenditures_leg0","OK",NA
"sg_lasso","Spain","Expenditures","2016-09-27",185.540448542889,NA,0.0825905548215521,0.5,0.0471494108162824,6,6,6,2016-09-01,1954,"Total expenditures accrual","Y_lag1; HICPX_leg0; Retail sales_leg0; Payroll Mass_leg0; Energy prices_leg0; Cash expenditures_leg0","OK",NA
"sg_lasso","Spain","Expenditures","2016-10-01",-2600.74169511664,NA,0.0825905548215521,0.5,0.0471494108162824,6,6,6,2016-10-01,1954,"Total expenditures accrual","Y_lag1; HICPX_leg0; Retail sales_leg0; Payroll Mass_leg0; Energy prices_leg0; Cash expenditures_leg0","OK",NA
"sg_lasso","Spain","Expenditures","2016-10-06",-2600.99641131688,NA,0.0825905548215521,0.5,0.0471494108162824,6,6,6,2016-10-01,1954,"Total expenditures accrual","Y_lag1; HICPX_leg0; Retail sales_leg0; Payroll Mass_leg0; Energy prices_leg0; Cash expenditures_leg0","OK",NA
"sg_lasso","Spain","Expenditures","2016-10-15",-902.363925093725,NA,0.0825905548215521,0.5,0.0471494108162824,6,6,6,2016-10-01,1954,"Total expenditures accrual","Y_lag1; HICPX_leg0; Retail sales_leg0; Payroll Mass_leg0; Energy prices_leg0; Cash expenditures_leg0","OK",NA
"sg_lasso","Spain","Expenditures","2016-10-27",-1177.62404066529,NA,0.0825905548215521,0.5,0.0471494108162824,6,6,6,2016-10-01,1954,"Total expenditures accrual","Y_lag1; HICPX_leg0; Retail sales_leg0; Payroll Mass_leg0; Energy prices_leg0; Cash expenditures_leg0","OK",NA
"sg_lasso","Spain","Expenditures","2016-11-01",-3650.937612648,NA,0.0825905548215521,0.5,0.0471494108162824,6,6,6,2016-11-01,1954,"Total expenditures accrual","Y_lag1; HICPX_leg0; Retail sales_leg0; Payroll Mass_leg0; Energy prices_leg0; Cash expenditures_leg0","OK",NA
"sg_lasso","Spain","Expenditures","2016-11-02",-3638.78357096754,NA,0.0825905548215521,0.5,0.0471494108162824,6,6,6,2016-11-01,1954,"Total expenditures accrual","Y_lag1; HICPX_leg0; Retail sales_leg0; Payroll Mass_leg0; Energy prices_leg0; Cash expenditures_leg0","OK",NA
"sg_lasso","Spain","Expenditures","2016-11-15",-4377.82295557524,NA,0.0825905548215521,0.5,0.0471494108162824,6,6,6,2016-11-01,1954,"Total expenditures accrual","Y_lag1; HICPX_leg0; Retail sales_leg0; Payroll Mass_leg0; Energy prices_leg0; Cash expenditures_leg0","OK",NA
"sg_lasso","Spain","Expenditures","2016-11-27",-3705.53562879845,NA,0.0825905548215521,0.5,0.0471494108162824,6,6,6,2016-11-01,1954,"Total expenditures accrual","Y_lag1; HICPX_leg0; Retail sales_leg0; Payroll Mass_leg0; Energy prices_leg0; Cash expenditures_leg0","OK",NA
"sg_lasso","Spain","Expenditures","2016-12-01",-2337.01599049754,NA,0.0825905548215521,0.5,0.0471494108162824,6,6,6,2016-12-01,1954,"Total expenditures accrual","Y_lag1; HICPX_leg0; Retail sales_leg0; Payroll Mass_leg0; Energy prices_leg0; Cash expenditures_leg0","OK",NA
"sg_lasso","Spain","Expenditures","2016-12-04",-2332.43217152495,NA,0.0825905548215521,0.5,0.0471494108162824,6,6,6,2016-12-01,1954,"Total expenditures accrual","Y_lag1; HICPX_leg0; Retail sales_leg0; Payroll Mass_leg0; Energy prices_leg0; Cash expenditures_leg0","OK",NA
"sg_lasso","Spain","Expenditures","2016-12-15",1055.47710508718,NA,0.243206756427441,0.5,0.0340193136055308,2,2,2,2016-12-01,-2274,"Total expenditures accrual","Y_lag1; Cash expenditures_leg0","OK",NA
"sg_lasso","Spain","Expenditures","2016-12-27",1055.47710508718,NA,0.243206756427441,0.5,0.0340193136055308,2,2,2,2016-12-01,-2274,"Total expenditures accrual","Y_lag1; Cash expenditures_leg0","OK",NA
"sg_lasso","Spain","Expenditures","2017-01-01",1307.33886701256,NA,0.243206756427441,0.5,0.0340193136055308,2,2,2,2017-01-01,-2274,"Total expenditures accrual","Y_lag1; Cash expenditures_leg0","OK",NA
"sg_lasso","Spain","Expenditures","2017-01-07",1307.33886701256,NA,0.243206756427441,0.5,0.0340193136055308,2,2,2,2017-01-01,-2274,"Total expenditures accrual","Y_lag1; Cash expenditures_leg0","OK",NA
"sg_lasso","Spain","Expenditures","2017-01-15",1035.40818832862,NA,0.243206756427441,0.5,0.0340193136055308,2,2,2,2017-01-01,-2274,"Total expenditures accrual","Y_lag1; Cash expenditures_leg0","OK",NA
"sg_lasso","Spain","Expenditures","2017-01-27",1035.40818832862,NA,0.243206756427441,0.5,0.0340193136055308,2,2,2,2017-01-01,-2274,"Total expenditures accrual","Y_lag1; Cash expenditures_leg0","OK",NA
"sg_lasso","Spain","Expenditures","2017-02-01",1196.93428237084,NA,0.243206756427441,0.5,0.0340193136055308,2,2,2,2017-02-01,-2274,"Total expenditures accrual","Y_lag1; Cash expenditures_leg0","OK",NA
"sg_lasso","Spain","Expenditures","2017-02-03",1196.93428237084,NA,0.243206756427441,0.5,0.0340193136055308,2,2,2,2017-02-01,-2274,"Total expenditures accrual","Y_lag1; Cash expenditures_leg0","OK",NA
"sg_lasso","Spain","Expenditures","2017-02-15",1025.94469617749,NA,0.243206756427441,0.5,0.0340193136055308,2,2,2,2017-02-01,-2274,"Total expenditures accrual","Y_lag1; Cash expenditures_leg0","OK",NA
"sg_lasso","Spain","Expenditures","2017-02-27",1025.94469617749,NA,0.243206756427441,0.5,0.0340193136055308,2,2,2,2017-02-01,-2274,"Total expenditures accrual","Y_lag1; Cash expenditures_leg0","OK",NA
"sg_lasso","Spain","Expenditures","2017-03-01",583.024431300211,NA,0.243206756427441,0.5,0.0340193136055308,2,2,2,2017-03-01,-2274,"Total expenditures accrual","Y_lag1; Cash expenditures_leg0","OK",NA
"sg_lasso","Spain","Expenditures","2017-03-03",583.024431300211,NA,0.243206756427441,0.5,0.0340193136055308,2,2,2,2017-03-01,-2274,"Total expenditures accrual","Y_lag1; Cash expenditures_leg0","OK",NA
"sg_lasso","Spain","Expenditures","2017-03-15",-919.533085768462,NA,0.323129286975447,0.5,0.0558686244688428,1,1,1,2017-03-01,1254,"Total expenditures accrual","Y_lag1","OK",NA
"sg_lasso","Spain","Expenditures","2017-03-27",-919.533085768462,NA,0.323129286975447,0.5,0.0558686244688428,1,1,1,2017-03-01,1254,"Total expenditures accrual","Y_lag1","OK",NA
"sg_lasso","Spain","Expenditures","2017-04-01",-919.533085768462,NA,0.323129286975447,0.5,0.0558686244688428,1,1,1,2017-04-01,1254,"Total expenditures accrual","Y_lag1","OK",NA
"sg_lasso","Spain","Expenditures","2017-04-06",-919.533085768462,NA,0.323129286975447,0.5,0.0558686244688428,1,1,1,2017-04-01,1254,"Total expenditures accrual","Y_lag1","OK",NA
"sg_lasso","Spain","Expenditures","2017-04-15",-919.533085768462,NA,0.323129286975447,0.5,0.0558686244688428,1,1,1,2017-04-01,1254,"Total expenditures accrual","Y_lag1","OK",NA
"sg_lasso","Spain","Expenditures","2017-04-27",-919.533085768462,NA,0.323129286975447,0.5,0.0558686244688428,1,1,1,2017-04-01,1254,"Total expenditures accrual","Y_lag1","OK",NA
"sg_lasso","Spain","Expenditures","2017-05-01",-919.533085768462,NA,0.323129286975447,0.5,0.0558686244688428,1,1,1,2017-05-01,1254,"Total expenditures accrual","Y_lag1","OK",NA
"sg_lasso","Spain","Expenditures","2017-05-15",-919.533085768462,NA,0.323129286975447,0.5,0.0558686244688428,1,1,1,2017-05-01,1254,"Total expenditures accrual","Y_lag1","OK",NA
"sg_lasso","Spain","Expenditures","2017-05-27",-919.533085768462,NA,0.323129286975447,0.5,0.0558686244688428,1,1,1,2017-05-01,1254,"Total expenditures accrual","Y_lag1","OK",NA
"sg_lasso","Spain","Expenditures","2017-06-01",-919.533085768462,NA,0.323129286975447,0.5,0.0558686244688428,1,1,1,2017-06-01,1254,"Total expenditures accrual","Y_lag1","OK",NA
"sg_lasso","Spain","Expenditures","2017-06-04",-919.533085768462,NA,0.323129286975447,0.5,0.0558686244688428,1,1,1,2017-06-01,1254,"Total expenditures accrual","Y_lag1","OK",NA
"sg_lasso","Spain","Expenditures","2017-06-15",-432.579003576427,NA,0.35416325370606,0.5,0.0347143896429447,1,1,1,2017-06-01,348,"Total expenditures accrual","Y_lag1","OK",NA
"sg_lasso","Spain","Expenditures","2017-06-27",-432.579003576427,NA,0.35416325370606,0.5,0.0347143896429447,1,1,1,2017-06-01,348,"Total expenditures accrual","Y_lag1","OK",NA
"sg_lasso","Spain","Expenditures","2017-07-01",-432.579003576427,NA,0.35416325370606,0.5,0.0347143896429447,1,1,1,2017-07-01,348,"Total expenditures accrual","Y_lag1","OK",NA
"sg_lasso","Spain","Expenditures","2017-07-06",-432.579003576427,NA,0.35416325370606,0.5,0.0347143896429447,1,1,1,2017-07-01,348,"Total expenditures accrual","Y_lag1","OK",NA
"sg_lasso","Spain","Expenditures","2017-07-15",-432.579003576427,NA,0.35416325370606,0.5,0.0347143896429447,1,1,1,2017-07-01,348,"Total expenditures accrual","Y_lag1","OK",NA
"sg_lasso","Spain","Expenditures","2017-07-27",-432.579003576427,NA,0.35416325370606,0.5,0.0347143896429447,1,1,1,2017-07-01,348,"Total expenditures accrual","Y_lag1","OK",NA
"sg_lasso","Spain","Expenditures","2017-08-01",-432.579003576427,NA,0.35416325370606,0.5,0.0347143896429447,1,1,1,2017-08-01,348,"Total expenditures accrual","Y_lag1","OK",NA
"sg_lasso","Spain","Expenditures","2017-08-02",-432.579003576427,NA,0.35416325370606,0.5,0.0347143896429447,1,1,1,2017-08-01,348,"Total expenditures accrual","Y_lag1","OK",NA
"sg_lasso","Spain","Expenditures","2017-08-15",-432.579003576427,NA,0.35416325370606,0.5,0.0347143896429447,1,1,1,2017-08-01,348,"Total expenditures accrual","Y_lag1","OK",NA
"sg_lasso","Spain","Expenditures","2017-08-27",-432.579003576427,NA,0.35416325370606,0.5,0.0347143896429447,1,1,1,2017-08-01,348,"Total expenditures accrual","Y_lag1","OK",NA
"sg_lasso","Spain","Expenditures","2017-09-01",-432.579003576427,NA,0.35416325370606,0.5,0.0347143896429447,1,1,1,2017-09-01,348,"Total expenditures accrual","Y_lag1","OK",NA
"sg_lasso","Spain","Expenditures","2017-09-05",-432.579003576427,NA,0.35416325370606,0.5,0.0347143896429447,1,1,1,2017-09-01,348,"Total expenditures accrual","Y_lag1","OK",NA
"sg_lasso","Spain","Expenditures","2017-09-15",-602.490568126356,NA,0.323336931862218,0.5,0.0425885283070816,1,1,1,2017-09-01,788,"Total expenditures accrual","Y_lag1","OK",NA
"sg_lasso","Spain","Expenditures","2017-09-27",-602.490568126356,NA,0.323336931862218,0.5,0.0425885283070816,1,1,1,2017-09-01,788,"Total expenditures accrual","Y_lag1","OK",NA
"sg_lasso","Spain","Expenditures","2017-10-01",-602.490568126356,NA,0.323336931862218,0.5,0.0425885283070816,1,1,1,2017-10-01,788,"Total expenditures accrual","Y_lag1","OK",NA
"sg_lasso","Spain","Expenditures","2017-10-07",-602.490568126356,NA,0.323336931862218,0.5,0.0425885283070816,1,1,1,2017-10-01,788,"Total expenditures accrual","Y_lag1","OK",NA
"sg_lasso","Spain","Expenditures","2017-10-15",-602.490568126356,NA,0.323336931862218,0.5,0.0425885283070816,1,1,1,2017-10-01,788,"Total expenditures accrual","Y_lag1","OK",NA
"sg_lasso","Spain","Expenditures","2017-10-27",-602.490568126356,NA,0.323336931862218,0.5,0.0425885283070816,1,1,1,2017-10-01,788,"Total expenditures accrual","Y_lag1","OK",NA
"sg_lasso","Spain","Expenditures","2017-11-01",-602.490568126356,NA,0.323336931862218,0.5,0.0425885283070816,1,1,1,2017-11-01,788,"Total expenditures accrual","Y_lag1","OK",NA
"sg_lasso","Spain","Expenditures","2017-11-03",-602.490568126356,NA,0.323336931862218,0.5,0.0425885283070816,1,1,1,2017-11-01,788,"Total expenditures accrual","Y_lag1","OK",NA
"sg_lasso","Spain","Expenditures","2017-11-15",-602.490568126356,NA,0.323336931862218,0.5,0.0425885283070816,1,1,1,2017-11-01,788,"Total expenditures accrual","Y_lag1","OK",NA
"sg_lasso","Spain","Expenditures","2017-11-27",-602.490568126356,NA,0.323336931862218,0.5,0.0425885283070816,1,1,1,2017-11-01,788,"Total expenditures accrual","Y_lag1","OK",NA
"sg_lasso","Spain","Expenditures","2017-12-01",-602.490568126356,NA,0.323336931862218,0.5,0.0425885283070816,1,1,1,2017-12-01,788,"Total expenditures accrual","Y_lag1","OK",NA
"sg_lasso","Spain","Expenditures","2017-12-05",-602.490568126356,NA,0.323336931862218,0.5,0.0425885283070816,1,1,1,2017-12-01,788,"Total expenditures accrual","Y_lag1","OK",NA
"sg_lasso","Spain","Expenditures","2017-12-15",-317.018553398573,NA,0.224115780810567,0.5,0.0570148508504425,2,2,2,2017-12-01,1476,"Total expenditures accrual","Y_lag1; Cash expenditures_leg0","OK",NA
"sg_lasso","Spain","Expenditures","2017-12-27",-317.018553398573,NA,0.224115780810567,0.5,0.0570148508504425,2,2,2,2017-12-01,1476,"Total expenditures accrual","Y_lag1; Cash expenditures_leg0","OK",NA
"sg_lasso","Spain","Expenditures","2018-01-01",206.923361291218,NA,0.224115780810567,0.5,0.0570148508504425,2,2,2,2018-01-01,1476,"Total expenditures accrual","Y_lag1; Cash expenditures_leg0","OK",NA
"sg_lasso","Spain","Expenditures","2018-01-15",-271.027145024132,NA,0.224115780810567,0.5,0.0570148508504425,2,2,2,2018-01-01,1476,"Total expenditures accrual","Y_lag1; Cash expenditures_leg0","OK",NA
"sg_lasso","Spain","Expenditures","2018-01-27",-271.027145024132,NA,0.224115780810567,0.5,0.0570148508504425,2,2,2,2018-01-01,1476,"Total expenditures accrual","Y_lag1; Cash expenditures_leg0","OK",NA
"sg_lasso","Spain","Expenditures","2018-02-01",-371.256385395266,NA,0.224115780810567,0.5,0.0570148508504425,2,2,2,2018-02-01,1476,"Total expenditures accrual","Y_lag1; Cash expenditures_leg0","OK",NA
"sg_lasso","Spain","Expenditures","2018-02-04",-371.256385395266,NA,0.224115780810567,0.5,0.0570148508504425,2,2,2,2018-02-01,1476,"Total expenditures accrual","Y_lag1; Cash expenditures_leg0","OK",NA
"sg_lasso","Spain","Expenditures","2018-02-15",-201.175003355599,NA,0.224115780810567,0.5,0.0570148508504425,2,2,2,2018-02-01,1476,"Total expenditures accrual","Y_lag1; Cash expenditures_leg0","OK",NA
"sg_lasso","Spain","Expenditures","2018-02-27",-201.175003355599,NA,0.224115780810567,0.5,0.0570148508504425,2,2,2,2018-02-01,1476,"Total expenditures accrual","Y_lag1; Cash expenditures_leg0","OK",NA
"sg_lasso","Spain","Expenditures","2018-03-01",-509.044127631282,NA,0.224115780810567,0.5,0.0570148508504425,2,2,2,2018-03-01,1476,"Total expenditures accrual","Y_lag1; Cash expenditures_leg0","OK",NA
"sg_lasso","Spain","Expenditures","2018-03-04",-509.044127631282,NA,0.224115780810567,0.5,0.0570148508504425,2,2,2,2018-03-01,1476,"Total expenditures accrual","Y_lag1; Cash expenditures_leg0","OK",NA
"sg_lasso","Spain","Expenditures","2018-03-15",-17.7074888160175,NA,0.205288308036953,0.5,0.0657102079950796,2,2,2,2018-03-01,1706,"Total expenditures accrual","Y_lag1; Cash expenditures_leg0","OK",NA
"sg_lasso","Spain","Expenditures","2018-03-27",-17.7074888160175,NA,0.205288308036953,0.5,0.0657547204585419,2,2,2,2018-03-01,1706,"Total expenditures accrual","Y_lag1; Cash expenditures_leg0","OK",NA
"sg_lasso","Spain","Expenditures","2018-04-01",634.372869794257,NA,0.205288308036953,0.5,0.0657547204585419,2,2,2,2018-04-01,1706,"Total expenditures accrual","Y_lag1; Cash expenditures_leg0","OK",NA
"sg_lasso","Spain","Expenditures","2018-04-07",634.372869794257,NA,0.205288308036953,0.5,0.0657547204585419,2,2,2,2018-04-01,1706,"Total expenditures accrual","Y_lag1; Cash expenditures_leg0","OK",NA
"sg_lasso","Spain","Expenditures","2018-04-15",-320.339529385284,NA,0.205288308036953,0.5,0.0657547204585419,2,2,2,2018-04-01,1706,"Total expenditures accrual","Y_lag1; Cash expenditures_leg0","OK",NA
"sg_lasso","Spain","Expenditures","2018-04-27",-320.339529385284,NA,0.205288308036953,0.5,0.0657547204585419,2,2,2,2018-04-01,1706,"Total expenditures accrual","Y_lag1; Cash expenditures_leg0","OK",NA
"sg_lasso","Spain","Expenditures","2018-05-01",-838.473612445956,NA,0.205288308036953,0.5,0.0657547204585419,2,2,2,2018-05-01,1706,"Total expenditures accrual","Y_lag1; Cash expenditures_leg0","OK",NA
"sg_lasso","Spain","Expenditures","2018-05-02",-838.473612445956,NA,0.205288308036953,0.5,0.0657547204585419,2,2,2,2018-05-01,1706,"Total expenditures accrual","Y_lag1; Cash expenditures_leg0","OK",NA
"sg_lasso","Spain","Expenditures","2018-05-15",-233.543405943819,NA,0.205288308036953,0.5,0.0657547204585419,2,2,2,2018-05-01,1706,"Total expenditures accrual","Y_lag1; Cash expenditures_leg0","OK",NA
"sg_lasso","Spain","Expenditures","2018-05-27",-233.543405943819,NA,0.205288308036953,0.5,0.0657547204585419,2,2,2,2018-05-01,1706,"Total expenditures accrual","Y_lag1; Cash expenditures_leg0","OK",NA
"sg_lasso","Spain","Expenditures","2018-06-01",-583.325598621223,NA,0.205288308036953,0.5,0.0657547204585419,2,2,2,2018-06-01,1706,"Total expenditures accrual","Y_lag1; Cash expenditures_leg0","OK",NA
"sg_lasso","Spain","Expenditures","2018-06-05",-583.325598621223,NA,0.205288308036953,0.5,0.0657547204585419,2,2,2,2018-06-01,1706,"Total expenditures accrual","Y_lag1; Cash expenditures_leg0","OK",NA
"sg_lasso","Spain","Expenditures","2018-06-15",-39.6630244995046,NA,0.226130874651704,0.5,0.0689800557678759,2,2,2,2018-06-01,1400,"Total expenditures accrual","Y_lag1; Cash expenditures_leg0","OK",NA
"sg_lasso","Spain","Expenditures","2018-06-27",-39.6630244995046,NA,0.226130874651704,0.5,0.0689800557678759,2,2,2,2018-06-01,1400,"Total expenditures accrual","Y_lag1; Cash expenditures_leg0","OK",NA
"sg_lasso","Spain","Expenditures","2018-07-01",886.491108430212,NA,0.226130874651704,0.5,0.0689800557678759,2,2,2,2018-07-01,1400,"Total expenditures accrual","Y_lag1; Cash expenditures_leg0","OK",NA
"sg_lasso","Spain","Expenditures","2018-07-07",886.491108430212,NA,0.226130874651704,0.5,0.0689800557678759,2,2,2,2018-07-01,1400,"Total expenditures accrual","Y_lag1; Cash expenditures_leg0","OK",NA
"sg_lasso","Spain","Expenditures","2018-07-15",56.9991510197061,NA,0.226130874651704,0.5,0.0689800557678759,2,2,2,2018-07-01,1400,"Total expenditures accrual","Y_lag1; Cash expenditures_leg0","OK",NA
"sg_lasso","Spain","Expenditures","2018-07-27",56.9991510197061,NA,0.226130874651704,0.5,0.0689800557678759,2,2,2,2018-07-01,1400,"Total expenditures accrual","Y_lag1; Cash expenditures_leg0","OK",NA
"sg_lasso","Spain","Expenditures","2018-08-01",-386.367860323182,NA,0.226130874651704,0.5,0.0689800557678759,2,2,2,2018-08-01,1400,"Total expenditures accrual","Y_lag1; Cash expenditures_leg0","OK",NA
"sg_lasso","Spain","Expenditures","2018-08-03",-386.367860323182,NA,0.226130874651704,0.5,0.0689800557678759,2,2,2,2018-08-01,1400,"Total expenditures accrual","Y_lag1; Cash expenditures_leg0","OK",NA
"sg_lasso","Spain","Expenditures","2018-08-15",112.859800309552,NA,0.226130874651704,0.5,0.0689800557678759,2,2,2,2018-08-01,1400,"Total expenditures accrual","Y_lag1; Cash expenditures_leg0","OK",NA
"sg_lasso","Spain","Expenditures","2018-08-27",112.859800309552,NA,0.226130874651704,0.5,0.0689800557678759,2,2,2,2018-08-01,1400,"Total expenditures accrual","Y_lag1; Cash expenditures_leg0","OK",NA
"sg_lasso","Spain","Expenditures","2018-09-01",-217.40449646822,NA,0.226130874651704,0.5,0.0689800557678759,2,2,2,2018-09-01,1400,"Total expenditures accrual","Y_lag1; Cash expenditures_leg0","OK",NA
"sg_lasso","Spain","Expenditures","2018-09-06",-217.40449646822,NA,0.226130874651704,0.5,0.0689800557678759,2,2,2,2018-09-01,1400,"Total expenditures accrual","Y_lag1; Cash expenditures_leg0","OK",NA
"sg_lasso","Spain","Expenditures","2018-09-15",-282.36749149423,NA,0.188903361261678,0.5,0.0938835433778137,2,2,2,2018-09-01,1864,"Total expenditures accrual","Y_lag1; Cash expenditures_leg0","OK",NA
"sg_lasso","Spain","Expenditures","2018-09-27",-282.36749149423,NA,0.188903361261678,0.5,0.0937230593689002,2,2,2,2018-09-01,1864,"Total expenditures accrual","Y_lag1; Cash expenditures_leg0","OK",NA
"sg_lasso","Spain","Expenditures","2018-10-01",299.7399911509,NA,0.188903361261678,0.5,0.0937230593689002,2,2,2,2018-10-01,1864,"Total expenditures accrual","Y_lag1; Cash expenditures_leg0","OK",NA
"sg_lasso","Spain","Expenditures","2018-10-15",-466.697659609322,NA,0.188903361261678,0.5,0.0937230593689002,2,2,2,2018-10-01,1864,"Total expenditures accrual","Y_lag1; Cash expenditures_leg0","OK",NA
"sg_lasso","Spain","Expenditures","2018-10-27",-466.697659609322,NA,0.188903361261678,0.5,0.0937230593689002,2,2,2,2018-10-01,1864,"Total expenditures accrual","Y_lag1; Cash expenditures_leg0","OK",NA
"sg_lasso","Spain","Expenditures","2018-11-01",-1329.530689759,NA,0.188903361261678,0.5,0.0937230593689002,2,2,2,2018-11-01,1864,"Total expenditures accrual","Y_lag1; Cash expenditures_leg0","OK",NA
"sg_lasso","Spain","Expenditures","2018-11-04",-1329.530689759,NA,0.188903361261678,0.5,0.0937230593689002,2,2,2,2018-11-01,1864,"Total expenditures accrual","Y_lag1; Cash expenditures_leg0","OK",NA
"sg_lasso","Spain","Expenditures","2018-11-15",-781.846853705288,NA,0.188903361261678,0.5,0.0937230593689002,2,2,2,2018-11-01,1864,"Total expenditures accrual","Y_lag1; Cash expenditures_leg0","OK",NA
"sg_lasso","Spain","Expenditures","2018-11-27",-781.846853705288,NA,0.188903361261678,0.5,0.0937230593689002,2,2,2,2018-11-01,1864,"Total expenditures accrual","Y_lag1; Cash expenditures_leg0","OK",NA
"sg_lasso","Spain","Expenditures","2018-12-01",-1000.60066841179,NA,0.188903361261678,0.5,0.0937230593689002,2,2,2,2018-12-01,1864,"Total expenditures accrual","Y_lag1; Cash expenditures_leg0","OK",NA
"sg_lasso","Spain","Expenditures","2018-12-06",-1000.60066841179,NA,0.188903361261678,0.5,0.0937230593689002,2,2,2,2018-12-01,1864,"Total expenditures accrual","Y_lag1; Cash expenditures_leg0","OK",NA
"sg_lasso","Spain","Expenditures","2018-12-15",-366.333344912644,NA,0.22929136273998,0.5,0.0987769861256298,2,2,2,2018-12-01,2181,"Total expenditures accrual","Y_lag1; Cash expenditures_leg0","OK",NA
"sg_lasso","Spain","Expenditures","2018-12-27",-366.333344912644,NA,0.22929136273998,0.5,0.0987769861256298,2,2,2,2018-12-01,2181,"Total expenditures accrual","Y_lag1; Cash expenditures_leg0","OK",NA
"sg_lasso","Spain","Expenditures","2019-01-01",714.245710408544,NA,0.22929136273998,0.5,0.0987769861256298,2,2,2,2019-01-01,2181,"Total expenditures accrual","Y_lag1; Cash expenditures_leg0","OK",NA
"sg_lasso","Spain","Expenditures","2019-01-02",714.245710408544,NA,0.22929136273998,0.5,0.0987769861256298,2,2,2,2019-01-01,2181,"Total expenditures accrual","Y_lag1; Cash expenditures_leg0","OK",NA
"sg_lasso","Spain","Expenditures","2019-01-15",133.605314228385,NA,0.22929136273998,0.5,0.0987769861256298,2,2,2,2019-01-01,2181,"Total expenditures accrual","Y_lag1; Cash expenditures_leg0","OK",NA
"sg_lasso","Spain","Expenditures","2019-01-27",133.605314228385,NA,0.22929136273998,0.5,0.0987769861256298,2,2,2,2019-01-01,2181,"Total expenditures accrual","Y_lag1; Cash expenditures_leg0","OK",NA
"sg_lasso","Spain","Expenditures","2019-02-01",194.30169627548,NA,0.22929136273998,0.5,0.0987769861256298,2,2,2,2019-02-01,2181,"Total expenditures accrual","Y_lag1; Cash expenditures_leg0","OK",NA
"sg_lasso","Spain","Expenditures","2019-02-05",194.30169627548,NA,0.22929136273998,0.5,0.0987769861256298,2,2,2,2019-02-01,2181,"Total expenditures accrual","Y_lag1; Cash expenditures_leg0","OK",NA
"sg_lasso","Spain","Expenditures","2019-02-15",29.9711621953932,NA,0.22929136273998,0.5,0.0987769861256298,2,2,2,2019-02-01,2181,"Total expenditures accrual","Y_lag1; Cash expenditures_leg0","OK",NA
"sg_lasso","Spain","Expenditures","2019-02-27",29.9711621953932,NA,0.22929136273998,0.5,0.0987769861256298,2,2,2,2019-02-01,2181,"Total expenditures accrual","Y_lag1; Cash expenditures_leg0","OK",NA
"sg_lasso","Spain","Expenditures","2019-03-01",-714.999768064853,NA,0.22929136273998,0.5,0.0987769861256298,2,2,2,2019-03-01,2181,"Total expenditures accrual","Y_lag1; Cash expenditures_leg0","OK",NA
"sg_lasso","Spain","Expenditures","2019-03-05",-714.999768064853,NA,0.22929136273998,0.5,0.0987769861256298,2,2,2,2019-03-01,2181,"Total expenditures accrual","Y_lag1; Cash expenditures_leg0","OK",NA
"sg_lasso","Spain","Expenditures","2019-03-15",622.034495283123,NA,0.227748256071702,0.5,0.0807828704441737,2,2,2,2019-03-01,540,"Total expenditures accrual","Y_lag1; Cash expenditures_leg0","OK",NA
"sg_lasso","Spain","Expenditures","2019-03-27",622.034495283123,NA,0.227748256071702,0.5,0.0807828704441737,2,2,2,2019-03-01,540,"Total expenditures accrual","Y_lag1; Cash expenditures_leg0","OK",NA
"sg_lasso","Spain","Expenditures","2019-04-01",1084.69212451045,NA,0.227748256071702,0.5,0.0807828704441737,2,2,2,2019-04-01,540,"Total expenditures accrual","Y_lag1; Cash expenditures_leg0","OK",NA
"sg_lasso","Spain","Expenditures","2019-04-15",79.6284164444908,NA,0.227748256071702,0.5,0.0807828704441737,2,2,2,2019-04-01,540,"Total expenditures accrual","Y_lag1; Cash expenditures_leg0","OK",NA
"sg_lasso","Spain","Expenditures","2019-04-27",79.6284164444908,NA,0.227748256071702,0.5,0.0807828704441737,2,2,2,2019-04-01,540,"Total expenditures accrual","Y_lag1; Cash expenditures_leg0","OK",NA
"sg_lasso","Spain","Expenditures","2019-05-01",-295.117226584359,NA,0.227748256071702,0.5,0.0807828704441737,2,2,2,2019-05-01,540,"Total expenditures accrual","Y_lag1; Cash expenditures_leg0","OK",NA
"sg_lasso","Spain","Expenditures","2019-05-03",-295.117226584359,NA,0.227748256071702,0.5,0.0807828704441737,2,2,2,2019-05-01,540,"Total expenditures accrual","Y_lag1; Cash expenditures_leg0","OK",NA
"sg_lasso","Spain","Expenditures","2019-05-15",232.577794541091,NA,0.227748256071702,0.5,0.0807828704441737,2,2,2,2019-05-01,540,"Total expenditures accrual","Y_lag1; Cash expenditures_leg0","OK",NA
"sg_lasso","Spain","Expenditures","2019-05-27",232.577794541091,NA,0.227748256071702,0.5,0.0807828704441737,2,2,2,2019-05-01,540,"Total expenditures accrual","Y_lag1; Cash expenditures_leg0","OK",NA
"sg_lasso","Spain","Expenditures","2019-06-01",-244.790892399421,NA,0.227748256071702,0.5,0.0807828704441737,2,2,2,2019-06-01,540,"Total expenditures accrual","Y_lag1; Cash expenditures_leg0","OK",NA
"sg_lasso","Spain","Expenditures","2019-06-06",-244.790892399421,NA,0.227748256071702,0.5,0.0807828704441737,2,2,2,2019-06-01,540,"Total expenditures accrual","Y_lag1; Cash expenditures_leg0","OK",NA
"sg_lasso","Spain","Expenditures","2019-06-15",-390.962043266512,NA,0.190763715586069,0.5,0.115985272950154,2,2,2,2019-06-01,2835,"Total expenditures accrual","Y_lag1; Cash expenditures_leg0","OK",NA
"sg_lasso","Spain","Expenditures","2019-06-27",-453.925415671304,NA,0.20936294235658,0.5,0.116357460225079,2,2,2,2019-06-01,2835,"Total expenditures accrual","Y_lag1; Cash expenditures_leg0","OK",NA
"sg_lasso","Spain","Expenditures","2019-07-01",862.263867566173,NA,0.20936294235658,0.5,0.116357460225079,2,2,2,2019-07-01,2835,"Total expenditures accrual","Y_lag1; Cash expenditures_leg0","OK",NA
"sg_lasso","Spain","Expenditures","2019-07-15",315.279100869168,NA,0.20936294235658,0.5,0.116357460225079,2,2,2,2019-07-01,2835,"Total expenditures accrual","Y_lag1; Cash expenditures_leg0","OK",NA
"sg_lasso","Spain","Expenditures","2019-07-27",315.279100869168,NA,0.20936294235658,0.5,0.116357460225079,2,2,2,2019-07-01,2835,"Total expenditures accrual","Y_lag1; Cash expenditures_leg0","OK",NA
"sg_lasso","Spain","Expenditures","2019-08-01",464.023378447611,NA,0.20936294235658,0.5,0.116357460225079,2,2,2,2019-08-01,2835,"Total expenditures accrual","Y_lag1; Cash expenditures_leg0","OK",NA
"sg_lasso","Spain","Expenditures","2019-08-04",464.023378447611,NA,0.20936294235658,0.5,0.116357460225079,2,2,2,2019-08-01,2835,"Total expenditures accrual","Y_lag1; Cash expenditures_leg0","OK",NA
"sg_lasso","Spain","Expenditures","2019-08-15",816.970111958909,NA,0.20936294235658,0.5,0.116357460225079,2,2,2,2019-08-01,2835,"Total expenditures accrual","Y_lag1; Cash expenditures_leg0","OK",NA
"sg_lasso","Spain","Expenditures","2019-08-27",816.970111958909,NA,0.20936294235658,0.5,0.116357460225079,2,2,2,2019-08-01,2835,"Total expenditures accrual","Y_lag1; Cash expenditures_leg0","OK",NA
"sg_lasso","Spain","Expenditures","2019-09-01",622.932078773202,NA,0.20936294235658,0.5,0.116357460225079,2,2,2,2019-09-01,2835,"Total expenditures accrual","Y_lag1; Cash expenditures_leg0","OK",NA
"sg_lasso","Spain","Expenditures","2019-09-07",622.932078773202,NA,0.20936294235658,0.5,0.116357460225079,2,2,2,2019-09-01,2835,"Total expenditures accrual","Y_lag1; Cash expenditures_leg0","OK",NA
"sg_lasso","Spain","Expenditures","2019-09-15",858.861387551741,NA,0.207913896557452,0.5,0.0954805430065938,2,2,2,2019-09-01,661,"Total expenditures accrual","Y_lag1; Cash expenditures_leg0","OK",NA
"sg_lasso","Spain","Expenditures","2019-09-27",858.861387551741,NA,0.207913896557452,0.5,0.0954805430065938,2,2,2,2019-09-01,661,"Total expenditures accrual","Y_lag1; Cash expenditures_leg0","OK",NA
"sg_lasso","Spain","Expenditures","2019-10-01",516.100294361795,NA,0.207913896557452,0.5,0.0954805430065938,2,2,2,2019-10-01,661,"Total expenditures accrual","Y_lag1; Cash expenditures_leg0","OK",NA
"sg_lasso","Spain","Expenditures","2019-10-02",516.100294361795,NA,0.207913896557452,0.5,0.0954805430065938,2,2,2,2019-10-01,661,"Total expenditures accrual","Y_lag1; Cash expenditures_leg0","OK",NA
"sg_lasso","Spain","Expenditures","2019-10-15",1284.53920586269,NA,0.207913896557452,0.5,0.0954805430065938,2,2,2,2019-10-01,661,"Total expenditures accrual","Y_lag1; Cash expenditures_leg0","OK",NA
"sg_lasso","Spain","Expenditures","2019-10-27",1284.53920586269,NA,0.207913896557452,0.5,0.0954805430065938,2,2,2,2019-10-01,661,"Total expenditures accrual","Y_lag1; Cash expenditures_leg0","OK",NA
"sg_lasso","Spain","Expenditures","2019-11-01",1350.03960589851,NA,0.207913896557452,0.5,0.0954805430065938,2,2,2,2019-11-01,661,"Total expenditures accrual","Y_lag1; Cash expenditures_leg0","OK",NA
"sg_lasso","Spain","Expenditures","2019-11-05",1350.03960589851,NA,0.207913896557452,0.5,0.0954805430065938,2,2,2,2019-11-01,661,"Total expenditures accrual","Y_lag1; Cash expenditures_leg0","OK",NA
"sg_lasso","Spain","Expenditures","2019-11-15",363.500053415125,NA,0.207913896557452,0.5,0.0954805430065938,2,2,2,2019-11-01,661,"Total expenditures accrual","Y_lag1; Cash expenditures_leg0","OK",NA
"sg_lasso","Spain","Expenditures","2019-11-27",363.500053415125,NA,0.207913896557452,0.5,0.0954805430065938,2,2,2,2019-11-01,661,"Total expenditures accrual","Y_lag1; Cash expenditures_leg0","OK",NA
"sg_lasso","Spain","Expenditures","2019-12-01",145.399412432639,NA,0.207913896557452,0.5,0.0954805430065938,2,2,2,2019-12-01,661,"Total expenditures accrual","Y_lag1; Cash expenditures_leg0","OK",NA
"sg_lasso","Spain","Expenditures","2019-12-07",145.399412432639,NA,0.207913896557452,0.5,0.0954805430065938,2,2,2,2019-12-01,661,"Total expenditures accrual","Y_lag1; Cash expenditures_leg0","OK",NA
"sg_lasso","Spain","Expenditures","2019-12-15",1238.90176616797,NA,0.222705277090761,0.5,0.0877051354493838,2,2,2,2019-12-01,-82,"Total expenditures accrual","Y_lag1; Cash expenditures_leg0","OK",NA
"sg_lasso","Spain","Expenditures","2019-12-27",1238.90176616797,NA,0.222705277090761,0.5,0.0877051354493838,2,2,2,2019-12-01,-82,"Total expenditures accrual","Y_lag1; Cash expenditures_leg0","OK",NA
"sg_lasso","Spain","Expenditures","2020-01-01",1239.67971934065,NA,0.222705277090761,0.5,0.0877051354493838,2,2,2,2020-01-01,-82,"Total expenditures accrual","Y_lag1; Cash expenditures_leg0","OK",NA
"sg_lasso","Spain","Expenditures","2020-01-03",1239.67971934065,NA,0.222705277090761,0.5,0.0877051354493838,2,2,2,2020-01-01,-82,"Total expenditures accrual","Y_lag1; Cash expenditures_leg0","OK",NA
"sg_lasso","Spain","Expenditures","2020-01-15",1150.84404895346,NA,0.222705277090761,0.5,0.0877051354493838,2,2,2,2020-01-01,-82,"Total expenditures accrual","Y_lag1; Cash expenditures_leg0","OK",NA
"sg_lasso","Spain","Expenditures","2020-01-27",1150.84404895346,NA,0.222705277090761,0.5,0.0877051354493838,2,2,2,2020-01-01,-82,"Total expenditures accrual","Y_lag1; Cash expenditures_leg0","OK",NA
"sg_lasso","Spain","Expenditures","2020-02-01",1894.60914922963,NA,0.222705277090761,0.5,0.0877051354493838,2,2,2,2020-02-01,-82,"Total expenditures accrual","Y_lag1; Cash expenditures_leg0","OK",NA
"sg_lasso","Spain","Expenditures","2020-02-06",1894.60914922963,NA,0.222705277090761,0.5,0.0877051354493838,2,2,2,2020-02-01,-82,"Total expenditures accrual","Y_lag1; Cash expenditures_leg0","OK",NA
"sg_lasso","Spain","Expenditures","2020-02-15",1022.64207781843,NA,0.222705277090761,0.5,0.0877051354493838,2,2,2,2020-02-01,-82,"Total expenditures accrual","Y_lag1; Cash expenditures_leg0","OK",NA
"sg_lasso","Spain","Expenditures","2020-02-27",1022.64207781843,NA,0.222705277090761,0.5,0.0877051354493838,2,2,2,2020-02-01,-82,"Total expenditures accrual","Y_lag1; Cash expenditures_leg0","OK",NA
"sg_lasso","Spain","Expenditures","2020-03-01",61.8393360200487,NA,0.222705277090761,0.5,0.0877051354493838,2,2,2,2020-03-01,-82,"Total expenditures accrual","Y_lag1; Cash expenditures_leg0","OK",NA
"sg_lasso","Spain","Expenditures","2020-03-07",61.8393360200487,NA,0.222705277090761,0.5,0.0877051354493838,2,2,2,2020-03-01,-82,"Total expenditures accrual","Y_lag1; Cash expenditures_leg0","OK",NA
"sg_lasso","Spain","Expenditures","2020-03-15",-2052.80299564083,NA,0.293916449651847,0.5,0.0951127957188328,2,2,2,2020-03-01,6091,"Total expenditures accrual","Y_lag1; Cash expenditures_leg0","OK",NA
"sg_lasso","Spain","Expenditures","2020-03-27",-2052.80299564083,NA,0.293916449651847,0.5,0.0951127957188328,2,2,2,2020-03-01,6091,"Total expenditures accrual","Y_lag1; Cash expenditures_leg0","OK",NA
"sg_lasso","Spain","Expenditures","2020-04-01",-2250.67276067504,NA,0.293916449651847,0.5,0.0951127957188328,2,2,2,2020-04-01,6091,"Total expenditures accrual","Y_lag1; Cash expenditures_leg0","OK",NA
"sg_lasso","Spain","Expenditures","2020-04-03",-2250.67276067504,NA,0.293916449651847,0.5,0.0951127957188328,2,2,2,2020-04-01,6091,"Total expenditures accrual","Y_lag1; Cash expenditures_leg0","OK",NA
"sg_lasso","Spain","Expenditures","2020-04-15",-2022.69683133105,NA,0.293916449651847,0.5,0.0951127957188328,2,2,2,2020-04-01,6091,"Total expenditures accrual","Y_lag1; Cash expenditures_leg0","OK",NA
"sg_lasso","Spain","Expenditures","2020-04-27",-2022.69683133105,NA,0.293916449651847,0.5,0.0951127957188328,2,2,2,2020-04-01,6091,"Total expenditures accrual","Y_lag1; Cash expenditures_leg0","OK",NA
"sg_lasso","Spain","Expenditures","2020-05-01",-1533.09677145349,NA,0.293916449651847,0.5,0.0951127957188328,2,2,2,2020-05-01,6091,"Total expenditures accrual","Y_lag1; Cash expenditures_leg0","OK",NA
"sg_lasso","Spain","Expenditures","2020-05-05",-1533.09677145349,NA,0.293916449651847,0.5,0.0951127957188328,2,2,2,2020-05-01,6091,"Total expenditures accrual","Y_lag1; Cash expenditures_leg0","OK",NA
"sg_lasso","Spain","Expenditures","2020-05-15",-2228.05007150015,NA,0.293916449651847,0.5,0.0951127957188328,2,2,2,2020-05-01,6091,"Total expenditures accrual","Y_lag1; Cash expenditures_leg0","OK",NA
"sg_lasso","Spain","Expenditures","2020-05-27",-2228.05007150015,NA,0.293916449651847,0.5,0.0951127957188328,2,2,2,2020-05-01,6091,"Total expenditures accrual","Y_lag1; Cash expenditures_leg0","OK",NA
"sg_lasso","Spain","Expenditures","2020-06-01",-2695.02744220281,NA,0.293916449651847,0.5,0.0951127957188328,2,2,2,2020-06-01,6091,"Total expenditures accrual","Y_lag1; Cash expenditures_leg0","OK",NA
"sg_lasso","Spain","Expenditures","2020-06-15",-1425.52981811909,NA,0.348464336148139,0.5,0.123431556552632,3,3,3,2020-06-01,15016,"Total expenditures accrual","Y_lag1; Share of LT unemp_leg0; Hours worked_leg0","OK",NA
"sg_lasso","Spain","Expenditures","2020-06-27",-1425.52981811909,NA,0.348464336148139,0.5,0.123431556552632,3,3,3,2020-06-01,15016,"Total expenditures accrual","Y_lag1; Share of LT unemp_leg0; Hours worked_leg0","OK",NA
"sg_lasso","Spain","Expenditures","2020-07-01",173.558666242464,NA,0.348464336148139,0.5,0.123431556552632,3,3,3,2020-07-01,15016,"Total expenditures accrual","Y_lag1; Share of LT unemp_leg0; Hours worked_leg0","OK",NA
"sg_lasso","Spain","Expenditures","2020-07-03",173.558666242464,NA,0.348464336148139,0.5,0.123431556552632,3,3,3,2020-07-01,15016,"Total expenditures accrual","Y_lag1; Share of LT unemp_leg0; Hours worked_leg0","OK",NA
"sg_lasso","Spain","Expenditures","2020-07-15",173.558666242464,NA,0.348464336148139,0.5,0.123431556552632,3,3,3,2020-07-01,15016,"Total expenditures accrual","Y_lag1; Share of LT unemp_leg0; Hours worked_leg0","OK",NA
"sg_lasso","Spain","Expenditures","2020-07-27",173.558666242464,NA,0.348464336148139,0.5,0.123431556552632,3,3,3,2020-07-01,15016,"Total expenditures accrual","Y_lag1; Share of LT unemp_leg0; Hours worked_leg0","OK",NA
"sg_lasso","Spain","Expenditures","2020-08-01",1772.64715060402,NA,0.348464336148139,0.5,0.123431556552632,3,3,3,2020-08-01,15016,"Total expenditures accrual","Y_lag1; Share of LT unemp_leg0; Hours worked_leg0","OK",NA
"sg_lasso","Spain","Expenditures","2020-08-06",1772.64715060402,NA,0.348464336148139,0.5,0.123431556552632,3,3,3,2020-08-01,15016,"Total expenditures accrual","Y_lag1; Share of LT unemp_leg0; Hours worked_leg0","OK",NA
"sg_lasso","Spain","Expenditures","2020-08-15",1772.64715060402,NA,0.348464336148139,0.5,0.123431556552632,3,3,3,2020-08-01,15016,"Total expenditures accrual","Y_lag1; Share of LT unemp_leg0; Hours worked_leg0","OK",NA
"sg_lasso","Spain","Expenditures","2020-08-27",1772.64715060402,NA,0.348464336148139,0.5,0.123431556552632,3,3,3,2020-08-01,15016,"Total expenditures accrual","Y_lag1; Share of LT unemp_leg0; Hours worked_leg0","OK",NA
"sg_lasso","Spain","Expenditures","2020-09-01",1772.64715060402,NA,0.348464336148139,0.5,0.123431556552632,3,3,3,2020-09-01,15016,"Total expenditures accrual","Y_lag1; Share of LT unemp_leg0; Hours worked_leg0","OK",NA
"sg_lasso","Spain","Expenditures","2020-09-02",1772.64715060402,NA,0.348464336148139,0.5,0.123431556552632,3,3,3,2020-09-01,15016,"Total expenditures accrual","Y_lag1; Share of LT unemp_leg0; Hours worked_leg0","OK",NA
"sg_lasso","Spain","Expenditures","2020-09-15",2401.86351827483,NA,0.0937720820159825,0.5,0.106305950143755,7,7,7,2020-09-01,-10166,"Total expenditures accrual","Y_lag1; HICPX_leg0; IP_leg0; Retail sales_leg0; Hours worked_leg0; Energy prices_leg0; Cash expenditures_leg0","OK",NA
"sg_lasso","Spain","Expenditures","2020-09-27",2415.09623374793,NA,0.0937720820159825,0.5,0.106419904553334,7,7,7,2020-09-01,-10166,"Total expenditures accrual","Y_lag1; HICPX_leg0; IP_leg0; Retail sales_leg0; Hours worked_leg0; Energy prices_leg0; Cash expenditures_leg0","OK",NA
"sg_lasso","Spain","Expenditures","2020-10-01",-4420.67572767075,NA,0.0937720820159825,0.5,0.106419904553334,7,7,7,2020-10-01,-10166,"Total expenditures accrual","Y_lag1; HICPX_leg0; IP_leg0; Retail sales_leg0; Hours worked_leg0; Energy prices_leg0; Cash expenditures_leg0","OK",NA
"sg_lasso","Spain","Expenditures","2020-10-04",-4472.30307243621,NA,0.0937720820159825,0.5,0.106419904553334,7,7,7,2020-10-01,-10166,"Total expenditures accrual","Y_lag1; HICPX_leg0; IP_leg0; Retail sales_leg0; Hours worked_leg0; Energy prices_leg0; Cash expenditures_leg0","OK",NA
"sg_lasso","Spain","Expenditures","2020-10-15",-3933.93357059935,NA,0.0937720820159825,0.5,0.106419904553334,7,7,7,2020-10-01,-10166,"Total expenditures accrual","Y_lag1; HICPX_leg0; IP_leg0; Retail sales_leg0; Hours worked_leg0; Energy prices_leg0; Cash expenditures_leg0","OK",NA
"sg_lasso","Spain","Expenditures","2020-10-27",-3692.91982359562,NA,0.0937720820159825,0.5,0.106419904553334,7,7,7,2020-10-01,-10166,"Total expenditures accrual","Y_lag1; HICPX_leg0; IP_leg0; Retail sales_leg0; Hours worked_leg0; Energy prices_leg0; Cash expenditures_leg0","OK",NA
"sg_lasso","Spain","Expenditures","2020-11-01",-10376.8967854948,NA,0.0937720820159825,0.5,0.106419904553334,7,7,7,2020-11-01,-10166,"Total expenditures accrual","Y_lag1; HICPX_leg0; IP_leg0; Retail sales_leg0; Hours worked_leg0; Energy prices_leg0; Cash expenditures_leg0","OK",NA
"sg_lasso","Spain","Expenditures","2020-11-07",-10380.2544574175,NA,0.0937720820159825,0.5,0.106419904553334,7,7,7,2020-11-01,-10166,"Total expenditures accrual","Y_lag1; HICPX_leg0; IP_leg0; Retail sales_leg0; Hours worked_leg0; Energy prices_leg0; Cash expenditures_leg0","OK",NA
"sg_lasso","Spain","Expenditures","2020-11-15",-8469.95923001575,NA,0.0937720820159825,0.5,0.106419904553334,7,7,7,2020-11-01,-10166,"Total expenditures accrual","Y_lag1; HICPX_leg0; IP_leg0; Retail sales_leg0; Hours worked_leg0; Energy prices_leg0; Cash expenditures_leg0","OK",NA
"sg_lasso","Spain","Expenditures","2020-11-27",-8830.39688324097,NA,0.0937720820159825,0.5,0.106419904553334,7,7,7,2020-11-01,-10166,"Total expenditures accrual","Y_lag1; HICPX_leg0; IP_leg0; Retail sales_leg0; Hours worked_leg0; Energy prices_leg0; Cash expenditures_leg0","OK",NA
"sg_lasso","Spain","Expenditures","2020-12-01",-6556.14107691202,NA,0.0937720820159825,0.5,0.106419904553334,7,7,7,2020-12-01,-10166,"Total expenditures accrual","Y_lag1; HICPX_leg0; IP_leg0; Retail sales_leg0; Hours worked_leg0; Energy prices_leg0; Cash expenditures_leg0","OK",NA
"sg_lasso","Spain","Expenditures","2020-12-02",-6673.9064002653,NA,0.0937720820159825,0.5,0.106419904553334,7,7,7,2020-12-01,-10166,"Total expenditures accrual","Y_lag1; HICPX_leg0; IP_leg0; Retail sales_leg0; Hours worked_leg0; Energy prices_leg0; Cash expenditures_leg0","OK",NA
"sg_lasso","Spain","Expenditures","2020-12-15",496.118285068415,NA,0.37847415534518,0.5,0.106967731054007,1,1,1,2020-12-01,404,"Total expenditures accrual","Y_lag1","OK",NA
"sg_lasso","Spain","Expenditures","2020-12-27",496.118285068415,NA,0.37847415534518,0.5,0.106967731054007,1,1,1,2020-12-01,404,"Total expenditures accrual","Y_lag1","OK",NA
"sg_lasso","Spain","Expenditures","2021-01-01",496.118285068415,NA,0.37847415534518,0.5,0.106967731054007,1,1,1,2021-01-01,404,"Total expenditures accrual","Y_lag1","OK",NA
"sg_lasso","Spain","Expenditures","2021-01-05",496.118285068415,NA,0.37847415534518,0.5,0.106967731054007,1,1,1,2021-01-01,404,"Total expenditures accrual","Y_lag1","OK",NA
"sg_lasso","Spain","Expenditures","2021-01-15",496.118285068415,NA,0.37847415534518,0.5,0.106967731054007,1,1,1,2021-01-01,404,"Total expenditures accrual","Y_lag1","OK",NA
"sg_lasso","Spain","Expenditures","2021-01-27",496.118285068415,NA,0.37847415534518,0.5,0.106967731054007,1,1,1,2021-01-01,404,"Total expenditures accrual","Y_lag1","OK",NA
"sg_lasso","Spain","Expenditures","2021-02-01",496.118285068415,NA,0.37847415534518,0.5,0.106967731054007,1,1,1,2021-02-01,404,"Total expenditures accrual","Y_lag1","OK",NA
"sg_lasso","Spain","Expenditures","2021-02-15",496.118285068415,NA,0.37847415534518,0.5,0.106967731054007,1,1,1,2021-02-01,404,"Total expenditures accrual","Y_lag1","OK",NA
"sg_lasso","Spain","Expenditures","2021-02-27",496.118285068415,NA,0.37847415534518,0.5,0.106967731054007,1,1,1,2021-02-01,404,"Total expenditures accrual","Y_lag1","OK",NA
"sg_lasso","Spain","Expenditures","2021-03-01",496.118285068415,NA,0.37847415534518,0.5,0.106967731054007,1,1,1,2021-03-01,404,"Total expenditures accrual","Y_lag1","OK",NA
"sg_lasso","Spain","Expenditures","2021-03-15",421.035804268418,NA,0.0694201340124889,0.5,0.101667065313137,9,9,9,2021-03-01,6379,"Total expenditures accrual","Y_lag1; HICPX_leg0; Debt-to-GDP ratio_leg0; Unemployment rate_leg0; IP_leg0; Retail sales_leg0; Hours worked_leg0; Energy prices_leg0; Cash expenditures_leg0","OK",NA
"sg_lasso","Spain","Expenditures","2021-03-27",-465.927517462659,NA,0.0694201340124889,0.5,0.095295843325648,9,9,9,2021-03-01,6379,"Total expenditures accrual","Y_lag1; HICPX_leg0; Debt-to-GDP ratio_leg0; Unemployment rate_leg0; IP_leg0; Retail sales_leg0; Hours worked_leg0; Energy prices_leg0; Cash expenditures_leg0","OK",NA
"sg_lasso","Spain","Expenditures","2021-04-01",-4549.28749358839,NA,0.0694201340124889,0.5,0.095295843325648,9,9,9,2021-04-01,6379,"Total expenditures accrual","Y_lag1; HICPX_leg0; Debt-to-GDP ratio_leg0; Unemployment rate_leg0; IP_leg0; Retail sales_leg0; Hours worked_leg0; Energy prices_leg0; Cash expenditures_leg0","OK",NA
"sg_lasso","Spain","Expenditures","2021-04-04",-4009.18363856899,NA,0.0694201340124889,0.5,0.095295843325648,9,9,9,2021-04-01,6379,"Total expenditures accrual","Y_lag1; HICPX_leg0; Debt-to-GDP ratio_leg0; Unemployment rate_leg0; IP_leg0; Retail sales_leg0; Hours worked_leg0; Energy prices_leg0; Cash expenditures_leg0","OK",NA
"sg_lasso","Spain","Expenditures","2021-04-15",278.559847912247,NA,0.0694201340124889,0.5,0.095295843325648,9,9,9,2021-04-01,6379,"Total expenditures accrual","Y_lag1; HICPX_leg0; Debt-to-GDP ratio_leg0; Unemployment rate_leg0; IP_leg0; Retail sales_leg0; Hours worked_leg0; Energy prices_leg0; Cash expenditures_leg0","OK",NA
"sg_lasso","Spain","Expenditures","2021-04-27",422.770527867855,NA,0.0694201340124889,0.5,0.095295843325648,9,9,9,2021-04-01,6379,"Total expenditures accrual","Y_lag1; HICPX_leg0; Debt-to-GDP ratio_leg0; Unemployment rate_leg0; IP_leg0; Retail sales_leg0; Hours worked_leg0; Energy prices_leg0; Cash expenditures_leg0","OK",NA
"sg_lasso","Spain","Expenditures","2021-05-01",-951.103600605706,NA,0.0694201340124889,0.5,0.095295843325648,9,9,9,2021-05-01,6379,"Total expenditures accrual","Y_lag1; HICPX_leg0; Debt-to-GDP ratio_leg0; Unemployment rate_leg0; IP_leg0; Retail sales_leg0; Hours worked_leg0; Energy prices_leg0; Cash expenditures_leg0","OK",NA
"sg_lasso","Spain","Expenditures","2021-05-06",-1134.98012463129,NA,0.0694201340124889,0.5,0.095295843325648,9,9,9,2021-05-01,6379,"Total expenditures accrual","Y_lag1; HICPX_leg0; Debt-to-GDP ratio_leg0; Unemployment rate_leg0; IP_leg0; Retail sales_leg0; Hours worked_leg0; Energy prices_leg0; Cash expenditures_leg0","OK",NA
"sg_lasso","Spain","Expenditures","2021-05-15",-5128.58376372493,NA,0.0694201340124889,0.5,0.095295843325648,9,9,9,2021-05-01,6379,"Total expenditures accrual","Y_lag1; HICPX_leg0; Debt-to-GDP ratio_leg0; Unemployment rate_leg0; IP_leg0; Retail sales_leg0; Hours worked_leg0; Energy prices_leg0; Cash expenditures_leg0","OK",NA
"sg_lasso","Spain","Expenditures","2021-05-27",-4731.74841178946,NA,0.0694201340124889,0.5,0.095295843325648,9,9,9,2021-05-01,6379,"Total expenditures accrual","Y_lag1; HICPX_leg0; Debt-to-GDP ratio_leg0; Unemployment rate_leg0; IP_leg0; Retail sales_leg0; Hours worked_leg0; Energy prices_leg0; Cash expenditures_leg0","OK",NA
"sg_lasso","Spain","Expenditures","2021-06-01",-3540.33520151697,NA,0.0694201340124889,0.5,0.095295843325648,9,9,9,2021-06-01,6379,"Total expenditures accrual","Y_lag1; HICPX_leg0; Debt-to-GDP ratio_leg0; Unemployment rate_leg0; IP_leg0; Retail sales_leg0; Hours worked_leg0; Energy prices_leg0; Cash expenditures_leg0","OK",NA
"sg_lasso","Spain","Expenditures","2021-06-02",-3658.57274130184,NA,0.0694201340124889,0.5,0.095295843325648,9,9,9,2021-06-01,6379,"Total expenditures accrual","Y_lag1; HICPX_leg0; Debt-to-GDP ratio_leg0; Unemployment rate_leg0; IP_leg0; Retail sales_leg0; Hours worked_leg0; Energy prices_leg0; Cash expenditures_leg0","OK",NA
"sg_lasso","Spain","Expenditures","2021-06-15",1433.33658812346,NA,0.068235849317707,0.5,0.0945826174421731,9,9,9,2021-06-01,-1391,"Total expenditures accrual","Y_lag1; HICPX_leg0; Debt-to-GDP ratio_leg0; Unemployment inflows_leg0; IP_leg0; Retail sales_leg0; Hours worked_leg0; Energy prices_leg0; Cash expenditures_leg0","OK",NA
"sg_lasso","Spain","Expenditures","2021-06-27",1279.60765210559,NA,0.0748887603885537,0.5,0.0957321139851111,9,9,9,2021-06-01,-1391,"Total expenditures accrual","Y_lag1; HICPX_leg0; Debt-to-GDP ratio_leg0; Unemployment rate_leg0; IP_leg0; Retail sales_leg0; Hours worked_leg0; Energy prices_leg0; Cash expenditures_leg0","OK",NA
"sg_lasso","Spain","Expenditures","2021-07-01",-276.128453685736,NA,0.0748887603885537,0.5,0.0957321139851111,9,9,9,2021-07-01,-1391,"Total expenditures accrual","Y_lag1; HICPX_leg0; Debt-to-GDP ratio_leg0; Unemployment rate_leg0; IP_leg0; Retail sales_leg0; Hours worked_leg0; Energy prices_leg0; Cash expenditures_leg0","OK",NA
"sg_lasso","Spain","Expenditures","2021-07-04",-338.163877847773,NA,0.0748887603885537,0.5,0.0957321139851111,9,9,9,2021-07-01,-1391,"Total expenditures accrual","Y_lag1; HICPX_leg0; Debt-to-GDP ratio_leg0; Unemployment rate_leg0; IP_leg0; Retail sales_leg0; Hours worked_leg0; Energy prices_leg0; Cash expenditures_leg0","OK",NA
"sg_lasso","Spain","Expenditures","2021-07-15",-1660.47073039347,NA,0.0748887603885537,0.5,0.0957321139851111,9,9,9,2021-07-01,-1391,"Total expenditures accrual","Y_lag1; HICPX_leg0; Debt-to-GDP ratio_leg0; Unemployment rate_leg0; IP_leg0; Retail sales_leg0; Hours worked_leg0; Energy prices_leg0; Cash expenditures_leg0","OK",NA
"sg_lasso","Spain","Expenditures","2021-07-27",-1134.69181404852,NA,0.0748887603885537,0.5,0.0957321139851111,9,9,9,2021-07-01,-1391,"Total expenditures accrual","Y_lag1; HICPX_leg0; Debt-to-GDP ratio_leg0; Unemployment rate_leg0; IP_leg0; Retail sales_leg0; Hours worked_leg0; Energy prices_leg0; Cash expenditures_leg0","OK",NA
"sg_lasso","Spain","Expenditures","2021-08-01",47.1851721567368,NA,0.0748887603885537,0.5,0.0957321139851111,9,9,9,2021-08-01,-1391,"Total expenditures accrual","Y_lag1; HICPX_leg0; Debt-to-GDP ratio_leg0; Unemployment rate_leg0; IP_leg0; Retail sales_leg0; Hours worked_leg0; Energy prices_leg0; Cash expenditures_leg0","OK",NA
"sg_lasso","Spain","Expenditures","2021-08-07",-34.7702731864425,NA,0.0748887603885537,0.5,0.0957321139851111,9,9,9,2021-08-01,-1391,"Total expenditures accrual","Y_lag1; HICPX_leg0; Debt-to-GDP ratio_leg0; Unemployment rate_leg0; IP_leg0; Retail sales_leg0; Hours worked_leg0; Energy prices_leg0; Cash expenditures_leg0","OK",NA
"sg_lasso","Spain","Expenditures","2021-08-15",-2063.70390545103,NA,0.0748887603885537,0.5,0.0957321139851111,9,9,9,2021-08-01,-1391,"Total expenditures accrual","Y_lag1; HICPX_leg0; Debt-to-GDP ratio_leg0; Unemployment rate_leg0; IP_leg0; Retail sales_leg0; Hours worked_leg0; Energy prices_leg0; Cash expenditures_leg0","OK",NA
"sg_lasso","Spain","Expenditures","2021-08-27",-2455.02740017483,NA,0.0748887603885537,0.5,0.0957321139851111,9,9,9,2021-08-01,-1391,"Total expenditures accrual","Y_lag1; HICPX_leg0; Debt-to-GDP ratio_leg0; Unemployment rate_leg0; IP_leg0; Retail sales_leg0; Hours worked_leg0; Energy prices_leg0; Cash expenditures_leg0","OK",NA
"sg_lasso","Spain","Expenditures","2021-09-01",-5815.80333286919,NA,0.0748887603885537,0.5,0.0957321139851111,9,9,9,2021-09-01,-1391,"Total expenditures accrual","Y_lag1; HICPX_leg0; Debt-to-GDP ratio_leg0; Unemployment rate_leg0; IP_leg0; Retail sales_leg0; Hours worked_leg0; Energy prices_leg0; Cash expenditures_leg0","OK",NA
"sg_lasso","Spain","Expenditures","2021-09-03",-5892.98245174101,NA,0.0748887603885537,0.5,0.0957321139851111,9,9,9,2021-09-01,-1391,"Total expenditures accrual","Y_lag1; HICPX_leg0; Debt-to-GDP ratio_leg0; Unemployment rate_leg0; IP_leg0; Retail sales_leg0; Hours worked_leg0; Energy prices_leg0; Cash expenditures_leg0","OK",NA
"sg_lasso","Spain","Expenditures","2021-09-15",-2706.35742551328,NA,0.228866696101292,0.5,0.126418367416494,3,3,3,2021-09-01,9334,"Total expenditures accrual","Y_lag1; Hours worked_leg0; Cash expenditures_leg0","OK",NA
"sg_lasso","Spain","Expenditures","2021-09-27",-2706.35742551328,NA,0.228866696101292,0.5,0.126418367416494,3,3,3,2021-09-01,9334,"Total expenditures accrual","Y_lag1; Hours worked_leg0; Cash expenditures_leg0","OK",NA
"sg_lasso","Spain","Expenditures","2021-10-01",-2657.42731676112,NA,0.228866696101292,0.5,0.126418367416494,3,3,3,2021-10-01,9334,"Total expenditures accrual","Y_lag1; Hours worked_leg0; Cash expenditures_leg0","OK",NA
"sg_lasso","Spain","Expenditures","2021-10-05",-2657.42731676112,NA,0.228866696101292,0.5,0.126418367416494,3,3,3,2021-10-01,9334,"Total expenditures accrual","Y_lag1; Hours worked_leg0; Cash expenditures_leg0","OK",NA
"sg_lasso","Spain","Expenditures","2021-10-15",-2775.78032393411,NA,0.228866696101292,0.5,0.126418367416494,3,3,3,2021-10-01,9334,"Total expenditures accrual","Y_lag1; Hours worked_leg0; Cash expenditures_leg0","OK",NA
"sg_lasso","Spain","Expenditures","2021-10-27",-2775.78032393411,NA,0.228866696101292,0.5,0.126418367416494,3,3,3,2021-10-01,9334,"Total expenditures accrual","Y_lag1; Hours worked_leg0; Cash expenditures_leg0","OK",NA
"sg_lasso","Spain","Expenditures","2021-11-01",-2673.2612996809,NA,0.228866696101292,0.5,0.126418367416494,3,3,3,2021-11-01,9334,"Total expenditures accrual","Y_lag1; Hours worked_leg0; Cash expenditures_leg0","OK",NA
"sg_lasso","Spain","Expenditures","2021-11-15",-2473.28314143509,NA,0.228866696101292,0.5,0.126418367416494,3,3,3,2021-11-01,9334,"Total expenditures accrual","Y_lag1; Hours worked_leg0; Cash expenditures_leg0","OK",NA
"sg_lasso","Spain","Expenditures","2021-11-27",-2473.28314143509,NA,0.228866696101292,0.5,0.126418367416494,3,3,3,2021-11-01,9334,"Total expenditures accrual","Y_lag1; Hours worked_leg0; Cash expenditures_leg0","OK",NA
"sg_lasso","Spain","Expenditures","2021-12-01",-2391.65799036226,NA,0.228866696101292,0.5,0.126418367416494,3,3,3,2021-12-01,9334,"Total expenditures accrual","Y_lag1; Hours worked_leg0; Cash expenditures_leg0","OK",NA
"sg_lasso","Spain","Expenditures","2021-12-03",-2391.65799036226,NA,0.228866696101292,0.5,0.126418367416494,3,3,3,2021-12-01,9334,"Total expenditures accrual","Y_lag1; Hours worked_leg0; Cash expenditures_leg0","OK",NA
"sg_lasso","Spain","Expenditures","2021-12-15",1682.4180906077,NA,0.104755985145176,0.5,0.118146585895165,7,7,7,2021-12-01,-4947,"Total expenditures accrual","Y_lag1; HICPX_leg0; Unemployment inflows_leg0; IP_leg0; Retail sales_leg0; Hours worked_leg0; Cash expenditures_leg0","OK",NA
"sg_lasso","Spain","Expenditures","2021-12-27",1727.09389942397,NA,0.104755985145176,0.5,0.118184856133248,7,7,7,2021-12-01,-4947,"Total expenditures accrual","Y_lag1; HICPX_leg0; Unemployment inflows_leg0; IP_leg0; Retail sales_leg0; Hours worked_leg0; Cash expenditures_leg0","OK",NA
"sg_lasso","Spain","Expenditures","2022-01-01",544.94506178767,NA,0.104755985145176,0.5,0.118184856133248,7,7,7,2022-01-01,-4947,"Total expenditures accrual","Y_lag1; HICPX_leg0; Unemployment inflows_leg0; IP_leg0; Retail sales_leg0; Hours worked_leg0; Cash expenditures_leg0","OK",NA
"sg_lasso","Spain","Expenditures","2022-01-06",561.584692790218,NA,0.104755985145176,0.5,0.118184856133248,7,7,7,2022-01-01,-4947,"Total expenditures accrual","Y_lag1; HICPX_leg0; Unemployment inflows_leg0; IP_leg0; Retail sales_leg0; Hours worked_leg0; Cash expenditures_leg0","OK",NA
"sg_lasso","Spain","Expenditures","2022-01-15",2937.2873757486,NA,0.104755985145176,0.5,0.118184856133248,7,7,7,2022-01-01,-4947,"Total expenditures accrual","Y_lag1; HICPX_leg0; Unemployment inflows_leg0; IP_leg0; Retail sales_leg0; Hours worked_leg0; Cash expenditures_leg0","OK",NA
"sg_lasso","Spain","Expenditures","2022-01-27",2514.9183704261,NA,0.104755985145176,0.5,0.118184856133248,7,7,7,2022-01-01,-4947,"Total expenditures accrual","Y_lag1; HICPX_leg0; Unemployment inflows_leg0; IP_leg0; Retail sales_leg0; Hours worked_leg0; Cash expenditures_leg0","OK",NA
"sg_lasso","Spain","Expenditures","2022-02-01",1748.37220374588,NA,0.104755985145176,0.5,0.118184856133248,7,7,7,2022-02-01,-4947,"Total expenditures accrual","Y_lag1; HICPX_leg0; Unemployment inflows_leg0; IP_leg0; Retail sales_leg0; Hours worked_leg0; Cash expenditures_leg0","OK",NA
"sg_lasso","Spain","Expenditures","2022-02-02",1688.73331553021,NA,0.104755985145176,0.5,0.118184856133248,7,7,7,2022-02-01,-4947,"Total expenditures accrual","Y_lag1; HICPX_leg0; Unemployment inflows_leg0; IP_leg0; Retail sales_leg0; Hours worked_leg0; Cash expenditures_leg0","OK",NA
"sg_lasso","Spain","Expenditures","2022-02-15",797.92295417115,NA,0.104755985145176,0.5,0.118184856133248,7,7,7,2022-02-01,-4947,"Total expenditures accrual","Y_lag1; HICPX_leg0; Unemployment inflows_leg0; IP_leg0; Retail sales_leg0; Hours worked_leg0; Cash expenditures_leg0","OK",NA
"sg_lasso","Spain","Expenditures","2022-02-27",1220.29195949365,NA,0.104755985145176,0.5,0.118184856133248,7,7,7,2022-02-01,-4947,"Total expenditures accrual","Y_lag1; HICPX_leg0; Unemployment inflows_leg0; IP_leg0; Retail sales_leg0; Hours worked_leg0; Cash expenditures_leg0","OK",NA
"sg_lasso","Spain","Expenditures","2022-03-01",2662.18502387986,NA,0.104755985145176,0.5,0.118184856133248,7,7,7,2022-03-01,-4947,"Total expenditures accrual","Y_lag1; HICPX_leg0; Unemployment inflows_leg0; IP_leg0; Retail sales_leg0; Hours worked_leg0; Cash expenditures_leg0","OK",NA
"sg_lasso","Spain","Expenditures","2022-03-02",2753.89638931024,NA,0.104755985145176,0.5,0.118184856133248,7,7,7,2022-03-01,-4947,"Total expenditures accrual","Y_lag1; HICPX_leg0; Unemployment inflows_leg0; IP_leg0; Retail sales_leg0; Hours worked_leg0; Cash expenditures_leg0","OK",NA
"sg_lasso","Spain","Expenditures","2022-03-15",1632.07565250625,NA,0.221367251220081,0.5,0.114329938542293,3,3,3,2022-03-01,-2456,"Total expenditures accrual","Y_lag1; Hours worked_leg0; Cash expenditures_leg0","OK",NA
"sg_lasso","Spain","Expenditures","2022-03-27",1632.07565250625,NA,0.221367251220081,0.5,0.114349184153742,3,3,3,2022-03-01,-2456,"Total expenditures accrual","Y_lag1; Hours worked_leg0; Cash expenditures_leg0","OK",NA
"sg_lasso","Spain","Expenditures","2022-04-01",1588.09534092434,NA,0.221367251220081,0.5,0.114349184153742,3,3,3,2022-04-01,-2456,"Total expenditures accrual","Y_lag1; Hours worked_leg0; Cash expenditures_leg0","OK",NA
"sg_lasso","Spain","Expenditures","2022-04-05",1588.09534092434,NA,0.221367251220081,0.5,0.114349184153742,3,3,3,2022-04-01,-2456,"Total expenditures accrual","Y_lag1; Hours worked_leg0; Cash expenditures_leg0","OK",NA
"sg_lasso","Spain","Expenditures","2022-04-15",1585.60660440758,NA,0.221367251220081,0.5,0.114349184153742,3,3,3,2022-04-01,-2456,"Total expenditures accrual","Y_lag1; Hours worked_leg0; Cash expenditures_leg0","OK",NA
"sg_lasso","Spain","Expenditures","2022-04-27",1585.60660440758,NA,0.221367251220081,0.5,0.114349184153742,3,3,3,2022-04-01,-2456,"Total expenditures accrual","Y_lag1; Hours worked_leg0; Cash expenditures_leg0","OK",NA
"sg_lasso","Spain","Expenditures","2022-05-01",1756.94327408024,NA,0.221367251220081,0.5,0.114349184153742,3,3,3,2022-05-01,-2456,"Total expenditures accrual","Y_lag1; Hours worked_leg0; Cash expenditures_leg0","OK",NA
"sg_lasso","Spain","Expenditures","2022-05-07",1756.94327408024,NA,0.221367251220081,0.5,0.114349184153742,3,3,3,2022-05-01,-2456,"Total expenditures accrual","Y_lag1; Hours worked_leg0; Cash expenditures_leg0","OK",NA
"sg_lasso","Spain","Expenditures","2022-05-15",1999.72607888061,NA,0.221367251220081,0.5,0.114349184153742,3,3,3,2022-05-01,-2456,"Total expenditures accrual","Y_lag1; Hours worked_leg0; Cash expenditures_leg0","OK",NA
"sg_lasso","Spain","Expenditures","2022-05-27",1999.72607888061,NA,0.221367251220081,0.5,0.114349184153742,3,3,3,2022-05-01,-2456,"Total expenditures accrual","Y_lag1; Hours worked_leg0; Cash expenditures_leg0","OK",NA
"sg_lasso","Spain","Expenditures","2022-06-01",2240.02014716421,NA,0.221367251220081,0.5,0.114349184153742,3,3,3,2022-06-01,-2456,"Total expenditures accrual","Y_lag1; Hours worked_leg0; Cash expenditures_leg0","OK",NA
"sg_lasso","Spain","Expenditures","2022-06-03",2240.02014716421,NA,0.221367251220081,0.5,0.114349184153742,3,3,3,2022-06-01,-2456,"Total expenditures accrual","Y_lag1; Hours worked_leg0; Cash expenditures_leg0","OK",NA
"sg_lasso","Spain","Expenditures","2022-06-15",-1542.42540981409,NA,0.362884080149395,0.5,0.121219814768371,1,1,1,2022-06-01,6306,"Total expenditures accrual","Y_lag1","OK",NA
"sg_lasso","Spain","Expenditures","2022-06-27",-1542.42540981409,NA,0.362884080149395,0.5,0.121219814768371,1,1,1,2022-06-01,6306,"Total expenditures accrual","Y_lag1","OK",NA
"sg_lasso","Spain","Expenditures","2022-07-01",-1542.42540981409,NA,0.362884080149395,0.5,0.121219814768371,1,1,1,2022-07-01,6306,"Total expenditures accrual","Y_lag1","OK",NA
"sg_lasso","Spain","Expenditures","2022-07-05",-1542.42540981409,NA,0.362884080149395,0.5,0.121219814768371,1,1,1,2022-07-01,6306,"Total expenditures accrual","Y_lag1","OK",NA
"sg_lasso","Spain","Expenditures","2022-07-15",-1542.42540981409,NA,0.362884080149395,0.5,0.121219814768371,1,1,1,2022-07-01,6306,"Total expenditures accrual","Y_lag1","OK",NA
"sg_lasso","Spain","Expenditures","2022-07-27",-1542.42540981409,NA,0.362884080149395,0.5,0.121219814768371,1,1,1,2022-07-01,6306,"Total expenditures accrual","Y_lag1","OK",NA
"sg_lasso","Spain","Expenditures","2022-08-01",-1542.42540981409,NA,0.362884080149395,0.5,0.121219814768371,1,1,1,2022-08-01,6306,"Total expenditures accrual","Y_lag1","OK",NA
"sg_lasso","Spain","Expenditures","2022-08-15",-1542.42540981409,NA,0.362884080149395,0.5,0.121219814768371,1,1,1,2022-08-01,6306,"Total expenditures accrual","Y_lag1","OK",NA
"sg_lasso","Spain","Expenditures","2022-08-27",-1542.42540981409,NA,0.362884080149395,0.5,0.121219814768371,1,1,1,2022-08-01,6306,"Total expenditures accrual","Y_lag1","OK",NA
"sg_lasso","Spain","Expenditures","2022-09-01",-1542.42540981409,NA,0.362884080149395,0.5,0.121219814768371,1,1,1,2022-09-01,6306,"Total expenditures accrual","Y_lag1","OK",NA
"sg_lasso","Spain","Expenditures","2022-09-04",-1542.42540981409,NA,0.362884080149395,0.5,0.121219814768371,1,1,1,2022-09-01,6306,"Total expenditures accrual","Y_lag1","OK",NA
"sg_lasso","Spain","Expenditures","2022-09-15",-428.388544885154,NA,0.260426902079587,0.5,0.131788641377831,2,2,2,2022-09-01,5272,"Total expenditures accrual","Y_lag1; Cash expenditures_leg0","OK",NA
"sg_lasso","Spain","Expenditures","2022-09-27",3983.83175119925,NA,0.07770220076853,0.5,0.13104487473523,9,9,9,2022-09-01,5272,"Total expenditures accrual","Y_lag1; HICPX_leg0; Debt-to-GDP ratio_leg0; Unemployment inflows_leg0; IP_leg0; Retail sales_leg0; Hours worked_leg0; Energy prices_leg0; Cash expenditures_leg0","OK",NA
"sg_lasso","Spain","Expenditures","2022-10-01",3331.95217741931,NA,0.07770220076853,0.5,0.13104487473523,9,9,9,2022-10-01,5272,"Total expenditures accrual","Y_lag1; HICPX_leg0; Debt-to-GDP ratio_leg0; Unemployment inflows_leg0; IP_leg0; Retail sales_leg0; Hours worked_leg0; Energy prices_leg0; Cash expenditures_leg0","OK",NA
"sg_lasso","Spain","Expenditures","2022-10-06",3364.82867802214,NA,0.07770220076853,0.5,0.13104487473523,9,9,9,2022-10-01,5272,"Total expenditures accrual","Y_lag1; HICPX_leg0; Debt-to-GDP ratio_leg0; Unemployment inflows_leg0; IP_leg0; Retail sales_leg0; Hours worked_leg0; Energy prices_leg0; Cash expenditures_leg0","OK",NA
"sg_lasso","Spain","Expenditures","2022-10-15",3207.86838325953,NA,0.07770220076853,0.5,0.13104487473523,9,9,9,2022-10-01,5272,"Total expenditures accrual","Y_lag1; HICPX_leg0; Debt-to-GDP ratio_leg0; Unemployment inflows_leg0; IP_leg0; Retail sales_leg0; Hours worked_leg0; Energy prices_leg0; Cash expenditures_leg0","OK",NA
"sg_lasso","Spain","Expenditures","2022-10-27",3096.92226063608,NA,0.07770220076853,0.5,0.13104487473523,9,9,9,2022-10-01,5272,"Total expenditures accrual","Y_lag1; HICPX_leg0; Debt-to-GDP ratio_leg0; Unemployment inflows_leg0; IP_leg0; Retail sales_leg0; Hours worked_leg0; Energy prices_leg0; Cash expenditures_leg0","OK",NA
"sg_lasso","Spain","Expenditures","2022-11-01",1463.87183174848,NA,0.07770220076853,0.5,0.13104487473523,9,9,9,2022-11-01,5272,"Total expenditures accrual","Y_lag1; HICPX_leg0; Debt-to-GDP ratio_leg0; Unemployment inflows_leg0; IP_leg0; Retail sales_leg0; Hours worked_leg0; Energy prices_leg0; Cash expenditures_leg0","OK",NA
"sg_lasso","Spain","Expenditures","2022-11-02",1451.01267536092,NA,0.07770220076853,0.5,0.13104487473523,9,9,9,2022-11-01,5272,"Total expenditures accrual","Y_lag1; HICPX_leg0; Debt-to-GDP ratio_leg0; Unemployment inflows_leg0; IP_leg0; Retail sales_leg0; Hours worked_leg0; Energy prices_leg0; Cash expenditures_leg0","OK",NA
"sg_lasso","Spain","Expenditures","2022-11-15",1741.82679266624,NA,0.07770220076853,0.5,0.13104487473523,9,9,9,2022-11-01,5272,"Total expenditures accrual","Y_lag1; HICPX_leg0; Debt-to-GDP ratio_leg0; Unemployment inflows_leg0; IP_leg0; Retail sales_leg0; Hours worked_leg0; Energy prices_leg0; Cash expenditures_leg0","OK",NA
"sg_lasso","Spain","Expenditures","2022-11-27",1291.45660931606,NA,0.07770220076853,0.5,0.13104487473523,9,9,9,2022-11-01,5272,"Total expenditures accrual","Y_lag1; HICPX_leg0; Debt-to-GDP ratio_leg0; Unemployment inflows_leg0; IP_leg0; Retail sales_leg0; Hours worked_leg0; Energy prices_leg0; Cash expenditures_leg0","OK",NA
"sg_lasso","Spain","Expenditures","2022-12-01",884.011470100409,NA,0.07770220076853,0.5,0.13104487473523,9,9,9,2022-12-01,5272,"Total expenditures accrual","Y_lag1; HICPX_leg0; Debt-to-GDP ratio_leg0; Unemployment inflows_leg0; IP_leg0; Retail sales_leg0; Hours worked_leg0; Energy prices_leg0; Cash expenditures_leg0","OK",NA
"sg_lasso","Spain","Expenditures","2022-12-04",1011.31505304808,NA,0.07770220076853,0.5,0.13104487473523,9,9,9,2022-12-01,5272,"Total expenditures accrual","Y_lag1; HICPX_leg0; Debt-to-GDP ratio_leg0; Unemployment inflows_leg0; IP_leg0; Retail sales_leg0; Hours worked_leg0; Energy prices_leg0; Cash expenditures_leg0","OK",NA
"sg_lasso","Spain","Expenditures","2022-12-15",2573.30382323739,NA,0.0779106377556148,0.5,0.133364964642571,8,8,8,2022-12-01,3919,"Total expenditures accrual","Y_lag1; HICPX_leg0; Unemployment inflows_leg0; IP_leg0; Retail sales_leg0; Hours worked_leg0; Energy prices_leg0; Cash expenditures_leg0","OK",NA
"sg_lasso","Spain","Expenditures","2022-12-27",2983.1238266061,NA,0.0779106377556148,0.5,0.132143203889092,8,8,8,2022-12-01,3919,"Total expenditures accrual","Y_lag1; HICPX_leg0; Unemployment inflows_leg0; IP_leg0; Retail sales_leg0; Hours worked_leg0; Energy prices_leg0; Cash expenditures_leg0","OK",NA
"sg_lasso","Spain","Expenditures","2023-01-01",4217.08897419306,NA,0.0779106377556148,0.5,0.132143203889092,8,8,8,2023-01-01,3919,"Total expenditures accrual","Y_lag1; HICPX_leg0; Unemployment inflows_leg0; IP_leg0; Retail sales_leg0; Hours worked_leg0; Energy prices_leg0; Cash expenditures_leg0","OK",NA
"sg_lasso","Spain","Expenditures","2023-01-07",3625.73390252357,NA,0.0779106377556148,0.5,0.132143203889092,8,8,8,2023-01-01,3919,"Total expenditures accrual","Y_lag1; HICPX_leg0; Unemployment inflows_leg0; IP_leg0; Retail sales_leg0; Hours worked_leg0; Energy prices_leg0; Cash expenditures_leg0","OK",NA
"sg_lasso","Spain","Expenditures","2023-01-15",-150.599461480469,NA,0.0779106377556148,0.5,0.132143203889092,8,8,8,2023-01-01,3919,"Total expenditures accrual","Y_lag1; HICPX_leg0; Unemployment inflows_leg0; IP_leg0; Retail sales_leg0; Hours worked_leg0; Energy prices_leg0; Cash expenditures_leg0","OK",NA
"sg_lasso","Spain","Expenditures","2023-01-27",-139.867122598675,NA,0.0779106377556148,0.5,0.132143203889092,8,8,8,2023-01-01,3919,"Total expenditures accrual","Y_lag1; HICPX_leg0; Unemployment inflows_leg0; IP_leg0; Retail sales_leg0; Hours worked_leg0; Energy prices_leg0; Cash expenditures_leg0","OK",NA
"sg_lasso","Spain","Expenditures","2023-02-01",-3071.82037741463,NA,0.0779106377556148,0.5,0.132143203889092,8,8,8,2023-02-01,3919,"Total expenditures accrual","Y_lag1; HICPX_leg0; Unemployment inflows_leg0; IP_leg0; Retail sales_leg0; Hours worked_leg0; Energy prices_leg0; Cash expenditures_leg0","OK",NA
"sg_lasso","Spain","Expenditures","2023-02-03",-2716.75528434142,NA,0.0779106377556148,0.5,0.132143203889092,8,8,8,2023-02-01,3919,"Total expenditures accrual","Y_lag1; HICPX_leg0; Unemployment inflows_leg0; IP_leg0; Retail sales_leg0; Hours worked_leg0; Energy prices_leg0; Cash expenditures_leg0","OK",NA
"sg_lasso","Spain","Expenditures","2023-02-15",30.9409021721279,NA,0.0779106377556148,0.5,0.132143203889092,8,8,8,2023-02-01,3919,"Total expenditures accrual","Y_lag1; HICPX_leg0; Unemployment inflows_leg0; IP_leg0; Retail sales_leg0; Hours worked_leg0; Energy prices_leg0; Cash expenditures_leg0","OK",NA
"sg_lasso","Spain","Expenditures","2023-02-27",-708.49318494501,NA,0.0779106377556148,0.5,0.132143203889092,8,8,8,2023-02-01,3919,"Total expenditures accrual","Y_lag1; HICPX_leg0; Unemployment inflows_leg0; IP_leg0; Retail sales_leg0; Hours worked_leg0; Energy prices_leg0; Cash expenditures_leg0","OK",NA
"sg_lasso","Spain","Expenditures","2023-03-01",-2702.12208926711,NA,0.0779106377556148,0.5,0.132143203889092,8,8,8,2023-03-01,3919,"Total expenditures accrual","Y_lag1; HICPX_leg0; Unemployment inflows_leg0; IP_leg0; Retail sales_leg0; Hours worked_leg0; Energy prices_leg0; Cash expenditures_leg0","OK",NA
"sg_lasso","Spain","Expenditures","2023-03-03",-2825.16925631777,NA,0.0779106377556148,0.5,0.132143203889092,8,8,8,2023-03-01,3919,"Total expenditures accrual","Y_lag1; HICPX_leg0; Unemployment inflows_leg0; IP_leg0; Retail sales_leg0; Hours worked_leg0; Energy prices_leg0; Cash expenditures_leg0","OK",NA
"sg_lasso","Spain","Expenditures","2023-03-15",-434.682493027709,NA,0.0721715755308379,0.5,0.128576741572413,8,8,8,2023-03-01,-2018,"Total expenditures accrual","Y_lag1; HICPX_leg0; Unemployment inflows_leg0; IP_leg0; Retail sales_leg0; Hours worked_leg0; Energy prices_leg0; Cash expenditures_leg0","OK",NA
"sg_lasso","Spain","Expenditures","2023-03-27",-651.364123459122,NA,0.0721715755308379,0.5,0.133545954621712,8,8,8,2023-03-01,-2018,"Total expenditures accrual","Y_lag1; HICPX_leg0; Unemployment inflows_leg0; IP_leg0; Retail sales_leg0; Hours worked_leg0; Energy prices_leg0; Cash expenditures_leg0","OK",NA
"sg_lasso","Spain","Expenditures","2023-04-01",1939.70444366897,NA,0.0721715755308379,0.5,0.133545954621712,8,8,8,2023-04-01,-2018,"Total expenditures accrual","Y_lag1; HICPX_leg0; Unemployment inflows_leg0; IP_leg0; Retail sales_leg0; Hours worked_leg0; Energy prices_leg0; Cash expenditures_leg0","OK",NA
"sg_lasso","Spain","Expenditures","2023-04-06",1722.4550840744,NA,0.0721715755308379,0.5,0.133545954621712,8,8,8,2023-04-01,-2018,"Total expenditures accrual","Y_lag1; HICPX_leg0; Unemployment inflows_leg0; IP_leg0; Retail sales_leg0; Hours worked_leg0; Energy prices_leg0; Cash expenditures_leg0","OK",NA
"sg_lasso","Spain","Expenditures","2023-04-15",640.517231873528,NA,0.0721715755308379,0.5,0.133545954621712,8,8,8,2023-04-01,-2018,"Total expenditures accrual","Y_lag1; HICPX_leg0; Unemployment inflows_leg0; IP_leg0; Retail sales_leg0; Hours worked_leg0; Energy prices_leg0; Cash expenditures_leg0","OK",NA
"sg_lasso","Spain","Expenditures","2023-04-27",-740.332161348595,NA,0.0721715755308379,0.5,0.133545954621712,8,8,8,2023-04-01,-2018,"Total expenditures accrual","Y_lag1; HICPX_leg0; Unemployment inflows_leg0; IP_leg0; Retail sales_leg0; Hours worked_leg0; Energy prices_leg0; Cash expenditures_leg0","OK",NA
"sg_lasso","Spain","Expenditures","2023-05-01",-3076.15821241995,NA,0.0721715755308379,0.5,0.133545954621712,8,8,8,2023-05-01,-2018,"Total expenditures accrual","Y_lag1; HICPX_leg0; Unemployment inflows_leg0; IP_leg0; Retail sales_leg0; Hours worked_leg0; Energy prices_leg0; Cash expenditures_leg0","OK",NA
"sg_lasso","Spain","Expenditures","2023-05-15",-1364.80122343015,NA,0.0721715755308379,0.5,0.133545954621712,8,8,8,2023-05-01,-2018,"Total expenditures accrual","Y_lag1; HICPX_leg0; Unemployment inflows_leg0; IP_leg0; Retail sales_leg0; Hours worked_leg0; Energy prices_leg0; Cash expenditures_leg0","OK",NA
"sg_lasso","Spain","Expenditures","2023-05-27",-41.246517023244,NA,0.0721715755308379,0.5,0.133545954621712,8,8,8,2023-05-01,-2018,"Total expenditures accrual","Y_lag1; HICPX_leg0; Unemployment inflows_leg0; IP_leg0; Retail sales_leg0; Hours worked_leg0; Energy prices_leg0; Cash expenditures_leg0","OK",NA
"sg_lasso","Spain","Expenditures","2023-06-01",429.177179926686,NA,0.0721715755308379,0.5,0.133545954621712,8,8,8,2023-06-01,-2018,"Total expenditures accrual","Y_lag1; HICPX_leg0; Unemployment inflows_leg0; IP_leg0; Retail sales_leg0; Hours worked_leg0; Energy prices_leg0; Cash expenditures_leg0","OK",NA
"sg_lasso","Spain","Expenditures","2023-06-04",424.361735947921,NA,0.0721715755308379,0.5,0.133545954621712,8,8,8,2023-06-01,-2018,"Total expenditures accrual","Y_lag1; HICPX_leg0; Unemployment inflows_leg0; IP_leg0; Retail sales_leg0; Hours worked_leg0; Energy prices_leg0; Cash expenditures_leg0","OK",NA
"sg_lasso","Spain","Expenditures","2023-06-15",-1462.57410010428,NA,0.00853689602813095,0.5,0.138324643337932,13,13,13,2023-06-01,5588,"Total expenditures accrual","Y_lag1; 10y yield_leg0; HICPX_leg0; Debt-to-GDP ratio_leg0; Unemployment rate_leg0; Unemployment inflows_leg0; Share of LT unemp_leg0; Geopolitical risk index_leg0; IP_leg0; Retail sales_leg0; Hours worked_leg0; Energy prices_leg0; Cash expenditures_leg0","OK",NA
"sg_lasso","Spain","Expenditures","2023-06-27",-1692.90612084409,NA,0.00853689602813095,0.5,0.139447048801894,13,13,13,2023-06-01,5588,"Total expenditures accrual","Y_lag1; 10y yield_leg0; HICPX_leg0; Debt-to-GDP ratio_leg0; Unemployment rate_leg0; Unemployment inflows_leg0; Share of LT unemp_leg0; Geopolitical risk index_leg0; IP_leg0; Retail sales_leg0; Hours worked_leg0; Energy prices_leg0; Cash expenditures_leg0","OK",NA
"sg_lasso","Spain","Expenditures","2023-07-01",-1529.1690331821,NA,0.00853689602813095,0.5,0.139447048801894,13,13,13,2023-07-01,5588,"Total expenditures accrual","Y_lag1; 10y yield_leg0; HICPX_leg0; Debt-to-GDP ratio_leg0; Unemployment rate_leg0; Unemployment inflows_leg0; Share of LT unemp_leg0; Geopolitical risk index_leg0; IP_leg0; Retail sales_leg0; Hours worked_leg0; Energy prices_leg0; Cash expenditures_leg0","OK",NA
"sg_lasso","Spain","Expenditures","2023-07-06",-1556.20279942506,NA,0.00853689602813095,0.5,0.139447048801894,13,13,13,2023-07-01,5588,"Total expenditures accrual","Y_lag1; 10y yield_leg0; HICPX_leg0; Debt-to-GDP ratio_leg0; Unemployment rate_leg0; Unemployment inflows_leg0; Share of LT unemp_leg0; Geopolitical risk index_leg0; IP_leg0; Retail sales_leg0; Hours worked_leg0; Energy prices_leg0; Cash expenditures_leg0","OK",NA
"sg_lasso","Spain","Expenditures","2023-07-15",-1136.88238712887,NA,0.00853689602813095,0.5,0.139447048801894,13,13,13,2023-07-01,5588,"Total expenditures accrual","Y_lag1; 10y yield_leg0; HICPX_leg0; Debt-to-GDP ratio_leg0; Unemployment rate_leg0; Unemployment inflows_leg0; Share of LT unemp_leg0; Geopolitical risk index_leg0; IP_leg0; Retail sales_leg0; Hours worked_leg0; Energy prices_leg0; Cash expenditures_leg0","OK",NA
"sg_lasso","Spain","Expenditures","2023-07-27",-344.274131665407,NA,0.00853689602813095,0.5,0.139447048801894,13,13,13,2023-07-01,5588,"Total expenditures accrual","Y_lag1; 10y yield_leg0; HICPX_leg0; Debt-to-GDP ratio_leg0; Unemployment rate_leg0; Unemployment inflows_leg0; Share of LT unemp_leg0; Geopolitical risk index_leg0; IP_leg0; Retail sales_leg0; Hours worked_leg0; Energy prices_leg0; Cash expenditures_leg0","OK",NA
"sg_lasso","Spain","Expenditures","2023-08-01",-2553.0995541332,NA,0.00853689602813095,0.5,0.139447048801894,13,13,13,2023-08-01,5588,"Total expenditures accrual","Y_lag1; 10y yield_leg0; HICPX_leg0; Debt-to-GDP ratio_leg0; Unemployment rate_leg0; Unemployment inflows_leg0; Share of LT unemp_leg0; Geopolitical risk index_leg0; IP_leg0; Retail sales_leg0; Hours worked_leg0; Energy prices_leg0; Cash expenditures_leg0","OK",NA
"sg_lasso","Spain","Expenditures","2023-08-02",-2445.32447509303,NA,0.00853689602813095,0.5,0.139447048801894,13,13,13,2023-08-01,5588,"Total expenditures accrual","Y_lag1; 10y yield_leg0; HICPX_leg0; Debt-to-GDP ratio_leg0; Unemployment rate_leg0; Unemployment inflows_leg0; Share of LT unemp_leg0; Geopolitical risk index_leg0; IP_leg0; Retail sales_leg0; Hours worked_leg0; Energy prices_leg0; Cash expenditures_leg0","OK",NA
"sg_lasso","Spain","Expenditures","2023-08-15",-3627.94501329089,NA,0.00853689602813095,0.5,0.139447048801894,13,13,13,2023-08-01,5588,"Total expenditures accrual","Y_lag1; 10y yield_leg0; HICPX_leg0; Debt-to-GDP ratio_leg0; Unemployment rate_leg0; Unemployment inflows_leg0; Share of LT unemp_leg0; Geopolitical risk index_leg0; IP_leg0; Retail sales_leg0; Hours worked_leg0; Energy prices_leg0; Cash expenditures_leg0","OK",NA
"sg_lasso","Spain","Expenditures","2023-08-27",-4476.54176114426,NA,0.00853689602813095,0.5,0.139447048801894,13,13,13,2023-08-01,5588,"Total expenditures accrual","Y_lag1; 10y yield_leg0; HICPX_leg0; Debt-to-GDP ratio_leg0; Unemployment rate_leg0; Unemployment inflows_leg0; Share of LT unemp_leg0; Geopolitical risk index_leg0; IP_leg0; Retail sales_leg0; Hours worked_leg0; Energy prices_leg0; Cash expenditures_leg0","OK",NA
"sg_lasso","Spain","Expenditures","2023-09-01",-4999.67423401989,NA,0.00853689602813095,0.5,0.139447048801894,13,13,13,2023-09-01,5588,"Total expenditures accrual","Y_lag1; 10y yield_leg0; HICPX_leg0; Debt-to-GDP ratio_leg0; Unemployment rate_leg0; Unemployment inflows_leg0; Share of LT unemp_leg0; Geopolitical risk index_leg0; IP_leg0; Retail sales_leg0; Hours worked_leg0; Energy prices_leg0; Cash expenditures_leg0","OK",NA
"sg_lasso","Spain","Expenditures","2023-09-05",-4872.86105743632,NA,0.00853689602813095,0.5,0.139447048801894,13,13,13,2023-09-01,5588,"Total expenditures accrual","Y_lag1; 10y yield_leg0; HICPX_leg0; Debt-to-GDP ratio_leg0; Unemployment rate_leg0; Unemployment inflows_leg0; Share of LT unemp_leg0; Geopolitical risk index_leg0; IP_leg0; Retail sales_leg0; Hours worked_leg0; Energy prices_leg0; Cash expenditures_leg0","OK",NA
"sg_lasso","Spain","Expenditures","2023-09-15",-1459.64333462926,NA,0.000834122243624444,0.5,0.130352206113166,14,14,14,2023-09-01,1466,"Total expenditures accrual","Y_lag1; 10y yield_leg0; HICPX_leg0; Debt-to-GDP ratio_leg0; Unemployment rate_leg0; Unemployment inflows_leg0; Share of LT unemp_leg0; Geopolitical risk index_leg0; IP_leg0; Retail sales_leg0; Hours worked_leg0; Payroll Mass_leg0; Energy prices_leg0; Cash expenditures_leg0","OK",NA
"sg_lasso","Spain","Expenditures","2023-09-27",-1447.37114056811,NA,0.000692502940626672,0.5,0.129865213633001,14,14,14,2023-09-01,1466,"Total expenditures accrual","Y_lag1; 10y yield_leg0; HICPX_leg0; Debt-to-GDP ratio_leg0; Unemployment rate_leg0; Unemployment inflows_leg0; Share of LT unemp_leg0; Geopolitical risk index_leg0; IP_leg0; Retail sales_leg0; Hours worked_leg0; Payroll Mass_leg0; Energy prices_leg0; Cash expenditures_leg0","OK",NA
"sg_lasso","Spain","Expenditures","2023-10-01",-2381.22387359967,NA,0.000692502940626672,0.5,0.129865213633001,14,14,14,2023-10-01,1466,"Total expenditures accrual","Y_lag1; 10y yield_leg0; HICPX_leg0; Debt-to-GDP ratio_leg0; Unemployment rate_leg0; Unemployment inflows_leg0; Share of LT unemp_leg0; Geopolitical risk index_leg0; IP_leg0; Retail sales_leg0; Hours worked_leg0; Payroll Mass_leg0; Energy prices_leg0; Cash expenditures_leg0","OK",NA
"sg_lasso","Spain","Expenditures","2023-10-07",-2479.10267268695,NA,0.000692502940626672,0.5,0.129865213633001,14,14,14,2023-10-01,1466,"Total expenditures accrual","Y_lag1; 10y yield_leg0; HICPX_leg0; Debt-to-GDP ratio_leg0; Unemployment rate_leg0; Unemployment inflows_leg0; Share of LT unemp_leg0; Geopolitical risk index_leg0; IP_leg0; Retail sales_leg0; Hours worked_leg0; Payroll Mass_leg0; Energy prices_leg0; Cash expenditures_leg0","OK",NA
"sg_lasso","Spain","Expenditures","2023-10-15",-4835.98568000238,NA,0.000692502940626672,0.5,0.129865213633001,14,14,14,2023-10-01,1466,"Total expenditures accrual","Y_lag1; 10y yield_leg0; HICPX_leg0; Debt-to-GDP ratio_leg0; Unemployment rate_leg0; Unemployment inflows_leg0; Share of LT unemp_leg0; Geopolitical risk index_leg0; IP_leg0; Retail sales_leg0; Hours worked_leg0; Payroll Mass_leg0; Energy prices_leg0; Cash expenditures_leg0","OK",NA
"sg_lasso","Spain","Expenditures","2023-10-27",-4474.57585851192,NA,0.000692502940626672,0.5,0.129865213633001,14,14,14,2023-10-01,1466,"Total expenditures accrual","Y_lag1; 10y yield_leg0; HICPX_leg0; Debt-to-GDP ratio_leg0; Unemployment rate_leg0; Unemployment inflows_leg0; Share of LT unemp_leg0; Geopolitical risk index_leg0; IP_leg0; Retail sales_leg0; Hours worked_leg0; Payroll Mass_leg0; Energy prices_leg0; Cash expenditures_leg0","OK",NA
"sg_lasso","Spain","Expenditures","2023-11-01",-5505.64002920348,NA,0.000692502940626672,0.5,0.129865213633001,14,14,14,2023-11-01,1466,"Total expenditures accrual","Y_lag1; 10y yield_leg0; HICPX_leg0; Debt-to-GDP ratio_leg0; Unemployment rate_leg0; Unemployment inflows_leg0; Share of LT unemp_leg0; Geopolitical risk index_leg0; IP_leg0; Retail sales_leg0; Hours worked_leg0; Payroll Mass_leg0; Energy prices_leg0; Cash expenditures_leg0","OK",NA
"sg_lasso","Spain","Expenditures","2023-11-03",-5965.75366536345,NA,0.000692502940626672,0.5,0.129865213633001,14,14,14,2023-11-01,1466,"Total expenditures accrual","Y_lag1; 10y yield_leg0; HICPX_leg0; Debt-to-GDP ratio_leg0; Unemployment rate_leg0; Unemployment inflows_leg0; Share of LT unemp_leg0; Geopolitical risk index_leg0; IP_leg0; Retail sales_leg0; Hours worked_leg0; Payroll Mass_leg0; Energy prices_leg0; Cash expenditures_leg0","OK",NA
"sg_lasso","Spain","Expenditures","2023-11-15",-5191.21542848865,NA,0.000692502940626672,0.5,0.129865213633001,14,14,14,2023-11-01,1466,"Total expenditures accrual","Y_lag1; 10y yield_leg0; HICPX_leg0; Debt-to-GDP ratio_leg0; Unemployment rate_leg0; Unemployment inflows_leg0; Share of LT unemp_leg0; Geopolitical risk index_leg0; IP_leg0; Retail sales_leg0; Hours worked_leg0; Payroll Mass_leg0; Energy prices_leg0; Cash expenditures_leg0","OK",NA
"sg_lasso","Spain","Expenditures","2023-11-27",-4996.59423511648,NA,0.000692502940626672,0.5,0.129865213633001,14,14,14,2023-11-01,1466,"Total expenditures accrual","Y_lag1; 10y yield_leg0; HICPX_leg0; Debt-to-GDP ratio_leg0; Unemployment rate_leg0; Unemployment inflows_leg0; Share of LT unemp_leg0; Geopolitical risk index_leg0; IP_leg0; Retail sales_leg0; Hours worked_leg0; Payroll Mass_leg0; Energy prices_leg0; Cash expenditures_leg0","OK",NA
"sg_lasso","Spain","Expenditures","2023-12-01",-7601.35582937713,NA,0.000692502940626672,0.5,0.129865213633001,14,14,14,2023-12-01,1466,"Total expenditures accrual","Y_lag1; 10y yield_leg0; HICPX_leg0; Debt-to-GDP ratio_leg0; Unemployment rate_leg0; Unemployment inflows_leg0; Share of LT unemp_leg0; Geopolitical risk index_leg0; IP_leg0; Retail sales_leg0; Hours worked_leg0; Payroll Mass_leg0; Energy prices_leg0; Cash expenditures_leg0","OK",NA
"sg_lasso","Spain","Expenditures","2023-12-05",-7227.35478588858,NA,0.000692502940626672,0.5,0.129865213633001,14,14,14,2023-12-01,1466,"Total expenditures accrual","Y_lag1; 10y yield_leg0; HICPX_leg0; Debt-to-GDP ratio_leg0; Unemployment rate_leg0; Unemployment inflows_leg0; Share of LT unemp_leg0; Geopolitical risk index_leg0; IP_leg0; Retail sales_leg0; Hours worked_leg0; Payroll Mass_leg0; Energy prices_leg0; Cash expenditures_leg0","OK",NA
"sg_lasso","Spain","Expenditures","2023-12-15",-2969.72576799127,NA,0.0000378860366485308,0.5,0.111204673457386,14,14,14,2023-12-01,2877,"Total expenditures accrual","Y_lag1; 10y yield_leg0; HICPX_leg0; Debt-to-GDP ratio_leg0; Unemployment rate_leg0; Unemployment inflows_leg0; Share of LT unemp_leg0; Geopolitical risk index_leg0; IP_leg0; Retail sales_leg0; Hours worked_leg0; Payroll Mass_leg0; Energy prices_leg0; Cash expenditures_leg0","OK",NA
"sg_lasso","Spain","Expenditures","2023-12-27",-3316.81217345691,NA,0.0000378860366485308,0.5,0.112750761162652,14,14,14,2023-12-01,2877,"Total expenditures accrual","Y_lag1; 10y yield_leg0; HICPX_leg0; Debt-to-GDP ratio_leg0; Unemployment rate_leg0; Unemployment inflows_leg0; Share of LT unemp_leg0; Geopolitical risk index_leg0; IP_leg0; Retail sales_leg0; Hours worked_leg0; Payroll Mass_leg0; Energy prices_leg0; Cash expenditures_leg0","OK",NA
"sg_lasso","Spain","Expenditures","2024-01-01",-1419.2668964789,NA,0.0000378860366485308,0.5,0.112750761162652,14,14,14,2024-01-01,2877,"Total expenditures accrual","Y_lag1; 10y yield_leg0; HICPX_leg0; Debt-to-GDP ratio_leg0; Unemployment rate_leg0; Unemployment inflows_leg0; Share of LT unemp_leg0; Geopolitical risk index_leg0; IP_leg0; Retail sales_leg0; Hours worked_leg0; Payroll Mass_leg0; Energy prices_leg0; Cash expenditures_leg0","OK",NA
"sg_lasso","Spain","Expenditures","2024-01-15",-3812.35027371607,NA,0.0000378860366485308,0.5,0.112750761162652,14,14,14,2024-01-01,2877,"Total expenditures accrual","Y_lag1; 10y yield_leg0; HICPX_leg0; Debt-to-GDP ratio_leg0; Unemployment rate_leg0; Unemployment inflows_leg0; Share of LT unemp_leg0; Geopolitical risk index_leg0; IP_leg0; Retail sales_leg0; Hours worked_leg0; Payroll Mass_leg0; Energy prices_leg0; Cash expenditures_leg0","OK",NA
"sg_lasso","Spain","Expenditures","2024-01-27",-4496.8570163435,NA,0.0000378860366485308,0.5,0.112750761162652,14,14,14,2024-01-01,2877,"Total expenditures accrual","Y_lag1; 10y yield_leg0; HICPX_leg0; Debt-to-GDP ratio_leg0; Unemployment rate_leg0; Unemployment inflows_leg0; Share of LT unemp_leg0; Geopolitical risk index_leg0; IP_leg0; Retail sales_leg0; Hours worked_leg0; Payroll Mass_leg0; Energy prices_leg0; Cash expenditures_leg0","OK",NA
"sg_lasso","Spain","Expenditures","2024-02-01",-6038.69153712436,NA,0.0000378860366485308,0.5,0.112750761162652,14,14,14,2024-02-01,2877,"Total expenditures accrual","Y_lag1; 10y yield_leg0; HICPX_leg0; Debt-to-GDP ratio_leg0; Unemployment rate_leg0; Unemployment inflows_leg0; Share of LT unemp_leg0; Geopolitical risk index_leg0; IP_leg0; Retail sales_leg0; Hours worked_leg0; Payroll Mass_leg0; Energy prices_leg0; Cash expenditures_leg0","OK",NA
"sg_lasso","Spain","Expenditures","2024-02-04",-6030.3994333582,NA,0.0000378860366485308,0.5,0.112750761162652,14,14,14,2024-02-01,2877,"Total expenditures accrual","Y_lag1; 10y yield_leg0; HICPX_leg0; Debt-to-GDP ratio_leg0; Unemployment rate_leg0; Unemployment inflows_leg0; Share of LT unemp_leg0; Geopolitical risk index_leg0; IP_leg0; Retail sales_leg0; Hours worked_leg0; Payroll Mass_leg0; Energy prices_leg0; Cash expenditures_leg0","OK",NA
"sg_lasso","Spain","Expenditures","2024-02-15",-2742.07156921851,NA,0.0000378860366485308,0.5,0.112750761162652,14,14,14,2024-02-01,2877,"Total expenditures accrual","Y_lag1; 10y yield_leg0; HICPX_leg0; Debt-to-GDP ratio_leg0; Unemployment rate_leg0; Unemployment inflows_leg0; Share of LT unemp_leg0; Geopolitical risk index_leg0; IP_leg0; Retail sales_leg0; Hours worked_leg0; Payroll Mass_leg0; Energy prices_leg0; Cash expenditures_leg0","OK",NA
"sg_lasso","Spain","Expenditures","2024-02-27",-2240.91485887338,NA,0.0000378860366485308,0.5,0.112750761162652,14,14,14,2024-02-01,2877,"Total expenditures accrual","Y_lag1; 10y yield_leg0; HICPX_leg0; Debt-to-GDP ratio_leg0; Unemployment rate_leg0; Unemployment inflows_leg0; Share of LT unemp_leg0; Geopolitical risk index_leg0; IP_leg0; Retail sales_leg0; Hours worked_leg0; Payroll Mass_leg0; Energy prices_leg0; Cash expenditures_leg0","OK",NA
"sg_lasso","Spain","Expenditures","2024-03-01",-1502.05335210522,NA,0.0000378860366485308,0.5,0.112750761162652,14,14,14,2024-03-01,2877,"Total expenditures accrual","Y_lag1; 10y yield_leg0; HICPX_leg0; Debt-to-GDP ratio_leg0; Unemployment rate_leg0; Unemployment inflows_leg0; Share of LT unemp_leg0; Geopolitical risk index_leg0; IP_leg0; Retail sales_leg0; Hours worked_leg0; Payroll Mass_leg0; Energy prices_leg0; Cash expenditures_leg0","OK",NA
"sg_lasso","Spain","Expenditures","2024-03-05",-1386.01363316264,NA,0.0000378860366485308,0.5,0.112750761162652,14,14,14,2024-03-01,2877,"Total expenditures accrual","Y_lag1; 10y yield_leg0; HICPX_leg0; Debt-to-GDP ratio_leg0; Unemployment rate_leg0; Unemployment inflows_leg0; Share of LT unemp_leg0; Geopolitical risk index_leg0; IP_leg0; Retail sales_leg0; Hours worked_leg0; Payroll Mass_leg0; Energy prices_leg0; Cash expenditures_leg0","OK",NA
"sg_lasso","Spain","Expenditures","2024-03-15",-1272.43358216297,NA,0.0000379120443493935,0.5,0.112762543222957,14,14,14,2024-03-01,-208,"Total expenditures accrual","Y_lag1; 10y yield_leg0; HICPX_leg0; Debt-to-GDP ratio_leg0; Unemployment rate_leg0; Unemployment inflows_leg0; Share of LT unemp_leg0; Geopolitical risk index_leg0; IP_leg0; Retail sales_leg0; Hours worked_leg0; Payroll Mass_leg0; Energy prices_leg0; Cash expenditures_leg0","OK",NA
"sg_lasso","Spain","Expenditures","2024-03-27",-1574.87683576767,NA,0.0000379120443493935,0.5,0.113076653493442,14,14,14,2024-03-01,-208,"Total expenditures accrual","Y_lag1; 10y yield_leg0; HICPX_leg0; Debt-to-GDP ratio_leg0; Unemployment rate_leg0; Unemployment inflows_leg0; Share of LT unemp_leg0; Geopolitical risk index_leg0; IP_leg0; Retail sales_leg0; Hours worked_leg0; Payroll Mass_leg0; Energy prices_leg0; Cash expenditures_leg0","OK",NA
"sg_lasso","Spain","Expenditures","2024-04-01",562.204870180375,NA,0.0000379120443493935,0.5,0.113076653493442,14,14,14,2024-04-01,-208,"Total expenditures accrual","Y_lag1; 10y yield_leg0; HICPX_leg0; Debt-to-GDP ratio_leg0; Unemployment rate_leg0; Unemployment inflows_leg0; Share of LT unemp_leg0; Geopolitical risk index_leg0; IP_leg0; Retail sales_leg0; Hours worked_leg0; Payroll Mass_leg0; Energy prices_leg0; Cash expenditures_leg0","OK",NA
"sg_lasso","Spain","Expenditures","2024-04-15",-751.043942328056,NA,0.0000379120443493935,0.5,0.113076653493442,14,14,14,2024-04-01,-208,"Total expenditures accrual","Y_lag1; 10y yield_leg0; HICPX_leg0; Debt-to-GDP ratio_leg0; Unemployment rate_leg0; Unemployment inflows_leg0; Share of LT unemp_leg0; Geopolitical risk index_leg0; IP_leg0; Retail sales_leg0; Hours worked_leg0; Payroll Mass_leg0; Energy prices_leg0; Cash expenditures_leg0","OK",NA
"sg_lasso","Spain","Expenditures","2024-04-27",-471.137566405792,NA,0.0000379120443493935,0.5,0.113076653493442,14,14,14,2024-04-01,-208,"Total expenditures accrual","Y_lag1; 10y yield_leg0; HICPX_leg0; Debt-to-GDP ratio_leg0; Unemployment rate_leg0; Unemployment inflows_leg0; Share of LT unemp_leg0; Geopolitical risk index_leg0; IP_leg0; Retail sales_leg0; Hours worked_leg0; Payroll Mass_leg0; Energy prices_leg0; Cash expenditures_leg0","OK",NA
"sg_lasso","Spain","Expenditures","2024-05-01",-3187.69497788413,NA,0.0000379120443493935,0.5,0.113076653493442,14,14,14,2024-05-01,-208,"Total expenditures accrual","Y_lag1; 10y yield_leg0; HICPX_leg0; Debt-to-GDP ratio_leg0; Unemployment rate_leg0; Unemployment inflows_leg0; Share of LT unemp_leg0; Geopolitical risk index_leg0; IP_leg0; Retail sales_leg0; Hours worked_leg0; Payroll Mass_leg0; Energy prices_leg0; Cash expenditures_leg0","OK",NA
"sg_lasso","Spain","Expenditures","2024-05-03",-3028.6683606711,NA,0.0000379120443493935,0.5,0.113076653493442,14,14,14,2024-05-01,-208,"Total expenditures accrual","Y_lag1; 10y yield_leg0; HICPX_leg0; Debt-to-GDP ratio_leg0; Unemployment rate_leg0; Unemployment inflows_leg0; Share of LT unemp_leg0; Geopolitical risk index_leg0; IP_leg0; Retail sales_leg0; Hours worked_leg0; Payroll Mass_leg0; Energy prices_leg0; Cash expenditures_leg0","OK",NA
"sg_lasso","Spain","Expenditures","2024-05-15",-1078.38139928159,NA,0.0000379120443493935,0.5,0.113076653493442,14,14,14,2024-05-01,-208,"Total expenditures accrual","Y_lag1; 10y yield_leg0; HICPX_leg0; Debt-to-GDP ratio_leg0; Unemployment rate_leg0; Unemployment inflows_leg0; Share of LT unemp_leg0; Geopolitical risk index_leg0; IP_leg0; Retail sales_leg0; Hours worked_leg0; Payroll Mass_leg0; Energy prices_leg0; Cash expenditures_leg0","OK",NA
"sg_lasso","Spain","Expenditures","2024-05-27",-868.581251176617,NA,0.0000379120443493935,0.5,0.113076653493442,14,14,14,2024-05-01,-208,"Total expenditures accrual","Y_lag1; 10y yield_leg0; HICPX_leg0; Debt-to-GDP ratio_leg0; Unemployment rate_leg0; Unemployment inflows_leg0; Share of LT unemp_leg0; Geopolitical risk index_leg0; IP_leg0; Retail sales_leg0; Hours worked_leg0; Payroll Mass_leg0; Energy prices_leg0; Cash expenditures_leg0","OK",NA
"sg_lasso","Spain","Expenditures","2024-06-01",641.979320361507,NA,0.0000379120443493935,0.5,0.113076653493442,14,14,14,2024-06-01,-208,"Total expenditures accrual","Y_lag1; 10y yield_leg0; HICPX_leg0; Debt-to-GDP ratio_leg0; Unemployment rate_leg0; Unemployment inflows_leg0; Share of LT unemp_leg0; Geopolitical risk index_leg0; IP_leg0; Retail sales_leg0; Hours worked_leg0; Payroll Mass_leg0; Energy prices_leg0; Cash expenditures_leg0","OK",NA
"sg_lasso","Spain","Expenditures","2024-06-06",671.587081485397,NA,0.0000379120443493935,0.5,0.113076653493442,14,14,14,2024-06-01,-208,"Total expenditures accrual","Y_lag1; 10y yield_leg0; HICPX_leg0; Debt-to-GDP ratio_leg0; Unemployment rate_leg0; Unemployment inflows_leg0; Share of LT unemp_leg0; Geopolitical risk index_leg0; IP_leg0; Retail sales_leg0; Hours worked_leg0; Payroll Mass_leg0; Energy prices_leg0; Cash expenditures_leg0","OK",NA
"sg_lasso","Spain","Expenditures","2024-06-15",-2149.36072741745,NA,0.000302840275611345,0.5,0.140772360342792,14,14,14,2024-06-01,4149,"Total expenditures accrual","Y_lag1; 10y yield_leg0; HICPX_leg0; Debt-to-GDP ratio_leg0; Unemployment rate_leg0; Unemployment inflows_leg0; Share of LT unemp_leg0; Geopolitical risk index_leg0; IP_leg0; Retail sales_leg0; Hours worked_leg0; Payroll Mass_leg0; Energy prices_leg0; Cash expenditures_leg0","OK",NA
"sg_lasso","Spain","Expenditures","2024-06-27",-2163.31080034396,NA,0.000439369387144581,0.5,0.140626833152047,13,13,13,2024-06-01,4149,"Total expenditures accrual","Y_lag1; 10y yield_leg0; HICPX_leg0; Unemployment rate_leg0; Unemployment inflows_leg0; Share of LT unemp_leg0; Geopolitical risk index_leg0; IP_leg0; Retail sales_leg0; Hours worked_leg0; Payroll Mass_leg0; Energy prices_leg0; Cash expenditures_leg0","OK",NA
"sg_lasso","Spain","Expenditures","2024-07-01",-2970.4933310308,NA,0.000439369387144581,0.5,0.140626833152047,13,13,13,2024-07-01,4149,"Total expenditures accrual","Y_lag1; 10y yield_leg0; HICPX_leg0; Unemployment rate_leg0; Unemployment inflows_leg0; Share of LT unemp_leg0; Geopolitical risk index_leg0; IP_leg0; Retail sales_leg0; Hours worked_leg0; Payroll Mass_leg0; Energy prices_leg0; Cash expenditures_leg0","OK",NA
"sg_lasso","Spain","Expenditures","2024-07-15",-2614.90993496927,NA,0.000439369387144581,0.5,0.140626833152047,13,13,13,2024-07-01,4149,"Total expenditures accrual","Y_lag1; 10y yield_leg0; HICPX_leg0; Unemployment rate_leg0; Unemployment inflows_leg0; Share of LT unemp_leg0; Geopolitical risk index_leg0; IP_leg0; Retail sales_leg0; Hours worked_leg0; Payroll Mass_leg0; Energy prices_leg0; Cash expenditures_leg0","OK",NA
"sg_lasso","Spain","Expenditures","2024-07-27",-2423.20694632176,NA,0.000439369387144581,0.5,0.140626833152047,13,13,13,2024-07-01,4149,"Total expenditures accrual","Y_lag1; 10y yield_leg0; HICPX_leg0; Unemployment rate_leg0; Unemployment inflows_leg0; Share of LT unemp_leg0; Geopolitical risk index_leg0; IP_leg0; Retail sales_leg0; Hours worked_leg0; Payroll Mass_leg0; Energy prices_leg0; Cash expenditures_leg0","OK",NA
"sg_lasso","Spain","Expenditures","2024-08-01",-4601.35039466547,NA,0.000439369387144581,0.5,0.140626833152047,13,13,13,2024-08-01,4149,"Total expenditures accrual","Y_lag1; 10y yield_leg0; HICPX_leg0; Unemployment rate_leg0; Unemployment inflows_leg0; Share of LT unemp_leg0; Geopolitical risk index_leg0; IP_leg0; Retail sales_leg0; Hours worked_leg0; Payroll Mass_leg0; Energy prices_leg0; Cash expenditures_leg0","OK",NA
"sg_lasso","Spain","Expenditures","2024-08-04",-4639.38166822731,NA,0.000439369387144581,0.5,0.140626833152047,13,13,13,2024-08-01,4149,"Total expenditures accrual","Y_lag1; 10y yield_leg0; HICPX_leg0; Unemployment rate_leg0; Unemployment inflows_leg0; Share of LT unemp_leg0; Geopolitical risk index_leg0; IP_leg0; Retail sales_leg0; Hours worked_leg0; Payroll Mass_leg0; Energy prices_leg0; Cash expenditures_leg0","OK",NA
"sg_lasso","Spain","Expenditures","2024-08-15",-4112.15377649851,NA,0.000439369387144581,0.5,0.140626833152047,13,13,13,2024-08-01,4149,"Total expenditures accrual","Y_lag1; 10y yield_leg0; HICPX_leg0; Unemployment rate_leg0; Unemployment inflows_leg0; Share of LT unemp_leg0; Geopolitical risk index_leg0; IP_leg0; Retail sales_leg0; Hours worked_leg0; Payroll Mass_leg0; Energy prices_leg0; Cash expenditures_leg0","OK",NA
"sg_lasso","Spain","Expenditures","2024-08-27",-4250.4317180504,NA,0.000439369387144581,0.5,0.140626833152047,13,13,13,2024-08-01,4149,"Total expenditures accrual","Y_lag1; 10y yield_leg0; HICPX_leg0; Unemployment rate_leg0; Unemployment inflows_leg0; Share of LT unemp_leg0; Geopolitical risk index_leg0; IP_leg0; Retail sales_leg0; Hours worked_leg0; Payroll Mass_leg0; Energy prices_leg0; Cash expenditures_leg0","OK",NA
"sg_lasso","Spain","Expenditures","2024-09-01",-3699.55403306955,NA,0.000439369387144581,0.5,0.140626833152047,13,13,13,2024-09-01,4149,"Total expenditures accrual","Y_lag1; 10y yield_leg0; HICPX_leg0; Unemployment rate_leg0; Unemployment inflows_leg0; Share of LT unemp_leg0; Geopolitical risk index_leg0; IP_leg0; Retail sales_leg0; Hours worked_leg0; Payroll Mass_leg0; Energy prices_leg0; Cash expenditures_leg0","OK",NA
"sg_lasso","Spain","Expenditures","2024-09-07",-3878.99521939527,NA,0.000439369387144581,0.5,0.140626833152047,13,13,13,2024-09-01,4149,"Total expenditures accrual","Y_lag1; 10y yield_leg0; HICPX_leg0; Unemployment rate_leg0; Unemployment inflows_leg0; Share of LT unemp_leg0; Geopolitical risk index_leg0; IP_leg0; Retail sales_leg0; Hours worked_leg0; Payroll Mass_leg0; Energy prices_leg0; Cash expenditures_leg0","OK",NA
"sg_lasso","Spain","Expenditures","2024-09-15",-2704.61921457736,NA,0.0000339786483277206,0.5,0.173128111922261,14,14,14,2024-09-01,4762,"Total expenditures accrual","Y_lag1; 10y yield_leg0; HICPX_leg0; Debt-to-GDP ratio_leg0; Unemployment rate_leg0; Unemployment inflows_leg0; Share of LT unemp_leg0; Geopolitical risk index_leg0; IP_leg0; Retail sales_leg0; Hours worked_leg0; Payroll Mass_leg0; Energy prices_leg0; Cash expenditures_leg0","OK",NA
"sg_lasso","Spain","Expenditures","2024-09-27",-2355.465288836,NA,0.0000339786483277206,0.5,0.171102154793381,14,14,14,2024-09-01,4762,"Total expenditures accrual","Y_lag1; 10y yield_leg0; HICPX_leg0; Debt-to-GDP ratio_leg0; Unemployment rate_leg0; Unemployment inflows_leg0; Share of LT unemp_leg0; Geopolitical risk index_leg0; IP_leg0; Retail sales_leg0; Hours worked_leg0; Payroll Mass_leg0; Energy prices_leg0; Cash expenditures_leg0","OK",NA
"sg_lasso","Spain","Expenditures","2024-10-01",-1734.89377564183,NA,0.0000339786483277206,0.5,0.171102154793381,14,14,14,2024-10-01,4762,"Total expenditures accrual","Y_lag1; 10y yield_leg0; HICPX_leg0; Debt-to-GDP ratio_leg0; Unemployment rate_leg0; Unemployment inflows_leg0; Share of LT unemp_leg0; Geopolitical risk index_leg0; IP_leg0; Retail sales_leg0; Hours worked_leg0; Payroll Mass_leg0; Energy prices_leg0; Cash expenditures_leg0","OK",NA
"sg_lasso","Spain","Expenditures","2024-10-02",-1785.29320920115,NA,0.0000339786483277206,0.5,0.171102154793381,14,14,14,2024-10-01,4762,"Total expenditures accrual","Y_lag1; 10y yield_leg0; HICPX_leg0; Debt-to-GDP ratio_leg0; Unemployment rate_leg0; Unemployment inflows_leg0; Share of LT unemp_leg0; Geopolitical risk index_leg0; IP_leg0; Retail sales_leg0; Hours worked_leg0; Payroll Mass_leg0; Energy prices_leg0; Cash expenditures_leg0","OK",NA
"sg_lasso","Spain","Expenditures","2024-10-15",-569.110231421041,NA,0.0000339786483277206,0.5,0.171102154793381,14,14,14,2024-10-01,4762,"Total expenditures accrual","Y_lag1; 10y yield_leg0; HICPX_leg0; Debt-to-GDP ratio_leg0; Unemployment rate_leg0; Unemployment inflows_leg0; Share of LT unemp_leg0; Geopolitical risk index_leg0; IP_leg0; Retail sales_leg0; Hours worked_leg0; Payroll Mass_leg0; Energy prices_leg0; Cash expenditures_leg0","OK",NA
"sg_lasso","Spain","Expenditures","2024-10-27",-1171.28696636644,NA,0.0000339786483277206,0.5,0.171102154793381,14,14,14,2024-10-01,4762,"Total expenditures accrual","Y_lag1; 10y yield_leg0; HICPX_leg0; Debt-to-GDP ratio_leg0; Unemployment rate_leg0; Unemployment inflows_leg0; Share of LT unemp_leg0; Geopolitical risk index_leg0; IP_leg0; Retail sales_leg0; Hours worked_leg0; Payroll Mass_leg0; Energy prices_leg0; Cash expenditures_leg0","OK",NA
"sg_lasso","Spain","Expenditures","2024-11-01",-226.067189372376,NA,0.0000339786483277206,0.5,0.171102154793381,14,14,14,2024-11-01,4762,"Total expenditures accrual","Y_lag1; 10y yield_leg0; HICPX_leg0; Debt-to-GDP ratio_leg0; Unemployment rate_leg0; Unemployment inflows_leg0; Share of LT unemp_leg0; Geopolitical risk index_leg0; IP_leg0; Retail sales_leg0; Hours worked_leg0; Payroll Mass_leg0; Energy prices_leg0; Cash expenditures_leg0","OK",NA
"sg_lasso","Spain","Expenditures","2024-11-05",-88.765205483016,NA,0.0000339786483277206,0.5,0.171102154793381,14,14,14,2024-11-01,4762,"Total expenditures accrual","Y_lag1; 10y yield_leg0; HICPX_leg0; Debt-to-GDP ratio_leg0; Unemployment rate_leg0; Unemployment inflows_leg0; Share of LT unemp_leg0; Geopolitical risk index_leg0; IP_leg0; Retail sales_leg0; Hours worked_leg0; Payroll Mass_leg0; Energy prices_leg0; Cash expenditures_leg0","OK",NA
"sg_lasso","Spain","Expenditures","2024-11-15",-1653.30826044151,NA,0.0000339786483277206,0.5,0.171102154793381,14,14,14,2024-11-01,4762,"Total expenditures accrual","Y_lag1; 10y yield_leg0; HICPX_leg0; Debt-to-GDP ratio_leg0; Unemployment rate_leg0; Unemployment inflows_leg0; Share of LT unemp_leg0; Geopolitical risk index_leg0; IP_leg0; Retail sales_leg0; Hours worked_leg0; Payroll Mass_leg0; Energy prices_leg0; Cash expenditures_leg0","OK",NA
"sg_lasso","Spain","Expenditures","2024-11-27",-1877.71606130756,NA,0.0000339786483277206,0.5,0.171102154793381,14,14,14,2024-11-01,4762,"Total expenditures accrual","Y_lag1; 10y yield_leg0; HICPX_leg0; Debt-to-GDP ratio_leg0; Unemployment rate_leg0; Unemployment inflows_leg0; Share of LT unemp_leg0; Geopolitical risk index_leg0; IP_leg0; Retail sales_leg0; Hours worked_leg0; Payroll Mass_leg0; Energy prices_leg0; Cash expenditures_leg0","OK",NA
"sg_lasso","Spain","Expenditures","2024-12-01",-2985.43894967534,NA,0.0000339786483277206,0.5,0.171102154793381,14,14,14,2024-12-01,4762,"Total expenditures accrual","Y_lag1; 10y yield_leg0; HICPX_leg0; Debt-to-GDP ratio_leg0; Unemployment rate_leg0; Unemployment inflows_leg0; Share of LT unemp_leg0; Geopolitical risk index_leg0; IP_leg0; Retail sales_leg0; Hours worked_leg0; Payroll Mass_leg0; Energy prices_leg0; Cash expenditures_leg0","OK",NA
"sg_lasso","Spain","Expenditures","2024-12-07",-3369.43511208497,NA,0.0000339786483277206,0.5,0.171102154793381,14,14,14,2024-12-01,4762,"Total expenditures accrual","Y_lag1; 10y yield_leg0; HICPX_leg0; Debt-to-GDP ratio_leg0; Unemployment rate_leg0; Unemployment inflows_leg0; Share of LT unemp_leg0; Geopolitical risk index_leg0; IP_leg0; Retail sales_leg0; Hours worked_leg0; Payroll Mass_leg0; Energy prices_leg0; Cash expenditures_leg0","OK",NA
"sg_lasso","Spain","Expenditures","2024-12-15",-2076.32634692441,NA,0.0000360484368733342,0.5,0.190999102268464,14,14,14,2024-12-01,6486,"Total expenditures accrual","Y_lag1; 10y yield_leg0; HICPX_leg0; Debt-to-GDP ratio_leg0; Unemployment rate_leg0; Unemployment inflows_leg0; Share of LT unemp_leg0; Geopolitical risk index_leg0; IP_leg0; Retail sales_leg0; Hours worked_leg0; Payroll Mass_leg0; Energy prices_leg0; Cash expenditures_leg0","OK",NA
"sg_lasso","Spain","Expenditures","2024-12-27",-1884.46392356804,NA,0.0000328459930951625,0.5,0.189533509739808,14,14,14,2024-12-01,6486,"Total expenditures accrual","Y_lag1; 10y yield_leg0; HICPX_leg0; Debt-to-GDP ratio_leg0; Unemployment rate_leg0; Unemployment inflows_leg0; Share of LT unemp_leg0; Geopolitical risk index_leg0; IP_leg0; Retail sales_leg0; Hours worked_leg0; Payroll Mass_leg0; Energy prices_leg0; Cash expenditures_leg0","OK",NA
"sg_lasso","Spain","Expenditures","2025-01-01",-2912.13713474802,NA,0.0000328459930951625,0.5,0.189533509739808,14,14,14,2025-01-01,6486,"Total expenditures accrual","Y_lag1; 10y yield_leg0; HICPX_leg0; Debt-to-GDP ratio_leg0; Unemployment rate_leg0; Unemployment inflows_leg0; Share of LT unemp_leg0; Geopolitical risk index_leg0; IP_leg0; Retail sales_leg0; Hours worked_leg0; Payroll Mass_leg0; Energy prices_leg0; Cash expenditures_leg0","OK",NA
"sg_lasso","Spain","Expenditures","2025-01-03",-2709.93099089813,NA,0.0000328459930951625,0.5,0.189533509739808,14,14,14,2025-01-01,6486,"Total expenditures accrual","Y_lag1; 10y yield_leg0; HICPX_leg0; Debt-to-GDP ratio_leg0; Unemployment rate_leg0; Unemployment inflows_leg0; Share of LT unemp_leg0; Geopolitical risk index_leg0; IP_leg0; Retail sales_leg0; Hours worked_leg0; Payroll Mass_leg0; Energy prices_leg0; Cash expenditures_leg0","OK",NA
"sg_lasso","Spain","Expenditures","2025-01-15",-3475.01438460627,NA,0.0000328459930951625,0.5,0.189533509739808,14,14,14,2025-01-01,6486,"Total expenditures accrual","Y_lag1; 10y yield_leg0; HICPX_leg0; Debt-to-GDP ratio_leg0; Unemployment rate_leg0; Unemployment inflows_leg0; Share of LT unemp_leg0; Geopolitical risk index_leg0; IP_leg0; Retail sales_leg0; Hours worked_leg0; Payroll Mass_leg0; Energy prices_leg0; Cash expenditures_leg0","OK",NA
"sg_lasso","Spain","Expenditures","2025-01-27",-4375.72320937918,NA,0.0000328459930951625,0.5,0.189533509739808,14,14,14,2025-01-01,6486,"Total expenditures accrual","Y_lag1; 10y yield_leg0; HICPX_leg0; Debt-to-GDP ratio_leg0; Unemployment rate_leg0; Unemployment inflows_leg0; Share of LT unemp_leg0; Geopolitical risk index_leg0; IP_leg0; Retail sales_leg0; Hours worked_leg0; Payroll Mass_leg0; Energy prices_leg0; Cash expenditures_leg0","OK",NA
"sg_lasso","Spain","Expenditures","2025-02-01",-5620.09631899842,NA,0.0000328459930951625,0.5,0.189533509739808,14,14,14,2025-02-01,6486,"Total expenditures accrual","Y_lag1; 10y yield_leg0; HICPX_leg0; Debt-to-GDP ratio_leg0; Unemployment rate_leg0; Unemployment inflows_leg0; Share of LT unemp_leg0; Geopolitical risk index_leg0; IP_leg0; Retail sales_leg0; Hours worked_leg0; Payroll Mass_leg0; Energy prices_leg0; Cash expenditures_leg0","OK",NA
"sg_lasso","Spain","Expenditures","2025-02-06",-5712.87916512751,NA,0.0000328459930951625,0.5,0.189533509739808,14,14,14,2025-02-01,6486,"Total expenditures accrual","Y_lag1; 10y yield_leg0; HICPX_leg0; Debt-to-GDP ratio_leg0; Unemployment rate_leg0; Unemployment inflows_leg0; Share of LT unemp_leg0; Geopolitical risk index_leg0; IP_leg0; Retail sales_leg0; Hours worked_leg0; Payroll Mass_leg0; Energy prices_leg0; Cash expenditures_leg0","OK",NA
"sg_lasso","Spain","Expenditures","2025-02-15",-5816.74891284853,NA,0.0000328459930951625,0.5,0.189533509739808,14,14,14,2025-02-01,6486,"Total expenditures accrual","Y_lag1; 10y yield_leg0; HICPX_leg0; Debt-to-GDP ratio_leg0; Unemployment rate_leg0; Unemployment inflows_leg0; Share of LT unemp_leg0; Geopolitical risk index_leg0; IP_leg0; Retail sales_leg0; Hours worked_leg0; Payroll Mass_leg0; Energy prices_leg0; Cash expenditures_leg0","OK",NA
"sg_lasso","Spain","Expenditures","2025-02-27",-4952.64631712268,NA,0.0000328459930951625,0.5,0.189533509739808,14,14,14,2025-02-01,6486,"Total expenditures accrual","Y_lag1; 10y yield_leg0; HICPX_leg0; Debt-to-GDP ratio_leg0; Unemployment rate_leg0; Unemployment inflows_leg0; Share of LT unemp_leg0; Geopolitical risk index_leg0; IP_leg0; Retail sales_leg0; Hours worked_leg0; Payroll Mass_leg0; Energy prices_leg0; Cash expenditures_leg0","OK",NA
"sg_lasso","Spain","Expenditures","2025-03-01",-5688.72675167873,NA,0.0000328459930951625,0.5,0.189533509739808,14,14,14,2025-03-01,6486,"Total expenditures accrual","Y_lag1; 10y yield_leg0; HICPX_leg0; Debt-to-GDP ratio_leg0; Unemployment rate_leg0; Unemployment inflows_leg0; Share of LT unemp_leg0; Geopolitical risk index_leg0; IP_leg0; Retail sales_leg0; Hours worked_leg0; Payroll Mass_leg0; Energy prices_leg0; Cash expenditures_leg0","OK",NA
"sg_lasso","Spain","Expenditures","2025-03-06",-5750.48974741168,NA,0.0000328459930951625,0.5,0.189533509739808,14,14,14,2025-03-01,6486,"Total expenditures accrual","Y_lag1; 10y yield_leg0; HICPX_leg0; Debt-to-GDP ratio_leg0; Unemployment rate_leg0; Unemployment inflows_leg0; Share of LT unemp_leg0; Geopolitical risk index_leg0; IP_leg0; Retail sales_leg0; Hours worked_leg0; Payroll Mass_leg0; Energy prices_leg0; Cash expenditures_leg0","OK",NA
"sg_lasso","Spain","Expenditures","2025-03-15",2661.26680745973,NA,0.341081857932475,0.5,0.190794670589147,1,1,1,2025-03-01,-3745,"Total expenditures accrual","Y_lag1","OK",NA
"sg_lasso","Spain","Expenditures","2025-03-27",2661.26680745973,NA,0.341081857932475,0.5,0.190794670589147,1,1,1,2025-03-01,-3745,"Total expenditures accrual","Y_lag1","OK",NA
"sg_lasso","Spain","Expenditures","2025-04-01",2661.26680745973,NA,0.341081857932475,0.5,0.190794670589147,1,1,1,2025-04-01,-3745,"Total expenditures accrual","Y_lag1","OK",NA
"sg_lasso","Spain","Expenditures","2025-04-02",2661.26680745973,NA,0.341081857932475,0.5,0.190794670589147,1,1,1,2025-04-01,-3745,"Total expenditures accrual","Y_lag1","OK",NA
"sg_lasso","Spain","Expenditures","2025-04-15",2661.26680745973,NA,0.341081857932475,0.5,0.190794670589147,1,1,1,2025-04-01,-3745,"Total expenditures accrual","Y_lag1","OK",NA
"sg_lasso","Spain","Expenditures","2025-04-27",2661.26680745973,NA,0.341081857932475,0.5,0.190794670589147,1,1,1,2025-04-01,-3745,"Total expenditures accrual","Y_lag1","OK",NA
"sg_lasso","Spain","Expenditures","2025-05-01",2661.26680745973,NA,0.341081857932475,0.5,0.190794670589147,1,1,1,2025-05-01,-3745,"Total expenditures accrual","Y_lag1","OK",NA
"sg_lasso","Spain","Expenditures","2025-05-04",2661.26680745973,NA,0.341081857932475,0.5,0.190794670589147,1,1,1,2025-05-01,-3745,"Total expenditures accrual","Y_lag1","OK",NA
"sg_lasso","Spain","Expenditures","2025-05-15",2661.26680745973,NA,0.341081857932475,0.5,0.190794670589147,1,1,1,2025-05-01,-3745,"Total expenditures accrual","Y_lag1","OK",NA
"sg_lasso","Spain","Expenditures","2025-05-27",2661.26680745973,NA,0.341081857932475,0.5,0.190794670589147,1,1,1,2025-05-01,-3745,"Total expenditures accrual","Y_lag1","OK",NA
"sg_lasso","Spain","Expenditures","2025-06-01",2661.26680745973,NA,0.341081857932475,0.5,0.190794670589147,1,1,1,2025-06-01,-3745,"Total expenditures accrual","Y_lag1","OK",NA
"sg_lasso","Spain","Expenditures","2025-06-07",2661.26680745973,NA,0.341081857932475,0.5,0.190794670589147,1,1,1,2025-06-01,-3745,"Total expenditures accrual","Y_lag1","OK",NA
"sg_lasso","Spain","Expenditures","2025-06-15",1291.96739560895,NA,0.0000341119384347054,0.5,0.194244939049179,14,14,14,2025-06-01,3095,"Total expenditures accrual","Y_lag1; 10y yield_leg0; HICPX_leg0; Debt-to-GDP ratio_leg0; Unemployment rate_leg0; Unemployment inflows_leg0; Share of LT unemp_leg0; Geopolitical risk index_leg0; IP_leg0; Retail sales_leg0; Hours worked_leg0; Payroll Mass_leg0; Energy prices_leg0; Cash expenditures_leg0","OK",NA
"sg_lasso","Spain","Expenditures","2025-06-27",1027.29327383041,NA,0.0000374378103206642,0.5,0.19360198230334,14,14,14,2025-06-01,3095,"Total expenditures accrual","Y_lag1; 10y yield_leg0; HICPX_leg0; Debt-to-GDP ratio_leg0; Unemployment rate_leg0; Unemployment inflows_leg0; Share of LT unemp_leg0; Geopolitical risk index_leg0; IP_leg0; Retail sales_leg0; Hours worked_leg0; Payroll Mass_leg0; Energy prices_leg0; Cash expenditures_leg0","OK",NA
"sg_lasso","Spain","Expenditures","2025-07-01",-557.481550737308,NA,0.0000374378103206642,0.5,0.19360198230334,14,14,14,2025-07-01,3095,"Total expenditures accrual","Y_lag1; 10y yield_leg0; HICPX_leg0; Debt-to-GDP ratio_leg0; Unemployment rate_leg0; Unemployment inflows_leg0; Share of LT unemp_leg0; Geopolitical risk index_leg0; IP_leg0; Retail sales_leg0; Hours worked_leg0; Payroll Mass_leg0; Energy prices_leg0; Cash expenditures_leg0","OK",NA
"sg_lasso","Spain","Expenditures","2025-07-02",-553.290563056953,NA,0.0000374378103206642,0.5,0.19360198230334,14,14,14,2025-07-01,3095,"Total expenditures accrual","Y_lag1; 10y yield_leg0; HICPX_leg0; Debt-to-GDP ratio_leg0; Unemployment rate_leg0; Unemployment inflows_leg0; Share of LT unemp_leg0; Geopolitical risk index_leg0; IP_leg0; Retail sales_leg0; Hours worked_leg0; Payroll Mass_leg0; Energy prices_leg0; Cash expenditures_leg0","OK",NA
"sg_lasso","Spain","Expenditures","2025-07-15",-1936.50106342072,NA,0.0000374378103206642,0.5,0.19360198230334,14,14,14,2025-07-01,3095,"Total expenditures accrual","Y_lag1; 10y yield_leg0; HICPX_leg0; Debt-to-GDP ratio_leg0; Unemployment rate_leg0; Unemployment inflows_leg0; Share of LT unemp_leg0; Geopolitical risk index_leg0; IP_leg0; Retail sales_leg0; Hours worked_leg0; Payroll Mass_leg0; Energy prices_leg0; Cash expenditures_leg0","OK",NA
"sg_lasso","Spain","Expenditures","2025-07-27",-1867.19902778631,NA,0.0000374378103206642,0.5,0.19360198230334,14,14,14,2025-07-01,3095,"Total expenditures accrual","Y_lag1; 10y yield_leg0; HICPX_leg0; Debt-to-GDP ratio_leg0; Unemployment rate_leg0; Unemployment inflows_leg0; Share of LT unemp_leg0; Geopolitical risk index_leg0; IP_leg0; Retail sales_leg0; Hours worked_leg0; Payroll Mass_leg0; Energy prices_leg0; Cash expenditures_leg0","OK",NA
"sg_lasso","Spain","Expenditures","2025-08-01",-3024.35844636364,NA,0.0000374378103206642,0.5,0.19360198230334,14,14,14,2025-08-01,3095,"Total expenditures accrual","Y_lag1; 10y yield_leg0; HICPX_leg0; Debt-to-GDP ratio_leg0; Unemployment rate_leg0; Unemployment inflows_leg0; Share of LT unemp_leg0; Geopolitical risk index_leg0; IP_leg0; Retail sales_leg0; Hours worked_leg0; Payroll Mass_leg0; Energy prices_leg0; Cash expenditures_leg0","OK",NA
"sg_lasso","Spain","Expenditures","2025-08-05",-3055.40470446984,NA,0.0000374378103206642,0.5,0.19360198230334,14,14,14,2025-08-01,3095,"Total expenditures accrual","Y_lag1; 10y yield_leg0; HICPX_leg0; Debt-to-GDP ratio_leg0; Unemployment rate_leg0; Unemployment inflows_leg0; Share of LT unemp_leg0; Geopolitical risk index_leg0; IP_leg0; Retail sales_leg0; Hours worked_leg0; Payroll Mass_leg0; Energy prices_leg0; Cash expenditures_leg0","OK",NA
"sg_lasso","Spain","Expenditures","2025-08-15",-3378.33016023062,NA,0.0000374378103206642,0.5,0.19360198230334,14,14,14,2025-08-01,3095,"Total expenditures accrual","Y_lag1; 10y yield_leg0; HICPX_leg0; Debt-to-GDP ratio_leg0; Unemployment rate_leg0; Unemployment inflows_leg0; Share of LT unemp_leg0; Geopolitical risk index_leg0; IP_leg0; Retail sales_leg0; Hours worked_leg0; Payroll Mass_leg0; Energy prices_leg0; Cash expenditures_leg0","OK",NA
"sg_lasso","Spain","Expenditures","2025-08-27",-3100.65499356298,NA,0.0000374378103206642,0.5,0.19360198230334,14,14,14,2025-08-01,3095,"Total expenditures accrual","Y_lag1; 10y yield_leg0; HICPX_leg0; Debt-to-GDP ratio_leg0; Unemployment rate_leg0; Unemployment inflows_leg0; Share of LT unemp_leg0; Geopolitical risk index_leg0; IP_leg0; Retail sales_leg0; Hours worked_leg0; Payroll Mass_leg0; Energy prices_leg0; Cash expenditures_leg0","OK",NA
"sg_lasso","Spain","Expenditures","2025-09-01",-4292.32793851362,NA,0.0000374378103206642,0.5,0.19360198230334,14,14,14,2025-09-01,3095,"Total expenditures accrual","Y_lag1; 10y yield_leg0; HICPX_leg0; Debt-to-GDP ratio_leg0; Unemployment rate_leg0; Unemployment inflows_leg0; Share of LT unemp_leg0; Geopolitical risk index_leg0; IP_leg0; Retail sales_leg0; Hours worked_leg0; Payroll Mass_leg0; Energy prices_leg0; Cash expenditures_leg0","OK",NA
"sg_lasso","Spain","Expenditures","2025-09-15",750.756401624044,NA,0.32317297298869,0.5,0.20103634629786,1,1,1,2025-09-01,2104,"Total expenditures accrual","Y_lag1","OK",NA
"sg_lasso","Spain","Expenditures","2025-09-27",750.756401624044,NA,0.32317297298869,0.5,0.20103634629786,1,1,1,2025-09-01,2104,"Total expenditures accrual","Y_lag1","OK",NA
"sg_lasso","Spain","Expenditures","2025-10-01",750.756401624044,NA,0.32317297298869,0.5,0.20103634629786,1,1,1,2025-10-01,2104,"Total expenditures accrual","Y_lag1","OK",NA
"sg_lasso","Spain","Expenditures","2025-10-03",750.756401624044,NA,0.32317297298869,0.5,0.20103634629786,1,1,1,2025-10-01,2104,"Total expenditures accrual","Y_lag1","OK",NA
"sg_lasso","Spain","Expenditures","2025-10-15",750.756401624044,NA,0.32317297298869,0.5,0.20103634629786,1,1,1,2025-10-01,2104,"Total expenditures accrual","Y_lag1","OK",NA
"sg_lasso","Spain","Expenditures","2025-10-27",750.756401624044,NA,0.32317297298869,0.5,0.20103634629786,1,1,1,2025-10-01,2104,"Total expenditures accrual","Y_lag1","OK",NA
"sg_lasso","Spain","Expenditures","2025-11-01",750.756401624044,NA,0.32317297298869,0.5,0.20103634629786,1,1,1,2025-11-01,2104,"Total expenditures accrual","Y_lag1","OK",NA
"sg_lasso","Spain","Expenditures","2025-11-06",750.756401624044,NA,0.32317297298869,0.5,0.20103634629786,1,1,1,2025-11-01,2104,"Total expenditures accrual","Y_lag1","OK",NA
"sg_lasso","Spain","Expenditures","2025-11-15",750.756401624044,NA,0.32317297298869,0.5,0.20103634629786,1,1,1,2025-11-01,2104,"Total expenditures accrual","Y_lag1","OK",NA
"sg_lasso","Spain","Expenditures","2025-11-27",750.756401624044,NA,0.32317297298869,0.5,0.20103634629786,1,1,1,2025-11-01,2104,"Total expenditures accrual","Y_lag1","OK",NA
"sg_lasso","Spain","Expenditures","2025-12-01",750.756401624044,NA,0.32317297298869,0.5,0.20103634629786,1,1,1,2025-12-01,2104,"Total expenditures accrual","Y_lag1","OK",NA
"sg_lasso","Spain","Expenditures","2025-12-15",773.550253377589,NA,0.321686228640914,0.5,0.206998414212528,1,1,1,2025-12-01,2104,"Total expenditures accrual","Y_lag1","OK",NA
"sg_lasso","Spain","Expenditures","2025-12-27",773.550253377589,NA,0.321686228640914,0.5,0.206998414212528,1,1,1,2025-12-01,2104,"Total expenditures accrual","Y_lag1","OK",NA
"sg_lasso","Spain","Expenditures","2026-01-15",773.550253377589,NA,0.321686228640914,0.5,0.206998414212528,1,1,1,2026-01-01,2104,"Total expenditures accrual","Y_lag1","OK",NA
"sg_lasso","Spain","Expenditures","2026-02-15",773.550253377589,NA,0.321686228640914,0.5,0.206998414212528,1,1,1,2026-02-01,2104,"Total expenditures accrual","Y_lag1","OK",NA
"sg_lasso","Spain","Expenditures","2026-03-15",773.550253377589,NA,0.321686228640914,0.5,0.206998414212528,1,1,1,2026-03-01,2104,"Total expenditures accrual","Y_lag1","OK",NA
