"model","country","block","publication_date","nowcast_value","nb_factors","lambda","gamma","cv_mse","df","n_selected","n_selected_groups","date_new","last_obs_y","target_name","selected_columns","status","error"
"sg_lasso","Germany","Expenditures","2013-01-01",2518.65513549126,NA,0.293409465095893,0.5,1.3497203947134,2,2,2,2013-01-01,-934,"Total expenditures accrual","Y_lag1; Debt-to-GDP ratio_leg0","OK",NA
"sg_lasso","Germany","Expenditures","2013-01-02",2518.65513549126,NA,0.293409465095893,0.5,1.3497203947134,2,2,2,2013-01-01,-934,"Total expenditures accrual","Y_lag1; Debt-to-GDP ratio_leg0","OK",NA
"sg_lasso","Germany","Expenditures","2013-01-15",2518.65513549126,NA,0.293409465095893,0.5,1.3497203947134,2,2,2,2013-01-01,-934,"Total expenditures accrual","Y_lag1; Debt-to-GDP ratio_leg0","OK",NA
"sg_lasso","Germany","Expenditures","2013-01-27",2518.65513549126,NA,0.293409465095893,0.5,1.3497203947134,2,2,2,2013-01-01,-934,"Total expenditures accrual","Y_lag1; Debt-to-GDP ratio_leg0","OK",NA
"sg_lasso","Germany","Expenditures","2013-02-01",2518.65513549126,NA,0.293409465095893,0.5,1.3497203947134,2,2,2,2013-02-01,-934,"Total expenditures accrual","Y_lag1; Debt-to-GDP ratio_leg0","OK",NA
"sg_lasso","Germany","Expenditures","2013-02-05",2518.65513549126,NA,0.293409465095893,0.5,1.3497203947134,2,2,2,2013-02-01,-934,"Total expenditures accrual","Y_lag1; Debt-to-GDP ratio_leg0","OK",NA
"sg_lasso","Germany","Expenditures","2013-02-15",2640.77644414543,NA,0.293409465095893,0.5,1.3497203947134,2,2,2,2013-02-01,-934,"Total expenditures accrual","Y_lag1; Debt-to-GDP ratio_leg0","OK",NA
"sg_lasso","Germany","Expenditures","2013-02-27",2640.77644414543,NA,0.293409465095893,0.5,1.3497203947134,2,2,2,2013-02-01,-934,"Total expenditures accrual","Y_lag1; Debt-to-GDP ratio_leg0","OK",NA
"sg_lasso","Germany","Expenditures","2013-03-01",2762.8977527996,NA,0.293409465095893,0.5,1.3497203947134,2,2,2,2013-03-01,-934,"Total expenditures accrual","Y_lag1; Debt-to-GDP ratio_leg0","OK",NA
"sg_lasso","Germany","Expenditures","2013-03-05",2762.8977527996,NA,0.293409465095893,0.5,1.3497203947134,2,2,2,2013-03-01,-934,"Total expenditures accrual","Y_lag1; Debt-to-GDP ratio_leg0","OK",NA
"sg_lasso","Germany","Expenditures","2013-03-15",852.660599362564,NA,0.270924650238196,0.5,0.000717141848166097,3,3,3,2013-03-01,4465,"Total expenditures accrual","Y_lag1; Debt-to-GDP ratio_leg0; IP_leg0","OK",NA
"sg_lasso","Germany","Expenditures","2013-03-27",852.660599362564,NA,0.270924650238196,0.5,0.000764577548059741,3,3,3,2013-03-01,4465,"Total expenditures accrual","Y_lag1; Debt-to-GDP ratio_leg0; IP_leg0","OK",NA
"sg_lasso","Germany","Expenditures","2013-04-01",1017.84600947704,NA,0.270924650238196,0.5,0.000764577548059741,3,3,3,2013-04-01,4465,"Total expenditures accrual","Y_lag1; Debt-to-GDP ratio_leg0; IP_leg0","OK",NA
"sg_lasso","Germany","Expenditures","2013-04-15",1083.20909350795,NA,0.270924650238196,0.5,0.000764577548059741,3,3,3,2013-04-01,4465,"Total expenditures accrual","Y_lag1; Debt-to-GDP ratio_leg0; IP_leg0","OK",NA
"sg_lasso","Germany","Expenditures","2013-04-27",1083.20909350795,NA,0.270924650238196,0.5,0.000764577548059741,3,3,3,2013-04-01,4465,"Total expenditures accrual","Y_lag1; Debt-to-GDP ratio_leg0; IP_leg0","OK",NA
"sg_lasso","Germany","Expenditures","2013-05-01",1115.67061839599,NA,0.270924650238196,0.5,0.000764577548059741,3,3,3,2013-05-01,4465,"Total expenditures accrual","Y_lag1; Debt-to-GDP ratio_leg0; IP_leg0","OK",NA
"sg_lasso","Germany","Expenditures","2013-05-03",1115.67061839599,NA,0.270924650238196,0.5,0.000764577548059741,3,3,3,2013-05-01,4465,"Total expenditures accrual","Y_lag1; Debt-to-GDP ratio_leg0; IP_leg0","OK",NA
"sg_lasso","Germany","Expenditures","2013-05-15",1207.93412577387,NA,0.270924650238196,0.5,0.000764577548059741,3,3,3,2013-05-01,4465,"Total expenditures accrual","Y_lag1; Debt-to-GDP ratio_leg0; IP_leg0","OK",NA
"sg_lasso","Germany","Expenditures","2013-05-27",1207.93412577387,NA,0.270924650238196,0.5,0.000764577548059741,3,3,3,2013-05-01,4465,"Total expenditures accrual","Y_lag1; Debt-to-GDP ratio_leg0; IP_leg0","OK",NA
"sg_lasso","Germany","Expenditures","2013-06-01",1365.56071718267,NA,0.270924650238196,0.5,0.000764577548059741,3,3,3,2013-06-01,4465,"Total expenditures accrual","Y_lag1; Debt-to-GDP ratio_leg0; IP_leg0","OK",NA
"sg_lasso","Germany","Expenditures","2013-06-06",1365.56071718267,NA,0.270924650238196,0.5,0.000764577548059741,3,3,3,2013-06-01,4465,"Total expenditures accrual","Y_lag1; Debt-to-GDP ratio_leg0; IP_leg0","OK",NA
"sg_lasso","Germany","Expenditures","2013-06-15",1781.54192571929,NA,0.299400431551116,0.5,0.00768158566866878,2,2,2,2013-06-01,3032,"Total expenditures accrual","Y_lag1; Debt-to-GDP ratio_leg0","OK",NA
"sg_lasso","Germany","Expenditures","2013-06-27",1781.54192571929,NA,0.299400431551116,0.5,0.00768158566866878,2,2,2,2013-06-01,3032,"Total expenditures accrual","Y_lag1; Debt-to-GDP ratio_leg0","OK",NA
"sg_lasso","Germany","Expenditures","2013-07-01",1906.02416319591,NA,0.299400431551116,0.5,0.00768158566866878,2,2,2,2013-07-01,3032,"Total expenditures accrual","Y_lag1; Debt-to-GDP ratio_leg0","OK",NA
"sg_lasso","Germany","Expenditures","2013-07-15",1906.02416319591,NA,0.299400431551116,0.5,0.00768158566866878,2,2,2,2013-07-01,3032,"Total expenditures accrual","Y_lag1; Debt-to-GDP ratio_leg0","OK",NA
"sg_lasso","Germany","Expenditures","2013-07-27",1906.02416319591,NA,0.299400431551116,0.5,0.00768158566866878,2,2,2,2013-07-01,3032,"Total expenditures accrual","Y_lag1; Debt-to-GDP ratio_leg0","OK",NA
"sg_lasso","Germany","Expenditures","2013-08-01",1906.02416319591,NA,0.299400431551116,0.5,0.00768158566866878,2,2,2,2013-08-01,3032,"Total expenditures accrual","Y_lag1; Debt-to-GDP ratio_leg0","OK",NA
"sg_lasso","Germany","Expenditures","2013-08-04",1906.02416319591,NA,0.299400431551116,0.5,0.00768158566866878,2,2,2,2013-08-01,3032,"Total expenditures accrual","Y_lag1; Debt-to-GDP ratio_leg0","OK",NA
"sg_lasso","Germany","Expenditures","2013-08-15",2341.71199436407,NA,0.299400431551116,0.5,0.00768158566866878,2,2,2,2013-08-01,3032,"Total expenditures accrual","Y_lag1; Debt-to-GDP ratio_leg0","OK",NA
"sg_lasso","Germany","Expenditures","2013-08-27",2341.71199436407,NA,0.299400431551116,0.5,0.00768158566866878,2,2,2,2013-08-01,3032,"Total expenditures accrual","Y_lag1; Debt-to-GDP ratio_leg0","OK",NA
"sg_lasso","Germany","Expenditures","2013-09-01",2777.39982553223,NA,0.299400431551116,0.5,0.00768158566866878,2,2,2,2013-09-01,3032,"Total expenditures accrual","Y_lag1; Debt-to-GDP ratio_leg0","OK",NA
"sg_lasso","Germany","Expenditures","2013-09-07",2777.39982553223,NA,0.299400431551116,0.5,0.00768158566866878,2,2,2,2013-09-01,3032,"Total expenditures accrual","Y_lag1; Debt-to-GDP ratio_leg0","OK",NA
"sg_lasso","Germany","Expenditures","2013-09-15",2912.42252791708,NA,0.338650194511521,0.5,0.00898730857916681,2,2,2,2013-09-01,1170,"Total expenditures accrual","Y_lag1; Debt-to-GDP ratio_leg0","OK",NA
"sg_lasso","Germany","Expenditures","2013-09-27",2912.42252791708,NA,0.338650194511521,0.5,0.00898730857916681,2,2,2,2013-09-01,1170,"Total expenditures accrual","Y_lag1; Debt-to-GDP ratio_leg0","OK",NA
"sg_lasso","Germany","Expenditures","2013-10-01",3230.18507153522,NA,0.338650194511521,0.5,0.00898730857916681,2,2,2,2013-10-01,1170,"Total expenditures accrual","Y_lag1; Debt-to-GDP ratio_leg0","OK",NA
"sg_lasso","Germany","Expenditures","2013-10-02",3230.18507153522,NA,0.338650194511521,0.5,0.00898730857916681,2,2,2,2013-10-01,1170,"Total expenditures accrual","Y_lag1; Debt-to-GDP ratio_leg0","OK",NA
"sg_lasso","Germany","Expenditures","2013-10-15",3230.18507153522,NA,0.338650194511521,0.5,0.00898730857916681,2,2,2,2013-10-01,1170,"Total expenditures accrual","Y_lag1; Debt-to-GDP ratio_leg0","OK",NA
"sg_lasso","Germany","Expenditures","2013-10-27",3230.18507153522,NA,0.338650194511521,0.5,0.00898730857916681,2,2,2,2013-10-01,1170,"Total expenditures accrual","Y_lag1; Debt-to-GDP ratio_leg0","OK",NA
"sg_lasso","Germany","Expenditures","2013-11-01",3230.18507153522,NA,0.338650194511521,0.5,0.00898730857916681,2,2,2,2013-11-01,1170,"Total expenditures accrual","Y_lag1; Debt-to-GDP ratio_leg0","OK",NA
"sg_lasso","Germany","Expenditures","2013-11-05",3230.18507153522,NA,0.338650194511521,0.5,0.00898730857916681,2,2,2,2013-11-01,1170,"Total expenditures accrual","Y_lag1; Debt-to-GDP ratio_leg0","OK",NA
"sg_lasso","Germany","Expenditures","2013-11-15",2821.63322974046,NA,0.338650194511521,0.5,0.00898730857916681,2,2,2,2013-11-01,1170,"Total expenditures accrual","Y_lag1; Debt-to-GDP ratio_leg0","OK",NA
"sg_lasso","Germany","Expenditures","2013-11-27",2821.63322974046,NA,0.338650194511521,0.5,0.00898730857916681,2,2,2,2013-11-01,1170,"Total expenditures accrual","Y_lag1; Debt-to-GDP ratio_leg0","OK",NA
"sg_lasso","Germany","Expenditures","2013-12-01",2413.08138794571,NA,0.338650194511521,0.5,0.00898730857916681,2,2,2,2013-12-01,1170,"Total expenditures accrual","Y_lag1; Debt-to-GDP ratio_leg0","OK",NA
"sg_lasso","Germany","Expenditures","2013-12-07",2413.08138794571,NA,0.338650194511521,0.5,0.00898730857916681,2,2,2,2013-12-01,1170,"Total expenditures accrual","Y_lag1; Debt-to-GDP ratio_leg0","OK",NA
"sg_lasso","Germany","Expenditures","2013-12-15",2854.83102317339,NA,0.608212529602902,0.5,0.0223577698392295,1,1,1,2013-12-01,-2128,"Total expenditures accrual","Y_lag1","OK",NA
"sg_lasso","Germany","Expenditures","2013-12-27",2854.83102317339,NA,0.608212529602902,0.5,0.0223577698392295,1,1,1,2013-12-01,-2128,"Total expenditures accrual","Y_lag1","OK",NA
"sg_lasso","Germany","Expenditures","2014-01-01",2854.83102317339,NA,0.608212529602902,0.5,0.0223577698392295,1,1,1,2014-01-01,-2128,"Total expenditures accrual","Y_lag1","OK",NA
"sg_lasso","Germany","Expenditures","2014-01-03",2854.83102317339,NA,0.608212529602902,0.5,0.0223577698392295,1,1,1,2014-01-01,-2128,"Total expenditures accrual","Y_lag1","OK",NA
"sg_lasso","Germany","Expenditures","2014-01-15",2854.83102317339,NA,0.608212529602902,0.5,0.0223577698392295,1,1,1,2014-01-01,-2128,"Total expenditures accrual","Y_lag1","OK",NA
"sg_lasso","Germany","Expenditures","2014-01-27",2854.83102317339,NA,0.608212529602902,0.5,0.0223577698392295,1,1,1,2014-01-01,-2128,"Total expenditures accrual","Y_lag1","OK",NA
"sg_lasso","Germany","Expenditures","2014-02-01",2854.83102317339,NA,0.608212529602902,0.5,0.0223577698392295,1,1,1,2014-02-01,-2128,"Total expenditures accrual","Y_lag1","OK",NA
"sg_lasso","Germany","Expenditures","2014-02-06",2854.83102317339,NA,0.608212529602902,0.5,0.0223577698392295,1,1,1,2014-02-01,-2128,"Total expenditures accrual","Y_lag1","OK",NA
"sg_lasso","Germany","Expenditures","2014-02-15",2854.83102317339,NA,0.608212529602902,0.5,0.0223577698392295,1,1,1,2014-02-01,-2128,"Total expenditures accrual","Y_lag1","OK",NA
"sg_lasso","Germany","Expenditures","2014-02-27",2854.83102317339,NA,0.608212529602902,0.5,0.0223577698392295,1,1,1,2014-02-01,-2128,"Total expenditures accrual","Y_lag1","OK",NA
"sg_lasso","Germany","Expenditures","2014-03-01",2854.83102317339,NA,0.608212529602902,0.5,0.0223577698392295,1,1,1,2014-03-01,-2128,"Total expenditures accrual","Y_lag1","OK",NA
"sg_lasso","Germany","Expenditures","2014-03-06",2854.83102317339,NA,0.608212529602902,0.5,0.0223577698392295,1,1,1,2014-03-01,-2128,"Total expenditures accrual","Y_lag1","OK",NA
"sg_lasso","Germany","Expenditures","2014-03-15",927.335768647639,NA,0.319715085623883,0.5,0.00985548069031808,2,2,2,2014-03-01,4474,"Total expenditures accrual","Y_lag1; Debt-to-GDP ratio_leg0","OK",NA
"sg_lasso","Germany","Expenditures","2014-03-27",927.335768647639,NA,0.319715085623883,0.5,0.00985548069031808,2,2,2,2014-03-01,4474,"Total expenditures accrual","Y_lag1; Debt-to-GDP ratio_leg0","OK",NA
"sg_lasso","Germany","Expenditures","2014-04-01",1256.3851991136,NA,0.319715085623883,0.5,0.00985548069031808,2,2,2,2014-04-01,4474,"Total expenditures accrual","Y_lag1; Debt-to-GDP ratio_leg0","OK",NA
"sg_lasso","Germany","Expenditures","2014-04-02",1256.3851991136,NA,0.319715085623883,0.5,0.00985548069031808,2,2,2,2014-04-01,4474,"Total expenditures accrual","Y_lag1; Debt-to-GDP ratio_leg0","OK",NA
"sg_lasso","Germany","Expenditures","2014-04-15",1256.3851991136,NA,0.319715085623883,0.5,0.00985548069031808,2,2,2,2014-04-01,4474,"Total expenditures accrual","Y_lag1; Debt-to-GDP ratio_leg0","OK",NA
"sg_lasso","Germany","Expenditures","2014-04-27",1256.3851991136,NA,0.319715085623883,0.5,0.00985548069031808,2,2,2,2014-04-01,4474,"Total expenditures accrual","Y_lag1; Debt-to-GDP ratio_leg0","OK",NA
"sg_lasso","Germany","Expenditures","2014-05-01",1256.3851991136,NA,0.319715085623883,0.5,0.00985548069031808,2,2,2,2014-05-01,4474,"Total expenditures accrual","Y_lag1; Debt-to-GDP ratio_leg0","OK",NA
"sg_lasso","Germany","Expenditures","2014-05-04",1256.3851991136,NA,0.319715085623883,0.5,0.00985548069031808,2,2,2,2014-05-01,4474,"Total expenditures accrual","Y_lag1; Debt-to-GDP ratio_leg0","OK",NA
"sg_lasso","Germany","Expenditures","2014-05-15",974.342830142774,NA,0.319715085623883,0.5,0.00985548069031808,2,2,2,2014-05-01,4474,"Total expenditures accrual","Y_lag1; Debt-to-GDP ratio_leg0","OK",NA
"sg_lasso","Germany","Expenditures","2014-05-27",974.342830142774,NA,0.319715085623883,0.5,0.00985548069031808,2,2,2,2014-05-01,4474,"Total expenditures accrual","Y_lag1; Debt-to-GDP ratio_leg0","OK",NA
"sg_lasso","Germany","Expenditures","2014-06-01",692.300461171945,NA,0.319715085623883,0.5,0.00985548069031808,2,2,2,2014-06-01,4474,"Total expenditures accrual","Y_lag1; Debt-to-GDP ratio_leg0","OK",NA
"sg_lasso","Germany","Expenditures","2014-06-07",692.300461171945,NA,0.319715085623883,0.5,0.00985548069031808,2,2,2,2014-06-01,4474,"Total expenditures accrual","Y_lag1; Debt-to-GDP ratio_leg0","OK",NA
"sg_lasso","Germany","Expenditures","2014-06-15",947.916424061768,NA,0.510053244420595,0.5,0.0148746376825032,1,1,1,2014-06-01,2245,"Total expenditures accrual","Y_lag1","OK",NA
"sg_lasso","Germany","Expenditures","2014-06-27",947.916424061768,NA,0.510053244420595,0.5,0.0148746376825032,1,1,1,2014-06-01,2245,"Total expenditures accrual","Y_lag1","OK",NA
"sg_lasso","Germany","Expenditures","2014-07-01",947.916424061768,NA,0.510053244420595,0.5,0.0148746376825032,1,1,1,2014-07-01,2245,"Total expenditures accrual","Y_lag1","OK",NA
"sg_lasso","Germany","Expenditures","2014-07-02",947.916424061768,NA,0.510053244420595,0.5,0.0148746376825032,1,1,1,2014-07-01,2245,"Total expenditures accrual","Y_lag1","OK",NA
"sg_lasso","Germany","Expenditures","2014-07-15",947.916424061768,NA,0.510053244420595,0.5,0.0148746376825032,1,1,1,2014-07-01,2245,"Total expenditures accrual","Y_lag1","OK",NA
"sg_lasso","Germany","Expenditures","2014-07-27",947.916424061768,NA,0.510053244420595,0.5,0.0148746376825032,1,1,1,2014-07-01,2245,"Total expenditures accrual","Y_lag1","OK",NA
"sg_lasso","Germany","Expenditures","2014-08-01",947.916424061768,NA,0.510053244420595,0.5,0.0148746376825032,1,1,1,2014-08-01,2245,"Total expenditures accrual","Y_lag1","OK",NA
"sg_lasso","Germany","Expenditures","2014-08-05",947.916424061768,NA,0.510053244420595,0.5,0.0148746376825032,1,1,1,2014-08-01,2245,"Total expenditures accrual","Y_lag1","OK",NA
"sg_lasso","Germany","Expenditures","2014-08-15",947.916424061768,NA,0.510053244420595,0.5,0.0148746376825032,1,1,1,2014-08-01,2245,"Total expenditures accrual","Y_lag1","OK",NA
"sg_lasso","Germany","Expenditures","2014-08-27",947.916424061768,NA,0.510053244420595,0.5,0.0148746376825032,1,1,1,2014-08-01,2245,"Total expenditures accrual","Y_lag1","OK",NA
"sg_lasso","Germany","Expenditures","2014-09-01",947.916424061768,NA,0.510053244420595,0.5,0.0148746376825032,1,1,1,2014-09-01,2245,"Total expenditures accrual","Y_lag1","OK",NA
"sg_lasso","Germany","Expenditures","2014-09-15",1368.61223581391,NA,0.352837005281339,0.5,0.0225081549859174,2,2,2,2014-09-01,3373,"Total expenditures accrual","Y_lag1; Debt-to-GDP ratio_leg0","OK",NA
"sg_lasso","Germany","Expenditures","2014-09-27",1368.61223581391,NA,0.352837005281339,0.5,0.0225081549859174,2,2,2,2014-09-01,3373,"Total expenditures accrual","Y_lag1; Debt-to-GDP ratio_leg0","OK",NA
"sg_lasso","Germany","Expenditures","2014-10-01",1560.64810809843,NA,0.352837005281339,0.5,0.0225081549859174,2,2,2,2014-10-01,3373,"Total expenditures accrual","Y_lag1; Debt-to-GDP ratio_leg0","OK",NA
"sg_lasso","Germany","Expenditures","2014-10-03",1560.64810809843,NA,0.352837005281339,0.5,0.0225081549859174,2,2,2,2014-10-01,3373,"Total expenditures accrual","Y_lag1; Debt-to-GDP ratio_leg0","OK",NA
"sg_lasso","Germany","Expenditures","2014-10-15",1560.64810809843,NA,0.352837005281339,0.5,0.0225081549859174,2,2,2,2014-10-01,3373,"Total expenditures accrual","Y_lag1; Debt-to-GDP ratio_leg0","OK",NA
"sg_lasso","Germany","Expenditures","2014-10-27",1560.64810809843,NA,0.352837005281339,0.5,0.0225081549859174,2,2,2,2014-10-01,3373,"Total expenditures accrual","Y_lag1; Debt-to-GDP ratio_leg0","OK",NA
"sg_lasso","Germany","Expenditures","2014-11-01",1560.64810809843,NA,0.352837005281339,0.5,0.0225081549859174,2,2,2,2014-11-01,3373,"Total expenditures accrual","Y_lag1; Debt-to-GDP ratio_leg0","OK",NA
"sg_lasso","Germany","Expenditures","2014-11-06",1560.64810809843,NA,0.352837005281339,0.5,0.0225081549859174,2,2,2,2014-11-01,3373,"Total expenditures accrual","Y_lag1; Debt-to-GDP ratio_leg0","OK",NA
"sg_lasso","Germany","Expenditures","2014-11-15",1445.42658472772,NA,0.352837005281339,0.5,0.0225081549859174,2,2,2,2014-11-01,3373,"Total expenditures accrual","Y_lag1; Debt-to-GDP ratio_leg0","OK",NA
"sg_lasso","Germany","Expenditures","2014-11-27",1445.42658472772,NA,0.352837005281339,0.5,0.0225081549859174,2,2,2,2014-11-01,3373,"Total expenditures accrual","Y_lag1; Debt-to-GDP ratio_leg0","OK",NA
"sg_lasso","Germany","Expenditures","2014-12-01",1330.20506135701,NA,0.352837005281339,0.5,0.0225081549859174,2,2,2,2014-12-01,3373,"Total expenditures accrual","Y_lag1; Debt-to-GDP ratio_leg0","OK",NA
"sg_lasso","Germany","Expenditures","2014-12-15",1025.13646577588,NA,0.426490496516421,0.5,0.0207384333806961,2,2,2,2014-12-01,3367,"Total expenditures accrual","Y_lag1; Debt-to-GDP ratio_leg0","OK",NA
"sg_lasso","Germany","Expenditures","2014-12-27",1025.13646577588,NA,0.426490496516421,0.5,0.0207384333806961,2,2,2,2014-12-01,3367,"Total expenditures accrual","Y_lag1; Debt-to-GDP ratio_leg0","OK",NA
"sg_lasso","Germany","Expenditures","2015-01-01",974.948057088215,NA,0.426490496516421,0.5,0.0207384333806961,2,2,2,2015-01-01,3367,"Total expenditures accrual","Y_lag1; Debt-to-GDP ratio_leg0","OK",NA
"sg_lasso","Germany","Expenditures","2015-01-04",974.948057088215,NA,0.426490496516421,0.5,0.0207384333806961,2,2,2,2015-01-01,3367,"Total expenditures accrual","Y_lag1; Debt-to-GDP ratio_leg0","OK",NA
"sg_lasso","Germany","Expenditures","2015-01-15",974.948057088215,NA,0.426490496516421,0.5,0.0207384333806961,2,2,2,2015-01-01,3367,"Total expenditures accrual","Y_lag1; Debt-to-GDP ratio_leg0","OK",NA
"sg_lasso","Germany","Expenditures","2015-01-27",974.948057088215,NA,0.426490496516421,0.5,0.0207384333806961,2,2,2,2015-01-01,3367,"Total expenditures accrual","Y_lag1; Debt-to-GDP ratio_leg0","OK",NA
"sg_lasso","Germany","Expenditures","2015-02-01",974.948057088215,NA,0.426490496516421,0.5,0.0207384333806961,2,2,2,2015-02-01,3367,"Total expenditures accrual","Y_lag1; Debt-to-GDP ratio_leg0","OK",NA
"sg_lasso","Germany","Expenditures","2015-02-07",974.948057088215,NA,0.426490496516421,0.5,0.0207384333806961,2,2,2,2015-02-01,3367,"Total expenditures accrual","Y_lag1; Debt-to-GDP ratio_leg0","OK",NA
"sg_lasso","Germany","Expenditures","2015-02-15",991.677526650771,NA,0.426490496516421,0.5,0.0207384333806961,2,2,2,2015-02-01,3367,"Total expenditures accrual","Y_lag1; Debt-to-GDP ratio_leg0","OK",NA
"sg_lasso","Germany","Expenditures","2015-02-27",991.677526650771,NA,0.426490496516421,0.5,0.0207384333806961,2,2,2,2015-02-01,3367,"Total expenditures accrual","Y_lag1; Debt-to-GDP ratio_leg0","OK",NA
"sg_lasso","Germany","Expenditures","2015-03-01",1008.40699621333,NA,0.426490496516421,0.5,0.0207384333806961,2,2,2,2015-03-01,3367,"Total expenditures accrual","Y_lag1; Debt-to-GDP ratio_leg0","OK",NA
"sg_lasso","Germany","Expenditures","2015-03-07",1008.40699621333,NA,0.426490496516421,0.5,0.0207384333806961,2,2,2,2015-03-01,3367,"Total expenditures accrual","Y_lag1; Debt-to-GDP ratio_leg0","OK",NA
"sg_lasso","Germany","Expenditures","2015-03-15",947.345608480149,NA,0.620503884717973,0.5,0.0618451564857107,1,1,1,2015-03-01,3126,"Total expenditures accrual","Y_lag1","OK",NA
"sg_lasso","Germany","Expenditures","2015-03-27",947.345608480149,NA,0.620503884717973,0.5,0.0618451564857107,1,1,1,2015-03-01,3126,"Total expenditures accrual","Y_lag1","OK",NA
"sg_lasso","Germany","Expenditures","2015-04-01",947.345608480149,NA,0.620503884717973,0.5,0.0618451564857107,1,1,1,2015-04-01,3126,"Total expenditures accrual","Y_lag1","OK",NA
"sg_lasso","Germany","Expenditures","2015-04-03",947.345608480149,NA,0.620503884717973,0.5,0.0618451564857107,1,1,1,2015-04-01,3126,"Total expenditures accrual","Y_lag1","OK",NA
"sg_lasso","Germany","Expenditures","2015-04-15",947.345608480149,NA,0.620503884717973,0.5,0.0618451564857107,1,1,1,2015-04-01,3126,"Total expenditures accrual","Y_lag1","OK",NA
"sg_lasso","Germany","Expenditures","2015-04-27",947.345608480149,NA,0.620503884717973,0.5,0.0618451564857107,1,1,1,2015-04-01,3126,"Total expenditures accrual","Y_lag1","OK",NA
"sg_lasso","Germany","Expenditures","2015-05-01",947.345608480149,NA,0.620503884717973,0.5,0.0618451564857107,1,1,1,2015-05-01,3126,"Total expenditures accrual","Y_lag1","OK",NA
"sg_lasso","Germany","Expenditures","2015-05-05",947.345608480149,NA,0.620503884717973,0.5,0.0618451564857107,1,1,1,2015-05-01,3126,"Total expenditures accrual","Y_lag1","OK",NA
"sg_lasso","Germany","Expenditures","2015-05-15",947.345608480149,NA,0.620503884717973,0.5,0.0618451564857107,1,1,1,2015-05-01,3126,"Total expenditures accrual","Y_lag1","OK",NA
"sg_lasso","Germany","Expenditures","2015-05-27",947.345608480149,NA,0.620503884717973,0.5,0.0618451564857107,1,1,1,2015-05-01,3126,"Total expenditures accrual","Y_lag1","OK",NA
"sg_lasso","Germany","Expenditures","2015-06-01",947.345608480149,NA,0.620503884717973,0.5,0.0618451564857107,1,1,1,2015-06-01,3126,"Total expenditures accrual","Y_lag1","OK",NA
"sg_lasso","Germany","Expenditures","2015-06-15",1121.99365425921,NA,0.618764805161508,0.5,0.0611318328585191,1,1,1,2015-06-01,2981,"Total expenditures accrual","Y_lag1","OK",NA
"sg_lasso","Germany","Expenditures","2015-06-27",1121.99365425921,NA,0.618764805161508,0.5,0.0611318328585191,1,1,1,2015-06-01,2981,"Total expenditures accrual","Y_lag1","OK",NA
"sg_lasso","Germany","Expenditures","2015-07-01",1121.99365425921,NA,0.618764805161508,0.5,0.0611318328585191,1,1,1,2015-07-01,2981,"Total expenditures accrual","Y_lag1","OK",NA
"sg_lasso","Germany","Expenditures","2015-07-03",1121.99365425921,NA,0.618764805161508,0.5,0.0611318328585191,1,1,1,2015-07-01,2981,"Total expenditures accrual","Y_lag1","OK",NA
"sg_lasso","Germany","Expenditures","2015-07-15",1121.99365425921,NA,0.618764805161508,0.5,0.0611318328585191,1,1,1,2015-07-01,2981,"Total expenditures accrual","Y_lag1","OK",NA
"sg_lasso","Germany","Expenditures","2015-07-27",1121.99365425921,NA,0.618764805161508,0.5,0.0611318328585191,1,1,1,2015-07-01,2981,"Total expenditures accrual","Y_lag1","OK",NA
"sg_lasso","Germany","Expenditures","2015-08-01",1121.99365425921,NA,0.618764805161508,0.5,0.0611318328585191,1,1,1,2015-08-01,2981,"Total expenditures accrual","Y_lag1","OK",NA
"sg_lasso","Germany","Expenditures","2015-08-06",1121.99365425921,NA,0.618764805161508,0.5,0.0611318328585191,1,1,1,2015-08-01,2981,"Total expenditures accrual","Y_lag1","OK",NA
"sg_lasso","Germany","Expenditures","2015-08-15",1121.99365425921,NA,0.618764805161508,0.5,0.0611318328585191,1,1,1,2015-08-01,2981,"Total expenditures accrual","Y_lag1","OK",NA
"sg_lasso","Germany","Expenditures","2015-08-27",1121.99365425921,NA,0.618764805161508,0.5,0.0611318328585191,1,1,1,2015-08-01,2981,"Total expenditures accrual","Y_lag1","OK",NA
"sg_lasso","Germany","Expenditures","2015-09-01",1121.99365425921,NA,0.618764805161508,0.5,0.0611318328585191,1,1,1,2015-09-01,2981,"Total expenditures accrual","Y_lag1","OK",NA
"sg_lasso","Germany","Expenditures","2015-09-02",1121.99365425921,NA,0.618764805161508,0.5,0.0611318328585191,1,1,1,2015-09-01,2981,"Total expenditures accrual","Y_lag1","OK",NA
"sg_lasso","Germany","Expenditures","2015-09-15",4129.33772959318,NA,0.344296068068828,0.5,0.0514451862074405,2,2,2,2015-09-01,-1950,"Total expenditures accrual","Y_lag1; Debt-to-GDP ratio_leg0","OK",NA
"sg_lasso","Germany","Expenditures","2015-09-27",4129.33772959318,NA,0.344296068068828,0.5,0.0514451862074405,2,2,2,2015-09-01,-1950,"Total expenditures accrual","Y_lag1; Debt-to-GDP ratio_leg0","OK",NA
"sg_lasso","Germany","Expenditures","2015-10-01",4014.84188183027,NA,0.344296068068828,0.5,0.0514451862074405,2,2,2,2015-10-01,-1950,"Total expenditures accrual","Y_lag1; Debt-to-GDP ratio_leg0","OK",NA
"sg_lasso","Germany","Expenditures","2015-10-04",4014.84188183027,NA,0.344296068068828,0.5,0.0514451862074405,2,2,2,2015-10-01,-1950,"Total expenditures accrual","Y_lag1; Debt-to-GDP ratio_leg0","OK",NA
"sg_lasso","Germany","Expenditures","2015-10-15",4014.84188183027,NA,0.344296068068828,0.5,0.0514451862074405,2,2,2,2015-10-01,-1950,"Total expenditures accrual","Y_lag1; Debt-to-GDP ratio_leg0","OK",NA
"sg_lasso","Germany","Expenditures","2015-10-27",4014.84188183027,NA,0.344296068068828,0.5,0.0514451862074405,2,2,2,2015-10-01,-1950,"Total expenditures accrual","Y_lag1; Debt-to-GDP ratio_leg0","OK",NA
"sg_lasso","Germany","Expenditures","2015-11-01",4014.84188183027,NA,0.344296068068828,0.5,0.0514451862074405,2,2,2,2015-11-01,-1950,"Total expenditures accrual","Y_lag1; Debt-to-GDP ratio_leg0","OK",NA
"sg_lasso","Germany","Expenditures","2015-11-07",4014.84188183027,NA,0.344296068068828,0.5,0.0514451862074405,2,2,2,2015-11-01,-1950,"Total expenditures accrual","Y_lag1; Debt-to-GDP ratio_leg0","OK",NA
"sg_lasso","Germany","Expenditures","2015-11-15",3976.67659924264,NA,0.344296068068828,0.5,0.0514451862074405,2,2,2,2015-11-01,-1950,"Total expenditures accrual","Y_lag1; Debt-to-GDP ratio_leg0","OK",NA
"sg_lasso","Germany","Expenditures","2015-11-27",3976.67659924264,NA,0.344296068068828,0.5,0.0514451862074405,2,2,2,2015-11-01,-1950,"Total expenditures accrual","Y_lag1; Debt-to-GDP ratio_leg0","OK",NA
"sg_lasso","Germany","Expenditures","2015-12-01",3938.511316655,NA,0.344296068068828,0.5,0.0514451862074405,2,2,2,2015-12-01,-1950,"Total expenditures accrual","Y_lag1; Debt-to-GDP ratio_leg0","OK",NA
"sg_lasso","Germany","Expenditures","2015-12-02",3938.511316655,NA,0.344296068068828,0.5,0.0514451862074405,2,2,2,2015-12-01,-1950,"Total expenditures accrual","Y_lag1; Debt-to-GDP ratio_leg0","OK",NA
"sg_lasso","Germany","Expenditures","2015-12-15",-1484.11404423372,NA,0.553788335223182,0.5,0.0666414490290853,1,1,1,2015-12-01,8321,"Total expenditures accrual","Y_lag1","OK",NA
"sg_lasso","Germany","Expenditures","2015-12-27",-1484.11404423372,NA,0.553788335223182,0.5,0.0666414490290853,1,1,1,2015-12-01,8321,"Total expenditures accrual","Y_lag1","OK",NA
"sg_lasso","Germany","Expenditures","2016-01-01",-1484.11404423372,NA,0.553788335223182,0.5,0.0666414490290853,1,1,1,2016-01-01,8321,"Total expenditures accrual","Y_lag1","OK",NA
"sg_lasso","Germany","Expenditures","2016-01-05",-1484.11404423372,NA,0.553788335223182,0.5,0.0666414490290853,1,1,1,2016-01-01,8321,"Total expenditures accrual","Y_lag1","OK",NA
"sg_lasso","Germany","Expenditures","2016-01-15",-1484.11404423372,NA,0.553788335223182,0.5,0.0666414490290853,1,1,1,2016-01-01,8321,"Total expenditures accrual","Y_lag1","OK",NA
"sg_lasso","Germany","Expenditures","2016-01-27",-1484.11404423372,NA,0.553788335223182,0.5,0.0666414490290853,1,1,1,2016-01-01,8321,"Total expenditures accrual","Y_lag1","OK",NA
"sg_lasso","Germany","Expenditures","2016-02-01",-1484.11404423372,NA,0.553788335223182,0.5,0.0666414490290853,1,1,1,2016-02-01,8321,"Total expenditures accrual","Y_lag1","OK",NA
"sg_lasso","Germany","Expenditures","2016-02-15",-1484.11404423372,NA,0.553788335223182,0.5,0.0666414490290853,1,1,1,2016-02-01,8321,"Total expenditures accrual","Y_lag1","OK",NA
"sg_lasso","Germany","Expenditures","2016-02-27",-1484.11404423372,NA,0.553788335223182,0.5,0.0666414490290853,1,1,1,2016-02-01,8321,"Total expenditures accrual","Y_lag1","OK",NA
"sg_lasso","Germany","Expenditures","2016-03-01",-1484.11404423372,NA,0.553788335223182,0.5,0.0666414490290853,1,1,1,2016-03-01,8321,"Total expenditures accrual","Y_lag1","OK",NA
"sg_lasso","Germany","Expenditures","2016-03-02",-1484.11404423372,NA,0.553788335223182,0.5,0.0666414490290853,1,1,1,2016-03-01,8321,"Total expenditures accrual","Y_lag1","OK",NA
"sg_lasso","Germany","Expenditures","2016-03-15",1568.91302047657,NA,0.289688543448936,0.5,0.0762579015097124,2,2,2,2016-03-01,3916,"Total expenditures accrual","Y_lag1; Debt-to-GDP ratio_leg0","OK",NA
"sg_lasso","Germany","Expenditures","2016-03-27",1568.91302047657,NA,0.289688543448936,0.5,0.0762579015097124,2,2,2,2016-03-01,3916,"Total expenditures accrual","Y_lag1; Debt-to-GDP ratio_leg0","OK",NA
"sg_lasso","Germany","Expenditures","2016-04-01",1338.10127640034,NA,0.289688543448936,0.5,0.0762579015097124,2,2,2,2016-04-01,3916,"Total expenditures accrual","Y_lag1; Debt-to-GDP ratio_leg0","OK",NA
"sg_lasso","Germany","Expenditures","2016-04-05",1338.10127640034,NA,0.289688543448936,0.5,0.0762579015097124,2,2,2,2016-04-01,3916,"Total expenditures accrual","Y_lag1; Debt-to-GDP ratio_leg0","OK",NA
"sg_lasso","Germany","Expenditures","2016-04-15",1338.10127640034,NA,0.289688543448936,0.5,0.0762579015097124,2,2,2,2016-04-01,3916,"Total expenditures accrual","Y_lag1; Debt-to-GDP ratio_leg0","OK",NA
"sg_lasso","Germany","Expenditures","2016-04-27",1338.10127640034,NA,0.289688543448936,0.5,0.0762579015097124,2,2,2,2016-04-01,3916,"Total expenditures accrual","Y_lag1; Debt-to-GDP ratio_leg0","OK",NA
"sg_lasso","Germany","Expenditures","2016-05-01",1338.10127640034,NA,0.289688543448936,0.5,0.0762579015097124,2,2,2,2016-05-01,3916,"Total expenditures accrual","Y_lag1; Debt-to-GDP ratio_leg0","OK",NA
"sg_lasso","Germany","Expenditures","2016-05-07",1338.10127640034,NA,0.289688543448936,0.5,0.0762579015097124,2,2,2,2016-05-01,3916,"Total expenditures accrual","Y_lag1; Debt-to-GDP ratio_leg0","OK",NA
"sg_lasso","Germany","Expenditures","2016-05-15",1395.80421241939,NA,0.289688543448936,0.5,0.0762579015097124,2,2,2,2016-05-01,3916,"Total expenditures accrual","Y_lag1; Debt-to-GDP ratio_leg0","OK",NA
"sg_lasso","Germany","Expenditures","2016-05-27",1395.80421241939,NA,0.289688543448936,0.5,0.0762579015097124,2,2,2,2016-05-01,3916,"Total expenditures accrual","Y_lag1; Debt-to-GDP ratio_leg0","OK",NA
"sg_lasso","Germany","Expenditures","2016-06-01",1453.50714843845,NA,0.289688543448936,0.5,0.0762579015097124,2,2,2,2016-06-01,3916,"Total expenditures accrual","Y_lag1; Debt-to-GDP ratio_leg0","OK",NA
"sg_lasso","Germany","Expenditures","2016-06-03",1453.50714843845,NA,0.289688543448936,0.5,0.0762579015097124,2,2,2,2016-06-01,3916,"Total expenditures accrual","Y_lag1; Debt-to-GDP ratio_leg0","OK",NA
"sg_lasso","Germany","Expenditures","2016-06-15",1705.07627706331,NA,0.610942981351271,0.5,0.117033533740176,1,1,1,2016-06-01,2567,"Total expenditures accrual","Y_lag1","OK",NA
"sg_lasso","Germany","Expenditures","2016-06-27",1705.07627706331,NA,0.610942981351271,0.5,0.117033533740176,1,1,1,2016-06-01,2567,"Total expenditures accrual","Y_lag1","OK",NA
"sg_lasso","Germany","Expenditures","2016-07-01",1705.07627706331,NA,0.610942981351271,0.5,0.117033533740176,1,1,1,2016-07-01,2567,"Total expenditures accrual","Y_lag1","OK",NA
"sg_lasso","Germany","Expenditures","2016-07-05",1705.07627706331,NA,0.610942981351271,0.5,0.117033533740176,1,1,1,2016-07-01,2567,"Total expenditures accrual","Y_lag1","OK",NA
"sg_lasso","Germany","Expenditures","2016-07-15",1705.07627706331,NA,0.610942981351271,0.5,0.117033533740176,1,1,1,2016-07-01,2567,"Total expenditures accrual","Y_lag1","OK",NA
"sg_lasso","Germany","Expenditures","2016-07-27",1705.07627706331,NA,0.610942981351271,0.5,0.117033533740176,1,1,1,2016-07-01,2567,"Total expenditures accrual","Y_lag1","OK",NA
"sg_lasso","Germany","Expenditures","2016-08-01",1705.07627706331,NA,0.610942981351271,0.5,0.117033533740176,1,1,1,2016-08-01,2567,"Total expenditures accrual","Y_lag1","OK",NA
"sg_lasso","Germany","Expenditures","2016-08-15",1705.07627706331,NA,0.610942981351271,0.5,0.117033533740176,1,1,1,2016-08-01,2567,"Total expenditures accrual","Y_lag1","OK",NA
"sg_lasso","Germany","Expenditures","2016-08-27",1705.07627706331,NA,0.610942981351271,0.5,0.117033533740176,1,1,1,2016-08-01,2567,"Total expenditures accrual","Y_lag1","OK",NA
"sg_lasso","Germany","Expenditures","2016-09-01",1705.07627706331,NA,0.610942981351271,0.5,0.117033533740176,1,1,1,2016-09-01,2567,"Total expenditures accrual","Y_lag1","OK",NA
"sg_lasso","Germany","Expenditures","2016-09-04",1705.07627706331,NA,0.610942981351271,0.5,0.117033533740176,1,1,1,2016-09-01,2567,"Total expenditures accrual","Y_lag1","OK",NA
"sg_lasso","Germany","Expenditures","2016-09-15",55.5096507642393,NA,0.615140350925931,0.5,0.101671278194254,1,1,1,2016-09-01,6394,"Total expenditures accrual","Y_lag1","OK",NA
"sg_lasso","Germany","Expenditures","2016-09-27",55.5096507642393,NA,0.615140350925931,0.5,0.101671278194254,1,1,1,2016-09-01,6394,"Total expenditures accrual","Y_lag1","OK",NA
"sg_lasso","Germany","Expenditures","2016-10-01",55.5096507642393,NA,0.615140350925931,0.5,0.101671278194254,1,1,1,2016-10-01,6394,"Total expenditures accrual","Y_lag1","OK",NA
"sg_lasso","Germany","Expenditures","2016-10-06",55.5096507642393,NA,0.615140350925931,0.5,0.101671278194254,1,1,1,2016-10-01,6394,"Total expenditures accrual","Y_lag1","OK",NA
"sg_lasso","Germany","Expenditures","2016-10-15",55.5096507642393,NA,0.615140350925931,0.5,0.101671278194254,1,1,1,2016-10-01,6394,"Total expenditures accrual","Y_lag1","OK",NA
"sg_lasso","Germany","Expenditures","2016-10-27",55.5096507642393,NA,0.615140350925931,0.5,0.101671278194254,1,1,1,2016-10-01,6394,"Total expenditures accrual","Y_lag1","OK",NA
"sg_lasso","Germany","Expenditures","2016-11-01",55.5096507642393,NA,0.615140350925931,0.5,0.101671278194254,1,1,1,2016-11-01,6394,"Total expenditures accrual","Y_lag1","OK",NA
"sg_lasso","Germany","Expenditures","2016-11-02",55.5096507642393,NA,0.615140350925931,0.5,0.101671278194254,1,1,1,2016-11-01,6394,"Total expenditures accrual","Y_lag1","OK",NA
"sg_lasso","Germany","Expenditures","2016-11-15",55.5096507642393,NA,0.615140350925931,0.5,0.101671278194254,1,1,1,2016-11-01,6394,"Total expenditures accrual","Y_lag1","OK",NA
"sg_lasso","Germany","Expenditures","2016-11-27",55.5096507642393,NA,0.615140350925931,0.5,0.101671278194254,1,1,1,2016-11-01,6394,"Total expenditures accrual","Y_lag1","OK",NA
"sg_lasso","Germany","Expenditures","2016-12-01",55.5096507642393,NA,0.615140350925931,0.5,0.101671278194254,1,1,1,2016-12-01,6394,"Total expenditures accrual","Y_lag1","OK",NA
"sg_lasso","Germany","Expenditures","2016-12-04",55.5096507642393,NA,0.615140350925931,0.5,0.101671278194254,1,1,1,2016-12-01,6394,"Total expenditures accrual","Y_lag1","OK",NA
"sg_lasso","Germany","Expenditures","2016-12-15",5837.64518140524,NA,0.280525096161157,0.5,0.154462760071065,2,2,2,2016-12-01,-4233,"Total expenditures accrual","Y_lag1; Debt-to-GDP ratio_leg0","OK",NA
"sg_lasso","Germany","Expenditures","2016-12-27",5837.64518140524,NA,0.280525096161157,0.5,0.154462760071065,2,2,2,2016-12-01,-4233,"Total expenditures accrual","Y_lag1; Debt-to-GDP ratio_leg0","OK",NA
"sg_lasso","Germany","Expenditures","2017-01-01",5837.64518140524,NA,0.280525096161157,0.5,0.154462760071065,2,2,2,2017-01-01,-4233,"Total expenditures accrual","Y_lag1; Debt-to-GDP ratio_leg0","OK",NA
"sg_lasso","Germany","Expenditures","2017-01-07",5837.64518140524,NA,0.280525096161157,0.5,0.154462760071065,2,2,2,2017-01-01,-4233,"Total expenditures accrual","Y_lag1; Debt-to-GDP ratio_leg0","OK",NA
"sg_lasso","Germany","Expenditures","2017-01-15",5837.64518140524,NA,0.280525096161157,0.5,0.154462760071065,2,2,2,2017-01-01,-4233,"Total expenditures accrual","Y_lag1; Debt-to-GDP ratio_leg0","OK",NA
"sg_lasso","Germany","Expenditures","2017-01-27",5837.64518140524,NA,0.280525096161157,0.5,0.154462760071065,2,2,2,2017-01-01,-4233,"Total expenditures accrual","Y_lag1; Debt-to-GDP ratio_leg0","OK",NA
"sg_lasso","Germany","Expenditures","2017-02-01",5837.64518140524,NA,0.280525096161157,0.5,0.154462760071065,2,2,2,2017-02-01,-4233,"Total expenditures accrual","Y_lag1; Debt-to-GDP ratio_leg0","OK",NA
"sg_lasso","Germany","Expenditures","2017-02-03",5837.64518140524,NA,0.280525096161157,0.5,0.154462760071065,2,2,2,2017-02-01,-4233,"Total expenditures accrual","Y_lag1; Debt-to-GDP ratio_leg0","OK",NA
"sg_lasso","Germany","Expenditures","2017-02-15",6006.08122755233,NA,0.280525096161157,0.5,0.154462760071065,2,2,2,2017-02-01,-4233,"Total expenditures accrual","Y_lag1; Debt-to-GDP ratio_leg0","OK",NA
"sg_lasso","Germany","Expenditures","2017-02-27",6006.08122755233,NA,0.280525096161157,0.5,0.154462760071065,2,2,2,2017-02-01,-4233,"Total expenditures accrual","Y_lag1; Debt-to-GDP ratio_leg0","OK",NA
"sg_lasso","Germany","Expenditures","2017-03-01",6174.51727369943,NA,0.280525096161157,0.5,0.154462760071065,2,2,2,2017-03-01,-4233,"Total expenditures accrual","Y_lag1; Debt-to-GDP ratio_leg0","OK",NA
"sg_lasso","Germany","Expenditures","2017-03-03",6174.51727369943,NA,0.280525096161157,0.5,0.154462760071065,2,2,2,2017-03-01,-4233,"Total expenditures accrual","Y_lag1; Debt-to-GDP ratio_leg0","OK",NA
"sg_lasso","Germany","Expenditures","2017-03-15",-1296.72880404191,NA,0.546111366161247,0.5,0.114222490883693,1,1,1,2017-03-01,8878,"Total expenditures accrual","Y_lag1","OK",NA
"sg_lasso","Germany","Expenditures","2017-03-27",-1296.72880404191,NA,0.546111366161247,0.5,0.114222490883693,1,1,1,2017-03-01,8878,"Total expenditures accrual","Y_lag1","OK",NA
"sg_lasso","Germany","Expenditures","2017-04-01",-1296.72880404191,NA,0.546111366161247,0.5,0.114222490883693,1,1,1,2017-04-01,8878,"Total expenditures accrual","Y_lag1","OK",NA
"sg_lasso","Germany","Expenditures","2017-04-06",-1296.72880404191,NA,0.546111366161247,0.5,0.114222490883693,1,1,1,2017-04-01,8878,"Total expenditures accrual","Y_lag1","OK",NA
"sg_lasso","Germany","Expenditures","2017-04-15",-1296.72880404191,NA,0.546111366161247,0.5,0.114222490883693,1,1,1,2017-04-01,8878,"Total expenditures accrual","Y_lag1","OK",NA
"sg_lasso","Germany","Expenditures","2017-04-27",-1296.72880404191,NA,0.546111366161247,0.5,0.114222490883693,1,1,1,2017-04-01,8878,"Total expenditures accrual","Y_lag1","OK",NA
"sg_lasso","Germany","Expenditures","2017-05-01",-1296.72880404191,NA,0.546111366161247,0.5,0.114222490883693,1,1,1,2017-05-01,8878,"Total expenditures accrual","Y_lag1","OK",NA
"sg_lasso","Germany","Expenditures","2017-05-15",-1296.72880404191,NA,0.546111366161247,0.5,0.114222490883693,1,1,1,2017-05-01,8878,"Total expenditures accrual","Y_lag1","OK",NA
"sg_lasso","Germany","Expenditures","2017-05-27",-1296.72880404191,NA,0.546111366161247,0.5,0.114222490883693,1,1,1,2017-05-01,8878,"Total expenditures accrual","Y_lag1","OK",NA
"sg_lasso","Germany","Expenditures","2017-06-01",-1296.72880404191,NA,0.546111366161247,0.5,0.114222490883693,1,1,1,2017-06-01,8878,"Total expenditures accrual","Y_lag1","OK",NA
"sg_lasso","Germany","Expenditures","2017-06-04",-1296.72880404191,NA,0.546111366161247,0.5,0.114222490883693,1,1,1,2017-06-01,8878,"Total expenditures accrual","Y_lag1","OK",NA
"sg_lasso","Germany","Expenditures","2017-06-15",-556.90032912816,NA,0.602237954770037,0.5,0.136567848450468,1,1,1,2017-06-01,8478,"Total expenditures accrual","Y_lag1","OK",NA
"sg_lasso","Germany","Expenditures","2017-06-27",-556.90032912816,NA,0.602237954770037,0.5,0.136567848450468,1,1,1,2017-06-01,8478,"Total expenditures accrual","Y_lag1","OK",NA
"sg_lasso","Germany","Expenditures","2017-07-01",-556.90032912816,NA,0.602237954770037,0.5,0.136567848450468,1,1,1,2017-07-01,8478,"Total expenditures accrual","Y_lag1","OK",NA
"sg_lasso","Germany","Expenditures","2017-07-06",-556.90032912816,NA,0.602237954770037,0.5,0.136567848450468,1,1,1,2017-07-01,8478,"Total expenditures accrual","Y_lag1","OK",NA
"sg_lasso","Germany","Expenditures","2017-07-15",-556.90032912816,NA,0.602237954770037,0.5,0.136567848450468,1,1,1,2017-07-01,8478,"Total expenditures accrual","Y_lag1","OK",NA
"sg_lasso","Germany","Expenditures","2017-07-27",-556.90032912816,NA,0.602237954770037,0.5,0.136567848450468,1,1,1,2017-07-01,8478,"Total expenditures accrual","Y_lag1","OK",NA
"sg_lasso","Germany","Expenditures","2017-08-01",-556.90032912816,NA,0.602237954770037,0.5,0.136567848450468,1,1,1,2017-08-01,8478,"Total expenditures accrual","Y_lag1","OK",NA
"sg_lasso","Germany","Expenditures","2017-08-02",-556.90032912816,NA,0.602237954770037,0.5,0.136567848450468,1,1,1,2017-08-01,8478,"Total expenditures accrual","Y_lag1","OK",NA
"sg_lasso","Germany","Expenditures","2017-08-15",-556.90032912816,NA,0.602237954770037,0.5,0.136567848450468,1,1,1,2017-08-01,8478,"Total expenditures accrual","Y_lag1","OK",NA
"sg_lasso","Germany","Expenditures","2017-08-27",-556.90032912816,NA,0.602237954770037,0.5,0.136567848450468,1,1,1,2017-08-01,8478,"Total expenditures accrual","Y_lag1","OK",NA
"sg_lasso","Germany","Expenditures","2017-09-01",-556.90032912816,NA,0.602237954770037,0.5,0.136567848450468,1,1,1,2017-09-01,8478,"Total expenditures accrual","Y_lag1","OK",NA
"sg_lasso","Germany","Expenditures","2017-09-05",-556.90032912816,NA,0.602237954770037,0.5,0.136567848450468,1,1,1,2017-09-01,8478,"Total expenditures accrual","Y_lag1","OK",NA
"sg_lasso","Germany","Expenditures","2017-09-15",6564.87826668131,NA,0.190029052910189,0.5,0.237034578950314,3,3,3,2017-09-01,-7054,"Total expenditures accrual","Y_lag1; 10y yield_leg0; Debt-to-GDP ratio_leg0","OK",NA
"sg_lasso","Germany","Expenditures","2017-09-27",6564.87826668131,NA,0.190029052910189,0.5,0.237034578950314,3,3,3,2017-09-01,-7054,"Total expenditures accrual","Y_lag1; 10y yield_leg0; Debt-to-GDP ratio_leg0","OK",NA
"sg_lasso","Germany","Expenditures","2017-10-01",6959.70535307037,NA,0.190029052910189,0.5,0.237034578950314,3,3,3,2017-10-01,-7054,"Total expenditures accrual","Y_lag1; 10y yield_leg0; Debt-to-GDP ratio_leg0","OK",NA
"sg_lasso","Germany","Expenditures","2017-10-07",6959.70535307037,NA,0.190029052910189,0.5,0.237034578950314,3,3,3,2017-10-01,-7054,"Total expenditures accrual","Y_lag1; 10y yield_leg0; Debt-to-GDP ratio_leg0","OK",NA
"sg_lasso","Germany","Expenditures","2017-10-15",6959.70535307037,NA,0.190029052910189,0.5,0.237034578950314,3,3,3,2017-10-01,-7054,"Total expenditures accrual","Y_lag1; 10y yield_leg0; Debt-to-GDP ratio_leg0","OK",NA
"sg_lasso","Germany","Expenditures","2017-10-27",6959.70535307037,NA,0.190029052910189,0.5,0.237034578950314,3,3,3,2017-10-01,-7054,"Total expenditures accrual","Y_lag1; 10y yield_leg0; Debt-to-GDP ratio_leg0","OK",NA
"sg_lasso","Germany","Expenditures","2017-11-01",6920.39675084252,NA,0.190029052910189,0.5,0.237034578950314,3,3,3,2017-11-01,-7054,"Total expenditures accrual","Y_lag1; 10y yield_leg0; Debt-to-GDP ratio_leg0","OK",NA
"sg_lasso","Germany","Expenditures","2017-11-03",6920.39675084252,NA,0.190029052910189,0.5,0.237034578950314,3,3,3,2017-11-01,-7054,"Total expenditures accrual","Y_lag1; 10y yield_leg0; Debt-to-GDP ratio_leg0","OK",NA
"sg_lasso","Germany","Expenditures","2017-11-15",6999.98634415869,NA,0.190029052910189,0.5,0.237034578950314,3,3,3,2017-11-01,-7054,"Total expenditures accrual","Y_lag1; 10y yield_leg0; Debt-to-GDP ratio_leg0","OK",NA
"sg_lasso","Germany","Expenditures","2017-11-27",6999.98634415869,NA,0.190029052910189,0.5,0.237034578950314,3,3,3,2017-11-01,-7054,"Total expenditures accrual","Y_lag1; 10y yield_leg0; Debt-to-GDP ratio_leg0","OK",NA
"sg_lasso","Germany","Expenditures","2017-12-01",7090.32993021675,NA,0.190029052910189,0.5,0.237034578950314,3,3,3,2017-12-01,-7054,"Total expenditures accrual","Y_lag1; 10y yield_leg0; Debt-to-GDP ratio_leg0","OK",NA
"sg_lasso","Germany","Expenditures","2017-12-05",7090.32993021675,NA,0.190029052910189,0.5,0.237034578950314,3,3,3,2017-12-01,-7054,"Total expenditures accrual","Y_lag1; 10y yield_leg0; Debt-to-GDP ratio_leg0","OK",NA
"sg_lasso","Germany","Expenditures","2017-12-15",399.454758216989,NA,0.484334856476405,0.5,0.258375917427707,1,1,1,2017-12-01,5801,"Total expenditures accrual","Y_lag1","OK",NA
"sg_lasso","Germany","Expenditures","2017-12-27",399.454758216989,NA,0.484334856476405,0.5,0.258375917427707,1,1,1,2017-12-01,5801,"Total expenditures accrual","Y_lag1","OK",NA
"sg_lasso","Germany","Expenditures","2018-01-01",399.454758216989,NA,0.484334856476405,0.5,0.258375917427707,1,1,1,2018-01-01,5801,"Total expenditures accrual","Y_lag1","OK",NA
"sg_lasso","Germany","Expenditures","2018-01-15",399.454758216989,NA,0.484334856476405,0.5,0.258375917427707,1,1,1,2018-01-01,5801,"Total expenditures accrual","Y_lag1","OK",NA
"sg_lasso","Germany","Expenditures","2018-01-27",399.454758216989,NA,0.484334856476405,0.5,0.258375917427707,1,1,1,2018-01-01,5801,"Total expenditures accrual","Y_lag1","OK",NA
"sg_lasso","Germany","Expenditures","2018-02-01",399.454758216989,NA,0.484334856476405,0.5,0.258375917427707,1,1,1,2018-02-01,5801,"Total expenditures accrual","Y_lag1","OK",NA
"sg_lasso","Germany","Expenditures","2018-02-04",399.454758216989,NA,0.484334856476405,0.5,0.258375917427707,1,1,1,2018-02-01,5801,"Total expenditures accrual","Y_lag1","OK",NA
"sg_lasso","Germany","Expenditures","2018-02-15",399.454758216989,NA,0.484334856476405,0.5,0.258375917427707,1,1,1,2018-02-01,5801,"Total expenditures accrual","Y_lag1","OK",NA
"sg_lasso","Germany","Expenditures","2018-02-27",399.454758216989,NA,0.484334856476405,0.5,0.258375917427707,1,1,1,2018-02-01,5801,"Total expenditures accrual","Y_lag1","OK",NA
"sg_lasso","Germany","Expenditures","2018-03-01",399.454758216989,NA,0.484334856476405,0.5,0.258375917427707,1,1,1,2018-03-01,5801,"Total expenditures accrual","Y_lag1","OK",NA
"sg_lasso","Germany","Expenditures","2018-03-04",399.454758216989,NA,0.484334856476405,0.5,0.258375917427707,1,1,1,2018-03-01,5801,"Total expenditures accrual","Y_lag1","OK",NA
"sg_lasso","Germany","Expenditures","2018-03-15",2629.51039041796,NA,0.528079018159813,0.5,0.265036479443735,1,1,1,2018-03-01,1250,"Total expenditures accrual","Y_lag1","OK",NA
"sg_lasso","Germany","Expenditures","2018-03-27",2629.51039041796,NA,0.528079018159813,0.5,0.265036479443735,1,1,1,2018-03-01,1250,"Total expenditures accrual","Y_lag1","OK",NA
"sg_lasso","Germany","Expenditures","2018-04-01",2629.51039041796,NA,0.528079018159813,0.5,0.265036479443735,1,1,1,2018-04-01,1250,"Total expenditures accrual","Y_lag1","OK",NA
"sg_lasso","Germany","Expenditures","2018-04-07",2629.51039041796,NA,0.528079018159813,0.5,0.265036479443735,1,1,1,2018-04-01,1250,"Total expenditures accrual","Y_lag1","OK",NA
"sg_lasso","Germany","Expenditures","2018-04-15",2629.51039041796,NA,0.528079018159813,0.5,0.265036479443735,1,1,1,2018-04-01,1250,"Total expenditures accrual","Y_lag1","OK",NA
"sg_lasso","Germany","Expenditures","2018-04-27",2629.51039041796,NA,0.528079018159813,0.5,0.265036479443735,1,1,1,2018-04-01,1250,"Total expenditures accrual","Y_lag1","OK",NA
"sg_lasso","Germany","Expenditures","2018-05-01",2629.51039041796,NA,0.528079018159813,0.5,0.265036479443735,1,1,1,2018-05-01,1250,"Total expenditures accrual","Y_lag1","OK",NA
"sg_lasso","Germany","Expenditures","2018-05-02",2629.51039041796,NA,0.528079018159813,0.5,0.265036479443735,1,1,1,2018-05-01,1250,"Total expenditures accrual","Y_lag1","OK",NA
"sg_lasso","Germany","Expenditures","2018-05-15",2629.51039041796,NA,0.528079018159813,0.5,0.265036479443735,1,1,1,2018-05-01,1250,"Total expenditures accrual","Y_lag1","OK",NA
"sg_lasso","Germany","Expenditures","2018-05-27",2629.51039041796,NA,0.528079018159813,0.5,0.265036479443735,1,1,1,2018-05-01,1250,"Total expenditures accrual","Y_lag1","OK",NA
"sg_lasso","Germany","Expenditures","2018-06-01",2629.51039041796,NA,0.528079018159813,0.5,0.265036479443735,1,1,1,2018-06-01,1250,"Total expenditures accrual","Y_lag1","OK",NA
"sg_lasso","Germany","Expenditures","2018-06-05",2629.51039041796,NA,0.528079018159813,0.5,0.265036479443735,1,1,1,2018-06-01,1250,"Total expenditures accrual","Y_lag1","OK",NA
"sg_lasso","Germany","Expenditures","2018-06-15",1363.6375350418,NA,0.529114141848316,0.5,0.173311487539231,1,1,1,2018-06-01,3955,"Total expenditures accrual","Y_lag1","OK",NA
"sg_lasso","Germany","Expenditures","2018-06-27",1363.6375350418,NA,0.529114141848316,0.5,0.173311487539231,1,1,1,2018-06-01,3955,"Total expenditures accrual","Y_lag1","OK",NA
"sg_lasso","Germany","Expenditures","2018-07-01",1363.6375350418,NA,0.529114141848316,0.5,0.173311487539231,1,1,1,2018-07-01,3955,"Total expenditures accrual","Y_lag1","OK",NA
"sg_lasso","Germany","Expenditures","2018-07-07",1363.6375350418,NA,0.529114141848316,0.5,0.173311487539231,1,1,1,2018-07-01,3955,"Total expenditures accrual","Y_lag1","OK",NA
"sg_lasso","Germany","Expenditures","2018-07-15",1363.6375350418,NA,0.529114141848316,0.5,0.173311487539231,1,1,1,2018-07-01,3955,"Total expenditures accrual","Y_lag1","OK",NA
"sg_lasso","Germany","Expenditures","2018-07-27",1363.6375350418,NA,0.529114141848316,0.5,0.173311487539231,1,1,1,2018-07-01,3955,"Total expenditures accrual","Y_lag1","OK",NA
"sg_lasso","Germany","Expenditures","2018-08-01",1363.6375350418,NA,0.529114141848316,0.5,0.173311487539231,1,1,1,2018-08-01,3955,"Total expenditures accrual","Y_lag1","OK",NA
"sg_lasso","Germany","Expenditures","2018-08-03",1363.6375350418,NA,0.529114141848316,0.5,0.173311487539231,1,1,1,2018-08-01,3955,"Total expenditures accrual","Y_lag1","OK",NA
"sg_lasso","Germany","Expenditures","2018-08-15",1363.6375350418,NA,0.529114141848316,0.5,0.173311487539231,1,1,1,2018-08-01,3955,"Total expenditures accrual","Y_lag1","OK",NA
"sg_lasso","Germany","Expenditures","2018-08-27",1363.6375350418,NA,0.529114141848316,0.5,0.173311487539231,1,1,1,2018-08-01,3955,"Total expenditures accrual","Y_lag1","OK",NA
"sg_lasso","Germany","Expenditures","2018-09-01",1363.6375350418,NA,0.529114141848316,0.5,0.173311487539231,1,1,1,2018-09-01,3955,"Total expenditures accrual","Y_lag1","OK",NA
"sg_lasso","Germany","Expenditures","2018-09-06",1363.6375350418,NA,0.529114141848316,0.5,0.173311487539231,1,1,1,2018-09-01,3955,"Total expenditures accrual","Y_lag1","OK",NA
"sg_lasso","Germany","Expenditures","2018-09-15",818.841874838492,NA,0.529132525852605,0.5,0.286480307295588,1,1,1,2018-09-01,5351,"Total expenditures accrual","Y_lag1","OK",NA
"sg_lasso","Germany","Expenditures","2018-09-27",818.841874838492,NA,0.529132525852605,0.5,0.286480307295588,1,1,1,2018-09-01,5351,"Total expenditures accrual","Y_lag1","OK",NA
"sg_lasso","Germany","Expenditures","2018-10-01",818.841874838492,NA,0.529132525852605,0.5,0.286480307295588,1,1,1,2018-10-01,5351,"Total expenditures accrual","Y_lag1","OK",NA
"sg_lasso","Germany","Expenditures","2018-10-15",818.841874838492,NA,0.529132525852605,0.5,0.286480307295588,1,1,1,2018-10-01,5351,"Total expenditures accrual","Y_lag1","OK",NA
"sg_lasso","Germany","Expenditures","2018-10-27",818.841874838492,NA,0.529132525852605,0.5,0.286480307295588,1,1,1,2018-10-01,5351,"Total expenditures accrual","Y_lag1","OK",NA
"sg_lasso","Germany","Expenditures","2018-11-01",818.841874838492,NA,0.529132525852605,0.5,0.286480307295588,1,1,1,2018-11-01,5351,"Total expenditures accrual","Y_lag1","OK",NA
"sg_lasso","Germany","Expenditures","2018-11-04",818.841874838492,NA,0.529132525852605,0.5,0.286480307295588,1,1,1,2018-11-01,5351,"Total expenditures accrual","Y_lag1","OK",NA
"sg_lasso","Germany","Expenditures","2018-11-15",818.841874838492,NA,0.529132525852605,0.5,0.286480307295588,1,1,1,2018-11-01,5351,"Total expenditures accrual","Y_lag1","OK",NA
"sg_lasso","Germany","Expenditures","2018-11-27",818.841874838492,NA,0.529132525852605,0.5,0.286480307295588,1,1,1,2018-11-01,5351,"Total expenditures accrual","Y_lag1","OK",NA
"sg_lasso","Germany","Expenditures","2018-12-01",818.841874838492,NA,0.529132525852605,0.5,0.286480307295588,1,1,1,2018-12-01,5351,"Total expenditures accrual","Y_lag1","OK",NA
"sg_lasso","Germany","Expenditures","2018-12-06",818.841874838492,NA,0.529132525852605,0.5,0.286480307295588,1,1,1,2018-12-01,5351,"Total expenditures accrual","Y_lag1","OK",NA
"sg_lasso","Germany","Expenditures","2018-12-15",-811.05655969295,NA,0.581962337895124,0.5,0.124193515745292,1,1,1,2018-12-01,9438,"Total expenditures accrual","Y_lag1","OK",NA
"sg_lasso","Germany","Expenditures","2018-12-27",-811.05655969295,NA,0.581962337895124,0.5,0.124193515745292,1,1,1,2018-12-01,9438,"Total expenditures accrual","Y_lag1","OK",NA
"sg_lasso","Germany","Expenditures","2019-01-01",-811.05655969295,NA,0.581962337895124,0.5,0.124193515745292,1,1,1,2019-01-01,9438,"Total expenditures accrual","Y_lag1","OK",NA
"sg_lasso","Germany","Expenditures","2019-01-02",-811.05655969295,NA,0.581962337895124,0.5,0.124193515745292,1,1,1,2019-01-01,9438,"Total expenditures accrual","Y_lag1","OK",NA
"sg_lasso","Germany","Expenditures","2019-01-15",-811.05655969295,NA,0.581962337895124,0.5,0.124193515745292,1,1,1,2019-01-01,9438,"Total expenditures accrual","Y_lag1","OK",NA
"sg_lasso","Germany","Expenditures","2019-01-27",-811.05655969295,NA,0.581962337895124,0.5,0.124193515745292,1,1,1,2019-01-01,9438,"Total expenditures accrual","Y_lag1","OK",NA
"sg_lasso","Germany","Expenditures","2019-02-01",-811.05655969295,NA,0.581962337895124,0.5,0.124193515745292,1,1,1,2019-02-01,9438,"Total expenditures accrual","Y_lag1","OK",NA
"sg_lasso","Germany","Expenditures","2019-02-05",-811.05655969295,NA,0.581962337895124,0.5,0.124193515745292,1,1,1,2019-02-01,9438,"Total expenditures accrual","Y_lag1","OK",NA
"sg_lasso","Germany","Expenditures","2019-02-15",-811.05655969295,NA,0.581962337895124,0.5,0.124193515745292,1,1,1,2019-02-01,9438,"Total expenditures accrual","Y_lag1","OK",NA
"sg_lasso","Germany","Expenditures","2019-02-27",-811.05655969295,NA,0.581962337895124,0.5,0.124193515745292,1,1,1,2019-02-01,9438,"Total expenditures accrual","Y_lag1","OK",NA
"sg_lasso","Germany","Expenditures","2019-03-01",-811.05655969295,NA,0.581962337895124,0.5,0.124193515745292,1,1,1,2019-03-01,9438,"Total expenditures accrual","Y_lag1","OK",NA
"sg_lasso","Germany","Expenditures","2019-03-05",-811.05655969295,NA,0.581962337895124,0.5,0.124193515745292,1,1,1,2019-03-01,9438,"Total expenditures accrual","Y_lag1","OK",NA
"sg_lasso","Germany","Expenditures","2019-03-15",4755.55717915146,NA,0.249400345210361,0.5,0.223382312435396,2,2,2,2019-03-01,-2133,"Total expenditures accrual","Y_lag1; Debt-to-GDP ratio_leg0","OK",NA
"sg_lasso","Germany","Expenditures","2019-03-27",4755.55717915146,NA,0.249400345210361,0.5,0.223382312435396,2,2,2,2019-03-01,-2133,"Total expenditures accrual","Y_lag1; Debt-to-GDP ratio_leg0","OK",NA
"sg_lasso","Germany","Expenditures","2019-04-01",4430.41354149819,NA,0.249400345210361,0.5,0.223382312435396,2,2,2,2019-04-01,-2133,"Total expenditures accrual","Y_lag1; Debt-to-GDP ratio_leg0","OK",NA
"sg_lasso","Germany","Expenditures","2019-04-15",4430.41354149819,NA,0.249400345210361,0.5,0.223382312435396,2,2,2,2019-04-01,-2133,"Total expenditures accrual","Y_lag1; Debt-to-GDP ratio_leg0","OK",NA
"sg_lasso","Germany","Expenditures","2019-04-27",4430.41354149819,NA,0.249400345210361,0.5,0.223382312435396,2,2,2,2019-04-01,-2133,"Total expenditures accrual","Y_lag1; Debt-to-GDP ratio_leg0","OK",NA
"sg_lasso","Germany","Expenditures","2019-05-01",4430.41354149819,NA,0.249400345210361,0.5,0.223382312435396,2,2,2,2019-05-01,-2133,"Total expenditures accrual","Y_lag1; Debt-to-GDP ratio_leg0","OK",NA
"sg_lasso","Germany","Expenditures","2019-05-03",4430.41354149819,NA,0.249400345210361,0.5,0.223382312435396,2,2,2,2019-05-01,-2133,"Total expenditures accrual","Y_lag1; Debt-to-GDP ratio_leg0","OK",NA
"sg_lasso","Germany","Expenditures","2019-05-15",4495.44226902885,NA,0.249400345210361,0.5,0.223382312435396,2,2,2,2019-05-01,-2133,"Total expenditures accrual","Y_lag1; Debt-to-GDP ratio_leg0","OK",NA
"sg_lasso","Germany","Expenditures","2019-05-27",4495.44226902885,NA,0.249400345210361,0.5,0.223382312435396,2,2,2,2019-05-01,-2133,"Total expenditures accrual","Y_lag1; Debt-to-GDP ratio_leg0","OK",NA
"sg_lasso","Germany","Expenditures","2019-06-01",4560.47099655951,NA,0.249400345210361,0.5,0.223382312435396,2,2,2,2019-06-01,-2133,"Total expenditures accrual","Y_lag1; Debt-to-GDP ratio_leg0","OK",NA
"sg_lasso","Germany","Expenditures","2019-06-06",4560.47099655951,NA,0.249400345210361,0.5,0.223382312435396,2,2,2,2019-06-01,-2133,"Total expenditures accrual","Y_lag1; Debt-to-GDP ratio_leg0","OK",NA
"sg_lasso","Germany","Expenditures","2019-06-15",463.516800375204,NA,0.226731214264427,0.5,0.181794840709162,3,3,3,2019-06-01,8085,"Total expenditures accrual","Y_lag1; 10y yield_leg0; Debt-to-GDP ratio_leg0","OK",NA
"sg_lasso","Germany","Expenditures","2019-06-27",463.516800375204,NA,0.226731214264427,0.5,0.181794840709162,3,3,3,2019-06-01,8085,"Total expenditures accrual","Y_lag1; 10y yield_leg0; Debt-to-GDP ratio_leg0","OK",NA
"sg_lasso","Germany","Expenditures","2019-07-01",538.765714576257,NA,0.226731214264427,0.5,0.181794840709162,3,3,3,2019-07-01,8085,"Total expenditures accrual","Y_lag1; 10y yield_leg0; Debt-to-GDP ratio_leg0","OK",NA
"sg_lasso","Germany","Expenditures","2019-07-15",538.765714576257,NA,0.226731214264427,0.5,0.181794840709162,3,3,3,2019-07-01,8085,"Total expenditures accrual","Y_lag1; 10y yield_leg0; Debt-to-GDP ratio_leg0","OK",NA
"sg_lasso","Germany","Expenditures","2019-07-27",538.765714576257,NA,0.226731214264427,0.5,0.181794840709162,3,3,3,2019-07-01,8085,"Total expenditures accrual","Y_lag1; 10y yield_leg0; Debt-to-GDP ratio_leg0","OK",NA
"sg_lasso","Germany","Expenditures","2019-08-01",572.563589177191,NA,0.226731214264427,0.5,0.181794840709162,3,3,3,2019-08-01,8085,"Total expenditures accrual","Y_lag1; 10y yield_leg0; Debt-to-GDP ratio_leg0","OK",NA
"sg_lasso","Germany","Expenditures","2019-08-04",572.563589177191,NA,0.226731214264427,0.5,0.181794840709162,3,3,3,2019-08-01,8085,"Total expenditures accrual","Y_lag1; 10y yield_leg0; Debt-to-GDP ratio_leg0","OK",NA
"sg_lasso","Germany","Expenditures","2019-08-15",501.910906046341,NA,0.226731214264427,0.5,0.181794840709162,3,3,3,2019-08-01,8085,"Total expenditures accrual","Y_lag1; 10y yield_leg0; Debt-to-GDP ratio_leg0","OK",NA
"sg_lasso","Germany","Expenditures","2019-08-27",501.910906046341,NA,0.226731214264427,0.5,0.181794840709162,3,3,3,2019-08-01,8085,"Total expenditures accrual","Y_lag1; 10y yield_leg0; Debt-to-GDP ratio_leg0","OK",NA
"sg_lasso","Germany","Expenditures","2019-09-01",383.340142037102,NA,0.226731214264427,0.5,0.181794840709162,3,3,3,2019-09-01,8085,"Total expenditures accrual","Y_lag1; 10y yield_leg0; Debt-to-GDP ratio_leg0","OK",NA
"sg_lasso","Germany","Expenditures","2019-09-07",383.340142037102,NA,0.226731214264427,0.5,0.181794840709162,3,3,3,2019-09-01,8085,"Total expenditures accrual","Y_lag1; 10y yield_leg0; Debt-to-GDP ratio_leg0","OK",NA
"sg_lasso","Germany","Expenditures","2019-09-15",416.007436401933,NA,0.272073220848899,0.5,0.183857084267946,2,2,2,2019-09-01,8488,"Total expenditures accrual","Y_lag1; Debt-to-GDP ratio_leg0","OK",NA
"sg_lasso","Germany","Expenditures","2019-09-27",416.007436401933,NA,0.272073220848899,0.5,0.183857084267946,2,2,2,2019-09-01,8488,"Total expenditures accrual","Y_lag1; Debt-to-GDP ratio_leg0","OK",NA
"sg_lasso","Germany","Expenditures","2019-10-01",356.867511486184,NA,0.272073220848899,0.5,0.183857084267946,2,2,2,2019-10-01,8488,"Total expenditures accrual","Y_lag1; Debt-to-GDP ratio_leg0","OK",NA
"sg_lasso","Germany","Expenditures","2019-10-02",356.867511486184,NA,0.272073220848899,0.5,0.183857084267946,2,2,2,2019-10-01,8488,"Total expenditures accrual","Y_lag1; Debt-to-GDP ratio_leg0","OK",NA
"sg_lasso","Germany","Expenditures","2019-10-15",356.867511486184,NA,0.272073220848899,0.5,0.183857084267946,2,2,2,2019-10-01,8488,"Total expenditures accrual","Y_lag1; Debt-to-GDP ratio_leg0","OK",NA
"sg_lasso","Germany","Expenditures","2019-10-27",356.867511486184,NA,0.272073220848899,0.5,0.183857084267946,2,2,2,2019-10-01,8488,"Total expenditures accrual","Y_lag1; Debt-to-GDP ratio_leg0","OK",NA
"sg_lasso","Germany","Expenditures","2019-11-01",356.867511486184,NA,0.272073220848899,0.5,0.183857084267946,2,2,2,2019-11-01,8488,"Total expenditures accrual","Y_lag1; Debt-to-GDP ratio_leg0","OK",NA
"sg_lasso","Germany","Expenditures","2019-11-05",356.867511486184,NA,0.272073220848899,0.5,0.183857084267946,2,2,2,2019-11-01,8488,"Total expenditures accrual","Y_lag1; Debt-to-GDP ratio_leg0","OK",NA
"sg_lasso","Germany","Expenditures","2019-11-15",829.986910812133,NA,0.272073220848899,0.5,0.183857084267946,2,2,2,2019-11-01,8488,"Total expenditures accrual","Y_lag1; Debt-to-GDP ratio_leg0","OK",NA
"sg_lasso","Germany","Expenditures","2019-11-27",829.986910812133,NA,0.272073220848899,0.5,0.183857084267946,2,2,2,2019-11-01,8488,"Total expenditures accrual","Y_lag1; Debt-to-GDP ratio_leg0","OK",NA
"sg_lasso","Germany","Expenditures","2019-12-01",1303.10631013808,NA,0.272073220848899,0.5,0.183857084267946,2,2,2,2019-12-01,8488,"Total expenditures accrual","Y_lag1; Debt-to-GDP ratio_leg0","OK",NA
"sg_lasso","Germany","Expenditures","2019-12-07",1303.10631013808,NA,0.272073220848899,0.5,0.183857084267946,2,2,2,2019-12-01,8488,"Total expenditures accrual","Y_lag1; Debt-to-GDP ratio_leg0","OK",NA
"sg_lasso","Germany","Expenditures","2019-12-15",4337.28166855202,NA,0.0884205364130901,0.5,1.18602779350478,7,7,7,2019-12-01,1616,"Total expenditures accrual","Y_lag1; 10y yield_leg0; Debt-to-GDP ratio_leg0; Share of LT unemp_leg0; IP_leg0; Retail sales_leg0; Energy prices_leg0","OK",NA
"sg_lasso","Germany","Expenditures","2019-12-27",4338.34250268242,NA,0.0884205364130901,0.5,1.18691986731377,7,7,7,2019-12-01,1616,"Total expenditures accrual","Y_lag1; 10y yield_leg0; Debt-to-GDP ratio_leg0; Share of LT unemp_leg0; IP_leg0; Retail sales_leg0; Energy prices_leg0","OK",NA
"sg_lasso","Germany","Expenditures","2020-01-01",5838.65831773067,NA,0.0884205364130901,0.5,1.18691986731377,7,7,7,2020-01-01,1616,"Total expenditures accrual","Y_lag1; 10y yield_leg0; Debt-to-GDP ratio_leg0; Share of LT unemp_leg0; IP_leg0; Retail sales_leg0; Energy prices_leg0","OK",NA
"sg_lasso","Germany","Expenditures","2020-01-03",5834.27165835902,NA,0.0884205364130901,0.5,1.18691986731377,7,7,7,2020-01-01,1616,"Total expenditures accrual","Y_lag1; 10y yield_leg0; Debt-to-GDP ratio_leg0; Share of LT unemp_leg0; IP_leg0; Retail sales_leg0; Energy prices_leg0","OK",NA
"sg_lasso","Germany","Expenditures","2020-01-15",5843.65935014888,NA,0.0884205364130901,0.5,1.18691986731377,7,7,7,2020-01-01,1616,"Total expenditures accrual","Y_lag1; 10y yield_leg0; Debt-to-GDP ratio_leg0; Share of LT unemp_leg0; IP_leg0; Retail sales_leg0; Energy prices_leg0","OK",NA
"sg_lasso","Germany","Expenditures","2020-01-27",5812.15583512004,NA,0.0884205364130901,0.5,1.18691986731377,7,7,7,2020-01-01,1616,"Total expenditures accrual","Y_lag1; 10y yield_leg0; Debt-to-GDP ratio_leg0; Share of LT unemp_leg0; IP_leg0; Retail sales_leg0; Energy prices_leg0","OK",NA
"sg_lasso","Germany","Expenditures","2020-02-01",6736.86595709524,NA,0.0884205364130901,0.5,1.18691986731377,7,7,7,2020-02-01,1616,"Total expenditures accrual","Y_lag1; 10y yield_leg0; Debt-to-GDP ratio_leg0; Share of LT unemp_leg0; IP_leg0; Retail sales_leg0; Energy prices_leg0","OK",NA
"sg_lasso","Germany","Expenditures","2020-02-06",6778.09093917175,NA,0.0884205364130901,0.5,1.18691986731377,7,7,7,2020-02-01,1616,"Total expenditures accrual","Y_lag1; 10y yield_leg0; Debt-to-GDP ratio_leg0; Share of LT unemp_leg0; IP_leg0; Retail sales_leg0; Energy prices_leg0","OK",NA
"sg_lasso","Germany","Expenditures","2020-02-15",4866.59871371825,NA,0.0884205364130901,0.5,1.18691986731377,7,7,7,2020-02-01,1616,"Total expenditures accrual","Y_lag1; 10y yield_leg0; Debt-to-GDP ratio_leg0; Share of LT unemp_leg0; IP_leg0; Retail sales_leg0; Energy prices_leg0","OK",NA
"sg_lasso","Germany","Expenditures","2020-02-27",4913.20227263175,NA,0.0884205364130901,0.5,1.18691986731377,7,7,7,2020-02-01,1616,"Total expenditures accrual","Y_lag1; 10y yield_leg0; Debt-to-GDP ratio_leg0; Share of LT unemp_leg0; IP_leg0; Retail sales_leg0; Energy prices_leg0","OK",NA
"sg_lasso","Germany","Expenditures","2020-03-01",3483.04593609083,NA,0.0884205364130901,0.5,1.18691986731377,7,7,7,2020-03-01,1616,"Total expenditures accrual","Y_lag1; 10y yield_leg0; Debt-to-GDP ratio_leg0; Share of LT unemp_leg0; IP_leg0; Retail sales_leg0; Energy prices_leg0","OK",NA
"sg_lasso","Germany","Expenditures","2020-03-07",3341.82435237467,NA,0.0884205364130901,0.5,1.18691986731377,7,7,7,2020-03-01,1616,"Total expenditures accrual","Y_lag1; 10y yield_leg0; Debt-to-GDP ratio_leg0; Share of LT unemp_leg0; IP_leg0; Retail sales_leg0; Energy prices_leg0","OK",NA
"sg_lasso","Germany","Expenditures","2020-03-15",1264.30795435286,NA,0.104582551213863,0.5,1.16686119739118,5,5,5,2020-03-01,8720,"Total expenditures accrual","Y_lag1; 10y yield_leg0; Debt-to-GDP ratio_leg0; Retail sales_leg0; Energy prices_leg0","OK",NA
"sg_lasso","Germany","Expenditures","2020-03-27",1323.82734976536,NA,0.104582551213863,0.5,1.17054877956613,5,5,5,2020-03-01,8720,"Total expenditures accrual","Y_lag1; 10y yield_leg0; Debt-to-GDP ratio_leg0; Retail sales_leg0; Energy prices_leg0","OK",NA
"sg_lasso","Germany","Expenditures","2020-04-01",-678.771286327146,NA,0.104582551213863,0.5,1.17054877956613,5,5,5,2020-04-01,8720,"Total expenditures accrual","Y_lag1; 10y yield_leg0; Debt-to-GDP ratio_leg0; Retail sales_leg0; Energy prices_leg0","OK",NA
"sg_lasso","Germany","Expenditures","2020-04-03",-1422.59990921538,NA,0.104582551213863,0.5,1.17054877956613,5,5,5,2020-04-01,8720,"Total expenditures accrual","Y_lag1; 10y yield_leg0; Debt-to-GDP ratio_leg0; Retail sales_leg0; Energy prices_leg0","OK",NA
"sg_lasso","Germany","Expenditures","2020-04-15",-1422.59990921538,NA,0.104582551213863,0.5,1.17054877956613,5,5,5,2020-04-01,8720,"Total expenditures accrual","Y_lag1; 10y yield_leg0; Debt-to-GDP ratio_leg0; Retail sales_leg0; Energy prices_leg0","OK",NA
"sg_lasso","Germany","Expenditures","2020-04-27",-1376.96320032883,NA,0.104582551213863,0.5,1.17054877956613,5,5,5,2020-04-01,8720,"Total expenditures accrual","Y_lag1; 10y yield_leg0; Debt-to-GDP ratio_leg0; Retail sales_leg0; Energy prices_leg0","OK",NA
"sg_lasso","Germany","Expenditures","2020-05-01",-2424.91291234376,NA,0.104582551213863,0.5,1.17054877956613,5,5,5,2020-05-01,8720,"Total expenditures accrual","Y_lag1; 10y yield_leg0; Debt-to-GDP ratio_leg0; Retail sales_leg0; Energy prices_leg0","OK",NA
"sg_lasso","Germany","Expenditures","2020-05-05",-1031.32352970865,NA,0.104582551213863,0.5,1.17054877956613,5,5,5,2020-05-01,8720,"Total expenditures accrual","Y_lag1; 10y yield_leg0; Debt-to-GDP ratio_leg0; Retail sales_leg0; Energy prices_leg0","OK",NA
"sg_lasso","Germany","Expenditures","2020-05-15",-5348.19654309641,NA,0.104582551213863,0.5,1.17054877956613,5,5,5,2020-05-01,8720,"Total expenditures accrual","Y_lag1; 10y yield_leg0; Debt-to-GDP ratio_leg0; Retail sales_leg0; Energy prices_leg0","OK",NA
"sg_lasso","Germany","Expenditures","2020-05-27",-5434.01425829349,NA,0.104582551213863,0.5,1.17054877956613,5,5,5,2020-05-01,8720,"Total expenditures accrual","Y_lag1; 10y yield_leg0; Debt-to-GDP ratio_leg0; Retail sales_leg0; Energy prices_leg0","OK",NA
"sg_lasso","Germany","Expenditures","2020-06-01",-9644.57937885589,NA,0.104582551213863,0.5,1.17054877956613,5,5,5,2020-06-01,8720,"Total expenditures accrual","Y_lag1; 10y yield_leg0; Debt-to-GDP ratio_leg0; Retail sales_leg0; Energy prices_leg0","OK",NA
"sg_lasso","Germany","Expenditures","2020-06-15",-889.07785559315,NA,0.378095628030405,0.5,0.226203625298005,2,2,2,2020-06-01,32829,"Total expenditures accrual","Y_lag1; Hours worked_leg0","OK",NA
"sg_lasso","Germany","Expenditures","2020-06-27",-889.07785559315,NA,0.378095628030405,0.5,0.226203625298005,2,2,2,2020-06-01,32829,"Total expenditures accrual","Y_lag1; Hours worked_leg0","OK",NA
"sg_lasso","Germany","Expenditures","2020-07-01",2094.5124678517,NA,0.378095628030405,0.5,0.226203625298005,2,2,2,2020-07-01,32829,"Total expenditures accrual","Y_lag1; Hours worked_leg0","OK",NA
"sg_lasso","Germany","Expenditures","2020-07-03",2094.5124678517,NA,0.378095628030405,0.5,0.226203625298005,2,2,2,2020-07-01,32829,"Total expenditures accrual","Y_lag1; Hours worked_leg0","OK",NA
"sg_lasso","Germany","Expenditures","2020-07-15",2094.5124678517,NA,0.378095628030405,0.5,0.226203625298005,2,2,2,2020-07-01,32829,"Total expenditures accrual","Y_lag1; Hours worked_leg0","OK",NA
"sg_lasso","Germany","Expenditures","2020-07-27",2094.5124678517,NA,0.378095628030405,0.5,0.226203625298005,2,2,2,2020-07-01,32829,"Total expenditures accrual","Y_lag1; Hours worked_leg0","OK",NA
"sg_lasso","Germany","Expenditures","2020-08-01",5078.10279129654,NA,0.378095628030405,0.5,0.226203625298005,2,2,2,2020-08-01,32829,"Total expenditures accrual","Y_lag1; Hours worked_leg0","OK",NA
"sg_lasso","Germany","Expenditures","2020-08-06",5078.10279129654,NA,0.378095628030405,0.5,0.226203625298005,2,2,2,2020-08-01,32829,"Total expenditures accrual","Y_lag1; Hours worked_leg0","OK",NA
"sg_lasso","Germany","Expenditures","2020-08-15",5078.10279129654,NA,0.378095628030405,0.5,0.226203625298005,2,2,2,2020-08-01,32829,"Total expenditures accrual","Y_lag1; Hours worked_leg0","OK",NA
"sg_lasso","Germany","Expenditures","2020-08-27",5078.10279129654,NA,0.378095628030405,0.5,0.226203625298005,2,2,2,2020-08-01,32829,"Total expenditures accrual","Y_lag1; Hours worked_leg0","OK",NA
"sg_lasso","Germany","Expenditures","2020-09-01",5078.10279129654,NA,0.378095628030405,0.5,0.226203625298005,2,2,2,2020-09-01,32829,"Total expenditures accrual","Y_lag1; Hours worked_leg0","OK",NA
"sg_lasso","Germany","Expenditures","2020-09-02",5078.10279129654,NA,0.378095628030405,0.5,0.226203625298005,2,2,2,2020-09-01,32829,"Total expenditures accrual","Y_lag1; Hours worked_leg0","OK",NA
"sg_lasso","Germany","Expenditures","2020-09-15",13295.808287641,NA,0.260598731815652,0.5,0.269038862687669,3,3,3,2020-09-01,-6100,"Total expenditures accrual","Y_lag1; Unemployment inflows_leg0; Hours worked_leg0","OK",NA
"sg_lasso","Germany","Expenditures","2020-09-27",13295.808287641,NA,0.260598731815652,0.5,0.268814103760811,3,3,3,2020-09-01,-6100,"Total expenditures accrual","Y_lag1; Unemployment inflows_leg0; Hours worked_leg0","OK",NA
"sg_lasso","Germany","Expenditures","2020-10-01",9655.05113523928,NA,0.260598731815652,0.5,0.268814103760811,3,3,3,2020-10-01,-6100,"Total expenditures accrual","Y_lag1; Unemployment inflows_leg0; Hours worked_leg0","OK",NA
"sg_lasso","Germany","Expenditures","2020-10-04",9655.05113523928,NA,0.260598731815652,0.5,0.268814103760811,3,3,3,2020-10-01,-6100,"Total expenditures accrual","Y_lag1; Unemployment inflows_leg0; Hours worked_leg0","OK",NA
"sg_lasso","Germany","Expenditures","2020-10-15",9532.73926650466,NA,0.260598731815652,0.5,0.268814103760811,3,3,3,2020-10-01,-6100,"Total expenditures accrual","Y_lag1; Unemployment inflows_leg0; Hours worked_leg0","OK",NA
"sg_lasso","Germany","Expenditures","2020-10-27",9532.73926650466,NA,0.260598731815652,0.5,0.268814103760811,3,3,3,2020-10-01,-6100,"Total expenditures accrual","Y_lag1; Unemployment inflows_leg0; Hours worked_leg0","OK",NA
"sg_lasso","Germany","Expenditures","2020-11-01",5968.42703206208,NA,0.260598731815652,0.5,0.268814103760811,3,3,3,2020-11-01,-6100,"Total expenditures accrual","Y_lag1; Unemployment inflows_leg0; Hours worked_leg0","OK",NA
"sg_lasso","Germany","Expenditures","2020-11-07",5968.42703206208,NA,0.260598731815652,0.5,0.268814103760811,3,3,3,2020-11-01,-6100,"Total expenditures accrual","Y_lag1; Unemployment inflows_leg0; Hours worked_leg0","OK",NA
"sg_lasso","Germany","Expenditures","2020-11-15",5968.42703206208,NA,0.260598731815652,0.5,0.268814103760811,3,3,3,2020-11-01,-6100,"Total expenditures accrual","Y_lag1; Unemployment inflows_leg0; Hours worked_leg0","OK",NA
"sg_lasso","Germany","Expenditures","2020-11-27",5968.42703206208,NA,0.260598731815652,0.5,0.268814103760811,3,3,3,2020-11-01,-6100,"Total expenditures accrual","Y_lag1; Unemployment inflows_leg0; Hours worked_leg0","OK",NA
"sg_lasso","Germany","Expenditures","2020-12-01",5846.11516332746,NA,0.260598731815652,0.5,0.268814103760811,3,3,3,2020-12-01,-6100,"Total expenditures accrual","Y_lag1; Unemployment inflows_leg0; Hours worked_leg0","OK",NA
"sg_lasso","Germany","Expenditures","2020-12-02",5846.11516332746,NA,0.260598731815652,0.5,0.268814103760811,3,3,3,2020-12-01,-6100,"Total expenditures accrual","Y_lag1; Unemployment inflows_leg0; Hours worked_leg0","OK",NA
"sg_lasso","Germany","Expenditures","2020-12-15",1776.80469024206,NA,0.260476153585065,0.5,0.268704223230385,3,3,3,2020-12-01,2093,"Total expenditures accrual","Y_lag1; Unemployment inflows_leg0; Hours worked_leg0","OK",NA
"sg_lasso","Germany","Expenditures","2020-12-27",1776.80469024206,NA,0.260476153585065,0.5,0.275849525829471,3,3,3,2020-12-01,2093,"Total expenditures accrual","Y_lag1; Unemployment inflows_leg0; Hours worked_leg0","OK",NA
"sg_lasso","Germany","Expenditures","2021-01-01",1573.04748313685,NA,0.260476153585065,0.5,0.275849525829471,3,3,3,2021-01-01,2093,"Total expenditures accrual","Y_lag1; Unemployment inflows_leg0; Hours worked_leg0","OK",NA
"sg_lasso","Germany","Expenditures","2021-01-05",1573.04748313685,NA,0.260476153585065,0.5,0.275849525829471,3,3,3,2021-01-01,2093,"Total expenditures accrual","Y_lag1; Unemployment inflows_leg0; Hours worked_leg0","OK",NA
"sg_lasso","Germany","Expenditures","2021-01-15",1723.02283830561,NA,0.260476153585065,0.5,0.275849525829471,3,3,3,2021-01-01,2093,"Total expenditures accrual","Y_lag1; Unemployment inflows_leg0; Hours worked_leg0","OK",NA
"sg_lasso","Germany","Expenditures","2021-01-27",1723.02283830561,NA,0.260476153585065,0.5,0.275849525829471,3,3,3,2021-01-01,2093,"Total expenditures accrual","Y_lag1; Unemployment inflows_leg0; Hours worked_leg0","OK",NA
"sg_lasso","Germany","Expenditures","2021-02-01",1669.24098636916,NA,0.260476153585065,0.5,0.275849525829471,3,3,3,2021-02-01,2093,"Total expenditures accrual","Y_lag1; Unemployment inflows_leg0; Hours worked_leg0","OK",NA
"sg_lasso","Germany","Expenditures","2021-02-15",1756.7266102176,NA,0.260476153585065,0.5,0.275849525829471,3,3,3,2021-02-01,2093,"Total expenditures accrual","Y_lag1; Unemployment inflows_leg0; Hours worked_leg0","OK",NA
"sg_lasso","Germany","Expenditures","2021-02-27",1756.7266102176,NA,0.260476153585065,0.5,0.275849525829471,3,3,3,2021-02-01,2093,"Total expenditures accrual","Y_lag1; Unemployment inflows_leg0; Hours worked_leg0","OK",NA
"sg_lasso","Germany","Expenditures","2021-03-01",1994.1875892348,NA,0.260476153585065,0.5,0.275849525829471,3,3,3,2021-03-01,2093,"Total expenditures accrual","Y_lag1; Unemployment inflows_leg0; Hours worked_leg0","OK",NA
"sg_lasso","Germany","Expenditures","2021-03-15",1391.33522766542,NA,0.282390140213176,0.5,0.219154327960504,2,2,2,2021-03-01,13315,"Total expenditures accrual","Y_lag1; Unemployment inflows_leg0","OK",NA
"sg_lasso","Germany","Expenditures","2021-03-27",1391.33522766542,NA,0.282390140213176,0.5,0.219154327960504,2,2,2,2021-03-01,13315,"Total expenditures accrual","Y_lag1; Unemployment inflows_leg0","OK",NA
"sg_lasso","Germany","Expenditures","2021-04-01",1474.38773767746,NA,0.282390140213176,0.5,0.219154327960504,2,2,2,2021-04-01,13315,"Total expenditures accrual","Y_lag1; Unemployment inflows_leg0","OK",NA
"sg_lasso","Germany","Expenditures","2021-04-04",1474.38773767746,NA,0.282390140213176,0.5,0.219154327960504,2,2,2,2021-04-01,13315,"Total expenditures accrual","Y_lag1; Unemployment inflows_leg0","OK",NA
"sg_lasso","Germany","Expenditures","2021-04-15",1114.4935276253,NA,0.282390140213176,0.5,0.219154327960504,2,2,2,2021-04-01,13315,"Total expenditures accrual","Y_lag1; Unemployment inflows_leg0","OK",NA
"sg_lasso","Germany","Expenditures","2021-04-27",1114.4935276253,NA,0.282390140213176,0.5,0.219154327960504,2,2,2,2021-04-01,13315,"Total expenditures accrual","Y_lag1; Unemployment inflows_leg0","OK",NA
"sg_lasso","Germany","Expenditures","2021-05-01",643.862637557101,NA,0.282390140213176,0.5,0.219154327960504,2,2,2,2021-05-01,13315,"Total expenditures accrual","Y_lag1; Unemployment inflows_leg0","OK",NA
"sg_lasso","Germany","Expenditures","2021-05-06",643.862637557101,NA,0.282390140213176,0.5,0.219154327960504,2,2,2,2021-05-01,13315,"Total expenditures accrual","Y_lag1; Unemployment inflows_leg0","OK",NA
"sg_lasso","Germany","Expenditures","2021-05-15",256.284257500934,NA,0.282390140213176,0.5,0.219154327960504,2,2,2,2021-05-01,13315,"Total expenditures accrual","Y_lag1; Unemployment inflows_leg0","OK",NA
"sg_lasso","Germany","Expenditures","2021-05-27",256.284257500934,NA,0.282390140213176,0.5,0.219154327960504,2,2,2,2021-05-01,13315,"Total expenditures accrual","Y_lag1; Unemployment inflows_leg0","OK",NA
"sg_lasso","Germany","Expenditures","2021-06-01",-491.188332607387,NA,0.282390140213176,0.5,0.219154327960504,2,2,2,2021-06-01,13315,"Total expenditures accrual","Y_lag1; Unemployment inflows_leg0","OK",NA
"sg_lasso","Germany","Expenditures","2021-06-02",-491.188332607387,NA,0.282390140213176,0.5,0.219154327960504,2,2,2,2021-06-01,13315,"Total expenditures accrual","Y_lag1; Unemployment inflows_leg0","OK",NA
"sg_lasso","Germany","Expenditures","2021-06-15",2657.05402728178,NA,0.280970458076131,0.5,0.331600786374193,2,2,2,2021-06-01,5055,"Total expenditures accrual","Y_lag1; Unemployment inflows_leg0","OK",NA
"sg_lasso","Germany","Expenditures","2021-06-27",2657.05402728178,NA,0.280970458076131,0.5,0.331600786374193,2,2,2,2021-06-01,5055,"Total expenditures accrual","Y_lag1; Unemployment inflows_leg0","OK",NA
"sg_lasso","Germany","Expenditures","2021-07-01",1964.36010488519,NA,0.280970458076131,0.5,0.331600786374193,2,2,2,2021-07-01,5055,"Total expenditures accrual","Y_lag1; Unemployment inflows_leg0","OK",NA
"sg_lasso","Germany","Expenditures","2021-07-04",1964.36010488519,NA,0.280970458076131,0.5,0.331600786374193,2,2,2,2021-07-01,5055,"Total expenditures accrual","Y_lag1; Unemployment inflows_leg0","OK",NA
"sg_lasso","Germany","Expenditures","2021-07-15",1836.08345258953,NA,0.280970458076131,0.5,0.331600786374193,2,2,2,2021-07-01,5055,"Total expenditures accrual","Y_lag1; Unemployment inflows_leg0","OK",NA
"sg_lasso","Germany","Expenditures","2021-07-27",1836.08345258953,NA,0.280970458076131,0.5,0.331600786374193,2,2,2,2021-07-01,5055,"Total expenditures accrual","Y_lag1; Unemployment inflows_leg0","OK",NA
"sg_lasso","Germany","Expenditures","2021-08-01",1374.28750432513,NA,0.280970458076131,0.5,0.331600786374193,2,2,2,2021-08-01,5055,"Total expenditures accrual","Y_lag1; Unemployment inflows_leg0","OK",NA
"sg_lasso","Germany","Expenditures","2021-08-07",1374.28750432513,NA,0.280970458076131,0.5,0.331600786374193,2,2,2,2021-08-01,5055,"Total expenditures accrual","Y_lag1; Unemployment inflows_leg0","OK",NA
"sg_lasso","Germany","Expenditures","2021-08-15",1451.25349570253,NA,0.280970458076131,0.5,0.331600786374193,2,2,2,2021-08-01,5055,"Total expenditures accrual","Y_lag1; Unemployment inflows_leg0","OK",NA
"sg_lasso","Germany","Expenditures","2021-08-27",1451.25349570253,NA,0.280970458076131,0.5,0.331600786374193,2,2,2,2021-08-01,5055,"Total expenditures accrual","Y_lag1; Unemployment inflows_leg0","OK",NA
"sg_lasso","Germany","Expenditures","2021-09-01",1399.94283478427,NA,0.280970458076131,0.5,0.331600786374193,2,2,2,2021-09-01,5055,"Total expenditures accrual","Y_lag1; Unemployment inflows_leg0","OK",NA
"sg_lasso","Germany","Expenditures","2021-09-03",1399.94283478427,NA,0.280970458076131,0.5,0.331600786374193,2,2,2,2021-09-01,5055,"Total expenditures accrual","Y_lag1; Unemployment inflows_leg0","OK",NA
"sg_lasso","Germany","Expenditures","2021-09-15",4724.98396199285,NA,0.294440473112264,0.5,0.28740584646271,2,2,2,2021-09-01,-3156,"Total expenditures accrual","Y_lag1; Unemployment inflows_leg0","OK",NA
"sg_lasso","Germany","Expenditures","2021-09-27",4724.98396199285,NA,0.294440473112264,0.5,0.28740584646271,2,2,2,2021-09-01,-3156,"Total expenditures accrual","Y_lag1; Unemployment inflows_leg0","OK",NA
"sg_lasso","Germany","Expenditures","2021-10-01",5018.6296714517,NA,0.294440473112264,0.5,0.28740584646271,2,2,2,2021-10-01,-3156,"Total expenditures accrual","Y_lag1; Unemployment inflows_leg0","OK",NA
"sg_lasso","Germany","Expenditures","2021-10-05",5018.6296714517,NA,0.294440473112264,0.5,0.28740584646271,2,2,2,2021-10-01,-3156,"Total expenditures accrual","Y_lag1; Unemployment inflows_leg0","OK",NA
"sg_lasso","Germany","Expenditures","2021-10-15",5312.27538091055,NA,0.294440473112264,0.5,0.28740584646271,2,2,2,2021-10-01,-3156,"Total expenditures accrual","Y_lag1; Unemployment inflows_leg0","OK",NA
"sg_lasso","Germany","Expenditures","2021-10-27",5312.27538091055,NA,0.294440473112264,0.5,0.28740584646271,2,2,2,2021-10-01,-3156,"Total expenditures accrual","Y_lag1; Unemployment inflows_leg0","OK",NA
"sg_lasso","Germany","Expenditures","2021-11-01",5826.15537246353,NA,0.294440473112264,0.5,0.28740584646271,2,2,2,2021-11-01,-3156,"Total expenditures accrual","Y_lag1; Unemployment inflows_leg0","OK",NA
"sg_lasso","Germany","Expenditures","2021-11-15",5948.50775140472,NA,0.294440473112264,0.5,0.28740584646271,2,2,2,2021-11-01,-3156,"Total expenditures accrual","Y_lag1; Unemployment inflows_leg0","OK",NA
"sg_lasso","Germany","Expenditures","2021-11-27",5948.50775140472,NA,0.294440473112264,0.5,0.28740584646271,2,2,2,2021-11-01,-3156,"Total expenditures accrual","Y_lag1; Unemployment inflows_leg0","OK",NA
"sg_lasso","Germany","Expenditures","2021-12-01",6364.50583980476,NA,0.294440473112264,0.5,0.28740584646271,2,2,2,2021-12-01,-3156,"Total expenditures accrual","Y_lag1; Unemployment inflows_leg0","OK",NA
"sg_lasso","Germany","Expenditures","2021-12-03",6364.50583980476,NA,0.294440473112264,0.5,0.28740584646271,2,2,2,2021-12-01,-3156,"Total expenditures accrual","Y_lag1; Unemployment inflows_leg0","OK",NA
"sg_lasso","Germany","Expenditures","2021-12-15",235.907961041793,NA,0.298608112265162,0.5,0.256356141776284,2,2,2,2021-12-01,13014,"Total expenditures accrual","Y_lag1; Unemployment inflows_leg0","OK",NA
"sg_lasso","Germany","Expenditures","2021-12-27",235.907961041793,NA,0.298608112265162,0.5,0.256356141776284,2,2,2,2021-12-01,13014,"Total expenditures accrual","Y_lag1; Unemployment inflows_leg0","OK",NA
"sg_lasso","Germany","Expenditures","2022-01-01",384.287987560902,NA,0.298608112265162,0.5,0.256356141776284,2,2,2,2022-01-01,13014,"Total expenditures accrual","Y_lag1; Unemployment inflows_leg0","OK",NA
"sg_lasso","Germany","Expenditures","2022-01-06",384.287987560902,NA,0.298608112265162,0.5,0.256356141776284,2,2,2,2022-01-01,13014,"Total expenditures accrual","Y_lag1; Unemployment inflows_leg0","OK",NA
"sg_lasso","Germany","Expenditures","2022-01-15",260.637965461644,NA,0.298608112265162,0.5,0.256356141776284,2,2,2,2022-01-01,13014,"Total expenditures accrual","Y_lag1; Unemployment inflows_leg0","OK",NA
"sg_lasso","Germany","Expenditures","2022-01-27",260.637965461644,NA,0.298608112265162,0.5,0.256356141776284,2,2,2,2022-01-01,13014,"Total expenditures accrual","Y_lag1; Unemployment inflows_leg0","OK",NA
"sg_lasso","Germany","Expenditures","2022-02-01",161.717947782238,NA,0.298608112265162,0.5,0.256356141776284,2,2,2,2022-02-01,13014,"Total expenditures accrual","Y_lag1; Unemployment inflows_leg0","OK",NA
"sg_lasso","Germany","Expenditures","2022-02-02",161.717947782238,NA,0.298608112265162,0.5,0.256356141776284,2,2,2,2022-02-01,13014,"Total expenditures accrual","Y_lag1; Unemployment inflows_leg0","OK",NA
"sg_lasso","Germany","Expenditures","2022-02-15",-60.8520919964249,NA,0.298608112265162,0.5,0.256356141776284,2,2,2,2022-02-01,13014,"Total expenditures accrual","Y_lag1; Unemployment inflows_leg0","OK",NA
"sg_lasso","Germany","Expenditures","2022-02-27",-60.8520919964249,NA,0.298608112265162,0.5,0.256356141776284,2,2,2,2022-02-01,13014,"Total expenditures accrual","Y_lag1; Unemployment inflows_leg0","OK",NA
"sg_lasso","Germany","Expenditures","2022-03-01",-407.072153874345,NA,0.298608112265162,0.5,0.256356141776284,2,2,2,2022-03-01,13014,"Total expenditures accrual","Y_lag1; Unemployment inflows_leg0","OK",NA
"sg_lasso","Germany","Expenditures","2022-03-02",-407.072153874345,NA,0.298608112265162,0.5,0.256356141776284,2,2,2,2022-03-01,13014,"Total expenditures accrual","Y_lag1; Unemployment inflows_leg0","OK",NA
"sg_lasso","Germany","Expenditures","2022-03-15",9079.52069423975,NA,0.30283264095962,0.5,0.408259103766193,3,3,3,2022-03-01,-11416,"Total expenditures accrual","Y_lag1; Unemployment inflows_leg0; Hours worked_leg0","OK",NA
"sg_lasso","Germany","Expenditures","2022-03-27",9079.52069423975,NA,0.30283264095962,0.5,0.408259103766193,3,3,3,2022-03-01,-11416,"Total expenditures accrual","Y_lag1; Unemployment inflows_leg0; Hours worked_leg0","OK",NA
"sg_lasso","Germany","Expenditures","2022-04-01",8799.19386703585,NA,0.30283264095962,0.5,0.408259103766193,3,3,3,2022-04-01,-11416,"Total expenditures accrual","Y_lag1; Unemployment inflows_leg0; Hours worked_leg0","OK",NA
"sg_lasso","Germany","Expenditures","2022-04-05",8799.19386703585,NA,0.30283264095962,0.5,0.408259103766193,3,3,3,2022-04-01,-11416,"Total expenditures accrual","Y_lag1; Unemployment inflows_leg0; Hours worked_leg0","OK",NA
"sg_lasso","Germany","Expenditures","2022-04-15",8752.8057939652,NA,0.30283264095962,0.5,0.408259103766193,3,3,3,2022-04-01,-11416,"Total expenditures accrual","Y_lag1; Unemployment inflows_leg0; Hours worked_leg0","OK",NA
"sg_lasso","Germany","Expenditures","2022-04-27",8752.8057939652,NA,0.30283264095962,0.5,0.408259103766193,3,3,3,2022-04-01,-11416,"Total expenditures accrual","Y_lag1; Unemployment inflows_leg0; Hours worked_leg0","OK",NA
"sg_lasso","Germany","Expenditures","2022-05-01",8634.8372225086,NA,0.30283264095962,0.5,0.408259103766193,3,3,3,2022-05-01,-11416,"Total expenditures accrual","Y_lag1; Unemployment inflows_leg0; Hours worked_leg0","OK",NA
"sg_lasso","Germany","Expenditures","2022-05-07",8634.8372225086,NA,0.30283264095962,0.5,0.408259103766193,3,3,3,2022-05-01,-11416,"Total expenditures accrual","Y_lag1; Unemployment inflows_leg0; Hours worked_leg0","OK",NA
"sg_lasso","Germany","Expenditures","2022-05-15",8750.80740518524,NA,0.30283264095962,0.5,0.408259103766193,3,3,3,2022-05-01,-11416,"Total expenditures accrual","Y_lag1; Unemployment inflows_leg0; Hours worked_leg0","OK",NA
"sg_lasso","Germany","Expenditures","2022-05-27",8750.80740518524,NA,0.30283264095962,0.5,0.408259103766193,3,3,3,2022-05-01,-11416,"Total expenditures accrual","Y_lag1; Unemployment inflows_leg0; Hours worked_leg0","OK",NA
"sg_lasso","Germany","Expenditures","2022-06-01",8820.38951479122,NA,0.30283264095962,0.5,0.408259103766193,3,3,3,2022-06-01,-11416,"Total expenditures accrual","Y_lag1; Unemployment inflows_leg0; Hours worked_leg0","OK",NA
"sg_lasso","Germany","Expenditures","2022-06-03",8820.38951479122,NA,0.30283264095962,0.5,0.408259103766193,3,3,3,2022-06-01,-11416,"Total expenditures accrual","Y_lag1; Unemployment inflows_leg0; Hours worked_leg0","OK",NA
"sg_lasso","Germany","Expenditures","2022-06-15",-2738.92466876685,NA,0.0567754594902788,0.5,0.388596379544476,8,8,8,2022-06-01,2451,"Total expenditures accrual","Y_lag1; 10y yield_leg0; HICPX_leg0; Debt-to-GDP ratio_leg0; Unemployment inflows_leg0; Geopolitical risk index_leg0; Retail sales_leg0; Hours worked_leg0","OK",NA
"sg_lasso","Germany","Expenditures","2022-06-27",2983.48611105047,NA,0.302993551013156,0.5,0.393811668949645,3,3,3,2022-06-01,2451,"Total expenditures accrual","Y_lag1; Unemployment inflows_leg0; Hours worked_leg0","OK",NA
"sg_lasso","Germany","Expenditures","2022-07-01",3342.95722235684,NA,0.302993551013156,0.5,0.393811668949645,3,3,3,2022-07-01,2451,"Total expenditures accrual","Y_lag1; Unemployment inflows_leg0; Hours worked_leg0","OK",NA
"sg_lasso","Germany","Expenditures","2022-07-05",3342.95722235684,NA,0.302993551013156,0.5,0.393811668949645,3,3,3,2022-07-01,2451,"Total expenditures accrual","Y_lag1; Unemployment inflows_leg0; Hours worked_leg0","OK",NA
"sg_lasso","Germany","Expenditures","2022-07-15",3577.65941512758,NA,0.302993551013156,0.5,0.393811668949645,3,3,3,2022-07-01,2451,"Total expenditures accrual","Y_lag1; Unemployment inflows_leg0; Hours worked_leg0","OK",NA
"sg_lasso","Germany","Expenditures","2022-07-27",3577.65941512758,NA,0.302993551013156,0.5,0.393811668949645,3,3,3,2022-07-01,2451,"Total expenditures accrual","Y_lag1; Unemployment inflows_leg0; Hours worked_leg0","OK",NA
"sg_lasso","Germany","Expenditures","2022-08-01",4054.48162281932,NA,0.302993551013156,0.5,0.393811668949645,3,3,3,2022-08-01,2451,"Total expenditures accrual","Y_lag1; Unemployment inflows_leg0; Hours worked_leg0","OK",NA
"sg_lasso","Germany","Expenditures","2022-08-15",4171.83271920469,NA,0.302993551013156,0.5,0.393811668949645,3,3,3,2022-08-01,2451,"Total expenditures accrual","Y_lag1; Unemployment inflows_leg0; Hours worked_leg0","OK",NA
"sg_lasso","Germany","Expenditures","2022-08-27",4171.83271920469,NA,0.302993551013156,0.5,0.393811668949645,3,3,3,2022-08-01,2451,"Total expenditures accrual","Y_lag1; Unemployment inflows_leg0; Hours worked_leg0","OK",NA
"sg_lasso","Germany","Expenditures","2022-09-01",4523.88600836081,NA,0.302993551013156,0.5,0.393811668949645,3,3,3,2022-09-01,2451,"Total expenditures accrual","Y_lag1; Unemployment inflows_leg0; Hours worked_leg0","OK",NA
"sg_lasso","Germany","Expenditures","2022-09-04",4523.88600836081,NA,0.302993551013156,0.5,0.393811668949645,3,3,3,2022-09-01,2451,"Total expenditures accrual","Y_lag1; Unemployment inflows_leg0; Hours worked_leg0","OK",NA
"sg_lasso","Germany","Expenditures","2022-09-15",-3845.87892091804,NA,0.268791554845412,0.5,0.222437239717073,3,3,3,2022-09-01,24559,"Total expenditures accrual","Y_lag1; Unemployment inflows_leg0; Hours worked_leg0","OK",NA
"sg_lasso","Germany","Expenditures","2022-09-27",-3845.87892091804,NA,0.268791554845412,0.5,0.222437239717073,3,3,3,2022-09-01,24559,"Total expenditures accrual","Y_lag1; Unemployment inflows_leg0; Hours worked_leg0","OK",NA
"sg_lasso","Germany","Expenditures","2022-10-01",-3619.39135076817,NA,0.268791554845412,0.5,0.222437239717073,3,3,3,2022-10-01,24559,"Total expenditures accrual","Y_lag1; Unemployment inflows_leg0; Hours worked_leg0","OK",NA
"sg_lasso","Germany","Expenditures","2022-10-06",-3619.39135076817,NA,0.268791554845412,0.5,0.222437239717073,3,3,3,2022-10-01,24559,"Total expenditures accrual","Y_lag1; Unemployment inflows_leg0; Hours worked_leg0","OK",NA
"sg_lasso","Germany","Expenditures","2022-10-15",-3813.11333519976,NA,0.268791554845412,0.5,0.222437239717073,3,3,3,2022-10-01,24559,"Total expenditures accrual","Y_lag1; Unemployment inflows_leg0; Hours worked_leg0","OK",NA
"sg_lasso","Germany","Expenditures","2022-10-27",-3813.11333519976,NA,0.268791554845412,0.5,0.222437239717073,3,3,3,2022-10-01,24559,"Total expenditures accrual","Y_lag1; Unemployment inflows_leg0; Hours worked_leg0","OK",NA
"sg_lasso","Germany","Expenditures","2022-11-01",-3974.06973391306,NA,0.268791554845412,0.5,0.222437239717073,3,3,3,2022-11-01,24559,"Total expenditures accrual","Y_lag1; Unemployment inflows_leg0; Hours worked_leg0","OK",NA
"sg_lasso","Germany","Expenditures","2022-11-02",-3974.06973391306,NA,0.268791554845412,0.5,0.222437239717073,3,3,3,2022-11-01,24559,"Total expenditures accrual","Y_lag1; Unemployment inflows_leg0; Hours worked_leg0","OK",NA
"sg_lasso","Germany","Expenditures","2022-11-15",-4167.79171834465,NA,0.268791554845412,0.5,0.222437239717073,3,3,3,2022-11-01,24559,"Total expenditures accrual","Y_lag1; Unemployment inflows_leg0; Hours worked_leg0","OK",NA
"sg_lasso","Germany","Expenditures","2022-11-27",-4167.79171834465,NA,0.268791554845412,0.5,0.222437239717073,3,3,3,2022-11-01,24559,"Total expenditures accrual","Y_lag1; Unemployment inflows_leg0; Hours worked_leg0","OK",NA
"sg_lasso","Germany","Expenditures","2022-12-01",-4555.23568720783,NA,0.268791554845412,0.5,0.222437239717073,3,3,3,2022-12-01,24559,"Total expenditures accrual","Y_lag1; Unemployment inflows_leg0; Hours worked_leg0","OK",NA
"sg_lasso","Germany","Expenditures","2022-12-04",-4555.23568720783,NA,0.268791554845412,0.5,0.222437239717073,3,3,3,2022-12-01,24559,"Total expenditures accrual","Y_lag1; Unemployment inflows_leg0; Hours worked_leg0","OK",NA
"sg_lasso","Germany","Expenditures","2022-12-15",-76.1045159444138,NA,0.201445952566044,0.5,0.504717339279996,4,4,4,2022-12-01,24797,"Total expenditures accrual","Y_lag1; HICPX_leg0; Unemployment inflows_leg0; Hours worked_leg0","OK",NA
"sg_lasso","Germany","Expenditures","2022-12-27",1201.80150184475,NA,0.201445952566044,0.5,0.504969585768416,5,5,5,2022-12-01,24797,"Total expenditures accrual","Y_lag1; HICPX_leg0; Unemployment inflows_leg0; Hours worked_leg0; Energy prices_leg0","OK",NA
"sg_lasso","Germany","Expenditures","2023-01-01",2218.60053559726,NA,0.201445952566044,0.5,0.504969585768416,5,5,5,2023-01-01,24797,"Total expenditures accrual","Y_lag1; HICPX_leg0; Unemployment inflows_leg0; Hours worked_leg0; Energy prices_leg0","OK",NA
"sg_lasso","Germany","Expenditures","2023-01-07",2218.60053559726,NA,0.201445952566044,0.5,0.504969585768416,5,5,5,2023-01-01,24797,"Total expenditures accrual","Y_lag1; HICPX_leg0; Unemployment inflows_leg0; Hours worked_leg0; Energy prices_leg0","OK",NA
"sg_lasso","Germany","Expenditures","2023-01-15",1996.59759985753,NA,0.201445952566044,0.5,0.504969585768416,5,5,5,2023-01-01,24797,"Total expenditures accrual","Y_lag1; HICPX_leg0; Unemployment inflows_leg0; Hours worked_leg0; Energy prices_leg0","OK",NA
"sg_lasso","Germany","Expenditures","2023-01-27",-1581.81414604907,NA,0.201445952566044,0.5,0.504969585768416,5,5,5,2023-01-01,24797,"Total expenditures accrual","Y_lag1; HICPX_leg0; Unemployment inflows_leg0; Hours worked_leg0; Energy prices_leg0","OK",NA
"sg_lasso","Germany","Expenditures","2023-02-01",-4064.53812128025,NA,0.201445952566044,0.5,0.504969585768416,5,5,5,2023-02-01,24797,"Total expenditures accrual","Y_lag1; HICPX_leg0; Unemployment inflows_leg0; Hours worked_leg0; Energy prices_leg0","OK",NA
"sg_lasso","Germany","Expenditures","2023-02-03",-4064.53812128025,NA,0.201445952566044,0.5,0.504969585768416,5,5,5,2023-02-01,24797,"Total expenditures accrual","Y_lag1; HICPX_leg0; Unemployment inflows_leg0; Hours worked_leg0; Energy prices_leg0","OK",NA
"sg_lasso","Germany","Expenditures","2023-02-15",-4064.53812128025,NA,0.201445952566044,0.5,0.504969585768416,5,5,5,2023-02-01,24797,"Total expenditures accrual","Y_lag1; HICPX_leg0; Unemployment inflows_leg0; Hours worked_leg0; Energy prices_leg0","OK",NA
"sg_lasso","Germany","Expenditures","2023-02-27",-1574.63793775714,NA,0.201445952566044,0.5,0.504969585768416,5,5,5,2023-02-01,24797,"Total expenditures accrual","Y_lag1; HICPX_leg0; Unemployment inflows_leg0; Hours worked_leg0; Energy prices_leg0","OK",NA
"sg_lasso","Germany","Expenditures","2023-03-01",-2885.15243588036,NA,0.201445952566044,0.5,0.504969585768416,5,5,5,2023-03-01,24797,"Total expenditures accrual","Y_lag1; HICPX_leg0; Unemployment inflows_leg0; Hours worked_leg0; Energy prices_leg0","OK",NA
"sg_lasso","Germany","Expenditures","2023-03-03",-2885.15243588036,NA,0.201445952566044,0.5,0.504969585768416,5,5,5,2023-03-01,24797,"Total expenditures accrual","Y_lag1; HICPX_leg0; Unemployment inflows_leg0; Hours worked_leg0; Energy prices_leg0","OK",NA
"sg_lasso","Germany","Expenditures","2023-03-15",9964.10902178844,NA,0.202836277461194,0.5,1.01290189843913,4,4,4,2023-03-01,-19632,"Total expenditures accrual","Y_lag1; HICPX_leg0; Unemployment inflows_leg0; Energy prices_leg0","OK",NA
"sg_lasso","Germany","Expenditures","2023-03-27",9926.79787663172,NA,0.202836277461194,0.5,1.0133373599913,4,4,4,2023-03-01,-19632,"Total expenditures accrual","Y_lag1; HICPX_leg0; Unemployment inflows_leg0; Energy prices_leg0","OK",NA
"sg_lasso","Germany","Expenditures","2023-04-01",12365.8681999699,NA,0.202836277461194,0.5,1.0133373599913,4,4,4,2023-04-01,-19632,"Total expenditures accrual","Y_lag1; HICPX_leg0; Unemployment inflows_leg0; Energy prices_leg0","OK",NA
"sg_lasso","Germany","Expenditures","2023-04-06",12365.8681999699,NA,0.202836277461194,0.5,1.0133373599913,4,4,4,2023-04-01,-19632,"Total expenditures accrual","Y_lag1; HICPX_leg0; Unemployment inflows_leg0; Energy prices_leg0","OK",NA
"sg_lasso","Germany","Expenditures","2023-04-15",12612.1239840801,NA,0.202836277461194,0.5,1.0133373599913,4,4,4,2023-04-01,-19632,"Total expenditures accrual","Y_lag1; HICPX_leg0; Unemployment inflows_leg0; Energy prices_leg0","OK",NA
"sg_lasso","Germany","Expenditures","2023-04-27",11918.7681355558,NA,0.202836277461194,0.5,1.0133373599913,4,4,4,2023-04-01,-19632,"Total expenditures accrual","Y_lag1; HICPX_leg0; Unemployment inflows_leg0; Energy prices_leg0","OK",NA
"sg_lasso","Germany","Expenditures","2023-05-01",11458.2136126669,NA,0.202836277461194,0.5,1.0133373599913,4,4,4,2023-05-01,-19632,"Total expenditures accrual","Y_lag1; HICPX_leg0; Unemployment inflows_leg0; Energy prices_leg0","OK",NA
"sg_lasso","Germany","Expenditures","2023-05-15",11802.9717104211,NA,0.202836277461194,0.5,1.0133373599913,4,4,4,2023-05-01,-19632,"Total expenditures accrual","Y_lag1; HICPX_leg0; Unemployment inflows_leg0; Energy prices_leg0","OK",NA
"sg_lasso","Germany","Expenditures","2023-05-27",12269.5314461907,NA,0.202836277461194,0.5,1.0133373599913,4,4,4,2023-05-01,-19632,"Total expenditures accrual","Y_lag1; HICPX_leg0; Unemployment inflows_leg0; Energy prices_leg0","OK",NA
"sg_lasso","Germany","Expenditures","2023-06-01",12633.7492153005,NA,0.202836277461194,0.5,1.0133373599913,4,4,4,2023-06-01,-19632,"Total expenditures accrual","Y_lag1; HICPX_leg0; Unemployment inflows_leg0; Energy prices_leg0","OK",NA
"sg_lasso","Germany","Expenditures","2023-06-04",12633.7492153005,NA,0.202836277461194,0.5,1.0133373599913,4,4,4,2023-06-01,-19632,"Total expenditures accrual","Y_lag1; HICPX_leg0; Unemployment inflows_leg0; Energy prices_leg0","OK",NA
"sg_lasso","Germany","Expenditures","2023-06-15",3010.19399468305,NA,0.203189959085035,0.5,0.301603268545402,4,4,4,2023-06-01,5057,"Total expenditures accrual","Y_lag1; HICPX_leg0; Unemployment inflows_leg0; Energy prices_leg0","OK",NA
"sg_lasso","Germany","Expenditures","2023-06-27",3799.72528612031,NA,0.203189959085035,0.5,0.30282088319364,4,4,4,2023-06-01,5057,"Total expenditures accrual","Y_lag1; HICPX_leg0; Unemployment inflows_leg0; Energy prices_leg0","OK",NA
"sg_lasso","Germany","Expenditures","2023-07-01",5718.05714374407,NA,0.203189959085035,0.5,0.30282088319364,4,4,4,2023-07-01,5057,"Total expenditures accrual","Y_lag1; HICPX_leg0; Unemployment inflows_leg0; Energy prices_leg0","OK",NA
"sg_lasso","Germany","Expenditures","2023-07-06",5718.05714374407,NA,0.203189959085035,0.5,0.30282088319364,4,4,4,2023-07-01,5057,"Total expenditures accrual","Y_lag1; HICPX_leg0; Unemployment inflows_leg0; Energy prices_leg0","OK",NA
"sg_lasso","Germany","Expenditures","2023-07-15",5899.92075985756,NA,0.203189959085035,0.5,0.30282088319364,4,4,4,2023-07-01,5057,"Total expenditures accrual","Y_lag1; HICPX_leg0; Unemployment inflows_leg0; Energy prices_leg0","OK",NA
"sg_lasso","Germany","Expenditures","2023-07-27",5029.96134261615,NA,0.203189959085035,0.5,0.30282088319364,4,4,4,2023-07-01,5057,"Total expenditures accrual","Y_lag1; HICPX_leg0; Unemployment inflows_leg0; Energy prices_leg0","OK",NA
"sg_lasso","Germany","Expenditures","2023-08-01",5533.19189830747,NA,0.203189959085035,0.5,0.30282088319364,4,4,4,2023-08-01,5057,"Total expenditures accrual","Y_lag1; HICPX_leg0; Unemployment inflows_leg0; Energy prices_leg0","OK",NA
"sg_lasso","Germany","Expenditures","2023-08-02",5533.19189830747,NA,0.203189959085035,0.5,0.30282088319364,4,4,4,2023-08-01,5057,"Total expenditures accrual","Y_lag1; HICPX_leg0; Unemployment inflows_leg0; Energy prices_leg0","OK",NA
"sg_lasso","Germany","Expenditures","2023-08-15",5760.52141844933,NA,0.203189959085035,0.5,0.30282088319364,4,4,4,2023-08-01,5057,"Total expenditures accrual","Y_lag1; HICPX_leg0; Unemployment inflows_leg0; Energy prices_leg0","OK",NA
"sg_lasso","Germany","Expenditures","2023-08-27",5399.72490398406,NA,0.203189959085035,0.5,0.30282088319364,4,4,4,2023-08-01,5057,"Total expenditures accrual","Y_lag1; HICPX_leg0; Unemployment inflows_leg0; Energy prices_leg0","OK",NA
"sg_lasso","Germany","Expenditures","2023-09-01",4578.16210853273,NA,0.203189959085035,0.5,0.30282088319364,4,4,4,2023-09-01,5057,"Total expenditures accrual","Y_lag1; HICPX_leg0; Unemployment inflows_leg0; Energy prices_leg0","OK",NA
"sg_lasso","Germany","Expenditures","2023-09-05",4578.16210853273,NA,0.203189959085035,0.5,0.30282088319364,4,4,4,2023-09-01,5057,"Total expenditures accrual","Y_lag1; HICPX_leg0; Unemployment inflows_leg0; Energy prices_leg0","OK",NA
"sg_lasso","Germany","Expenditures","2023-09-15",-955.679615457875,NA,0.0519897656826892,0.5,0.473814195911102,10,10,10,2023-09-01,10647,"Total expenditures accrual","Y_lag1; 10y yield_leg0; HICPX_leg0; Debt-to-GDP ratio_leg0; Unemployment inflows_leg0; Share of LT unemp_leg0; Retail sales_leg0; Hours worked_leg0; Energy prices_leg0; Cash expenditures_leg0","OK",NA
"sg_lasso","Germany","Expenditures","2023-09-27",-1505.65620979425,NA,0.0626218568220236,0.5,0.50482711521411,10,10,10,2023-09-01,10647,"Total expenditures accrual","Y_lag1; 10y yield_leg0; HICPX_leg0; Debt-to-GDP ratio_leg0; Unemployment inflows_leg0; Share of LT unemp_leg0; Retail sales_leg0; Hours worked_leg0; Energy prices_leg0; Cash expenditures_leg0","OK",NA
"sg_lasso","Germany","Expenditures","2023-10-01",-4161.11628774452,NA,0.0626218568220236,0.5,0.50482711521411,10,10,10,2023-10-01,10647,"Total expenditures accrual","Y_lag1; 10y yield_leg0; HICPX_leg0; Debt-to-GDP ratio_leg0; Unemployment inflows_leg0; Share of LT unemp_leg0; Retail sales_leg0; Hours worked_leg0; Energy prices_leg0; Cash expenditures_leg0","OK",NA
"sg_lasso","Germany","Expenditures","2023-10-07",-4160.25396579373,NA,0.0626218568220236,0.5,0.50482711521411,10,10,10,2023-10-01,10647,"Total expenditures accrual","Y_lag1; 10y yield_leg0; HICPX_leg0; Debt-to-GDP ratio_leg0; Unemployment inflows_leg0; Share of LT unemp_leg0; Retail sales_leg0; Hours worked_leg0; Energy prices_leg0; Cash expenditures_leg0","OK",NA
"sg_lasso","Germany","Expenditures","2023-10-15",-4231.40329378683,NA,0.0626218568220236,0.5,0.50482711521411,10,10,10,2023-10-01,10647,"Total expenditures accrual","Y_lag1; 10y yield_leg0; HICPX_leg0; Debt-to-GDP ratio_leg0; Unemployment inflows_leg0; Share of LT unemp_leg0; Retail sales_leg0; Hours worked_leg0; Energy prices_leg0; Cash expenditures_leg0","OK",NA
"sg_lasso","Germany","Expenditures","2023-10-27",-1311.37668480776,NA,0.0626218568220236,0.5,0.50482711521411,10,10,10,2023-10-01,10647,"Total expenditures accrual","Y_lag1; 10y yield_leg0; HICPX_leg0; Debt-to-GDP ratio_leg0; Unemployment inflows_leg0; Share of LT unemp_leg0; Retail sales_leg0; Hours worked_leg0; Energy prices_leg0; Cash expenditures_leg0","OK",NA
"sg_lasso","Germany","Expenditures","2023-11-01",-616.643438390339,NA,0.0626218568220236,0.5,0.50482711521411,10,10,10,2023-11-01,10647,"Total expenditures accrual","Y_lag1; 10y yield_leg0; HICPX_leg0; Debt-to-GDP ratio_leg0; Unemployment inflows_leg0; Share of LT unemp_leg0; Retail sales_leg0; Hours worked_leg0; Energy prices_leg0; Cash expenditures_leg0","OK",NA
"sg_lasso","Germany","Expenditures","2023-11-03",-620.315734563689,NA,0.0626218568220236,0.5,0.50482711521411,10,10,10,2023-11-01,10647,"Total expenditures accrual","Y_lag1; 10y yield_leg0; HICPX_leg0; Debt-to-GDP ratio_leg0; Unemployment inflows_leg0; Share of LT unemp_leg0; Retail sales_leg0; Hours worked_leg0; Energy prices_leg0; Cash expenditures_leg0","OK",NA
"sg_lasso","Germany","Expenditures","2023-11-15",-518.242876804817,NA,0.0626218568220236,0.5,0.50482711521411,10,10,10,2023-11-01,10647,"Total expenditures accrual","Y_lag1; 10y yield_leg0; HICPX_leg0; Debt-to-GDP ratio_leg0; Unemployment inflows_leg0; Share of LT unemp_leg0; Retail sales_leg0; Hours worked_leg0; Energy prices_leg0; Cash expenditures_leg0","OK",NA
"sg_lasso","Germany","Expenditures","2023-11-27",233.640220075148,NA,0.0626218568220236,0.5,0.50482711521411,10,10,10,2023-11-01,10647,"Total expenditures accrual","Y_lag1; 10y yield_leg0; HICPX_leg0; Debt-to-GDP ratio_leg0; Unemployment inflows_leg0; Share of LT unemp_leg0; Retail sales_leg0; Hours worked_leg0; Energy prices_leg0; Cash expenditures_leg0","OK",NA
"sg_lasso","Germany","Expenditures","2023-12-01",4035.78029157313,NA,0.0626218568220236,0.5,0.50482711521411,10,10,10,2023-12-01,10647,"Total expenditures accrual","Y_lag1; 10y yield_leg0; HICPX_leg0; Debt-to-GDP ratio_leg0; Unemployment inflows_leg0; Share of LT unemp_leg0; Retail sales_leg0; Hours worked_leg0; Energy prices_leg0; Cash expenditures_leg0","OK",NA
"sg_lasso","Germany","Expenditures","2023-12-05",4037.6503064404,NA,0.0626218568220236,0.5,0.50482711521411,10,10,10,2023-12-01,10647,"Total expenditures accrual","Y_lag1; 10y yield_leg0; HICPX_leg0; Debt-to-GDP ratio_leg0; Unemployment inflows_leg0; Share of LT unemp_leg0; Retail sales_leg0; Hours worked_leg0; Energy prices_leg0; Cash expenditures_leg0","OK",NA
"sg_lasso","Germany","Expenditures","2023-12-15",3549.16921934423,NA,0.338902834535718,0.5,1.01322660212274,2,2,2,2023-12-01,8328,"Total expenditures accrual","Y_lag1; Unemployment inflows_leg0","OK",NA
"sg_lasso","Germany","Expenditures","2023-12-27",3549.16921934423,NA,0.338902834535718,0.5,1.01322664827604,2,2,2,2023-12-01,8328,"Total expenditures accrual","Y_lag1; Unemployment inflows_leg0","OK",NA
"sg_lasso","Germany","Expenditures","2024-01-01",3433.66150109468,NA,0.338902834535718,0.5,1.01322664827604,2,2,2,2024-01-01,8328,"Total expenditures accrual","Y_lag1; Unemployment inflows_leg0","OK",NA
"sg_lasso","Germany","Expenditures","2024-01-15",3400.65929588053,NA,0.338902834535718,0.5,1.01322664827604,2,2,2,2024-01-01,8328,"Total expenditures accrual","Y_lag1; Unemployment inflows_leg0","OK",NA
"sg_lasso","Germany","Expenditures","2024-01-27",3400.65929588053,NA,0.338902834535718,0.5,1.01322664827604,2,2,2,2024-01-01,8328,"Total expenditures accrual","Y_lag1; Unemployment inflows_leg0","OK",NA
"sg_lasso","Germany","Expenditures","2024-02-01",3285.15157763098,NA,0.338902834535718,0.5,1.01322664827604,2,2,2,2024-02-01,8328,"Total expenditures accrual","Y_lag1; Unemployment inflows_leg0","OK",NA
"sg_lasso","Germany","Expenditures","2024-02-04",3285.15157763098,NA,0.338902834535718,0.5,1.01322664827604,2,2,2,2024-02-01,8328,"Total expenditures accrual","Y_lag1; Unemployment inflows_leg0","OK",NA
"sg_lasso","Germany","Expenditures","2024-02-15",3318.15378284514,NA,0.338902834535718,0.5,1.01322664827604,2,2,2,2024-02-01,8328,"Total expenditures accrual","Y_lag1; Unemployment inflows_leg0","OK",NA
"sg_lasso","Germany","Expenditures","2024-02-27",3318.15378284514,NA,0.338902834535718,0.5,1.01322664827604,2,2,2,2024-02-01,8328,"Total expenditures accrual","Y_lag1; Unemployment inflows_leg0","OK",NA
"sg_lasso","Germany","Expenditures","2024-03-01",3318.15378284514,NA,0.338902834535718,0.5,1.01322664827604,2,2,2,2024-03-01,8328,"Total expenditures accrual","Y_lag1; Unemployment inflows_leg0","OK",NA
"sg_lasso","Germany","Expenditures","2024-03-05",3318.15378284514,NA,0.338902834535718,0.5,1.01322664827604,2,2,2,2024-03-01,8328,"Total expenditures accrual","Y_lag1; Unemployment inflows_leg0","OK",NA
"sg_lasso","Germany","Expenditures","2024-03-15",4689.43946684278,NA,0.110455328683904,0.5,0.250105040211504,5,5,5,2024-03-01,4808,"Total expenditures accrual","Y_lag1; HICPX_leg0; Unemployment inflows_leg0; Hours worked_leg0; Energy prices_leg0","OK",NA
"sg_lasso","Germany","Expenditures","2024-03-27",4982.29296991283,NA,0.110455328683904,0.5,0.250707513827682,5,5,5,2024-03-01,4808,"Total expenditures accrual","Y_lag1; HICPX_leg0; Unemployment inflows_leg0; Hours worked_leg0; Energy prices_leg0","OK",NA
"sg_lasso","Germany","Expenditures","2024-04-01",5061.3655054707,NA,0.110455328683904,0.5,0.250707513827682,5,5,5,2024-04-01,4808,"Total expenditures accrual","Y_lag1; HICPX_leg0; Unemployment inflows_leg0; Hours worked_leg0; Energy prices_leg0","OK",NA
"sg_lasso","Germany","Expenditures","2024-04-15",5337.40544526159,NA,0.110455328683904,0.5,0.250707513827682,5,5,5,2024-04-01,4808,"Total expenditures accrual","Y_lag1; HICPX_leg0; Unemployment inflows_leg0; Hours worked_leg0; Energy prices_leg0","OK",NA
"sg_lasso","Germany","Expenditures","2024-04-27",5293.58687714582,NA,0.110455328683904,0.5,0.250707513827682,5,5,5,2024-04-01,4808,"Total expenditures accrual","Y_lag1; HICPX_leg0; Unemployment inflows_leg0; Hours worked_leg0; Energy prices_leg0","OK",NA
"sg_lasso","Germany","Expenditures","2024-05-01",5864.03815013688,NA,0.110455328683904,0.5,0.250707513827682,5,5,5,2024-05-01,4808,"Total expenditures accrual","Y_lag1; HICPX_leg0; Unemployment inflows_leg0; Hours worked_leg0; Energy prices_leg0","OK",NA
"sg_lasso","Germany","Expenditures","2024-05-03",5864.03815013688,NA,0.110455328683904,0.5,0.250707513827682,5,5,5,2024-05-01,4808,"Total expenditures accrual","Y_lag1; HICPX_leg0; Unemployment inflows_leg0; Hours worked_leg0; Energy prices_leg0","OK",NA
"sg_lasso","Germany","Expenditures","2024-05-15",6002.05812003232,NA,0.110455328683904,0.5,0.250707513827682,5,5,5,2024-05-01,4808,"Total expenditures accrual","Y_lag1; HICPX_leg0; Unemployment inflows_leg0; Hours worked_leg0; Energy prices_leg0","OK",NA
"sg_lasso","Germany","Expenditures","2024-05-27",7548.52624390437,NA,0.110455328683904,0.5,0.250707513827682,5,5,5,2024-05-01,4808,"Total expenditures accrual","Y_lag1; HICPX_leg0; Unemployment inflows_leg0; Hours worked_leg0; Energy prices_leg0","OK",NA
"sg_lasso","Germany","Expenditures","2024-06-01",9465.23570934698,NA,0.110455328683904,0.5,0.250707513827682,5,5,5,2024-06-01,4808,"Total expenditures accrual","Y_lag1; HICPX_leg0; Unemployment inflows_leg0; Hours worked_leg0; Energy prices_leg0","OK",NA
"sg_lasso","Germany","Expenditures","2024-06-06",9465.23570934698,NA,0.110455328683904,0.5,0.250707513827682,5,5,5,2024-06-01,4808,"Total expenditures accrual","Y_lag1; HICPX_leg0; Unemployment inflows_leg0; Hours worked_leg0; Energy prices_leg0","OK",NA
"sg_lasso","Germany","Expenditures","2024-06-15",9811.10388442857,NA,0.0686402979675518,0.5,0.19078865308295,8,8,8,2024-06-01,5137,"Total expenditures accrual","Y_lag1; 10y yield_leg0; HICPX_leg0; Debt-to-GDP ratio_leg0; Unemployment inflows_leg0; Share of LT unemp_leg0; Hours worked_leg0; Energy prices_leg0","OK",NA
"sg_lasso","Germany","Expenditures","2024-06-27",9182.14330361646,NA,0.0686402979675518,0.5,0.189777959819254,8,8,8,2024-06-01,5137,"Total expenditures accrual","Y_lag1; 10y yield_leg0; HICPX_leg0; Debt-to-GDP ratio_leg0; Unemployment inflows_leg0; Share of LT unemp_leg0; Hours worked_leg0; Energy prices_leg0","OK",NA
"sg_lasso","Germany","Expenditures","2024-07-01",10358.9667611586,NA,0.0686402979675518,0.5,0.189777959819254,8,8,8,2024-07-01,5137,"Total expenditures accrual","Y_lag1; 10y yield_leg0; HICPX_leg0; Debt-to-GDP ratio_leg0; Unemployment inflows_leg0; Share of LT unemp_leg0; Hours worked_leg0; Energy prices_leg0","OK",NA
"sg_lasso","Germany","Expenditures","2024-07-15",10025.6826643898,NA,0.0686402979675518,0.5,0.189777959819254,8,8,8,2024-07-01,5137,"Total expenditures accrual","Y_lag1; 10y yield_leg0; HICPX_leg0; Debt-to-GDP ratio_leg0; Unemployment inflows_leg0; Share of LT unemp_leg0; Hours worked_leg0; Energy prices_leg0","OK",NA
"sg_lasso","Germany","Expenditures","2024-07-27",9470.69430174354,NA,0.0686402979675518,0.5,0.189777959819254,8,8,8,2024-07-01,5137,"Total expenditures accrual","Y_lag1; 10y yield_leg0; HICPX_leg0; Debt-to-GDP ratio_leg0; Unemployment inflows_leg0; Share of LT unemp_leg0; Hours worked_leg0; Energy prices_leg0","OK",NA
"sg_lasso","Germany","Expenditures","2024-08-01",7852.17188887547,NA,0.0686402979675518,0.5,0.189777959819254,8,8,8,2024-08-01,5137,"Total expenditures accrual","Y_lag1; 10y yield_leg0; HICPX_leg0; Debt-to-GDP ratio_leg0; Unemployment inflows_leg0; Share of LT unemp_leg0; Hours worked_leg0; Energy prices_leg0","OK",NA
"sg_lasso","Germany","Expenditures","2024-08-04",7852.17188887547,NA,0.0686402979675518,0.5,0.189777959819254,8,8,8,2024-08-01,5137,"Total expenditures accrual","Y_lag1; 10y yield_leg0; HICPX_leg0; Debt-to-GDP ratio_leg0; Unemployment inflows_leg0; Share of LT unemp_leg0; Hours worked_leg0; Energy prices_leg0","OK",NA
"sg_lasso","Germany","Expenditures","2024-08-15",7286.27701831106,NA,0.0686402979675518,0.5,0.189777959819254,8,8,8,2024-08-01,5137,"Total expenditures accrual","Y_lag1; 10y yield_leg0; HICPX_leg0; Debt-to-GDP ratio_leg0; Unemployment inflows_leg0; Share of LT unemp_leg0; Hours worked_leg0; Energy prices_leg0","OK",NA
"sg_lasso","Germany","Expenditures","2024-08-27",7755.9875869861,NA,0.0686402979675518,0.5,0.189777959819254,8,8,8,2024-08-01,5137,"Total expenditures accrual","Y_lag1; 10y yield_leg0; HICPX_leg0; Debt-to-GDP ratio_leg0; Unemployment inflows_leg0; Share of LT unemp_leg0; Hours worked_leg0; Energy prices_leg0","OK",NA
"sg_lasso","Germany","Expenditures","2024-09-01",6771.95225769048,NA,0.0686402979675518,0.5,0.189777959819254,8,8,8,2024-09-01,5137,"Total expenditures accrual","Y_lag1; 10y yield_leg0; HICPX_leg0; Debt-to-GDP ratio_leg0; Unemployment inflows_leg0; Share of LT unemp_leg0; Hours worked_leg0; Energy prices_leg0","OK",NA
"sg_lasso","Germany","Expenditures","2024-09-07",6771.95225769048,NA,0.0686402979675518,0.5,0.189777959819254,8,8,8,2024-09-01,5137,"Total expenditures accrual","Y_lag1; 10y yield_leg0; HICPX_leg0; Debt-to-GDP ratio_leg0; Unemployment inflows_leg0; Share of LT unemp_leg0; Hours worked_leg0; Energy prices_leg0","OK",NA
"sg_lasso","Germany","Expenditures","2024-09-15",4603.43504366609,NA,0.232035401826872,0.5,0.159279206862415,3,3,3,2024-09-01,7655,"Total expenditures accrual","Y_lag1; Unemployment inflows_leg0; Energy prices_leg0","OK",NA
"sg_lasso","Germany","Expenditures","2024-09-27",4660.35787560411,NA,0.232035401826872,0.5,0.159264321969129,3,3,3,2024-09-01,7655,"Total expenditures accrual","Y_lag1; Unemployment inflows_leg0; Energy prices_leg0","OK",NA
"sg_lasso","Germany","Expenditures","2024-10-01",4592.57317197465,NA,0.232035401826872,0.5,0.159264321969129,3,3,3,2024-10-01,7655,"Total expenditures accrual","Y_lag1; Unemployment inflows_leg0; Energy prices_leg0","OK",NA
"sg_lasso","Germany","Expenditures","2024-10-02",4592.57317197465,NA,0.232035401826872,0.5,0.159264321969129,3,3,3,2024-10-01,7655,"Total expenditures accrual","Y_lag1; Unemployment inflows_leg0; Energy prices_leg0","OK",NA
"sg_lasso","Germany","Expenditures","2024-10-15",4513.63640867239,NA,0.232035401826872,0.5,0.159264321969129,3,3,3,2024-10-01,7655,"Total expenditures accrual","Y_lag1; Unemployment inflows_leg0; Energy prices_leg0","OK",NA
"sg_lasso","Germany","Expenditures","2024-10-27",4167.49824277025,NA,0.232035401826872,0.5,0.159264321969129,3,3,3,2024-10-01,7655,"Total expenditures accrual","Y_lag1; Unemployment inflows_leg0; Energy prices_leg0","OK",NA
"sg_lasso","Germany","Expenditures","2024-11-01",3643.5749544448,NA,0.232035401826872,0.5,0.159264321969129,3,3,3,2024-11-01,7655,"Total expenditures accrual","Y_lag1; Unemployment inflows_leg0; Energy prices_leg0","OK",NA
"sg_lasso","Germany","Expenditures","2024-11-05",3643.5749544448,NA,0.232035401826872,0.5,0.159264321969129,3,3,3,2024-11-01,7655,"Total expenditures accrual","Y_lag1; Unemployment inflows_leg0; Energy prices_leg0","OK",NA
"sg_lasso","Germany","Expenditures","2024-11-15",3801.44848104933,NA,0.232035401826872,0.5,0.159264321969129,3,3,3,2024-11-01,7655,"Total expenditures accrual","Y_lag1; Unemployment inflows_leg0; Energy prices_leg0","OK",NA
"sg_lasso","Germany","Expenditures","2024-11-27",3892.74128938534,NA,0.232035401826872,0.5,0.159264321969129,3,3,3,2024-11-01,7655,"Total expenditures accrual","Y_lag1; Unemployment inflows_leg0; Energy prices_leg0","OK",NA
"sg_lasso","Germany","Expenditures","2024-12-01",3716.83269512147,NA,0.232035401826872,0.5,0.159264321969129,3,3,3,2024-12-01,7655,"Total expenditures accrual","Y_lag1; Unemployment inflows_leg0; Energy prices_leg0","OK",NA
"sg_lasso","Germany","Expenditures","2024-12-07",3716.83269512147,NA,0.232035401826872,0.5,0.159264321969129,3,3,3,2024-12-01,7655,"Total expenditures accrual","Y_lag1; Unemployment inflows_leg0; Energy prices_leg0","OK",NA
"sg_lasso","Germany","Expenditures","2024-12-15",4801.65461004481,NA,0.12163869077453,0.5,0.122408349136847,5,5,5,2024-12-01,6995,"Total expenditures accrual","Y_lag1; HICPX_leg0; Unemployment inflows_leg0; Hours worked_leg0; Energy prices_leg0","OK",NA
"sg_lasso","Germany","Expenditures","2024-12-27",5240.21051743707,NA,0.12163869077453,0.5,0.12295797761878,5,5,5,2024-12-01,6995,"Total expenditures accrual","Y_lag1; HICPX_leg0; Unemployment inflows_leg0; Hours worked_leg0; Energy prices_leg0","OK",NA
"sg_lasso","Germany","Expenditures","2025-01-01",5749.36645573253,NA,0.12163869077453,0.5,0.12295797761878,5,5,5,2025-01-01,6995,"Total expenditures accrual","Y_lag1; HICPX_leg0; Unemployment inflows_leg0; Hours worked_leg0; Energy prices_leg0","OK",NA
"sg_lasso","Germany","Expenditures","2025-01-03",5749.36645573253,NA,0.12163869077453,0.5,0.12295797761878,5,5,5,2025-01-01,6995,"Total expenditures accrual","Y_lag1; HICPX_leg0; Unemployment inflows_leg0; Hours worked_leg0; Energy prices_leg0","OK",NA
"sg_lasso","Germany","Expenditures","2025-01-15",6192.04141454571,NA,0.12163869077453,0.5,0.12295797761878,5,5,5,2025-01-01,6995,"Total expenditures accrual","Y_lag1; HICPX_leg0; Unemployment inflows_leg0; Hours worked_leg0; Energy prices_leg0","OK",NA
"sg_lasso","Germany","Expenditures","2025-01-27",5083.01320379112,NA,0.12163869077453,0.5,0.12295797761878,5,5,5,2025-01-01,6995,"Total expenditures accrual","Y_lag1; HICPX_leg0; Unemployment inflows_leg0; Hours worked_leg0; Energy prices_leg0","OK",NA
"sg_lasso","Germany","Expenditures","2025-02-01",5098.7772626868,NA,0.12163869077453,0.5,0.12295797761878,5,5,5,2025-02-01,6995,"Total expenditures accrual","Y_lag1; HICPX_leg0; Unemployment inflows_leg0; Hours worked_leg0; Energy prices_leg0","OK",NA
"sg_lasso","Germany","Expenditures","2025-02-06",5098.7772626868,NA,0.12163869077453,0.5,0.12295797761878,5,5,5,2025-02-01,6995,"Total expenditures accrual","Y_lag1; HICPX_leg0; Unemployment inflows_leg0; Hours worked_leg0; Energy prices_leg0","OK",NA
"sg_lasso","Germany","Expenditures","2025-02-15",5478.21294166953,NA,0.12163869077453,0.5,0.12295797761878,5,5,5,2025-02-01,6995,"Total expenditures accrual","Y_lag1; HICPX_leg0; Unemployment inflows_leg0; Hours worked_leg0; Energy prices_leg0","OK",NA
"sg_lasso","Germany","Expenditures","2025-02-27",6005.8155042728,NA,0.12163869077453,0.5,0.12295797761878,5,5,5,2025-02-01,6995,"Total expenditures accrual","Y_lag1; HICPX_leg0; Unemployment inflows_leg0; Hours worked_leg0; Energy prices_leg0","OK",NA
"sg_lasso","Germany","Expenditures","2025-03-01",6246.5004939174,NA,0.12163869077453,0.5,0.12295797761878,5,5,5,2025-03-01,6995,"Total expenditures accrual","Y_lag1; HICPX_leg0; Unemployment inflows_leg0; Hours worked_leg0; Energy prices_leg0","OK",NA
"sg_lasso","Germany","Expenditures","2025-03-06",6246.5004939174,NA,0.12163869077453,0.5,0.12295797761878,5,5,5,2025-03-01,6995,"Total expenditures accrual","Y_lag1; HICPX_leg0; Unemployment inflows_leg0; Hours worked_leg0; Energy prices_leg0","OK",NA
"sg_lasso","Germany","Expenditures","2025-03-15",7182.5880540466,NA,0.130433152450104,0.5,0.143088391162774,5,5,5,2025-03-01,4286,"Total expenditures accrual","Y_lag1; HICPX_leg0; Unemployment inflows_leg0; Hours worked_leg0; Energy prices_leg0","OK",NA
"sg_lasso","Germany","Expenditures","2025-03-27",8109.60831709887,NA,0.130433152450104,0.5,0.147178106927883,5,5,5,2025-03-01,4286,"Total expenditures accrual","Y_lag1; HICPX_leg0; Unemployment inflows_leg0; Hours worked_leg0; Energy prices_leg0","OK",NA
"sg_lasso","Germany","Expenditures","2025-04-01",10203.2264099857,NA,0.130433152450104,0.5,0.147178106927883,5,5,5,2025-04-01,4286,"Total expenditures accrual","Y_lag1; HICPX_leg0; Unemployment inflows_leg0; Hours worked_leg0; Energy prices_leg0","OK",NA
"sg_lasso","Germany","Expenditures","2025-04-02",10203.2264099857,NA,0.130433152450104,0.5,0.147178106927883,5,5,5,2025-04-01,4286,"Total expenditures accrual","Y_lag1; HICPX_leg0; Unemployment inflows_leg0; Hours worked_leg0; Energy prices_leg0","OK",NA
"sg_lasso","Germany","Expenditures","2025-04-15",10145.6229123346,NA,0.130433152450104,0.5,0.147178106927883,5,5,5,2025-04-01,4286,"Total expenditures accrual","Y_lag1; HICPX_leg0; Unemployment inflows_leg0; Hours worked_leg0; Energy prices_leg0","OK",NA
"sg_lasso","Germany","Expenditures","2025-04-27",9678.88920264916,NA,0.130433152450104,0.5,0.147178106927883,5,5,5,2025-04-01,4286,"Total expenditures accrual","Y_lag1; HICPX_leg0; Unemployment inflows_leg0; Hours worked_leg0; Energy prices_leg0","OK",NA
"sg_lasso","Germany","Expenditures","2025-05-01",10415.4952558208,NA,0.130433152450104,0.5,0.147178106927883,5,5,5,2025-05-01,4286,"Total expenditures accrual","Y_lag1; HICPX_leg0; Unemployment inflows_leg0; Hours worked_leg0; Energy prices_leg0","OK",NA
"sg_lasso","Germany","Expenditures","2025-05-04",10415.4952558208,NA,0.130433152450104,0.5,0.147178106927883,5,5,5,2025-05-01,4286,"Total expenditures accrual","Y_lag1; HICPX_leg0; Unemployment inflows_leg0; Hours worked_leg0; Energy prices_leg0","OK",NA
"sg_lasso","Germany","Expenditures","2025-05-15",10242.6847628675,NA,0.130433152450104,0.5,0.147178106927883,5,5,5,2025-05-01,4286,"Total expenditures accrual","Y_lag1; HICPX_leg0; Unemployment inflows_leg0; Hours worked_leg0; Energy prices_leg0","OK",NA
"sg_lasso","Germany","Expenditures","2025-05-27",10614.746371688,NA,0.130433152450104,0.5,0.147178106927883,5,5,5,2025-05-01,4286,"Total expenditures accrual","Y_lag1; HICPX_leg0; Unemployment inflows_leg0; Hours worked_leg0; Energy prices_leg0","OK",NA
"sg_lasso","Germany","Expenditures","2025-06-01",10289.6602802186,NA,0.130433152450104,0.5,0.147178106927883,5,5,5,2025-06-01,4286,"Total expenditures accrual","Y_lag1; HICPX_leg0; Unemployment inflows_leg0; Hours worked_leg0; Energy prices_leg0","OK",NA
"sg_lasso","Germany","Expenditures","2025-06-07",10289.6602802186,NA,0.130433152450104,0.5,0.147178106927883,5,5,5,2025-06-01,4286,"Total expenditures accrual","Y_lag1; HICPX_leg0; Unemployment inflows_leg0; Hours worked_leg0; Energy prices_leg0","OK",NA
"sg_lasso","Germany","Expenditures","2025-06-15",8381.24574960455,NA,0.143915744228006,0.5,0.123749880298563,5,5,5,2025-06-01,7477,"Total expenditures accrual","Y_lag1; HICPX_leg0; Unemployment inflows_leg0; Hours worked_leg0; Energy prices_leg0","OK",NA
"sg_lasso","Germany","Expenditures","2025-06-27",8272.89286424818,NA,0.131130666159201,0.5,0.122010939285501,5,5,5,2025-06-01,7477,"Total expenditures accrual","Y_lag1; HICPX_leg0; Unemployment inflows_leg0; Hours worked_leg0; Energy prices_leg0","OK",NA
"sg_lasso","Germany","Expenditures","2025-07-01",7836.86674203303,NA,0.131130666159201,0.5,0.122010939285501,5,5,5,2025-07-01,7477,"Total expenditures accrual","Y_lag1; HICPX_leg0; Unemployment inflows_leg0; Hours worked_leg0; Energy prices_leg0","OK",NA
"sg_lasso","Germany","Expenditures","2025-07-02",7836.86674203303,NA,0.131130666159201,0.5,0.122010939285501,5,5,5,2025-07-01,7477,"Total expenditures accrual","Y_lag1; HICPX_leg0; Unemployment inflows_leg0; Hours worked_leg0; Energy prices_leg0","OK",NA
"sg_lasso","Germany","Expenditures","2025-07-15",7505.74691738746,NA,0.131130666159201,0.5,0.122010939285501,5,5,5,2025-07-01,7477,"Total expenditures accrual","Y_lag1; HICPX_leg0; Unemployment inflows_leg0; Hours worked_leg0; Energy prices_leg0","OK",NA
"sg_lasso","Germany","Expenditures","2025-07-27",7784.59519691366,NA,0.131130666159201,0.5,0.122010939285501,5,5,5,2025-07-01,7477,"Total expenditures accrual","Y_lag1; HICPX_leg0; Unemployment inflows_leg0; Hours worked_leg0; Energy prices_leg0","OK",NA
"sg_lasso","Germany","Expenditures","2025-08-01",7096.56594789454,NA,0.131130666159201,0.5,0.122010939285501,5,5,5,2025-08-01,7477,"Total expenditures accrual","Y_lag1; HICPX_leg0; Unemployment inflows_leg0; Hours worked_leg0; Energy prices_leg0","OK",NA
"sg_lasso","Germany","Expenditures","2025-08-05",7096.56594789454,NA,0.131130666159201,0.5,0.122010939285501,5,5,5,2025-08-01,7477,"Total expenditures accrual","Y_lag1; HICPX_leg0; Unemployment inflows_leg0; Hours worked_leg0; Energy prices_leg0","OK",NA
"sg_lasso","Germany","Expenditures","2025-08-15",6931.00603557176,NA,0.131130666159201,0.5,0.122010939285501,5,5,5,2025-08-01,7477,"Total expenditures accrual","Y_lag1; HICPX_leg0; Unemployment inflows_leg0; Hours worked_leg0; Energy prices_leg0","OK",NA
"sg_lasso","Germany","Expenditures","2025-08-27",7116.90488858922,NA,0.131130666159201,0.5,0.122010939285501,5,5,5,2025-08-01,7477,"Total expenditures accrual","Y_lag1; HICPX_leg0; Unemployment inflows_leg0; Hours worked_leg0; Energy prices_leg0","OK",NA
"sg_lasso","Germany","Expenditures","2025-09-01",7084.97228416454,NA,0.131130666159201,0.5,0.122010939285501,5,5,5,2025-09-01,7477,"Total expenditures accrual","Y_lag1; HICPX_leg0; Unemployment inflows_leg0; Hours worked_leg0; Energy prices_leg0","OK",NA
"sg_lasso","Germany","Expenditures","2025-09-15",6465.48296832738,NA,0.121323299116291,0.5,0.112253368851619,5,5,5,2025-09-01,9968,"Total expenditures accrual","Y_lag1; HICPX_leg0; Unemployment inflows_leg0; Hours worked_leg0; Energy prices_leg0","OK",NA
"sg_lasso","Germany","Expenditures","2025-09-27",6578.51839902769,NA,0.121323299116291,0.5,0.112361021869395,5,5,5,2025-09-01,9968,"Total expenditures accrual","Y_lag1; HICPX_leg0; Unemployment inflows_leg0; Hours worked_leg0; Energy prices_leg0","OK",NA
"sg_lasso","Germany","Expenditures","2025-10-01",6650.31213563201,NA,0.121323299116291,0.5,0.112361021869395,5,5,5,2025-10-01,9968,"Total expenditures accrual","Y_lag1; HICPX_leg0; Unemployment inflows_leg0; Hours worked_leg0; Energy prices_leg0","OK",NA
"sg_lasso","Germany","Expenditures","2025-10-03",6650.31213563201,NA,0.121323299116291,0.5,0.112361021869395,5,5,5,2025-10-01,9968,"Total expenditures accrual","Y_lag1; HICPX_leg0; Unemployment inflows_leg0; Hours worked_leg0; Energy prices_leg0","OK",NA
"sg_lasso","Germany","Expenditures","2025-10-15",6592.69034377737,NA,0.121323299116291,0.5,0.112361021869395,5,5,5,2025-10-01,9968,"Total expenditures accrual","Y_lag1; HICPX_leg0; Unemployment inflows_leg0; Hours worked_leg0; Energy prices_leg0","OK",NA
"sg_lasso","Germany","Expenditures","2025-10-27",6240.20978080176,NA,0.121323299116291,0.5,0.112361021869395,5,5,5,2025-10-01,9968,"Total expenditures accrual","Y_lag1; HICPX_leg0; Unemployment inflows_leg0; Hours worked_leg0; Energy prices_leg0","OK",NA
"sg_lasso","Germany","Expenditures","2025-11-01",5839.77949615601,NA,0.121323299116291,0.5,0.112361021869395,5,5,5,2025-11-01,9968,"Total expenditures accrual","Y_lag1; HICPX_leg0; Unemployment inflows_leg0; Hours worked_leg0; Energy prices_leg0","OK",NA
"sg_lasso","Germany","Expenditures","2025-11-06",5839.77949615601,NA,0.121323299116291,0.5,0.112361021869395,5,5,5,2025-11-01,9968,"Total expenditures accrual","Y_lag1; HICPX_leg0; Unemployment inflows_leg0; Hours worked_leg0; Energy prices_leg0","OK",NA
"sg_lasso","Germany","Expenditures","2025-11-15",6012.64487171992,NA,0.121323299116291,0.5,0.112361021869395,5,5,5,2025-11-01,9968,"Total expenditures accrual","Y_lag1; HICPX_leg0; Unemployment inflows_leg0; Hours worked_leg0; Energy prices_leg0","OK",NA
"sg_lasso","Germany","Expenditures","2025-11-27",6365.12543469553,NA,0.121323299116291,0.5,0.112361021869395,5,5,5,2025-11-01,9968,"Total expenditures accrual","Y_lag1; HICPX_leg0; Unemployment inflows_leg0; Hours worked_leg0; Energy prices_leg0","OK",NA
"sg_lasso","Germany","Expenditures","2025-12-01",6480.36901840481,NA,0.121323299116291,0.5,0.112361021869395,5,5,5,2025-12-01,9968,"Total expenditures accrual","Y_lag1; HICPX_leg0; Unemployment inflows_leg0; Hours worked_leg0; Energy prices_leg0","OK",NA
"sg_lasso","Germany","Expenditures","2025-12-15",7037.82014326315,NA,0.112184425605478,0.5,0.0979513855834576,5,5,5,2025-12-01,9968,"Total expenditures accrual","Y_lag1; HICPX_leg0; Unemployment inflows_leg0; Hours worked_leg0; Energy prices_leg0","OK",NA
"sg_lasso","Germany","Expenditures","2025-12-27",6129.31545650532,NA,0.112184425605478,0.5,0.0962124039332697,5,5,5,2025-12-01,9968,"Total expenditures accrual","Y_lag1; HICPX_leg0; Unemployment inflows_leg0; Hours worked_leg0; Energy prices_leg0","OK",NA
"sg_lasso","Germany","Expenditures","2026-01-15",5960.85784110011,NA,0.112184425605478,0.5,0.0962124039332697,5,5,5,2026-01-01,9968,"Total expenditures accrual","Y_lag1; HICPX_leg0; Unemployment inflows_leg0; Hours worked_leg0; Energy prices_leg0","OK",NA
"sg_lasso","Germany","Expenditures","2026-02-15",5214.32440926405,NA,0.112184425605478,0.5,0.0962124039332697,5,5,5,2026-02-01,9968,"Total expenditures accrual","Y_lag1; HICPX_leg0; Unemployment inflows_leg0; Hours worked_leg0; Energy prices_leg0","OK",NA
"sg_lasso","Germany","Expenditures","2026-03-15",5214.32440926405,NA,0.112184425605478,0.5,0.0962124039332697,5,5,5,2026-03-01,9968,"Total expenditures accrual","Y_lag1; HICPX_leg0; Unemployment inflows_leg0; Hours worked_leg0; Energy prices_leg0","OK",NA
