"model","country","block","publication_date","nowcast_value","nb_factors","lambda","gamma","cv_mse","df","n_selected","n_selected_groups","date_new","last_obs_y","target_name","selected_columns","status","error"
"ar1","Germany","Revenues","2013-01-01",4915.91525636787,NA,NA,NA,NA,NA,NA,NA,2013-01-01,-4832,"Total revenues accrual",NA,"OK",NA
"ar1","Germany","Revenues","2013-01-02",4915.91525636787,NA,NA,NA,NA,NA,NA,NA,2013-01-01,-4832,"Total revenues accrual",NA,"OK",NA
"ar1","Germany","Revenues","2013-01-05",4915.91525636787,NA,NA,NA,NA,NA,NA,NA,2013-01-01,-4832,"Total revenues accrual",NA,"OK",NA
"ar1","Germany","Revenues","2013-01-15",4915.91525636787,NA,NA,NA,NA,NA,NA,NA,2013-01-01,-4832,"Total revenues accrual",NA,"OK",NA
"ar1","Germany","Revenues","2013-01-27",4915.91525636787,NA,NA,NA,NA,NA,NA,NA,2013-01-01,-4832,"Total revenues accrual",NA,"OK",NA
"ar1","Germany","Revenues","2013-01-31",4915.91525636787,NA,NA,NA,NA,NA,NA,NA,2013-01-01,-4832,"Total revenues accrual",NA,"OK",NA
"ar1","Germany","Revenues","2013-02-01",4915.91525636787,NA,NA,NA,NA,NA,NA,NA,2013-02-01,-4832,"Total revenues accrual",NA,"OK",NA
"ar1","Germany","Revenues","2013-02-05",4915.91525636787,NA,NA,NA,NA,NA,NA,NA,2013-02-01,-4832,"Total revenues accrual",NA,"OK",NA
"ar1","Germany","Revenues","2013-02-15",4915.91525636787,NA,NA,NA,NA,NA,NA,NA,2013-02-01,-4832,"Total revenues accrual",NA,"OK",NA
"ar1","Germany","Revenues","2013-02-27",4915.91525636787,NA,NA,NA,NA,NA,NA,NA,2013-02-01,-4832,"Total revenues accrual",NA,"OK",NA
"ar1","Germany","Revenues","2013-02-28",4915.91525636787,NA,NA,NA,NA,NA,NA,NA,2013-02-01,-4832,"Total revenues accrual",NA,"OK",NA
"ar1","Germany","Revenues","2013-03-01",4915.91525636787,NA,NA,NA,NA,NA,NA,NA,2013-03-01,-4832,"Total revenues accrual",NA,"OK",NA
"ar1","Germany","Revenues","2013-03-05",4915.91525636787,NA,NA,NA,NA,NA,NA,NA,2013-03-01,-4832,"Total revenues accrual",NA,"OK",NA
"ar1","Germany","Revenues","2013-03-15",2913.22834780379,NA,NA,NA,NA,NA,NA,NA,2013-03-01,1765,"Total revenues accrual",NA,"OK",NA
"ar1","Germany","Revenues","2013-03-27",2913.22834780379,NA,NA,NA,NA,NA,NA,NA,2013-03-01,1765,"Total revenues accrual",NA,"OK",NA
"ar1","Germany","Revenues","2013-03-28",2913.22834780379,NA,NA,NA,NA,NA,NA,NA,2013-03-01,1765,"Total revenues accrual",NA,"OK",NA
"ar1","Germany","Revenues","2013-04-01",2913.22834780379,NA,NA,NA,NA,NA,NA,NA,2013-04-01,1765,"Total revenues accrual",NA,"OK",NA
"ar1","Germany","Revenues","2013-04-05",2913.22834780379,NA,NA,NA,NA,NA,NA,NA,2013-04-01,1765,"Total revenues accrual",NA,"OK",NA
"ar1","Germany","Revenues","2013-04-15",2913.22834780379,NA,NA,NA,NA,NA,NA,NA,2013-04-01,1765,"Total revenues accrual",NA,"OK",NA
"ar1","Germany","Revenues","2013-04-25",2913.22834780379,NA,NA,NA,NA,NA,NA,NA,2013-04-01,1765,"Total revenues accrual",NA,"OK",NA
"ar1","Germany","Revenues","2013-04-27",2913.22834780379,NA,NA,NA,NA,NA,NA,NA,2013-04-01,1765,"Total revenues accrual",NA,"OK",NA
"ar1","Germany","Revenues","2013-05-01",2913.22834780379,NA,NA,NA,NA,NA,NA,NA,2013-05-01,1765,"Total revenues accrual",NA,"OK",NA
"ar1","Germany","Revenues","2013-05-03",2913.22834780379,NA,NA,NA,NA,NA,NA,NA,2013-05-01,1765,"Total revenues accrual",NA,"OK",NA
"ar1","Germany","Revenues","2013-05-05",2913.22834780379,NA,NA,NA,NA,NA,NA,NA,2013-05-01,1765,"Total revenues accrual",NA,"OK",NA
"ar1","Germany","Revenues","2013-05-15",2913.22834780379,NA,NA,NA,NA,NA,NA,NA,2013-05-01,1765,"Total revenues accrual",NA,"OK",NA
"ar1","Germany","Revenues","2013-05-27",2913.22834780379,NA,NA,NA,NA,NA,NA,NA,2013-05-01,1765,"Total revenues accrual",NA,"OK",NA
"ar1","Germany","Revenues","2013-05-30",2913.22834780379,NA,NA,NA,NA,NA,NA,NA,2013-05-01,1765,"Total revenues accrual",NA,"OK",NA
"ar1","Germany","Revenues","2013-06-01",2913.22834780379,NA,NA,NA,NA,NA,NA,NA,2013-06-01,1765,"Total revenues accrual",NA,"OK",NA
"ar1","Germany","Revenues","2013-06-05",2913.22834780379,NA,NA,NA,NA,NA,NA,NA,2013-06-01,1765,"Total revenues accrual",NA,"OK",NA
"ar1","Germany","Revenues","2013-06-06",2913.22834780379,NA,NA,NA,NA,NA,NA,NA,2013-06-01,1765,"Total revenues accrual",NA,"OK",NA
"ar1","Germany","Revenues","2013-06-15",2308.5980866691,NA,NA,NA,NA,NA,NA,NA,2013-06-01,11186,"Total revenues accrual",NA,"OK",NA
"ar1","Germany","Revenues","2013-06-27",2308.5980866691,NA,NA,NA,NA,NA,NA,NA,2013-06-01,11186,"Total revenues accrual",NA,"OK",NA
"ar1","Germany","Revenues","2013-07-01",2308.5980866691,NA,NA,NA,NA,NA,NA,NA,2013-07-01,11186,"Total revenues accrual",NA,"OK",NA
"ar1","Germany","Revenues","2013-07-05",2308.5980866691,NA,NA,NA,NA,NA,NA,NA,2013-07-01,11186,"Total revenues accrual",NA,"OK",NA
"ar1","Germany","Revenues","2013-07-15",2308.5980866691,NA,NA,NA,NA,NA,NA,NA,2013-07-01,11186,"Total revenues accrual",NA,"OK",NA
"ar1","Germany","Revenues","2013-07-25",2308.5980866691,NA,NA,NA,NA,NA,NA,NA,2013-07-01,11186,"Total revenues accrual",NA,"OK",NA
"ar1","Germany","Revenues","2013-07-27",2308.5980866691,NA,NA,NA,NA,NA,NA,NA,2013-07-01,11186,"Total revenues accrual",NA,"OK",NA
"ar1","Germany","Revenues","2013-08-01",2308.5980866691,NA,NA,NA,NA,NA,NA,NA,2013-08-01,11186,"Total revenues accrual",NA,"OK",NA
"ar1","Germany","Revenues","2013-08-04",2308.5980866691,NA,NA,NA,NA,NA,NA,NA,2013-08-01,11186,"Total revenues accrual",NA,"OK",NA
"ar1","Germany","Revenues","2013-08-05",2308.5980866691,NA,NA,NA,NA,NA,NA,NA,2013-08-01,11186,"Total revenues accrual",NA,"OK",NA
"ar1","Germany","Revenues","2013-08-15",2308.5980866691,NA,NA,NA,NA,NA,NA,NA,2013-08-01,11186,"Total revenues accrual",NA,"OK",NA
"ar1","Germany","Revenues","2013-08-27",2308.5980866691,NA,NA,NA,NA,NA,NA,NA,2013-08-01,11186,"Total revenues accrual",NA,"OK",NA
"ar1","Germany","Revenues","2013-08-29",2308.5980866691,NA,NA,NA,NA,NA,NA,NA,2013-08-01,11186,"Total revenues accrual",NA,"OK",NA
"ar1","Germany","Revenues","2013-09-01",2308.5980866691,NA,NA,NA,NA,NA,NA,NA,2013-09-01,11186,"Total revenues accrual",NA,"OK",NA
"ar1","Germany","Revenues","2013-09-05",2308.5980866691,NA,NA,NA,NA,NA,NA,NA,2013-09-01,11186,"Total revenues accrual",NA,"OK",NA
"ar1","Germany","Revenues","2013-09-07",2308.5980866691,NA,NA,NA,NA,NA,NA,NA,2013-09-01,11186,"Total revenues accrual",NA,"OK",NA
"ar1","Germany","Revenues","2013-09-15",4385.671678201,NA,NA,NA,NA,NA,NA,NA,2013-09-01,-1109,"Total revenues accrual",NA,"OK",NA
"ar1","Germany","Revenues","2013-09-26",4385.671678201,NA,NA,NA,NA,NA,NA,NA,2013-09-01,-1109,"Total revenues accrual",NA,"OK",NA
"ar1","Germany","Revenues","2013-09-27",4385.671678201,NA,NA,NA,NA,NA,NA,NA,2013-09-01,-1109,"Total revenues accrual",NA,"OK",NA
"ar1","Germany","Revenues","2013-10-01",4385.671678201,NA,NA,NA,NA,NA,NA,NA,2013-10-01,-1109,"Total revenues accrual",NA,"OK",NA
"ar1","Germany","Revenues","2013-10-02",4385.671678201,NA,NA,NA,NA,NA,NA,NA,2013-10-01,-1109,"Total revenues accrual",NA,"OK",NA
"ar1","Germany","Revenues","2013-10-05",4385.671678201,NA,NA,NA,NA,NA,NA,NA,2013-10-01,-1109,"Total revenues accrual",NA,"OK",NA
"ar1","Germany","Revenues","2013-10-15",4385.671678201,NA,NA,NA,NA,NA,NA,NA,2013-10-01,-1109,"Total revenues accrual",NA,"OK",NA
"ar1","Germany","Revenues","2013-10-27",4385.671678201,NA,NA,NA,NA,NA,NA,NA,2013-10-01,-1109,"Total revenues accrual",NA,"OK",NA
"ar1","Germany","Revenues","2013-10-31",4385.671678201,NA,NA,NA,NA,NA,NA,NA,2013-10-01,-1109,"Total revenues accrual",NA,"OK",NA
"ar1","Germany","Revenues","2013-11-01",4385.671678201,NA,NA,NA,NA,NA,NA,NA,2013-11-01,-1109,"Total revenues accrual",NA,"OK",NA
"ar1","Germany","Revenues","2013-11-05",4385.671678201,NA,NA,NA,NA,NA,NA,NA,2013-11-01,-1109,"Total revenues accrual",NA,"OK",NA
"ar1","Germany","Revenues","2013-11-15",4385.671678201,NA,NA,NA,NA,NA,NA,NA,2013-11-01,-1109,"Total revenues accrual",NA,"OK",NA
"ar1","Germany","Revenues","2013-11-27",4385.671678201,NA,NA,NA,NA,NA,NA,NA,2013-11-01,-1109,"Total revenues accrual",NA,"OK",NA
"ar1","Germany","Revenues","2013-11-28",4385.671678201,NA,NA,NA,NA,NA,NA,NA,2013-11-01,-1109,"Total revenues accrual",NA,"OK",NA
"ar1","Germany","Revenues","2013-12-01",4385.671678201,NA,NA,NA,NA,NA,NA,NA,2013-12-01,-1109,"Total revenues accrual",NA,"OK",NA
"ar1","Germany","Revenues","2013-12-05",4385.671678201,NA,NA,NA,NA,NA,NA,NA,2013-12-01,-1109,"Total revenues accrual",NA,"OK",NA
"ar1","Germany","Revenues","2013-12-07",4385.671678201,NA,NA,NA,NA,NA,NA,NA,2013-12-01,-1109,"Total revenues accrual",NA,"OK",NA
"ar1","Germany","Revenues","2013-12-15",3545.45214381753,NA,NA,NA,NA,NA,NA,NA,2013-12-01,-916,"Total revenues accrual",NA,"OK",NA
"ar1","Germany","Revenues","2013-12-26",3545.45214381753,NA,NA,NA,NA,NA,NA,NA,2013-12-01,-916,"Total revenues accrual",NA,"OK",NA
"ar1","Germany","Revenues","2013-12-27",3545.45214381753,NA,NA,NA,NA,NA,NA,NA,2013-12-01,-916,"Total revenues accrual",NA,"OK",NA
"ar1","Germany","Revenues","2014-01-01",3545.45214381753,NA,NA,NA,NA,NA,NA,NA,2014-01-01,-916,"Total revenues accrual",NA,"OK",NA
"ar1","Germany","Revenues","2014-01-03",3545.45214381753,NA,NA,NA,NA,NA,NA,NA,2014-01-01,-916,"Total revenues accrual",NA,"OK",NA
"ar1","Germany","Revenues","2014-01-05",3545.45214381753,NA,NA,NA,NA,NA,NA,NA,2014-01-01,-916,"Total revenues accrual",NA,"OK",NA
"ar1","Germany","Revenues","2014-01-15",3545.45214381753,NA,NA,NA,NA,NA,NA,NA,2014-01-01,-916,"Total revenues accrual",NA,"OK",NA
"ar1","Germany","Revenues","2014-01-27",3545.45214381753,NA,NA,NA,NA,NA,NA,NA,2014-01-01,-916,"Total revenues accrual",NA,"OK",NA
"ar1","Germany","Revenues","2014-01-30",3545.45214381753,NA,NA,NA,NA,NA,NA,NA,2014-01-01,-916,"Total revenues accrual",NA,"OK",NA
"ar1","Germany","Revenues","2014-02-01",3545.45214381753,NA,NA,NA,NA,NA,NA,NA,2014-02-01,-916,"Total revenues accrual",NA,"OK",NA
"ar1","Germany","Revenues","2014-02-05",3545.45214381753,NA,NA,NA,NA,NA,NA,NA,2014-02-01,-916,"Total revenues accrual",NA,"OK",NA
"ar1","Germany","Revenues","2014-02-06",3545.45214381753,NA,NA,NA,NA,NA,NA,NA,2014-02-01,-916,"Total revenues accrual",NA,"OK",NA
"ar1","Germany","Revenues","2014-02-15",3545.45214381753,NA,NA,NA,NA,NA,NA,NA,2014-02-01,-916,"Total revenues accrual",NA,"OK",NA
"ar1","Germany","Revenues","2014-02-27",3545.45214381753,NA,NA,NA,NA,NA,NA,NA,2014-02-01,-916,"Total revenues accrual",NA,"OK",NA
"ar1","Germany","Revenues","2014-03-01",3545.45214381753,NA,NA,NA,NA,NA,NA,NA,2014-03-01,-916,"Total revenues accrual",NA,"OK",NA
"ar1","Germany","Revenues","2014-03-05",3545.45214381753,NA,NA,NA,NA,NA,NA,NA,2014-03-01,-916,"Total revenues accrual",NA,"OK",NA
"ar1","Germany","Revenues","2014-03-06",3545.45214381753,NA,NA,NA,NA,NA,NA,NA,2014-03-01,-916,"Total revenues accrual",NA,"OK",NA
"ar1","Germany","Revenues","2014-03-15",2481.68190224392,NA,NA,NA,NA,NA,NA,NA,2014-03-01,6157,"Total revenues accrual",NA,"OK",NA
"ar1","Germany","Revenues","2014-03-27",2481.68190224392,NA,NA,NA,NA,NA,NA,NA,2014-03-01,6157,"Total revenues accrual",NA,"OK",NA
"ar1","Germany","Revenues","2014-04-01",2481.68190224392,NA,NA,NA,NA,NA,NA,NA,2014-04-01,6157,"Total revenues accrual",NA,"OK",NA
"ar1","Germany","Revenues","2014-04-02",2481.68190224392,NA,NA,NA,NA,NA,NA,NA,2014-04-01,6157,"Total revenues accrual",NA,"OK",NA
"ar1","Germany","Revenues","2014-04-05",2481.68190224392,NA,NA,NA,NA,NA,NA,NA,2014-04-01,6157,"Total revenues accrual",NA,"OK",NA
"ar1","Germany","Revenues","2014-04-15",2481.68190224392,NA,NA,NA,NA,NA,NA,NA,2014-04-01,6157,"Total revenues accrual",NA,"OK",NA
"ar1","Germany","Revenues","2014-04-24",2481.68190224392,NA,NA,NA,NA,NA,NA,NA,2014-04-01,6157,"Total revenues accrual",NA,"OK",NA
"ar1","Germany","Revenues","2014-04-27",2481.68190224392,NA,NA,NA,NA,NA,NA,NA,2014-04-01,6157,"Total revenues accrual",NA,"OK",NA
"ar1","Germany","Revenues","2014-05-01",2481.68190224392,NA,NA,NA,NA,NA,NA,NA,2014-05-01,6157,"Total revenues accrual",NA,"OK",NA
"ar1","Germany","Revenues","2014-05-04",2481.68190224392,NA,NA,NA,NA,NA,NA,NA,2014-05-01,6157,"Total revenues accrual",NA,"OK",NA
"ar1","Germany","Revenues","2014-05-05",2481.68190224392,NA,NA,NA,NA,NA,NA,NA,2014-05-01,6157,"Total revenues accrual",NA,"OK",NA
"ar1","Germany","Revenues","2014-05-15",2481.68190224392,NA,NA,NA,NA,NA,NA,NA,2014-05-01,6157,"Total revenues accrual",NA,"OK",NA
"ar1","Germany","Revenues","2014-05-27",2481.68190224392,NA,NA,NA,NA,NA,NA,NA,2014-05-01,6157,"Total revenues accrual",NA,"OK",NA
"ar1","Germany","Revenues","2014-05-29",2481.68190224392,NA,NA,NA,NA,NA,NA,NA,2014-05-01,6157,"Total revenues accrual",NA,"OK",NA
"ar1","Germany","Revenues","2014-06-01",2481.68190224392,NA,NA,NA,NA,NA,NA,NA,2014-06-01,6157,"Total revenues accrual",NA,"OK",NA
"ar1","Germany","Revenues","2014-06-05",2481.68190224392,NA,NA,NA,NA,NA,NA,NA,2014-06-01,6157,"Total revenues accrual",NA,"OK",NA
"ar1","Germany","Revenues","2014-06-07",2481.68190224392,NA,NA,NA,NA,NA,NA,NA,2014-06-01,6157,"Total revenues accrual",NA,"OK",NA
"ar1","Germany","Revenues","2014-06-15",3140.00597079674,NA,NA,NA,NA,NA,NA,NA,2014-06-01,2966,"Total revenues accrual",NA,"OK",NA
"ar1","Germany","Revenues","2014-06-26",3140.00597079674,NA,NA,NA,NA,NA,NA,NA,2014-06-01,2966,"Total revenues accrual",NA,"OK",NA
"ar1","Germany","Revenues","2014-06-27",3140.00597079674,NA,NA,NA,NA,NA,NA,NA,2014-06-01,2966,"Total revenues accrual",NA,"OK",NA
"ar1","Germany","Revenues","2014-07-01",3140.00597079674,NA,NA,NA,NA,NA,NA,NA,2014-07-01,2966,"Total revenues accrual",NA,"OK",NA
"ar1","Germany","Revenues","2014-07-02",3140.00597079674,NA,NA,NA,NA,NA,NA,NA,2014-07-01,2966,"Total revenues accrual",NA,"OK",NA
"ar1","Germany","Revenues","2014-07-05",3140.00597079674,NA,NA,NA,NA,NA,NA,NA,2014-07-01,2966,"Total revenues accrual",NA,"OK",NA
"ar1","Germany","Revenues","2014-07-15",3140.00597079674,NA,NA,NA,NA,NA,NA,NA,2014-07-01,2966,"Total revenues accrual",NA,"OK",NA
"ar1","Germany","Revenues","2014-07-27",3140.00597079674,NA,NA,NA,NA,NA,NA,NA,2014-07-01,2966,"Total revenues accrual",NA,"OK",NA
"ar1","Germany","Revenues","2014-07-31",3140.00597079674,NA,NA,NA,NA,NA,NA,NA,2014-07-01,2966,"Total revenues accrual",NA,"OK",NA
"ar1","Germany","Revenues","2014-08-01",3140.00597079674,NA,NA,NA,NA,NA,NA,NA,2014-08-01,2966,"Total revenues accrual",NA,"OK",NA
"ar1","Germany","Revenues","2014-08-05",3140.00597079674,NA,NA,NA,NA,NA,NA,NA,2014-08-01,2966,"Total revenues accrual",NA,"OK",NA
"ar1","Germany","Revenues","2014-08-15",3140.00597079674,NA,NA,NA,NA,NA,NA,NA,2014-08-01,2966,"Total revenues accrual",NA,"OK",NA
"ar1","Germany","Revenues","2014-08-27",3140.00597079674,NA,NA,NA,NA,NA,NA,NA,2014-08-01,2966,"Total revenues accrual",NA,"OK",NA
"ar1","Germany","Revenues","2014-08-28",3140.00597079674,NA,NA,NA,NA,NA,NA,NA,2014-08-01,2966,"Total revenues accrual",NA,"OK",NA
"ar1","Germany","Revenues","2014-09-01",3140.00597079674,NA,NA,NA,NA,NA,NA,NA,2014-09-01,2966,"Total revenues accrual",NA,"OK",NA
"ar1","Germany","Revenues","2014-09-05",3140.00597079674,NA,NA,NA,NA,NA,NA,NA,2014-09-01,2966,"Total revenues accrual",NA,"OK",NA
"ar1","Germany","Revenues","2014-09-15",3062.71717474498,NA,NA,NA,NA,NA,NA,NA,2014-09-01,3466,"Total revenues accrual",NA,"OK",NA
"ar1","Germany","Revenues","2014-09-25",3062.71717474498,NA,NA,NA,NA,NA,NA,NA,2014-09-01,3466,"Total revenues accrual",NA,"OK",NA
"ar1","Germany","Revenues","2014-09-27",3062.71717474498,NA,NA,NA,NA,NA,NA,NA,2014-09-01,3466,"Total revenues accrual",NA,"OK",NA
"ar1","Germany","Revenues","2014-10-01",3062.71717474498,NA,NA,NA,NA,NA,NA,NA,2014-10-01,3466,"Total revenues accrual",NA,"OK",NA
"ar1","Germany","Revenues","2014-10-03",3062.71717474498,NA,NA,NA,NA,NA,NA,NA,2014-10-01,3466,"Total revenues accrual",NA,"OK",NA
"ar1","Germany","Revenues","2014-10-05",3062.71717474498,NA,NA,NA,NA,NA,NA,NA,2014-10-01,3466,"Total revenues accrual",NA,"OK",NA
"ar1","Germany","Revenues","2014-10-15",3062.71717474498,NA,NA,NA,NA,NA,NA,NA,2014-10-01,3466,"Total revenues accrual",NA,"OK",NA
"ar1","Germany","Revenues","2014-10-27",3062.71717474498,NA,NA,NA,NA,NA,NA,NA,2014-10-01,3466,"Total revenues accrual",NA,"OK",NA
"ar1","Germany","Revenues","2014-10-30",3062.71717474498,NA,NA,NA,NA,NA,NA,NA,2014-10-01,3466,"Total revenues accrual",NA,"OK",NA
"ar1","Germany","Revenues","2014-11-01",3062.71717474498,NA,NA,NA,NA,NA,NA,NA,2014-11-01,3466,"Total revenues accrual",NA,"OK",NA
"ar1","Germany","Revenues","2014-11-05",3062.71717474498,NA,NA,NA,NA,NA,NA,NA,2014-11-01,3466,"Total revenues accrual",NA,"OK",NA
"ar1","Germany","Revenues","2014-11-06",3062.71717474498,NA,NA,NA,NA,NA,NA,NA,2014-11-01,3466,"Total revenues accrual",NA,"OK",NA
"ar1","Germany","Revenues","2014-11-15",3062.71717474498,NA,NA,NA,NA,NA,NA,NA,2014-11-01,3466,"Total revenues accrual",NA,"OK",NA
"ar1","Germany","Revenues","2014-11-27",3062.71717474498,NA,NA,NA,NA,NA,NA,NA,2014-11-01,3466,"Total revenues accrual",NA,"OK",NA
"ar1","Germany","Revenues","2014-12-01",3062.71717474498,NA,NA,NA,NA,NA,NA,NA,2014-12-01,3466,"Total revenues accrual",NA,"OK",NA
"ar1","Germany","Revenues","2014-12-05",3062.71717474498,NA,NA,NA,NA,NA,NA,NA,2014-12-01,3466,"Total revenues accrual",NA,"OK",NA
"ar1","Germany","Revenues","2014-12-15",2823.4640052222,NA,NA,NA,NA,NA,NA,NA,2014-12-01,5375,"Total revenues accrual",NA,"OK",NA
"ar1","Germany","Revenues","2014-12-25",2823.4640052222,NA,NA,NA,NA,NA,NA,NA,2014-12-01,5375,"Total revenues accrual",NA,"OK",NA
"ar1","Germany","Revenues","2014-12-27",2823.4640052222,NA,NA,NA,NA,NA,NA,NA,2014-12-01,5375,"Total revenues accrual",NA,"OK",NA
"ar1","Germany","Revenues","2015-01-01",2823.4640052222,NA,NA,NA,NA,NA,NA,NA,2015-01-01,5375,"Total revenues accrual",NA,"OK",NA
"ar1","Germany","Revenues","2015-01-04",2823.4640052222,NA,NA,NA,NA,NA,NA,NA,2015-01-01,5375,"Total revenues accrual",NA,"OK",NA
"ar1","Germany","Revenues","2015-01-05",2823.4640052222,NA,NA,NA,NA,NA,NA,NA,2015-01-01,5375,"Total revenues accrual",NA,"OK",NA
"ar1","Germany","Revenues","2015-01-15",2823.4640052222,NA,NA,NA,NA,NA,NA,NA,2015-01-01,5375,"Total revenues accrual",NA,"OK",NA
"ar1","Germany","Revenues","2015-01-27",2823.4640052222,NA,NA,NA,NA,NA,NA,NA,2015-01-01,5375,"Total revenues accrual",NA,"OK",NA
"ar1","Germany","Revenues","2015-01-29",2823.4640052222,NA,NA,NA,NA,NA,NA,NA,2015-01-01,5375,"Total revenues accrual",NA,"OK",NA
"ar1","Germany","Revenues","2015-02-01",2823.4640052222,NA,NA,NA,NA,NA,NA,NA,2015-02-01,5375,"Total revenues accrual",NA,"OK",NA
"ar1","Germany","Revenues","2015-02-05",2823.4640052222,NA,NA,NA,NA,NA,NA,NA,2015-02-01,5375,"Total revenues accrual",NA,"OK",NA
"ar1","Germany","Revenues","2015-02-07",2823.4640052222,NA,NA,NA,NA,NA,NA,NA,2015-02-01,5375,"Total revenues accrual",NA,"OK",NA
"ar1","Germany","Revenues","2015-02-15",2823.4640052222,NA,NA,NA,NA,NA,NA,NA,2015-02-01,5375,"Total revenues accrual",NA,"OK",NA
"ar1","Germany","Revenues","2015-02-26",2823.4640052222,NA,NA,NA,NA,NA,NA,NA,2015-02-01,5375,"Total revenues accrual",NA,"OK",NA
"ar1","Germany","Revenues","2015-02-27",2823.4640052222,NA,NA,NA,NA,NA,NA,NA,2015-02-01,5375,"Total revenues accrual",NA,"OK",NA
"ar1","Germany","Revenues","2015-03-01",2823.4640052222,NA,NA,NA,NA,NA,NA,NA,2015-03-01,5375,"Total revenues accrual",NA,"OK",NA
"ar1","Germany","Revenues","2015-03-05",2823.4640052222,NA,NA,NA,NA,NA,NA,NA,2015-03-01,5375,"Total revenues accrual",NA,"OK",NA
"ar1","Germany","Revenues","2015-03-07",2823.4640052222,NA,NA,NA,NA,NA,NA,NA,2015-03-01,5375,"Total revenues accrual",NA,"OK",NA
"ar1","Germany","Revenues","2015-03-15",3487.61624242956,NA,NA,NA,NA,NA,NA,NA,2015-03-01,1685,"Total revenues accrual",NA,"OK",NA
"ar1","Germany","Revenues","2015-03-26",3487.61624242956,NA,NA,NA,NA,NA,NA,NA,2015-03-01,1685,"Total revenues accrual",NA,"OK",NA
"ar1","Germany","Revenues","2015-03-27",3487.61624242956,NA,NA,NA,NA,NA,NA,NA,2015-03-01,1685,"Total revenues accrual",NA,"OK",NA
"ar1","Germany","Revenues","2015-04-01",3487.61624242956,NA,NA,NA,NA,NA,NA,NA,2015-04-01,1685,"Total revenues accrual",NA,"OK",NA
"ar1","Germany","Revenues","2015-04-03",3487.61624242956,NA,NA,NA,NA,NA,NA,NA,2015-04-01,1685,"Total revenues accrual",NA,"OK",NA
"ar1","Germany","Revenues","2015-04-05",3487.61624242956,NA,NA,NA,NA,NA,NA,NA,2015-04-01,1685,"Total revenues accrual",NA,"OK",NA
"ar1","Germany","Revenues","2015-04-15",3487.61624242956,NA,NA,NA,NA,NA,NA,NA,2015-04-01,1685,"Total revenues accrual",NA,"OK",NA
"ar1","Germany","Revenues","2015-04-27",3487.61624242956,NA,NA,NA,NA,NA,NA,NA,2015-04-01,1685,"Total revenues accrual",NA,"OK",NA
"ar1","Germany","Revenues","2015-04-30",3487.61624242956,NA,NA,NA,NA,NA,NA,NA,2015-04-01,1685,"Total revenues accrual",NA,"OK",NA
"ar1","Germany","Revenues","2015-05-01",3487.61624242956,NA,NA,NA,NA,NA,NA,NA,2015-05-01,1685,"Total revenues accrual",NA,"OK",NA
"ar1","Germany","Revenues","2015-05-05",3487.61624242956,NA,NA,NA,NA,NA,NA,NA,2015-05-01,1685,"Total revenues accrual",NA,"OK",NA
"ar1","Germany","Revenues","2015-05-15",3487.61624242956,NA,NA,NA,NA,NA,NA,NA,2015-05-01,1685,"Total revenues accrual",NA,"OK",NA
"ar1","Germany","Revenues","2015-05-27",3487.61624242956,NA,NA,NA,NA,NA,NA,NA,2015-05-01,1685,"Total revenues accrual",NA,"OK",NA
"ar1","Germany","Revenues","2015-05-28",3487.61624242956,NA,NA,NA,NA,NA,NA,NA,2015-05-01,1685,"Total revenues accrual",NA,"OK",NA
"ar1","Germany","Revenues","2015-06-01",3487.61624242956,NA,NA,NA,NA,NA,NA,NA,2015-06-01,1685,"Total revenues accrual",NA,"OK",NA
"ar1","Germany","Revenues","2015-06-05",3487.61624242956,NA,NA,NA,NA,NA,NA,NA,2015-06-01,1685,"Total revenues accrual",NA,"OK",NA
"ar1","Germany","Revenues","2015-06-15",3258.83919849427,NA,NA,NA,NA,NA,NA,NA,2015-06-01,2581,"Total revenues accrual",NA,"OK",NA
"ar1","Germany","Revenues","2015-06-25",3258.83919849427,NA,NA,NA,NA,NA,NA,NA,2015-06-01,2581,"Total revenues accrual",NA,"OK",NA
"ar1","Germany","Revenues","2015-06-27",3258.83919849427,NA,NA,NA,NA,NA,NA,NA,2015-06-01,2581,"Total revenues accrual",NA,"OK",NA
"ar1","Germany","Revenues","2015-07-01",3258.83919849427,NA,NA,NA,NA,NA,NA,NA,2015-07-01,2581,"Total revenues accrual",NA,"OK",NA
"ar1","Germany","Revenues","2015-07-03",3258.83919849427,NA,NA,NA,NA,NA,NA,NA,2015-07-01,2581,"Total revenues accrual",NA,"OK",NA
"ar1","Germany","Revenues","2015-07-05",3258.83919849427,NA,NA,NA,NA,NA,NA,NA,2015-07-01,2581,"Total revenues accrual",NA,"OK",NA
"ar1","Germany","Revenues","2015-07-15",3258.83919849427,NA,NA,NA,NA,NA,NA,NA,2015-07-01,2581,"Total revenues accrual",NA,"OK",NA
"ar1","Germany","Revenues","2015-07-27",3258.83919849427,NA,NA,NA,NA,NA,NA,NA,2015-07-01,2581,"Total revenues accrual",NA,"OK",NA
"ar1","Germany","Revenues","2015-07-30",3258.83919849427,NA,NA,NA,NA,NA,NA,NA,2015-07-01,2581,"Total revenues accrual",NA,"OK",NA
"ar1","Germany","Revenues","2015-08-01",3258.83919849427,NA,NA,NA,NA,NA,NA,NA,2015-08-01,2581,"Total revenues accrual",NA,"OK",NA
"ar1","Germany","Revenues","2015-08-05",3258.83919849427,NA,NA,NA,NA,NA,NA,NA,2015-08-01,2581,"Total revenues accrual",NA,"OK",NA
"ar1","Germany","Revenues","2015-08-06",3258.83919849427,NA,NA,NA,NA,NA,NA,NA,2015-08-01,2581,"Total revenues accrual",NA,"OK",NA
"ar1","Germany","Revenues","2015-08-15",3258.83919849427,NA,NA,NA,NA,NA,NA,NA,2015-08-01,2581,"Total revenues accrual",NA,"OK",NA
"ar1","Germany","Revenues","2015-08-27",3258.83919849427,NA,NA,NA,NA,NA,NA,NA,2015-08-01,2581,"Total revenues accrual",NA,"OK",NA
"ar1","Germany","Revenues","2015-09-01",3258.83919849427,NA,NA,NA,NA,NA,NA,NA,2015-09-01,2581,"Total revenues accrual",NA,"OK",NA
"ar1","Germany","Revenues","2015-09-02",3258.83919849427,NA,NA,NA,NA,NA,NA,NA,2015-09-01,2581,"Total revenues accrual",NA,"OK",NA
"ar1","Germany","Revenues","2015-09-05",3258.83919849427,NA,NA,NA,NA,NA,NA,NA,2015-09-01,2581,"Total revenues accrual",NA,"OK",NA
"ar1","Germany","Revenues","2015-09-15",2866.7997076971,NA,NA,NA,NA,NA,NA,NA,2015-09-01,4977,"Total revenues accrual",NA,"OK",NA
"ar1","Germany","Revenues","2015-09-24",2866.7997076971,NA,NA,NA,NA,NA,NA,NA,2015-09-01,4977,"Total revenues accrual",NA,"OK",NA
"ar1","Germany","Revenues","2015-09-27",2866.7997076971,NA,NA,NA,NA,NA,NA,NA,2015-09-01,4977,"Total revenues accrual",NA,"OK",NA
"ar1","Germany","Revenues","2015-10-01",2866.7997076971,NA,NA,NA,NA,NA,NA,NA,2015-10-01,4977,"Total revenues accrual",NA,"OK",NA
"ar1","Germany","Revenues","2015-10-04",2866.7997076971,NA,NA,NA,NA,NA,NA,NA,2015-10-01,4977,"Total revenues accrual",NA,"OK",NA
"ar1","Germany","Revenues","2015-10-05",2866.7997076971,NA,NA,NA,NA,NA,NA,NA,2015-10-01,4977,"Total revenues accrual",NA,"OK",NA
"ar1","Germany","Revenues","2015-10-15",2866.7997076971,NA,NA,NA,NA,NA,NA,NA,2015-10-01,4977,"Total revenues accrual",NA,"OK",NA
"ar1","Germany","Revenues","2015-10-27",2866.7997076971,NA,NA,NA,NA,NA,NA,NA,2015-10-01,4977,"Total revenues accrual",NA,"OK",NA
"ar1","Germany","Revenues","2015-10-29",2866.7997076971,NA,NA,NA,NA,NA,NA,NA,2015-10-01,4977,"Total revenues accrual",NA,"OK",NA
"ar1","Germany","Revenues","2015-11-01",2866.7997076971,NA,NA,NA,NA,NA,NA,NA,2015-11-01,4977,"Total revenues accrual",NA,"OK",NA
"ar1","Germany","Revenues","2015-11-05",2866.7997076971,NA,NA,NA,NA,NA,NA,NA,2015-11-01,4977,"Total revenues accrual",NA,"OK",NA
"ar1","Germany","Revenues","2015-11-07",2866.7997076971,NA,NA,NA,NA,NA,NA,NA,2015-11-01,4977,"Total revenues accrual",NA,"OK",NA
"ar1","Germany","Revenues","2015-11-15",2866.7997076971,NA,NA,NA,NA,NA,NA,NA,2015-11-01,4977,"Total revenues accrual",NA,"OK",NA
"ar1","Germany","Revenues","2015-11-26",2866.7997076971,NA,NA,NA,NA,NA,NA,NA,2015-11-01,4977,"Total revenues accrual",NA,"OK",NA
"ar1","Germany","Revenues","2015-11-27",2866.7997076971,NA,NA,NA,NA,NA,NA,NA,2015-11-01,4977,"Total revenues accrual",NA,"OK",NA
"ar1","Germany","Revenues","2015-12-01",2866.7997076971,NA,NA,NA,NA,NA,NA,NA,2015-12-01,4977,"Total revenues accrual",NA,"OK",NA
"ar1","Germany","Revenues","2015-12-02",2866.7997076971,NA,NA,NA,NA,NA,NA,NA,2015-12-01,4977,"Total revenues accrual",NA,"OK",NA
"ar1","Germany","Revenues","2015-12-05",2866.7997076971,NA,NA,NA,NA,NA,NA,NA,2015-12-01,4977,"Total revenues accrual",NA,"OK",NA
"ar1","Germany","Revenues","2015-12-15",3614.08085945185,NA,NA,NA,NA,NA,NA,NA,2015-12-01,907,"Total revenues accrual",NA,"OK",NA
"ar1","Germany","Revenues","2015-12-27",3614.08085945185,NA,NA,NA,NA,NA,NA,NA,2015-12-01,907,"Total revenues accrual",NA,"OK",NA
"ar1","Germany","Revenues","2015-12-31",3614.08085945185,NA,NA,NA,NA,NA,NA,NA,2015-12-01,907,"Total revenues accrual",NA,"OK",NA
"ar1","Germany","Revenues","2016-01-01",3614.08085945185,NA,NA,NA,NA,NA,NA,NA,2016-01-01,907,"Total revenues accrual",NA,"OK",NA
"ar1","Germany","Revenues","2016-01-05",3614.08085945185,NA,NA,NA,NA,NA,NA,NA,2016-01-01,907,"Total revenues accrual",NA,"OK",NA
"ar1","Germany","Revenues","2016-01-15",3614.08085945185,NA,NA,NA,NA,NA,NA,NA,2016-01-01,907,"Total revenues accrual",NA,"OK",NA
"ar1","Germany","Revenues","2016-01-27",3614.08085945185,NA,NA,NA,NA,NA,NA,NA,2016-01-01,907,"Total revenues accrual",NA,"OK",NA
"ar1","Germany","Revenues","2016-01-28",3614.08085945185,NA,NA,NA,NA,NA,NA,NA,2016-01-01,907,"Total revenues accrual",NA,"OK",NA
"ar1","Germany","Revenues","2016-02-01",3614.08085945185,NA,NA,NA,NA,NA,NA,NA,2016-02-01,907,"Total revenues accrual",NA,"OK",NA
"ar1","Germany","Revenues","2016-02-05",3614.08085945185,NA,NA,NA,NA,NA,NA,NA,2016-02-01,907,"Total revenues accrual",NA,"OK",NA
"ar1","Germany","Revenues","2016-02-15",3614.08085945185,NA,NA,NA,NA,NA,NA,NA,2016-02-01,907,"Total revenues accrual",NA,"OK",NA
"ar1","Germany","Revenues","2016-02-25",3614.08085945185,NA,NA,NA,NA,NA,NA,NA,2016-02-01,907,"Total revenues accrual",NA,"OK",NA
"ar1","Germany","Revenues","2016-02-27",3614.08085945185,NA,NA,NA,NA,NA,NA,NA,2016-02-01,907,"Total revenues accrual",NA,"OK",NA
"ar1","Germany","Revenues","2016-03-01",3614.08085945185,NA,NA,NA,NA,NA,NA,NA,2016-03-01,907,"Total revenues accrual",NA,"OK",NA
"ar1","Germany","Revenues","2016-03-02",3614.08085945185,NA,NA,NA,NA,NA,NA,NA,2016-03-01,907,"Total revenues accrual",NA,"OK",NA
"ar1","Germany","Revenues","2016-03-05",3614.08085945185,NA,NA,NA,NA,NA,NA,NA,2016-03-01,907,"Total revenues accrual",NA,"OK",NA
"ar1","Germany","Revenues","2016-03-15",2433.7326874485,NA,NA,NA,NA,NA,NA,NA,2016-03-01,6790,"Total revenues accrual",NA,"OK",NA
"ar1","Germany","Revenues","2016-03-27",2433.7326874485,NA,NA,NA,NA,NA,NA,NA,2016-03-01,6790,"Total revenues accrual",NA,"OK",NA
"ar1","Germany","Revenues","2016-03-31",2433.7326874485,NA,NA,NA,NA,NA,NA,NA,2016-03-01,6790,"Total revenues accrual",NA,"OK",NA
"ar1","Germany","Revenues","2016-04-01",2433.7326874485,NA,NA,NA,NA,NA,NA,NA,2016-04-01,6790,"Total revenues accrual",NA,"OK",NA
"ar1","Germany","Revenues","2016-04-05",2433.7326874485,NA,NA,NA,NA,NA,NA,NA,2016-04-01,6790,"Total revenues accrual",NA,"OK",NA
"ar1","Germany","Revenues","2016-04-15",2433.7326874485,NA,NA,NA,NA,NA,NA,NA,2016-04-01,6790,"Total revenues accrual",NA,"OK",NA
"ar1","Germany","Revenues","2016-04-27",2433.7326874485,NA,NA,NA,NA,NA,NA,NA,2016-04-01,6790,"Total revenues accrual",NA,"OK",NA
"ar1","Germany","Revenues","2016-04-28",2433.7326874485,NA,NA,NA,NA,NA,NA,NA,2016-04-01,6790,"Total revenues accrual",NA,"OK",NA
"ar1","Germany","Revenues","2016-05-01",2433.7326874485,NA,NA,NA,NA,NA,NA,NA,2016-05-01,6790,"Total revenues accrual",NA,"OK",NA
"ar1","Germany","Revenues","2016-05-05",2433.7326874485,NA,NA,NA,NA,NA,NA,NA,2016-05-01,6790,"Total revenues accrual",NA,"OK",NA
"ar1","Germany","Revenues","2016-05-07",2433.7326874485,NA,NA,NA,NA,NA,NA,NA,2016-05-01,6790,"Total revenues accrual",NA,"OK",NA
"ar1","Germany","Revenues","2016-05-15",2433.7326874485,NA,NA,NA,NA,NA,NA,NA,2016-05-01,6790,"Total revenues accrual",NA,"OK",NA
"ar1","Germany","Revenues","2016-05-26",2433.7326874485,NA,NA,NA,NA,NA,NA,NA,2016-05-01,6790,"Total revenues accrual",NA,"OK",NA
"ar1","Germany","Revenues","2016-05-27",2433.7326874485,NA,NA,NA,NA,NA,NA,NA,2016-05-01,6790,"Total revenues accrual",NA,"OK",NA
"ar1","Germany","Revenues","2016-06-01",2433.7326874485,NA,NA,NA,NA,NA,NA,NA,2016-06-01,6790,"Total revenues accrual",NA,"OK",NA
"ar1","Germany","Revenues","2016-06-03",2433.7326874485,NA,NA,NA,NA,NA,NA,NA,2016-06-01,6790,"Total revenues accrual",NA,"OK",NA
"ar1","Germany","Revenues","2016-06-05",2433.7326874485,NA,NA,NA,NA,NA,NA,NA,2016-06-01,6790,"Total revenues accrual",NA,"OK",NA
"ar1","Germany","Revenues","2016-06-15",3361.65236803362,NA,NA,NA,NA,NA,NA,NA,2016-06-01,2903,"Total revenues accrual",NA,"OK",NA
"ar1","Germany","Revenues","2016-06-27",3361.65236803362,NA,NA,NA,NA,NA,NA,NA,2016-06-01,2903,"Total revenues accrual",NA,"OK",NA
"ar1","Germany","Revenues","2016-06-30",3361.65236803362,NA,NA,NA,NA,NA,NA,NA,2016-06-01,2903,"Total revenues accrual",NA,"OK",NA
"ar1","Germany","Revenues","2016-07-01",3361.65236803362,NA,NA,NA,NA,NA,NA,NA,2016-07-01,2903,"Total revenues accrual",NA,"OK",NA
"ar1","Germany","Revenues","2016-07-05",3361.65236803362,NA,NA,NA,NA,NA,NA,NA,2016-07-01,2903,"Total revenues accrual",NA,"OK",NA
"ar1","Germany","Revenues","2016-07-15",3361.65236803362,NA,NA,NA,NA,NA,NA,NA,2016-07-01,2903,"Total revenues accrual",NA,"OK",NA
"ar1","Germany","Revenues","2016-07-27",3361.65236803362,NA,NA,NA,NA,NA,NA,NA,2016-07-01,2903,"Total revenues accrual",NA,"OK",NA
"ar1","Germany","Revenues","2016-07-28",3361.65236803362,NA,NA,NA,NA,NA,NA,NA,2016-07-01,2903,"Total revenues accrual",NA,"OK",NA
"ar1","Germany","Revenues","2016-08-01",3361.65236803362,NA,NA,NA,NA,NA,NA,NA,2016-08-01,2903,"Total revenues accrual",NA,"OK",NA
"ar1","Germany","Revenues","2016-08-05",3361.65236803362,NA,NA,NA,NA,NA,NA,NA,2016-08-01,2903,"Total revenues accrual",NA,"OK",NA
"ar1","Germany","Revenues","2016-08-15",3361.65236803362,NA,NA,NA,NA,NA,NA,NA,2016-08-01,2903,"Total revenues accrual",NA,"OK",NA
"ar1","Germany","Revenues","2016-08-25",3361.65236803362,NA,NA,NA,NA,NA,NA,NA,2016-08-01,2903,"Total revenues accrual",NA,"OK",NA
"ar1","Germany","Revenues","2016-08-27",3361.65236803362,NA,NA,NA,NA,NA,NA,NA,2016-08-01,2903,"Total revenues accrual",NA,"OK",NA
"ar1","Germany","Revenues","2016-09-01",3361.65236803362,NA,NA,NA,NA,NA,NA,NA,2016-09-01,2903,"Total revenues accrual",NA,"OK",NA
"ar1","Germany","Revenues","2016-09-04",3361.65236803362,NA,NA,NA,NA,NA,NA,NA,2016-09-01,2903,"Total revenues accrual",NA,"OK",NA
"ar1","Germany","Revenues","2016-09-05",3361.65236803362,NA,NA,NA,NA,NA,NA,NA,2016-09-01,2903,"Total revenues accrual",NA,"OK",NA
"ar1","Germany","Revenues","2016-09-15",3221.23991686404,NA,NA,NA,NA,NA,NA,NA,2016-09-01,3547,"Total revenues accrual",NA,"OK",NA
"ar1","Germany","Revenues","2016-09-27",3221.23991686404,NA,NA,NA,NA,NA,NA,NA,2016-09-01,3547,"Total revenues accrual",NA,"OK",NA
"ar1","Germany","Revenues","2016-09-29",3221.23991686404,NA,NA,NA,NA,NA,NA,NA,2016-09-01,3547,"Total revenues accrual",NA,"OK",NA
"ar1","Germany","Revenues","2016-10-01",3221.23991686404,NA,NA,NA,NA,NA,NA,NA,2016-10-01,3547,"Total revenues accrual",NA,"OK",NA
"ar1","Germany","Revenues","2016-10-05",3221.23991686404,NA,NA,NA,NA,NA,NA,NA,2016-10-01,3547,"Total revenues accrual",NA,"OK",NA
"ar1","Germany","Revenues","2016-10-06",3221.23991686404,NA,NA,NA,NA,NA,NA,NA,2016-10-01,3547,"Total revenues accrual",NA,"OK",NA
"ar1","Germany","Revenues","2016-10-15",3221.23991686404,NA,NA,NA,NA,NA,NA,NA,2016-10-01,3547,"Total revenues accrual",NA,"OK",NA
"ar1","Germany","Revenues","2016-10-27",3221.23991686404,NA,NA,NA,NA,NA,NA,NA,2016-10-01,3547,"Total revenues accrual",NA,"OK",NA
"ar1","Germany","Revenues","2016-11-01",3221.23991686404,NA,NA,NA,NA,NA,NA,NA,2016-11-01,3547,"Total revenues accrual",NA,"OK",NA
"ar1","Germany","Revenues","2016-11-02",3221.23991686404,NA,NA,NA,NA,NA,NA,NA,2016-11-01,3547,"Total revenues accrual",NA,"OK",NA
"ar1","Germany","Revenues","2016-11-05",3221.23991686404,NA,NA,NA,NA,NA,NA,NA,2016-11-01,3547,"Total revenues accrual",NA,"OK",NA
"ar1","Germany","Revenues","2016-11-15",3221.23991686404,NA,NA,NA,NA,NA,NA,NA,2016-11-01,3547,"Total revenues accrual",NA,"OK",NA
"ar1","Germany","Revenues","2016-11-24",3221.23991686404,NA,NA,NA,NA,NA,NA,NA,2016-11-01,3547,"Total revenues accrual",NA,"OK",NA
"ar1","Germany","Revenues","2016-11-27",3221.23991686404,NA,NA,NA,NA,NA,NA,NA,2016-11-01,3547,"Total revenues accrual",NA,"OK",NA
"ar1","Germany","Revenues","2016-12-01",3221.23991686404,NA,NA,NA,NA,NA,NA,NA,2016-12-01,3547,"Total revenues accrual",NA,"OK",NA
"ar1","Germany","Revenues","2016-12-04",3221.23991686404,NA,NA,NA,NA,NA,NA,NA,2016-12-01,3547,"Total revenues accrual",NA,"OK",NA
"ar1","Germany","Revenues","2016-12-05",3221.23991686404,NA,NA,NA,NA,NA,NA,NA,2016-12-01,3547,"Total revenues accrual",NA,"OK",NA
"ar1","Germany","Revenues","2016-12-15",2815.74370342012,NA,NA,NA,NA,NA,NA,NA,2016-12-01,5741,"Total revenues accrual",NA,"OK",NA
"ar1","Germany","Revenues","2016-12-27",2815.74370342012,NA,NA,NA,NA,NA,NA,NA,2016-12-01,5741,"Total revenues accrual",NA,"OK",NA
"ar1","Germany","Revenues","2016-12-29",2815.74370342012,NA,NA,NA,NA,NA,NA,NA,2016-12-01,5741,"Total revenues accrual",NA,"OK",NA
"ar1","Germany","Revenues","2017-01-01",2815.74370342012,NA,NA,NA,NA,NA,NA,NA,2017-01-01,5741,"Total revenues accrual",NA,"OK",NA
"ar1","Germany","Revenues","2017-01-05",2815.74370342012,NA,NA,NA,NA,NA,NA,NA,2017-01-01,5741,"Total revenues accrual",NA,"OK",NA
"ar1","Germany","Revenues","2017-01-07",2815.74370342012,NA,NA,NA,NA,NA,NA,NA,2017-01-01,5741,"Total revenues accrual",NA,"OK",NA
"ar1","Germany","Revenues","2017-01-15",2815.74370342012,NA,NA,NA,NA,NA,NA,NA,2017-01-01,5741,"Total revenues accrual",NA,"OK",NA
"ar1","Germany","Revenues","2017-01-26",2815.74370342012,NA,NA,NA,NA,NA,NA,NA,2017-01-01,5741,"Total revenues accrual",NA,"OK",NA
"ar1","Germany","Revenues","2017-01-27",2815.74370342012,NA,NA,NA,NA,NA,NA,NA,2017-01-01,5741,"Total revenues accrual",NA,"OK",NA
"ar1","Germany","Revenues","2017-02-01",2815.74370342012,NA,NA,NA,NA,NA,NA,NA,2017-02-01,5741,"Total revenues accrual",NA,"OK",NA
"ar1","Germany","Revenues","2017-02-03",2815.74370342012,NA,NA,NA,NA,NA,NA,NA,2017-02-01,5741,"Total revenues accrual",NA,"OK",NA
"ar1","Germany","Revenues","2017-02-05",2815.74370342012,NA,NA,NA,NA,NA,NA,NA,2017-02-01,5741,"Total revenues accrual",NA,"OK",NA
"ar1","Germany","Revenues","2017-02-15",2815.74370342012,NA,NA,NA,NA,NA,NA,NA,2017-02-01,5741,"Total revenues accrual",NA,"OK",NA
"ar1","Germany","Revenues","2017-02-23",2815.74370342012,NA,NA,NA,NA,NA,NA,NA,2017-02-01,5741,"Total revenues accrual",NA,"OK",NA
"ar1","Germany","Revenues","2017-02-27",2815.74370342012,NA,NA,NA,NA,NA,NA,NA,2017-02-01,5741,"Total revenues accrual",NA,"OK",NA
"ar1","Germany","Revenues","2017-03-01",2815.74370342012,NA,NA,NA,NA,NA,NA,NA,2017-03-01,5741,"Total revenues accrual",NA,"OK",NA
"ar1","Germany","Revenues","2017-03-03",2815.74370342012,NA,NA,NA,NA,NA,NA,NA,2017-03-01,5741,"Total revenues accrual",NA,"OK",NA
"ar1","Germany","Revenues","2017-03-05",2815.74370342012,NA,NA,NA,NA,NA,NA,NA,2017-03-01,5741,"Total revenues accrual",NA,"OK",NA
"ar1","Germany","Revenues","2017-03-15",2923.18042376904,NA,NA,NA,NA,NA,NA,NA,2017-03-01,6032,"Total revenues accrual",NA,"OK",NA
"ar1","Germany","Revenues","2017-03-27",2923.18042376904,NA,NA,NA,NA,NA,NA,NA,2017-03-01,6032,"Total revenues accrual",NA,"OK",NA
"ar1","Germany","Revenues","2017-03-30",2923.18042376904,NA,NA,NA,NA,NA,NA,NA,2017-03-01,6032,"Total revenues accrual",NA,"OK",NA
"ar1","Germany","Revenues","2017-04-01",2923.18042376904,NA,NA,NA,NA,NA,NA,NA,2017-04-01,6032,"Total revenues accrual",NA,"OK",NA
"ar1","Germany","Revenues","2017-04-05",2923.18042376904,NA,NA,NA,NA,NA,NA,NA,2017-04-01,6032,"Total revenues accrual",NA,"OK",NA
"ar1","Germany","Revenues","2017-04-06",2923.18042376904,NA,NA,NA,NA,NA,NA,NA,2017-04-01,6032,"Total revenues accrual",NA,"OK",NA
"ar1","Germany","Revenues","2017-04-15",2923.18042376904,NA,NA,NA,NA,NA,NA,NA,2017-04-01,6032,"Total revenues accrual",NA,"OK",NA
"ar1","Germany","Revenues","2017-04-27",2923.18042376904,NA,NA,NA,NA,NA,NA,NA,2017-04-01,6032,"Total revenues accrual",NA,"OK",NA
"ar1","Germany","Revenues","2017-05-01",2923.18042376904,NA,NA,NA,NA,NA,NA,NA,2017-05-01,6032,"Total revenues accrual",NA,"OK",NA
"ar1","Germany","Revenues","2017-05-05",2923.18042376904,NA,NA,NA,NA,NA,NA,NA,2017-05-01,6032,"Total revenues accrual",NA,"OK",NA
"ar1","Germany","Revenues","2017-05-15",2923.18042376904,NA,NA,NA,NA,NA,NA,NA,2017-05-01,6032,"Total revenues accrual",NA,"OK",NA
"ar1","Germany","Revenues","2017-05-25",2923.18042376904,NA,NA,NA,NA,NA,NA,NA,2017-05-01,6032,"Total revenues accrual",NA,"OK",NA
"ar1","Germany","Revenues","2017-05-27",2923.18042376904,NA,NA,NA,NA,NA,NA,NA,2017-05-01,6032,"Total revenues accrual",NA,"OK",NA
"ar1","Germany","Revenues","2017-06-01",2923.18042376904,NA,NA,NA,NA,NA,NA,NA,2017-06-01,6032,"Total revenues accrual",NA,"OK",NA
"ar1","Germany","Revenues","2017-06-04",2923.18042376904,NA,NA,NA,NA,NA,NA,NA,2017-06-01,6032,"Total revenues accrual",NA,"OK",NA
"ar1","Germany","Revenues","2017-06-05",2923.18042376904,NA,NA,NA,NA,NA,NA,NA,2017-06-01,6032,"Total revenues accrual",NA,"OK",NA
"ar1","Germany","Revenues","2017-06-15",4078.12897447088,NA,NA,NA,NA,NA,NA,NA,2017-06-01,309,"Total revenues accrual",NA,"OK",NA
"ar1","Germany","Revenues","2017-06-27",4078.12897447088,NA,NA,NA,NA,NA,NA,NA,2017-06-01,309,"Total revenues accrual",NA,"OK",NA
"ar1","Germany","Revenues","2017-06-29",4078.12897447088,NA,NA,NA,NA,NA,NA,NA,2017-06-01,309,"Total revenues accrual",NA,"OK",NA
"ar1","Germany","Revenues","2017-07-01",4078.12897447088,NA,NA,NA,NA,NA,NA,NA,2017-07-01,309,"Total revenues accrual",NA,"OK",NA
"ar1","Germany","Revenues","2017-07-05",4078.12897447088,NA,NA,NA,NA,NA,NA,NA,2017-07-01,309,"Total revenues accrual",NA,"OK",NA
"ar1","Germany","Revenues","2017-07-06",4078.12897447088,NA,NA,NA,NA,NA,NA,NA,2017-07-01,309,"Total revenues accrual",NA,"OK",NA
"ar1","Germany","Revenues","2017-07-15",4078.12897447088,NA,NA,NA,NA,NA,NA,NA,2017-07-01,309,"Total revenues accrual",NA,"OK",NA
"ar1","Germany","Revenues","2017-07-27",4078.12897447088,NA,NA,NA,NA,NA,NA,NA,2017-07-01,309,"Total revenues accrual",NA,"OK",NA
"ar1","Germany","Revenues","2017-08-01",4078.12897447088,NA,NA,NA,NA,NA,NA,NA,2017-08-01,309,"Total revenues accrual",NA,"OK",NA
"ar1","Germany","Revenues","2017-08-02",4078.12897447088,NA,NA,NA,NA,NA,NA,NA,2017-08-01,309,"Total revenues accrual",NA,"OK",NA
"ar1","Germany","Revenues","2017-08-05",4078.12897447088,NA,NA,NA,NA,NA,NA,NA,2017-08-01,309,"Total revenues accrual",NA,"OK",NA
"ar1","Germany","Revenues","2017-08-15",4078.12897447088,NA,NA,NA,NA,NA,NA,NA,2017-08-01,309,"Total revenues accrual",NA,"OK",NA
"ar1","Germany","Revenues","2017-08-27",4078.12897447088,NA,NA,NA,NA,NA,NA,NA,2017-08-01,309,"Total revenues accrual",NA,"OK",NA
"ar1","Germany","Revenues","2017-08-31",4078.12897447088,NA,NA,NA,NA,NA,NA,NA,2017-08-01,309,"Total revenues accrual",NA,"OK",NA
"ar1","Germany","Revenues","2017-09-01",4078.12897447088,NA,NA,NA,NA,NA,NA,NA,2017-09-01,309,"Total revenues accrual",NA,"OK",NA
"ar1","Germany","Revenues","2017-09-05",4078.12897447088,NA,NA,NA,NA,NA,NA,NA,2017-09-01,309,"Total revenues accrual",NA,"OK",NA
"ar1","Germany","Revenues","2017-09-15",3232.51317046698,NA,NA,NA,NA,NA,NA,NA,2017-09-01,4043,"Total revenues accrual",NA,"OK",NA
"ar1","Germany","Revenues","2017-09-27",3232.51317046698,NA,NA,NA,NA,NA,NA,NA,2017-09-01,4043,"Total revenues accrual",NA,"OK",NA
"ar1","Germany","Revenues","2017-09-28",3232.51317046698,NA,NA,NA,NA,NA,NA,NA,2017-09-01,4043,"Total revenues accrual",NA,"OK",NA
"ar1","Germany","Revenues","2017-10-01",3232.51317046698,NA,NA,NA,NA,NA,NA,NA,2017-10-01,4043,"Total revenues accrual",NA,"OK",NA
"ar1","Germany","Revenues","2017-10-05",3232.51317046698,NA,NA,NA,NA,NA,NA,NA,2017-10-01,4043,"Total revenues accrual",NA,"OK",NA
"ar1","Germany","Revenues","2017-10-07",3232.51317046698,NA,NA,NA,NA,NA,NA,NA,2017-10-01,4043,"Total revenues accrual",NA,"OK",NA
"ar1","Germany","Revenues","2017-10-15",3232.51317046698,NA,NA,NA,NA,NA,NA,NA,2017-10-01,4043,"Total revenues accrual",NA,"OK",NA
"ar1","Germany","Revenues","2017-10-26",3232.51317046698,NA,NA,NA,NA,NA,NA,NA,2017-10-01,4043,"Total revenues accrual",NA,"OK",NA
"ar1","Germany","Revenues","2017-10-27",3232.51317046698,NA,NA,NA,NA,NA,NA,NA,2017-10-01,4043,"Total revenues accrual",NA,"OK",NA
"ar1","Germany","Revenues","2017-11-01",3232.51317046698,NA,NA,NA,NA,NA,NA,NA,2017-11-01,4043,"Total revenues accrual",NA,"OK",NA
"ar1","Germany","Revenues","2017-11-03",3232.51317046698,NA,NA,NA,NA,NA,NA,NA,2017-11-01,4043,"Total revenues accrual",NA,"OK",NA
"ar1","Germany","Revenues","2017-11-05",3232.51317046698,NA,NA,NA,NA,NA,NA,NA,2017-11-01,4043,"Total revenues accrual",NA,"OK",NA
"ar1","Germany","Revenues","2017-11-15",3232.51317046698,NA,NA,NA,NA,NA,NA,NA,2017-11-01,4043,"Total revenues accrual",NA,"OK",NA
"ar1","Germany","Revenues","2017-11-27",3232.51317046698,NA,NA,NA,NA,NA,NA,NA,2017-11-01,4043,"Total revenues accrual",NA,"OK",NA
"ar1","Germany","Revenues","2017-11-30",3232.51317046698,NA,NA,NA,NA,NA,NA,NA,2017-11-01,4043,"Total revenues accrual",NA,"OK",NA
"ar1","Germany","Revenues","2017-12-01",3232.51317046698,NA,NA,NA,NA,NA,NA,NA,2017-12-01,4043,"Total revenues accrual",NA,"OK",NA
"ar1","Germany","Revenues","2017-12-05",3232.51317046698,NA,NA,NA,NA,NA,NA,NA,2017-12-01,4043,"Total revenues accrual",NA,"OK",NA
"ar1","Germany","Revenues","2017-12-15",3408.14170295828,NA,NA,NA,NA,NA,NA,NA,2017-12-01,3271,"Total revenues accrual",NA,"OK",NA
"ar1","Germany","Revenues","2017-12-27",3408.14170295828,NA,NA,NA,NA,NA,NA,NA,2017-12-01,3271,"Total revenues accrual",NA,"OK",NA
"ar1","Germany","Revenues","2017-12-28",3408.14170295828,NA,NA,NA,NA,NA,NA,NA,2017-12-01,3271,"Total revenues accrual",NA,"OK",NA
"ar1","Germany","Revenues","2018-01-01",3408.14170295828,NA,NA,NA,NA,NA,NA,NA,2018-01-01,3271,"Total revenues accrual",NA,"OK",NA
"ar1","Germany","Revenues","2018-01-05",3408.14170295828,NA,NA,NA,NA,NA,NA,NA,2018-01-01,3271,"Total revenues accrual",NA,"OK",NA
"ar1","Germany","Revenues","2018-01-15",3408.14170295828,NA,NA,NA,NA,NA,NA,NA,2018-01-01,3271,"Total revenues accrual",NA,"OK",NA
"ar1","Germany","Revenues","2018-01-25",3408.14170295828,NA,NA,NA,NA,NA,NA,NA,2018-01-01,3271,"Total revenues accrual",NA,"OK",NA
"ar1","Germany","Revenues","2018-01-27",3408.14170295828,NA,NA,NA,NA,NA,NA,NA,2018-01-01,3271,"Total revenues accrual",NA,"OK",NA
"ar1","Germany","Revenues","2018-02-01",3408.14170295828,NA,NA,NA,NA,NA,NA,NA,2018-02-01,3271,"Total revenues accrual",NA,"OK",NA
"ar1","Germany","Revenues","2018-02-04",3408.14170295828,NA,NA,NA,NA,NA,NA,NA,2018-02-01,3271,"Total revenues accrual",NA,"OK",NA
"ar1","Germany","Revenues","2018-02-05",3408.14170295828,NA,NA,NA,NA,NA,NA,NA,2018-02-01,3271,"Total revenues accrual",NA,"OK",NA
"ar1","Germany","Revenues","2018-02-15",3408.14170295828,NA,NA,NA,NA,NA,NA,NA,2018-02-01,3271,"Total revenues accrual",NA,"OK",NA
"ar1","Germany","Revenues","2018-02-22",3408.14170295828,NA,NA,NA,NA,NA,NA,NA,2018-02-01,3271,"Total revenues accrual",NA,"OK",NA
"ar1","Germany","Revenues","2018-02-27",3408.14170295828,NA,NA,NA,NA,NA,NA,NA,2018-02-01,3271,"Total revenues accrual",NA,"OK",NA
"ar1","Germany","Revenues","2018-03-01",3408.14170295828,NA,NA,NA,NA,NA,NA,NA,2018-03-01,3271,"Total revenues accrual",NA,"OK",NA
"ar1","Germany","Revenues","2018-03-04",3408.14170295828,NA,NA,NA,NA,NA,NA,NA,2018-03-01,3271,"Total revenues accrual",NA,"OK",NA
"ar1","Germany","Revenues","2018-03-05",3408.14170295828,NA,NA,NA,NA,NA,NA,NA,2018-03-01,3271,"Total revenues accrual",NA,"OK",NA
"ar1","Germany","Revenues","2018-03-15",2548.26311450476,NA,NA,NA,NA,NA,NA,NA,2018-03-01,7626,"Total revenues accrual",NA,"OK",NA
"ar1","Germany","Revenues","2018-03-27",2548.26311450476,NA,NA,NA,NA,NA,NA,NA,2018-03-01,7626,"Total revenues accrual",NA,"OK",NA
"ar1","Germany","Revenues","2018-03-29",2548.26311450476,NA,NA,NA,NA,NA,NA,NA,2018-03-01,7626,"Total revenues accrual",NA,"OK",NA
"ar1","Germany","Revenues","2018-04-01",2548.26311450476,NA,NA,NA,NA,NA,NA,NA,2018-04-01,7626,"Total revenues accrual",NA,"OK",NA
"ar1","Germany","Revenues","2018-04-05",2548.26311450476,NA,NA,NA,NA,NA,NA,NA,2018-04-01,7626,"Total revenues accrual",NA,"OK",NA
"ar1","Germany","Revenues","2018-04-07",2548.26311450476,NA,NA,NA,NA,NA,NA,NA,2018-04-01,7626,"Total revenues accrual",NA,"OK",NA
"ar1","Germany","Revenues","2018-04-15",2548.26311450476,NA,NA,NA,NA,NA,NA,NA,2018-04-01,7626,"Total revenues accrual",NA,"OK",NA
"ar1","Germany","Revenues","2018-04-26",2548.26311450476,NA,NA,NA,NA,NA,NA,NA,2018-04-01,7626,"Total revenues accrual",NA,"OK",NA
"ar1","Germany","Revenues","2018-04-27",2548.26311450476,NA,NA,NA,NA,NA,NA,NA,2018-04-01,7626,"Total revenues accrual",NA,"OK",NA
"ar1","Germany","Revenues","2018-05-01",2548.26311450476,NA,NA,NA,NA,NA,NA,NA,2018-05-01,7626,"Total revenues accrual",NA,"OK",NA
"ar1","Germany","Revenues","2018-05-02",2548.26311450476,NA,NA,NA,NA,NA,NA,NA,2018-05-01,7626,"Total revenues accrual",NA,"OK",NA
"ar1","Germany","Revenues","2018-05-05",2548.26311450476,NA,NA,NA,NA,NA,NA,NA,2018-05-01,7626,"Total revenues accrual",NA,"OK",NA
"ar1","Germany","Revenues","2018-05-15",2548.26311450476,NA,NA,NA,NA,NA,NA,NA,2018-05-01,7626,"Total revenues accrual",NA,"OK",NA
"ar1","Germany","Revenues","2018-05-27",2548.26311450476,NA,NA,NA,NA,NA,NA,NA,2018-05-01,7626,"Total revenues accrual",NA,"OK",NA
"ar1","Germany","Revenues","2018-05-31",2548.26311450476,NA,NA,NA,NA,NA,NA,NA,2018-05-01,7626,"Total revenues accrual",NA,"OK",NA
"ar1","Germany","Revenues","2018-06-01",2548.26311450476,NA,NA,NA,NA,NA,NA,NA,2018-06-01,7626,"Total revenues accrual",NA,"OK",NA
"ar1","Germany","Revenues","2018-06-05",2548.26311450476,NA,NA,NA,NA,NA,NA,NA,2018-06-01,7626,"Total revenues accrual",NA,"OK",NA
"ar1","Germany","Revenues","2018-06-15",2925.61723870284,NA,NA,NA,NA,NA,NA,NA,2018-06-01,7701,"Total revenues accrual",NA,"OK",NA
"ar1","Germany","Revenues","2018-06-27",2925.61723870284,NA,NA,NA,NA,NA,NA,NA,2018-06-01,7701,"Total revenues accrual",NA,"OK",NA
"ar1","Germany","Revenues","2018-06-28",2925.61723870284,NA,NA,NA,NA,NA,NA,NA,2018-06-01,7701,"Total revenues accrual",NA,"OK",NA
"ar1","Germany","Revenues","2018-07-01",2925.61723870284,NA,NA,NA,NA,NA,NA,NA,2018-07-01,7701,"Total revenues accrual",NA,"OK",NA
"ar1","Germany","Revenues","2018-07-05",2925.61723870284,NA,NA,NA,NA,NA,NA,NA,2018-07-01,7701,"Total revenues accrual",NA,"OK",NA
"ar1","Germany","Revenues","2018-07-07",2925.61723870284,NA,NA,NA,NA,NA,NA,NA,2018-07-01,7701,"Total revenues accrual",NA,"OK",NA
"ar1","Germany","Revenues","2018-07-15",2925.61723870284,NA,NA,NA,NA,NA,NA,NA,2018-07-01,7701,"Total revenues accrual",NA,"OK",NA
"ar1","Germany","Revenues","2018-07-26",2925.61723870284,NA,NA,NA,NA,NA,NA,NA,2018-07-01,7701,"Total revenues accrual",NA,"OK",NA
"ar1","Germany","Revenues","2018-07-27",2925.61723870284,NA,NA,NA,NA,NA,NA,NA,2018-07-01,7701,"Total revenues accrual",NA,"OK",NA
"ar1","Germany","Revenues","2018-08-01",2925.61723870284,NA,NA,NA,NA,NA,NA,NA,2018-08-01,7701,"Total revenues accrual",NA,"OK",NA
"ar1","Germany","Revenues","2018-08-03",2925.61723870284,NA,NA,NA,NA,NA,NA,NA,2018-08-01,7701,"Total revenues accrual",NA,"OK",NA
"ar1","Germany","Revenues","2018-08-05",2925.61723870284,NA,NA,NA,NA,NA,NA,NA,2018-08-01,7701,"Total revenues accrual",NA,"OK",NA
"ar1","Germany","Revenues","2018-08-15",2925.61723870284,NA,NA,NA,NA,NA,NA,NA,2018-08-01,7701,"Total revenues accrual",NA,"OK",NA
"ar1","Germany","Revenues","2018-08-27",2925.61723870284,NA,NA,NA,NA,NA,NA,NA,2018-08-01,7701,"Total revenues accrual",NA,"OK",NA
"ar1","Germany","Revenues","2018-08-30",2925.61723870284,NA,NA,NA,NA,NA,NA,NA,2018-08-01,7701,"Total revenues accrual",NA,"OK",NA
"ar1","Germany","Revenues","2018-09-01",2925.61723870284,NA,NA,NA,NA,NA,NA,NA,2018-09-01,7701,"Total revenues accrual",NA,"OK",NA
"ar1","Germany","Revenues","2018-09-05",2925.61723870284,NA,NA,NA,NA,NA,NA,NA,2018-09-01,7701,"Total revenues accrual",NA,"OK",NA
"ar1","Germany","Revenues","2018-09-06",2925.61723870284,NA,NA,NA,NA,NA,NA,NA,2018-09-01,7701,"Total revenues accrual",NA,"OK",NA
"ar1","Germany","Revenues","2018-09-15",4572.30613280241,NA,NA,NA,NA,NA,NA,NA,2018-09-01,-1328,"Total revenues accrual",NA,"OK",NA
"ar1","Germany","Revenues","2018-09-27",4572.30613280241,NA,NA,NA,NA,NA,NA,NA,2018-09-01,-1328,"Total revenues accrual",NA,"OK",NA
"ar1","Germany","Revenues","2018-10-01",4572.30613280241,NA,NA,NA,NA,NA,NA,NA,2018-10-01,-1328,"Total revenues accrual",NA,"OK",NA
"ar1","Germany","Revenues","2018-10-05",4572.30613280241,NA,NA,NA,NA,NA,NA,NA,2018-10-01,-1328,"Total revenues accrual",NA,"OK",NA
"ar1","Germany","Revenues","2018-10-15",4572.30613280241,NA,NA,NA,NA,NA,NA,NA,2018-10-01,-1328,"Total revenues accrual",NA,"OK",NA
"ar1","Germany","Revenues","2018-10-25",4572.30613280241,NA,NA,NA,NA,NA,NA,NA,2018-10-01,-1328,"Total revenues accrual",NA,"OK",NA
"ar1","Germany","Revenues","2018-10-27",4572.30613280241,NA,NA,NA,NA,NA,NA,NA,2018-10-01,-1328,"Total revenues accrual",NA,"OK",NA
"ar1","Germany","Revenues","2018-11-01",4572.30613280241,NA,NA,NA,NA,NA,NA,NA,2018-11-01,-1328,"Total revenues accrual",NA,"OK",NA
"ar1","Germany","Revenues","2018-11-04",4572.30613280241,NA,NA,NA,NA,NA,NA,NA,2018-11-01,-1328,"Total revenues accrual",NA,"OK",NA
"ar1","Germany","Revenues","2018-11-05",4572.30613280241,NA,NA,NA,NA,NA,NA,NA,2018-11-01,-1328,"Total revenues accrual",NA,"OK",NA
"ar1","Germany","Revenues","2018-11-15",4572.30613280241,NA,NA,NA,NA,NA,NA,NA,2018-11-01,-1328,"Total revenues accrual",NA,"OK",NA
"ar1","Germany","Revenues","2018-11-27",4572.30613280241,NA,NA,NA,NA,NA,NA,NA,2018-11-01,-1328,"Total revenues accrual",NA,"OK",NA
"ar1","Germany","Revenues","2018-11-29",4572.30613280241,NA,NA,NA,NA,NA,NA,NA,2018-11-01,-1328,"Total revenues accrual",NA,"OK",NA
"ar1","Germany","Revenues","2018-12-01",4572.30613280241,NA,NA,NA,NA,NA,NA,NA,2018-12-01,-1328,"Total revenues accrual",NA,"OK",NA
"ar1","Germany","Revenues","2018-12-05",4572.30613280241,NA,NA,NA,NA,NA,NA,NA,2018-12-01,-1328,"Total revenues accrual",NA,"OK",NA
"ar1","Germany","Revenues","2018-12-06",4572.30613280241,NA,NA,NA,NA,NA,NA,NA,2018-12-01,-1328,"Total revenues accrual",NA,"OK",NA
"ar1","Germany","Revenues","2018-12-15",3967.98247961958,NA,NA,NA,NA,NA,NA,NA,2018-12-01,-288,"Total revenues accrual",NA,"OK",NA
"ar1","Germany","Revenues","2018-12-27",3967.98247961958,NA,NA,NA,NA,NA,NA,NA,2018-12-01,-288,"Total revenues accrual",NA,"OK",NA
"ar1","Germany","Revenues","2019-01-01",3967.98247961958,NA,NA,NA,NA,NA,NA,NA,2019-01-01,-288,"Total revenues accrual",NA,"OK",NA
"ar1","Germany","Revenues","2019-01-02",3967.98247961958,NA,NA,NA,NA,NA,NA,NA,2019-01-01,-288,"Total revenues accrual",NA,"OK",NA
"ar1","Germany","Revenues","2019-01-05",3967.98247961958,NA,NA,NA,NA,NA,NA,NA,2019-01-01,-288,"Total revenues accrual",NA,"OK",NA
"ar1","Germany","Revenues","2019-01-15",3967.98247961958,NA,NA,NA,NA,NA,NA,NA,2019-01-01,-288,"Total revenues accrual",NA,"OK",NA
"ar1","Germany","Revenues","2019-01-27",3967.98247961958,NA,NA,NA,NA,NA,NA,NA,2019-01-01,-288,"Total revenues accrual",NA,"OK",NA
"ar1","Germany","Revenues","2019-01-31",3967.98247961958,NA,NA,NA,NA,NA,NA,NA,2019-01-01,-288,"Total revenues accrual",NA,"OK",NA
"ar1","Germany","Revenues","2019-02-01",3967.98247961958,NA,NA,NA,NA,NA,NA,NA,2019-02-01,-288,"Total revenues accrual",NA,"OK",NA
"ar1","Germany","Revenues","2019-02-05",3967.98247961958,NA,NA,NA,NA,NA,NA,NA,2019-02-01,-288,"Total revenues accrual",NA,"OK",NA
"ar1","Germany","Revenues","2019-02-15",3967.98247961958,NA,NA,NA,NA,NA,NA,NA,2019-02-01,-288,"Total revenues accrual",NA,"OK",NA
"ar1","Germany","Revenues","2019-02-27",3967.98247961958,NA,NA,NA,NA,NA,NA,NA,2019-02-01,-288,"Total revenues accrual",NA,"OK",NA
"ar1","Germany","Revenues","2019-02-28",3967.98247961958,NA,NA,NA,NA,NA,NA,NA,2019-02-01,-288,"Total revenues accrual",NA,"OK",NA
"ar1","Germany","Revenues","2019-03-01",3967.98247961958,NA,NA,NA,NA,NA,NA,NA,2019-03-01,-288,"Total revenues accrual",NA,"OK",NA
"ar1","Germany","Revenues","2019-03-05",3967.98247961958,NA,NA,NA,NA,NA,NA,NA,2019-03-01,-288,"Total revenues accrual",NA,"OK",NA
"ar1","Germany","Revenues","2019-03-15",2677.72865672142,NA,NA,NA,NA,NA,NA,NA,2019-03-01,7745,"Total revenues accrual",NA,"OK",NA
"ar1","Germany","Revenues","2019-03-27",2677.72865672142,NA,NA,NA,NA,NA,NA,NA,2019-03-01,7745,"Total revenues accrual",NA,"OK",NA
"ar1","Germany","Revenues","2019-03-28",2677.72865672142,NA,NA,NA,NA,NA,NA,NA,2019-03-01,7745,"Total revenues accrual",NA,"OK",NA
"ar1","Germany","Revenues","2019-04-01",2677.72865672142,NA,NA,NA,NA,NA,NA,NA,2019-04-01,7745,"Total revenues accrual",NA,"OK",NA
"ar1","Germany","Revenues","2019-04-05",2677.72865672142,NA,NA,NA,NA,NA,NA,NA,2019-04-01,7745,"Total revenues accrual",NA,"OK",NA
"ar1","Germany","Revenues","2019-04-15",2677.72865672142,NA,NA,NA,NA,NA,NA,NA,2019-04-01,7745,"Total revenues accrual",NA,"OK",NA
"ar1","Germany","Revenues","2019-04-25",2677.72865672142,NA,NA,NA,NA,NA,NA,NA,2019-04-01,7745,"Total revenues accrual",NA,"OK",NA
"ar1","Germany","Revenues","2019-04-27",2677.72865672142,NA,NA,NA,NA,NA,NA,NA,2019-04-01,7745,"Total revenues accrual",NA,"OK",NA
"ar1","Germany","Revenues","2019-05-01",2677.72865672142,NA,NA,NA,NA,NA,NA,NA,2019-05-01,7745,"Total revenues accrual",NA,"OK",NA
"ar1","Germany","Revenues","2019-05-03",2677.72865672142,NA,NA,NA,NA,NA,NA,NA,2019-05-01,7745,"Total revenues accrual",NA,"OK",NA
"ar1","Germany","Revenues","2019-05-05",2677.72865672142,NA,NA,NA,NA,NA,NA,NA,2019-05-01,7745,"Total revenues accrual",NA,"OK",NA
"ar1","Germany","Revenues","2019-05-15",2677.72865672142,NA,NA,NA,NA,NA,NA,NA,2019-05-01,7745,"Total revenues accrual",NA,"OK",NA
"ar1","Germany","Revenues","2019-05-27",2677.72865672142,NA,NA,NA,NA,NA,NA,NA,2019-05-01,7745,"Total revenues accrual",NA,"OK",NA
"ar1","Germany","Revenues","2019-05-30",2677.72865672142,NA,NA,NA,NA,NA,NA,NA,2019-05-01,7745,"Total revenues accrual",NA,"OK",NA
"ar1","Germany","Revenues","2019-06-01",2677.72865672142,NA,NA,NA,NA,NA,NA,NA,2019-06-01,7745,"Total revenues accrual",NA,"OK",NA
"ar1","Germany","Revenues","2019-06-05",2677.72865672142,NA,NA,NA,NA,NA,NA,NA,2019-06-01,7745,"Total revenues accrual",NA,"OK",NA
"ar1","Germany","Revenues","2019-06-06",2677.72865672142,NA,NA,NA,NA,NA,NA,NA,2019-06-01,7745,"Total revenues accrual",NA,"OK",NA
"ar1","Germany","Revenues","2019-06-15",2924.41649643355,NA,NA,NA,NA,NA,NA,NA,2019-06-01,9333,"Total revenues accrual",NA,"OK",NA
"ar1","Germany","Revenues","2019-06-27",2924.41649643355,NA,NA,NA,NA,NA,NA,NA,2019-06-01,9333,"Total revenues accrual",NA,"OK",NA
"ar1","Germany","Revenues","2019-07-01",2924.41649643355,NA,NA,NA,NA,NA,NA,NA,2019-07-01,9333,"Total revenues accrual",NA,"OK",NA
"ar1","Germany","Revenues","2019-07-05",2924.41649643355,NA,NA,NA,NA,NA,NA,NA,2019-07-01,9333,"Total revenues accrual",NA,"OK",NA
"ar1","Germany","Revenues","2019-07-15",2924.41649643355,NA,NA,NA,NA,NA,NA,NA,2019-07-01,9333,"Total revenues accrual",NA,"OK",NA
"ar1","Germany","Revenues","2019-07-25",2924.41649643355,NA,NA,NA,NA,NA,NA,NA,2019-07-01,9333,"Total revenues accrual",NA,"OK",NA
"ar1","Germany","Revenues","2019-07-27",2924.41649643355,NA,NA,NA,NA,NA,NA,NA,2019-07-01,9333,"Total revenues accrual",NA,"OK",NA
"ar1","Germany","Revenues","2019-08-01",2924.41649643355,NA,NA,NA,NA,NA,NA,NA,2019-08-01,9333,"Total revenues accrual",NA,"OK",NA
"ar1","Germany","Revenues","2019-08-04",2924.41649643355,NA,NA,NA,NA,NA,NA,NA,2019-08-01,9333,"Total revenues accrual",NA,"OK",NA
"ar1","Germany","Revenues","2019-08-05",2924.41649643355,NA,NA,NA,NA,NA,NA,NA,2019-08-01,9333,"Total revenues accrual",NA,"OK",NA
"ar1","Germany","Revenues","2019-08-15",2924.41649643355,NA,NA,NA,NA,NA,NA,NA,2019-08-01,9333,"Total revenues accrual",NA,"OK",NA
"ar1","Germany","Revenues","2019-08-27",2924.41649643355,NA,NA,NA,NA,NA,NA,NA,2019-08-01,9333,"Total revenues accrual",NA,"OK",NA
"ar1","Germany","Revenues","2019-08-29",2924.41649643355,NA,NA,NA,NA,NA,NA,NA,2019-08-01,9333,"Total revenues accrual",NA,"OK",NA
"ar1","Germany","Revenues","2019-09-01",2924.41649643355,NA,NA,NA,NA,NA,NA,NA,2019-09-01,9333,"Total revenues accrual",NA,"OK",NA
"ar1","Germany","Revenues","2019-09-05",2924.41649643355,NA,NA,NA,NA,NA,NA,NA,2019-09-01,9333,"Total revenues accrual",NA,"OK",NA
"ar1","Germany","Revenues","2019-09-07",2924.41649643355,NA,NA,NA,NA,NA,NA,NA,2019-09-01,9333,"Total revenues accrual",NA,"OK",NA
"ar1","Germany","Revenues","2019-09-15",4426.43195480011,NA,NA,NA,NA,NA,NA,NA,2019-09-01,-1352,"Total revenues accrual",NA,"OK",NA
"ar1","Germany","Revenues","2019-09-26",4426.43195480011,NA,NA,NA,NA,NA,NA,NA,2019-09-01,-1352,"Total revenues accrual",NA,"OK",NA
"ar1","Germany","Revenues","2019-09-27",4426.43195480011,NA,NA,NA,NA,NA,NA,NA,2019-09-01,-1352,"Total revenues accrual",NA,"OK",NA
"ar1","Germany","Revenues","2019-10-01",4426.43195480011,NA,NA,NA,NA,NA,NA,NA,2019-10-01,-1352,"Total revenues accrual",NA,"OK",NA
"ar1","Germany","Revenues","2019-10-02",4426.43195480011,NA,NA,NA,NA,NA,NA,NA,2019-10-01,-1352,"Total revenues accrual",NA,"OK",NA
"ar1","Germany","Revenues","2019-10-05",4426.43195480011,NA,NA,NA,NA,NA,NA,NA,2019-10-01,-1352,"Total revenues accrual",NA,"OK",NA
"ar1","Germany","Revenues","2019-10-15",4426.43195480011,NA,NA,NA,NA,NA,NA,NA,2019-10-01,-1352,"Total revenues accrual",NA,"OK",NA
"ar1","Germany","Revenues","2019-10-27",4426.43195480011,NA,NA,NA,NA,NA,NA,NA,2019-10-01,-1352,"Total revenues accrual",NA,"OK",NA
"ar1","Germany","Revenues","2019-10-31",4426.43195480011,NA,NA,NA,NA,NA,NA,NA,2019-10-01,-1352,"Total revenues accrual",NA,"OK",NA
"ar1","Germany","Revenues","2019-11-01",4426.43195480011,NA,NA,NA,NA,NA,NA,NA,2019-11-01,-1352,"Total revenues accrual",NA,"OK",NA
"ar1","Germany","Revenues","2019-11-05",4426.43195480011,NA,NA,NA,NA,NA,NA,NA,2019-11-01,-1352,"Total revenues accrual",NA,"OK",NA
"ar1","Germany","Revenues","2019-11-15",4426.43195480011,NA,NA,NA,NA,NA,NA,NA,2019-11-01,-1352,"Total revenues accrual",NA,"OK",NA
"ar1","Germany","Revenues","2019-11-27",4426.43195480011,NA,NA,NA,NA,NA,NA,NA,2019-11-01,-1352,"Total revenues accrual",NA,"OK",NA
"ar1","Germany","Revenues","2019-11-28",4426.43195480011,NA,NA,NA,NA,NA,NA,NA,2019-11-01,-1352,"Total revenues accrual",NA,"OK",NA
"ar1","Germany","Revenues","2019-12-01",4426.43195480011,NA,NA,NA,NA,NA,NA,NA,2019-12-01,-1352,"Total revenues accrual",NA,"OK",NA
"ar1","Germany","Revenues","2019-12-05",4426.43195480011,NA,NA,NA,NA,NA,NA,NA,2019-12-01,-1352,"Total revenues accrual",NA,"OK",NA
"ar1","Germany","Revenues","2019-12-07",4426.43195480011,NA,NA,NA,NA,NA,NA,NA,2019-12-01,-1352,"Total revenues accrual",NA,"OK",NA
"ar1","Germany","Revenues","2019-12-15",3956.67090486745,NA,NA,NA,NA,NA,NA,NA,2019-12-01,-887,"Total revenues accrual",NA,"OK",NA
"ar1","Germany","Revenues","2019-12-26",3956.67090486745,NA,NA,NA,NA,NA,NA,NA,2019-12-01,-887,"Total revenues accrual",NA,"OK",NA
"ar1","Germany","Revenues","2019-12-27",3956.67090486745,NA,NA,NA,NA,NA,NA,NA,2019-12-01,-887,"Total revenues accrual",NA,"OK",NA
"ar1","Germany","Revenues","2020-01-01",3956.67090486745,NA,NA,NA,NA,NA,NA,NA,2020-01-01,-887,"Total revenues accrual",NA,"OK",NA
"ar1","Germany","Revenues","2020-01-03",3956.67090486745,NA,NA,NA,NA,NA,NA,NA,2020-01-01,-887,"Total revenues accrual",NA,"OK",NA
"ar1","Germany","Revenues","2020-01-05",3956.67090486745,NA,NA,NA,NA,NA,NA,NA,2020-01-01,-887,"Total revenues accrual",NA,"OK",NA
"ar1","Germany","Revenues","2020-01-15",3956.67090486745,NA,NA,NA,NA,NA,NA,NA,2020-01-01,-887,"Total revenues accrual",NA,"OK",NA
"ar1","Germany","Revenues","2020-01-27",3956.67090486745,NA,NA,NA,NA,NA,NA,NA,2020-01-01,-887,"Total revenues accrual",NA,"OK",NA
"ar1","Germany","Revenues","2020-01-30",3956.67090486745,NA,NA,NA,NA,NA,NA,NA,2020-01-01,-887,"Total revenues accrual",NA,"OK",NA
"ar1","Germany","Revenues","2020-02-01",3956.67090486745,NA,NA,NA,NA,NA,NA,NA,2020-02-01,-887,"Total revenues accrual",NA,"OK",NA
"ar1","Germany","Revenues","2020-02-05",3956.67090486745,NA,NA,NA,NA,NA,NA,NA,2020-02-01,-887,"Total revenues accrual",NA,"OK",NA
"ar1","Germany","Revenues","2020-02-06",3956.67090486745,NA,NA,NA,NA,NA,NA,NA,2020-02-01,-887,"Total revenues accrual",NA,"OK",NA
"ar1","Germany","Revenues","2020-02-15",3956.67090486745,NA,NA,NA,NA,NA,NA,NA,2020-02-01,-887,"Total revenues accrual",NA,"OK",NA
"ar1","Germany","Revenues","2020-02-27",3956.67090486745,NA,NA,NA,NA,NA,NA,NA,2020-02-01,-887,"Total revenues accrual",NA,"OK",NA
"ar1","Germany","Revenues","2020-03-01",3956.67090486745,NA,NA,NA,NA,NA,NA,NA,2020-03-01,-887,"Total revenues accrual",NA,"OK",NA
"ar1","Germany","Revenues","2020-03-05",3956.67090486745,NA,NA,NA,NA,NA,NA,NA,2020-03-01,-887,"Total revenues accrual",NA,"OK",NA
"ar1","Germany","Revenues","2020-03-07",3956.67090486745,NA,NA,NA,NA,NA,NA,NA,2020-03-01,-887,"Total revenues accrual",NA,"OK",NA
"ar1","Germany","Revenues","2020-03-15",3188.61233386954,NA,NA,NA,NA,NA,NA,NA,2020-03-01,5434,"Total revenues accrual",NA,"OK",NA
"ar1","Germany","Revenues","2020-03-26",3188.61233386954,NA,NA,NA,NA,NA,NA,NA,2020-03-01,5434,"Total revenues accrual",NA,"OK",NA
"ar1","Germany","Revenues","2020-03-27",3188.61233386954,NA,NA,NA,NA,NA,NA,NA,2020-03-01,5434,"Total revenues accrual",NA,"OK",NA
"ar1","Germany","Revenues","2020-04-01",3188.61233386954,NA,NA,NA,NA,NA,NA,NA,2020-04-01,5434,"Total revenues accrual",NA,"OK",NA
"ar1","Germany","Revenues","2020-04-03",3188.61233386954,NA,NA,NA,NA,NA,NA,NA,2020-04-01,5434,"Total revenues accrual",NA,"OK",NA
"ar1","Germany","Revenues","2020-04-05",3188.61233386954,NA,NA,NA,NA,NA,NA,NA,2020-04-01,5434,"Total revenues accrual",NA,"OK",NA
"ar1","Germany","Revenues","2020-04-15",3188.61233386954,NA,NA,NA,NA,NA,NA,NA,2020-04-01,5434,"Total revenues accrual",NA,"OK",NA
"ar1","Germany","Revenues","2020-04-27",3188.61233386954,NA,NA,NA,NA,NA,NA,NA,2020-04-01,5434,"Total revenues accrual",NA,"OK",NA
"ar1","Germany","Revenues","2020-04-30",3188.61233386954,NA,NA,NA,NA,NA,NA,NA,2020-04-01,5434,"Total revenues accrual",NA,"OK",NA
"ar1","Germany","Revenues","2020-05-01",3188.61233386954,NA,NA,NA,NA,NA,NA,NA,2020-05-01,5434,"Total revenues accrual",NA,"OK",NA
"ar1","Germany","Revenues","2020-05-05",3188.61233386954,NA,NA,NA,NA,NA,NA,NA,2020-05-01,5434,"Total revenues accrual",NA,"OK",NA
"ar1","Germany","Revenues","2020-05-15",3188.61233386954,NA,NA,NA,NA,NA,NA,NA,2020-05-01,5434,"Total revenues accrual",NA,"OK",NA
"ar1","Germany","Revenues","2020-05-27",3188.61233386954,NA,NA,NA,NA,NA,NA,NA,2020-05-01,5434,"Total revenues accrual",NA,"OK",NA
"ar1","Germany","Revenues","2020-05-28",3188.61233386954,NA,NA,NA,NA,NA,NA,NA,2020-05-01,5434,"Total revenues accrual",NA,"OK",NA
"ar1","Germany","Revenues","2020-06-01",3188.61233386954,NA,NA,NA,NA,NA,NA,NA,2020-06-01,5434,"Total revenues accrual",NA,"OK",NA
"ar1","Germany","Revenues","2020-06-05",3188.61233386954,NA,NA,NA,NA,NA,NA,NA,2020-06-01,5434,"Total revenues accrual",NA,"OK",NA
"ar1","Germany","Revenues","2020-06-15",13070.3070457023,NA,NA,NA,NA,NA,NA,NA,2020-06-01,-34885,"Total revenues accrual",NA,"OK",NA
"ar1","Germany","Revenues","2020-06-25",13070.3070457023,NA,NA,NA,NA,NA,NA,NA,2020-06-01,-34885,"Total revenues accrual",NA,"OK",NA
"ar1","Germany","Revenues","2020-06-27",13070.3070457023,NA,NA,NA,NA,NA,NA,NA,2020-06-01,-34885,"Total revenues accrual",NA,"OK",NA
"ar1","Germany","Revenues","2020-07-01",13070.3070457023,NA,NA,NA,NA,NA,NA,NA,2020-07-01,-34885,"Total revenues accrual",NA,"OK",NA
"ar1","Germany","Revenues","2020-07-03",13070.3070457023,NA,NA,NA,NA,NA,NA,NA,2020-07-01,-34885,"Total revenues accrual",NA,"OK",NA
"ar1","Germany","Revenues","2020-07-05",13070.3070457023,NA,NA,NA,NA,NA,NA,NA,2020-07-01,-34885,"Total revenues accrual",NA,"OK",NA
"ar1","Germany","Revenues","2020-07-15",13070.3070457023,NA,NA,NA,NA,NA,NA,NA,2020-07-01,-34885,"Total revenues accrual",NA,"OK",NA
"ar1","Germany","Revenues","2020-07-27",13070.3070457023,NA,NA,NA,NA,NA,NA,NA,2020-07-01,-34885,"Total revenues accrual",NA,"OK",NA
"ar1","Germany","Revenues","2020-07-30",13070.3070457023,NA,NA,NA,NA,NA,NA,NA,2020-07-01,-34885,"Total revenues accrual",NA,"OK",NA
"ar1","Germany","Revenues","2020-08-01",13070.3070457023,NA,NA,NA,NA,NA,NA,NA,2020-08-01,-34885,"Total revenues accrual",NA,"OK",NA
"ar1","Germany","Revenues","2020-08-05",13070.3070457023,NA,NA,NA,NA,NA,NA,NA,2020-08-01,-34885,"Total revenues accrual",NA,"OK",NA
"ar1","Germany","Revenues","2020-08-06",13070.3070457023,NA,NA,NA,NA,NA,NA,NA,2020-08-01,-34885,"Total revenues accrual",NA,"OK",NA
"ar1","Germany","Revenues","2020-08-15",13070.3070457023,NA,NA,NA,NA,NA,NA,NA,2020-08-01,-34885,"Total revenues accrual",NA,"OK",NA
"ar1","Germany","Revenues","2020-08-27",13070.3070457023,NA,NA,NA,NA,NA,NA,NA,2020-08-01,-34885,"Total revenues accrual",NA,"OK",NA
"ar1","Germany","Revenues","2020-09-01",13070.3070457023,NA,NA,NA,NA,NA,NA,NA,2020-09-01,-34885,"Total revenues accrual",NA,"OK",NA
"ar1","Germany","Revenues","2020-09-02",13070.3070457023,NA,NA,NA,NA,NA,NA,NA,2020-09-01,-34885,"Total revenues accrual",NA,"OK",NA
"ar1","Germany","Revenues","2020-09-05",13070.3070457023,NA,NA,NA,NA,NA,NA,NA,2020-09-01,-34885,"Total revenues accrual",NA,"OK",NA
"ar1","Germany","Revenues","2020-09-15",500.733474306548,NA,NA,NA,NA,NA,NA,NA,2020-09-01,11599,"Total revenues accrual",NA,"OK",NA
"ar1","Germany","Revenues","2020-09-24",500.733474306548,NA,NA,NA,NA,NA,NA,NA,2020-09-01,11599,"Total revenues accrual",NA,"OK",NA
"ar1","Germany","Revenues","2020-09-27",500.733474306548,NA,NA,NA,NA,NA,NA,NA,2020-09-01,11599,"Total revenues accrual",NA,"OK",NA
"ar1","Germany","Revenues","2020-10-01",500.733474306548,NA,NA,NA,NA,NA,NA,NA,2020-10-01,11599,"Total revenues accrual",NA,"OK",NA
"ar1","Germany","Revenues","2020-10-04",500.733474306548,NA,NA,NA,NA,NA,NA,NA,2020-10-01,11599,"Total revenues accrual",NA,"OK",NA
"ar1","Germany","Revenues","2020-10-05",500.733474306548,NA,NA,NA,NA,NA,NA,NA,2020-10-01,11599,"Total revenues accrual",NA,"OK",NA
"ar1","Germany","Revenues","2020-10-15",500.733474306548,NA,NA,NA,NA,NA,NA,NA,2020-10-01,11599,"Total revenues accrual",NA,"OK",NA
"ar1","Germany","Revenues","2020-10-27",500.733474306548,NA,NA,NA,NA,NA,NA,NA,2020-10-01,11599,"Total revenues accrual",NA,"OK",NA
"ar1","Germany","Revenues","2020-10-29",500.733474306548,NA,NA,NA,NA,NA,NA,NA,2020-10-01,11599,"Total revenues accrual",NA,"OK",NA
"ar1","Germany","Revenues","2020-11-01",500.733474306548,NA,NA,NA,NA,NA,NA,NA,2020-11-01,11599,"Total revenues accrual",NA,"OK",NA
"ar1","Germany","Revenues","2020-11-05",500.733474306548,NA,NA,NA,NA,NA,NA,NA,2020-11-01,11599,"Total revenues accrual",NA,"OK",NA
"ar1","Germany","Revenues","2020-11-07",500.733474306548,NA,NA,NA,NA,NA,NA,NA,2020-11-01,11599,"Total revenues accrual",NA,"OK",NA
"ar1","Germany","Revenues","2020-11-15",500.733474306548,NA,NA,NA,NA,NA,NA,NA,2020-11-01,11599,"Total revenues accrual",NA,"OK",NA
"ar1","Germany","Revenues","2020-11-26",500.733474306548,NA,NA,NA,NA,NA,NA,NA,2020-11-01,11599,"Total revenues accrual",NA,"OK",NA
"ar1","Germany","Revenues","2020-11-27",500.733474306548,NA,NA,NA,NA,NA,NA,NA,2020-11-01,11599,"Total revenues accrual",NA,"OK",NA
"ar1","Germany","Revenues","2020-12-01",500.733474306548,NA,NA,NA,NA,NA,NA,NA,2020-12-01,11599,"Total revenues accrual",NA,"OK",NA
"ar1","Germany","Revenues","2020-12-02",500.733474306548,NA,NA,NA,NA,NA,NA,NA,2020-12-01,11599,"Total revenues accrual",NA,"OK",NA
"ar1","Germany","Revenues","2020-12-05",500.733474306548,NA,NA,NA,NA,NA,NA,NA,2020-12-01,11599,"Total revenues accrual",NA,"OK",NA
"ar1","Germany","Revenues","2020-12-15",1289.54078437501,NA,NA,NA,NA,NA,NA,NA,2020-12-01,10842,"Total revenues accrual",NA,"OK",NA
"ar1","Germany","Revenues","2020-12-27",1289.54078437501,NA,NA,NA,NA,NA,NA,NA,2020-12-01,10842,"Total revenues accrual",NA,"OK",NA
"ar1","Germany","Revenues","2020-12-31",1289.54078437501,NA,NA,NA,NA,NA,NA,NA,2020-12-01,10842,"Total revenues accrual",NA,"OK",NA
"ar1","Germany","Revenues","2021-01-01",1289.54078437501,NA,NA,NA,NA,NA,NA,NA,2021-01-01,10842,"Total revenues accrual",NA,"OK",NA
"ar1","Germany","Revenues","2021-01-05",1289.54078437501,NA,NA,NA,NA,NA,NA,NA,2021-01-01,10842,"Total revenues accrual",NA,"OK",NA
"ar1","Germany","Revenues","2021-01-15",1289.54078437501,NA,NA,NA,NA,NA,NA,NA,2021-01-01,10842,"Total revenues accrual",NA,"OK",NA
"ar1","Germany","Revenues","2021-01-27",1289.54078437501,NA,NA,NA,NA,NA,NA,NA,2021-01-01,10842,"Total revenues accrual",NA,"OK",NA
"ar1","Germany","Revenues","2021-01-28",1289.54078437501,NA,NA,NA,NA,NA,NA,NA,2021-01-01,10842,"Total revenues accrual",NA,"OK",NA
"ar1","Germany","Revenues","2021-02-01",1289.54078437501,NA,NA,NA,NA,NA,NA,NA,2021-02-01,10842,"Total revenues accrual",NA,"OK",NA
"ar1","Germany","Revenues","2021-02-05",1289.54078437501,NA,NA,NA,NA,NA,NA,NA,2021-02-01,10842,"Total revenues accrual",NA,"OK",NA
"ar1","Germany","Revenues","2021-02-15",1289.54078437501,NA,NA,NA,NA,NA,NA,NA,2021-02-01,10842,"Total revenues accrual",NA,"OK",NA
"ar1","Germany","Revenues","2021-02-25",1289.54078437501,NA,NA,NA,NA,NA,NA,NA,2021-02-01,10842,"Total revenues accrual",NA,"OK",NA
"ar1","Germany","Revenues","2021-02-27",1289.54078437501,NA,NA,NA,NA,NA,NA,NA,2021-02-01,10842,"Total revenues accrual",NA,"OK",NA
"ar1","Germany","Revenues","2021-03-01",1289.54078437501,NA,NA,NA,NA,NA,NA,NA,2021-03-01,10842,"Total revenues accrual",NA,"OK",NA
"ar1","Germany","Revenues","2021-03-05",1289.54078437501,NA,NA,NA,NA,NA,NA,NA,2021-03-01,10842,"Total revenues accrual",NA,"OK",NA
"ar1","Germany","Revenues","2021-03-15",1446.63227625208,NA,NA,NA,NA,NA,NA,NA,2021-03-01,14210,"Total revenues accrual",NA,"OK",NA
"ar1","Germany","Revenues","2021-03-25",1446.63227625208,NA,NA,NA,NA,NA,NA,NA,2021-03-01,14210,"Total revenues accrual",NA,"OK",NA
"ar1","Germany","Revenues","2021-03-27",1446.63227625208,NA,NA,NA,NA,NA,NA,NA,2021-03-01,14210,"Total revenues accrual",NA,"OK",NA
"ar1","Germany","Revenues","2021-04-01",1446.63227625208,NA,NA,NA,NA,NA,NA,NA,2021-04-01,14210,"Total revenues accrual",NA,"OK",NA
"ar1","Germany","Revenues","2021-04-04",1446.63227625208,NA,NA,NA,NA,NA,NA,NA,2021-04-01,14210,"Total revenues accrual",NA,"OK",NA
"ar1","Germany","Revenues","2021-04-05",1446.63227625208,NA,NA,NA,NA,NA,NA,NA,2021-04-01,14210,"Total revenues accrual",NA,"OK",NA
"ar1","Germany","Revenues","2021-04-15",1446.63227625208,NA,NA,NA,NA,NA,NA,NA,2021-04-01,14210,"Total revenues accrual",NA,"OK",NA
"ar1","Germany","Revenues","2021-04-27",1446.63227625208,NA,NA,NA,NA,NA,NA,NA,2021-04-01,14210,"Total revenues accrual",NA,"OK",NA
"ar1","Germany","Revenues","2021-04-29",1446.63227625208,NA,NA,NA,NA,NA,NA,NA,2021-04-01,14210,"Total revenues accrual",NA,"OK",NA
"ar1","Germany","Revenues","2021-05-01",1446.63227625208,NA,NA,NA,NA,NA,NA,NA,2021-05-01,14210,"Total revenues accrual",NA,"OK",NA
"ar1","Germany","Revenues","2021-05-05",1446.63227625208,NA,NA,NA,NA,NA,NA,NA,2021-05-01,14210,"Total revenues accrual",NA,"OK",NA
"ar1","Germany","Revenues","2021-05-06",1446.63227625208,NA,NA,NA,NA,NA,NA,NA,2021-05-01,14210,"Total revenues accrual",NA,"OK",NA
"ar1","Germany","Revenues","2021-05-15",1446.63227625208,NA,NA,NA,NA,NA,NA,NA,2021-05-01,14210,"Total revenues accrual",NA,"OK",NA
"ar1","Germany","Revenues","2021-05-27",1446.63227625208,NA,NA,NA,NA,NA,NA,NA,2021-05-01,14210,"Total revenues accrual",NA,"OK",NA
"ar1","Germany","Revenues","2021-06-01",1446.63227625208,NA,NA,NA,NA,NA,NA,NA,2021-06-01,14210,"Total revenues accrual",NA,"OK",NA
"ar1","Germany","Revenues","2021-06-02",1446.63227625208,NA,NA,NA,NA,NA,NA,NA,2021-06-01,14210,"Total revenues accrual",NA,"OK",NA
"ar1","Germany","Revenues","2021-06-05",1446.63227625208,NA,NA,NA,NA,NA,NA,NA,2021-06-01,14210,"Total revenues accrual",NA,"OK",NA
"ar1","Germany","Revenues","2021-06-15",3842.11894712356,NA,NA,NA,NA,NA,NA,NA,2021-06-01,-1329,"Total revenues accrual",NA,"OK",NA
"ar1","Germany","Revenues","2021-06-24",3842.11894712356,NA,NA,NA,NA,NA,NA,NA,2021-06-01,-1329,"Total revenues accrual",NA,"OK",NA
"ar1","Germany","Revenues","2021-06-27",3842.11894712356,NA,NA,NA,NA,NA,NA,NA,2021-06-01,-1329,"Total revenues accrual",NA,"OK",NA
"ar1","Germany","Revenues","2021-07-01",3842.11894712356,NA,NA,NA,NA,NA,NA,NA,2021-07-01,-1329,"Total revenues accrual",NA,"OK",NA
"ar1","Germany","Revenues","2021-07-04",3842.11894712356,NA,NA,NA,NA,NA,NA,NA,2021-07-01,-1329,"Total revenues accrual",NA,"OK",NA
"ar1","Germany","Revenues","2021-07-05",3842.11894712356,NA,NA,NA,NA,NA,NA,NA,2021-07-01,-1329,"Total revenues accrual",NA,"OK",NA
"ar1","Germany","Revenues","2021-07-15",3842.11894712356,NA,NA,NA,NA,NA,NA,NA,2021-07-01,-1329,"Total revenues accrual",NA,"OK",NA
"ar1","Germany","Revenues","2021-07-27",3842.11894712356,NA,NA,NA,NA,NA,NA,NA,2021-07-01,-1329,"Total revenues accrual",NA,"OK",NA
"ar1","Germany","Revenues","2021-07-29",3842.11894712356,NA,NA,NA,NA,NA,NA,NA,2021-07-01,-1329,"Total revenues accrual",NA,"OK",NA
"ar1","Germany","Revenues","2021-08-01",3842.11894712356,NA,NA,NA,NA,NA,NA,NA,2021-08-01,-1329,"Total revenues accrual",NA,"OK",NA
"ar1","Germany","Revenues","2021-08-05",3842.11894712356,NA,NA,NA,NA,NA,NA,NA,2021-08-01,-1329,"Total revenues accrual",NA,"OK",NA
"ar1","Germany","Revenues","2021-08-07",3842.11894712356,NA,NA,NA,NA,NA,NA,NA,2021-08-01,-1329,"Total revenues accrual",NA,"OK",NA
"ar1","Germany","Revenues","2021-08-15",3842.11894712356,NA,NA,NA,NA,NA,NA,NA,2021-08-01,-1329,"Total revenues accrual",NA,"OK",NA
"ar1","Germany","Revenues","2021-08-26",3842.11894712356,NA,NA,NA,NA,NA,NA,NA,2021-08-01,-1329,"Total revenues accrual",NA,"OK",NA
"ar1","Germany","Revenues","2021-08-27",3842.11894712356,NA,NA,NA,NA,NA,NA,NA,2021-08-01,-1329,"Total revenues accrual",NA,"OK",NA
"ar1","Germany","Revenues","2021-09-01",3842.11894712356,NA,NA,NA,NA,NA,NA,NA,2021-09-01,-1329,"Total revenues accrual",NA,"OK",NA
"ar1","Germany","Revenues","2021-09-03",3842.11894712356,NA,NA,NA,NA,NA,NA,NA,2021-09-01,-1329,"Total revenues accrual",NA,"OK",NA
"ar1","Germany","Revenues","2021-09-05",3842.11894712356,NA,NA,NA,NA,NA,NA,NA,2021-09-01,-1329,"Total revenues accrual",NA,"OK",NA
"ar1","Germany","Revenues","2021-09-15",-786.708435755676,NA,NA,NA,NA,NA,NA,NA,2021-09-01,23907,"Total revenues accrual",NA,"OK",NA
"ar1","Germany","Revenues","2021-09-27",-786.708435755676,NA,NA,NA,NA,NA,NA,NA,2021-09-01,23907,"Total revenues accrual",NA,"OK",NA
"ar1","Germany","Revenues","2021-09-30",-786.708435755676,NA,NA,NA,NA,NA,NA,NA,2021-09-01,23907,"Total revenues accrual",NA,"OK",NA
"ar1","Germany","Revenues","2021-10-01",-786.708435755676,NA,NA,NA,NA,NA,NA,NA,2021-10-01,23907,"Total revenues accrual",NA,"OK",NA
"ar1","Germany","Revenues","2021-10-05",-786.708435755676,NA,NA,NA,NA,NA,NA,NA,2021-10-01,23907,"Total revenues accrual",NA,"OK",NA
"ar1","Germany","Revenues","2021-10-15",-786.708435755676,NA,NA,NA,NA,NA,NA,NA,2021-10-01,23907,"Total revenues accrual",NA,"OK",NA
"ar1","Germany","Revenues","2021-10-27",-786.708435755676,NA,NA,NA,NA,NA,NA,NA,2021-10-01,23907,"Total revenues accrual",NA,"OK",NA
"ar1","Germany","Revenues","2021-10-28",-786.708435755676,NA,NA,NA,NA,NA,NA,NA,2021-10-01,23907,"Total revenues accrual",NA,"OK",NA
"ar1","Germany","Revenues","2021-11-01",-786.708435755676,NA,NA,NA,NA,NA,NA,NA,2021-11-01,23907,"Total revenues accrual",NA,"OK",NA
"ar1","Germany","Revenues","2021-11-05",-786.708435755676,NA,NA,NA,NA,NA,NA,NA,2021-11-01,23907,"Total revenues accrual",NA,"OK",NA
"ar1","Germany","Revenues","2021-11-15",-786.708435755676,NA,NA,NA,NA,NA,NA,NA,2021-11-01,23907,"Total revenues accrual",NA,"OK",NA
"ar1","Germany","Revenues","2021-11-25",-786.708435755676,NA,NA,NA,NA,NA,NA,NA,2021-11-01,23907,"Total revenues accrual",NA,"OK",NA
"ar1","Germany","Revenues","2021-11-27",-786.708435755676,NA,NA,NA,NA,NA,NA,NA,2021-11-01,23907,"Total revenues accrual",NA,"OK",NA
"ar1","Germany","Revenues","2021-12-01",-786.708435755676,NA,NA,NA,NA,NA,NA,NA,2021-12-01,23907,"Total revenues accrual",NA,"OK",NA
"ar1","Germany","Revenues","2021-12-03",-786.708435755676,NA,NA,NA,NA,NA,NA,NA,2021-12-01,23907,"Total revenues accrual",NA,"OK",NA
"ar1","Germany","Revenues","2021-12-05",-786.708435755676,NA,NA,NA,NA,NA,NA,NA,2021-12-01,23907,"Total revenues accrual",NA,"OK",NA
"ar1","Germany","Revenues","2021-12-15",2780.92605110414,NA,NA,NA,NA,NA,NA,NA,2021-12-01,15031,"Total revenues accrual",NA,"OK",NA
"ar1","Germany","Revenues","2021-12-27",2780.92605110414,NA,NA,NA,NA,NA,NA,NA,2021-12-01,15031,"Total revenues accrual",NA,"OK",NA
"ar1","Germany","Revenues","2021-12-30",2780.92605110414,NA,NA,NA,NA,NA,NA,NA,2021-12-01,15031,"Total revenues accrual",NA,"OK",NA
"ar1","Germany","Revenues","2022-01-01",2780.92605110414,NA,NA,NA,NA,NA,NA,NA,2022-01-01,15031,"Total revenues accrual",NA,"OK",NA
"ar1","Germany","Revenues","2022-01-05",2780.92605110414,NA,NA,NA,NA,NA,NA,NA,2022-01-01,15031,"Total revenues accrual",NA,"OK",NA
"ar1","Germany","Revenues","2022-01-06",2780.92605110414,NA,NA,NA,NA,NA,NA,NA,2022-01-01,15031,"Total revenues accrual",NA,"OK",NA
"ar1","Germany","Revenues","2022-01-15",2780.92605110414,NA,NA,NA,NA,NA,NA,NA,2022-01-01,15031,"Total revenues accrual",NA,"OK",NA
"ar1","Germany","Revenues","2022-01-27",2780.92605110414,NA,NA,NA,NA,NA,NA,NA,2022-01-01,15031,"Total revenues accrual",NA,"OK",NA
"ar1","Germany","Revenues","2022-02-01",2780.92605110414,NA,NA,NA,NA,NA,NA,NA,2022-02-01,15031,"Total revenues accrual",NA,"OK",NA
"ar1","Germany","Revenues","2022-02-02",2780.92605110414,NA,NA,NA,NA,NA,NA,NA,2022-02-01,15031,"Total revenues accrual",NA,"OK",NA
"ar1","Germany","Revenues","2022-02-05",2780.92605110414,NA,NA,NA,NA,NA,NA,NA,2022-02-01,15031,"Total revenues accrual",NA,"OK",NA
"ar1","Germany","Revenues","2022-02-15",2780.92605110414,NA,NA,NA,NA,NA,NA,NA,2022-02-01,15031,"Total revenues accrual",NA,"OK",NA
"ar1","Germany","Revenues","2022-02-24",2780.92605110414,NA,NA,NA,NA,NA,NA,NA,2022-02-01,15031,"Total revenues accrual",NA,"OK",NA
"ar1","Germany","Revenues","2022-02-27",2780.92605110414,NA,NA,NA,NA,NA,NA,NA,2022-02-01,15031,"Total revenues accrual",NA,"OK",NA
"ar1","Germany","Revenues","2022-03-01",2780.92605110414,NA,NA,NA,NA,NA,NA,NA,2022-03-01,15031,"Total revenues accrual",NA,"OK",NA
"ar1","Germany","Revenues","2022-03-02",2780.92605110414,NA,NA,NA,NA,NA,NA,NA,2022-03-01,15031,"Total revenues accrual",NA,"OK",NA
"ar1","Germany","Revenues","2022-03-05",2780.92605110414,NA,NA,NA,NA,NA,NA,NA,2022-03-01,15031,"Total revenues accrual",NA,"OK",NA
"ar1","Germany","Revenues","2022-03-15",3918.35131773924,NA,NA,NA,NA,NA,NA,NA,2022-03-01,1929,"Total revenues accrual",NA,"OK",NA
"ar1","Germany","Revenues","2022-03-27",3918.35131773924,NA,NA,NA,NA,NA,NA,NA,2022-03-01,1929,"Total revenues accrual",NA,"OK",NA
"ar1","Germany","Revenues","2022-03-31",3918.35131773924,NA,NA,NA,NA,NA,NA,NA,2022-03-01,1929,"Total revenues accrual",NA,"OK",NA
"ar1","Germany","Revenues","2022-04-01",3918.35131773924,NA,NA,NA,NA,NA,NA,NA,2022-04-01,1929,"Total revenues accrual",NA,"OK",NA
"ar1","Germany","Revenues","2022-04-05",3918.35131773924,NA,NA,NA,NA,NA,NA,NA,2022-04-01,1929,"Total revenues accrual",NA,"OK",NA
"ar1","Germany","Revenues","2022-04-15",3918.35131773924,NA,NA,NA,NA,NA,NA,NA,2022-04-01,1929,"Total revenues accrual",NA,"OK",NA
"ar1","Germany","Revenues","2022-04-27",3918.35131773924,NA,NA,NA,NA,NA,NA,NA,2022-04-01,1929,"Total revenues accrual",NA,"OK",NA
"ar1","Germany","Revenues","2022-04-28",3918.35131773924,NA,NA,NA,NA,NA,NA,NA,2022-04-01,1929,"Total revenues accrual",NA,"OK",NA
"ar1","Germany","Revenues","2022-05-01",3918.35131773924,NA,NA,NA,NA,NA,NA,NA,2022-05-01,1929,"Total revenues accrual",NA,"OK",NA
"ar1","Germany","Revenues","2022-05-05",3918.35131773924,NA,NA,NA,NA,NA,NA,NA,2022-05-01,1929,"Total revenues accrual",NA,"OK",NA
"ar1","Germany","Revenues","2022-05-07",3918.35131773924,NA,NA,NA,NA,NA,NA,NA,2022-05-01,1929,"Total revenues accrual",NA,"OK",NA
"ar1","Germany","Revenues","2022-05-15",3918.35131773924,NA,NA,NA,NA,NA,NA,NA,2022-05-01,1929,"Total revenues accrual",NA,"OK",NA
"ar1","Germany","Revenues","2022-05-26",3918.35131773924,NA,NA,NA,NA,NA,NA,NA,2022-05-01,1929,"Total revenues accrual",NA,"OK",NA
"ar1","Germany","Revenues","2022-05-27",3918.35131773924,NA,NA,NA,NA,NA,NA,NA,2022-05-01,1929,"Total revenues accrual",NA,"OK",NA
"ar1","Germany","Revenues","2022-06-01",3918.35131773924,NA,NA,NA,NA,NA,NA,NA,2022-06-01,1929,"Total revenues accrual",NA,"OK",NA
"ar1","Germany","Revenues","2022-06-03",3918.35131773924,NA,NA,NA,NA,NA,NA,NA,2022-06-01,1929,"Total revenues accrual",NA,"OK",NA
"ar1","Germany","Revenues","2022-06-05",3918.35131773924,NA,NA,NA,NA,NA,NA,NA,2022-06-01,1929,"Total revenues accrual",NA,"OK",NA
"ar1","Germany","Revenues","2022-06-15",4116.7537010561,NA,NA,NA,NA,NA,NA,NA,2022-06-01,-1799,"Total revenues accrual",NA,"OK",NA
"ar1","Germany","Revenues","2022-06-27",4116.7537010561,NA,NA,NA,NA,NA,NA,NA,2022-06-01,-1799,"Total revenues accrual",NA,"OK",NA
"ar1","Germany","Revenues","2022-06-30",4116.7537010561,NA,NA,NA,NA,NA,NA,NA,2022-06-01,-1799,"Total revenues accrual",NA,"OK",NA
"ar1","Germany","Revenues","2022-07-01",4116.7537010561,NA,NA,NA,NA,NA,NA,NA,2022-07-01,-1799,"Total revenues accrual",NA,"OK",NA
"ar1","Germany","Revenues","2022-07-05",4116.7537010561,NA,NA,NA,NA,NA,NA,NA,2022-07-01,-1799,"Total revenues accrual",NA,"OK",NA
"ar1","Germany","Revenues","2022-07-15",4116.7537010561,NA,NA,NA,NA,NA,NA,NA,2022-07-01,-1799,"Total revenues accrual",NA,"OK",NA
"ar1","Germany","Revenues","2022-07-27",4116.7537010561,NA,NA,NA,NA,NA,NA,NA,2022-07-01,-1799,"Total revenues accrual",NA,"OK",NA
"ar1","Germany","Revenues","2022-07-28",4116.7537010561,NA,NA,NA,NA,NA,NA,NA,2022-07-01,-1799,"Total revenues accrual",NA,"OK",NA
"ar1","Germany","Revenues","2022-08-01",4116.7537010561,NA,NA,NA,NA,NA,NA,NA,2022-08-01,-1799,"Total revenues accrual",NA,"OK",NA
"ar1","Germany","Revenues","2022-08-05",4116.7537010561,NA,NA,NA,NA,NA,NA,NA,2022-08-01,-1799,"Total revenues accrual",NA,"OK",NA
"ar1","Germany","Revenues","2022-08-15",4116.7537010561,NA,NA,NA,NA,NA,NA,NA,2022-08-01,-1799,"Total revenues accrual",NA,"OK",NA
"ar1","Germany","Revenues","2022-08-25",4116.7537010561,NA,NA,NA,NA,NA,NA,NA,2022-08-01,-1799,"Total revenues accrual",NA,"OK",NA
"ar1","Germany","Revenues","2022-08-27",4116.7537010561,NA,NA,NA,NA,NA,NA,NA,2022-08-01,-1799,"Total revenues accrual",NA,"OK",NA
"ar1","Germany","Revenues","2022-09-01",4116.7537010561,NA,NA,NA,NA,NA,NA,NA,2022-09-01,-1799,"Total revenues accrual",NA,"OK",NA
"ar1","Germany","Revenues","2022-09-04",4116.7537010561,NA,NA,NA,NA,NA,NA,NA,2022-09-01,-1799,"Total revenues accrual",NA,"OK",NA
"ar1","Germany","Revenues","2022-09-05",4116.7537010561,NA,NA,NA,NA,NA,NA,NA,2022-09-01,-1799,"Total revenues accrual",NA,"OK",NA
"ar1","Germany","Revenues","2022-09-15",3426.38740590935,NA,NA,NA,NA,NA,NA,NA,2022-09-01,6533,"Total revenues accrual",NA,"OK",NA
"ar1","Germany","Revenues","2022-09-27",3426.38740590935,NA,NA,NA,NA,NA,NA,NA,2022-09-01,6533,"Total revenues accrual",NA,"OK",NA
"ar1","Germany","Revenues","2022-09-29",3426.38740590935,NA,NA,NA,NA,NA,NA,NA,2022-09-01,6533,"Total revenues accrual",NA,"OK",NA
"ar1","Germany","Revenues","2022-10-01",3426.38740590935,NA,NA,NA,NA,NA,NA,NA,2022-10-01,6533,"Total revenues accrual",NA,"OK",NA
"ar1","Germany","Revenues","2022-10-05",3426.38740590935,NA,NA,NA,NA,NA,NA,NA,2022-10-01,6533,"Total revenues accrual",NA,"OK",NA
"ar1","Germany","Revenues","2022-10-06",3426.38740590935,NA,NA,NA,NA,NA,NA,NA,2022-10-01,6533,"Total revenues accrual",NA,"OK",NA
"ar1","Germany","Revenues","2022-10-15",3426.38740590935,NA,NA,NA,NA,NA,NA,NA,2022-10-01,6533,"Total revenues accrual",NA,"OK",NA
"ar1","Germany","Revenues","2022-10-27",3426.38740590935,NA,NA,NA,NA,NA,NA,NA,2022-10-01,6533,"Total revenues accrual",NA,"OK",NA
"ar1","Germany","Revenues","2022-11-01",3426.38740590935,NA,NA,NA,NA,NA,NA,NA,2022-11-01,6533,"Total revenues accrual",NA,"OK",NA
"ar1","Germany","Revenues","2022-11-02",3426.38740590935,NA,NA,NA,NA,NA,NA,NA,2022-11-01,6533,"Total revenues accrual",NA,"OK",NA
"ar1","Germany","Revenues","2022-11-05",3426.38740590935,NA,NA,NA,NA,NA,NA,NA,2022-11-01,6533,"Total revenues accrual",NA,"OK",NA
"ar1","Germany","Revenues","2022-11-15",3426.38740590935,NA,NA,NA,NA,NA,NA,NA,2022-11-01,6533,"Total revenues accrual",NA,"OK",NA
"ar1","Germany","Revenues","2022-11-24",3426.38740590935,NA,NA,NA,NA,NA,NA,NA,2022-11-01,6533,"Total revenues accrual",NA,"OK",NA
"ar1","Germany","Revenues","2022-11-27",3426.38740590935,NA,NA,NA,NA,NA,NA,NA,2022-11-01,6533,"Total revenues accrual",NA,"OK",NA
"ar1","Germany","Revenues","2022-12-01",3426.38740590935,NA,NA,NA,NA,NA,NA,NA,2022-12-01,6533,"Total revenues accrual",NA,"OK",NA
"ar1","Germany","Revenues","2022-12-04",3426.38740590935,NA,NA,NA,NA,NA,NA,NA,2022-12-01,6533,"Total revenues accrual",NA,"OK",NA
"ar1","Germany","Revenues","2022-12-05",3426.38740590935,NA,NA,NA,NA,NA,NA,NA,2022-12-01,6533,"Total revenues accrual",NA,"OK",NA
"ar1","Germany","Revenues","2022-12-15",3471.62280613631,NA,NA,NA,NA,NA,NA,NA,2022-12-01,6916,"Total revenues accrual",NA,"OK",NA
"ar1","Germany","Revenues","2022-12-27",3471.62280613631,NA,NA,NA,NA,NA,NA,NA,2022-12-01,6916,"Total revenues accrual",NA,"OK",NA
"ar1","Germany","Revenues","2022-12-29",3471.62280613631,NA,NA,NA,NA,NA,NA,NA,2022-12-01,6916,"Total revenues accrual",NA,"OK",NA
"ar1","Germany","Revenues","2023-01-01",3471.62280613631,NA,NA,NA,NA,NA,NA,NA,2023-01-01,6916,"Total revenues accrual",NA,"OK",NA
"ar1","Germany","Revenues","2023-01-05",3471.62280613631,NA,NA,NA,NA,NA,NA,NA,2023-01-01,6916,"Total revenues accrual",NA,"OK",NA
"ar1","Germany","Revenues","2023-01-07",3471.62280613631,NA,NA,NA,NA,NA,NA,NA,2023-01-01,6916,"Total revenues accrual",NA,"OK",NA
"ar1","Germany","Revenues","2023-01-15",3471.62280613631,NA,NA,NA,NA,NA,NA,NA,2023-01-01,6916,"Total revenues accrual",NA,"OK",NA
"ar1","Germany","Revenues","2023-01-26",3471.62280613631,NA,NA,NA,NA,NA,NA,NA,2023-01-01,6916,"Total revenues accrual",NA,"OK",NA
"ar1","Germany","Revenues","2023-01-27",3471.62280613631,NA,NA,NA,NA,NA,NA,NA,2023-01-01,6916,"Total revenues accrual",NA,"OK",NA
"ar1","Germany","Revenues","2023-02-01",3471.62280613631,NA,NA,NA,NA,NA,NA,NA,2023-02-01,6916,"Total revenues accrual",NA,"OK",NA
"ar1","Germany","Revenues","2023-02-03",3471.62280613631,NA,NA,NA,NA,NA,NA,NA,2023-02-01,6916,"Total revenues accrual",NA,"OK",NA
"ar1","Germany","Revenues","2023-02-05",3471.62280613631,NA,NA,NA,NA,NA,NA,NA,2023-02-01,6916,"Total revenues accrual",NA,"OK",NA
"ar1","Germany","Revenues","2023-02-15",3471.62280613631,NA,NA,NA,NA,NA,NA,NA,2023-02-01,6916,"Total revenues accrual",NA,"OK",NA
"ar1","Germany","Revenues","2023-02-23",3471.62280613631,NA,NA,NA,NA,NA,NA,NA,2023-02-01,6916,"Total revenues accrual",NA,"OK",NA
"ar1","Germany","Revenues","2023-02-27",3471.62280613631,NA,NA,NA,NA,NA,NA,NA,2023-02-01,6916,"Total revenues accrual",NA,"OK",NA
"ar1","Germany","Revenues","2023-03-01",3471.62280613631,NA,NA,NA,NA,NA,NA,NA,2023-03-01,6916,"Total revenues accrual",NA,"OK",NA
"ar1","Germany","Revenues","2023-03-03",3471.62280613631,NA,NA,NA,NA,NA,NA,NA,2023-03-01,6916,"Total revenues accrual",NA,"OK",NA
"ar1","Germany","Revenues","2023-03-05",3471.62280613631,NA,NA,NA,NA,NA,NA,NA,2023-03-01,6916,"Total revenues accrual",NA,"OK",NA
"ar1","Germany","Revenues","2023-03-15",4363.60677399228,NA,NA,NA,NA,NA,NA,NA,2023-03-01,-4102,"Total revenues accrual",NA,"OK",NA
"ar1","Germany","Revenues","2023-03-27",4363.60677399228,NA,NA,NA,NA,NA,NA,NA,2023-03-01,-4102,"Total revenues accrual",NA,"OK",NA
"ar1","Germany","Revenues","2023-03-30",4363.60677399228,NA,NA,NA,NA,NA,NA,NA,2023-03-01,-4102,"Total revenues accrual",NA,"OK",NA
"ar1","Germany","Revenues","2023-04-01",4363.60677399228,NA,NA,NA,NA,NA,NA,NA,2023-04-01,-4102,"Total revenues accrual",NA,"OK",NA
"ar1","Germany","Revenues","2023-04-05",4363.60677399228,NA,NA,NA,NA,NA,NA,NA,2023-04-01,-4102,"Total revenues accrual",NA,"OK",NA
"ar1","Germany","Revenues","2023-04-06",4363.60677399228,NA,NA,NA,NA,NA,NA,NA,2023-04-01,-4102,"Total revenues accrual",NA,"OK",NA
"ar1","Germany","Revenues","2023-04-15",4363.60677399228,NA,NA,NA,NA,NA,NA,NA,2023-04-01,-4102,"Total revenues accrual",NA,"OK",NA
"ar1","Germany","Revenues","2023-04-27",4363.60677399228,NA,NA,NA,NA,NA,NA,NA,2023-04-01,-4102,"Total revenues accrual",NA,"OK",NA
"ar1","Germany","Revenues","2023-05-01",4363.60677399228,NA,NA,NA,NA,NA,NA,NA,2023-05-01,-4102,"Total revenues accrual",NA,"OK",NA
"ar1","Germany","Revenues","2023-05-05",4363.60677399228,NA,NA,NA,NA,NA,NA,NA,2023-05-01,-4102,"Total revenues accrual",NA,"OK",NA
"ar1","Germany","Revenues","2023-05-15",4363.60677399228,NA,NA,NA,NA,NA,NA,NA,2023-05-01,-4102,"Total revenues accrual",NA,"OK",NA
"ar1","Germany","Revenues","2023-05-25",4363.60677399228,NA,NA,NA,NA,NA,NA,NA,2023-05-01,-4102,"Total revenues accrual",NA,"OK",NA
"ar1","Germany","Revenues","2023-05-27",4363.60677399228,NA,NA,NA,NA,NA,NA,NA,2023-05-01,-4102,"Total revenues accrual",NA,"OK",NA
"ar1","Germany","Revenues","2023-06-01",4363.60677399228,NA,NA,NA,NA,NA,NA,NA,2023-06-01,-4102,"Total revenues accrual",NA,"OK",NA
"ar1","Germany","Revenues","2023-06-04",4363.60677399228,NA,NA,NA,NA,NA,NA,NA,2023-06-01,-4102,"Total revenues accrual",NA,"OK",NA
"ar1","Germany","Revenues","2023-06-05",4363.60677399228,NA,NA,NA,NA,NA,NA,NA,2023-06-01,-4102,"Total revenues accrual",NA,"OK",NA
"ar1","Germany","Revenues","2023-06-15",3127.11041645062,NA,NA,NA,NA,NA,NA,NA,2023-06-01,8925,"Total revenues accrual",NA,"OK",NA
"ar1","Germany","Revenues","2023-06-27",3127.11041645062,NA,NA,NA,NA,NA,NA,NA,2023-06-01,8925,"Total revenues accrual",NA,"OK",NA
"ar1","Germany","Revenues","2023-06-29",3127.11041645062,NA,NA,NA,NA,NA,NA,NA,2023-06-01,8925,"Total revenues accrual",NA,"OK",NA
"ar1","Germany","Revenues","2023-07-01",3127.11041645062,NA,NA,NA,NA,NA,NA,NA,2023-07-01,8925,"Total revenues accrual",NA,"OK",NA
"ar1","Germany","Revenues","2023-07-05",3127.11041645062,NA,NA,NA,NA,NA,NA,NA,2023-07-01,8925,"Total revenues accrual",NA,"OK",NA
"ar1","Germany","Revenues","2023-07-06",3127.11041645062,NA,NA,NA,NA,NA,NA,NA,2023-07-01,8925,"Total revenues accrual",NA,"OK",NA
"ar1","Germany","Revenues","2023-07-15",3127.11041645062,NA,NA,NA,NA,NA,NA,NA,2023-07-01,8925,"Total revenues accrual",NA,"OK",NA
"ar1","Germany","Revenues","2023-07-27",3127.11041645062,NA,NA,NA,NA,NA,NA,NA,2023-07-01,8925,"Total revenues accrual",NA,"OK",NA
"ar1","Germany","Revenues","2023-08-01",3127.11041645062,NA,NA,NA,NA,NA,NA,NA,2023-08-01,8925,"Total revenues accrual",NA,"OK",NA
"ar1","Germany","Revenues","2023-08-02",3127.11041645062,NA,NA,NA,NA,NA,NA,NA,2023-08-01,8925,"Total revenues accrual",NA,"OK",NA
"ar1","Germany","Revenues","2023-08-05",3127.11041645062,NA,NA,NA,NA,NA,NA,NA,2023-08-01,8925,"Total revenues accrual",NA,"OK",NA
"ar1","Germany","Revenues","2023-08-15",3127.11041645062,NA,NA,NA,NA,NA,NA,NA,2023-08-01,8925,"Total revenues accrual",NA,"OK",NA
"ar1","Germany","Revenues","2023-08-27",3127.11041645062,NA,NA,NA,NA,NA,NA,NA,2023-08-01,8925,"Total revenues accrual",NA,"OK",NA
"ar1","Germany","Revenues","2023-08-31",3127.11041645062,NA,NA,NA,NA,NA,NA,NA,2023-08-01,8925,"Total revenues accrual",NA,"OK",NA
"ar1","Germany","Revenues","2023-09-01",3127.11041645062,NA,NA,NA,NA,NA,NA,NA,2023-09-01,8925,"Total revenues accrual",NA,"OK",NA
"ar1","Germany","Revenues","2023-09-05",3127.11041645062,NA,NA,NA,NA,NA,NA,NA,2023-09-01,8925,"Total revenues accrual",NA,"OK",NA
"ar1","Germany","Revenues","2023-09-15",3240.07180147079,NA,NA,NA,NA,NA,NA,NA,2023-09-01,9624,"Total revenues accrual",NA,"OK",NA
"ar1","Germany","Revenues","2023-09-27",3240.07180147079,NA,NA,NA,NA,NA,NA,NA,2023-09-01,9624,"Total revenues accrual",NA,"OK",NA
"ar1","Germany","Revenues","2023-09-28",3240.07180147079,NA,NA,NA,NA,NA,NA,NA,2023-09-01,9624,"Total revenues accrual",NA,"OK",NA
"ar1","Germany","Revenues","2023-10-01",3240.07180147079,NA,NA,NA,NA,NA,NA,NA,2023-10-01,9624,"Total revenues accrual",NA,"OK",NA
"ar1","Germany","Revenues","2023-10-05",3240.07180147079,NA,NA,NA,NA,NA,NA,NA,2023-10-01,9624,"Total revenues accrual",NA,"OK",NA
"ar1","Germany","Revenues","2023-10-07",3240.07180147079,NA,NA,NA,NA,NA,NA,NA,2023-10-01,9624,"Total revenues accrual",NA,"OK",NA
"ar1","Germany","Revenues","2023-10-15",3240.07180147079,NA,NA,NA,NA,NA,NA,NA,2023-10-01,9624,"Total revenues accrual",NA,"OK",NA
"ar1","Germany","Revenues","2023-10-26",3240.07180147079,NA,NA,NA,NA,NA,NA,NA,2023-10-01,9624,"Total revenues accrual",NA,"OK",NA
"ar1","Germany","Revenues","2023-10-27",3240.07180147079,NA,NA,NA,NA,NA,NA,NA,2023-10-01,9624,"Total revenues accrual",NA,"OK",NA
"ar1","Germany","Revenues","2023-11-01",3240.07180147079,NA,NA,NA,NA,NA,NA,NA,2023-11-01,9624,"Total revenues accrual",NA,"OK",NA
"ar1","Germany","Revenues","2023-11-03",3240.07180147079,NA,NA,NA,NA,NA,NA,NA,2023-11-01,9624,"Total revenues accrual",NA,"OK",NA
"ar1","Germany","Revenues","2023-11-05",3240.07180147079,NA,NA,NA,NA,NA,NA,NA,2023-11-01,9624,"Total revenues accrual",NA,"OK",NA
"ar1","Germany","Revenues","2023-11-15",3240.07180147079,NA,NA,NA,NA,NA,NA,NA,2023-11-01,9624,"Total revenues accrual",NA,"OK",NA
"ar1","Germany","Revenues","2023-11-27",3240.07180147079,NA,NA,NA,NA,NA,NA,NA,2023-11-01,9624,"Total revenues accrual",NA,"OK",NA
"ar1","Germany","Revenues","2023-11-30",3240.07180147079,NA,NA,NA,NA,NA,NA,NA,2023-11-01,9624,"Total revenues accrual",NA,"OK",NA
"ar1","Germany","Revenues","2023-12-01",3240.07180147079,NA,NA,NA,NA,NA,NA,NA,2023-12-01,9624,"Total revenues accrual",NA,"OK",NA
"ar1","Germany","Revenues","2023-12-05",3240.07180147079,NA,NA,NA,NA,NA,NA,NA,2023-12-01,9624,"Total revenues accrual",NA,"OK",NA
"ar1","Germany","Revenues","2023-12-15",4009.88111967375,NA,NA,NA,NA,NA,NA,NA,2023-12-01,1486,"Total revenues accrual",NA,"OK",NA
"ar1","Germany","Revenues","2023-12-27",4009.88111967375,NA,NA,NA,NA,NA,NA,NA,2023-12-01,1486,"Total revenues accrual",NA,"OK",NA
"ar1","Germany","Revenues","2023-12-28",4009.88111967375,NA,NA,NA,NA,NA,NA,NA,2023-12-01,1486,"Total revenues accrual",NA,"OK",NA
"ar1","Germany","Revenues","2024-01-01",4009.88111967375,NA,NA,NA,NA,NA,NA,NA,2024-01-01,1486,"Total revenues accrual",NA,"OK",NA
"ar1","Germany","Revenues","2024-01-05",4009.88111967375,NA,NA,NA,NA,NA,NA,NA,2024-01-01,1486,"Total revenues accrual",NA,"OK",NA
"ar1","Germany","Revenues","2024-01-15",4009.88111967375,NA,NA,NA,NA,NA,NA,NA,2024-01-01,1486,"Total revenues accrual",NA,"OK",NA
"ar1","Germany","Revenues","2024-01-25",4009.88111967375,NA,NA,NA,NA,NA,NA,NA,2024-01-01,1486,"Total revenues accrual",NA,"OK",NA
"ar1","Germany","Revenues","2024-01-27",4009.88111967375,NA,NA,NA,NA,NA,NA,NA,2024-01-01,1486,"Total revenues accrual",NA,"OK",NA
"ar1","Germany","Revenues","2024-02-01",4009.88111967375,NA,NA,NA,NA,NA,NA,NA,2024-02-01,1486,"Total revenues accrual",NA,"OK",NA
"ar1","Germany","Revenues","2024-02-04",4009.88111967375,NA,NA,NA,NA,NA,NA,NA,2024-02-01,1486,"Total revenues accrual",NA,"OK",NA
"ar1","Germany","Revenues","2024-02-05",4009.88111967375,NA,NA,NA,NA,NA,NA,NA,2024-02-01,1486,"Total revenues accrual",NA,"OK",NA
"ar1","Germany","Revenues","2024-02-15",4009.88111967375,NA,NA,NA,NA,NA,NA,NA,2024-02-01,1486,"Total revenues accrual",NA,"OK",NA
"ar1","Germany","Revenues","2024-02-27",4009.88111967375,NA,NA,NA,NA,NA,NA,NA,2024-02-01,1486,"Total revenues accrual",NA,"OK",NA
"ar1","Germany","Revenues","2024-02-29",4009.88111967375,NA,NA,NA,NA,NA,NA,NA,2024-02-01,1486,"Total revenues accrual",NA,"OK",NA
"ar1","Germany","Revenues","2024-03-01",4009.88111967375,NA,NA,NA,NA,NA,NA,NA,2024-03-01,1486,"Total revenues accrual",NA,"OK",NA
"ar1","Germany","Revenues","2024-03-05",4009.88111967375,NA,NA,NA,NA,NA,NA,NA,2024-03-01,1486,"Total revenues accrual",NA,"OK",NA
"ar1","Germany","Revenues","2024-03-15",3883.63777635276,NA,NA,NA,NA,NA,NA,NA,2024-03-01,2435,"Total revenues accrual",NA,"OK",NA
"ar1","Germany","Revenues","2024-03-27",3883.63777635276,NA,NA,NA,NA,NA,NA,NA,2024-03-01,2435,"Total revenues accrual",NA,"OK",NA
"ar1","Germany","Revenues","2024-03-28",3883.63777635276,NA,NA,NA,NA,NA,NA,NA,2024-03-01,2435,"Total revenues accrual",NA,"OK",NA
"ar1","Germany","Revenues","2024-04-01",3883.63777635276,NA,NA,NA,NA,NA,NA,NA,2024-04-01,2435,"Total revenues accrual",NA,"OK",NA
"ar1","Germany","Revenues","2024-04-05",3883.63777635276,NA,NA,NA,NA,NA,NA,NA,2024-04-01,2435,"Total revenues accrual",NA,"OK",NA
"ar1","Germany","Revenues","2024-04-15",3883.63777635276,NA,NA,NA,NA,NA,NA,NA,2024-04-01,2435,"Total revenues accrual",NA,"OK",NA
"ar1","Germany","Revenues","2024-04-25",3883.63777635276,NA,NA,NA,NA,NA,NA,NA,2024-04-01,2435,"Total revenues accrual",NA,"OK",NA
"ar1","Germany","Revenues","2024-04-27",3883.63777635276,NA,NA,NA,NA,NA,NA,NA,2024-04-01,2435,"Total revenues accrual",NA,"OK",NA
"ar1","Germany","Revenues","2024-05-01",3883.63777635276,NA,NA,NA,NA,NA,NA,NA,2024-05-01,2435,"Total revenues accrual",NA,"OK",NA
"ar1","Germany","Revenues","2024-05-03",3883.63777635276,NA,NA,NA,NA,NA,NA,NA,2024-05-01,2435,"Total revenues accrual",NA,"OK",NA
"ar1","Germany","Revenues","2024-05-05",3883.63777635276,NA,NA,NA,NA,NA,NA,NA,2024-05-01,2435,"Total revenues accrual",NA,"OK",NA
"ar1","Germany","Revenues","2024-05-15",3883.63777635276,NA,NA,NA,NA,NA,NA,NA,2024-05-01,2435,"Total revenues accrual",NA,"OK",NA
"ar1","Germany","Revenues","2024-05-27",3883.63777635276,NA,NA,NA,NA,NA,NA,NA,2024-05-01,2435,"Total revenues accrual",NA,"OK",NA
"ar1","Germany","Revenues","2024-05-30",3883.63777635276,NA,NA,NA,NA,NA,NA,NA,2024-05-01,2435,"Total revenues accrual",NA,"OK",NA
"ar1","Germany","Revenues","2024-06-01",3883.63777635276,NA,NA,NA,NA,NA,NA,NA,2024-06-01,2435,"Total revenues accrual",NA,"OK",NA
"ar1","Germany","Revenues","2024-06-05",3883.63777635276,NA,NA,NA,NA,NA,NA,NA,2024-06-01,2435,"Total revenues accrual",NA,"OK",NA
"ar1","Germany","Revenues","2024-06-06",3883.63777635276,NA,NA,NA,NA,NA,NA,NA,2024-06-01,2435,"Total revenues accrual",NA,"OK",NA
"ar1","Germany","Revenues","2024-06-15",3241.07294795733,NA,NA,NA,NA,NA,NA,NA,2024-06-01,9768,"Total revenues accrual",NA,"OK",NA
"ar1","Germany","Revenues","2024-06-27",3241.07294795733,NA,NA,NA,NA,NA,NA,NA,2024-06-01,9768,"Total revenues accrual",NA,"OK",NA
"ar1","Germany","Revenues","2024-07-01",3241.07294795733,NA,NA,NA,NA,NA,NA,NA,2024-07-01,9768,"Total revenues accrual",NA,"OK",NA
"ar1","Germany","Revenues","2024-07-05",3241.07294795733,NA,NA,NA,NA,NA,NA,NA,2024-07-01,9768,"Total revenues accrual",NA,"OK",NA
"ar1","Germany","Revenues","2024-07-15",3241.07294795733,NA,NA,NA,NA,NA,NA,NA,2024-07-01,9768,"Total revenues accrual",NA,"OK",NA
"ar1","Germany","Revenues","2024-07-25",3241.07294795733,NA,NA,NA,NA,NA,NA,NA,2024-07-01,9768,"Total revenues accrual",NA,"OK",NA
"ar1","Germany","Revenues","2024-07-27",3241.07294795733,NA,NA,NA,NA,NA,NA,NA,2024-07-01,9768,"Total revenues accrual",NA,"OK",NA
"ar1","Germany","Revenues","2024-08-01",3241.07294795733,NA,NA,NA,NA,NA,NA,NA,2024-08-01,9768,"Total revenues accrual",NA,"OK",NA
"ar1","Germany","Revenues","2024-08-04",3241.07294795733,NA,NA,NA,NA,NA,NA,NA,2024-08-01,9768,"Total revenues accrual",NA,"OK",NA
"ar1","Germany","Revenues","2024-08-05",3241.07294795733,NA,NA,NA,NA,NA,NA,NA,2024-08-01,9768,"Total revenues accrual",NA,"OK",NA
"ar1","Germany","Revenues","2024-08-15",3241.07294795733,NA,NA,NA,NA,NA,NA,NA,2024-08-01,9768,"Total revenues accrual",NA,"OK",NA
"ar1","Germany","Revenues","2024-08-27",3241.07294795733,NA,NA,NA,NA,NA,NA,NA,2024-08-01,9768,"Total revenues accrual",NA,"OK",NA
"ar1","Germany","Revenues","2024-08-29",3241.07294795733,NA,NA,NA,NA,NA,NA,NA,2024-08-01,9768,"Total revenues accrual",NA,"OK",NA
"ar1","Germany","Revenues","2024-09-01",3241.07294795733,NA,NA,NA,NA,NA,NA,NA,2024-09-01,9768,"Total revenues accrual",NA,"OK",NA
"ar1","Germany","Revenues","2024-09-05",3241.07294795733,NA,NA,NA,NA,NA,NA,NA,2024-09-01,9768,"Total revenues accrual",NA,"OK",NA
"ar1","Germany","Revenues","2024-09-07",3241.07294795733,NA,NA,NA,NA,NA,NA,NA,2024-09-01,9768,"Total revenues accrual",NA,"OK",NA
"ar1","Germany","Revenues","2024-09-15",3501.47123489834,NA,NA,NA,NA,NA,NA,NA,2024-09-01,8630,"Total revenues accrual",NA,"OK",NA
"ar1","Germany","Revenues","2024-09-26",3501.47123489834,NA,NA,NA,NA,NA,NA,NA,2024-09-01,8630,"Total revenues accrual",NA,"OK",NA
"ar1","Germany","Revenues","2024-09-27",3501.47123489834,NA,NA,NA,NA,NA,NA,NA,2024-09-01,8630,"Total revenues accrual",NA,"OK",NA
"ar1","Germany","Revenues","2024-10-01",3501.47123489834,NA,NA,NA,NA,NA,NA,NA,2024-10-01,8630,"Total revenues accrual",NA,"OK",NA
"ar1","Germany","Revenues","2024-10-02",3501.47123489834,NA,NA,NA,NA,NA,NA,NA,2024-10-01,8630,"Total revenues accrual",NA,"OK",NA
"ar1","Germany","Revenues","2024-10-05",3501.47123489834,NA,NA,NA,NA,NA,NA,NA,2024-10-01,8630,"Total revenues accrual",NA,"OK",NA
"ar1","Germany","Revenues","2024-10-15",3501.47123489834,NA,NA,NA,NA,NA,NA,NA,2024-10-01,8630,"Total revenues accrual",NA,"OK",NA
"ar1","Germany","Revenues","2024-10-27",3501.47123489834,NA,NA,NA,NA,NA,NA,NA,2024-10-01,8630,"Total revenues accrual",NA,"OK",NA
"ar1","Germany","Revenues","2024-10-31",3501.47123489834,NA,NA,NA,NA,NA,NA,NA,2024-10-01,8630,"Total revenues accrual",NA,"OK",NA
"ar1","Germany","Revenues","2024-11-01",3501.47123489834,NA,NA,NA,NA,NA,NA,NA,2024-11-01,8630,"Total revenues accrual",NA,"OK",NA
"ar1","Germany","Revenues","2024-11-05",3501.47123489834,NA,NA,NA,NA,NA,NA,NA,2024-11-01,8630,"Total revenues accrual",NA,"OK",NA
"ar1","Germany","Revenues","2024-11-15",3501.47123489834,NA,NA,NA,NA,NA,NA,NA,2024-11-01,8630,"Total revenues accrual",NA,"OK",NA
"ar1","Germany","Revenues","2024-11-27",3501.47123489834,NA,NA,NA,NA,NA,NA,NA,2024-11-01,8630,"Total revenues accrual",NA,"OK",NA
"ar1","Germany","Revenues","2024-11-28",3501.47123489834,NA,NA,NA,NA,NA,NA,NA,2024-11-01,8630,"Total revenues accrual",NA,"OK",NA
"ar1","Germany","Revenues","2024-12-01",3501.47123489834,NA,NA,NA,NA,NA,NA,NA,2024-12-01,8630,"Total revenues accrual",NA,"OK",NA
"ar1","Germany","Revenues","2024-12-05",3501.47123489834,NA,NA,NA,NA,NA,NA,NA,2024-12-01,8630,"Total revenues accrual",NA,"OK",NA
"ar1","Germany","Revenues","2024-12-07",3501.47123489834,NA,NA,NA,NA,NA,NA,NA,2024-12-01,8630,"Total revenues accrual",NA,"OK",NA
"ar1","Germany","Revenues","2024-12-15",3586.5148574545,NA,NA,NA,NA,NA,NA,NA,2024-12-01,9302,"Total revenues accrual",NA,"OK",NA
"ar1","Germany","Revenues","2024-12-26",3586.5148574545,NA,NA,NA,NA,NA,NA,NA,2024-12-01,9302,"Total revenues accrual",NA,"OK",NA
"ar1","Germany","Revenues","2024-12-27",3586.5148574545,NA,NA,NA,NA,NA,NA,NA,2024-12-01,9302,"Total revenues accrual",NA,"OK",NA
"ar1","Germany","Revenues","2025-01-01",3586.5148574545,NA,NA,NA,NA,NA,NA,NA,2025-01-01,9302,"Total revenues accrual",NA,"OK",NA
"ar1","Germany","Revenues","2025-01-03",3586.5148574545,NA,NA,NA,NA,NA,NA,NA,2025-01-01,9302,"Total revenues accrual",NA,"OK",NA
"ar1","Germany","Revenues","2025-01-05",3586.5148574545,NA,NA,NA,NA,NA,NA,NA,2025-01-01,9302,"Total revenues accrual",NA,"OK",NA
"ar1","Germany","Revenues","2025-01-15",3586.5148574545,NA,NA,NA,NA,NA,NA,NA,2025-01-01,9302,"Total revenues accrual",NA,"OK",NA
"ar1","Germany","Revenues","2025-01-27",3586.5148574545,NA,NA,NA,NA,NA,NA,NA,2025-01-01,9302,"Total revenues accrual",NA,"OK",NA
"ar1","Germany","Revenues","2025-01-30",3586.5148574545,NA,NA,NA,NA,NA,NA,NA,2025-01-01,9302,"Total revenues accrual",NA,"OK",NA
"ar1","Germany","Revenues","2025-02-01",3586.5148574545,NA,NA,NA,NA,NA,NA,NA,2025-02-01,9302,"Total revenues accrual",NA,"OK",NA
"ar1","Germany","Revenues","2025-02-05",3586.5148574545,NA,NA,NA,NA,NA,NA,NA,2025-02-01,9302,"Total revenues accrual",NA,"OK",NA
"ar1","Germany","Revenues","2025-02-06",3586.5148574545,NA,NA,NA,NA,NA,NA,NA,2025-02-01,9302,"Total revenues accrual",NA,"OK",NA
"ar1","Germany","Revenues","2025-02-15",3586.5148574545,NA,NA,NA,NA,NA,NA,NA,2025-02-01,9302,"Total revenues accrual",NA,"OK",NA
"ar1","Germany","Revenues","2025-02-27",3586.5148574545,NA,NA,NA,NA,NA,NA,NA,2025-02-01,9302,"Total revenues accrual",NA,"OK",NA
"ar1","Germany","Revenues","2025-03-01",3586.5148574545,NA,NA,NA,NA,NA,NA,NA,2025-03-01,9302,"Total revenues accrual",NA,"OK",NA
"ar1","Germany","Revenues","2025-03-05",3586.5148574545,NA,NA,NA,NA,NA,NA,NA,2025-03-01,9302,"Total revenues accrual",NA,"OK",NA
"ar1","Germany","Revenues","2025-03-06",3586.5148574545,NA,NA,NA,NA,NA,NA,NA,2025-03-01,9302,"Total revenues accrual",NA,"OK",NA
"ar1","Germany","Revenues","2025-03-15",3887.93212681523,NA,NA,NA,NA,NA,NA,NA,2025-03-01,6375,"Total revenues accrual",NA,"OK",NA
"ar1","Germany","Revenues","2025-03-27",3887.93212681523,NA,NA,NA,NA,NA,NA,NA,2025-03-01,6375,"Total revenues accrual",NA,"OK",NA
"ar1","Germany","Revenues","2025-04-01",3887.93212681523,NA,NA,NA,NA,NA,NA,NA,2025-04-01,6375,"Total revenues accrual",NA,"OK",NA
"ar1","Germany","Revenues","2025-04-02",3887.93212681523,NA,NA,NA,NA,NA,NA,NA,2025-04-01,6375,"Total revenues accrual",NA,"OK",NA
"ar1","Germany","Revenues","2025-04-05",3887.93212681523,NA,NA,NA,NA,NA,NA,NA,2025-04-01,6375,"Total revenues accrual",NA,"OK",NA
"ar1","Germany","Revenues","2025-04-15",3887.93212681523,NA,NA,NA,NA,NA,NA,NA,2025-04-01,6375,"Total revenues accrual",NA,"OK",NA
"ar1","Germany","Revenues","2025-04-24",3887.93212681523,NA,NA,NA,NA,NA,NA,NA,2025-04-01,6375,"Total revenues accrual",NA,"OK",NA
"ar1","Germany","Revenues","2025-04-27",3887.93212681523,NA,NA,NA,NA,NA,NA,NA,2025-04-01,6375,"Total revenues accrual",NA,"OK",NA
"ar1","Germany","Revenues","2025-05-01",3887.93212681523,NA,NA,NA,NA,NA,NA,NA,2025-05-01,6375,"Total revenues accrual",NA,"OK",NA
"ar1","Germany","Revenues","2025-05-04",3887.93212681523,NA,NA,NA,NA,NA,NA,NA,2025-05-01,6375,"Total revenues accrual",NA,"OK",NA
"ar1","Germany","Revenues","2025-05-05",3887.93212681523,NA,NA,NA,NA,NA,NA,NA,2025-05-01,6375,"Total revenues accrual",NA,"OK",NA
"ar1","Germany","Revenues","2025-05-15",3887.93212681523,NA,NA,NA,NA,NA,NA,NA,2025-05-01,6375,"Total revenues accrual",NA,"OK",NA
"ar1","Germany","Revenues","2025-05-27",3887.93212681523,NA,NA,NA,NA,NA,NA,NA,2025-05-01,6375,"Total revenues accrual",NA,"OK",NA
"ar1","Germany","Revenues","2025-05-29",3887.93212681523,NA,NA,NA,NA,NA,NA,NA,2025-05-01,6375,"Total revenues accrual",NA,"OK",NA
"ar1","Germany","Revenues","2025-06-01",3887.93212681523,NA,NA,NA,NA,NA,NA,NA,2025-06-01,6375,"Total revenues accrual",NA,"OK",NA
"ar1","Germany","Revenues","2025-06-05",3887.93212681523,NA,NA,NA,NA,NA,NA,NA,2025-06-01,6375,"Total revenues accrual",NA,"OK",NA
"ar1","Germany","Revenues","2025-06-07",3887.93212681523,NA,NA,NA,NA,NA,NA,NA,2025-06-01,6375,"Total revenues accrual",NA,"OK",NA
"ar1","Germany","Revenues","2025-06-15",3815.57892495735,NA,NA,NA,NA,NA,NA,NA,2025-06-01,8452,"Total revenues accrual",NA,"OK",NA
"ar1","Germany","Revenues","2025-06-26",3815.57892495735,NA,NA,NA,NA,NA,NA,NA,2025-06-01,8452,"Total revenues accrual",NA,"OK",NA
"ar1","Germany","Revenues","2025-06-27",3815.57892495735,NA,NA,NA,NA,NA,NA,NA,2025-06-01,8452,"Total revenues accrual",NA,"OK",NA
"ar1","Germany","Revenues","2025-07-01",3815.57892495735,NA,NA,NA,NA,NA,NA,NA,2025-07-01,8452,"Total revenues accrual",NA,"OK",NA
"ar1","Germany","Revenues","2025-07-02",3815.57892495735,NA,NA,NA,NA,NA,NA,NA,2025-07-01,8452,"Total revenues accrual",NA,"OK",NA
"ar1","Germany","Revenues","2025-07-05",3815.57892495735,NA,NA,NA,NA,NA,NA,NA,2025-07-01,8452,"Total revenues accrual",NA,"OK",NA
"ar1","Germany","Revenues","2025-07-15",3815.57892495735,NA,NA,NA,NA,NA,NA,NA,2025-07-01,8452,"Total revenues accrual",NA,"OK",NA
"ar1","Germany","Revenues","2025-07-27",3815.57892495735,NA,NA,NA,NA,NA,NA,NA,2025-07-01,8452,"Total revenues accrual",NA,"OK",NA
"ar1","Germany","Revenues","2025-07-31",3815.57892495735,NA,NA,NA,NA,NA,NA,NA,2025-07-01,8452,"Total revenues accrual",NA,"OK",NA
"ar1","Germany","Revenues","2025-08-01",3815.57892495735,NA,NA,NA,NA,NA,NA,NA,2025-08-01,8452,"Total revenues accrual",NA,"OK",NA
"ar1","Germany","Revenues","2025-08-05",3815.57892495735,NA,NA,NA,NA,NA,NA,NA,2025-08-01,8452,"Total revenues accrual",NA,"OK",NA
"ar1","Germany","Revenues","2025-08-15",3815.57892495735,NA,NA,NA,NA,NA,NA,NA,2025-08-01,8452,"Total revenues accrual",NA,"OK",NA
"ar1","Germany","Revenues","2025-08-27",3815.57892495735,NA,NA,NA,NA,NA,NA,NA,2025-08-01,8452,"Total revenues accrual",NA,"OK",NA
"ar1","Germany","Revenues","2025-08-28",3815.57892495735,NA,NA,NA,NA,NA,NA,NA,2025-08-01,8452,"Total revenues accrual",NA,"OK",NA
"ar1","Germany","Revenues","2025-09-01",3815.57892495735,NA,NA,NA,NA,NA,NA,NA,2025-09-01,8452,"Total revenues accrual",NA,"OK",NA
"ar1","Germany","Revenues","2025-09-05",3815.57892495735,NA,NA,NA,NA,NA,NA,NA,2025-09-01,8452,"Total revenues accrual",NA,"OK",NA
"ar1","Germany","Revenues","2025-09-15",4360.91190974202,NA,NA,NA,NA,NA,NA,NA,2025-09-01,707,"Total revenues accrual",NA,"OK",NA
"ar1","Germany","Revenues","2025-09-25",4360.91190974202,NA,NA,NA,NA,NA,NA,NA,2025-09-01,707,"Total revenues accrual",NA,"OK",NA
"ar1","Germany","Revenues","2025-09-27",4360.91190974202,NA,NA,NA,NA,NA,NA,NA,2025-09-01,707,"Total revenues accrual",NA,"OK",NA
"ar1","Germany","Revenues","2025-10-01",4360.91190974202,NA,NA,NA,NA,NA,NA,NA,2025-10-01,707,"Total revenues accrual",NA,"OK",NA
"ar1","Germany","Revenues","2025-10-03",4360.91190974202,NA,NA,NA,NA,NA,NA,NA,2025-10-01,707,"Total revenues accrual",NA,"OK",NA
"ar1","Germany","Revenues","2025-10-05",4360.91190974202,NA,NA,NA,NA,NA,NA,NA,2025-10-01,707,"Total revenues accrual",NA,"OK",NA
"ar1","Germany","Revenues","2025-10-15",4360.91190974202,NA,NA,NA,NA,NA,NA,NA,2025-10-01,707,"Total revenues accrual",NA,"OK",NA
"ar1","Germany","Revenues","2025-10-27",4360.91190974202,NA,NA,NA,NA,NA,NA,NA,2025-10-01,707,"Total revenues accrual",NA,"OK",NA
"ar1","Germany","Revenues","2025-10-30",4360.91190974202,NA,NA,NA,NA,NA,NA,NA,2025-10-01,707,"Total revenues accrual",NA,"OK",NA
"ar1","Germany","Revenues","2025-11-01",4360.91190974202,NA,NA,NA,NA,NA,NA,NA,2025-11-01,707,"Total revenues accrual",NA,"OK",NA
"ar1","Germany","Revenues","2025-11-05",4360.91190974202,NA,NA,NA,NA,NA,NA,NA,2025-11-01,707,"Total revenues accrual",NA,"OK",NA
"ar1","Germany","Revenues","2025-11-06",4360.91190974202,NA,NA,NA,NA,NA,NA,NA,2025-11-01,707,"Total revenues accrual",NA,"OK",NA
"ar1","Germany","Revenues","2025-11-15",4360.91190974202,NA,NA,NA,NA,NA,NA,NA,2025-11-01,707,"Total revenues accrual",NA,"OK",NA
"ar1","Germany","Revenues","2025-11-27",4360.91190974202,NA,NA,NA,NA,NA,NA,NA,2025-11-01,707,"Total revenues accrual",NA,"OK",NA
"ar1","Germany","Revenues","2025-12-01",4360.91190974202,NA,NA,NA,NA,NA,NA,NA,2025-12-01,707,"Total revenues accrual",NA,"OK",NA
"ar1","Germany","Revenues","2025-12-05",4360.91190974202,NA,NA,NA,NA,NA,NA,NA,2025-12-01,707,"Total revenues accrual",NA,"OK",NA
"ar1","Germany","Revenues","2025-12-15",4287.90148275898,NA,NA,NA,NA,NA,NA,NA,2025-12-01,707,"Total revenues accrual",NA,"OK",NA
"ar1","Germany","Revenues","2025-12-25",4287.90148275898,NA,NA,NA,NA,NA,NA,NA,2025-12-01,707,"Total revenues accrual",NA,"OK",NA
"ar1","Germany","Revenues","2025-12-27",4287.90148275898,NA,NA,NA,NA,NA,NA,NA,2025-12-01,707,"Total revenues accrual",NA,"OK",NA
"ar1","Germany","Revenues","2026-01-05",4287.90148275898,NA,NA,NA,NA,NA,NA,NA,2026-01-01,707,"Total revenues accrual",NA,"OK",NA
"ar1","Germany","Revenues","2026-01-15",4287.90148275898,NA,NA,NA,NA,NA,NA,NA,2026-01-01,707,"Total revenues accrual",NA,"OK",NA
"ar1","Germany","Revenues","2026-02-05",4287.90148275898,NA,NA,NA,NA,NA,NA,NA,2026-02-01,707,"Total revenues accrual",NA,"OK",NA
"ar1","Germany","Revenues","2026-02-15",4287.90148275898,NA,NA,NA,NA,NA,NA,NA,2026-02-01,707,"Total revenues accrual",NA,"OK",NA
"ar1","Germany","Revenues","2026-03-15",4287.90148275898,NA,NA,NA,NA,NA,NA,NA,2026-03-01,707,"Total revenues accrual",NA,"OK",NA
