"model","country","block","publication_date","nowcast_value","nb_factors","lambda","gamma","cv_mse","df","n_selected","n_selected_groups","date_new","last_obs_y","target_name","selected_columns","status","error"
"factor_midas","Germany","Revenues","2013-01-01",NA,NA,NA,NA,NA,NA,NA,NA,NA,NA,"Total revenues accrual",NA,"KO","Not possible to estimate MIDAS model, more parameters than observations"
"factor_midas","Germany","Revenues","2013-01-02",NA,NA,NA,NA,NA,NA,NA,NA,NA,NA,"Total revenues accrual",NA,"KO","Not possible to estimate MIDAS model, more parameters than observations"
"factor_midas","Germany","Revenues","2013-01-05",NA,NA,NA,NA,NA,NA,NA,NA,NA,NA,"Total revenues accrual",NA,"KO","Not possible to estimate MIDAS model, more parameters than observations"
"factor_midas","Germany","Revenues","2013-01-15",NA,NA,NA,NA,NA,NA,NA,NA,NA,NA,"Total revenues accrual",NA,"KO","Not possible to estimate MIDAS model, more parameters than observations"
"factor_midas","Germany","Revenues","2013-01-27",NA,NA,NA,NA,NA,NA,NA,NA,NA,NA,"Total revenues accrual",NA,"KO","Not possible to estimate MIDAS model, more parameters than observations"
"factor_midas","Germany","Revenues","2013-01-31",NA,NA,NA,NA,NA,NA,NA,NA,NA,NA,"Total revenues accrual",NA,"KO","Not possible to estimate MIDAS model, more parameters than observations"
"factor_midas","Germany","Revenues","2013-02-01",NA,NA,NA,NA,NA,NA,NA,NA,NA,NA,"Total revenues accrual",NA,"KO","Not possible to estimate MIDAS model, more parameters than observations"
"factor_midas","Germany","Revenues","2013-02-05",NA,NA,NA,NA,NA,NA,NA,NA,NA,NA,"Total revenues accrual",NA,"KO","Not possible to estimate MIDAS model, more parameters than observations"
"factor_midas","Germany","Revenues","2013-02-15",NA,NA,NA,NA,NA,NA,NA,NA,NA,NA,"Total revenues accrual",NA,"KO","Not possible to estimate MIDAS model, more parameters than observations"
"factor_midas","Germany","Revenues","2013-02-27",NA,NA,NA,NA,NA,NA,NA,NA,NA,NA,"Total revenues accrual",NA,"KO","Not possible to estimate MIDAS model, more parameters than observations"
"factor_midas","Germany","Revenues","2013-02-28",NA,NA,NA,NA,NA,NA,NA,NA,NA,NA,"Total revenues accrual",NA,"KO","Not possible to estimate MIDAS model, more parameters than observations"
"factor_midas","Germany","Revenues","2013-03-01",NA,NA,NA,NA,NA,NA,NA,NA,NA,NA,"Total revenues accrual",NA,"KO","Not possible to estimate MIDAS model, more parameters than observations"
"factor_midas","Germany","Revenues","2013-03-05",NA,NA,NA,NA,NA,NA,NA,NA,NA,NA,"Total revenues accrual",NA,"KO","Not possible to estimate MIDAS model, more parameters than observations"
"factor_midas","Germany","Revenues","2013-03-15",NA,NA,NA,NA,NA,NA,NA,NA,NA,NA,"Total revenues accrual",NA,"KO","Not possible to estimate MIDAS model, more parameters than observations"
"factor_midas","Germany","Revenues","2013-03-27",NA,NA,NA,NA,NA,NA,NA,NA,NA,NA,"Total revenues accrual",NA,"KO","Not possible to estimate MIDAS model, more parameters than observations"
"factor_midas","Germany","Revenues","2013-03-28",NA,NA,NA,NA,NA,NA,NA,NA,NA,NA,"Total revenues accrual",NA,"KO","Not possible to estimate MIDAS model, more parameters than observations"
"factor_midas","Germany","Revenues","2013-04-01",NA,NA,NA,NA,NA,NA,NA,NA,NA,NA,"Total revenues accrual",NA,"KO","Not possible to estimate MIDAS model, more parameters than observations"
"factor_midas","Germany","Revenues","2013-04-05",NA,NA,NA,NA,NA,NA,NA,NA,NA,NA,"Total revenues accrual",NA,"KO","Not possible to estimate MIDAS model, more parameters than observations"
"factor_midas","Germany","Revenues","2013-04-15",NA,NA,NA,NA,NA,NA,NA,NA,NA,NA,"Total revenues accrual",NA,"KO","Not possible to estimate MIDAS model, more parameters than observations"
"factor_midas","Germany","Revenues","2013-04-25",NA,NA,NA,NA,NA,NA,NA,NA,NA,NA,"Total revenues accrual",NA,"KO","Not possible to estimate MIDAS model, more parameters than observations"
"factor_midas","Germany","Revenues","2013-04-27",NA,NA,NA,NA,NA,NA,NA,NA,NA,NA,"Total revenues accrual",NA,"KO","Not possible to estimate MIDAS model, more parameters than observations"
"factor_midas","Germany","Revenues","2013-05-01",NA,NA,NA,NA,NA,NA,NA,NA,NA,NA,"Total revenues accrual",NA,"KO","Not possible to estimate MIDAS model, more parameters than observations"
"factor_midas","Germany","Revenues","2013-05-03",NA,NA,NA,NA,NA,NA,NA,NA,NA,NA,"Total revenues accrual",NA,"KO","Not possible to estimate MIDAS model, more parameters than observations"
"factor_midas","Germany","Revenues","2013-05-05",NA,NA,NA,NA,NA,NA,NA,NA,NA,NA,"Total revenues accrual",NA,"KO","Not possible to estimate MIDAS model, more parameters than observations"
"factor_midas","Germany","Revenues","2013-05-15",NA,NA,NA,NA,NA,NA,NA,NA,NA,NA,"Total revenues accrual",NA,"KO","Not possible to estimate MIDAS model, more parameters than observations"
"factor_midas","Germany","Revenues","2013-05-27",NA,NA,NA,NA,NA,NA,NA,NA,NA,NA,"Total revenues accrual",NA,"KO","Not possible to estimate MIDAS model, more parameters than observations"
"factor_midas","Germany","Revenues","2013-05-30",NA,NA,NA,NA,NA,NA,NA,NA,NA,NA,"Total revenues accrual",NA,"KO","Not possible to estimate MIDAS model, more parameters than observations"
"factor_midas","Germany","Revenues","2013-06-01",NA,NA,NA,NA,NA,NA,NA,NA,NA,NA,"Total revenues accrual",NA,"KO","Not possible to estimate MIDAS model, more parameters than observations"
"factor_midas","Germany","Revenues","2013-06-05",NA,NA,NA,NA,NA,NA,NA,NA,NA,NA,"Total revenues accrual",NA,"KO","Not possible to estimate MIDAS model, more parameters than observations"
"factor_midas","Germany","Revenues","2013-06-06",NA,NA,NA,NA,NA,NA,NA,NA,NA,NA,"Total revenues accrual",NA,"KO","Not possible to estimate MIDAS model, more parameters than observations"
"factor_midas","Germany","Revenues","2013-06-15",NA,NA,NA,NA,NA,NA,NA,NA,NA,NA,"Total revenues accrual",NA,"KO","Not possible to estimate MIDAS model, more parameters than observations"
"factor_midas","Germany","Revenues","2013-06-27",NA,NA,NA,NA,NA,NA,NA,NA,NA,NA,"Total revenues accrual",NA,"KO","Not possible to estimate MIDAS model, more parameters than observations"
"factor_midas","Germany","Revenues","2013-07-01",NA,NA,NA,NA,NA,NA,NA,NA,NA,NA,"Total revenues accrual",NA,"KO","Not possible to estimate MIDAS model, more parameters than observations"
"factor_midas","Germany","Revenues","2013-07-05",NA,NA,NA,NA,NA,NA,NA,NA,NA,NA,"Total revenues accrual",NA,"KO","Not possible to estimate MIDAS model, more parameters than observations"
"factor_midas","Germany","Revenues","2013-07-15",NA,NA,NA,NA,NA,NA,NA,NA,NA,NA,"Total revenues accrual",NA,"KO","Not possible to estimate MIDAS model, more parameters than observations"
"factor_midas","Germany","Revenues","2013-07-25",NA,NA,NA,NA,NA,NA,NA,NA,NA,NA,"Total revenues accrual",NA,"KO","Not possible to estimate MIDAS model, more parameters than observations"
"factor_midas","Germany","Revenues","2013-07-27",NA,NA,NA,NA,NA,NA,NA,NA,NA,NA,"Total revenues accrual",NA,"KO","Not possible to estimate MIDAS model, more parameters than observations"
"factor_midas","Germany","Revenues","2013-08-01",NA,NA,NA,NA,NA,NA,NA,NA,NA,NA,"Total revenues accrual",NA,"KO","Not possible to estimate MIDAS model, more parameters than observations"
"factor_midas","Germany","Revenues","2013-08-04",NA,NA,NA,NA,NA,NA,NA,NA,NA,NA,"Total revenues accrual",NA,"KO","Not possible to estimate MIDAS model, more parameters than observations"
"factor_midas","Germany","Revenues","2013-08-05",NA,NA,NA,NA,NA,NA,NA,NA,NA,NA,"Total revenues accrual",NA,"KO","Not possible to estimate MIDAS model, more parameters than observations"
"factor_midas","Germany","Revenues","2013-08-15",NA,NA,NA,NA,NA,NA,NA,NA,NA,NA,"Total revenues accrual",NA,"KO","Not possible to estimate MIDAS model, more parameters than observations"
"factor_midas","Germany","Revenues","2013-08-27",NA,NA,NA,NA,NA,NA,NA,NA,NA,NA,"Total revenues accrual",NA,"KO","Not possible to estimate MIDAS model, more parameters than observations"
"factor_midas","Germany","Revenues","2013-08-29",NA,NA,NA,NA,NA,NA,NA,NA,NA,NA,"Total revenues accrual",NA,"KO","Not possible to estimate MIDAS model, more parameters than observations"
"factor_midas","Germany","Revenues","2013-09-01",NA,NA,NA,NA,NA,NA,NA,NA,NA,NA,"Total revenues accrual",NA,"KO","Not possible to estimate MIDAS model, more parameters than observations"
"factor_midas","Germany","Revenues","2013-09-05",NA,NA,NA,NA,NA,NA,NA,NA,NA,NA,"Total revenues accrual",NA,"KO","Not possible to estimate MIDAS model, more parameters than observations"
"factor_midas","Germany","Revenues","2013-09-07",NA,NA,NA,NA,NA,NA,NA,NA,NA,NA,"Total revenues accrual",NA,"KO","Not possible to estimate MIDAS model, more parameters than observations"
"factor_midas","Germany","Revenues","2013-09-15",NA,NA,NA,NA,NA,NA,NA,NA,NA,NA,"Total revenues accrual",NA,"KO","Not possible to estimate MIDAS model, more parameters than observations"
"factor_midas","Germany","Revenues","2013-09-26",NA,NA,NA,NA,NA,NA,NA,NA,NA,NA,"Total revenues accrual",NA,"KO","Not possible to estimate MIDAS model, more parameters than observations"
"factor_midas","Germany","Revenues","2013-09-27",NA,NA,NA,NA,NA,NA,NA,NA,NA,NA,"Total revenues accrual",NA,"KO","Not possible to estimate MIDAS model, more parameters than observations"
"factor_midas","Germany","Revenues","2013-10-01",NA,NA,NA,NA,NA,NA,NA,NA,NA,NA,"Total revenues accrual",NA,"KO","Not possible to estimate MIDAS model, more parameters than observations"
"factor_midas","Germany","Revenues","2013-10-02",6640.20431204848,2,NA,NA,NA,NA,NA,NA,2013-10-01,-1109,"Total revenues accrual",NA,"OK",NA
"factor_midas","Germany","Revenues","2013-10-05",7159.5034156585,2,NA,NA,NA,NA,NA,NA,2013-10-01,-1109,"Total revenues accrual",NA,"OK",NA
"factor_midas","Germany","Revenues","2013-10-15",5452.73281878785,2,NA,NA,NA,NA,NA,NA,2013-10-01,-1109,"Total revenues accrual",NA,"OK",NA
"factor_midas","Germany","Revenues","2013-10-27",4275.57494271794,2,NA,NA,NA,NA,NA,NA,2013-10-01,-1109,"Total revenues accrual",NA,"OK",NA
"factor_midas","Germany","Revenues","2013-10-31",4306.63619601564,2,NA,NA,NA,NA,NA,NA,2013-10-01,-1109,"Total revenues accrual",NA,"OK",NA
"factor_midas","Germany","Revenues","2013-11-01",4231.74772100482,2,NA,NA,NA,NA,NA,NA,2013-11-01,-1109,"Total revenues accrual",NA,"OK",NA
"factor_midas","Germany","Revenues","2013-11-05",4596.60989568111,2,NA,NA,NA,NA,NA,NA,2013-11-01,-1109,"Total revenues accrual",NA,"OK",NA
"factor_midas","Germany","Revenues","2013-11-15",6785.47181815537,2,NA,NA,NA,NA,NA,NA,2013-11-01,-1109,"Total revenues accrual",NA,"OK",NA
"factor_midas","Germany","Revenues","2013-11-27",8753.88671501003,2,NA,NA,NA,NA,NA,NA,2013-11-01,-1109,"Total revenues accrual",NA,"OK",NA
"factor_midas","Germany","Revenues","2013-11-28",9056.98274872444,2,NA,NA,NA,NA,NA,NA,2013-11-01,-1109,"Total revenues accrual",NA,"OK",NA
"factor_midas","Germany","Revenues","2013-12-01",NA,NA,NA,NA,NA,NA,NA,NA,NA,NA,"Total revenues accrual",NA,"KO","Not possible to estimate MIDAS model, more parameters than observations"
"factor_midas","Germany","Revenues","2013-12-05",10131.9949208412,2,NA,NA,NA,NA,NA,NA,2013-12-01,-1109,"Total revenues accrual",NA,"OK",NA
"factor_midas","Germany","Revenues","2013-12-07",9474.81544744915,2,NA,NA,NA,NA,NA,NA,2013-12-01,-1109,"Total revenues accrual",NA,"OK",NA
"factor_midas","Germany","Revenues","2013-12-15",3635.60095892683,2,NA,NA,NA,NA,NA,NA,2013-12-01,-916,"Total revenues accrual",NA,"OK",NA
"factor_midas","Germany","Revenues","2013-12-26",3638.7077266212,2,NA,NA,NA,NA,NA,NA,2013-12-01,-916,"Total revenues accrual",NA,"OK",NA
"factor_midas","Germany","Revenues","2013-12-27",3535.25160067244,2,NA,NA,NA,NA,NA,NA,2013-12-01,-916,"Total revenues accrual",NA,"OK",NA
"factor_midas","Germany","Revenues","2014-01-01",3066.01119254242,2,NA,NA,NA,NA,NA,NA,2014-01-01,-916,"Total revenues accrual",NA,"OK",NA
"factor_midas","Germany","Revenues","2014-01-03",3218.5497362816,2,NA,NA,NA,NA,NA,NA,2014-01-01,-916,"Total revenues accrual",NA,"OK",NA
"factor_midas","Germany","Revenues","2014-01-05",3651.81127538935,2,NA,NA,NA,NA,NA,NA,2014-01-01,-916,"Total revenues accrual",NA,"OK",NA
"factor_midas","Germany","Revenues","2014-01-15",NA,NA,NA,NA,NA,NA,NA,NA,NA,NA,"Total revenues accrual",NA,"KO","Not possible to estimate MIDAS model, more parameters than observations"
"factor_midas","Germany","Revenues","2014-01-27",4261.19366515631,2,NA,NA,NA,NA,NA,NA,2014-01-01,-916,"Total revenues accrual",NA,"OK",NA
"factor_midas","Germany","Revenues","2014-01-30",4386.33580821651,2,NA,NA,NA,NA,NA,NA,2014-01-01,-916,"Total revenues accrual",NA,"OK",NA
"factor_midas","Germany","Revenues","2014-02-01",5956.38295563341,2,NA,NA,NA,NA,NA,NA,2014-02-01,-916,"Total revenues accrual",NA,"OK",NA
"factor_midas","Germany","Revenues","2014-02-05",5157.2414680074,2,NA,NA,NA,NA,NA,NA,2014-02-01,-916,"Total revenues accrual",NA,"OK",NA
"factor_midas","Germany","Revenues","2014-02-06",5181.69662918089,2,NA,NA,NA,NA,NA,NA,2014-02-01,-916,"Total revenues accrual",NA,"OK",NA
"factor_midas","Germany","Revenues","2014-02-15",6677.85295801745,2,NA,NA,NA,NA,NA,NA,2014-02-01,-916,"Total revenues accrual",NA,"OK",NA
"factor_midas","Germany","Revenues","2014-02-27",8358.87553095972,2,NA,NA,NA,NA,NA,NA,2014-02-01,-916,"Total revenues accrual",NA,"OK",NA
"factor_midas","Germany","Revenues","2014-03-01",9796.63787736794,2,NA,NA,NA,NA,NA,NA,2014-03-01,-916,"Total revenues accrual",NA,"OK",NA
"factor_midas","Germany","Revenues","2014-03-05",11332.31981298,2,NA,NA,NA,NA,NA,NA,2014-03-01,-916,"Total revenues accrual",NA,"OK",NA
"factor_midas","Germany","Revenues","2014-03-06",11630.3954608343,2,NA,NA,NA,NA,NA,NA,2014-03-01,-916,"Total revenues accrual",NA,"OK",NA
"factor_midas","Germany","Revenues","2014-03-15",5012.28503338134,2,NA,NA,NA,NA,NA,NA,2014-03-01,6157,"Total revenues accrual",NA,"OK",NA
"factor_midas","Germany","Revenues","2014-03-27",5387.83307991908,2,NA,NA,NA,NA,NA,NA,2014-03-01,6157,"Total revenues accrual",NA,"OK",NA
"factor_midas","Germany","Revenues","2014-04-01",5057.26040047331,2,NA,NA,NA,NA,NA,NA,2014-04-01,6157,"Total revenues accrual",NA,"OK",NA
"factor_midas","Germany","Revenues","2014-04-02",4856.28418618834,2,NA,NA,NA,NA,NA,NA,2014-04-01,6157,"Total revenues accrual",NA,"OK",NA
"factor_midas","Germany","Revenues","2014-04-05",4744.94561210266,2,NA,NA,NA,NA,NA,NA,2014-04-01,6157,"Total revenues accrual",NA,"OK",NA
"factor_midas","Germany","Revenues","2014-04-15",4612.37280323083,2,NA,NA,NA,NA,NA,NA,2014-04-01,6157,"Total revenues accrual",NA,"OK",NA
"factor_midas","Germany","Revenues","2014-04-24",4654.25086998731,2,NA,NA,NA,NA,NA,NA,2014-04-01,6157,"Total revenues accrual",NA,"OK",NA
"factor_midas","Germany","Revenues","2014-04-27",4520.85531324492,2,NA,NA,NA,NA,NA,NA,2014-04-01,6157,"Total revenues accrual",NA,"OK",NA
"factor_midas","Germany","Revenues","2014-05-01",4372.00240182734,2,NA,NA,NA,NA,NA,NA,2014-05-01,6157,"Total revenues accrual",NA,"OK",NA
"factor_midas","Germany","Revenues","2014-05-04",3761.91771393381,2,NA,NA,NA,NA,NA,NA,2014-05-01,6157,"Total revenues accrual",NA,"OK",NA
"factor_midas","Germany","Revenues","2014-05-05",3775.32207768548,2,NA,NA,NA,NA,NA,NA,2014-05-01,6157,"Total revenues accrual",NA,"OK",NA
"factor_midas","Germany","Revenues","2014-05-15",3610.2752935383,2,NA,NA,NA,NA,NA,NA,2014-05-01,6157,"Total revenues accrual",NA,"OK",NA
"factor_midas","Germany","Revenues","2014-05-27",3145.77219256236,2,NA,NA,NA,NA,NA,NA,2014-05-01,6157,"Total revenues accrual",NA,"OK",NA
"factor_midas","Germany","Revenues","2014-05-29",3115.66185842085,2,NA,NA,NA,NA,NA,NA,2014-05-01,6157,"Total revenues accrual",NA,"OK",NA
"factor_midas","Germany","Revenues","2014-06-01",-6541.63242633179,3,NA,NA,NA,NA,NA,NA,2014-06-01,6157,"Total revenues accrual",NA,"OK",NA
"factor_midas","Germany","Revenues","2014-06-05",-6705.91113130383,3,NA,NA,NA,NA,NA,NA,2014-06-01,6157,"Total revenues accrual",NA,"OK",NA
"factor_midas","Germany","Revenues","2014-06-07",-5912.91371594026,3,NA,NA,NA,NA,NA,NA,2014-06-01,6157,"Total revenues accrual",NA,"OK",NA
"factor_midas","Germany","Revenues","2014-06-15",2666.99987492715,4,NA,NA,NA,NA,NA,NA,2014-06-01,2966,"Total revenues accrual",NA,"OK",NA
"factor_midas","Germany","Revenues","2014-06-26",2323.8084887141,4,NA,NA,NA,NA,NA,NA,2014-06-01,2966,"Total revenues accrual",NA,"OK",NA
"factor_midas","Germany","Revenues","2014-06-27",2995.05641887729,2,NA,NA,NA,NA,NA,NA,2014-06-01,2966,"Total revenues accrual",NA,"OK",NA
"factor_midas","Germany","Revenues","2014-07-01",2825.2974054812,2,NA,NA,NA,NA,NA,NA,2014-07-01,2966,"Total revenues accrual",NA,"OK",NA
"factor_midas","Germany","Revenues","2014-07-02",1318.46294416252,3,NA,NA,NA,NA,NA,NA,2014-07-01,2966,"Total revenues accrual",NA,"OK",NA
"factor_midas","Germany","Revenues","2014-07-05",1213.55903768044,3,NA,NA,NA,NA,NA,NA,2014-07-01,2966,"Total revenues accrual",NA,"OK",NA
"factor_midas","Germany","Revenues","2014-07-15",2524.66659310947,2,NA,NA,NA,NA,NA,NA,2014-07-01,2966,"Total revenues accrual",NA,"OK",NA
"factor_midas","Germany","Revenues","2014-07-27",2325.41953671546,2,NA,NA,NA,NA,NA,NA,2014-07-01,2966,"Total revenues accrual",NA,"OK",NA
"factor_midas","Germany","Revenues","2014-07-31",2272.97239545576,2,NA,NA,NA,NA,NA,NA,2014-07-01,2966,"Total revenues accrual",NA,"OK",NA
"factor_midas","Germany","Revenues","2014-08-01",1819.53624912371,3,NA,NA,NA,NA,NA,NA,2014-08-01,2966,"Total revenues accrual",NA,"OK",NA
"factor_midas","Germany","Revenues","2014-08-05",2505.0388231541,3,NA,NA,NA,NA,NA,NA,2014-08-01,2966,"Total revenues accrual",NA,"OK",NA
"factor_midas","Germany","Revenues","2014-08-15",2441.41363865598,3,NA,NA,NA,NA,NA,NA,2014-08-01,2966,"Total revenues accrual",NA,"OK",NA
"factor_midas","Germany","Revenues","2014-08-27",2286.14356191212,3,NA,NA,NA,NA,NA,NA,2014-08-01,2966,"Total revenues accrual",NA,"OK",NA
"factor_midas","Germany","Revenues","2014-08-28",2065.24500247046,3,NA,NA,NA,NA,NA,NA,2014-08-01,2966,"Total revenues accrual",NA,"OK",NA
"factor_midas","Germany","Revenues","2014-09-01",1572.7816162852,3,NA,NA,NA,NA,NA,NA,2014-09-01,2966,"Total revenues accrual",NA,"OK",NA
"factor_midas","Germany","Revenues","2014-09-05",3291.20105451938,2,NA,NA,NA,NA,NA,NA,2014-09-01,2966,"Total revenues accrual",NA,"OK",NA
"factor_midas","Germany","Revenues","2014-09-15",2497.83471891963,1,NA,NA,NA,NA,NA,NA,2014-09-01,3466,"Total revenues accrual",NA,"OK",NA
"factor_midas","Germany","Revenues","2014-09-25",2469.3742303444,1,NA,NA,NA,NA,NA,NA,2014-09-01,3466,"Total revenues accrual",NA,"OK",NA
"factor_midas","Germany","Revenues","2014-09-27",2515.01019309814,1,NA,NA,NA,NA,NA,NA,2014-09-01,3466,"Total revenues accrual",NA,"OK",NA
"factor_midas","Germany","Revenues","2014-10-01",2510.51346957576,1,NA,NA,NA,NA,NA,NA,2014-10-01,3466,"Total revenues accrual",NA,"OK",NA
"factor_midas","Germany","Revenues","2014-10-03",2692.97935999842,1,NA,NA,NA,NA,NA,NA,2014-10-01,3466,"Total revenues accrual",NA,"OK",NA
"factor_midas","Germany","Revenues","2014-10-05",2985.06172095093,1,NA,NA,NA,NA,NA,NA,2014-10-01,3466,"Total revenues accrual",NA,"OK",NA
"factor_midas","Germany","Revenues","2014-10-15",2857.76259223156,1,NA,NA,NA,NA,NA,NA,2014-10-01,3466,"Total revenues accrual",NA,"OK",NA
"factor_midas","Germany","Revenues","2014-10-27",2730.88524058501,1,NA,NA,NA,NA,NA,NA,2014-10-01,3466,"Total revenues accrual",NA,"OK",NA
"factor_midas","Germany","Revenues","2014-10-30",2729.62897391999,1,NA,NA,NA,NA,NA,NA,2014-10-01,3466,"Total revenues accrual",NA,"OK",NA
"factor_midas","Germany","Revenues","2014-11-01",2676.03572777948,1,NA,NA,NA,NA,NA,NA,2014-11-01,3466,"Total revenues accrual",NA,"OK",NA
"factor_midas","Germany","Revenues","2014-11-05",2660.1151495354,1,NA,NA,NA,NA,NA,NA,2014-11-01,3466,"Total revenues accrual",NA,"OK",NA
"factor_midas","Germany","Revenues","2014-11-06",2668.19889391284,1,NA,NA,NA,NA,NA,NA,2014-11-01,3466,"Total revenues accrual",NA,"OK",NA
"factor_midas","Germany","Revenues","2014-11-15",2712.70029395666,1,NA,NA,NA,NA,NA,NA,2014-11-01,3466,"Total revenues accrual",NA,"OK",NA
"factor_midas","Germany","Revenues","2014-11-27",2717.57994795363,1,NA,NA,NA,NA,NA,NA,2014-11-01,3466,"Total revenues accrual",NA,"OK",NA
"factor_midas","Germany","Revenues","2014-12-01",3124.85044921949,1,NA,NA,NA,NA,NA,NA,2014-12-01,3466,"Total revenues accrual",NA,"OK",NA
"factor_midas","Germany","Revenues","2014-12-05",2241.06872556483,1,NA,NA,NA,NA,NA,NA,2014-12-01,3466,"Total revenues accrual",NA,"OK",NA
"factor_midas","Germany","Revenues","2014-12-15",2470.35059036118,1,NA,NA,NA,NA,NA,NA,2014-12-01,5375,"Total revenues accrual",NA,"OK",NA
"factor_midas","Germany","Revenues","2014-12-25",2497.65216463855,1,NA,NA,NA,NA,NA,NA,2014-12-01,5375,"Total revenues accrual",NA,"OK",NA
"factor_midas","Germany","Revenues","2014-12-27",2403.93537645361,1,NA,NA,NA,NA,NA,NA,2014-12-01,5375,"Total revenues accrual",NA,"OK",NA
"factor_midas","Germany","Revenues","2015-01-01",-5163.37820070061,4,NA,NA,NA,NA,NA,NA,2015-01-01,5375,"Total revenues accrual",NA,"OK",NA
"factor_midas","Germany","Revenues","2015-01-04",-5007.18413135276,4,NA,NA,NA,NA,NA,NA,2015-01-01,5375,"Total revenues accrual",NA,"OK",NA
"factor_midas","Germany","Revenues","2015-01-05",-4988.92564760998,4,NA,NA,NA,NA,NA,NA,2015-01-01,5375,"Total revenues accrual",NA,"OK",NA
"factor_midas","Germany","Revenues","2015-01-15",-2893.57890251285,4,NA,NA,NA,NA,NA,NA,2015-01-01,5375,"Total revenues accrual",NA,"OK",NA
"factor_midas","Germany","Revenues","2015-01-27",-2240.87929578904,4,NA,NA,NA,NA,NA,NA,2015-01-01,5375,"Total revenues accrual",NA,"OK",NA
"factor_midas","Germany","Revenues","2015-01-29",-1985.32425416834,4,NA,NA,NA,NA,NA,NA,2015-01-01,5375,"Total revenues accrual",NA,"OK",NA
"factor_midas","Germany","Revenues","2015-02-01",-908.200874714576,4,NA,NA,NA,NA,NA,NA,2015-02-01,5375,"Total revenues accrual",NA,"OK",NA
"factor_midas","Germany","Revenues","2015-02-05",-56.7213644648546,4,NA,NA,NA,NA,NA,NA,2015-02-01,5375,"Total revenues accrual",NA,"OK",NA
"factor_midas","Germany","Revenues","2015-02-07",27.0104926553013,4,NA,NA,NA,NA,NA,NA,2015-02-01,5375,"Total revenues accrual",NA,"OK",NA
"factor_midas","Germany","Revenues","2015-02-15",128.121740848394,4,NA,NA,NA,NA,NA,NA,2015-02-01,5375,"Total revenues accrual",NA,"OK",NA
"factor_midas","Germany","Revenues","2015-02-26",39.8311597670622,4,NA,NA,NA,NA,NA,NA,2015-02-01,5375,"Total revenues accrual",NA,"OK",NA
"factor_midas","Germany","Revenues","2015-02-27",2801.37682146686,1,NA,NA,NA,NA,NA,NA,2015-02-01,5375,"Total revenues accrual",NA,"OK",NA
"factor_midas","Germany","Revenues","2015-03-01",9552.48445446323,4,NA,NA,NA,NA,NA,NA,2015-03-01,5375,"Total revenues accrual",NA,"OK",NA
"factor_midas","Germany","Revenues","2015-03-05",9371.61627814925,4,NA,NA,NA,NA,NA,NA,2015-03-01,5375,"Total revenues accrual",NA,"OK",NA
"factor_midas","Germany","Revenues","2015-03-07",9701.34443435242,4,NA,NA,NA,NA,NA,NA,2015-03-01,5375,"Total revenues accrual",NA,"OK",NA
"factor_midas","Germany","Revenues","2015-03-15",10153.3575030878,4,NA,NA,NA,NA,NA,NA,2015-03-01,1685,"Total revenues accrual",NA,"OK",NA
"factor_midas","Germany","Revenues","2015-03-26",10733.0434889415,4,NA,NA,NA,NA,NA,NA,2015-03-01,1685,"Total revenues accrual",NA,"OK",NA
"factor_midas","Germany","Revenues","2015-03-27",7799.31319614629,4,NA,NA,NA,NA,NA,NA,2015-03-01,1685,"Total revenues accrual",NA,"OK",NA
"factor_midas","Germany","Revenues","2015-04-01",7081.66772946975,4,NA,NA,NA,NA,NA,NA,2015-04-01,1685,"Total revenues accrual",NA,"OK",NA
"factor_midas","Germany","Revenues","2015-04-03",7525.56659908666,4,NA,NA,NA,NA,NA,NA,2015-04-01,1685,"Total revenues accrual",NA,"OK",NA
"factor_midas","Germany","Revenues","2015-04-05",7550.53718322883,4,NA,NA,NA,NA,NA,NA,2015-04-01,1685,"Total revenues accrual",NA,"OK",NA
"factor_midas","Germany","Revenues","2015-04-15",4502.41761047408,4,NA,NA,NA,NA,NA,NA,2015-04-01,1685,"Total revenues accrual",NA,"OK",NA
"factor_midas","Germany","Revenues","2015-04-27",4521.62964280724,4,NA,NA,NA,NA,NA,NA,2015-04-01,1685,"Total revenues accrual",NA,"OK",NA
"factor_midas","Germany","Revenues","2015-04-30",4569.71716875201,4,NA,NA,NA,NA,NA,NA,2015-04-01,1685,"Total revenues accrual",NA,"OK",NA
"factor_midas","Germany","Revenues","2015-05-01",3260.09429999472,1,NA,NA,NA,NA,NA,NA,2015-05-01,1685,"Total revenues accrual",NA,"OK",NA
"factor_midas","Germany","Revenues","2015-05-05",7334.65961441872,4,NA,NA,NA,NA,NA,NA,2015-05-01,1685,"Total revenues accrual",NA,"OK",NA
"factor_midas","Germany","Revenues","2015-05-15",10923.5379789592,4,NA,NA,NA,NA,NA,NA,2015-05-01,1685,"Total revenues accrual",NA,"OK",NA
"factor_midas","Germany","Revenues","2015-05-27",7723.55508273739,4,NA,NA,NA,NA,NA,NA,2015-05-01,1685,"Total revenues accrual",NA,"OK",NA
"factor_midas","Germany","Revenues","2015-05-28",7688.22339154242,4,NA,NA,NA,NA,NA,NA,2015-05-01,1685,"Total revenues accrual",NA,"OK",NA
"factor_midas","Germany","Revenues","2015-06-01",8534.1713726439,4,NA,NA,NA,NA,NA,NA,2015-06-01,1685,"Total revenues accrual",NA,"OK",NA
"factor_midas","Germany","Revenues","2015-06-05",9658.24282007744,4,NA,NA,NA,NA,NA,NA,2015-06-01,1685,"Total revenues accrual",NA,"OK",NA
"factor_midas","Germany","Revenues","2015-06-15",585.098767025539,4,NA,NA,NA,NA,NA,NA,2015-06-01,2581,"Total revenues accrual",NA,"OK",NA
"factor_midas","Germany","Revenues","2015-06-25",550.670667871079,4,NA,NA,NA,NA,NA,NA,2015-06-01,2581,"Total revenues accrual",NA,"OK",NA
"factor_midas","Germany","Revenues","2015-06-27",195.53997801009,4,NA,NA,NA,NA,NA,NA,2015-06-01,2581,"Total revenues accrual",NA,"OK",NA
"factor_midas","Germany","Revenues","2015-07-01",1382.88711557208,4,NA,NA,NA,NA,NA,NA,2015-07-01,2581,"Total revenues accrual",NA,"OK",NA
"factor_midas","Germany","Revenues","2015-07-03",1849.15506587146,4,NA,NA,NA,NA,NA,NA,2015-07-01,2581,"Total revenues accrual",NA,"OK",NA
"factor_midas","Germany","Revenues","2015-07-05",2100.90089583075,4,NA,NA,NA,NA,NA,NA,2015-07-01,2581,"Total revenues accrual",NA,"OK",NA
"factor_midas","Germany","Revenues","2015-07-15",2910.32424578584,4,NA,NA,NA,NA,NA,NA,2015-07-01,2581,"Total revenues accrual",NA,"OK",NA
"factor_midas","Germany","Revenues","2015-07-27",3481.90085876811,4,NA,NA,NA,NA,NA,NA,2015-07-01,2581,"Total revenues accrual",NA,"OK",NA
"factor_midas","Germany","Revenues","2015-07-30",3483.74315533694,4,NA,NA,NA,NA,NA,NA,2015-07-01,2581,"Total revenues accrual",NA,"OK",NA
"factor_midas","Germany","Revenues","2015-08-01",2394.39776935625,4,NA,NA,NA,NA,NA,NA,2015-08-01,2581,"Total revenues accrual",NA,"OK",NA
"factor_midas","Germany","Revenues","2015-08-05",1208.70684214264,4,NA,NA,NA,NA,NA,NA,2015-08-01,2581,"Total revenues accrual",NA,"OK",NA
"factor_midas","Germany","Revenues","2015-08-06",1362.78038180909,4,NA,NA,NA,NA,NA,NA,2015-08-01,2581,"Total revenues accrual",NA,"OK",NA
"factor_midas","Germany","Revenues","2015-08-15",301.086711593347,4,NA,NA,NA,NA,NA,NA,2015-08-01,2581,"Total revenues accrual",NA,"OK",NA
"factor_midas","Germany","Revenues","2015-08-27",320.369964730683,4,NA,NA,NA,NA,NA,NA,2015-08-01,2581,"Total revenues accrual",NA,"OK",NA
"factor_midas","Germany","Revenues","2015-09-01",1407.29652257374,4,NA,NA,NA,NA,NA,NA,2015-09-01,2581,"Total revenues accrual",NA,"OK",NA
"factor_midas","Germany","Revenues","2015-09-02",1427.9323238455,4,NA,NA,NA,NA,NA,NA,2015-09-01,2581,"Total revenues accrual",NA,"OK",NA
"factor_midas","Germany","Revenues","2015-09-05",913.909316882925,4,NA,NA,NA,NA,NA,NA,2015-09-01,2581,"Total revenues accrual",NA,"OK",NA
"factor_midas","Germany","Revenues","2015-09-15",3037.39237202926,4,NA,NA,NA,NA,NA,NA,2015-09-01,4977,"Total revenues accrual",NA,"OK",NA
"factor_midas","Germany","Revenues","2015-09-24",3085.66600289797,4,NA,NA,NA,NA,NA,NA,2015-09-01,4977,"Total revenues accrual",NA,"OK",NA
"factor_midas","Germany","Revenues","2015-09-27",3025.24319472296,4,NA,NA,NA,NA,NA,NA,2015-09-01,4977,"Total revenues accrual",NA,"OK",NA
"factor_midas","Germany","Revenues","2015-10-01",3556.33758712654,4,NA,NA,NA,NA,NA,NA,2015-10-01,4977,"Total revenues accrual",NA,"OK",NA
"factor_midas","Germany","Revenues","2015-10-04",3463.90883163061,4,NA,NA,NA,NA,NA,NA,2015-10-01,4977,"Total revenues accrual",NA,"OK",NA
"factor_midas","Germany","Revenues","2015-10-05",2427.58826792804,4,NA,NA,NA,NA,NA,NA,2015-10-01,4977,"Total revenues accrual",NA,"OK",NA
"factor_midas","Germany","Revenues","2015-10-15",2110.1418038006,4,NA,NA,NA,NA,NA,NA,2015-10-01,4977,"Total revenues accrual",NA,"OK",NA
"factor_midas","Germany","Revenues","2015-10-27",2432.32822060896,4,NA,NA,NA,NA,NA,NA,2015-10-01,4977,"Total revenues accrual",NA,"OK",NA
"factor_midas","Germany","Revenues","2015-10-29",2302.048748247,4,NA,NA,NA,NA,NA,NA,2015-10-01,4977,"Total revenues accrual",NA,"OK",NA
"factor_midas","Germany","Revenues","2015-11-01",5617.42897447896,4,NA,NA,NA,NA,NA,NA,2015-11-01,4977,"Total revenues accrual",NA,"OK",NA
"factor_midas","Germany","Revenues","2015-11-05",5357.49459114832,4,NA,NA,NA,NA,NA,NA,2015-11-01,4977,"Total revenues accrual",NA,"OK",NA
"factor_midas","Germany","Revenues","2015-11-07",5372.19911124907,4,NA,NA,NA,NA,NA,NA,2015-11-01,4977,"Total revenues accrual",NA,"OK",NA
"factor_midas","Germany","Revenues","2015-11-15",1383.58055529227,4,NA,NA,NA,NA,NA,NA,2015-11-01,4977,"Total revenues accrual",NA,"OK",NA
"factor_midas","Germany","Revenues","2015-11-26",2262.23493279866,4,NA,NA,NA,NA,NA,NA,2015-11-01,4977,"Total revenues accrual",NA,"OK",NA
"factor_midas","Germany","Revenues","2015-11-27",2163.88248702032,4,NA,NA,NA,NA,NA,NA,2015-11-01,4977,"Total revenues accrual",NA,"OK",NA
"factor_midas","Germany","Revenues","2015-12-01",2560.9607711071,4,NA,NA,NA,NA,NA,NA,2015-12-01,4977,"Total revenues accrual",NA,"OK",NA
"factor_midas","Germany","Revenues","2015-12-02",3406.49971024432,4,NA,NA,NA,NA,NA,NA,2015-12-01,4977,"Total revenues accrual",NA,"OK",NA
"factor_midas","Germany","Revenues","2015-12-05",4341.94193874818,4,NA,NA,NA,NA,NA,NA,2015-12-01,4977,"Total revenues accrual",NA,"OK",NA
"factor_midas","Germany","Revenues","2015-12-15",696.4919035292,4,NA,NA,NA,NA,NA,NA,2015-12-01,907,"Total revenues accrual",NA,"OK",NA
"factor_midas","Germany","Revenues","2015-12-27",1452.87825730743,4,NA,NA,NA,NA,NA,NA,2015-12-01,907,"Total revenues accrual",NA,"OK",NA
"factor_midas","Germany","Revenues","2015-12-31",1440.71644142836,4,NA,NA,NA,NA,NA,NA,2015-12-01,907,"Total revenues accrual",NA,"OK",NA
"factor_midas","Germany","Revenues","2016-01-01",1409.64944986624,4,NA,NA,NA,NA,NA,NA,2016-01-01,907,"Total revenues accrual",NA,"OK",NA
"factor_midas","Germany","Revenues","2016-01-05",679.002002379313,4,NA,NA,NA,NA,NA,NA,2016-01-01,907,"Total revenues accrual",NA,"OK",NA
"factor_midas","Germany","Revenues","2016-01-15",2970.34889753242,4,NA,NA,NA,NA,NA,NA,2016-01-01,907,"Total revenues accrual",NA,"OK",NA
"factor_midas","Germany","Revenues","2016-01-27",3022.54033916148,4,NA,NA,NA,NA,NA,NA,2016-01-01,907,"Total revenues accrual",NA,"OK",NA
"factor_midas","Germany","Revenues","2016-01-28",2992.75853920164,4,NA,NA,NA,NA,NA,NA,2016-01-01,907,"Total revenues accrual",NA,"OK",NA
"factor_midas","Germany","Revenues","2016-02-01",582.393053525147,4,NA,NA,NA,NA,NA,NA,2016-02-01,907,"Total revenues accrual",NA,"OK",NA
"factor_midas","Germany","Revenues","2016-02-05",3022.43358042513,4,NA,NA,NA,NA,NA,NA,2016-02-01,907,"Total revenues accrual",NA,"OK",NA
"factor_midas","Germany","Revenues","2016-02-15",2252.10827696347,4,NA,NA,NA,NA,NA,NA,2016-02-01,907,"Total revenues accrual",NA,"OK",NA
"factor_midas","Germany","Revenues","2016-02-25",1598.55931109059,4,NA,NA,NA,NA,NA,NA,2016-02-01,907,"Total revenues accrual",NA,"OK",NA
"factor_midas","Germany","Revenues","2016-02-27",1678.6700987007,4,NA,NA,NA,NA,NA,NA,2016-02-01,907,"Total revenues accrual",NA,"OK",NA
"factor_midas","Germany","Revenues","2016-03-01",1370.04054742582,4,NA,NA,NA,NA,NA,NA,2016-03-01,907,"Total revenues accrual",NA,"OK",NA
"factor_midas","Germany","Revenues","2016-03-02",1037.10888692098,4,NA,NA,NA,NA,NA,NA,2016-03-01,907,"Total revenues accrual",NA,"OK",NA
"factor_midas","Germany","Revenues","2016-03-05",594.869558021828,4,NA,NA,NA,NA,NA,NA,2016-03-01,907,"Total revenues accrual",NA,"OK",NA
"factor_midas","Germany","Revenues","2016-03-15",2599.92824560181,4,NA,NA,NA,NA,NA,NA,2016-03-01,6790,"Total revenues accrual",NA,"OK",NA
"factor_midas","Germany","Revenues","2016-03-27",1875.76995961718,4,NA,NA,NA,NA,NA,NA,2016-03-01,6790,"Total revenues accrual",NA,"OK",NA
"factor_midas","Germany","Revenues","2016-03-31",1876.45104818774,4,NA,NA,NA,NA,NA,NA,2016-03-01,6790,"Total revenues accrual",NA,"OK",NA
"factor_midas","Germany","Revenues","2016-04-01",1903.85381195504,4,NA,NA,NA,NA,NA,NA,2016-04-01,6790,"Total revenues accrual",NA,"OK",NA
"factor_midas","Germany","Revenues","2016-04-05",1913.6742114719,4,NA,NA,NA,NA,NA,NA,2016-04-01,6790,"Total revenues accrual",NA,"OK",NA
"factor_midas","Germany","Revenues","2016-04-15",3859.67338754055,4,NA,NA,NA,NA,NA,NA,2016-04-01,6790,"Total revenues accrual",NA,"OK",NA
"factor_midas","Germany","Revenues","2016-04-27",3719.93813967025,4,NA,NA,NA,NA,NA,NA,2016-04-01,6790,"Total revenues accrual",NA,"OK",NA
"factor_midas","Germany","Revenues","2016-04-28",3755.27969236153,4,NA,NA,NA,NA,NA,NA,2016-04-01,6790,"Total revenues accrual",NA,"OK",NA
"factor_midas","Germany","Revenues","2016-05-01",5187.74945763686,4,NA,NA,NA,NA,NA,NA,2016-05-01,6790,"Total revenues accrual",NA,"OK",NA
"factor_midas","Germany","Revenues","2016-05-05",4002.66485591254,4,NA,NA,NA,NA,NA,NA,2016-05-01,6790,"Total revenues accrual",NA,"OK",NA
"factor_midas","Germany","Revenues","2016-05-07",3955.81704650261,4,NA,NA,NA,NA,NA,NA,2016-05-01,6790,"Total revenues accrual",NA,"OK",NA
"factor_midas","Germany","Revenues","2016-05-15",4010.93785503282,4,NA,NA,NA,NA,NA,NA,2016-05-01,6790,"Total revenues accrual",NA,"OK",NA
"factor_midas","Germany","Revenues","2016-05-26",3988.78313441453,4,NA,NA,NA,NA,NA,NA,2016-05-01,6790,"Total revenues accrual",NA,"OK",NA
"factor_midas","Germany","Revenues","2016-05-27",4456.01332431547,4,NA,NA,NA,NA,NA,NA,2016-05-01,6790,"Total revenues accrual",NA,"OK",NA
"factor_midas","Germany","Revenues","2016-06-01",2713.86836829154,2,NA,NA,NA,NA,NA,NA,2016-06-01,6790,"Total revenues accrual",NA,"OK",NA
"factor_midas","Germany","Revenues","2016-06-03",2655.2438303033,2,NA,NA,NA,NA,NA,NA,2016-06-01,6790,"Total revenues accrual",NA,"OK",NA
"factor_midas","Germany","Revenues","2016-06-05",2841.58729957676,2,NA,NA,NA,NA,NA,NA,2016-06-01,6790,"Total revenues accrual",NA,"OK",NA
"factor_midas","Germany","Revenues","2016-06-15",3834.48354095601,2,NA,NA,NA,NA,NA,NA,2016-06-01,2903,"Total revenues accrual",NA,"OK",NA
"factor_midas","Germany","Revenues","2016-06-27",3850.55674598924,2,NA,NA,NA,NA,NA,NA,2016-06-01,2903,"Total revenues accrual",NA,"OK",NA
"factor_midas","Germany","Revenues","2016-06-30",3915.99484734976,2,NA,NA,NA,NA,NA,NA,2016-06-01,2903,"Total revenues accrual",NA,"OK",NA
"factor_midas","Germany","Revenues","2016-07-01",4060.44588168141,2,NA,NA,NA,NA,NA,NA,2016-07-01,2903,"Total revenues accrual",NA,"OK",NA
"factor_midas","Germany","Revenues","2016-07-05",4105.5658210592,2,NA,NA,NA,NA,NA,NA,2016-07-01,2903,"Total revenues accrual",NA,"OK",NA
"factor_midas","Germany","Revenues","2016-07-15",3781.80313747446,2,NA,NA,NA,NA,NA,NA,2016-07-01,2903,"Total revenues accrual",NA,"OK",NA
"factor_midas","Germany","Revenues","2016-07-27",990.391605082648,4,NA,NA,NA,NA,NA,NA,2016-07-01,2903,"Total revenues accrual",NA,"OK",NA
"factor_midas","Germany","Revenues","2016-07-28",989.907266031859,4,NA,NA,NA,NA,NA,NA,2016-07-01,2903,"Total revenues accrual",NA,"OK",NA
"factor_midas","Germany","Revenues","2016-08-01",627.286835885125,4,NA,NA,NA,NA,NA,NA,2016-08-01,2903,"Total revenues accrual",NA,"OK",NA
"factor_midas","Germany","Revenues","2016-08-05",374.724619967608,4,NA,NA,NA,NA,NA,NA,2016-08-01,2903,"Total revenues accrual",NA,"OK",NA
"factor_midas","Germany","Revenues","2016-08-15",-472.060191215353,4,NA,NA,NA,NA,NA,NA,2016-08-01,2903,"Total revenues accrual",NA,"OK",NA
"factor_midas","Germany","Revenues","2016-08-25",-796.101360555723,4,NA,NA,NA,NA,NA,NA,2016-08-01,2903,"Total revenues accrual",NA,"OK",NA
"factor_midas","Germany","Revenues","2016-08-27",-114.798633471239,4,NA,NA,NA,NA,NA,NA,2016-08-01,2903,"Total revenues accrual",NA,"OK",NA
"factor_midas","Germany","Revenues","2016-09-01",-76.6413619385057,4,NA,NA,NA,NA,NA,NA,2016-09-01,2903,"Total revenues accrual",NA,"OK",NA
"factor_midas","Germany","Revenues","2016-09-04",-625.046163245126,4,NA,NA,NA,NA,NA,NA,2016-09-01,2903,"Total revenues accrual",NA,"OK",NA
"factor_midas","Germany","Revenues","2016-09-05",-572.452510605961,4,NA,NA,NA,NA,NA,NA,2016-09-01,2903,"Total revenues accrual",NA,"OK",NA
"factor_midas","Germany","Revenues","2016-09-15",3902.18841286364,4,NA,NA,NA,NA,NA,NA,2016-09-01,3547,"Total revenues accrual",NA,"OK",NA
"factor_midas","Germany","Revenues","2016-09-27",3445.86026668162,4,NA,NA,NA,NA,NA,NA,2016-09-01,3547,"Total revenues accrual",NA,"OK",NA
"factor_midas","Germany","Revenues","2016-09-29",3482.89850291383,4,NA,NA,NA,NA,NA,NA,2016-09-01,3547,"Total revenues accrual",NA,"OK",NA
"factor_midas","Germany","Revenues","2016-10-01",3656.64256658461,4,NA,NA,NA,NA,NA,NA,2016-10-01,3547,"Total revenues accrual",NA,"OK",NA
"factor_midas","Germany","Revenues","2016-10-05",3743.63333167591,4,NA,NA,NA,NA,NA,NA,2016-10-01,3547,"Total revenues accrual",NA,"OK",NA
"factor_midas","Germany","Revenues","2016-10-06",4040.00535283839,4,NA,NA,NA,NA,NA,NA,2016-10-01,3547,"Total revenues accrual",NA,"OK",NA
"factor_midas","Germany","Revenues","2016-10-15",5459.89423702985,4,NA,NA,NA,NA,NA,NA,2016-10-01,3547,"Total revenues accrual",NA,"OK",NA
"factor_midas","Germany","Revenues","2016-10-27",5401.16265671777,4,NA,NA,NA,NA,NA,NA,2016-10-01,3547,"Total revenues accrual",NA,"OK",NA
"factor_midas","Germany","Revenues","2016-11-01",5480.14380698248,4,NA,NA,NA,NA,NA,NA,2016-11-01,3547,"Total revenues accrual",NA,"OK",NA
"factor_midas","Germany","Revenues","2016-11-02",5947.00236636048,4,NA,NA,NA,NA,NA,NA,2016-11-01,3547,"Total revenues accrual",NA,"OK",NA
"factor_midas","Germany","Revenues","2016-11-05",5926.77751035376,4,NA,NA,NA,NA,NA,NA,2016-11-01,3547,"Total revenues accrual",NA,"OK",NA
"factor_midas","Germany","Revenues","2016-11-15",5874.53145567232,4,NA,NA,NA,NA,NA,NA,2016-11-01,3547,"Total revenues accrual",NA,"OK",NA
"factor_midas","Germany","Revenues","2016-11-24",5909.53620275407,4,NA,NA,NA,NA,NA,NA,2016-11-01,3547,"Total revenues accrual",NA,"OK",NA
"factor_midas","Germany","Revenues","2016-11-27",4843.94926957068,4,NA,NA,NA,NA,NA,NA,2016-11-01,3547,"Total revenues accrual",NA,"OK",NA
"factor_midas","Germany","Revenues","2016-12-01",5360.56356862602,4,NA,NA,NA,NA,NA,NA,2016-12-01,3547,"Total revenues accrual",NA,"OK",NA
"factor_midas","Germany","Revenues","2016-12-04",5809.91362386279,4,NA,NA,NA,NA,NA,NA,2016-12-01,3547,"Total revenues accrual",NA,"OK",NA
"factor_midas","Germany","Revenues","2016-12-05",6178.40993453194,2,NA,NA,NA,NA,NA,NA,2016-12-01,3547,"Total revenues accrual",NA,"OK",NA
"factor_midas","Germany","Revenues","2016-12-15",5628.46380159933,4,NA,NA,NA,NA,NA,NA,2016-12-01,5741,"Total revenues accrual",NA,"OK",NA
"factor_midas","Germany","Revenues","2016-12-27",5575.29086873374,4,NA,NA,NA,NA,NA,NA,2016-12-01,5741,"Total revenues accrual",NA,"OK",NA
"factor_midas","Germany","Revenues","2016-12-29",5679.89419044111,4,NA,NA,NA,NA,NA,NA,2016-12-01,5741,"Total revenues accrual",NA,"OK",NA
"factor_midas","Germany","Revenues","2017-01-01",5799.39266968149,4,NA,NA,NA,NA,NA,NA,2017-01-01,5741,"Total revenues accrual",NA,"OK",NA
"factor_midas","Germany","Revenues","2017-01-05",5801.30790929425,4,NA,NA,NA,NA,NA,NA,2017-01-01,5741,"Total revenues accrual",NA,"OK",NA
"factor_midas","Germany","Revenues","2017-01-07",5587.91514563204,4,NA,NA,NA,NA,NA,NA,2017-01-01,5741,"Total revenues accrual",NA,"OK",NA
"factor_midas","Germany","Revenues","2017-01-15",4237.89121751971,2,NA,NA,NA,NA,NA,NA,2017-01-01,5741,"Total revenues accrual",NA,"OK",NA
"factor_midas","Germany","Revenues","2017-01-26",4226.59897014857,2,NA,NA,NA,NA,NA,NA,2017-01-01,5741,"Total revenues accrual",NA,"OK",NA
"factor_midas","Germany","Revenues","2017-01-27",4441.88997168841,2,NA,NA,NA,NA,NA,NA,2017-01-01,5741,"Total revenues accrual",NA,"OK",NA
"factor_midas","Germany","Revenues","2017-02-01",4921.04272466818,2,NA,NA,NA,NA,NA,NA,2017-02-01,5741,"Total revenues accrual",NA,"OK",NA
"factor_midas","Germany","Revenues","2017-02-03",4867.92449629453,2,NA,NA,NA,NA,NA,NA,2017-02-01,5741,"Total revenues accrual",NA,"OK",NA
"factor_midas","Germany","Revenues","2017-02-05",4495.67422382913,2,NA,NA,NA,NA,NA,NA,2017-02-01,5741,"Total revenues accrual",NA,"OK",NA
"factor_midas","Germany","Revenues","2017-02-15",4097.78199763026,2,NA,NA,NA,NA,NA,NA,2017-02-01,5741,"Total revenues accrual",NA,"OK",NA
"factor_midas","Germany","Revenues","2017-02-23",4213.46468647725,2,NA,NA,NA,NA,NA,NA,2017-02-01,5741,"Total revenues accrual",NA,"OK",NA
"factor_midas","Germany","Revenues","2017-02-27",3617.03464012715,2,NA,NA,NA,NA,NA,NA,2017-02-01,5741,"Total revenues accrual",NA,"OK",NA
"factor_midas","Germany","Revenues","2017-03-01",3334.16368213604,2,NA,NA,NA,NA,NA,NA,2017-03-01,5741,"Total revenues accrual",NA,"OK",NA
"factor_midas","Germany","Revenues","2017-03-03",4274.7093309391,2,NA,NA,NA,NA,NA,NA,2017-03-01,5741,"Total revenues accrual",NA,"OK",NA
"factor_midas","Germany","Revenues","2017-03-05",3018.37112835235,2,NA,NA,NA,NA,NA,NA,2017-03-01,5741,"Total revenues accrual",NA,"OK",NA
"factor_midas","Germany","Revenues","2017-03-15",4751.39984416437,2,NA,NA,NA,NA,NA,NA,2017-03-01,6032,"Total revenues accrual",NA,"OK",NA
"factor_midas","Germany","Revenues","2017-03-27",4830.95577514328,2,NA,NA,NA,NA,NA,NA,2017-03-01,6032,"Total revenues accrual",NA,"OK",NA
"factor_midas","Germany","Revenues","2017-03-30",4931.50487544035,2,NA,NA,NA,NA,NA,NA,2017-03-01,6032,"Total revenues accrual",NA,"OK",NA
"factor_midas","Germany","Revenues","2017-04-01",5147.03853510057,2,NA,NA,NA,NA,NA,NA,2017-04-01,6032,"Total revenues accrual",NA,"OK",NA
"factor_midas","Germany","Revenues","2017-04-05",4903.18907593635,2,NA,NA,NA,NA,NA,NA,2017-04-01,6032,"Total revenues accrual",NA,"OK",NA
"factor_midas","Germany","Revenues","2017-04-06",4676.69148260804,2,NA,NA,NA,NA,NA,NA,2017-04-01,6032,"Total revenues accrual",NA,"OK",NA
"factor_midas","Germany","Revenues","2017-04-15",4450.55948031907,2,NA,NA,NA,NA,NA,NA,2017-04-01,6032,"Total revenues accrual",NA,"OK",NA
"factor_midas","Germany","Revenues","2017-04-27",4551.65754241277,2,NA,NA,NA,NA,NA,NA,2017-04-01,6032,"Total revenues accrual",NA,"OK",NA
"factor_midas","Germany","Revenues","2017-05-01",4636.90405378177,2,NA,NA,NA,NA,NA,NA,2017-05-01,6032,"Total revenues accrual",NA,"OK",NA
"factor_midas","Germany","Revenues","2017-05-05",4619.75131268467,2,NA,NA,NA,NA,NA,NA,2017-05-01,6032,"Total revenues accrual",NA,"OK",NA
"factor_midas","Germany","Revenues","2017-05-15",4646.45526555588,2,NA,NA,NA,NA,NA,NA,2017-05-01,6032,"Total revenues accrual",NA,"OK",NA
"factor_midas","Germany","Revenues","2017-05-25",4656.75965985383,2,NA,NA,NA,NA,NA,NA,2017-05-01,6032,"Total revenues accrual",NA,"OK",NA
"factor_midas","Germany","Revenues","2017-05-27",4369.86547410063,2,NA,NA,NA,NA,NA,NA,2017-05-01,6032,"Total revenues accrual",NA,"OK",NA
"factor_midas","Germany","Revenues","2017-06-01",4400.26725679847,2,NA,NA,NA,NA,NA,NA,2017-06-01,6032,"Total revenues accrual",NA,"OK",NA
"factor_midas","Germany","Revenues","2017-06-04",4432.15188894343,2,NA,NA,NA,NA,NA,NA,2017-06-01,6032,"Total revenues accrual",NA,"OK",NA
"factor_midas","Germany","Revenues","2017-06-05",5685.26524771374,2,NA,NA,NA,NA,NA,NA,2017-06-01,6032,"Total revenues accrual",NA,"OK",NA
"factor_midas","Germany","Revenues","2017-06-15",5966.09819485258,2,NA,NA,NA,NA,NA,NA,2017-06-01,309,"Total revenues accrual",NA,"OK",NA
"factor_midas","Germany","Revenues","2017-06-27",5920.05357846246,2,NA,NA,NA,NA,NA,NA,2017-06-01,309,"Total revenues accrual",NA,"OK",NA
"factor_midas","Germany","Revenues","2017-06-29",5970.10769291547,2,NA,NA,NA,NA,NA,NA,2017-06-01,309,"Total revenues accrual",NA,"OK",NA
"factor_midas","Germany","Revenues","2017-07-01",6193.1625370073,2,NA,NA,NA,NA,NA,NA,2017-07-01,309,"Total revenues accrual",NA,"OK",NA
"factor_midas","Germany","Revenues","2017-07-05",6197.7903671002,2,NA,NA,NA,NA,NA,NA,2017-07-01,309,"Total revenues accrual",NA,"OK",NA
"factor_midas","Germany","Revenues","2017-07-06",6172.64334497977,2,NA,NA,NA,NA,NA,NA,2017-07-01,309,"Total revenues accrual",NA,"OK",NA
"factor_midas","Germany","Revenues","2017-07-15",6080.96901594897,2,NA,NA,NA,NA,NA,NA,2017-07-01,309,"Total revenues accrual",NA,"OK",NA
"factor_midas","Germany","Revenues","2017-07-27",5778.24566879715,2,NA,NA,NA,NA,NA,NA,2017-07-01,309,"Total revenues accrual",NA,"OK",NA
"factor_midas","Germany","Revenues","2017-08-01",5699.40166296708,2,NA,NA,NA,NA,NA,NA,2017-08-01,309,"Total revenues accrual",NA,"OK",NA
"factor_midas","Germany","Revenues","2017-08-02",6009.49652686058,2,NA,NA,NA,NA,NA,NA,2017-08-01,309,"Total revenues accrual",NA,"OK",NA
"factor_midas","Germany","Revenues","2017-08-05",6130.27769186034,2,NA,NA,NA,NA,NA,NA,2017-08-01,309,"Total revenues accrual",NA,"OK",NA
"factor_midas","Germany","Revenues","2017-08-15",6989.95668025881,2,NA,NA,NA,NA,NA,NA,2017-08-01,309,"Total revenues accrual",NA,"OK",NA
"factor_midas","Germany","Revenues","2017-08-27",6602.58733352101,2,NA,NA,NA,NA,NA,NA,2017-08-01,309,"Total revenues accrual",NA,"OK",NA
"factor_midas","Germany","Revenues","2017-08-31",6744.09376392289,2,NA,NA,NA,NA,NA,NA,2017-08-01,309,"Total revenues accrual",NA,"OK",NA
"factor_midas","Germany","Revenues","2017-09-01",6442.9126174426,2,NA,NA,NA,NA,NA,NA,2017-09-01,309,"Total revenues accrual",NA,"OK",NA
"factor_midas","Germany","Revenues","2017-09-05",5938.3189084214,2,NA,NA,NA,NA,NA,NA,2017-09-01,309,"Total revenues accrual",NA,"OK",NA
"factor_midas","Germany","Revenues","2017-09-15",3688.83554139546,2,NA,NA,NA,NA,NA,NA,2017-09-01,4043,"Total revenues accrual",NA,"OK",NA
"factor_midas","Germany","Revenues","2017-09-27",3585.29062872438,2,NA,NA,NA,NA,NA,NA,2017-09-01,4043,"Total revenues accrual",NA,"OK",NA
"factor_midas","Germany","Revenues","2017-09-28",3586.59958382003,2,NA,NA,NA,NA,NA,NA,2017-09-01,4043,"Total revenues accrual",NA,"OK",NA
"factor_midas","Germany","Revenues","2017-10-01",3625.57766295997,2,NA,NA,NA,NA,NA,NA,2017-10-01,4043,"Total revenues accrual",NA,"OK",NA
"factor_midas","Germany","Revenues","2017-10-05",3645.17760443509,2,NA,NA,NA,NA,NA,NA,2017-10-01,4043,"Total revenues accrual",NA,"OK",NA
"factor_midas","Germany","Revenues","2017-10-07",3563.6074255387,2,NA,NA,NA,NA,NA,NA,2017-10-01,4043,"Total revenues accrual",NA,"OK",NA
"factor_midas","Germany","Revenues","2017-10-15",3588.33321166312,2,NA,NA,NA,NA,NA,NA,2017-10-01,4043,"Total revenues accrual",NA,"OK",NA
"factor_midas","Germany","Revenues","2017-10-26",3621.87020750952,2,NA,NA,NA,NA,NA,NA,2017-10-01,4043,"Total revenues accrual",NA,"OK",NA
"factor_midas","Germany","Revenues","2017-10-27",3528.38627575081,2,NA,NA,NA,NA,NA,NA,2017-10-01,4043,"Total revenues accrual",NA,"OK",NA
"factor_midas","Germany","Revenues","2017-11-01",3549.40586638811,2,NA,NA,NA,NA,NA,NA,2017-11-01,4043,"Total revenues accrual",NA,"OK",NA
"factor_midas","Germany","Revenues","2017-11-03",1801.70314881502,2,NA,NA,NA,NA,NA,NA,2017-11-01,4043,"Total revenues accrual",NA,"OK",NA
"factor_midas","Germany","Revenues","2017-11-05",1649.13884216703,2,NA,NA,NA,NA,NA,NA,2017-11-01,4043,"Total revenues accrual",NA,"OK",NA
"factor_midas","Germany","Revenues","2017-11-15",1922.5250444075,2,NA,NA,NA,NA,NA,NA,2017-11-01,4043,"Total revenues accrual",NA,"OK",NA
"factor_midas","Germany","Revenues","2017-11-27",2120.39485349634,2,NA,NA,NA,NA,NA,NA,2017-11-01,4043,"Total revenues accrual",NA,"OK",NA
"factor_midas","Germany","Revenues","2017-11-30",2068.46627983312,2,NA,NA,NA,NA,NA,NA,2017-11-01,4043,"Total revenues accrual",NA,"OK",NA
"factor_midas","Germany","Revenues","2017-12-01",2235.03325303664,2,NA,NA,NA,NA,NA,NA,2017-12-01,4043,"Total revenues accrual",NA,"OK",NA
"factor_midas","Germany","Revenues","2017-12-05",2298.67536469332,2,NA,NA,NA,NA,NA,NA,2017-12-01,4043,"Total revenues accrual",NA,"OK",NA
"factor_midas","Germany","Revenues","2017-12-15",4221.87398771016,2,NA,NA,NA,NA,NA,NA,2017-12-01,3271,"Total revenues accrual",NA,"OK",NA
"factor_midas","Germany","Revenues","2017-12-27",4152.35280256499,2,NA,NA,NA,NA,NA,NA,2017-12-01,3271,"Total revenues accrual",NA,"OK",NA
"factor_midas","Germany","Revenues","2017-12-28",4130.94782210034,2,NA,NA,NA,NA,NA,NA,2017-12-01,3271,"Total revenues accrual",NA,"OK",NA
"factor_midas","Germany","Revenues","2018-01-01",4208.84806743237,2,NA,NA,NA,NA,NA,NA,2018-01-01,3271,"Total revenues accrual",NA,"OK",NA
"factor_midas","Germany","Revenues","2018-01-05",4252.40471137951,2,NA,NA,NA,NA,NA,NA,2018-01-01,3271,"Total revenues accrual",NA,"OK",NA
"factor_midas","Germany","Revenues","2018-01-15",4383.42265431209,2,NA,NA,NA,NA,NA,NA,2018-01-01,3271,"Total revenues accrual",NA,"OK",NA
"factor_midas","Germany","Revenues","2018-01-25",4399.98826302896,2,NA,NA,NA,NA,NA,NA,2018-01-01,3271,"Total revenues accrual",NA,"OK",NA
"factor_midas","Germany","Revenues","2018-01-27",4455.6004787589,2,NA,NA,NA,NA,NA,NA,2018-01-01,3271,"Total revenues accrual",NA,"OK",NA
"factor_midas","Germany","Revenues","2018-02-01",4597.03963886098,2,NA,NA,NA,NA,NA,NA,2018-02-01,3271,"Total revenues accrual",NA,"OK",NA
"factor_midas","Germany","Revenues","2018-02-04",5501.07164915684,2,NA,NA,NA,NA,NA,NA,2018-02-01,3271,"Total revenues accrual",NA,"OK",NA
"factor_midas","Germany","Revenues","2018-02-05",5132.40099927004,2,NA,NA,NA,NA,NA,NA,2018-02-01,3271,"Total revenues accrual",NA,"OK",NA
"factor_midas","Germany","Revenues","2018-02-15",6466.91091108795,2,NA,NA,NA,NA,NA,NA,2018-02-01,3271,"Total revenues accrual",NA,"OK",NA
"factor_midas","Germany","Revenues","2018-02-22",6440.63704392013,2,NA,NA,NA,NA,NA,NA,2018-02-01,3271,"Total revenues accrual",NA,"OK",NA
"factor_midas","Germany","Revenues","2018-02-27",6209.63548988379,2,NA,NA,NA,NA,NA,NA,2018-02-01,3271,"Total revenues accrual",NA,"OK",NA
"factor_midas","Germany","Revenues","2018-03-01",5806.4108090763,2,NA,NA,NA,NA,NA,NA,2018-03-01,3271,"Total revenues accrual",NA,"OK",NA
"factor_midas","Germany","Revenues","2018-03-04",6051.99536684135,2,NA,NA,NA,NA,NA,NA,2018-03-01,3271,"Total revenues accrual",NA,"OK",NA
"factor_midas","Germany","Revenues","2018-03-05",5783.85997576681,2,NA,NA,NA,NA,NA,NA,2018-03-01,3271,"Total revenues accrual",NA,"OK",NA
"factor_midas","Germany","Revenues","2018-03-15",4229.63421445482,2,NA,NA,NA,NA,NA,NA,2018-03-01,7626,"Total revenues accrual",NA,"OK",NA
"factor_midas","Germany","Revenues","2018-03-27",4315.51176531323,2,NA,NA,NA,NA,NA,NA,2018-03-01,7626,"Total revenues accrual",NA,"OK",NA
"factor_midas","Germany","Revenues","2018-03-29",4289.00820831609,2,NA,NA,NA,NA,NA,NA,2018-03-01,7626,"Total revenues accrual",NA,"OK",NA
"factor_midas","Germany","Revenues","2018-04-01",4563.01231314627,2,NA,NA,NA,NA,NA,NA,2018-04-01,7626,"Total revenues accrual",NA,"OK",NA
"factor_midas","Germany","Revenues","2018-04-05",4372.69375991424,2,NA,NA,NA,NA,NA,NA,2018-04-01,7626,"Total revenues accrual",NA,"OK",NA
"factor_midas","Germany","Revenues","2018-04-07",4345.23891413207,2,NA,NA,NA,NA,NA,NA,2018-04-01,7626,"Total revenues accrual",NA,"OK",NA
"factor_midas","Germany","Revenues","2018-04-15",4273.06122003623,2,NA,NA,NA,NA,NA,NA,2018-04-01,7626,"Total revenues accrual",NA,"OK",NA
"factor_midas","Germany","Revenues","2018-04-26",4276.26421021043,2,NA,NA,NA,NA,NA,NA,2018-04-01,7626,"Total revenues accrual",NA,"OK",NA
"factor_midas","Germany","Revenues","2018-04-27",4265.45000087659,2,NA,NA,NA,NA,NA,NA,2018-04-01,7626,"Total revenues accrual",NA,"OK",NA
"factor_midas","Germany","Revenues","2018-05-01",4624.4241230224,2,NA,NA,NA,NA,NA,NA,2018-05-01,7626,"Total revenues accrual",NA,"OK",NA
"factor_midas","Germany","Revenues","2018-05-02",5982.20193983859,2,NA,NA,NA,NA,NA,NA,2018-05-01,7626,"Total revenues accrual",NA,"OK",NA
"factor_midas","Germany","Revenues","2018-05-05",7235.23162319191,2,NA,NA,NA,NA,NA,NA,2018-05-01,7626,"Total revenues accrual",NA,"OK",NA
"factor_midas","Germany","Revenues","2018-05-15",6103.24018183188,2,NA,NA,NA,NA,NA,NA,2018-05-01,7626,"Total revenues accrual",NA,"OK",NA
"factor_midas","Germany","Revenues","2018-05-27",6888.55498311702,2,NA,NA,NA,NA,NA,NA,2018-05-01,7626,"Total revenues accrual",NA,"OK",NA
"factor_midas","Germany","Revenues","2018-05-31",6836.68514014334,2,NA,NA,NA,NA,NA,NA,2018-05-01,7626,"Total revenues accrual",NA,"OK",NA
"factor_midas","Germany","Revenues","2018-06-01",6402.12396414324,2,NA,NA,NA,NA,NA,NA,2018-06-01,7626,"Total revenues accrual",NA,"OK",NA
"factor_midas","Germany","Revenues","2018-06-05",7068.46483579481,2,NA,NA,NA,NA,NA,NA,2018-06-01,7626,"Total revenues accrual",NA,"OK",NA
"factor_midas","Germany","Revenues","2018-06-15",3895.91709982966,2,NA,NA,NA,NA,NA,NA,2018-06-01,7701,"Total revenues accrual",NA,"OK",NA
"factor_midas","Germany","Revenues","2018-06-27",3814.95621470834,2,NA,NA,NA,NA,NA,NA,2018-06-01,7701,"Total revenues accrual",NA,"OK",NA
"factor_midas","Germany","Revenues","2018-06-28",3809.75502927787,2,NA,NA,NA,NA,NA,NA,2018-06-01,7701,"Total revenues accrual",NA,"OK",NA
"factor_midas","Germany","Revenues","2018-07-01",4089.3597505724,2,NA,NA,NA,NA,NA,NA,2018-07-01,7701,"Total revenues accrual",NA,"OK",NA
"factor_midas","Germany","Revenues","2018-07-05",4141.86001784595,2,NA,NA,NA,NA,NA,NA,2018-07-01,7701,"Total revenues accrual",NA,"OK",NA
"factor_midas","Germany","Revenues","2018-07-07",4125.08888724864,2,NA,NA,NA,NA,NA,NA,2018-07-01,7701,"Total revenues accrual",NA,"OK",NA
"factor_midas","Germany","Revenues","2018-07-15",3974.00553619341,2,NA,NA,NA,NA,NA,NA,2018-07-01,7701,"Total revenues accrual",NA,"OK",NA
"factor_midas","Germany","Revenues","2018-07-26",4012.95020337411,2,NA,NA,NA,NA,NA,NA,2018-07-01,7701,"Total revenues accrual",NA,"OK",NA
"factor_midas","Germany","Revenues","2018-07-27",3997.42435232347,2,NA,NA,NA,NA,NA,NA,2018-07-01,7701,"Total revenues accrual",NA,"OK",NA
"factor_midas","Germany","Revenues","2018-08-01",3952.60688412936,2,NA,NA,NA,NA,NA,NA,2018-08-01,7701,"Total revenues accrual",NA,"OK",NA
"factor_midas","Germany","Revenues","2018-08-03",4040.97699910028,2,NA,NA,NA,NA,NA,NA,2018-08-01,7701,"Total revenues accrual",NA,"OK",NA
"factor_midas","Germany","Revenues","2018-08-05",4073.56243416442,2,NA,NA,NA,NA,NA,NA,2018-08-01,7701,"Total revenues accrual",NA,"OK",NA
"factor_midas","Germany","Revenues","2018-08-15",4569.71623791578,2,NA,NA,NA,NA,NA,NA,2018-08-01,7701,"Total revenues accrual",NA,"OK",NA
"factor_midas","Germany","Revenues","2018-08-27",4604.75661651457,2,NA,NA,NA,NA,NA,NA,2018-08-01,7701,"Total revenues accrual",NA,"OK",NA
"factor_midas","Germany","Revenues","2018-08-30",4582.22055039742,2,NA,NA,NA,NA,NA,NA,2018-08-01,7701,"Total revenues accrual",NA,"OK",NA
"factor_midas","Germany","Revenues","2018-09-01",4846.07870338916,2,NA,NA,NA,NA,NA,NA,2018-09-01,7701,"Total revenues accrual",NA,"OK",NA
"factor_midas","Germany","Revenues","2018-09-05",4508.83318753777,2,NA,NA,NA,NA,NA,NA,2018-09-01,7701,"Total revenues accrual",NA,"OK",NA
"factor_midas","Germany","Revenues","2018-09-06",4490.44057125396,2,NA,NA,NA,NA,NA,NA,2018-09-01,7701,"Total revenues accrual",NA,"OK",NA
"factor_midas","Germany","Revenues","2018-09-15",5457.13874099545,2,NA,NA,NA,NA,NA,NA,2018-09-01,-1328,"Total revenues accrual",NA,"OK",NA
"factor_midas","Germany","Revenues","2018-09-27",5511.62786117326,2,NA,NA,NA,NA,NA,NA,2018-09-01,-1328,"Total revenues accrual",NA,"OK",NA
"factor_midas","Germany","Revenues","2018-10-01",5509.10935995543,2,NA,NA,NA,NA,NA,NA,2018-10-01,-1328,"Total revenues accrual",NA,"OK",NA
"factor_midas","Germany","Revenues","2018-10-05",5538.56520320266,2,NA,NA,NA,NA,NA,NA,2018-10-01,-1328,"Total revenues accrual",NA,"OK",NA
"factor_midas","Germany","Revenues","2018-10-15",5530.67495705435,2,NA,NA,NA,NA,NA,NA,2018-10-01,-1328,"Total revenues accrual",NA,"OK",NA
"factor_midas","Germany","Revenues","2018-10-25",5494.01913076348,2,NA,NA,NA,NA,NA,NA,2018-10-01,-1328,"Total revenues accrual",NA,"OK",NA
"factor_midas","Germany","Revenues","2018-10-27",5510.49226439206,2,NA,NA,NA,NA,NA,NA,2018-10-01,-1328,"Total revenues accrual",NA,"OK",NA
"factor_midas","Germany","Revenues","2018-11-01",5712.69143197451,2,NA,NA,NA,NA,NA,NA,2018-11-01,-1328,"Total revenues accrual",NA,"OK",NA
"factor_midas","Germany","Revenues","2018-11-04",5664.65471880974,2,NA,NA,NA,NA,NA,NA,2018-11-01,-1328,"Total revenues accrual",NA,"OK",NA
"factor_midas","Germany","Revenues","2018-11-05",4877.2887753474,2,NA,NA,NA,NA,NA,NA,2018-11-01,-1328,"Total revenues accrual",NA,"OK",NA
"factor_midas","Germany","Revenues","2018-11-15",5125.45126165554,2,NA,NA,NA,NA,NA,NA,2018-11-01,-1328,"Total revenues accrual",NA,"OK",NA
"factor_midas","Germany","Revenues","2018-11-27",4258.09967173208,2,NA,NA,NA,NA,NA,NA,2018-11-01,-1328,"Total revenues accrual",NA,"OK",NA
"factor_midas","Germany","Revenues","2018-11-29",4249.88240986247,2,NA,NA,NA,NA,NA,NA,2018-11-01,-1328,"Total revenues accrual",NA,"OK",NA
"factor_midas","Germany","Revenues","2018-12-01",4330.83772323974,2,NA,NA,NA,NA,NA,NA,2018-12-01,-1328,"Total revenues accrual",NA,"OK",NA
"factor_midas","Germany","Revenues","2018-12-05",4566.11289521295,2,NA,NA,NA,NA,NA,NA,2018-12-01,-1328,"Total revenues accrual",NA,"OK",NA
"factor_midas","Germany","Revenues","2018-12-06",4551.58046537359,2,NA,NA,NA,NA,NA,NA,2018-12-01,-1328,"Total revenues accrual",NA,"OK",NA
"factor_midas","Germany","Revenues","2018-12-15",4057.07254362405,2,NA,NA,NA,NA,NA,NA,2018-12-01,-288,"Total revenues accrual",NA,"OK",NA
"factor_midas","Germany","Revenues","2018-12-27",3935.5698053626,2,NA,NA,NA,NA,NA,NA,2018-12-01,-288,"Total revenues accrual",NA,"OK",NA
"factor_midas","Germany","Revenues","2019-01-01",3917.25327998816,2,NA,NA,NA,NA,NA,NA,2019-01-01,-288,"Total revenues accrual",NA,"OK",NA
"factor_midas","Germany","Revenues","2019-01-02",3893.76712657087,2,NA,NA,NA,NA,NA,NA,2019-01-01,-288,"Total revenues accrual",NA,"OK",NA
"factor_midas","Germany","Revenues","2019-01-05",3817.99317231062,2,NA,NA,NA,NA,NA,NA,2019-01-01,-288,"Total revenues accrual",NA,"OK",NA
"factor_midas","Germany","Revenues","2019-01-15",3565.76189905474,2,NA,NA,NA,NA,NA,NA,2019-01-01,-288,"Total revenues accrual",NA,"OK",NA
"factor_midas","Germany","Revenues","2019-01-27",3637.41507642913,2,NA,NA,NA,NA,NA,NA,2019-01-01,-288,"Total revenues accrual",NA,"OK",NA
"factor_midas","Germany","Revenues","2019-01-31",3630.1719627537,2,NA,NA,NA,NA,NA,NA,2019-01-01,-288,"Total revenues accrual",NA,"OK",NA
"factor_midas","Germany","Revenues","2019-02-01",3656.39832086366,2,NA,NA,NA,NA,NA,NA,2019-02-01,-288,"Total revenues accrual",NA,"OK",NA
"factor_midas","Germany","Revenues","2019-02-05",5497.54512992499,2,NA,NA,NA,NA,NA,NA,2019-02-01,-288,"Total revenues accrual",NA,"OK",NA
"factor_midas","Germany","Revenues","2019-02-15",4971.38098820992,2,NA,NA,NA,NA,NA,NA,2019-02-01,-288,"Total revenues accrual",NA,"OK",NA
"factor_midas","Germany","Revenues","2019-02-27",5815.10252091271,2,NA,NA,NA,NA,NA,NA,2019-02-01,-288,"Total revenues accrual",NA,"OK",NA
"factor_midas","Germany","Revenues","2019-02-28",5847.7408692941,2,NA,NA,NA,NA,NA,NA,2019-02-01,-288,"Total revenues accrual",NA,"OK",NA
"factor_midas","Germany","Revenues","2019-03-01",5532.64005790301,2,NA,NA,NA,NA,NA,NA,2019-03-01,-288,"Total revenues accrual",NA,"OK",NA
"factor_midas","Germany","Revenues","2019-03-05",5356.47028647993,2,NA,NA,NA,NA,NA,NA,2019-03-01,-288,"Total revenues accrual",NA,"OK",NA
"factor_midas","Germany","Revenues","2019-03-15",3066.78156764353,2,NA,NA,NA,NA,NA,NA,2019-03-01,7745,"Total revenues accrual",NA,"OK",NA
"factor_midas","Germany","Revenues","2019-03-27",3076.76282820503,2,NA,NA,NA,NA,NA,NA,2019-03-01,7745,"Total revenues accrual",NA,"OK",NA
"factor_midas","Germany","Revenues","2019-03-28",3060.23076756311,2,NA,NA,NA,NA,NA,NA,2019-03-01,7745,"Total revenues accrual",NA,"OK",NA
"factor_midas","Germany","Revenues","2019-04-01",3187.05633296271,2,NA,NA,NA,NA,NA,NA,2019-04-01,7745,"Total revenues accrual",NA,"OK",NA
"factor_midas","Germany","Revenues","2019-04-05",3111.42680147695,2,NA,NA,NA,NA,NA,NA,2019-04-01,7745,"Total revenues accrual",NA,"OK",NA
"factor_midas","Germany","Revenues","2019-04-15",3074.24523773017,2,NA,NA,NA,NA,NA,NA,2019-04-01,7745,"Total revenues accrual",NA,"OK",NA
"factor_midas","Germany","Revenues","2019-04-25",3061.0056989958,2,NA,NA,NA,NA,NA,NA,2019-04-01,7745,"Total revenues accrual",NA,"OK",NA
"factor_midas","Germany","Revenues","2019-04-27",3188.7911242253,2,NA,NA,NA,NA,NA,NA,2019-04-01,7745,"Total revenues accrual",NA,"OK",NA
"factor_midas","Germany","Revenues","2019-05-01",2958.2144775711,2,NA,NA,NA,NA,NA,NA,2019-05-01,7745,"Total revenues accrual",NA,"OK",NA
"factor_midas","Germany","Revenues","2019-05-03",4477.5394610703,2,NA,NA,NA,NA,NA,NA,2019-05-01,7745,"Total revenues accrual",NA,"OK",NA
"factor_midas","Germany","Revenues","2019-05-05",5028.90360047552,2,NA,NA,NA,NA,NA,NA,2019-05-01,7745,"Total revenues accrual",NA,"OK",NA
"factor_midas","Germany","Revenues","2019-05-15",4942.58449421641,2,NA,NA,NA,NA,NA,NA,2019-05-01,7745,"Total revenues accrual",NA,"OK",NA
"factor_midas","Germany","Revenues","2019-05-27",4468.7970691752,2,NA,NA,NA,NA,NA,NA,2019-05-01,7745,"Total revenues accrual",NA,"OK",NA
"factor_midas","Germany","Revenues","2019-05-30",4461.30319613368,2,NA,NA,NA,NA,NA,NA,2019-05-01,7745,"Total revenues accrual",NA,"OK",NA
"factor_midas","Germany","Revenues","2019-06-01",5144.48104829618,2,NA,NA,NA,NA,NA,NA,2019-06-01,7745,"Total revenues accrual",NA,"OK",NA
"factor_midas","Germany","Revenues","2019-06-05",5171.66454465999,2,NA,NA,NA,NA,NA,NA,2019-06-01,7745,"Total revenues accrual",NA,"OK",NA
"factor_midas","Germany","Revenues","2019-06-06",6015.71662809441,2,NA,NA,NA,NA,NA,NA,2019-06-01,7745,"Total revenues accrual",NA,"OK",NA
"factor_midas","Germany","Revenues","2019-06-15",2709.99960806216,2,NA,NA,NA,NA,NA,NA,2019-06-01,9333,"Total revenues accrual",NA,"OK",NA
"factor_midas","Germany","Revenues","2019-06-27",2549.74490086264,2,NA,NA,NA,NA,NA,NA,2019-06-01,9333,"Total revenues accrual",NA,"OK",NA
"factor_midas","Germany","Revenues","2019-07-01",2943.60171781969,1,NA,NA,NA,NA,NA,NA,2019-07-01,9333,"Total revenues accrual",NA,"OK",NA
"factor_midas","Germany","Revenues","2019-07-05",2901.69715662309,1,NA,NA,NA,NA,NA,NA,2019-07-01,9333,"Total revenues accrual",NA,"OK",NA
"factor_midas","Germany","Revenues","2019-07-15",3014.63103491951,1,NA,NA,NA,NA,NA,NA,2019-07-01,9333,"Total revenues accrual",NA,"OK",NA
"factor_midas","Germany","Revenues","2019-07-25",2931.65891853637,1,NA,NA,NA,NA,NA,NA,2019-07-01,9333,"Total revenues accrual",NA,"OK",NA
"factor_midas","Germany","Revenues","2019-07-27",2897.96805277588,1,NA,NA,NA,NA,NA,NA,2019-07-01,9333,"Total revenues accrual",NA,"OK",NA
"factor_midas","Germany","Revenues","2019-08-01",3118.19951644666,1,NA,NA,NA,NA,NA,NA,2019-08-01,9333,"Total revenues accrual",NA,"OK",NA
"factor_midas","Germany","Revenues","2019-08-04",3125.66449025692,1,NA,NA,NA,NA,NA,NA,2019-08-01,9333,"Total revenues accrual",NA,"OK",NA
"factor_midas","Germany","Revenues","2019-08-05",3172.56398269893,1,NA,NA,NA,NA,NA,NA,2019-08-01,9333,"Total revenues accrual",NA,"OK",NA
"factor_midas","Germany","Revenues","2019-08-15",3100.59494068,1,NA,NA,NA,NA,NA,NA,2019-08-01,9333,"Total revenues accrual",NA,"OK",NA
"factor_midas","Germany","Revenues","2019-08-27",3142.25066805347,1,NA,NA,NA,NA,NA,NA,2019-08-01,9333,"Total revenues accrual",NA,"OK",NA
"factor_midas","Germany","Revenues","2019-08-29",3134.06097126545,1,NA,NA,NA,NA,NA,NA,2019-08-01,9333,"Total revenues accrual",NA,"OK",NA
"factor_midas","Germany","Revenues","2019-09-01",3134.99415019146,1,NA,NA,NA,NA,NA,NA,2019-09-01,9333,"Total revenues accrual",NA,"OK",NA
"factor_midas","Germany","Revenues","2019-09-05",2614.33280007056,1,NA,NA,NA,NA,NA,NA,2019-09-01,9333,"Total revenues accrual",NA,"OK",NA
"factor_midas","Germany","Revenues","2019-09-07",2797.45965333047,1,NA,NA,NA,NA,NA,NA,2019-09-01,9333,"Total revenues accrual",NA,"OK",NA
"factor_midas","Germany","Revenues","2019-09-15",5049.63940930368,1,NA,NA,NA,NA,NA,NA,2019-09-01,-1352,"Total revenues accrual",NA,"OK",NA
"factor_midas","Germany","Revenues","2019-09-26",5031.83030763512,1,NA,NA,NA,NA,NA,NA,2019-09-01,-1352,"Total revenues accrual",NA,"OK",NA
"factor_midas","Germany","Revenues","2019-09-27",5033.46767048189,1,NA,NA,NA,NA,NA,NA,2019-09-01,-1352,"Total revenues accrual",NA,"OK",NA
"factor_midas","Germany","Revenues","2019-10-01",5039.50708464287,1,NA,NA,NA,NA,NA,NA,2019-10-01,-1352,"Total revenues accrual",NA,"OK",NA
"factor_midas","Germany","Revenues","2019-10-02",4942.37729814286,1,NA,NA,NA,NA,NA,NA,2019-10-01,-1352,"Total revenues accrual",NA,"OK",NA
"factor_midas","Germany","Revenues","2019-10-05",4962.87537365771,1,NA,NA,NA,NA,NA,NA,2019-10-01,-1352,"Total revenues accrual",NA,"OK",NA
"factor_midas","Germany","Revenues","2019-10-15",4824.83669250815,1,NA,NA,NA,NA,NA,NA,2019-10-01,-1352,"Total revenues accrual",NA,"OK",NA
"factor_midas","Germany","Revenues","2019-10-27",4829.04205348449,1,NA,NA,NA,NA,NA,NA,2019-10-01,-1352,"Total revenues accrual",NA,"OK",NA
"factor_midas","Germany","Revenues","2019-10-31",4828.09057008121,1,NA,NA,NA,NA,NA,NA,2019-10-01,-1352,"Total revenues accrual",NA,"OK",NA
"factor_midas","Germany","Revenues","2019-11-01",4731.49798686532,1,NA,NA,NA,NA,NA,NA,2019-11-01,-1352,"Total revenues accrual",NA,"OK",NA
"factor_midas","Germany","Revenues","2019-11-05",4664.04139187667,1,NA,NA,NA,NA,NA,NA,2019-11-01,-1352,"Total revenues accrual",NA,"OK",NA
"factor_midas","Germany","Revenues","2019-11-15",4604.59822231613,1,NA,NA,NA,NA,NA,NA,2019-11-01,-1352,"Total revenues accrual",NA,"OK",NA
"factor_midas","Germany","Revenues","2019-11-27",4649.55104924646,1,NA,NA,NA,NA,NA,NA,2019-11-01,-1352,"Total revenues accrual",NA,"OK",NA
"factor_midas","Germany","Revenues","2019-11-28",4448.42727500443,1,NA,NA,NA,NA,NA,NA,2019-11-01,-1352,"Total revenues accrual",NA,"OK",NA
"factor_midas","Germany","Revenues","2019-12-01",4554.77224346777,1,NA,NA,NA,NA,NA,NA,2019-12-01,-1352,"Total revenues accrual",NA,"OK",NA
"factor_midas","Germany","Revenues","2019-12-05",3327.38931778546,1,NA,NA,NA,NA,NA,NA,2019-12-01,-1352,"Total revenues accrual",NA,"OK",NA
"factor_midas","Germany","Revenues","2019-12-07",3602.76072217628,1,NA,NA,NA,NA,NA,NA,2019-12-01,-1352,"Total revenues accrual",NA,"OK",NA
"factor_midas","Germany","Revenues","2019-12-15",4386.73029266924,1,NA,NA,NA,NA,NA,NA,2019-12-01,-887,"Total revenues accrual",NA,"OK",NA
"factor_midas","Germany","Revenues","2019-12-26",4393.15565105174,1,NA,NA,NA,NA,NA,NA,2019-12-01,-887,"Total revenues accrual",NA,"OK",NA
"factor_midas","Germany","Revenues","2019-12-27",4398.54080342624,1,NA,NA,NA,NA,NA,NA,2019-12-01,-887,"Total revenues accrual",NA,"OK",NA
"factor_midas","Germany","Revenues","2020-01-01",4455.66036536585,1,NA,NA,NA,NA,NA,NA,2020-01-01,-887,"Total revenues accrual",NA,"OK",NA
"factor_midas","Germany","Revenues","2020-01-03",4453.96983805299,1,NA,NA,NA,NA,NA,NA,2020-01-01,-887,"Total revenues accrual",NA,"OK",NA
"factor_midas","Germany","Revenues","2020-01-05",4434.01629092135,1,NA,NA,NA,NA,NA,NA,2020-01-01,-887,"Total revenues accrual",NA,"OK",NA
"factor_midas","Germany","Revenues","2020-01-15",4416.30437145986,1,NA,NA,NA,NA,NA,NA,2020-01-01,-887,"Total revenues accrual",NA,"OK",NA
"factor_midas","Germany","Revenues","2020-01-27",4442.86004133883,1,NA,NA,NA,NA,NA,NA,2020-01-01,-887,"Total revenues accrual",NA,"OK",NA
"factor_midas","Germany","Revenues","2020-01-30",4501.76604191536,1,NA,NA,NA,NA,NA,NA,2020-01-01,-887,"Total revenues accrual",NA,"OK",NA
"factor_midas","Germany","Revenues","2020-02-01",4094.1550839652,1,NA,NA,NA,NA,NA,NA,2020-02-01,-887,"Total revenues accrual",NA,"OK",NA
"factor_midas","Germany","Revenues","2020-02-05",4088.84729908893,1,NA,NA,NA,NA,NA,NA,2020-02-01,-887,"Total revenues accrual",NA,"OK",NA
"factor_midas","Germany","Revenues","2020-02-06",3991.81989814846,1,NA,NA,NA,NA,NA,NA,2020-02-01,-887,"Total revenues accrual",NA,"OK",NA
"factor_midas","Germany","Revenues","2020-02-15",3881.93129872491,1,NA,NA,NA,NA,NA,NA,2020-02-01,-887,"Total revenues accrual",NA,"OK",NA
"factor_midas","Germany","Revenues","2020-02-27",4079.53889946644,1,NA,NA,NA,NA,NA,NA,2020-02-01,-887,"Total revenues accrual",NA,"OK",NA
"factor_midas","Germany","Revenues","2020-03-01",2684.49988939224,1,NA,NA,NA,NA,NA,NA,2020-03-01,-887,"Total revenues accrual",NA,"OK",NA
"factor_midas","Germany","Revenues","2020-03-05",1689.24809436145,1,NA,NA,NA,NA,NA,NA,2020-03-01,-887,"Total revenues accrual",NA,"OK",NA
"factor_midas","Germany","Revenues","2020-03-07",1218.56493803549,1,NA,NA,NA,NA,NA,NA,2020-03-01,-887,"Total revenues accrual",NA,"OK",NA
"factor_midas","Germany","Revenues","2020-03-15",2769.75465349264,1,NA,NA,NA,NA,NA,NA,2020-03-01,5434,"Total revenues accrual",NA,"OK",NA
"factor_midas","Germany","Revenues","2020-03-26",2313.25650687672,1,NA,NA,NA,NA,NA,NA,2020-03-01,5434,"Total revenues accrual",NA,"OK",NA
"factor_midas","Germany","Revenues","2020-03-27",2284.98125132091,1,NA,NA,NA,NA,NA,NA,2020-03-01,5434,"Total revenues accrual",NA,"OK",NA
"factor_midas","Germany","Revenues","2020-04-01",2271.43318284405,1,NA,NA,NA,NA,NA,NA,2020-04-01,5434,"Total revenues accrual",NA,"OK",NA
"factor_midas","Germany","Revenues","2020-04-03",1921.98668912209,1,NA,NA,NA,NA,NA,NA,2020-04-01,5434,"Total revenues accrual",NA,"OK",NA
"factor_midas","Germany","Revenues","2020-04-05",1923.16146133326,1,NA,NA,NA,NA,NA,NA,2020-04-01,5434,"Total revenues accrual",NA,"OK",NA
"factor_midas","Germany","Revenues","2020-04-15",14485.9103545084,2,NA,NA,NA,NA,NA,NA,2020-04-01,5434,"Total revenues accrual",NA,"OK",NA
"factor_midas","Germany","Revenues","2020-04-27",14281.6658899292,2,NA,NA,NA,NA,NA,NA,2020-04-01,5434,"Total revenues accrual",NA,"OK",NA
"factor_midas","Germany","Revenues","2020-04-30",14324.9834898801,2,NA,NA,NA,NA,NA,NA,2020-04-01,5434,"Total revenues accrual",NA,"OK",NA
"factor_midas","Germany","Revenues","2020-05-01",12892.4627723092,2,NA,NA,NA,NA,NA,NA,2020-05-01,5434,"Total revenues accrual",NA,"OK",NA
"factor_midas","Germany","Revenues","2020-05-05",12828.2575613274,2,NA,NA,NA,NA,NA,NA,2020-05-01,5434,"Total revenues accrual",NA,"OK",NA
"factor_midas","Germany","Revenues","2020-05-15",3503.60233677642,2,NA,NA,NA,NA,NA,NA,2020-05-01,5434,"Total revenues accrual",NA,"OK",NA
"factor_midas","Germany","Revenues","2020-05-27",2997.55538945084,2,NA,NA,NA,NA,NA,NA,2020-05-01,5434,"Total revenues accrual",NA,"OK",NA
"factor_midas","Germany","Revenues","2020-05-28",3008.41950180955,2,NA,NA,NA,NA,NA,NA,2020-05-01,5434,"Total revenues accrual",NA,"OK",NA
"factor_midas","Germany","Revenues","2020-06-01",-117.193500888148,2,NA,NA,NA,NA,NA,NA,2020-06-01,5434,"Total revenues accrual",NA,"OK",NA
"factor_midas","Germany","Revenues","2020-06-05",-4107.85006956741,2,NA,NA,NA,NA,NA,NA,2020-06-01,5434,"Total revenues accrual",NA,"OK",NA
"factor_midas","Germany","Revenues","2020-06-15",-2086.96779114934,2,NA,NA,NA,NA,NA,NA,2020-06-01,-34885,"Total revenues accrual",NA,"OK",NA
"factor_midas","Germany","Revenues","2020-06-25",-2018.63740847845,2,NA,NA,NA,NA,NA,NA,2020-06-01,-34885,"Total revenues accrual",NA,"OK",NA
"factor_midas","Germany","Revenues","2020-06-27",854.216250121683,2,NA,NA,NA,NA,NA,NA,2020-06-01,-34885,"Total revenues accrual",NA,"OK",NA
"factor_midas","Germany","Revenues","2020-07-01",14052.8205674112,4,NA,NA,NA,NA,NA,NA,2020-07-01,-34885,"Total revenues accrual",NA,"OK",NA
"factor_midas","Germany","Revenues","2020-07-03",14280.0204926062,4,NA,NA,NA,NA,NA,NA,2020-07-01,-34885,"Total revenues accrual",NA,"OK",NA
"factor_midas","Germany","Revenues","2020-07-05",15399.3900289922,4,NA,NA,NA,NA,NA,NA,2020-07-01,-34885,"Total revenues accrual",NA,"OK",NA
"factor_midas","Germany","Revenues","2020-07-15",20642.9816936507,4,NA,NA,NA,NA,NA,NA,2020-07-01,-34885,"Total revenues accrual",NA,"OK",NA
"factor_midas","Germany","Revenues","2020-07-27",9985.06859660628,4,NA,NA,NA,NA,NA,NA,2020-07-01,-34885,"Total revenues accrual",NA,"OK",NA
"factor_midas","Germany","Revenues","2020-07-30",8567.24247799178,4,NA,NA,NA,NA,NA,NA,2020-07-01,-34885,"Total revenues accrual",NA,"OK",NA
"factor_midas","Germany","Revenues","2020-08-01",3352.99328081026,4,NA,NA,NA,NA,NA,NA,2020-08-01,-34885,"Total revenues accrual",NA,"OK",NA
"factor_midas","Germany","Revenues","2020-08-05",7889.28229751608,4,NA,NA,NA,NA,NA,NA,2020-08-01,-34885,"Total revenues accrual",NA,"OK",NA
"factor_midas","Germany","Revenues","2020-08-06",6182.24553215138,4,NA,NA,NA,NA,NA,NA,2020-08-01,-34885,"Total revenues accrual",NA,"OK",NA
"factor_midas","Germany","Revenues","2020-08-15",10292.0728167625,4,NA,NA,NA,NA,NA,NA,2020-08-01,-34885,"Total revenues accrual",NA,"OK",NA
"factor_midas","Germany","Revenues","2020-08-27",18213.2926728811,4,NA,NA,NA,NA,NA,NA,2020-08-01,-34885,"Total revenues accrual",NA,"OK",NA
"factor_midas","Germany","Revenues","2020-09-01",12752.1510314776,4,NA,NA,NA,NA,NA,NA,2020-09-01,-34885,"Total revenues accrual",NA,"OK",NA
"factor_midas","Germany","Revenues","2020-09-02",12789.7961228842,4,NA,NA,NA,NA,NA,NA,2020-09-01,-34885,"Total revenues accrual",NA,"OK",NA
"factor_midas","Germany","Revenues","2020-09-05",17325.3827167197,1,NA,NA,NA,NA,NA,NA,2020-09-01,-34885,"Total revenues accrual",NA,"OK",NA
"factor_midas","Germany","Revenues","2020-09-15",39.7869525816582,4,NA,NA,NA,NA,NA,NA,2020-09-01,11599,"Total revenues accrual",NA,"OK",NA
"factor_midas","Germany","Revenues","2020-09-24",152.158122223233,4,NA,NA,NA,NA,NA,NA,2020-09-01,11599,"Total revenues accrual",NA,"OK",NA
"factor_midas","Germany","Revenues","2020-09-27",170.614513020891,4,NA,NA,NA,NA,NA,NA,2020-09-01,11599,"Total revenues accrual",NA,"OK",NA
"factor_midas","Germany","Revenues","2020-10-01",-252.317327900168,1,NA,NA,NA,NA,NA,NA,2020-10-01,11599,"Total revenues accrual",NA,"OK",NA
"factor_midas","Germany","Revenues","2020-10-04",-599.154504655906,1,NA,NA,NA,NA,NA,NA,2020-10-01,11599,"Total revenues accrual",NA,"OK",NA
"factor_midas","Germany","Revenues","2020-10-05",-556.621036030032,1,NA,NA,NA,NA,NA,NA,2020-10-01,11599,"Total revenues accrual",NA,"OK",NA
"factor_midas","Germany","Revenues","2020-10-15",-523.437265963325,1,NA,NA,NA,NA,NA,NA,2020-10-01,11599,"Total revenues accrual",NA,"OK",NA
"factor_midas","Germany","Revenues","2020-10-27",-318.325232440724,1,NA,NA,NA,NA,NA,NA,2020-10-01,11599,"Total revenues accrual",NA,"OK",NA
"factor_midas","Germany","Revenues","2020-10-29",-183.284490765986,1,NA,NA,NA,NA,NA,NA,2020-10-01,11599,"Total revenues accrual",NA,"OK",NA
"factor_midas","Germany","Revenues","2020-11-01",-4642.91718445937,4,NA,NA,NA,NA,NA,NA,2020-11-01,11599,"Total revenues accrual",NA,"OK",NA
"factor_midas","Germany","Revenues","2020-11-05",-4426.38533897005,4,NA,NA,NA,NA,NA,NA,2020-11-01,11599,"Total revenues accrual",NA,"OK",NA
"factor_midas","Germany","Revenues","2020-11-07",-5214.63353337667,4,NA,NA,NA,NA,NA,NA,2020-11-01,11599,"Total revenues accrual",NA,"OK",NA
"factor_midas","Germany","Revenues","2020-11-15",-27712.1027276975,4,NA,NA,NA,NA,NA,NA,2020-11-01,11599,"Total revenues accrual",NA,"OK",NA
"factor_midas","Germany","Revenues","2020-11-26",-28973.3221915961,4,NA,NA,NA,NA,NA,NA,2020-11-01,11599,"Total revenues accrual",NA,"OK",NA
"factor_midas","Germany","Revenues","2020-11-27",-29659.8458349454,4,NA,NA,NA,NA,NA,NA,2020-11-01,11599,"Total revenues accrual",NA,"OK",NA
"factor_midas","Germany","Revenues","2020-12-01",-29745.4196732735,4,NA,NA,NA,NA,NA,NA,2020-12-01,11599,"Total revenues accrual",NA,"OK",NA
"factor_midas","Germany","Revenues","2020-12-02",-28461.4353614639,4,NA,NA,NA,NA,NA,NA,2020-12-01,11599,"Total revenues accrual",NA,"OK",NA
"factor_midas","Germany","Revenues","2020-12-05",-24788.4154240375,4,NA,NA,NA,NA,NA,NA,2020-12-01,11599,"Total revenues accrual",NA,"OK",NA
"factor_midas","Germany","Revenues","2020-12-15",4025.6092315091,4,NA,NA,NA,NA,NA,NA,2020-12-01,10842,"Total revenues accrual",NA,"OK",NA
"factor_midas","Germany","Revenues","2020-12-27",4800.52364994139,4,NA,NA,NA,NA,NA,NA,2020-12-01,10842,"Total revenues accrual",NA,"OK",NA
"factor_midas","Germany","Revenues","2020-12-31",4860.46185819605,4,NA,NA,NA,NA,NA,NA,2020-12-01,10842,"Total revenues accrual",NA,"OK",NA
"factor_midas","Germany","Revenues","2021-01-01",4538.67415710466,1,NA,NA,NA,NA,NA,NA,2021-01-01,10842,"Total revenues accrual",NA,"OK",NA
"factor_midas","Germany","Revenues","2021-01-05",6619.02295517018,1,NA,NA,NA,NA,NA,NA,2021-01-01,10842,"Total revenues accrual",NA,"OK",NA
"factor_midas","Germany","Revenues","2021-01-15",557.972441500011,4,NA,NA,NA,NA,NA,NA,2021-01-01,10842,"Total revenues accrual",NA,"OK",NA
"factor_midas","Germany","Revenues","2021-01-27",4956.14893257463,4,NA,NA,NA,NA,NA,NA,2021-01-01,10842,"Total revenues accrual",NA,"OK",NA
"factor_midas","Germany","Revenues","2021-01-28",4888.12453656697,4,NA,NA,NA,NA,NA,NA,2021-01-01,10842,"Total revenues accrual",NA,"OK",NA
"factor_midas","Germany","Revenues","2021-02-01",1180.88466519514,4,NA,NA,NA,NA,NA,NA,2021-02-01,10842,"Total revenues accrual",NA,"OK",NA
"factor_midas","Germany","Revenues","2021-02-05",2294.6448325966,4,NA,NA,NA,NA,NA,NA,2021-02-01,10842,"Total revenues accrual",NA,"OK",NA
"factor_midas","Germany","Revenues","2021-02-15",1650.17103220585,4,NA,NA,NA,NA,NA,NA,2021-02-01,10842,"Total revenues accrual",NA,"OK",NA
"factor_midas","Germany","Revenues","2021-02-25",2578.66791342665,4,NA,NA,NA,NA,NA,NA,2021-02-01,10842,"Total revenues accrual",NA,"OK",NA
"factor_midas","Germany","Revenues","2021-02-27",-401.87164408808,4,NA,NA,NA,NA,NA,NA,2021-02-01,10842,"Total revenues accrual",NA,"OK",NA
"factor_midas","Germany","Revenues","2021-03-01",-7361.27381954047,4,NA,NA,NA,NA,NA,NA,2021-03-01,10842,"Total revenues accrual",NA,"OK",NA
"factor_midas","Germany","Revenues","2021-03-05",-8014.96724464385,4,NA,NA,NA,NA,NA,NA,2021-03-01,10842,"Total revenues accrual",NA,"OK",NA
"factor_midas","Germany","Revenues","2021-03-15",4106.39459221278,4,NA,NA,NA,NA,NA,NA,2021-03-01,14210,"Total revenues accrual",NA,"OK",NA
"factor_midas","Germany","Revenues","2021-03-25",4301.68781584104,4,NA,NA,NA,NA,NA,NA,2021-03-01,14210,"Total revenues accrual",NA,"OK",NA
"factor_midas","Germany","Revenues","2021-03-27",5384.3382140873,4,NA,NA,NA,NA,NA,NA,2021-03-01,14210,"Total revenues accrual",NA,"OK",NA
"factor_midas","Germany","Revenues","2021-04-01",5789.25633045892,4,NA,NA,NA,NA,NA,NA,2021-04-01,14210,"Total revenues accrual",NA,"OK",NA
"factor_midas","Germany","Revenues","2021-04-04",5576.19078712792,4,NA,NA,NA,NA,NA,NA,2021-04-01,14210,"Total revenues accrual",NA,"OK",NA
"factor_midas","Germany","Revenues","2021-04-05",5584.45538883019,4,NA,NA,NA,NA,NA,NA,2021-04-01,14210,"Total revenues accrual",NA,"OK",NA
"factor_midas","Germany","Revenues","2021-04-15",4574.09165827185,4,NA,NA,NA,NA,NA,NA,2021-04-01,14210,"Total revenues accrual",NA,"OK",NA
"factor_midas","Germany","Revenues","2021-04-27",3455.57492366193,4,NA,NA,NA,NA,NA,NA,2021-04-01,14210,"Total revenues accrual",NA,"OK",NA
"factor_midas","Germany","Revenues","2021-04-29",3448.31160749719,4,NA,NA,NA,NA,NA,NA,2021-04-01,14210,"Total revenues accrual",NA,"OK",NA
"factor_midas","Germany","Revenues","2021-05-01",3673.71723142024,4,NA,NA,NA,NA,NA,NA,2021-05-01,14210,"Total revenues accrual",NA,"OK",NA
"factor_midas","Germany","Revenues","2021-05-05",8096.78273028551,4,NA,NA,NA,NA,NA,NA,2021-05-01,14210,"Total revenues accrual",NA,"OK",NA
"factor_midas","Germany","Revenues","2021-05-06",6202.46317475812,4,NA,NA,NA,NA,NA,NA,2021-05-01,14210,"Total revenues accrual",NA,"OK",NA
"factor_midas","Germany","Revenues","2021-05-15",6239.57373429136,4,NA,NA,NA,NA,NA,NA,2021-05-01,14210,"Total revenues accrual",NA,"OK",NA
"factor_midas","Germany","Revenues","2021-05-27",7702.0266382844,4,NA,NA,NA,NA,NA,NA,2021-05-01,14210,"Total revenues accrual",NA,"OK",NA
"factor_midas","Germany","Revenues","2021-06-01",7714.81321722341,4,NA,NA,NA,NA,NA,NA,2021-06-01,14210,"Total revenues accrual",NA,"OK",NA
"factor_midas","Germany","Revenues","2021-06-02",5606.82806366547,4,NA,NA,NA,NA,NA,NA,2021-06-01,14210,"Total revenues accrual",NA,"OK",NA
"factor_midas","Germany","Revenues","2021-06-05",5230.69164223421,4,NA,NA,NA,NA,NA,NA,2021-06-01,14210,"Total revenues accrual",NA,"OK",NA
"factor_midas","Germany","Revenues","2021-06-15",4927.61403074152,4,NA,NA,NA,NA,NA,NA,2021-06-01,-1329,"Total revenues accrual",NA,"OK",NA
"factor_midas","Germany","Revenues","2021-06-24",5255.23288672157,4,NA,NA,NA,NA,NA,NA,2021-06-01,-1329,"Total revenues accrual",NA,"OK",NA
"factor_midas","Germany","Revenues","2021-06-27",4738.14451727795,4,NA,NA,NA,NA,NA,NA,2021-06-01,-1329,"Total revenues accrual",NA,"OK",NA
"factor_midas","Germany","Revenues","2021-07-01",5089.0988607636,4,NA,NA,NA,NA,NA,NA,2021-07-01,-1329,"Total revenues accrual",NA,"OK",NA
"factor_midas","Germany","Revenues","2021-07-04",5781.43430220894,4,NA,NA,NA,NA,NA,NA,2021-07-01,-1329,"Total revenues accrual",NA,"OK",NA
"factor_midas","Germany","Revenues","2021-07-05",5784.51185514421,4,NA,NA,NA,NA,NA,NA,2021-07-01,-1329,"Total revenues accrual",NA,"OK",NA
"factor_midas","Germany","Revenues","2021-07-15",5519.63403474986,4,NA,NA,NA,NA,NA,NA,2021-07-01,-1329,"Total revenues accrual",NA,"OK",NA
"factor_midas","Germany","Revenues","2021-07-27",8281.71076250672,4,NA,NA,NA,NA,NA,NA,2021-07-01,-1329,"Total revenues accrual",NA,"OK",NA
"factor_midas","Germany","Revenues","2021-07-29",8318.38865482606,4,NA,NA,NA,NA,NA,NA,2021-07-01,-1329,"Total revenues accrual",NA,"OK",NA
"factor_midas","Germany","Revenues","2021-08-01",8387.2028366401,4,NA,NA,NA,NA,NA,NA,2021-08-01,-1329,"Total revenues accrual",NA,"OK",NA
"factor_midas","Germany","Revenues","2021-08-05",8420.13554971581,4,NA,NA,NA,NA,NA,NA,2021-08-01,-1329,"Total revenues accrual",NA,"OK",NA
"factor_midas","Germany","Revenues","2021-08-07",7023.88665109761,4,NA,NA,NA,NA,NA,NA,2021-08-01,-1329,"Total revenues accrual",NA,"OK",NA
"factor_midas","Germany","Revenues","2021-08-15",8739.1542517215,4,NA,NA,NA,NA,NA,NA,2021-08-01,-1329,"Total revenues accrual",NA,"OK",NA
"factor_midas","Germany","Revenues","2021-08-26",8845.21391725855,4,NA,NA,NA,NA,NA,NA,2021-08-01,-1329,"Total revenues accrual",NA,"OK",NA
"factor_midas","Germany","Revenues","2021-08-27",9735.66890761923,4,NA,NA,NA,NA,NA,NA,2021-08-01,-1329,"Total revenues accrual",NA,"OK",NA
"factor_midas","Germany","Revenues","2021-09-01",9673.56029132165,4,NA,NA,NA,NA,NA,NA,2021-09-01,-1329,"Total revenues accrual",NA,"OK",NA
"factor_midas","Germany","Revenues","2021-09-03",10528.0496528234,4,NA,NA,NA,NA,NA,NA,2021-09-01,-1329,"Total revenues accrual",NA,"OK",NA
"factor_midas","Germany","Revenues","2021-09-05",10905.6112871753,4,NA,NA,NA,NA,NA,NA,2021-09-01,-1329,"Total revenues accrual",NA,"OK",NA
"factor_midas","Germany","Revenues","2021-09-15",4016.40002310906,4,NA,NA,NA,NA,NA,NA,2021-09-01,23907,"Total revenues accrual",NA,"OK",NA
"factor_midas","Germany","Revenues","2021-09-27",4941.6396668611,4,NA,NA,NA,NA,NA,NA,2021-09-01,23907,"Total revenues accrual",NA,"OK",NA
"factor_midas","Germany","Revenues","2021-09-30",5083.215579535,4,NA,NA,NA,NA,NA,NA,2021-09-01,23907,"Total revenues accrual",NA,"OK",NA
"factor_midas","Germany","Revenues","2021-10-01",4857.17743443813,4,NA,NA,NA,NA,NA,NA,2021-10-01,23907,"Total revenues accrual",NA,"OK",NA
"factor_midas","Germany","Revenues","2021-10-05",5514.49056339834,4,NA,NA,NA,NA,NA,NA,2021-10-01,23907,"Total revenues accrual",NA,"OK",NA
"factor_midas","Germany","Revenues","2021-10-15",-3.19338805950429,4,NA,NA,NA,NA,NA,NA,2021-10-01,23907,"Total revenues accrual",NA,"OK",NA
"factor_midas","Germany","Revenues","2021-10-27",2107.66413467201,4,NA,NA,NA,NA,NA,NA,2021-10-01,23907,"Total revenues accrual",NA,"OK",NA
"factor_midas","Germany","Revenues","2021-10-28",1961.9068111156,4,NA,NA,NA,NA,NA,NA,2021-10-01,23907,"Total revenues accrual",NA,"OK",NA
"factor_midas","Germany","Revenues","2021-11-01",1906.59091957444,4,NA,NA,NA,NA,NA,NA,2021-11-01,23907,"Total revenues accrual",NA,"OK",NA
"factor_midas","Germany","Revenues","2021-11-05",2027.25472767154,4,NA,NA,NA,NA,NA,NA,2021-11-01,23907,"Total revenues accrual",NA,"OK",NA
"factor_midas","Germany","Revenues","2021-11-15",444.798827921485,4,NA,NA,NA,NA,NA,NA,2021-11-01,23907,"Total revenues accrual",NA,"OK",NA
"factor_midas","Germany","Revenues","2021-11-25",468.285744348275,4,NA,NA,NA,NA,NA,NA,2021-11-01,23907,"Total revenues accrual",NA,"OK",NA
"factor_midas","Germany","Revenues","2021-11-27",10860.0061093539,2,NA,NA,NA,NA,NA,NA,2021-11-01,23907,"Total revenues accrual",NA,"OK",NA
"factor_midas","Germany","Revenues","2021-12-01",11412.5263325001,2,NA,NA,NA,NA,NA,NA,2021-12-01,23907,"Total revenues accrual",NA,"OK",NA
"factor_midas","Germany","Revenues","2021-12-03",11549.5373044193,2,NA,NA,NA,NA,NA,NA,2021-12-01,23907,"Total revenues accrual",NA,"OK",NA
"factor_midas","Germany","Revenues","2021-12-05",11375.8759867355,2,NA,NA,NA,NA,NA,NA,2021-12-01,23907,"Total revenues accrual",NA,"OK",NA
"factor_midas","Germany","Revenues","2021-12-15",16202.0813849549,2,NA,NA,NA,NA,NA,NA,2021-12-01,15031,"Total revenues accrual",NA,"OK",NA
"factor_midas","Germany","Revenues","2021-12-27",12216.6435488252,2,NA,NA,NA,NA,NA,NA,2021-12-01,15031,"Total revenues accrual",NA,"OK",NA
"factor_midas","Germany","Revenues","2021-12-30",11800.2011286175,2,NA,NA,NA,NA,NA,NA,2021-12-01,15031,"Total revenues accrual",NA,"OK",NA
"factor_midas","Germany","Revenues","2022-01-01",6010.61876974094,4,NA,NA,NA,NA,NA,NA,2022-01-01,15031,"Total revenues accrual",NA,"OK",NA
"factor_midas","Germany","Revenues","2022-01-05",5316.10088588516,4,NA,NA,NA,NA,NA,NA,2022-01-01,15031,"Total revenues accrual",NA,"OK",NA
"factor_midas","Germany","Revenues","2022-01-06",5617.58684277315,4,NA,NA,NA,NA,NA,NA,2022-01-01,15031,"Total revenues accrual",NA,"OK",NA
"factor_midas","Germany","Revenues","2022-01-15",4110.08739863534,2,NA,NA,NA,NA,NA,NA,2022-01-01,15031,"Total revenues accrual",NA,"OK",NA
"factor_midas","Germany","Revenues","2022-01-27",5996.00144854644,4,NA,NA,NA,NA,NA,NA,2022-01-01,15031,"Total revenues accrual",NA,"OK",NA
"factor_midas","Germany","Revenues","2022-02-01",4107.74575240999,4,NA,NA,NA,NA,NA,NA,2022-02-01,15031,"Total revenues accrual",NA,"OK",NA
"factor_midas","Germany","Revenues","2022-02-02",3899.41793922459,4,NA,NA,NA,NA,NA,NA,2022-02-01,15031,"Total revenues accrual",NA,"OK",NA
"factor_midas","Germany","Revenues","2022-02-05",4195.22900322402,4,NA,NA,NA,NA,NA,NA,2022-02-01,15031,"Total revenues accrual",NA,"OK",NA
"factor_midas","Germany","Revenues","2022-02-15",-1243.73167235368,4,NA,NA,NA,NA,NA,NA,2022-02-01,15031,"Total revenues accrual",NA,"OK",NA
"factor_midas","Germany","Revenues","2022-02-24",-1440.95735685884,4,NA,NA,NA,NA,NA,NA,2022-02-01,15031,"Total revenues accrual",NA,"OK",NA
"factor_midas","Germany","Revenues","2022-02-27",2175.79338475037,4,NA,NA,NA,NA,NA,NA,2022-02-01,15031,"Total revenues accrual",NA,"OK",NA
"factor_midas","Germany","Revenues","2022-03-01",1511.77854823892,4,NA,NA,NA,NA,NA,NA,2022-03-01,15031,"Total revenues accrual",NA,"OK",NA
"factor_midas","Germany","Revenues","2022-03-02",1448.11387423677,4,NA,NA,NA,NA,NA,NA,2022-03-01,15031,"Total revenues accrual",NA,"OK",NA
"factor_midas","Germany","Revenues","2022-03-05",2551.87682716449,4,NA,NA,NA,NA,NA,NA,2022-03-01,15031,"Total revenues accrual",NA,"OK",NA
"factor_midas","Germany","Revenues","2022-03-15",13373.6795248326,4,NA,NA,NA,NA,NA,NA,2022-03-01,1929,"Total revenues accrual",NA,"OK",NA
"factor_midas","Germany","Revenues","2022-03-27",26788.0278883983,4,NA,NA,NA,NA,NA,NA,2022-03-01,1929,"Total revenues accrual",NA,"OK",NA
"factor_midas","Germany","Revenues","2022-03-31",26115.119059785,4,NA,NA,NA,NA,NA,NA,2022-03-01,1929,"Total revenues accrual",NA,"OK",NA
"factor_midas","Germany","Revenues","2022-04-01",26508.884136694,4,NA,NA,NA,NA,NA,NA,2022-04-01,1929,"Total revenues accrual",NA,"OK",NA
"factor_midas","Germany","Revenues","2022-04-05",24749.2806925682,4,NA,NA,NA,NA,NA,NA,2022-04-01,1929,"Total revenues accrual",NA,"OK",NA
"factor_midas","Germany","Revenues","2022-04-15",24807.9419128116,4,NA,NA,NA,NA,NA,NA,2022-04-01,1929,"Total revenues accrual",NA,"OK",NA
"factor_midas","Germany","Revenues","2022-04-27",10021.9432947656,4,NA,NA,NA,NA,NA,NA,2022-04-01,1929,"Total revenues accrual",NA,"OK",NA
"factor_midas","Germany","Revenues","2022-04-28",9958.60098211904,4,NA,NA,NA,NA,NA,NA,2022-04-01,1929,"Total revenues accrual",NA,"OK",NA
"factor_midas","Germany","Revenues","2022-05-01",7368.98748932086,2,NA,NA,NA,NA,NA,NA,2022-05-01,1929,"Total revenues accrual",NA,"OK",NA
"factor_midas","Germany","Revenues","2022-05-05",6657.63455634586,2,NA,NA,NA,NA,NA,NA,2022-05-01,1929,"Total revenues accrual",NA,"OK",NA
"factor_midas","Germany","Revenues","2022-05-07",6868.22146563408,2,NA,NA,NA,NA,NA,NA,2022-05-01,1929,"Total revenues accrual",NA,"OK",NA
"factor_midas","Germany","Revenues","2022-05-15",6600.85275869879,2,NA,NA,NA,NA,NA,NA,2022-05-01,1929,"Total revenues accrual",NA,"OK",NA
"factor_midas","Germany","Revenues","2022-05-26",6579.23357196388,2,NA,NA,NA,NA,NA,NA,2022-05-01,1929,"Total revenues accrual",NA,"OK",NA
"factor_midas","Germany","Revenues","2022-05-27",9816.79497213565,4,NA,NA,NA,NA,NA,NA,2022-05-01,1929,"Total revenues accrual",NA,"OK",NA
"factor_midas","Germany","Revenues","2022-06-01",11133.980764456,4,NA,NA,NA,NA,NA,NA,2022-06-01,1929,"Total revenues accrual",NA,"OK",NA
"factor_midas","Germany","Revenues","2022-06-03",11512.8001154622,4,NA,NA,NA,NA,NA,NA,2022-06-01,1929,"Total revenues accrual",NA,"OK",NA
"factor_midas","Germany","Revenues","2022-06-05",11284.4498486201,4,NA,NA,NA,NA,NA,NA,2022-06-01,1929,"Total revenues accrual",NA,"OK",NA
"factor_midas","Germany","Revenues","2022-06-15",11756.4474597169,4,NA,NA,NA,NA,NA,NA,2022-06-01,-1799,"Total revenues accrual",NA,"OK",NA
"factor_midas","Germany","Revenues","2022-06-27",6476.24801647868,4,NA,NA,NA,NA,NA,NA,2022-06-01,-1799,"Total revenues accrual",NA,"OK",NA
"factor_midas","Germany","Revenues","2022-06-30",6312.42553622395,4,NA,NA,NA,NA,NA,NA,2022-06-01,-1799,"Total revenues accrual",NA,"OK",NA
"factor_midas","Germany","Revenues","2022-07-01",5983.56902635448,4,NA,NA,NA,NA,NA,NA,2022-07-01,-1799,"Total revenues accrual",NA,"OK",NA
"factor_midas","Germany","Revenues","2022-07-05",5564.16653209246,4,NA,NA,NA,NA,NA,NA,2022-07-01,-1799,"Total revenues accrual",NA,"OK",NA
"factor_midas","Germany","Revenues","2022-07-15",4894.52846303565,4,NA,NA,NA,NA,NA,NA,2022-07-01,-1799,"Total revenues accrual",NA,"OK",NA
"factor_midas","Germany","Revenues","2022-07-27",8556.38193244305,2,NA,NA,NA,NA,NA,NA,2022-07-01,-1799,"Total revenues accrual",NA,"OK",NA
"factor_midas","Germany","Revenues","2022-07-28",7752.9053242079,2,NA,NA,NA,NA,NA,NA,2022-07-01,-1799,"Total revenues accrual",NA,"OK",NA
"factor_midas","Germany","Revenues","2022-08-01",8225.4386226831,2,NA,NA,NA,NA,NA,NA,2022-08-01,-1799,"Total revenues accrual",NA,"OK",NA
"factor_midas","Germany","Revenues","2022-08-05",9351.02852648535,2,NA,NA,NA,NA,NA,NA,2022-08-01,-1799,"Total revenues accrual",NA,"OK",NA
"factor_midas","Germany","Revenues","2022-08-15",8991.82748209411,2,NA,NA,NA,NA,NA,NA,2022-08-01,-1799,"Total revenues accrual",NA,"OK",NA
"factor_midas","Germany","Revenues","2022-08-25",9108.08818745557,2,NA,NA,NA,NA,NA,NA,2022-08-01,-1799,"Total revenues accrual",NA,"OK",NA
"factor_midas","Germany","Revenues","2022-08-27",8852.72828029343,2,NA,NA,NA,NA,NA,NA,2022-08-01,-1799,"Total revenues accrual",NA,"OK",NA
"factor_midas","Germany","Revenues","2022-09-01",8774.00914300803,2,NA,NA,NA,NA,NA,NA,2022-09-01,-1799,"Total revenues accrual",NA,"OK",NA
"factor_midas","Germany","Revenues","2022-09-04",8578.25985635071,2,NA,NA,NA,NA,NA,NA,2022-09-01,-1799,"Total revenues accrual",NA,"OK",NA
"factor_midas","Germany","Revenues","2022-09-05",8499.28351128403,2,NA,NA,NA,NA,NA,NA,2022-09-01,-1799,"Total revenues accrual",NA,"OK",NA
"factor_midas","Germany","Revenues","2022-09-15",5459.96474038601,2,NA,NA,NA,NA,NA,NA,2022-09-01,6533,"Total revenues accrual",NA,"OK",NA
"factor_midas","Germany","Revenues","2022-09-27",10383.542463021,2,NA,NA,NA,NA,NA,NA,2022-09-01,6533,"Total revenues accrual",NA,"OK",NA
"factor_midas","Germany","Revenues","2022-09-29",9745.62888652741,2,NA,NA,NA,NA,NA,NA,2022-09-01,6533,"Total revenues accrual",NA,"OK",NA
"factor_midas","Germany","Revenues","2022-10-01",10421.9339632108,2,NA,NA,NA,NA,NA,NA,2022-10-01,6533,"Total revenues accrual",NA,"OK",NA
"factor_midas","Germany","Revenues","2022-10-05",10357.6616959534,2,NA,NA,NA,NA,NA,NA,2022-10-01,6533,"Total revenues accrual",NA,"OK",NA
"factor_midas","Germany","Revenues","2022-10-06",18110.5310494152,4,NA,NA,NA,NA,NA,NA,2022-10-01,6533,"Total revenues accrual",NA,"OK",NA
"factor_midas","Germany","Revenues","2022-10-15",17682.9908910064,4,NA,NA,NA,NA,NA,NA,2022-10-01,6533,"Total revenues accrual",NA,"OK",NA
"factor_midas","Germany","Revenues","2022-10-27",4420.11480646226,2,NA,NA,NA,NA,NA,NA,2022-10-01,6533,"Total revenues accrual",NA,"OK",NA
"factor_midas","Germany","Revenues","2022-11-01",3497.46867839281,2,NA,NA,NA,NA,NA,NA,2022-11-01,6533,"Total revenues accrual",NA,"OK",NA
"factor_midas","Germany","Revenues","2022-11-02",2944.36409506725,2,NA,NA,NA,NA,NA,NA,2022-11-01,6533,"Total revenues accrual",NA,"OK",NA
"factor_midas","Germany","Revenues","2022-11-05",3130.56980671774,2,NA,NA,NA,NA,NA,NA,2022-11-01,6533,"Total revenues accrual",NA,"OK",NA
"factor_midas","Germany","Revenues","2022-11-15",5100.86195017217,2,NA,NA,NA,NA,NA,NA,2022-11-01,6533,"Total revenues accrual",NA,"OK",NA
"factor_midas","Germany","Revenues","2022-11-24",4918.3504441107,2,NA,NA,NA,NA,NA,NA,2022-11-01,6533,"Total revenues accrual",NA,"OK",NA
"factor_midas","Germany","Revenues","2022-11-27",8226.03601756375,2,NA,NA,NA,NA,NA,NA,2022-11-01,6533,"Total revenues accrual",NA,"OK",NA
"factor_midas","Germany","Revenues","2022-12-01",7815.04478656216,2,NA,NA,NA,NA,NA,NA,2022-12-01,6533,"Total revenues accrual",NA,"OK",NA
"factor_midas","Germany","Revenues","2022-12-04",7878.21009578784,2,NA,NA,NA,NA,NA,NA,2022-12-01,6533,"Total revenues accrual",NA,"OK",NA
"factor_midas","Germany","Revenues","2022-12-05",7704.89077446619,2,NA,NA,NA,NA,NA,NA,2022-12-01,6533,"Total revenues accrual",NA,"OK",NA
"factor_midas","Germany","Revenues","2022-12-15",-991.375008118569,2,NA,NA,NA,NA,NA,NA,2022-12-01,6916,"Total revenues accrual",NA,"OK",NA
"factor_midas","Germany","Revenues","2022-12-27",-6760.00786147625,2,NA,NA,NA,NA,NA,NA,2022-12-01,6916,"Total revenues accrual",NA,"OK",NA
"factor_midas","Germany","Revenues","2022-12-29",-6376.15393553715,2,NA,NA,NA,NA,NA,NA,2022-12-01,6916,"Total revenues accrual",NA,"OK",NA
"factor_midas","Germany","Revenues","2023-01-01",-5257.20455544838,2,NA,NA,NA,NA,NA,NA,2023-01-01,6916,"Total revenues accrual",NA,"OK",NA
"factor_midas","Germany","Revenues","2023-01-05",-5427.27525973365,2,NA,NA,NA,NA,NA,NA,2023-01-01,6916,"Total revenues accrual",NA,"OK",NA
"factor_midas","Germany","Revenues","2023-01-07",-5205.66215702388,2,NA,NA,NA,NA,NA,NA,2023-01-01,6916,"Total revenues accrual",NA,"OK",NA
"factor_midas","Germany","Revenues","2023-01-15",-5973.00702131215,4,NA,NA,NA,NA,NA,NA,2023-01-01,6916,"Total revenues accrual",NA,"OK",NA
"factor_midas","Germany","Revenues","2023-01-26",-5702.54544035749,4,NA,NA,NA,NA,NA,NA,2023-01-01,6916,"Total revenues accrual",NA,"OK",NA
"factor_midas","Germany","Revenues","2023-01-27",5658.50885502712,2,NA,NA,NA,NA,NA,NA,2023-01-01,6916,"Total revenues accrual",NA,"OK",NA
"factor_midas","Germany","Revenues","2023-02-01",5339.21692122045,2,NA,NA,NA,NA,NA,NA,2023-02-01,6916,"Total revenues accrual",NA,"OK",NA
"factor_midas","Germany","Revenues","2023-02-03",5303.55087711347,2,NA,NA,NA,NA,NA,NA,2023-02-01,6916,"Total revenues accrual",NA,"OK",NA
"factor_midas","Germany","Revenues","2023-02-05",4868.92453890356,2,NA,NA,NA,NA,NA,NA,2023-02-01,6916,"Total revenues accrual",NA,"OK",NA
"factor_midas","Germany","Revenues","2023-02-15",5023.78539562089,2,NA,NA,NA,NA,NA,NA,2023-02-01,6916,"Total revenues accrual",NA,"OK",NA
"factor_midas","Germany","Revenues","2023-02-23",5039.78565743001,2,NA,NA,NA,NA,NA,NA,2023-02-01,6916,"Total revenues accrual",NA,"OK",NA
"factor_midas","Germany","Revenues","2023-02-27",7438.89365245622,2,NA,NA,NA,NA,NA,NA,2023-02-01,6916,"Total revenues accrual",NA,"OK",NA
"factor_midas","Germany","Revenues","2023-03-01",7300.83443562904,2,NA,NA,NA,NA,NA,NA,2023-03-01,6916,"Total revenues accrual",NA,"OK",NA
"factor_midas","Germany","Revenues","2023-03-03",7442.56630262327,2,NA,NA,NA,NA,NA,NA,2023-03-01,6916,"Total revenues accrual",NA,"OK",NA
"factor_midas","Germany","Revenues","2023-03-05",7515.8188075835,2,NA,NA,NA,NA,NA,NA,2023-03-01,6916,"Total revenues accrual",NA,"OK",NA
"factor_midas","Germany","Revenues","2023-03-15",5842.1108485772,2,NA,NA,NA,NA,NA,NA,2023-03-01,-4102,"Total revenues accrual",NA,"OK",NA
"factor_midas","Germany","Revenues","2023-03-27",5753.90398184586,2,NA,NA,NA,NA,NA,NA,2023-03-01,-4102,"Total revenues accrual",NA,"OK",NA
"factor_midas","Germany","Revenues","2023-03-30",5661.58181221787,2,NA,NA,NA,NA,NA,NA,2023-03-01,-4102,"Total revenues accrual",NA,"OK",NA
"factor_midas","Germany","Revenues","2023-04-01",5842.79890134348,2,NA,NA,NA,NA,NA,NA,2023-04-01,-4102,"Total revenues accrual",NA,"OK",NA
"factor_midas","Germany","Revenues","2023-04-05",5576.90749982127,2,NA,NA,NA,NA,NA,NA,2023-04-01,-4102,"Total revenues accrual",NA,"OK",NA
"factor_midas","Germany","Revenues","2023-04-06",5738.99583522813,2,NA,NA,NA,NA,NA,NA,2023-04-01,-4102,"Total revenues accrual",NA,"OK",NA
"factor_midas","Germany","Revenues","2023-04-15",3844.21165735541,2,NA,NA,NA,NA,NA,NA,2023-04-01,-4102,"Total revenues accrual",NA,"OK",NA
"factor_midas","Germany","Revenues","2023-04-27",2431.3538997582,2,NA,NA,NA,NA,NA,NA,2023-04-01,-4102,"Total revenues accrual",NA,"OK",NA
"factor_midas","Germany","Revenues","2023-05-01",1289.77054051881,2,NA,NA,NA,NA,NA,NA,2023-05-01,-4102,"Total revenues accrual",NA,"OK",NA
"factor_midas","Germany","Revenues","2023-05-05",863.935668509157,2,NA,NA,NA,NA,NA,NA,2023-05-01,-4102,"Total revenues accrual",NA,"OK",NA
"factor_midas","Germany","Revenues","2023-05-15",706.917157051543,2,NA,NA,NA,NA,NA,NA,2023-05-01,-4102,"Total revenues accrual",NA,"OK",NA
"factor_midas","Germany","Revenues","2023-05-25",967.211219305305,2,NA,NA,NA,NA,NA,NA,2023-05-01,-4102,"Total revenues accrual",NA,"OK",NA
"factor_midas","Germany","Revenues","2023-05-27",1681.41159565924,2,NA,NA,NA,NA,NA,NA,2023-05-01,-4102,"Total revenues accrual",NA,"OK",NA
"factor_midas","Germany","Revenues","2023-06-01",-1918.73214154911,4,NA,NA,NA,NA,NA,NA,2023-06-01,-4102,"Total revenues accrual",NA,"OK",NA
"factor_midas","Germany","Revenues","2023-06-04",-1895.83565664246,4,NA,NA,NA,NA,NA,NA,2023-06-01,-4102,"Total revenues accrual",NA,"OK",NA
"factor_midas","Germany","Revenues","2023-06-05",-1995.27989307541,4,NA,NA,NA,NA,NA,NA,2023-06-01,-4102,"Total revenues accrual",NA,"OK",NA
"factor_midas","Germany","Revenues","2023-06-15",-1562.99045398321,2,NA,NA,NA,NA,NA,NA,2023-06-01,8925,"Total revenues accrual",NA,"OK",NA
"factor_midas","Germany","Revenues","2023-06-27",1042.02354495874,2,NA,NA,NA,NA,NA,NA,2023-06-01,8925,"Total revenues accrual",NA,"OK",NA
"factor_midas","Germany","Revenues","2023-06-29",772.673439374788,2,NA,NA,NA,NA,NA,NA,2023-06-01,8925,"Total revenues accrual",NA,"OK",NA
"factor_midas","Germany","Revenues","2023-07-01",1192.94965695978,2,NA,NA,NA,NA,NA,NA,2023-07-01,8925,"Total revenues accrual",NA,"OK",NA
"factor_midas","Germany","Revenues","2023-07-05",1038.60132105178,2,NA,NA,NA,NA,NA,NA,2023-07-01,8925,"Total revenues accrual",NA,"OK",NA
"factor_midas","Germany","Revenues","2023-07-06",420.780832241231,2,NA,NA,NA,NA,NA,NA,2023-07-01,8925,"Total revenues accrual",NA,"OK",NA
"factor_midas","Germany","Revenues","2023-07-15",2076.02006768063,2,NA,NA,NA,NA,NA,NA,2023-07-01,8925,"Total revenues accrual",NA,"OK",NA
"factor_midas","Germany","Revenues","2023-07-27",553.59315097353,2,NA,NA,NA,NA,NA,NA,2023-07-01,8925,"Total revenues accrual",NA,"OK",NA
"factor_midas","Germany","Revenues","2023-08-01",294.29029050592,2,NA,NA,NA,NA,NA,NA,2023-08-01,8925,"Total revenues accrual",NA,"OK",NA
"factor_midas","Germany","Revenues","2023-08-02",930.988429727136,2,NA,NA,NA,NA,NA,NA,2023-08-01,8925,"Total revenues accrual",NA,"OK",NA
"factor_midas","Germany","Revenues","2023-08-05",631.989483647953,2,NA,NA,NA,NA,NA,NA,2023-08-01,8925,"Total revenues accrual",NA,"OK",NA
"factor_midas","Germany","Revenues","2023-08-15",1542.21957857641,2,NA,NA,NA,NA,NA,NA,2023-08-01,8925,"Total revenues accrual",NA,"OK",NA
"factor_midas","Germany","Revenues","2023-08-27",615.959671010966,2,NA,NA,NA,NA,NA,NA,2023-08-01,8925,"Total revenues accrual",NA,"OK",NA
"factor_midas","Germany","Revenues","2023-08-31",856.589075618223,2,NA,NA,NA,NA,NA,NA,2023-08-01,8925,"Total revenues accrual",NA,"OK",NA
"factor_midas","Germany","Revenues","2023-09-01",665.060064016774,2,NA,NA,NA,NA,NA,NA,2023-09-01,8925,"Total revenues accrual",NA,"OK",NA
"factor_midas","Germany","Revenues","2023-09-05",318.592880596532,2,NA,NA,NA,NA,NA,NA,2023-09-01,8925,"Total revenues accrual",NA,"OK",NA
"factor_midas","Germany","Revenues","2023-09-15",50.2164145302077,2,NA,NA,NA,NA,NA,NA,2023-09-01,9624,"Total revenues accrual",NA,"OK",NA
"factor_midas","Germany","Revenues","2023-09-27",-1810.6266561681,2,NA,NA,NA,NA,NA,NA,2023-09-01,9624,"Total revenues accrual",NA,"OK",NA
"factor_midas","Germany","Revenues","2023-09-28",-1713.64723983742,2,NA,NA,NA,NA,NA,NA,2023-09-01,9624,"Total revenues accrual",NA,"OK",NA
"factor_midas","Germany","Revenues","2023-10-01",-2993.28528814996,2,NA,NA,NA,NA,NA,NA,2023-10-01,9624,"Total revenues accrual",NA,"OK",NA
"factor_midas","Germany","Revenues","2023-10-05",-2997.18010561168,2,NA,NA,NA,NA,NA,NA,2023-10-01,9624,"Total revenues accrual",NA,"OK",NA
"factor_midas","Germany","Revenues","2023-10-07",-2910.5104875449,2,NA,NA,NA,NA,NA,NA,2023-10-01,9624,"Total revenues accrual",NA,"OK",NA
"factor_midas","Germany","Revenues","2023-10-15",-3228.72573863166,2,NA,NA,NA,NA,NA,NA,2023-10-01,9624,"Total revenues accrual",NA,"OK",NA
"factor_midas","Germany","Revenues","2023-10-26",-3122.28405729563,2,NA,NA,NA,NA,NA,NA,2023-10-01,9624,"Total revenues accrual",NA,"OK",NA
"factor_midas","Germany","Revenues","2023-10-27",-3545.8533143017,2,NA,NA,NA,NA,NA,NA,2023-10-01,9624,"Total revenues accrual",NA,"OK",NA
"factor_midas","Germany","Revenues","2023-11-01",-4024.24146146758,2,NA,NA,NA,NA,NA,NA,2023-11-01,9624,"Total revenues accrual",NA,"OK",NA
"factor_midas","Germany","Revenues","2023-11-03",-3543.88630065411,2,NA,NA,NA,NA,NA,NA,2023-11-01,9624,"Total revenues accrual",NA,"OK",NA
"factor_midas","Germany","Revenues","2023-11-05",-3531.65217905308,2,NA,NA,NA,NA,NA,NA,2023-11-01,9624,"Total revenues accrual",NA,"OK",NA
"factor_midas","Germany","Revenues","2023-11-15",-4313.47577779611,2,NA,NA,NA,NA,NA,NA,2023-11-01,9624,"Total revenues accrual",NA,"OK",NA
"factor_midas","Germany","Revenues","2023-11-27",-4432.19127979654,2,NA,NA,NA,NA,NA,NA,2023-11-01,9624,"Total revenues accrual",NA,"OK",NA
"factor_midas","Germany","Revenues","2023-11-30",-4407.82814439771,2,NA,NA,NA,NA,NA,NA,2023-11-01,9624,"Total revenues accrual",NA,"OK",NA
"factor_midas","Germany","Revenues","2023-12-01",-4532.35544463914,2,NA,NA,NA,NA,NA,NA,2023-12-01,9624,"Total revenues accrual",NA,"OK",NA
"factor_midas","Germany","Revenues","2023-12-05",-4710.26047608577,2,NA,NA,NA,NA,NA,NA,2023-12-01,9624,"Total revenues accrual",NA,"OK",NA
"factor_midas","Germany","Revenues","2023-12-15",-834.963615332608,2,NA,NA,NA,NA,NA,NA,2023-12-01,1486,"Total revenues accrual",NA,"OK",NA
"factor_midas","Germany","Revenues","2023-12-27",-466.455758216499,2,NA,NA,NA,NA,NA,NA,2023-12-01,1486,"Total revenues accrual",NA,"OK",NA
"factor_midas","Germany","Revenues","2023-12-28",-89.7695508762745,2,NA,NA,NA,NA,NA,NA,2023-12-01,1486,"Total revenues accrual",NA,"OK",NA
"factor_midas","Germany","Revenues","2024-01-01",-725.40298161315,2,NA,NA,NA,NA,NA,NA,2024-01-01,1486,"Total revenues accrual",NA,"OK",NA
"factor_midas","Germany","Revenues","2024-01-05",-662.497570438421,2,NA,NA,NA,NA,NA,NA,2024-01-01,1486,"Total revenues accrual",NA,"OK",NA
"factor_midas","Germany","Revenues","2024-01-15",-1149.54090350285,2,NA,NA,NA,NA,NA,NA,2024-01-01,1486,"Total revenues accrual",NA,"OK",NA
"factor_midas","Germany","Revenues","2024-01-25",-1503.21030554728,2,NA,NA,NA,NA,NA,NA,2024-01-01,1486,"Total revenues accrual",NA,"OK",NA
"factor_midas","Germany","Revenues","2024-01-27",81.3128230204379,2,NA,NA,NA,NA,NA,NA,2024-01-01,1486,"Total revenues accrual",NA,"OK",NA
"factor_midas","Germany","Revenues","2024-02-01",35.3958814245239,2,NA,NA,NA,NA,NA,NA,2024-02-01,1486,"Total revenues accrual",NA,"OK",NA
"factor_midas","Germany","Revenues","2024-02-04",310.206357572954,2,NA,NA,NA,NA,NA,NA,2024-02-01,1486,"Total revenues accrual",NA,"OK",NA
"factor_midas","Germany","Revenues","2024-02-05",528.940477409591,2,NA,NA,NA,NA,NA,NA,2024-02-01,1486,"Total revenues accrual",NA,"OK",NA
"factor_midas","Germany","Revenues","2024-02-15",-522.39771197784,2,NA,NA,NA,NA,NA,NA,2024-02-01,1486,"Total revenues accrual",NA,"OK",NA
"factor_midas","Germany","Revenues","2024-02-27",165.011603145933,2,NA,NA,NA,NA,NA,NA,2024-02-01,1486,"Total revenues accrual",NA,"OK",NA
"factor_midas","Germany","Revenues","2024-02-29",196.627241390012,2,NA,NA,NA,NA,NA,NA,2024-02-01,1486,"Total revenues accrual",NA,"OK",NA
"factor_midas","Germany","Revenues","2024-03-01",67.8112671808021,2,NA,NA,NA,NA,NA,NA,2024-03-01,1486,"Total revenues accrual",NA,"OK",NA
"factor_midas","Germany","Revenues","2024-03-05",-442.458726518648,2,NA,NA,NA,NA,NA,NA,2024-03-01,1486,"Total revenues accrual",NA,"OK",NA
"factor_midas","Germany","Revenues","2024-03-15",836.011922372609,2,NA,NA,NA,NA,NA,NA,2024-03-01,2435,"Total revenues accrual",NA,"OK",NA
"factor_midas","Germany","Revenues","2024-03-27",541.924309349371,2,NA,NA,NA,NA,NA,NA,2024-03-01,2435,"Total revenues accrual",NA,"OK",NA
"factor_midas","Germany","Revenues","2024-03-28",663.059939716616,2,NA,NA,NA,NA,NA,NA,2024-03-01,2435,"Total revenues accrual",NA,"OK",NA
"factor_midas","Germany","Revenues","2024-04-01",141.123078852459,2,NA,NA,NA,NA,NA,NA,2024-04-01,2435,"Total revenues accrual",NA,"OK",NA
"factor_midas","Germany","Revenues","2024-04-05",33.3737894411488,2,NA,NA,NA,NA,NA,NA,2024-04-01,2435,"Total revenues accrual",NA,"OK",NA
"factor_midas","Germany","Revenues","2024-04-15",975.358867900083,2,NA,NA,NA,NA,NA,NA,2024-04-01,2435,"Total revenues accrual",NA,"OK",NA
"factor_midas","Germany","Revenues","2024-04-25",1181.53908163152,2,NA,NA,NA,NA,NA,NA,2024-04-01,2435,"Total revenues accrual",NA,"OK",NA
"factor_midas","Germany","Revenues","2024-04-27",3074.07411590865,2,NA,NA,NA,NA,NA,NA,2024-04-01,2435,"Total revenues accrual",NA,"OK",NA
"factor_midas","Germany","Revenues","2024-05-01",2690.70813281088,2,NA,NA,NA,NA,NA,NA,2024-05-01,2435,"Total revenues accrual",NA,"OK",NA
"factor_midas","Germany","Revenues","2024-05-03",2772.68967956391,2,NA,NA,NA,NA,NA,NA,2024-05-01,2435,"Total revenues accrual",NA,"OK",NA
"factor_midas","Germany","Revenues","2024-05-05",2639.62849918352,2,NA,NA,NA,NA,NA,NA,2024-05-01,2435,"Total revenues accrual",NA,"OK",NA
"factor_midas","Germany","Revenues","2024-05-15",4310.38380899246,2,NA,NA,NA,NA,NA,NA,2024-05-01,2435,"Total revenues accrual",NA,"OK",NA
"factor_midas","Germany","Revenues","2024-05-27",5634.81489703711,2,NA,NA,NA,NA,NA,NA,2024-05-01,2435,"Total revenues accrual",NA,"OK",NA
"factor_midas","Germany","Revenues","2024-05-30",5582.86043633909,2,NA,NA,NA,NA,NA,NA,2024-05-01,2435,"Total revenues accrual",NA,"OK",NA
"factor_midas","Germany","Revenues","2024-06-01",5502.05913504707,2,NA,NA,NA,NA,NA,NA,2024-06-01,2435,"Total revenues accrual",NA,"OK",NA
"factor_midas","Germany","Revenues","2024-06-05",5408.07870985662,2,NA,NA,NA,NA,NA,NA,2024-06-01,2435,"Total revenues accrual",NA,"OK",NA
"factor_midas","Germany","Revenues","2024-06-06",5552.89429676706,2,NA,NA,NA,NA,NA,NA,2024-06-01,2435,"Total revenues accrual",NA,"OK",NA
"factor_midas","Germany","Revenues","2024-06-15",398.586054050908,2,NA,NA,NA,NA,NA,NA,2024-06-01,9768,"Total revenues accrual",NA,"OK",NA
"factor_midas","Germany","Revenues","2024-06-27",97.8936958611544,2,NA,NA,NA,NA,NA,NA,2024-06-01,9768,"Total revenues accrual",NA,"OK",NA
"factor_midas","Germany","Revenues","2024-07-01",188.007694558389,2,NA,NA,NA,NA,NA,NA,2024-07-01,9768,"Total revenues accrual",NA,"OK",NA
"factor_midas","Germany","Revenues","2024-07-05",264.823549004681,2,NA,NA,NA,NA,NA,NA,2024-07-01,9768,"Total revenues accrual",NA,"OK",NA
"factor_midas","Germany","Revenues","2024-07-15",280.85861146661,2,NA,NA,NA,NA,NA,NA,2024-07-01,9768,"Total revenues accrual",NA,"OK",NA
"factor_midas","Germany","Revenues","2024-07-25",303.356173368953,2,NA,NA,NA,NA,NA,NA,2024-07-01,9768,"Total revenues accrual",NA,"OK",NA
"factor_midas","Germany","Revenues","2024-07-27",886.904797131143,2,NA,NA,NA,NA,NA,NA,2024-07-01,9768,"Total revenues accrual",NA,"OK",NA
"factor_midas","Germany","Revenues","2024-08-01",897.763464270123,2,NA,NA,NA,NA,NA,NA,2024-08-01,9768,"Total revenues accrual",NA,"OK",NA
"factor_midas","Germany","Revenues","2024-08-04",53.3547427697554,2,NA,NA,NA,NA,NA,NA,2024-08-01,9768,"Total revenues accrual",NA,"OK",NA
"factor_midas","Germany","Revenues","2024-08-05",216.572126211041,2,NA,NA,NA,NA,NA,NA,2024-08-01,9768,"Total revenues accrual",NA,"OK",NA
"factor_midas","Germany","Revenues","2024-08-15",131.96972640815,2,NA,NA,NA,NA,NA,NA,2024-08-01,9768,"Total revenues accrual",NA,"OK",NA
"factor_midas","Germany","Revenues","2024-08-27",965.038924796089,2,NA,NA,NA,NA,NA,NA,2024-08-01,9768,"Total revenues accrual",NA,"OK",NA
"factor_midas","Germany","Revenues","2024-08-29",1100.61847292118,2,NA,NA,NA,NA,NA,NA,2024-08-01,9768,"Total revenues accrual",NA,"OK",NA
"factor_midas","Germany","Revenues","2024-09-01",1055.57622096981,2,NA,NA,NA,NA,NA,NA,2024-09-01,9768,"Total revenues accrual",NA,"OK",NA
"factor_midas","Germany","Revenues","2024-09-05",717.23988048418,2,NA,NA,NA,NA,NA,NA,2024-09-01,9768,"Total revenues accrual",NA,"OK",NA
"factor_midas","Germany","Revenues","2024-09-07",302.698966763639,2,NA,NA,NA,NA,NA,NA,2024-09-01,9768,"Total revenues accrual",NA,"OK",NA
"factor_midas","Germany","Revenues","2024-09-15",1434.87953597043,2,NA,NA,NA,NA,NA,NA,2024-09-01,8630,"Total revenues accrual",NA,"OK",NA
"factor_midas","Germany","Revenues","2024-09-26",1322.44288253409,2,NA,NA,NA,NA,NA,NA,2024-09-01,8630,"Total revenues accrual",NA,"OK",NA
"factor_midas","Germany","Revenues","2024-09-27",1437.55652939738,2,NA,NA,NA,NA,NA,NA,2024-09-01,8630,"Total revenues accrual",NA,"OK",NA
"factor_midas","Germany","Revenues","2024-10-01",1144.49488042854,2,NA,NA,NA,NA,NA,NA,2024-10-01,8630,"Total revenues accrual",NA,"OK",NA
"factor_midas","Germany","Revenues","2024-10-02",695.641140755625,2,NA,NA,NA,NA,NA,NA,2024-10-01,8630,"Total revenues accrual",NA,"OK",NA
"factor_midas","Germany","Revenues","2024-10-05",645.547909871619,2,NA,NA,NA,NA,NA,NA,2024-10-01,8630,"Total revenues accrual",NA,"OK",NA
"factor_midas","Germany","Revenues","2024-10-15",160.656855391119,2,NA,NA,NA,NA,NA,NA,2024-10-01,8630,"Total revenues accrual",NA,"OK",NA
"factor_midas","Germany","Revenues","2024-10-27",1189.51247002974,2,NA,NA,NA,NA,NA,NA,2024-10-01,8630,"Total revenues accrual",NA,"OK",NA
"factor_midas","Germany","Revenues","2024-10-31",1271.40113329333,2,NA,NA,NA,NA,NA,NA,2024-10-01,8630,"Total revenues accrual",NA,"OK",NA
"factor_midas","Germany","Revenues","2024-11-01",1117.48873422149,2,NA,NA,NA,NA,NA,NA,2024-11-01,8630,"Total revenues accrual",NA,"OK",NA
"factor_midas","Germany","Revenues","2024-11-05",821.007623389268,2,NA,NA,NA,NA,NA,NA,2024-11-01,8630,"Total revenues accrual",NA,"OK",NA
"factor_midas","Germany","Revenues","2024-11-15",725.013894476082,2,NA,NA,NA,NA,NA,NA,2024-11-01,8630,"Total revenues accrual",NA,"OK",NA
"factor_midas","Germany","Revenues","2024-11-27",1700.37794218836,2,NA,NA,NA,NA,NA,NA,2024-11-01,8630,"Total revenues accrual",NA,"OK",NA
"factor_midas","Germany","Revenues","2024-11-28",1867.10856358277,2,NA,NA,NA,NA,NA,NA,2024-11-01,8630,"Total revenues accrual",NA,"OK",NA
"factor_midas","Germany","Revenues","2024-12-01",1985.54737680313,2,NA,NA,NA,NA,NA,NA,2024-12-01,8630,"Total revenues accrual",NA,"OK",NA
"factor_midas","Germany","Revenues","2024-12-05",1847.40440754293,2,NA,NA,NA,NA,NA,NA,2024-12-01,8630,"Total revenues accrual",NA,"OK",NA
"factor_midas","Germany","Revenues","2024-12-07",1854.12415595274,2,NA,NA,NA,NA,NA,NA,2024-12-01,8630,"Total revenues accrual",NA,"OK",NA
"factor_midas","Germany","Revenues","2024-12-15",836.261194159676,2,NA,NA,NA,NA,NA,NA,2024-12-01,9302,"Total revenues accrual",NA,"OK",NA
"factor_midas","Germany","Revenues","2024-12-26",604.564416866583,2,NA,NA,NA,NA,NA,NA,2024-12-01,9302,"Total revenues accrual",NA,"OK",NA
"factor_midas","Germany","Revenues","2024-12-27",1090.82856180051,2,NA,NA,NA,NA,NA,NA,2024-12-01,9302,"Total revenues accrual",NA,"OK",NA
"factor_midas","Germany","Revenues","2025-01-01",1403.94410214363,2,NA,NA,NA,NA,NA,NA,2025-01-01,9302,"Total revenues accrual",NA,"OK",NA
"factor_midas","Germany","Revenues","2025-01-03",1421.2652402006,2,NA,NA,NA,NA,NA,NA,2025-01-01,9302,"Total revenues accrual",NA,"OK",NA
"factor_midas","Germany","Revenues","2025-01-05",1387.94834961411,2,NA,NA,NA,NA,NA,NA,2025-01-01,9302,"Total revenues accrual",NA,"OK",NA
"factor_midas","Germany","Revenues","2025-01-15",205.338997416725,2,NA,NA,NA,NA,NA,NA,2025-01-01,9302,"Total revenues accrual",NA,"OK",NA
"factor_midas","Germany","Revenues","2025-01-27",69.416445994169,2,NA,NA,NA,NA,NA,NA,2025-01-01,9302,"Total revenues accrual",NA,"OK",NA
"factor_midas","Germany","Revenues","2025-01-30",214.112203702656,2,NA,NA,NA,NA,NA,NA,2025-01-01,9302,"Total revenues accrual",NA,"OK",NA
"factor_midas","Germany","Revenues","2025-02-01",-329.945763505042,2,NA,NA,NA,NA,NA,NA,2025-02-01,9302,"Total revenues accrual",NA,"OK",NA
"factor_midas","Germany","Revenues","2025-02-05",-57.1927955124138,2,NA,NA,NA,NA,NA,NA,2025-02-01,9302,"Total revenues accrual",NA,"OK",NA
"factor_midas","Germany","Revenues","2025-02-06",-384.66995856718,2,NA,NA,NA,NA,NA,NA,2025-02-01,9302,"Total revenues accrual",NA,"OK",NA
"factor_midas","Germany","Revenues","2025-02-15",-5782.31333175476,2,NA,NA,NA,NA,NA,NA,2025-02-01,9302,"Total revenues accrual",NA,"OK",NA
"factor_midas","Germany","Revenues","2025-02-27",-5734.97799636459,2,NA,NA,NA,NA,NA,NA,2025-02-01,9302,"Total revenues accrual",NA,"OK",NA
"factor_midas","Germany","Revenues","2025-03-01",-5679.39867524557,2,NA,NA,NA,NA,NA,NA,2025-03-01,9302,"Total revenues accrual",NA,"OK",NA
"factor_midas","Germany","Revenues","2025-03-05",-5700.96176514119,2,NA,NA,NA,NA,NA,NA,2025-03-01,9302,"Total revenues accrual",NA,"OK",NA
"factor_midas","Germany","Revenues","2025-03-06",-5921.4049688727,2,NA,NA,NA,NA,NA,NA,2025-03-01,9302,"Total revenues accrual",NA,"OK",NA
"factor_midas","Germany","Revenues","2025-03-15",2746.4084017624,2,NA,NA,NA,NA,NA,NA,2025-03-01,6375,"Total revenues accrual",NA,"OK",NA
"factor_midas","Germany","Revenues","2025-03-27",2589.67147989339,2,NA,NA,NA,NA,NA,NA,2025-03-01,6375,"Total revenues accrual",NA,"OK",NA
"factor_midas","Germany","Revenues","2025-04-01",2333.94087649157,2,NA,NA,NA,NA,NA,NA,2025-04-01,6375,"Total revenues accrual",NA,"OK",NA
"factor_midas","Germany","Revenues","2025-04-02",2275.06592045366,2,NA,NA,NA,NA,NA,NA,2025-04-01,6375,"Total revenues accrual",NA,"OK",NA
"factor_midas","Germany","Revenues","2025-04-05",2284.52415670863,2,NA,NA,NA,NA,NA,NA,2025-04-01,6375,"Total revenues accrual",NA,"OK",NA
"factor_midas","Germany","Revenues","2025-04-15",2272.04978097762,2,NA,NA,NA,NA,NA,NA,2025-04-01,6375,"Total revenues accrual",NA,"OK",NA
"factor_midas","Germany","Revenues","2025-04-24",2322.09943869305,2,NA,NA,NA,NA,NA,NA,2025-04-01,6375,"Total revenues accrual",NA,"OK",NA
"factor_midas","Germany","Revenues","2025-04-27",2166.84609505184,2,NA,NA,NA,NA,NA,NA,2025-04-01,6375,"Total revenues accrual",NA,"OK",NA
"factor_midas","Germany","Revenues","2025-05-01",1553.58559291472,2,NA,NA,NA,NA,NA,NA,2025-05-01,6375,"Total revenues accrual",NA,"OK",NA
"factor_midas","Germany","Revenues","2025-05-04",1836.01857659206,2,NA,NA,NA,NA,NA,NA,2025-05-01,6375,"Total revenues accrual",NA,"OK",NA
"factor_midas","Germany","Revenues","2025-05-05",2238.69699128545,2,NA,NA,NA,NA,NA,NA,2025-05-01,6375,"Total revenues accrual",NA,"OK",NA
"factor_midas","Germany","Revenues","2025-05-15",1392.14620704537,2,NA,NA,NA,NA,NA,NA,2025-05-01,6375,"Total revenues accrual",NA,"OK",NA
"factor_midas","Germany","Revenues","2025-05-27",934.715864232784,2,NA,NA,NA,NA,NA,NA,2025-05-01,6375,"Total revenues accrual",NA,"OK",NA
"factor_midas","Germany","Revenues","2025-05-29",723.691155701854,2,NA,NA,NA,NA,NA,NA,2025-05-01,6375,"Total revenues accrual",NA,"OK",NA
"factor_midas","Germany","Revenues","2025-06-01",746.547914547216,2,NA,NA,NA,NA,NA,NA,2025-06-01,6375,"Total revenues accrual",NA,"OK",NA
"factor_midas","Germany","Revenues","2025-06-05",229.380461009939,2,NA,NA,NA,NA,NA,NA,2025-06-01,6375,"Total revenues accrual",NA,"OK",NA
"factor_midas","Germany","Revenues","2025-06-07",-69.8605755033959,2,NA,NA,NA,NA,NA,NA,2025-06-01,6375,"Total revenues accrual",NA,"OK",NA
"factor_midas","Germany","Revenues","2025-06-15",3327.4987200289,2,NA,NA,NA,NA,NA,NA,2025-06-01,8452,"Total revenues accrual",NA,"OK",NA
"factor_midas","Germany","Revenues","2025-06-26",3271.64186466553,2,NA,NA,NA,NA,NA,NA,2025-06-01,8452,"Total revenues accrual",NA,"OK",NA
"factor_midas","Germany","Revenues","2025-06-27",3068.8677254351,2,NA,NA,NA,NA,NA,NA,2025-06-01,8452,"Total revenues accrual",NA,"OK",NA
"factor_midas","Germany","Revenues","2025-07-01",3124.90317932436,2,NA,NA,NA,NA,NA,NA,2025-07-01,8452,"Total revenues accrual",NA,"OK",NA
"factor_midas","Germany","Revenues","2025-07-02",3036.79059662947,2,NA,NA,NA,NA,NA,NA,2025-07-01,8452,"Total revenues accrual",NA,"OK",NA
"factor_midas","Germany","Revenues","2025-07-05",2968.42674504435,2,NA,NA,NA,NA,NA,NA,2025-07-01,8452,"Total revenues accrual",NA,"OK",NA
"factor_midas","Germany","Revenues","2025-07-15",2769.79157952001,2,NA,NA,NA,NA,NA,NA,2025-07-01,8452,"Total revenues accrual",NA,"OK",NA
"factor_midas","Germany","Revenues","2025-07-27",3016.45385569769,2,NA,NA,NA,NA,NA,NA,2025-07-01,8452,"Total revenues accrual",NA,"OK",NA
"factor_midas","Germany","Revenues","2025-07-31",3108.25505781089,2,NA,NA,NA,NA,NA,NA,2025-07-01,8452,"Total revenues accrual",NA,"OK",NA
"factor_midas","Germany","Revenues","2025-08-01",3151.82125128589,2,NA,NA,NA,NA,NA,NA,2025-08-01,8452,"Total revenues accrual",NA,"OK",NA
"factor_midas","Germany","Revenues","2025-08-05",3903.91430426427,2,NA,NA,NA,NA,NA,NA,2025-08-01,8452,"Total revenues accrual",NA,"OK",NA
"factor_midas","Germany","Revenues","2025-08-15",2917.6947082002,2,NA,NA,NA,NA,NA,NA,2025-08-01,8452,"Total revenues accrual",NA,"OK",NA
"factor_midas","Germany","Revenues","2025-08-27",2931.27939130851,2,NA,NA,NA,NA,NA,NA,2025-08-01,8452,"Total revenues accrual",NA,"OK",NA
"factor_midas","Germany","Revenues","2025-08-28",3022.60754047777,2,NA,NA,NA,NA,NA,NA,2025-08-01,8452,"Total revenues accrual",NA,"OK",NA
"factor_midas","Germany","Revenues","2025-09-01",2813.43770562647,2,NA,NA,NA,NA,NA,NA,2025-09-01,8452,"Total revenues accrual",NA,"OK",NA
"factor_midas","Germany","Revenues","2025-09-05",2578.85105652194,2,NA,NA,NA,NA,NA,NA,2025-09-01,8452,"Total revenues accrual",NA,"OK",NA
"factor_midas","Germany","Revenues","2025-09-15",3210.79611331265,2,NA,NA,NA,NA,NA,NA,2025-09-01,707,"Total revenues accrual",NA,"OK",NA
"factor_midas","Germany","Revenues","2025-09-25",3183.61276702705,2,NA,NA,NA,NA,NA,NA,2025-09-01,707,"Total revenues accrual",NA,"OK",NA
"factor_midas","Germany","Revenues","2025-09-27",3266.94312703145,2,NA,NA,NA,NA,NA,NA,2025-09-01,707,"Total revenues accrual",NA,"OK",NA
"factor_midas","Germany","Revenues","2025-10-01",3299.72795810088,2,NA,NA,NA,NA,NA,NA,2025-10-01,707,"Total revenues accrual",NA,"OK",NA
"factor_midas","Germany","Revenues","2025-10-03",3144.05567585838,2,NA,NA,NA,NA,NA,NA,2025-10-01,707,"Total revenues accrual",NA,"OK",NA
"factor_midas","Germany","Revenues","2025-10-05",3119.03649158676,2,NA,NA,NA,NA,NA,NA,2025-10-01,707,"Total revenues accrual",NA,"OK",NA
"factor_midas","Germany","Revenues","2025-10-15",3203.12505232701,2,NA,NA,NA,NA,NA,NA,2025-10-01,707,"Total revenues accrual",NA,"OK",NA
"factor_midas","Germany","Revenues","2025-10-27",3082.39550562412,2,NA,NA,NA,NA,NA,NA,2025-10-01,707,"Total revenues accrual",NA,"OK",NA
"factor_midas","Germany","Revenues","2025-10-30",3160.46983237421,2,NA,NA,NA,NA,NA,NA,2025-10-01,707,"Total revenues accrual",NA,"OK",NA
"factor_midas","Germany","Revenues","2025-11-01",3396.08299958867,2,NA,NA,NA,NA,NA,NA,2025-11-01,707,"Total revenues accrual",NA,"OK",NA
"factor_midas","Germany","Revenues","2025-11-05",2762.43600775982,2,NA,NA,NA,NA,NA,NA,2025-11-01,707,"Total revenues accrual",NA,"OK",NA
"factor_midas","Germany","Revenues","2025-11-06",2762.43600775982,2,NA,NA,NA,NA,NA,NA,2025-11-01,707,"Total revenues accrual",NA,"OK",NA
"factor_midas","Germany","Revenues","2025-11-15",2253.89591663428,2,NA,NA,NA,NA,NA,NA,2025-11-01,707,"Total revenues accrual",NA,"OK",NA
"factor_midas","Germany","Revenues","2025-11-27",1911.56819735842,2,NA,NA,NA,NA,NA,NA,2025-11-01,707,"Total revenues accrual",NA,"OK",NA
"factor_midas","Germany","Revenues","2025-12-01",1904.14322691661,2,NA,NA,NA,NA,NA,NA,2025-12-01,707,"Total revenues accrual",NA,"OK",NA
"factor_midas","Germany","Revenues","2025-12-05",1947.10409699662,2,NA,NA,NA,NA,NA,NA,2025-12-01,707,"Total revenues accrual",NA,"OK",NA
"factor_midas","Germany","Revenues","2025-12-15",2968.76841351919,2,NA,NA,NA,NA,NA,NA,2025-12-01,707,"Total revenues accrual",NA,"OK",NA
"factor_midas","Germany","Revenues","2025-12-25",2883.30576345825,2,NA,NA,NA,NA,NA,NA,2025-12-01,707,"Total revenues accrual",NA,"OK",NA
"factor_midas","Germany","Revenues","2025-12-27",2184.69337801718,2,NA,NA,NA,NA,NA,NA,2025-12-01,707,"Total revenues accrual",NA,"OK",NA
"factor_midas","Germany","Revenues","2026-01-05",2281.08239438175,2,NA,NA,NA,NA,NA,NA,2026-01-01,707,"Total revenues accrual",NA,"OK",NA
"factor_midas","Germany","Revenues","2026-01-15",2251.38921853637,2,NA,NA,NA,NA,NA,NA,2026-01-01,707,"Total revenues accrual",NA,"OK",NA
"factor_midas","Germany","Revenues","2026-02-05",1902.28887210765,2,NA,NA,NA,NA,NA,NA,2026-02-01,707,"Total revenues accrual",NA,"OK",NA
"factor_midas","Germany","Revenues","2026-02-15",1902.28887210765,2,NA,NA,NA,NA,NA,NA,2026-02-01,707,"Total revenues accrual",NA,"OK",NA
"factor_midas","Germany","Revenues","2026-03-15",1898.04312435108,2,NA,NA,NA,NA,NA,NA,2026-03-01,707,"Total revenues accrual",NA,"OK",NA
