"model","country","block","publication_date","nowcast_value","nb_factors","lambda","gamma","cv_mse","df","n_selected","n_selected_groups","date_new","last_obs_y","target_name","selected_columns","status","error"
"rw","Germany","Revenues","2013-01-01",-4832,NA,NA,NA,NA,NA,NA,NA,2013-01-01,-4832,"Total revenues accrual",NA,"OK",NA
"rw","Germany","Revenues","2013-01-02",-4832,NA,NA,NA,NA,NA,NA,NA,2013-01-01,-4832,"Total revenues accrual",NA,"OK",NA
"rw","Germany","Revenues","2013-01-05",-4832,NA,NA,NA,NA,NA,NA,NA,2013-01-01,-4832,"Total revenues accrual",NA,"OK",NA
"rw","Germany","Revenues","2013-01-15",-4832,NA,NA,NA,NA,NA,NA,NA,2013-01-01,-4832,"Total revenues accrual",NA,"OK",NA
"rw","Germany","Revenues","2013-01-27",-4832,NA,NA,NA,NA,NA,NA,NA,2013-01-01,-4832,"Total revenues accrual",NA,"OK",NA
"rw","Germany","Revenues","2013-01-31",-4832,NA,NA,NA,NA,NA,NA,NA,2013-01-01,-4832,"Total revenues accrual",NA,"OK",NA
"rw","Germany","Revenues","2013-02-01",-4832,NA,NA,NA,NA,NA,NA,NA,2013-02-01,-4832,"Total revenues accrual",NA,"OK",NA
"rw","Germany","Revenues","2013-02-05",-4832,NA,NA,NA,NA,NA,NA,NA,2013-02-01,-4832,"Total revenues accrual",NA,"OK",NA
"rw","Germany","Revenues","2013-02-15",-4832,NA,NA,NA,NA,NA,NA,NA,2013-02-01,-4832,"Total revenues accrual",NA,"OK",NA
"rw","Germany","Revenues","2013-02-27",-4832,NA,NA,NA,NA,NA,NA,NA,2013-02-01,-4832,"Total revenues accrual",NA,"OK",NA
"rw","Germany","Revenues","2013-02-28",-4832,NA,NA,NA,NA,NA,NA,NA,2013-02-01,-4832,"Total revenues accrual",NA,"OK",NA
"rw","Germany","Revenues","2013-03-01",-4832,NA,NA,NA,NA,NA,NA,NA,2013-03-01,-4832,"Total revenues accrual",NA,"OK",NA
"rw","Germany","Revenues","2013-03-05",-4832,NA,NA,NA,NA,NA,NA,NA,2013-03-01,-4832,"Total revenues accrual",NA,"OK",NA
"rw","Germany","Revenues","2013-03-15",1765,NA,NA,NA,NA,NA,NA,NA,2013-03-01,1765,"Total revenues accrual",NA,"OK",NA
"rw","Germany","Revenues","2013-03-27",1765,NA,NA,NA,NA,NA,NA,NA,2013-03-01,1765,"Total revenues accrual",NA,"OK",NA
"rw","Germany","Revenues","2013-03-28",1765,NA,NA,NA,NA,NA,NA,NA,2013-03-01,1765,"Total revenues accrual",NA,"OK",NA
"rw","Germany","Revenues","2013-04-01",1765,NA,NA,NA,NA,NA,NA,NA,2013-04-01,1765,"Total revenues accrual",NA,"OK",NA
"rw","Germany","Revenues","2013-04-05",1765,NA,NA,NA,NA,NA,NA,NA,2013-04-01,1765,"Total revenues accrual",NA,"OK",NA
"rw","Germany","Revenues","2013-04-15",1765,NA,NA,NA,NA,NA,NA,NA,2013-04-01,1765,"Total revenues accrual",NA,"OK",NA
"rw","Germany","Revenues","2013-04-25",1765,NA,NA,NA,NA,NA,NA,NA,2013-04-01,1765,"Total revenues accrual",NA,"OK",NA
"rw","Germany","Revenues","2013-04-27",1765,NA,NA,NA,NA,NA,NA,NA,2013-04-01,1765,"Total revenues accrual",NA,"OK",NA
"rw","Germany","Revenues","2013-05-01",1765,NA,NA,NA,NA,NA,NA,NA,2013-05-01,1765,"Total revenues accrual",NA,"OK",NA
"rw","Germany","Revenues","2013-05-03",1765,NA,NA,NA,NA,NA,NA,NA,2013-05-01,1765,"Total revenues accrual",NA,"OK",NA
"rw","Germany","Revenues","2013-05-05",1765,NA,NA,NA,NA,NA,NA,NA,2013-05-01,1765,"Total revenues accrual",NA,"OK",NA
"rw","Germany","Revenues","2013-05-15",1765,NA,NA,NA,NA,NA,NA,NA,2013-05-01,1765,"Total revenues accrual",NA,"OK",NA
"rw","Germany","Revenues","2013-05-27",1765,NA,NA,NA,NA,NA,NA,NA,2013-05-01,1765,"Total revenues accrual",NA,"OK",NA
"rw","Germany","Revenues","2013-05-30",1765,NA,NA,NA,NA,NA,NA,NA,2013-05-01,1765,"Total revenues accrual",NA,"OK",NA
"rw","Germany","Revenues","2013-06-01",1765,NA,NA,NA,NA,NA,NA,NA,2013-06-01,1765,"Total revenues accrual",NA,"OK",NA
"rw","Germany","Revenues","2013-06-05",1765,NA,NA,NA,NA,NA,NA,NA,2013-06-01,1765,"Total revenues accrual",NA,"OK",NA
"rw","Germany","Revenues","2013-06-06",1765,NA,NA,NA,NA,NA,NA,NA,2013-06-01,1765,"Total revenues accrual",NA,"OK",NA
"rw","Germany","Revenues","2013-06-15",11186,NA,NA,NA,NA,NA,NA,NA,2013-06-01,11186,"Total revenues accrual",NA,"OK",NA
"rw","Germany","Revenues","2013-06-27",11186,NA,NA,NA,NA,NA,NA,NA,2013-06-01,11186,"Total revenues accrual",NA,"OK",NA
"rw","Germany","Revenues","2013-07-01",11186,NA,NA,NA,NA,NA,NA,NA,2013-07-01,11186,"Total revenues accrual",NA,"OK",NA
"rw","Germany","Revenues","2013-07-05",11186,NA,NA,NA,NA,NA,NA,NA,2013-07-01,11186,"Total revenues accrual",NA,"OK",NA
"rw","Germany","Revenues","2013-07-15",11186,NA,NA,NA,NA,NA,NA,NA,2013-07-01,11186,"Total revenues accrual",NA,"OK",NA
"rw","Germany","Revenues","2013-07-25",11186,NA,NA,NA,NA,NA,NA,NA,2013-07-01,11186,"Total revenues accrual",NA,"OK",NA
"rw","Germany","Revenues","2013-07-27",11186,NA,NA,NA,NA,NA,NA,NA,2013-07-01,11186,"Total revenues accrual",NA,"OK",NA
"rw","Germany","Revenues","2013-08-01",11186,NA,NA,NA,NA,NA,NA,NA,2013-08-01,11186,"Total revenues accrual",NA,"OK",NA
"rw","Germany","Revenues","2013-08-04",11186,NA,NA,NA,NA,NA,NA,NA,2013-08-01,11186,"Total revenues accrual",NA,"OK",NA
"rw","Germany","Revenues","2013-08-05",11186,NA,NA,NA,NA,NA,NA,NA,2013-08-01,11186,"Total revenues accrual",NA,"OK",NA
"rw","Germany","Revenues","2013-08-15",11186,NA,NA,NA,NA,NA,NA,NA,2013-08-01,11186,"Total revenues accrual",NA,"OK",NA
"rw","Germany","Revenues","2013-08-27",11186,NA,NA,NA,NA,NA,NA,NA,2013-08-01,11186,"Total revenues accrual",NA,"OK",NA
"rw","Germany","Revenues","2013-08-29",11186,NA,NA,NA,NA,NA,NA,NA,2013-08-01,11186,"Total revenues accrual",NA,"OK",NA
"rw","Germany","Revenues","2013-09-01",11186,NA,NA,NA,NA,NA,NA,NA,2013-09-01,11186,"Total revenues accrual",NA,"OK",NA
"rw","Germany","Revenues","2013-09-05",11186,NA,NA,NA,NA,NA,NA,NA,2013-09-01,11186,"Total revenues accrual",NA,"OK",NA
"rw","Germany","Revenues","2013-09-07",11186,NA,NA,NA,NA,NA,NA,NA,2013-09-01,11186,"Total revenues accrual",NA,"OK",NA
"rw","Germany","Revenues","2013-09-15",-1109,NA,NA,NA,NA,NA,NA,NA,2013-09-01,-1109,"Total revenues accrual",NA,"OK",NA
"rw","Germany","Revenues","2013-09-26",-1109,NA,NA,NA,NA,NA,NA,NA,2013-09-01,-1109,"Total revenues accrual",NA,"OK",NA
"rw","Germany","Revenues","2013-09-27",-1109,NA,NA,NA,NA,NA,NA,NA,2013-09-01,-1109,"Total revenues accrual",NA,"OK",NA
"rw","Germany","Revenues","2013-10-01",-1109,NA,NA,NA,NA,NA,NA,NA,2013-10-01,-1109,"Total revenues accrual",NA,"OK",NA
"rw","Germany","Revenues","2013-10-02",-1109,NA,NA,NA,NA,NA,NA,NA,2013-10-01,-1109,"Total revenues accrual",NA,"OK",NA
"rw","Germany","Revenues","2013-10-05",-1109,NA,NA,NA,NA,NA,NA,NA,2013-10-01,-1109,"Total revenues accrual",NA,"OK",NA
"rw","Germany","Revenues","2013-10-15",-1109,NA,NA,NA,NA,NA,NA,NA,2013-10-01,-1109,"Total revenues accrual",NA,"OK",NA
"rw","Germany","Revenues","2013-10-27",-1109,NA,NA,NA,NA,NA,NA,NA,2013-10-01,-1109,"Total revenues accrual",NA,"OK",NA
"rw","Germany","Revenues","2013-10-31",-1109,NA,NA,NA,NA,NA,NA,NA,2013-10-01,-1109,"Total revenues accrual",NA,"OK",NA
"rw","Germany","Revenues","2013-11-01",-1109,NA,NA,NA,NA,NA,NA,NA,2013-11-01,-1109,"Total revenues accrual",NA,"OK",NA
"rw","Germany","Revenues","2013-11-05",-1109,NA,NA,NA,NA,NA,NA,NA,2013-11-01,-1109,"Total revenues accrual",NA,"OK",NA
"rw","Germany","Revenues","2013-11-15",-1109,NA,NA,NA,NA,NA,NA,NA,2013-11-01,-1109,"Total revenues accrual",NA,"OK",NA
"rw","Germany","Revenues","2013-11-27",-1109,NA,NA,NA,NA,NA,NA,NA,2013-11-01,-1109,"Total revenues accrual",NA,"OK",NA
"rw","Germany","Revenues","2013-11-28",-1109,NA,NA,NA,NA,NA,NA,NA,2013-11-01,-1109,"Total revenues accrual",NA,"OK",NA
"rw","Germany","Revenues","2013-12-01",-1109,NA,NA,NA,NA,NA,NA,NA,2013-12-01,-1109,"Total revenues accrual",NA,"OK",NA
"rw","Germany","Revenues","2013-12-05",-1109,NA,NA,NA,NA,NA,NA,NA,2013-12-01,-1109,"Total revenues accrual",NA,"OK",NA
"rw","Germany","Revenues","2013-12-07",-1109,NA,NA,NA,NA,NA,NA,NA,2013-12-01,-1109,"Total revenues accrual",NA,"OK",NA
"rw","Germany","Revenues","2013-12-15",-916,NA,NA,NA,NA,NA,NA,NA,2013-12-01,-916,"Total revenues accrual",NA,"OK",NA
"rw","Germany","Revenues","2013-12-26",-916,NA,NA,NA,NA,NA,NA,NA,2013-12-01,-916,"Total revenues accrual",NA,"OK",NA
"rw","Germany","Revenues","2013-12-27",-916,NA,NA,NA,NA,NA,NA,NA,2013-12-01,-916,"Total revenues accrual",NA,"OK",NA
"rw","Germany","Revenues","2014-01-01",-916,NA,NA,NA,NA,NA,NA,NA,2014-01-01,-916,"Total revenues accrual",NA,"OK",NA
"rw","Germany","Revenues","2014-01-03",-916,NA,NA,NA,NA,NA,NA,NA,2014-01-01,-916,"Total revenues accrual",NA,"OK",NA
"rw","Germany","Revenues","2014-01-05",-916,NA,NA,NA,NA,NA,NA,NA,2014-01-01,-916,"Total revenues accrual",NA,"OK",NA
"rw","Germany","Revenues","2014-01-15",-916,NA,NA,NA,NA,NA,NA,NA,2014-01-01,-916,"Total revenues accrual",NA,"OK",NA
"rw","Germany","Revenues","2014-01-27",-916,NA,NA,NA,NA,NA,NA,NA,2014-01-01,-916,"Total revenues accrual",NA,"OK",NA
"rw","Germany","Revenues","2014-01-30",-916,NA,NA,NA,NA,NA,NA,NA,2014-01-01,-916,"Total revenues accrual",NA,"OK",NA
"rw","Germany","Revenues","2014-02-01",-916,NA,NA,NA,NA,NA,NA,NA,2014-02-01,-916,"Total revenues accrual",NA,"OK",NA
"rw","Germany","Revenues","2014-02-05",-916,NA,NA,NA,NA,NA,NA,NA,2014-02-01,-916,"Total revenues accrual",NA,"OK",NA
"rw","Germany","Revenues","2014-02-06",-916,NA,NA,NA,NA,NA,NA,NA,2014-02-01,-916,"Total revenues accrual",NA,"OK",NA
"rw","Germany","Revenues","2014-02-15",-916,NA,NA,NA,NA,NA,NA,NA,2014-02-01,-916,"Total revenues accrual",NA,"OK",NA
"rw","Germany","Revenues","2014-02-27",-916,NA,NA,NA,NA,NA,NA,NA,2014-02-01,-916,"Total revenues accrual",NA,"OK",NA
"rw","Germany","Revenues","2014-03-01",-916,NA,NA,NA,NA,NA,NA,NA,2014-03-01,-916,"Total revenues accrual",NA,"OK",NA
"rw","Germany","Revenues","2014-03-05",-916,NA,NA,NA,NA,NA,NA,NA,2014-03-01,-916,"Total revenues accrual",NA,"OK",NA
"rw","Germany","Revenues","2014-03-06",-916,NA,NA,NA,NA,NA,NA,NA,2014-03-01,-916,"Total revenues accrual",NA,"OK",NA
"rw","Germany","Revenues","2014-03-15",6157,NA,NA,NA,NA,NA,NA,NA,2014-03-01,6157,"Total revenues accrual",NA,"OK",NA
"rw","Germany","Revenues","2014-03-27",6157,NA,NA,NA,NA,NA,NA,NA,2014-03-01,6157,"Total revenues accrual",NA,"OK",NA
"rw","Germany","Revenues","2014-04-01",6157,NA,NA,NA,NA,NA,NA,NA,2014-04-01,6157,"Total revenues accrual",NA,"OK",NA
"rw","Germany","Revenues","2014-04-02",6157,NA,NA,NA,NA,NA,NA,NA,2014-04-01,6157,"Total revenues accrual",NA,"OK",NA
"rw","Germany","Revenues","2014-04-05",6157,NA,NA,NA,NA,NA,NA,NA,2014-04-01,6157,"Total revenues accrual",NA,"OK",NA
"rw","Germany","Revenues","2014-04-15",6157,NA,NA,NA,NA,NA,NA,NA,2014-04-01,6157,"Total revenues accrual",NA,"OK",NA
"rw","Germany","Revenues","2014-04-24",6157,NA,NA,NA,NA,NA,NA,NA,2014-04-01,6157,"Total revenues accrual",NA,"OK",NA
"rw","Germany","Revenues","2014-04-27",6157,NA,NA,NA,NA,NA,NA,NA,2014-04-01,6157,"Total revenues accrual",NA,"OK",NA
"rw","Germany","Revenues","2014-05-01",6157,NA,NA,NA,NA,NA,NA,NA,2014-05-01,6157,"Total revenues accrual",NA,"OK",NA
"rw","Germany","Revenues","2014-05-04",6157,NA,NA,NA,NA,NA,NA,NA,2014-05-01,6157,"Total revenues accrual",NA,"OK",NA
"rw","Germany","Revenues","2014-05-05",6157,NA,NA,NA,NA,NA,NA,NA,2014-05-01,6157,"Total revenues accrual",NA,"OK",NA
"rw","Germany","Revenues","2014-05-15",6157,NA,NA,NA,NA,NA,NA,NA,2014-05-01,6157,"Total revenues accrual",NA,"OK",NA
"rw","Germany","Revenues","2014-05-27",6157,NA,NA,NA,NA,NA,NA,NA,2014-05-01,6157,"Total revenues accrual",NA,"OK",NA
"rw","Germany","Revenues","2014-05-29",6157,NA,NA,NA,NA,NA,NA,NA,2014-05-01,6157,"Total revenues accrual",NA,"OK",NA
"rw","Germany","Revenues","2014-06-01",6157,NA,NA,NA,NA,NA,NA,NA,2014-06-01,6157,"Total revenues accrual",NA,"OK",NA
"rw","Germany","Revenues","2014-06-05",6157,NA,NA,NA,NA,NA,NA,NA,2014-06-01,6157,"Total revenues accrual",NA,"OK",NA
"rw","Germany","Revenues","2014-06-07",6157,NA,NA,NA,NA,NA,NA,NA,2014-06-01,6157,"Total revenues accrual",NA,"OK",NA
"rw","Germany","Revenues","2014-06-15",2966,NA,NA,NA,NA,NA,NA,NA,2014-06-01,2966,"Total revenues accrual",NA,"OK",NA
"rw","Germany","Revenues","2014-06-26",2966,NA,NA,NA,NA,NA,NA,NA,2014-06-01,2966,"Total revenues accrual",NA,"OK",NA
"rw","Germany","Revenues","2014-06-27",2966,NA,NA,NA,NA,NA,NA,NA,2014-06-01,2966,"Total revenues accrual",NA,"OK",NA
"rw","Germany","Revenues","2014-07-01",2966,NA,NA,NA,NA,NA,NA,NA,2014-07-01,2966,"Total revenues accrual",NA,"OK",NA
"rw","Germany","Revenues","2014-07-02",2966,NA,NA,NA,NA,NA,NA,NA,2014-07-01,2966,"Total revenues accrual",NA,"OK",NA
"rw","Germany","Revenues","2014-07-05",2966,NA,NA,NA,NA,NA,NA,NA,2014-07-01,2966,"Total revenues accrual",NA,"OK",NA
"rw","Germany","Revenues","2014-07-15",2966,NA,NA,NA,NA,NA,NA,NA,2014-07-01,2966,"Total revenues accrual",NA,"OK",NA
"rw","Germany","Revenues","2014-07-27",2966,NA,NA,NA,NA,NA,NA,NA,2014-07-01,2966,"Total revenues accrual",NA,"OK",NA
"rw","Germany","Revenues","2014-07-31",2966,NA,NA,NA,NA,NA,NA,NA,2014-07-01,2966,"Total revenues accrual",NA,"OK",NA
"rw","Germany","Revenues","2014-08-01",2966,NA,NA,NA,NA,NA,NA,NA,2014-08-01,2966,"Total revenues accrual",NA,"OK",NA
"rw","Germany","Revenues","2014-08-05",2966,NA,NA,NA,NA,NA,NA,NA,2014-08-01,2966,"Total revenues accrual",NA,"OK",NA
"rw","Germany","Revenues","2014-08-15",2966,NA,NA,NA,NA,NA,NA,NA,2014-08-01,2966,"Total revenues accrual",NA,"OK",NA
"rw","Germany","Revenues","2014-08-27",2966,NA,NA,NA,NA,NA,NA,NA,2014-08-01,2966,"Total revenues accrual",NA,"OK",NA
"rw","Germany","Revenues","2014-08-28",2966,NA,NA,NA,NA,NA,NA,NA,2014-08-01,2966,"Total revenues accrual",NA,"OK",NA
"rw","Germany","Revenues","2014-09-01",2966,NA,NA,NA,NA,NA,NA,NA,2014-09-01,2966,"Total revenues accrual",NA,"OK",NA
"rw","Germany","Revenues","2014-09-05",2966,NA,NA,NA,NA,NA,NA,NA,2014-09-01,2966,"Total revenues accrual",NA,"OK",NA
"rw","Germany","Revenues","2014-09-15",3466,NA,NA,NA,NA,NA,NA,NA,2014-09-01,3466,"Total revenues accrual",NA,"OK",NA
"rw","Germany","Revenues","2014-09-25",3466,NA,NA,NA,NA,NA,NA,NA,2014-09-01,3466,"Total revenues accrual",NA,"OK",NA
"rw","Germany","Revenues","2014-09-27",3466,NA,NA,NA,NA,NA,NA,NA,2014-09-01,3466,"Total revenues accrual",NA,"OK",NA
"rw","Germany","Revenues","2014-10-01",3466,NA,NA,NA,NA,NA,NA,NA,2014-10-01,3466,"Total revenues accrual",NA,"OK",NA
"rw","Germany","Revenues","2014-10-03",3466,NA,NA,NA,NA,NA,NA,NA,2014-10-01,3466,"Total revenues accrual",NA,"OK",NA
"rw","Germany","Revenues","2014-10-05",3466,NA,NA,NA,NA,NA,NA,NA,2014-10-01,3466,"Total revenues accrual",NA,"OK",NA
"rw","Germany","Revenues","2014-10-15",3466,NA,NA,NA,NA,NA,NA,NA,2014-10-01,3466,"Total revenues accrual",NA,"OK",NA
"rw","Germany","Revenues","2014-10-27",3466,NA,NA,NA,NA,NA,NA,NA,2014-10-01,3466,"Total revenues accrual",NA,"OK",NA
"rw","Germany","Revenues","2014-10-30",3466,NA,NA,NA,NA,NA,NA,NA,2014-10-01,3466,"Total revenues accrual",NA,"OK",NA
"rw","Germany","Revenues","2014-11-01",3466,NA,NA,NA,NA,NA,NA,NA,2014-11-01,3466,"Total revenues accrual",NA,"OK",NA
"rw","Germany","Revenues","2014-11-05",3466,NA,NA,NA,NA,NA,NA,NA,2014-11-01,3466,"Total revenues accrual",NA,"OK",NA
"rw","Germany","Revenues","2014-11-06",3466,NA,NA,NA,NA,NA,NA,NA,2014-11-01,3466,"Total revenues accrual",NA,"OK",NA
"rw","Germany","Revenues","2014-11-15",3466,NA,NA,NA,NA,NA,NA,NA,2014-11-01,3466,"Total revenues accrual",NA,"OK",NA
"rw","Germany","Revenues","2014-11-27",3466,NA,NA,NA,NA,NA,NA,NA,2014-11-01,3466,"Total revenues accrual",NA,"OK",NA
"rw","Germany","Revenues","2014-12-01",3466,NA,NA,NA,NA,NA,NA,NA,2014-12-01,3466,"Total revenues accrual",NA,"OK",NA
"rw","Germany","Revenues","2014-12-05",3466,NA,NA,NA,NA,NA,NA,NA,2014-12-01,3466,"Total revenues accrual",NA,"OK",NA
"rw","Germany","Revenues","2014-12-15",5375,NA,NA,NA,NA,NA,NA,NA,2014-12-01,5375,"Total revenues accrual",NA,"OK",NA
"rw","Germany","Revenues","2014-12-25",5375,NA,NA,NA,NA,NA,NA,NA,2014-12-01,5375,"Total revenues accrual",NA,"OK",NA
"rw","Germany","Revenues","2014-12-27",5375,NA,NA,NA,NA,NA,NA,NA,2014-12-01,5375,"Total revenues accrual",NA,"OK",NA
"rw","Germany","Revenues","2015-01-01",5375,NA,NA,NA,NA,NA,NA,NA,2015-01-01,5375,"Total revenues accrual",NA,"OK",NA
"rw","Germany","Revenues","2015-01-04",5375,NA,NA,NA,NA,NA,NA,NA,2015-01-01,5375,"Total revenues accrual",NA,"OK",NA
"rw","Germany","Revenues","2015-01-05",5375,NA,NA,NA,NA,NA,NA,NA,2015-01-01,5375,"Total revenues accrual",NA,"OK",NA
"rw","Germany","Revenues","2015-01-15",5375,NA,NA,NA,NA,NA,NA,NA,2015-01-01,5375,"Total revenues accrual",NA,"OK",NA
"rw","Germany","Revenues","2015-01-27",5375,NA,NA,NA,NA,NA,NA,NA,2015-01-01,5375,"Total revenues accrual",NA,"OK",NA
"rw","Germany","Revenues","2015-01-29",5375,NA,NA,NA,NA,NA,NA,NA,2015-01-01,5375,"Total revenues accrual",NA,"OK",NA
"rw","Germany","Revenues","2015-02-01",5375,NA,NA,NA,NA,NA,NA,NA,2015-02-01,5375,"Total revenues accrual",NA,"OK",NA
"rw","Germany","Revenues","2015-02-05",5375,NA,NA,NA,NA,NA,NA,NA,2015-02-01,5375,"Total revenues accrual",NA,"OK",NA
"rw","Germany","Revenues","2015-02-07",5375,NA,NA,NA,NA,NA,NA,NA,2015-02-01,5375,"Total revenues accrual",NA,"OK",NA
"rw","Germany","Revenues","2015-02-15",5375,NA,NA,NA,NA,NA,NA,NA,2015-02-01,5375,"Total revenues accrual",NA,"OK",NA
"rw","Germany","Revenues","2015-02-26",5375,NA,NA,NA,NA,NA,NA,NA,2015-02-01,5375,"Total revenues accrual",NA,"OK",NA
"rw","Germany","Revenues","2015-02-27",5375,NA,NA,NA,NA,NA,NA,NA,2015-02-01,5375,"Total revenues accrual",NA,"OK",NA
"rw","Germany","Revenues","2015-03-01",5375,NA,NA,NA,NA,NA,NA,NA,2015-03-01,5375,"Total revenues accrual",NA,"OK",NA
"rw","Germany","Revenues","2015-03-05",5375,NA,NA,NA,NA,NA,NA,NA,2015-03-01,5375,"Total revenues accrual",NA,"OK",NA
"rw","Germany","Revenues","2015-03-07",5375,NA,NA,NA,NA,NA,NA,NA,2015-03-01,5375,"Total revenues accrual",NA,"OK",NA
"rw","Germany","Revenues","2015-03-15",1685,NA,NA,NA,NA,NA,NA,NA,2015-03-01,1685,"Total revenues accrual",NA,"OK",NA
"rw","Germany","Revenues","2015-03-26",1685,NA,NA,NA,NA,NA,NA,NA,2015-03-01,1685,"Total revenues accrual",NA,"OK",NA
"rw","Germany","Revenues","2015-03-27",1685,NA,NA,NA,NA,NA,NA,NA,2015-03-01,1685,"Total revenues accrual",NA,"OK",NA
"rw","Germany","Revenues","2015-04-01",1685,NA,NA,NA,NA,NA,NA,NA,2015-04-01,1685,"Total revenues accrual",NA,"OK",NA
"rw","Germany","Revenues","2015-04-03",1685,NA,NA,NA,NA,NA,NA,NA,2015-04-01,1685,"Total revenues accrual",NA,"OK",NA
"rw","Germany","Revenues","2015-04-05",1685,NA,NA,NA,NA,NA,NA,NA,2015-04-01,1685,"Total revenues accrual",NA,"OK",NA
"rw","Germany","Revenues","2015-04-15",1685,NA,NA,NA,NA,NA,NA,NA,2015-04-01,1685,"Total revenues accrual",NA,"OK",NA
"rw","Germany","Revenues","2015-04-27",1685,NA,NA,NA,NA,NA,NA,NA,2015-04-01,1685,"Total revenues accrual",NA,"OK",NA
"rw","Germany","Revenues","2015-04-30",1685,NA,NA,NA,NA,NA,NA,NA,2015-04-01,1685,"Total revenues accrual",NA,"OK",NA
"rw","Germany","Revenues","2015-05-01",1685,NA,NA,NA,NA,NA,NA,NA,2015-05-01,1685,"Total revenues accrual",NA,"OK",NA
"rw","Germany","Revenues","2015-05-05",1685,NA,NA,NA,NA,NA,NA,NA,2015-05-01,1685,"Total revenues accrual",NA,"OK",NA
"rw","Germany","Revenues","2015-05-15",1685,NA,NA,NA,NA,NA,NA,NA,2015-05-01,1685,"Total revenues accrual",NA,"OK",NA
"rw","Germany","Revenues","2015-05-27",1685,NA,NA,NA,NA,NA,NA,NA,2015-05-01,1685,"Total revenues accrual",NA,"OK",NA
"rw","Germany","Revenues","2015-05-28",1685,NA,NA,NA,NA,NA,NA,NA,2015-05-01,1685,"Total revenues accrual",NA,"OK",NA
"rw","Germany","Revenues","2015-06-01",1685,NA,NA,NA,NA,NA,NA,NA,2015-06-01,1685,"Total revenues accrual",NA,"OK",NA
"rw","Germany","Revenues","2015-06-05",1685,NA,NA,NA,NA,NA,NA,NA,2015-06-01,1685,"Total revenues accrual",NA,"OK",NA
"rw","Germany","Revenues","2015-06-15",2581,NA,NA,NA,NA,NA,NA,NA,2015-06-01,2581,"Total revenues accrual",NA,"OK",NA
"rw","Germany","Revenues","2015-06-25",2581,NA,NA,NA,NA,NA,NA,NA,2015-06-01,2581,"Total revenues accrual",NA,"OK",NA
"rw","Germany","Revenues","2015-06-27",2581,NA,NA,NA,NA,NA,NA,NA,2015-06-01,2581,"Total revenues accrual",NA,"OK",NA
"rw","Germany","Revenues","2015-07-01",2581,NA,NA,NA,NA,NA,NA,NA,2015-07-01,2581,"Total revenues accrual",NA,"OK",NA
"rw","Germany","Revenues","2015-07-03",2581,NA,NA,NA,NA,NA,NA,NA,2015-07-01,2581,"Total revenues accrual",NA,"OK",NA
"rw","Germany","Revenues","2015-07-05",2581,NA,NA,NA,NA,NA,NA,NA,2015-07-01,2581,"Total revenues accrual",NA,"OK",NA
"rw","Germany","Revenues","2015-07-15",2581,NA,NA,NA,NA,NA,NA,NA,2015-07-01,2581,"Total revenues accrual",NA,"OK",NA
"rw","Germany","Revenues","2015-07-27",2581,NA,NA,NA,NA,NA,NA,NA,2015-07-01,2581,"Total revenues accrual",NA,"OK",NA
"rw","Germany","Revenues","2015-07-30",2581,NA,NA,NA,NA,NA,NA,NA,2015-07-01,2581,"Total revenues accrual",NA,"OK",NA
"rw","Germany","Revenues","2015-08-01",2581,NA,NA,NA,NA,NA,NA,NA,2015-08-01,2581,"Total revenues accrual",NA,"OK",NA
"rw","Germany","Revenues","2015-08-05",2581,NA,NA,NA,NA,NA,NA,NA,2015-08-01,2581,"Total revenues accrual",NA,"OK",NA
"rw","Germany","Revenues","2015-08-06",2581,NA,NA,NA,NA,NA,NA,NA,2015-08-01,2581,"Total revenues accrual",NA,"OK",NA
"rw","Germany","Revenues","2015-08-15",2581,NA,NA,NA,NA,NA,NA,NA,2015-08-01,2581,"Total revenues accrual",NA,"OK",NA
"rw","Germany","Revenues","2015-08-27",2581,NA,NA,NA,NA,NA,NA,NA,2015-08-01,2581,"Total revenues accrual",NA,"OK",NA
"rw","Germany","Revenues","2015-09-01",2581,NA,NA,NA,NA,NA,NA,NA,2015-09-01,2581,"Total revenues accrual",NA,"OK",NA
"rw","Germany","Revenues","2015-09-02",2581,NA,NA,NA,NA,NA,NA,NA,2015-09-01,2581,"Total revenues accrual",NA,"OK",NA
"rw","Germany","Revenues","2015-09-05",2581,NA,NA,NA,NA,NA,NA,NA,2015-09-01,2581,"Total revenues accrual",NA,"OK",NA
"rw","Germany","Revenues","2015-09-15",4977,NA,NA,NA,NA,NA,NA,NA,2015-09-01,4977,"Total revenues accrual",NA,"OK",NA
"rw","Germany","Revenues","2015-09-24",4977,NA,NA,NA,NA,NA,NA,NA,2015-09-01,4977,"Total revenues accrual",NA,"OK",NA
"rw","Germany","Revenues","2015-09-27",4977,NA,NA,NA,NA,NA,NA,NA,2015-09-01,4977,"Total revenues accrual",NA,"OK",NA
"rw","Germany","Revenues","2015-10-01",4977,NA,NA,NA,NA,NA,NA,NA,2015-10-01,4977,"Total revenues accrual",NA,"OK",NA
"rw","Germany","Revenues","2015-10-04",4977,NA,NA,NA,NA,NA,NA,NA,2015-10-01,4977,"Total revenues accrual",NA,"OK",NA
"rw","Germany","Revenues","2015-10-05",4977,NA,NA,NA,NA,NA,NA,NA,2015-10-01,4977,"Total revenues accrual",NA,"OK",NA
"rw","Germany","Revenues","2015-10-15",4977,NA,NA,NA,NA,NA,NA,NA,2015-10-01,4977,"Total revenues accrual",NA,"OK",NA
"rw","Germany","Revenues","2015-10-27",4977,NA,NA,NA,NA,NA,NA,NA,2015-10-01,4977,"Total revenues accrual",NA,"OK",NA
"rw","Germany","Revenues","2015-10-29",4977,NA,NA,NA,NA,NA,NA,NA,2015-10-01,4977,"Total revenues accrual",NA,"OK",NA
"rw","Germany","Revenues","2015-11-01",4977,NA,NA,NA,NA,NA,NA,NA,2015-11-01,4977,"Total revenues accrual",NA,"OK",NA
"rw","Germany","Revenues","2015-11-05",4977,NA,NA,NA,NA,NA,NA,NA,2015-11-01,4977,"Total revenues accrual",NA,"OK",NA
"rw","Germany","Revenues","2015-11-07",4977,NA,NA,NA,NA,NA,NA,NA,2015-11-01,4977,"Total revenues accrual",NA,"OK",NA
"rw","Germany","Revenues","2015-11-15",4977,NA,NA,NA,NA,NA,NA,NA,2015-11-01,4977,"Total revenues accrual",NA,"OK",NA
"rw","Germany","Revenues","2015-11-26",4977,NA,NA,NA,NA,NA,NA,NA,2015-11-01,4977,"Total revenues accrual",NA,"OK",NA
"rw","Germany","Revenues","2015-11-27",4977,NA,NA,NA,NA,NA,NA,NA,2015-11-01,4977,"Total revenues accrual",NA,"OK",NA
"rw","Germany","Revenues","2015-12-01",4977,NA,NA,NA,NA,NA,NA,NA,2015-12-01,4977,"Total revenues accrual",NA,"OK",NA
"rw","Germany","Revenues","2015-12-02",4977,NA,NA,NA,NA,NA,NA,NA,2015-12-01,4977,"Total revenues accrual",NA,"OK",NA
"rw","Germany","Revenues","2015-12-05",4977,NA,NA,NA,NA,NA,NA,NA,2015-12-01,4977,"Total revenues accrual",NA,"OK",NA
"rw","Germany","Revenues","2015-12-15",907,NA,NA,NA,NA,NA,NA,NA,2015-12-01,907,"Total revenues accrual",NA,"OK",NA
"rw","Germany","Revenues","2015-12-27",907,NA,NA,NA,NA,NA,NA,NA,2015-12-01,907,"Total revenues accrual",NA,"OK",NA
"rw","Germany","Revenues","2015-12-31",907,NA,NA,NA,NA,NA,NA,NA,2015-12-01,907,"Total revenues accrual",NA,"OK",NA
"rw","Germany","Revenues","2016-01-01",907,NA,NA,NA,NA,NA,NA,NA,2016-01-01,907,"Total revenues accrual",NA,"OK",NA
"rw","Germany","Revenues","2016-01-05",907,NA,NA,NA,NA,NA,NA,NA,2016-01-01,907,"Total revenues accrual",NA,"OK",NA
"rw","Germany","Revenues","2016-01-15",907,NA,NA,NA,NA,NA,NA,NA,2016-01-01,907,"Total revenues accrual",NA,"OK",NA
"rw","Germany","Revenues","2016-01-27",907,NA,NA,NA,NA,NA,NA,NA,2016-01-01,907,"Total revenues accrual",NA,"OK",NA
"rw","Germany","Revenues","2016-01-28",907,NA,NA,NA,NA,NA,NA,NA,2016-01-01,907,"Total revenues accrual",NA,"OK",NA
"rw","Germany","Revenues","2016-02-01",907,NA,NA,NA,NA,NA,NA,NA,2016-02-01,907,"Total revenues accrual",NA,"OK",NA
"rw","Germany","Revenues","2016-02-05",907,NA,NA,NA,NA,NA,NA,NA,2016-02-01,907,"Total revenues accrual",NA,"OK",NA
"rw","Germany","Revenues","2016-02-15",907,NA,NA,NA,NA,NA,NA,NA,2016-02-01,907,"Total revenues accrual",NA,"OK",NA
"rw","Germany","Revenues","2016-02-25",907,NA,NA,NA,NA,NA,NA,NA,2016-02-01,907,"Total revenues accrual",NA,"OK",NA
"rw","Germany","Revenues","2016-02-27",907,NA,NA,NA,NA,NA,NA,NA,2016-02-01,907,"Total revenues accrual",NA,"OK",NA
"rw","Germany","Revenues","2016-03-01",907,NA,NA,NA,NA,NA,NA,NA,2016-03-01,907,"Total revenues accrual",NA,"OK",NA
"rw","Germany","Revenues","2016-03-02",907,NA,NA,NA,NA,NA,NA,NA,2016-03-01,907,"Total revenues accrual",NA,"OK",NA
"rw","Germany","Revenues","2016-03-05",907,NA,NA,NA,NA,NA,NA,NA,2016-03-01,907,"Total revenues accrual",NA,"OK",NA
"rw","Germany","Revenues","2016-03-15",6790,NA,NA,NA,NA,NA,NA,NA,2016-03-01,6790,"Total revenues accrual",NA,"OK",NA
"rw","Germany","Revenues","2016-03-27",6790,NA,NA,NA,NA,NA,NA,NA,2016-03-01,6790,"Total revenues accrual",NA,"OK",NA
"rw","Germany","Revenues","2016-03-31",6790,NA,NA,NA,NA,NA,NA,NA,2016-03-01,6790,"Total revenues accrual",NA,"OK",NA
"rw","Germany","Revenues","2016-04-01",6790,NA,NA,NA,NA,NA,NA,NA,2016-04-01,6790,"Total revenues accrual",NA,"OK",NA
"rw","Germany","Revenues","2016-04-05",6790,NA,NA,NA,NA,NA,NA,NA,2016-04-01,6790,"Total revenues accrual",NA,"OK",NA
"rw","Germany","Revenues","2016-04-15",6790,NA,NA,NA,NA,NA,NA,NA,2016-04-01,6790,"Total revenues accrual",NA,"OK",NA
"rw","Germany","Revenues","2016-04-27",6790,NA,NA,NA,NA,NA,NA,NA,2016-04-01,6790,"Total revenues accrual",NA,"OK",NA
"rw","Germany","Revenues","2016-04-28",6790,NA,NA,NA,NA,NA,NA,NA,2016-04-01,6790,"Total revenues accrual",NA,"OK",NA
"rw","Germany","Revenues","2016-05-01",6790,NA,NA,NA,NA,NA,NA,NA,2016-05-01,6790,"Total revenues accrual",NA,"OK",NA
"rw","Germany","Revenues","2016-05-05",6790,NA,NA,NA,NA,NA,NA,NA,2016-05-01,6790,"Total revenues accrual",NA,"OK",NA
"rw","Germany","Revenues","2016-05-07",6790,NA,NA,NA,NA,NA,NA,NA,2016-05-01,6790,"Total revenues accrual",NA,"OK",NA
"rw","Germany","Revenues","2016-05-15",6790,NA,NA,NA,NA,NA,NA,NA,2016-05-01,6790,"Total revenues accrual",NA,"OK",NA
"rw","Germany","Revenues","2016-05-26",6790,NA,NA,NA,NA,NA,NA,NA,2016-05-01,6790,"Total revenues accrual",NA,"OK",NA
"rw","Germany","Revenues","2016-05-27",6790,NA,NA,NA,NA,NA,NA,NA,2016-05-01,6790,"Total revenues accrual",NA,"OK",NA
"rw","Germany","Revenues","2016-06-01",6790,NA,NA,NA,NA,NA,NA,NA,2016-06-01,6790,"Total revenues accrual",NA,"OK",NA
"rw","Germany","Revenues","2016-06-03",6790,NA,NA,NA,NA,NA,NA,NA,2016-06-01,6790,"Total revenues accrual",NA,"OK",NA
"rw","Germany","Revenues","2016-06-05",6790,NA,NA,NA,NA,NA,NA,NA,2016-06-01,6790,"Total revenues accrual",NA,"OK",NA
"rw","Germany","Revenues","2016-06-15",2903,NA,NA,NA,NA,NA,NA,NA,2016-06-01,2903,"Total revenues accrual",NA,"OK",NA
"rw","Germany","Revenues","2016-06-27",2903,NA,NA,NA,NA,NA,NA,NA,2016-06-01,2903,"Total revenues accrual",NA,"OK",NA
"rw","Germany","Revenues","2016-06-30",2903,NA,NA,NA,NA,NA,NA,NA,2016-06-01,2903,"Total revenues accrual",NA,"OK",NA
"rw","Germany","Revenues","2016-07-01",2903,NA,NA,NA,NA,NA,NA,NA,2016-07-01,2903,"Total revenues accrual",NA,"OK",NA
"rw","Germany","Revenues","2016-07-05",2903,NA,NA,NA,NA,NA,NA,NA,2016-07-01,2903,"Total revenues accrual",NA,"OK",NA
"rw","Germany","Revenues","2016-07-15",2903,NA,NA,NA,NA,NA,NA,NA,2016-07-01,2903,"Total revenues accrual",NA,"OK",NA
"rw","Germany","Revenues","2016-07-27",2903,NA,NA,NA,NA,NA,NA,NA,2016-07-01,2903,"Total revenues accrual",NA,"OK",NA
"rw","Germany","Revenues","2016-07-28",2903,NA,NA,NA,NA,NA,NA,NA,2016-07-01,2903,"Total revenues accrual",NA,"OK",NA
"rw","Germany","Revenues","2016-08-01",2903,NA,NA,NA,NA,NA,NA,NA,2016-08-01,2903,"Total revenues accrual",NA,"OK",NA
"rw","Germany","Revenues","2016-08-05",2903,NA,NA,NA,NA,NA,NA,NA,2016-08-01,2903,"Total revenues accrual",NA,"OK",NA
"rw","Germany","Revenues","2016-08-15",2903,NA,NA,NA,NA,NA,NA,NA,2016-08-01,2903,"Total revenues accrual",NA,"OK",NA
"rw","Germany","Revenues","2016-08-25",2903,NA,NA,NA,NA,NA,NA,NA,2016-08-01,2903,"Total revenues accrual",NA,"OK",NA
"rw","Germany","Revenues","2016-08-27",2903,NA,NA,NA,NA,NA,NA,NA,2016-08-01,2903,"Total revenues accrual",NA,"OK",NA
"rw","Germany","Revenues","2016-09-01",2903,NA,NA,NA,NA,NA,NA,NA,2016-09-01,2903,"Total revenues accrual",NA,"OK",NA
"rw","Germany","Revenues","2016-09-04",2903,NA,NA,NA,NA,NA,NA,NA,2016-09-01,2903,"Total revenues accrual",NA,"OK",NA
"rw","Germany","Revenues","2016-09-05",2903,NA,NA,NA,NA,NA,NA,NA,2016-09-01,2903,"Total revenues accrual",NA,"OK",NA
"rw","Germany","Revenues","2016-09-15",3547,NA,NA,NA,NA,NA,NA,NA,2016-09-01,3547,"Total revenues accrual",NA,"OK",NA
"rw","Germany","Revenues","2016-09-27",3547,NA,NA,NA,NA,NA,NA,NA,2016-09-01,3547,"Total revenues accrual",NA,"OK",NA
"rw","Germany","Revenues","2016-09-29",3547,NA,NA,NA,NA,NA,NA,NA,2016-09-01,3547,"Total revenues accrual",NA,"OK",NA
"rw","Germany","Revenues","2016-10-01",3547,NA,NA,NA,NA,NA,NA,NA,2016-10-01,3547,"Total revenues accrual",NA,"OK",NA
"rw","Germany","Revenues","2016-10-05",3547,NA,NA,NA,NA,NA,NA,NA,2016-10-01,3547,"Total revenues accrual",NA,"OK",NA
"rw","Germany","Revenues","2016-10-06",3547,NA,NA,NA,NA,NA,NA,NA,2016-10-01,3547,"Total revenues accrual",NA,"OK",NA
"rw","Germany","Revenues","2016-10-15",3547,NA,NA,NA,NA,NA,NA,NA,2016-10-01,3547,"Total revenues accrual",NA,"OK",NA
"rw","Germany","Revenues","2016-10-27",3547,NA,NA,NA,NA,NA,NA,NA,2016-10-01,3547,"Total revenues accrual",NA,"OK",NA
"rw","Germany","Revenues","2016-11-01",3547,NA,NA,NA,NA,NA,NA,NA,2016-11-01,3547,"Total revenues accrual",NA,"OK",NA
"rw","Germany","Revenues","2016-11-02",3547,NA,NA,NA,NA,NA,NA,NA,2016-11-01,3547,"Total revenues accrual",NA,"OK",NA
"rw","Germany","Revenues","2016-11-05",3547,NA,NA,NA,NA,NA,NA,NA,2016-11-01,3547,"Total revenues accrual",NA,"OK",NA
"rw","Germany","Revenues","2016-11-15",3547,NA,NA,NA,NA,NA,NA,NA,2016-11-01,3547,"Total revenues accrual",NA,"OK",NA
"rw","Germany","Revenues","2016-11-24",3547,NA,NA,NA,NA,NA,NA,NA,2016-11-01,3547,"Total revenues accrual",NA,"OK",NA
"rw","Germany","Revenues","2016-11-27",3547,NA,NA,NA,NA,NA,NA,NA,2016-11-01,3547,"Total revenues accrual",NA,"OK",NA
"rw","Germany","Revenues","2016-12-01",3547,NA,NA,NA,NA,NA,NA,NA,2016-12-01,3547,"Total revenues accrual",NA,"OK",NA
"rw","Germany","Revenues","2016-12-04",3547,NA,NA,NA,NA,NA,NA,NA,2016-12-01,3547,"Total revenues accrual",NA,"OK",NA
"rw","Germany","Revenues","2016-12-05",3547,NA,NA,NA,NA,NA,NA,NA,2016-12-01,3547,"Total revenues accrual",NA,"OK",NA
"rw","Germany","Revenues","2016-12-15",5741,NA,NA,NA,NA,NA,NA,NA,2016-12-01,5741,"Total revenues accrual",NA,"OK",NA
"rw","Germany","Revenues","2016-12-27",5741,NA,NA,NA,NA,NA,NA,NA,2016-12-01,5741,"Total revenues accrual",NA,"OK",NA
"rw","Germany","Revenues","2016-12-29",5741,NA,NA,NA,NA,NA,NA,NA,2016-12-01,5741,"Total revenues accrual",NA,"OK",NA
"rw","Germany","Revenues","2017-01-01",5741,NA,NA,NA,NA,NA,NA,NA,2017-01-01,5741,"Total revenues accrual",NA,"OK",NA
"rw","Germany","Revenues","2017-01-05",5741,NA,NA,NA,NA,NA,NA,NA,2017-01-01,5741,"Total revenues accrual",NA,"OK",NA
"rw","Germany","Revenues","2017-01-07",5741,NA,NA,NA,NA,NA,NA,NA,2017-01-01,5741,"Total revenues accrual",NA,"OK",NA
"rw","Germany","Revenues","2017-01-15",5741,NA,NA,NA,NA,NA,NA,NA,2017-01-01,5741,"Total revenues accrual",NA,"OK",NA
"rw","Germany","Revenues","2017-01-26",5741,NA,NA,NA,NA,NA,NA,NA,2017-01-01,5741,"Total revenues accrual",NA,"OK",NA
"rw","Germany","Revenues","2017-01-27",5741,NA,NA,NA,NA,NA,NA,NA,2017-01-01,5741,"Total revenues accrual",NA,"OK",NA
"rw","Germany","Revenues","2017-02-01",5741,NA,NA,NA,NA,NA,NA,NA,2017-02-01,5741,"Total revenues accrual",NA,"OK",NA
"rw","Germany","Revenues","2017-02-03",5741,NA,NA,NA,NA,NA,NA,NA,2017-02-01,5741,"Total revenues accrual",NA,"OK",NA
"rw","Germany","Revenues","2017-02-05",5741,NA,NA,NA,NA,NA,NA,NA,2017-02-01,5741,"Total revenues accrual",NA,"OK",NA
"rw","Germany","Revenues","2017-02-15",5741,NA,NA,NA,NA,NA,NA,NA,2017-02-01,5741,"Total revenues accrual",NA,"OK",NA
"rw","Germany","Revenues","2017-02-23",5741,NA,NA,NA,NA,NA,NA,NA,2017-02-01,5741,"Total revenues accrual",NA,"OK",NA
"rw","Germany","Revenues","2017-02-27",5741,NA,NA,NA,NA,NA,NA,NA,2017-02-01,5741,"Total revenues accrual",NA,"OK",NA
"rw","Germany","Revenues","2017-03-01",5741,NA,NA,NA,NA,NA,NA,NA,2017-03-01,5741,"Total revenues accrual",NA,"OK",NA
"rw","Germany","Revenues","2017-03-03",5741,NA,NA,NA,NA,NA,NA,NA,2017-03-01,5741,"Total revenues accrual",NA,"OK",NA
"rw","Germany","Revenues","2017-03-05",5741,NA,NA,NA,NA,NA,NA,NA,2017-03-01,5741,"Total revenues accrual",NA,"OK",NA
"rw","Germany","Revenues","2017-03-15",6032,NA,NA,NA,NA,NA,NA,NA,2017-03-01,6032,"Total revenues accrual",NA,"OK",NA
"rw","Germany","Revenues","2017-03-27",6032,NA,NA,NA,NA,NA,NA,NA,2017-03-01,6032,"Total revenues accrual",NA,"OK",NA
"rw","Germany","Revenues","2017-03-30",6032,NA,NA,NA,NA,NA,NA,NA,2017-03-01,6032,"Total revenues accrual",NA,"OK",NA
"rw","Germany","Revenues","2017-04-01",6032,NA,NA,NA,NA,NA,NA,NA,2017-04-01,6032,"Total revenues accrual",NA,"OK",NA
"rw","Germany","Revenues","2017-04-05",6032,NA,NA,NA,NA,NA,NA,NA,2017-04-01,6032,"Total revenues accrual",NA,"OK",NA
"rw","Germany","Revenues","2017-04-06",6032,NA,NA,NA,NA,NA,NA,NA,2017-04-01,6032,"Total revenues accrual",NA,"OK",NA
"rw","Germany","Revenues","2017-04-15",6032,NA,NA,NA,NA,NA,NA,NA,2017-04-01,6032,"Total revenues accrual",NA,"OK",NA
"rw","Germany","Revenues","2017-04-27",6032,NA,NA,NA,NA,NA,NA,NA,2017-04-01,6032,"Total revenues accrual",NA,"OK",NA
"rw","Germany","Revenues","2017-05-01",6032,NA,NA,NA,NA,NA,NA,NA,2017-05-01,6032,"Total revenues accrual",NA,"OK",NA
"rw","Germany","Revenues","2017-05-05",6032,NA,NA,NA,NA,NA,NA,NA,2017-05-01,6032,"Total revenues accrual",NA,"OK",NA
"rw","Germany","Revenues","2017-05-15",6032,NA,NA,NA,NA,NA,NA,NA,2017-05-01,6032,"Total revenues accrual",NA,"OK",NA
"rw","Germany","Revenues","2017-05-25",6032,NA,NA,NA,NA,NA,NA,NA,2017-05-01,6032,"Total revenues accrual",NA,"OK",NA
"rw","Germany","Revenues","2017-05-27",6032,NA,NA,NA,NA,NA,NA,NA,2017-05-01,6032,"Total revenues accrual",NA,"OK",NA
"rw","Germany","Revenues","2017-06-01",6032,NA,NA,NA,NA,NA,NA,NA,2017-06-01,6032,"Total revenues accrual",NA,"OK",NA
"rw","Germany","Revenues","2017-06-04",6032,NA,NA,NA,NA,NA,NA,NA,2017-06-01,6032,"Total revenues accrual",NA,"OK",NA
"rw","Germany","Revenues","2017-06-05",6032,NA,NA,NA,NA,NA,NA,NA,2017-06-01,6032,"Total revenues accrual",NA,"OK",NA
"rw","Germany","Revenues","2017-06-15",309,NA,NA,NA,NA,NA,NA,NA,2017-06-01,309,"Total revenues accrual",NA,"OK",NA
"rw","Germany","Revenues","2017-06-27",309,NA,NA,NA,NA,NA,NA,NA,2017-06-01,309,"Total revenues accrual",NA,"OK",NA
"rw","Germany","Revenues","2017-06-29",309,NA,NA,NA,NA,NA,NA,NA,2017-06-01,309,"Total revenues accrual",NA,"OK",NA
"rw","Germany","Revenues","2017-07-01",309,NA,NA,NA,NA,NA,NA,NA,2017-07-01,309,"Total revenues accrual",NA,"OK",NA
"rw","Germany","Revenues","2017-07-05",309,NA,NA,NA,NA,NA,NA,NA,2017-07-01,309,"Total revenues accrual",NA,"OK",NA
"rw","Germany","Revenues","2017-07-06",309,NA,NA,NA,NA,NA,NA,NA,2017-07-01,309,"Total revenues accrual",NA,"OK",NA
"rw","Germany","Revenues","2017-07-15",309,NA,NA,NA,NA,NA,NA,NA,2017-07-01,309,"Total revenues accrual",NA,"OK",NA
"rw","Germany","Revenues","2017-07-27",309,NA,NA,NA,NA,NA,NA,NA,2017-07-01,309,"Total revenues accrual",NA,"OK",NA
"rw","Germany","Revenues","2017-08-01",309,NA,NA,NA,NA,NA,NA,NA,2017-08-01,309,"Total revenues accrual",NA,"OK",NA
"rw","Germany","Revenues","2017-08-02",309,NA,NA,NA,NA,NA,NA,NA,2017-08-01,309,"Total revenues accrual",NA,"OK",NA
"rw","Germany","Revenues","2017-08-05",309,NA,NA,NA,NA,NA,NA,NA,2017-08-01,309,"Total revenues accrual",NA,"OK",NA
"rw","Germany","Revenues","2017-08-15",309,NA,NA,NA,NA,NA,NA,NA,2017-08-01,309,"Total revenues accrual",NA,"OK",NA
"rw","Germany","Revenues","2017-08-27",309,NA,NA,NA,NA,NA,NA,NA,2017-08-01,309,"Total revenues accrual",NA,"OK",NA
"rw","Germany","Revenues","2017-08-31",309,NA,NA,NA,NA,NA,NA,NA,2017-08-01,309,"Total revenues accrual",NA,"OK",NA
"rw","Germany","Revenues","2017-09-01",309,NA,NA,NA,NA,NA,NA,NA,2017-09-01,309,"Total revenues accrual",NA,"OK",NA
"rw","Germany","Revenues","2017-09-05",309,NA,NA,NA,NA,NA,NA,NA,2017-09-01,309,"Total revenues accrual",NA,"OK",NA
"rw","Germany","Revenues","2017-09-15",4043,NA,NA,NA,NA,NA,NA,NA,2017-09-01,4043,"Total revenues accrual",NA,"OK",NA
"rw","Germany","Revenues","2017-09-27",4043,NA,NA,NA,NA,NA,NA,NA,2017-09-01,4043,"Total revenues accrual",NA,"OK",NA
"rw","Germany","Revenues","2017-09-28",4043,NA,NA,NA,NA,NA,NA,NA,2017-09-01,4043,"Total revenues accrual",NA,"OK",NA
"rw","Germany","Revenues","2017-10-01",4043,NA,NA,NA,NA,NA,NA,NA,2017-10-01,4043,"Total revenues accrual",NA,"OK",NA
"rw","Germany","Revenues","2017-10-05",4043,NA,NA,NA,NA,NA,NA,NA,2017-10-01,4043,"Total revenues accrual",NA,"OK",NA
"rw","Germany","Revenues","2017-10-07",4043,NA,NA,NA,NA,NA,NA,NA,2017-10-01,4043,"Total revenues accrual",NA,"OK",NA
"rw","Germany","Revenues","2017-10-15",4043,NA,NA,NA,NA,NA,NA,NA,2017-10-01,4043,"Total revenues accrual",NA,"OK",NA
"rw","Germany","Revenues","2017-10-26",4043,NA,NA,NA,NA,NA,NA,NA,2017-10-01,4043,"Total revenues accrual",NA,"OK",NA
"rw","Germany","Revenues","2017-10-27",4043,NA,NA,NA,NA,NA,NA,NA,2017-10-01,4043,"Total revenues accrual",NA,"OK",NA
"rw","Germany","Revenues","2017-11-01",4043,NA,NA,NA,NA,NA,NA,NA,2017-11-01,4043,"Total revenues accrual",NA,"OK",NA
"rw","Germany","Revenues","2017-11-03",4043,NA,NA,NA,NA,NA,NA,NA,2017-11-01,4043,"Total revenues accrual",NA,"OK",NA
"rw","Germany","Revenues","2017-11-05",4043,NA,NA,NA,NA,NA,NA,NA,2017-11-01,4043,"Total revenues accrual",NA,"OK",NA
"rw","Germany","Revenues","2017-11-15",4043,NA,NA,NA,NA,NA,NA,NA,2017-11-01,4043,"Total revenues accrual",NA,"OK",NA
"rw","Germany","Revenues","2017-11-27",4043,NA,NA,NA,NA,NA,NA,NA,2017-11-01,4043,"Total revenues accrual",NA,"OK",NA
"rw","Germany","Revenues","2017-11-30",4043,NA,NA,NA,NA,NA,NA,NA,2017-11-01,4043,"Total revenues accrual",NA,"OK",NA
"rw","Germany","Revenues","2017-12-01",4043,NA,NA,NA,NA,NA,NA,NA,2017-12-01,4043,"Total revenues accrual",NA,"OK",NA
"rw","Germany","Revenues","2017-12-05",4043,NA,NA,NA,NA,NA,NA,NA,2017-12-01,4043,"Total revenues accrual",NA,"OK",NA
"rw","Germany","Revenues","2017-12-15",3271,NA,NA,NA,NA,NA,NA,NA,2017-12-01,3271,"Total revenues accrual",NA,"OK",NA
"rw","Germany","Revenues","2017-12-27",3271,NA,NA,NA,NA,NA,NA,NA,2017-12-01,3271,"Total revenues accrual",NA,"OK",NA
"rw","Germany","Revenues","2017-12-28",3271,NA,NA,NA,NA,NA,NA,NA,2017-12-01,3271,"Total revenues accrual",NA,"OK",NA
"rw","Germany","Revenues","2018-01-01",3271,NA,NA,NA,NA,NA,NA,NA,2018-01-01,3271,"Total revenues accrual",NA,"OK",NA
"rw","Germany","Revenues","2018-01-05",3271,NA,NA,NA,NA,NA,NA,NA,2018-01-01,3271,"Total revenues accrual",NA,"OK",NA
"rw","Germany","Revenues","2018-01-15",3271,NA,NA,NA,NA,NA,NA,NA,2018-01-01,3271,"Total revenues accrual",NA,"OK",NA
"rw","Germany","Revenues","2018-01-25",3271,NA,NA,NA,NA,NA,NA,NA,2018-01-01,3271,"Total revenues accrual",NA,"OK",NA
"rw","Germany","Revenues","2018-01-27",3271,NA,NA,NA,NA,NA,NA,NA,2018-01-01,3271,"Total revenues accrual",NA,"OK",NA
"rw","Germany","Revenues","2018-02-01",3271,NA,NA,NA,NA,NA,NA,NA,2018-02-01,3271,"Total revenues accrual",NA,"OK",NA
"rw","Germany","Revenues","2018-02-04",3271,NA,NA,NA,NA,NA,NA,NA,2018-02-01,3271,"Total revenues accrual",NA,"OK",NA
"rw","Germany","Revenues","2018-02-05",3271,NA,NA,NA,NA,NA,NA,NA,2018-02-01,3271,"Total revenues accrual",NA,"OK",NA
"rw","Germany","Revenues","2018-02-15",3271,NA,NA,NA,NA,NA,NA,NA,2018-02-01,3271,"Total revenues accrual",NA,"OK",NA
"rw","Germany","Revenues","2018-02-22",3271,NA,NA,NA,NA,NA,NA,NA,2018-02-01,3271,"Total revenues accrual",NA,"OK",NA
"rw","Germany","Revenues","2018-02-27",3271,NA,NA,NA,NA,NA,NA,NA,2018-02-01,3271,"Total revenues accrual",NA,"OK",NA
"rw","Germany","Revenues","2018-03-01",3271,NA,NA,NA,NA,NA,NA,NA,2018-03-01,3271,"Total revenues accrual",NA,"OK",NA
"rw","Germany","Revenues","2018-03-04",3271,NA,NA,NA,NA,NA,NA,NA,2018-03-01,3271,"Total revenues accrual",NA,"OK",NA
"rw","Germany","Revenues","2018-03-05",3271,NA,NA,NA,NA,NA,NA,NA,2018-03-01,3271,"Total revenues accrual",NA,"OK",NA
"rw","Germany","Revenues","2018-03-15",7626,NA,NA,NA,NA,NA,NA,NA,2018-03-01,7626,"Total revenues accrual",NA,"OK",NA
"rw","Germany","Revenues","2018-03-27",7626,NA,NA,NA,NA,NA,NA,NA,2018-03-01,7626,"Total revenues accrual",NA,"OK",NA
"rw","Germany","Revenues","2018-03-29",7626,NA,NA,NA,NA,NA,NA,NA,2018-03-01,7626,"Total revenues accrual",NA,"OK",NA
"rw","Germany","Revenues","2018-04-01",7626,NA,NA,NA,NA,NA,NA,NA,2018-04-01,7626,"Total revenues accrual",NA,"OK",NA
"rw","Germany","Revenues","2018-04-05",7626,NA,NA,NA,NA,NA,NA,NA,2018-04-01,7626,"Total revenues accrual",NA,"OK",NA
"rw","Germany","Revenues","2018-04-07",7626,NA,NA,NA,NA,NA,NA,NA,2018-04-01,7626,"Total revenues accrual",NA,"OK",NA
"rw","Germany","Revenues","2018-04-15",7626,NA,NA,NA,NA,NA,NA,NA,2018-04-01,7626,"Total revenues accrual",NA,"OK",NA
"rw","Germany","Revenues","2018-04-26",7626,NA,NA,NA,NA,NA,NA,NA,2018-04-01,7626,"Total revenues accrual",NA,"OK",NA
"rw","Germany","Revenues","2018-04-27",7626,NA,NA,NA,NA,NA,NA,NA,2018-04-01,7626,"Total revenues accrual",NA,"OK",NA
"rw","Germany","Revenues","2018-05-01",7626,NA,NA,NA,NA,NA,NA,NA,2018-05-01,7626,"Total revenues accrual",NA,"OK",NA
"rw","Germany","Revenues","2018-05-02",7626,NA,NA,NA,NA,NA,NA,NA,2018-05-01,7626,"Total revenues accrual",NA,"OK",NA
"rw","Germany","Revenues","2018-05-05",7626,NA,NA,NA,NA,NA,NA,NA,2018-05-01,7626,"Total revenues accrual",NA,"OK",NA
"rw","Germany","Revenues","2018-05-15",7626,NA,NA,NA,NA,NA,NA,NA,2018-05-01,7626,"Total revenues accrual",NA,"OK",NA
"rw","Germany","Revenues","2018-05-27",7626,NA,NA,NA,NA,NA,NA,NA,2018-05-01,7626,"Total revenues accrual",NA,"OK",NA
"rw","Germany","Revenues","2018-05-31",7626,NA,NA,NA,NA,NA,NA,NA,2018-05-01,7626,"Total revenues accrual",NA,"OK",NA
"rw","Germany","Revenues","2018-06-01",7626,NA,NA,NA,NA,NA,NA,NA,2018-06-01,7626,"Total revenues accrual",NA,"OK",NA
"rw","Germany","Revenues","2018-06-05",7626,NA,NA,NA,NA,NA,NA,NA,2018-06-01,7626,"Total revenues accrual",NA,"OK",NA
"rw","Germany","Revenues","2018-06-15",7701,NA,NA,NA,NA,NA,NA,NA,2018-06-01,7701,"Total revenues accrual",NA,"OK",NA
"rw","Germany","Revenues","2018-06-27",7701,NA,NA,NA,NA,NA,NA,NA,2018-06-01,7701,"Total revenues accrual",NA,"OK",NA
"rw","Germany","Revenues","2018-06-28",7701,NA,NA,NA,NA,NA,NA,NA,2018-06-01,7701,"Total revenues accrual",NA,"OK",NA
"rw","Germany","Revenues","2018-07-01",7701,NA,NA,NA,NA,NA,NA,NA,2018-07-01,7701,"Total revenues accrual",NA,"OK",NA
"rw","Germany","Revenues","2018-07-05",7701,NA,NA,NA,NA,NA,NA,NA,2018-07-01,7701,"Total revenues accrual",NA,"OK",NA
"rw","Germany","Revenues","2018-07-07",7701,NA,NA,NA,NA,NA,NA,NA,2018-07-01,7701,"Total revenues accrual",NA,"OK",NA
"rw","Germany","Revenues","2018-07-15",7701,NA,NA,NA,NA,NA,NA,NA,2018-07-01,7701,"Total revenues accrual",NA,"OK",NA
"rw","Germany","Revenues","2018-07-26",7701,NA,NA,NA,NA,NA,NA,NA,2018-07-01,7701,"Total revenues accrual",NA,"OK",NA
"rw","Germany","Revenues","2018-07-27",7701,NA,NA,NA,NA,NA,NA,NA,2018-07-01,7701,"Total revenues accrual",NA,"OK",NA
"rw","Germany","Revenues","2018-08-01",7701,NA,NA,NA,NA,NA,NA,NA,2018-08-01,7701,"Total revenues accrual",NA,"OK",NA
"rw","Germany","Revenues","2018-08-03",7701,NA,NA,NA,NA,NA,NA,NA,2018-08-01,7701,"Total revenues accrual",NA,"OK",NA
"rw","Germany","Revenues","2018-08-05",7701,NA,NA,NA,NA,NA,NA,NA,2018-08-01,7701,"Total revenues accrual",NA,"OK",NA
"rw","Germany","Revenues","2018-08-15",7701,NA,NA,NA,NA,NA,NA,NA,2018-08-01,7701,"Total revenues accrual",NA,"OK",NA
"rw","Germany","Revenues","2018-08-27",7701,NA,NA,NA,NA,NA,NA,NA,2018-08-01,7701,"Total revenues accrual",NA,"OK",NA
"rw","Germany","Revenues","2018-08-30",7701,NA,NA,NA,NA,NA,NA,NA,2018-08-01,7701,"Total revenues accrual",NA,"OK",NA
"rw","Germany","Revenues","2018-09-01",7701,NA,NA,NA,NA,NA,NA,NA,2018-09-01,7701,"Total revenues accrual",NA,"OK",NA
"rw","Germany","Revenues","2018-09-05",7701,NA,NA,NA,NA,NA,NA,NA,2018-09-01,7701,"Total revenues accrual",NA,"OK",NA
"rw","Germany","Revenues","2018-09-06",7701,NA,NA,NA,NA,NA,NA,NA,2018-09-01,7701,"Total revenues accrual",NA,"OK",NA
"rw","Germany","Revenues","2018-09-15",-1328,NA,NA,NA,NA,NA,NA,NA,2018-09-01,-1328,"Total revenues accrual",NA,"OK",NA
"rw","Germany","Revenues","2018-09-27",-1328,NA,NA,NA,NA,NA,NA,NA,2018-09-01,-1328,"Total revenues accrual",NA,"OK",NA
"rw","Germany","Revenues","2018-10-01",-1328,NA,NA,NA,NA,NA,NA,NA,2018-10-01,-1328,"Total revenues accrual",NA,"OK",NA
"rw","Germany","Revenues","2018-10-05",-1328,NA,NA,NA,NA,NA,NA,NA,2018-10-01,-1328,"Total revenues accrual",NA,"OK",NA
"rw","Germany","Revenues","2018-10-15",-1328,NA,NA,NA,NA,NA,NA,NA,2018-10-01,-1328,"Total revenues accrual",NA,"OK",NA
"rw","Germany","Revenues","2018-10-25",-1328,NA,NA,NA,NA,NA,NA,NA,2018-10-01,-1328,"Total revenues accrual",NA,"OK",NA
"rw","Germany","Revenues","2018-10-27",-1328,NA,NA,NA,NA,NA,NA,NA,2018-10-01,-1328,"Total revenues accrual",NA,"OK",NA
"rw","Germany","Revenues","2018-11-01",-1328,NA,NA,NA,NA,NA,NA,NA,2018-11-01,-1328,"Total revenues accrual",NA,"OK",NA
"rw","Germany","Revenues","2018-11-04",-1328,NA,NA,NA,NA,NA,NA,NA,2018-11-01,-1328,"Total revenues accrual",NA,"OK",NA
"rw","Germany","Revenues","2018-11-05",-1328,NA,NA,NA,NA,NA,NA,NA,2018-11-01,-1328,"Total revenues accrual",NA,"OK",NA
"rw","Germany","Revenues","2018-11-15",-1328,NA,NA,NA,NA,NA,NA,NA,2018-11-01,-1328,"Total revenues accrual",NA,"OK",NA
"rw","Germany","Revenues","2018-11-27",-1328,NA,NA,NA,NA,NA,NA,NA,2018-11-01,-1328,"Total revenues accrual",NA,"OK",NA
"rw","Germany","Revenues","2018-11-29",-1328,NA,NA,NA,NA,NA,NA,NA,2018-11-01,-1328,"Total revenues accrual",NA,"OK",NA
"rw","Germany","Revenues","2018-12-01",-1328,NA,NA,NA,NA,NA,NA,NA,2018-12-01,-1328,"Total revenues accrual",NA,"OK",NA
"rw","Germany","Revenues","2018-12-05",-1328,NA,NA,NA,NA,NA,NA,NA,2018-12-01,-1328,"Total revenues accrual",NA,"OK",NA
"rw","Germany","Revenues","2018-12-06",-1328,NA,NA,NA,NA,NA,NA,NA,2018-12-01,-1328,"Total revenues accrual",NA,"OK",NA
"rw","Germany","Revenues","2018-12-15",-288,NA,NA,NA,NA,NA,NA,NA,2018-12-01,-288,"Total revenues accrual",NA,"OK",NA
"rw","Germany","Revenues","2018-12-27",-288,NA,NA,NA,NA,NA,NA,NA,2018-12-01,-288,"Total revenues accrual",NA,"OK",NA
"rw","Germany","Revenues","2019-01-01",-288,NA,NA,NA,NA,NA,NA,NA,2019-01-01,-288,"Total revenues accrual",NA,"OK",NA
"rw","Germany","Revenues","2019-01-02",-288,NA,NA,NA,NA,NA,NA,NA,2019-01-01,-288,"Total revenues accrual",NA,"OK",NA
"rw","Germany","Revenues","2019-01-05",-288,NA,NA,NA,NA,NA,NA,NA,2019-01-01,-288,"Total revenues accrual",NA,"OK",NA
"rw","Germany","Revenues","2019-01-15",-288,NA,NA,NA,NA,NA,NA,NA,2019-01-01,-288,"Total revenues accrual",NA,"OK",NA
"rw","Germany","Revenues","2019-01-27",-288,NA,NA,NA,NA,NA,NA,NA,2019-01-01,-288,"Total revenues accrual",NA,"OK",NA
"rw","Germany","Revenues","2019-01-31",-288,NA,NA,NA,NA,NA,NA,NA,2019-01-01,-288,"Total revenues accrual",NA,"OK",NA
"rw","Germany","Revenues","2019-02-01",-288,NA,NA,NA,NA,NA,NA,NA,2019-02-01,-288,"Total revenues accrual",NA,"OK",NA
"rw","Germany","Revenues","2019-02-05",-288,NA,NA,NA,NA,NA,NA,NA,2019-02-01,-288,"Total revenues accrual",NA,"OK",NA
"rw","Germany","Revenues","2019-02-15",-288,NA,NA,NA,NA,NA,NA,NA,2019-02-01,-288,"Total revenues accrual",NA,"OK",NA
"rw","Germany","Revenues","2019-02-27",-288,NA,NA,NA,NA,NA,NA,NA,2019-02-01,-288,"Total revenues accrual",NA,"OK",NA
"rw","Germany","Revenues","2019-02-28",-288,NA,NA,NA,NA,NA,NA,NA,2019-02-01,-288,"Total revenues accrual",NA,"OK",NA
"rw","Germany","Revenues","2019-03-01",-288,NA,NA,NA,NA,NA,NA,NA,2019-03-01,-288,"Total revenues accrual",NA,"OK",NA
"rw","Germany","Revenues","2019-03-05",-288,NA,NA,NA,NA,NA,NA,NA,2019-03-01,-288,"Total revenues accrual",NA,"OK",NA
"rw","Germany","Revenues","2019-03-15",7745,NA,NA,NA,NA,NA,NA,NA,2019-03-01,7745,"Total revenues accrual",NA,"OK",NA
"rw","Germany","Revenues","2019-03-27",7745,NA,NA,NA,NA,NA,NA,NA,2019-03-01,7745,"Total revenues accrual",NA,"OK",NA
"rw","Germany","Revenues","2019-03-28",7745,NA,NA,NA,NA,NA,NA,NA,2019-03-01,7745,"Total revenues accrual",NA,"OK",NA
"rw","Germany","Revenues","2019-04-01",7745,NA,NA,NA,NA,NA,NA,NA,2019-04-01,7745,"Total revenues accrual",NA,"OK",NA
"rw","Germany","Revenues","2019-04-05",7745,NA,NA,NA,NA,NA,NA,NA,2019-04-01,7745,"Total revenues accrual",NA,"OK",NA
"rw","Germany","Revenues","2019-04-15",7745,NA,NA,NA,NA,NA,NA,NA,2019-04-01,7745,"Total revenues accrual",NA,"OK",NA
"rw","Germany","Revenues","2019-04-25",7745,NA,NA,NA,NA,NA,NA,NA,2019-04-01,7745,"Total revenues accrual",NA,"OK",NA
"rw","Germany","Revenues","2019-04-27",7745,NA,NA,NA,NA,NA,NA,NA,2019-04-01,7745,"Total revenues accrual",NA,"OK",NA
"rw","Germany","Revenues","2019-05-01",7745,NA,NA,NA,NA,NA,NA,NA,2019-05-01,7745,"Total revenues accrual",NA,"OK",NA
"rw","Germany","Revenues","2019-05-03",7745,NA,NA,NA,NA,NA,NA,NA,2019-05-01,7745,"Total revenues accrual",NA,"OK",NA
"rw","Germany","Revenues","2019-05-05",7745,NA,NA,NA,NA,NA,NA,NA,2019-05-01,7745,"Total revenues accrual",NA,"OK",NA
"rw","Germany","Revenues","2019-05-15",7745,NA,NA,NA,NA,NA,NA,NA,2019-05-01,7745,"Total revenues accrual",NA,"OK",NA
"rw","Germany","Revenues","2019-05-27",7745,NA,NA,NA,NA,NA,NA,NA,2019-05-01,7745,"Total revenues accrual",NA,"OK",NA
"rw","Germany","Revenues","2019-05-30",7745,NA,NA,NA,NA,NA,NA,NA,2019-05-01,7745,"Total revenues accrual",NA,"OK",NA
"rw","Germany","Revenues","2019-06-01",7745,NA,NA,NA,NA,NA,NA,NA,2019-06-01,7745,"Total revenues accrual",NA,"OK",NA
"rw","Germany","Revenues","2019-06-05",7745,NA,NA,NA,NA,NA,NA,NA,2019-06-01,7745,"Total revenues accrual",NA,"OK",NA
"rw","Germany","Revenues","2019-06-06",7745,NA,NA,NA,NA,NA,NA,NA,2019-06-01,7745,"Total revenues accrual",NA,"OK",NA
"rw","Germany","Revenues","2019-06-15",9333,NA,NA,NA,NA,NA,NA,NA,2019-06-01,9333,"Total revenues accrual",NA,"OK",NA
"rw","Germany","Revenues","2019-06-27",9333,NA,NA,NA,NA,NA,NA,NA,2019-06-01,9333,"Total revenues accrual",NA,"OK",NA
"rw","Germany","Revenues","2019-07-01",9333,NA,NA,NA,NA,NA,NA,NA,2019-07-01,9333,"Total revenues accrual",NA,"OK",NA
"rw","Germany","Revenues","2019-07-05",9333,NA,NA,NA,NA,NA,NA,NA,2019-07-01,9333,"Total revenues accrual",NA,"OK",NA
"rw","Germany","Revenues","2019-07-15",9333,NA,NA,NA,NA,NA,NA,NA,2019-07-01,9333,"Total revenues accrual",NA,"OK",NA
"rw","Germany","Revenues","2019-07-25",9333,NA,NA,NA,NA,NA,NA,NA,2019-07-01,9333,"Total revenues accrual",NA,"OK",NA
"rw","Germany","Revenues","2019-07-27",9333,NA,NA,NA,NA,NA,NA,NA,2019-07-01,9333,"Total revenues accrual",NA,"OK",NA
"rw","Germany","Revenues","2019-08-01",9333,NA,NA,NA,NA,NA,NA,NA,2019-08-01,9333,"Total revenues accrual",NA,"OK",NA
"rw","Germany","Revenues","2019-08-04",9333,NA,NA,NA,NA,NA,NA,NA,2019-08-01,9333,"Total revenues accrual",NA,"OK",NA
"rw","Germany","Revenues","2019-08-05",9333,NA,NA,NA,NA,NA,NA,NA,2019-08-01,9333,"Total revenues accrual",NA,"OK",NA
"rw","Germany","Revenues","2019-08-15",9333,NA,NA,NA,NA,NA,NA,NA,2019-08-01,9333,"Total revenues accrual",NA,"OK",NA
"rw","Germany","Revenues","2019-08-27",9333,NA,NA,NA,NA,NA,NA,NA,2019-08-01,9333,"Total revenues accrual",NA,"OK",NA
"rw","Germany","Revenues","2019-08-29",9333,NA,NA,NA,NA,NA,NA,NA,2019-08-01,9333,"Total revenues accrual",NA,"OK",NA
"rw","Germany","Revenues","2019-09-01",9333,NA,NA,NA,NA,NA,NA,NA,2019-09-01,9333,"Total revenues accrual",NA,"OK",NA
"rw","Germany","Revenues","2019-09-05",9333,NA,NA,NA,NA,NA,NA,NA,2019-09-01,9333,"Total revenues accrual",NA,"OK",NA
"rw","Germany","Revenues","2019-09-07",9333,NA,NA,NA,NA,NA,NA,NA,2019-09-01,9333,"Total revenues accrual",NA,"OK",NA
"rw","Germany","Revenues","2019-09-15",-1352,NA,NA,NA,NA,NA,NA,NA,2019-09-01,-1352,"Total revenues accrual",NA,"OK",NA
"rw","Germany","Revenues","2019-09-26",-1352,NA,NA,NA,NA,NA,NA,NA,2019-09-01,-1352,"Total revenues accrual",NA,"OK",NA
"rw","Germany","Revenues","2019-09-27",-1352,NA,NA,NA,NA,NA,NA,NA,2019-09-01,-1352,"Total revenues accrual",NA,"OK",NA
"rw","Germany","Revenues","2019-10-01",-1352,NA,NA,NA,NA,NA,NA,NA,2019-10-01,-1352,"Total revenues accrual",NA,"OK",NA
"rw","Germany","Revenues","2019-10-02",-1352,NA,NA,NA,NA,NA,NA,NA,2019-10-01,-1352,"Total revenues accrual",NA,"OK",NA
"rw","Germany","Revenues","2019-10-05",-1352,NA,NA,NA,NA,NA,NA,NA,2019-10-01,-1352,"Total revenues accrual",NA,"OK",NA
"rw","Germany","Revenues","2019-10-15",-1352,NA,NA,NA,NA,NA,NA,NA,2019-10-01,-1352,"Total revenues accrual",NA,"OK",NA
"rw","Germany","Revenues","2019-10-27",-1352,NA,NA,NA,NA,NA,NA,NA,2019-10-01,-1352,"Total revenues accrual",NA,"OK",NA
"rw","Germany","Revenues","2019-10-31",-1352,NA,NA,NA,NA,NA,NA,NA,2019-10-01,-1352,"Total revenues accrual",NA,"OK",NA
"rw","Germany","Revenues","2019-11-01",-1352,NA,NA,NA,NA,NA,NA,NA,2019-11-01,-1352,"Total revenues accrual",NA,"OK",NA
"rw","Germany","Revenues","2019-11-05",-1352,NA,NA,NA,NA,NA,NA,NA,2019-11-01,-1352,"Total revenues accrual",NA,"OK",NA
"rw","Germany","Revenues","2019-11-15",-1352,NA,NA,NA,NA,NA,NA,NA,2019-11-01,-1352,"Total revenues accrual",NA,"OK",NA
"rw","Germany","Revenues","2019-11-27",-1352,NA,NA,NA,NA,NA,NA,NA,2019-11-01,-1352,"Total revenues accrual",NA,"OK",NA
"rw","Germany","Revenues","2019-11-28",-1352,NA,NA,NA,NA,NA,NA,NA,2019-11-01,-1352,"Total revenues accrual",NA,"OK",NA
"rw","Germany","Revenues","2019-12-01",-1352,NA,NA,NA,NA,NA,NA,NA,2019-12-01,-1352,"Total revenues accrual",NA,"OK",NA
"rw","Germany","Revenues","2019-12-05",-1352,NA,NA,NA,NA,NA,NA,NA,2019-12-01,-1352,"Total revenues accrual",NA,"OK",NA
"rw","Germany","Revenues","2019-12-07",-1352,NA,NA,NA,NA,NA,NA,NA,2019-12-01,-1352,"Total revenues accrual",NA,"OK",NA
"rw","Germany","Revenues","2019-12-15",-887,NA,NA,NA,NA,NA,NA,NA,2019-12-01,-887,"Total revenues accrual",NA,"OK",NA
"rw","Germany","Revenues","2019-12-26",-887,NA,NA,NA,NA,NA,NA,NA,2019-12-01,-887,"Total revenues accrual",NA,"OK",NA
"rw","Germany","Revenues","2019-12-27",-887,NA,NA,NA,NA,NA,NA,NA,2019-12-01,-887,"Total revenues accrual",NA,"OK",NA
"rw","Germany","Revenues","2020-01-01",-887,NA,NA,NA,NA,NA,NA,NA,2020-01-01,-887,"Total revenues accrual",NA,"OK",NA
"rw","Germany","Revenues","2020-01-03",-887,NA,NA,NA,NA,NA,NA,NA,2020-01-01,-887,"Total revenues accrual",NA,"OK",NA
"rw","Germany","Revenues","2020-01-05",-887,NA,NA,NA,NA,NA,NA,NA,2020-01-01,-887,"Total revenues accrual",NA,"OK",NA
"rw","Germany","Revenues","2020-01-15",-887,NA,NA,NA,NA,NA,NA,NA,2020-01-01,-887,"Total revenues accrual",NA,"OK",NA
"rw","Germany","Revenues","2020-01-27",-887,NA,NA,NA,NA,NA,NA,NA,2020-01-01,-887,"Total revenues accrual",NA,"OK",NA
"rw","Germany","Revenues","2020-01-30",-887,NA,NA,NA,NA,NA,NA,NA,2020-01-01,-887,"Total revenues accrual",NA,"OK",NA
"rw","Germany","Revenues","2020-02-01",-887,NA,NA,NA,NA,NA,NA,NA,2020-02-01,-887,"Total revenues accrual",NA,"OK",NA
"rw","Germany","Revenues","2020-02-05",-887,NA,NA,NA,NA,NA,NA,NA,2020-02-01,-887,"Total revenues accrual",NA,"OK",NA
"rw","Germany","Revenues","2020-02-06",-887,NA,NA,NA,NA,NA,NA,NA,2020-02-01,-887,"Total revenues accrual",NA,"OK",NA
"rw","Germany","Revenues","2020-02-15",-887,NA,NA,NA,NA,NA,NA,NA,2020-02-01,-887,"Total revenues accrual",NA,"OK",NA
"rw","Germany","Revenues","2020-02-27",-887,NA,NA,NA,NA,NA,NA,NA,2020-02-01,-887,"Total revenues accrual",NA,"OK",NA
"rw","Germany","Revenues","2020-03-01",-887,NA,NA,NA,NA,NA,NA,NA,2020-03-01,-887,"Total revenues accrual",NA,"OK",NA
"rw","Germany","Revenues","2020-03-05",-887,NA,NA,NA,NA,NA,NA,NA,2020-03-01,-887,"Total revenues accrual",NA,"OK",NA
"rw","Germany","Revenues","2020-03-07",-887,NA,NA,NA,NA,NA,NA,NA,2020-03-01,-887,"Total revenues accrual",NA,"OK",NA
"rw","Germany","Revenues","2020-03-15",5434,NA,NA,NA,NA,NA,NA,NA,2020-03-01,5434,"Total revenues accrual",NA,"OK",NA
"rw","Germany","Revenues","2020-03-26",5434,NA,NA,NA,NA,NA,NA,NA,2020-03-01,5434,"Total revenues accrual",NA,"OK",NA
"rw","Germany","Revenues","2020-03-27",5434,NA,NA,NA,NA,NA,NA,NA,2020-03-01,5434,"Total revenues accrual",NA,"OK",NA
"rw","Germany","Revenues","2020-04-01",5434,NA,NA,NA,NA,NA,NA,NA,2020-04-01,5434,"Total revenues accrual",NA,"OK",NA
"rw","Germany","Revenues","2020-04-03",5434,NA,NA,NA,NA,NA,NA,NA,2020-04-01,5434,"Total revenues accrual",NA,"OK",NA
"rw","Germany","Revenues","2020-04-05",5434,NA,NA,NA,NA,NA,NA,NA,2020-04-01,5434,"Total revenues accrual",NA,"OK",NA
"rw","Germany","Revenues","2020-04-15",5434,NA,NA,NA,NA,NA,NA,NA,2020-04-01,5434,"Total revenues accrual",NA,"OK",NA
"rw","Germany","Revenues","2020-04-27",5434,NA,NA,NA,NA,NA,NA,NA,2020-04-01,5434,"Total revenues accrual",NA,"OK",NA
"rw","Germany","Revenues","2020-04-30",5434,NA,NA,NA,NA,NA,NA,NA,2020-04-01,5434,"Total revenues accrual",NA,"OK",NA
"rw","Germany","Revenues","2020-05-01",5434,NA,NA,NA,NA,NA,NA,NA,2020-05-01,5434,"Total revenues accrual",NA,"OK",NA
"rw","Germany","Revenues","2020-05-05",5434,NA,NA,NA,NA,NA,NA,NA,2020-05-01,5434,"Total revenues accrual",NA,"OK",NA
"rw","Germany","Revenues","2020-05-15",5434,NA,NA,NA,NA,NA,NA,NA,2020-05-01,5434,"Total revenues accrual",NA,"OK",NA
"rw","Germany","Revenues","2020-05-27",5434,NA,NA,NA,NA,NA,NA,NA,2020-05-01,5434,"Total revenues accrual",NA,"OK",NA
"rw","Germany","Revenues","2020-05-28",5434,NA,NA,NA,NA,NA,NA,NA,2020-05-01,5434,"Total revenues accrual",NA,"OK",NA
"rw","Germany","Revenues","2020-06-01",5434,NA,NA,NA,NA,NA,NA,NA,2020-06-01,5434,"Total revenues accrual",NA,"OK",NA
"rw","Germany","Revenues","2020-06-05",5434,NA,NA,NA,NA,NA,NA,NA,2020-06-01,5434,"Total revenues accrual",NA,"OK",NA
"rw","Germany","Revenues","2020-06-15",-34885,NA,NA,NA,NA,NA,NA,NA,2020-06-01,-34885,"Total revenues accrual",NA,"OK",NA
"rw","Germany","Revenues","2020-06-25",-34885,NA,NA,NA,NA,NA,NA,NA,2020-06-01,-34885,"Total revenues accrual",NA,"OK",NA
"rw","Germany","Revenues","2020-06-27",-34885,NA,NA,NA,NA,NA,NA,NA,2020-06-01,-34885,"Total revenues accrual",NA,"OK",NA
"rw","Germany","Revenues","2020-07-01",-34885,NA,NA,NA,NA,NA,NA,NA,2020-07-01,-34885,"Total revenues accrual",NA,"OK",NA
"rw","Germany","Revenues","2020-07-03",-34885,NA,NA,NA,NA,NA,NA,NA,2020-07-01,-34885,"Total revenues accrual",NA,"OK",NA
"rw","Germany","Revenues","2020-07-05",-34885,NA,NA,NA,NA,NA,NA,NA,2020-07-01,-34885,"Total revenues accrual",NA,"OK",NA
"rw","Germany","Revenues","2020-07-15",-34885,NA,NA,NA,NA,NA,NA,NA,2020-07-01,-34885,"Total revenues accrual",NA,"OK",NA
"rw","Germany","Revenues","2020-07-27",-34885,NA,NA,NA,NA,NA,NA,NA,2020-07-01,-34885,"Total revenues accrual",NA,"OK",NA
"rw","Germany","Revenues","2020-07-30",-34885,NA,NA,NA,NA,NA,NA,NA,2020-07-01,-34885,"Total revenues accrual",NA,"OK",NA
"rw","Germany","Revenues","2020-08-01",-34885,NA,NA,NA,NA,NA,NA,NA,2020-08-01,-34885,"Total revenues accrual",NA,"OK",NA
"rw","Germany","Revenues","2020-08-05",-34885,NA,NA,NA,NA,NA,NA,NA,2020-08-01,-34885,"Total revenues accrual",NA,"OK",NA
"rw","Germany","Revenues","2020-08-06",-34885,NA,NA,NA,NA,NA,NA,NA,2020-08-01,-34885,"Total revenues accrual",NA,"OK",NA
"rw","Germany","Revenues","2020-08-15",-34885,NA,NA,NA,NA,NA,NA,NA,2020-08-01,-34885,"Total revenues accrual",NA,"OK",NA
"rw","Germany","Revenues","2020-08-27",-34885,NA,NA,NA,NA,NA,NA,NA,2020-08-01,-34885,"Total revenues accrual",NA,"OK",NA
"rw","Germany","Revenues","2020-09-01",-34885,NA,NA,NA,NA,NA,NA,NA,2020-09-01,-34885,"Total revenues accrual",NA,"OK",NA
"rw","Germany","Revenues","2020-09-02",-34885,NA,NA,NA,NA,NA,NA,NA,2020-09-01,-34885,"Total revenues accrual",NA,"OK",NA
"rw","Germany","Revenues","2020-09-05",-34885,NA,NA,NA,NA,NA,NA,NA,2020-09-01,-34885,"Total revenues accrual",NA,"OK",NA
"rw","Germany","Revenues","2020-09-15",11599,NA,NA,NA,NA,NA,NA,NA,2020-09-01,11599,"Total revenues accrual",NA,"OK",NA
"rw","Germany","Revenues","2020-09-24",11599,NA,NA,NA,NA,NA,NA,NA,2020-09-01,11599,"Total revenues accrual",NA,"OK",NA
"rw","Germany","Revenues","2020-09-27",11599,NA,NA,NA,NA,NA,NA,NA,2020-09-01,11599,"Total revenues accrual",NA,"OK",NA
"rw","Germany","Revenues","2020-10-01",11599,NA,NA,NA,NA,NA,NA,NA,2020-10-01,11599,"Total revenues accrual",NA,"OK",NA
"rw","Germany","Revenues","2020-10-04",11599,NA,NA,NA,NA,NA,NA,NA,2020-10-01,11599,"Total revenues accrual",NA,"OK",NA
"rw","Germany","Revenues","2020-10-05",11599,NA,NA,NA,NA,NA,NA,NA,2020-10-01,11599,"Total revenues accrual",NA,"OK",NA
"rw","Germany","Revenues","2020-10-15",11599,NA,NA,NA,NA,NA,NA,NA,2020-10-01,11599,"Total revenues accrual",NA,"OK",NA
"rw","Germany","Revenues","2020-10-27",11599,NA,NA,NA,NA,NA,NA,NA,2020-10-01,11599,"Total revenues accrual",NA,"OK",NA
"rw","Germany","Revenues","2020-10-29",11599,NA,NA,NA,NA,NA,NA,NA,2020-10-01,11599,"Total revenues accrual",NA,"OK",NA
"rw","Germany","Revenues","2020-11-01",11599,NA,NA,NA,NA,NA,NA,NA,2020-11-01,11599,"Total revenues accrual",NA,"OK",NA
"rw","Germany","Revenues","2020-11-05",11599,NA,NA,NA,NA,NA,NA,NA,2020-11-01,11599,"Total revenues accrual",NA,"OK",NA
"rw","Germany","Revenues","2020-11-07",11599,NA,NA,NA,NA,NA,NA,NA,2020-11-01,11599,"Total revenues accrual",NA,"OK",NA
"rw","Germany","Revenues","2020-11-15",11599,NA,NA,NA,NA,NA,NA,NA,2020-11-01,11599,"Total revenues accrual",NA,"OK",NA
"rw","Germany","Revenues","2020-11-26",11599,NA,NA,NA,NA,NA,NA,NA,2020-11-01,11599,"Total revenues accrual",NA,"OK",NA
"rw","Germany","Revenues","2020-11-27",11599,NA,NA,NA,NA,NA,NA,NA,2020-11-01,11599,"Total revenues accrual",NA,"OK",NA
"rw","Germany","Revenues","2020-12-01",11599,NA,NA,NA,NA,NA,NA,NA,2020-12-01,11599,"Total revenues accrual",NA,"OK",NA
"rw","Germany","Revenues","2020-12-02",11599,NA,NA,NA,NA,NA,NA,NA,2020-12-01,11599,"Total revenues accrual",NA,"OK",NA
"rw","Germany","Revenues","2020-12-05",11599,NA,NA,NA,NA,NA,NA,NA,2020-12-01,11599,"Total revenues accrual",NA,"OK",NA
"rw","Germany","Revenues","2020-12-15",10842,NA,NA,NA,NA,NA,NA,NA,2020-12-01,10842,"Total revenues accrual",NA,"OK",NA
"rw","Germany","Revenues","2020-12-27",10842,NA,NA,NA,NA,NA,NA,NA,2020-12-01,10842,"Total revenues accrual",NA,"OK",NA
"rw","Germany","Revenues","2020-12-31",10842,NA,NA,NA,NA,NA,NA,NA,2020-12-01,10842,"Total revenues accrual",NA,"OK",NA
"rw","Germany","Revenues","2021-01-01",10842,NA,NA,NA,NA,NA,NA,NA,2021-01-01,10842,"Total revenues accrual",NA,"OK",NA
"rw","Germany","Revenues","2021-01-05",10842,NA,NA,NA,NA,NA,NA,NA,2021-01-01,10842,"Total revenues accrual",NA,"OK",NA
"rw","Germany","Revenues","2021-01-15",10842,NA,NA,NA,NA,NA,NA,NA,2021-01-01,10842,"Total revenues accrual",NA,"OK",NA
"rw","Germany","Revenues","2021-01-27",10842,NA,NA,NA,NA,NA,NA,NA,2021-01-01,10842,"Total revenues accrual",NA,"OK",NA
"rw","Germany","Revenues","2021-01-28",10842,NA,NA,NA,NA,NA,NA,NA,2021-01-01,10842,"Total revenues accrual",NA,"OK",NA
"rw","Germany","Revenues","2021-02-01",10842,NA,NA,NA,NA,NA,NA,NA,2021-02-01,10842,"Total revenues accrual",NA,"OK",NA
"rw","Germany","Revenues","2021-02-05",10842,NA,NA,NA,NA,NA,NA,NA,2021-02-01,10842,"Total revenues accrual",NA,"OK",NA
"rw","Germany","Revenues","2021-02-15",10842,NA,NA,NA,NA,NA,NA,NA,2021-02-01,10842,"Total revenues accrual",NA,"OK",NA
"rw","Germany","Revenues","2021-02-25",10842,NA,NA,NA,NA,NA,NA,NA,2021-02-01,10842,"Total revenues accrual",NA,"OK",NA
"rw","Germany","Revenues","2021-02-27",10842,NA,NA,NA,NA,NA,NA,NA,2021-02-01,10842,"Total revenues accrual",NA,"OK",NA
"rw","Germany","Revenues","2021-03-01",10842,NA,NA,NA,NA,NA,NA,NA,2021-03-01,10842,"Total revenues accrual",NA,"OK",NA
"rw","Germany","Revenues","2021-03-05",10842,NA,NA,NA,NA,NA,NA,NA,2021-03-01,10842,"Total revenues accrual",NA,"OK",NA
"rw","Germany","Revenues","2021-03-15",14210,NA,NA,NA,NA,NA,NA,NA,2021-03-01,14210,"Total revenues accrual",NA,"OK",NA
"rw","Germany","Revenues","2021-03-25",14210,NA,NA,NA,NA,NA,NA,NA,2021-03-01,14210,"Total revenues accrual",NA,"OK",NA
"rw","Germany","Revenues","2021-03-27",14210,NA,NA,NA,NA,NA,NA,NA,2021-03-01,14210,"Total revenues accrual",NA,"OK",NA
"rw","Germany","Revenues","2021-04-01",14210,NA,NA,NA,NA,NA,NA,NA,2021-04-01,14210,"Total revenues accrual",NA,"OK",NA
"rw","Germany","Revenues","2021-04-04",14210,NA,NA,NA,NA,NA,NA,NA,2021-04-01,14210,"Total revenues accrual",NA,"OK",NA
"rw","Germany","Revenues","2021-04-05",14210,NA,NA,NA,NA,NA,NA,NA,2021-04-01,14210,"Total revenues accrual",NA,"OK",NA
"rw","Germany","Revenues","2021-04-15",14210,NA,NA,NA,NA,NA,NA,NA,2021-04-01,14210,"Total revenues accrual",NA,"OK",NA
"rw","Germany","Revenues","2021-04-27",14210,NA,NA,NA,NA,NA,NA,NA,2021-04-01,14210,"Total revenues accrual",NA,"OK",NA
"rw","Germany","Revenues","2021-04-29",14210,NA,NA,NA,NA,NA,NA,NA,2021-04-01,14210,"Total revenues accrual",NA,"OK",NA
"rw","Germany","Revenues","2021-05-01",14210,NA,NA,NA,NA,NA,NA,NA,2021-05-01,14210,"Total revenues accrual",NA,"OK",NA
"rw","Germany","Revenues","2021-05-05",14210,NA,NA,NA,NA,NA,NA,NA,2021-05-01,14210,"Total revenues accrual",NA,"OK",NA
"rw","Germany","Revenues","2021-05-06",14210,NA,NA,NA,NA,NA,NA,NA,2021-05-01,14210,"Total revenues accrual",NA,"OK",NA
"rw","Germany","Revenues","2021-05-15",14210,NA,NA,NA,NA,NA,NA,NA,2021-05-01,14210,"Total revenues accrual",NA,"OK",NA
"rw","Germany","Revenues","2021-05-27",14210,NA,NA,NA,NA,NA,NA,NA,2021-05-01,14210,"Total revenues accrual",NA,"OK",NA
"rw","Germany","Revenues","2021-06-01",14210,NA,NA,NA,NA,NA,NA,NA,2021-06-01,14210,"Total revenues accrual",NA,"OK",NA
"rw","Germany","Revenues","2021-06-02",14210,NA,NA,NA,NA,NA,NA,NA,2021-06-01,14210,"Total revenues accrual",NA,"OK",NA
"rw","Germany","Revenues","2021-06-05",14210,NA,NA,NA,NA,NA,NA,NA,2021-06-01,14210,"Total revenues accrual",NA,"OK",NA
"rw","Germany","Revenues","2021-06-15",-1329,NA,NA,NA,NA,NA,NA,NA,2021-06-01,-1329,"Total revenues accrual",NA,"OK",NA
"rw","Germany","Revenues","2021-06-24",-1329,NA,NA,NA,NA,NA,NA,NA,2021-06-01,-1329,"Total revenues accrual",NA,"OK",NA
"rw","Germany","Revenues","2021-06-27",-1329,NA,NA,NA,NA,NA,NA,NA,2021-06-01,-1329,"Total revenues accrual",NA,"OK",NA
"rw","Germany","Revenues","2021-07-01",-1329,NA,NA,NA,NA,NA,NA,NA,2021-07-01,-1329,"Total revenues accrual",NA,"OK",NA
"rw","Germany","Revenues","2021-07-04",-1329,NA,NA,NA,NA,NA,NA,NA,2021-07-01,-1329,"Total revenues accrual",NA,"OK",NA
"rw","Germany","Revenues","2021-07-05",-1329,NA,NA,NA,NA,NA,NA,NA,2021-07-01,-1329,"Total revenues accrual",NA,"OK",NA
"rw","Germany","Revenues","2021-07-15",-1329,NA,NA,NA,NA,NA,NA,NA,2021-07-01,-1329,"Total revenues accrual",NA,"OK",NA
"rw","Germany","Revenues","2021-07-27",-1329,NA,NA,NA,NA,NA,NA,NA,2021-07-01,-1329,"Total revenues accrual",NA,"OK",NA
"rw","Germany","Revenues","2021-07-29",-1329,NA,NA,NA,NA,NA,NA,NA,2021-07-01,-1329,"Total revenues accrual",NA,"OK",NA
"rw","Germany","Revenues","2021-08-01",-1329,NA,NA,NA,NA,NA,NA,NA,2021-08-01,-1329,"Total revenues accrual",NA,"OK",NA
"rw","Germany","Revenues","2021-08-05",-1329,NA,NA,NA,NA,NA,NA,NA,2021-08-01,-1329,"Total revenues accrual",NA,"OK",NA
"rw","Germany","Revenues","2021-08-07",-1329,NA,NA,NA,NA,NA,NA,NA,2021-08-01,-1329,"Total revenues accrual",NA,"OK",NA
"rw","Germany","Revenues","2021-08-15",-1329,NA,NA,NA,NA,NA,NA,NA,2021-08-01,-1329,"Total revenues accrual",NA,"OK",NA
"rw","Germany","Revenues","2021-08-26",-1329,NA,NA,NA,NA,NA,NA,NA,2021-08-01,-1329,"Total revenues accrual",NA,"OK",NA
"rw","Germany","Revenues","2021-08-27",-1329,NA,NA,NA,NA,NA,NA,NA,2021-08-01,-1329,"Total revenues accrual",NA,"OK",NA
"rw","Germany","Revenues","2021-09-01",-1329,NA,NA,NA,NA,NA,NA,NA,2021-09-01,-1329,"Total revenues accrual",NA,"OK",NA
"rw","Germany","Revenues","2021-09-03",-1329,NA,NA,NA,NA,NA,NA,NA,2021-09-01,-1329,"Total revenues accrual",NA,"OK",NA
"rw","Germany","Revenues","2021-09-05",-1329,NA,NA,NA,NA,NA,NA,NA,2021-09-01,-1329,"Total revenues accrual",NA,"OK",NA
"rw","Germany","Revenues","2021-09-15",23907,NA,NA,NA,NA,NA,NA,NA,2021-09-01,23907,"Total revenues accrual",NA,"OK",NA
"rw","Germany","Revenues","2021-09-27",23907,NA,NA,NA,NA,NA,NA,NA,2021-09-01,23907,"Total revenues accrual",NA,"OK",NA
"rw","Germany","Revenues","2021-09-30",23907,NA,NA,NA,NA,NA,NA,NA,2021-09-01,23907,"Total revenues accrual",NA,"OK",NA
"rw","Germany","Revenues","2021-10-01",23907,NA,NA,NA,NA,NA,NA,NA,2021-10-01,23907,"Total revenues accrual",NA,"OK",NA
"rw","Germany","Revenues","2021-10-05",23907,NA,NA,NA,NA,NA,NA,NA,2021-10-01,23907,"Total revenues accrual",NA,"OK",NA
"rw","Germany","Revenues","2021-10-15",23907,NA,NA,NA,NA,NA,NA,NA,2021-10-01,23907,"Total revenues accrual",NA,"OK",NA
"rw","Germany","Revenues","2021-10-27",23907,NA,NA,NA,NA,NA,NA,NA,2021-10-01,23907,"Total revenues accrual",NA,"OK",NA
"rw","Germany","Revenues","2021-10-28",23907,NA,NA,NA,NA,NA,NA,NA,2021-10-01,23907,"Total revenues accrual",NA,"OK",NA
"rw","Germany","Revenues","2021-11-01",23907,NA,NA,NA,NA,NA,NA,NA,2021-11-01,23907,"Total revenues accrual",NA,"OK",NA
"rw","Germany","Revenues","2021-11-05",23907,NA,NA,NA,NA,NA,NA,NA,2021-11-01,23907,"Total revenues accrual",NA,"OK",NA
"rw","Germany","Revenues","2021-11-15",23907,NA,NA,NA,NA,NA,NA,NA,2021-11-01,23907,"Total revenues accrual",NA,"OK",NA
"rw","Germany","Revenues","2021-11-25",23907,NA,NA,NA,NA,NA,NA,NA,2021-11-01,23907,"Total revenues accrual",NA,"OK",NA
"rw","Germany","Revenues","2021-11-27",23907,NA,NA,NA,NA,NA,NA,NA,2021-11-01,23907,"Total revenues accrual",NA,"OK",NA
"rw","Germany","Revenues","2021-12-01",23907,NA,NA,NA,NA,NA,NA,NA,2021-12-01,23907,"Total revenues accrual",NA,"OK",NA
"rw","Germany","Revenues","2021-12-03",23907,NA,NA,NA,NA,NA,NA,NA,2021-12-01,23907,"Total revenues accrual",NA,"OK",NA
"rw","Germany","Revenues","2021-12-05",23907,NA,NA,NA,NA,NA,NA,NA,2021-12-01,23907,"Total revenues accrual",NA,"OK",NA
"rw","Germany","Revenues","2021-12-15",15031,NA,NA,NA,NA,NA,NA,NA,2021-12-01,15031,"Total revenues accrual",NA,"OK",NA
"rw","Germany","Revenues","2021-12-27",15031,NA,NA,NA,NA,NA,NA,NA,2021-12-01,15031,"Total revenues accrual",NA,"OK",NA
"rw","Germany","Revenues","2021-12-30",15031,NA,NA,NA,NA,NA,NA,NA,2021-12-01,15031,"Total revenues accrual",NA,"OK",NA
"rw","Germany","Revenues","2022-01-01",15031,NA,NA,NA,NA,NA,NA,NA,2022-01-01,15031,"Total revenues accrual",NA,"OK",NA
"rw","Germany","Revenues","2022-01-05",15031,NA,NA,NA,NA,NA,NA,NA,2022-01-01,15031,"Total revenues accrual",NA,"OK",NA
"rw","Germany","Revenues","2022-01-06",15031,NA,NA,NA,NA,NA,NA,NA,2022-01-01,15031,"Total revenues accrual",NA,"OK",NA
"rw","Germany","Revenues","2022-01-15",15031,NA,NA,NA,NA,NA,NA,NA,2022-01-01,15031,"Total revenues accrual",NA,"OK",NA
"rw","Germany","Revenues","2022-01-27",15031,NA,NA,NA,NA,NA,NA,NA,2022-01-01,15031,"Total revenues accrual",NA,"OK",NA
"rw","Germany","Revenues","2022-02-01",15031,NA,NA,NA,NA,NA,NA,NA,2022-02-01,15031,"Total revenues accrual",NA,"OK",NA
"rw","Germany","Revenues","2022-02-02",15031,NA,NA,NA,NA,NA,NA,NA,2022-02-01,15031,"Total revenues accrual",NA,"OK",NA
"rw","Germany","Revenues","2022-02-05",15031,NA,NA,NA,NA,NA,NA,NA,2022-02-01,15031,"Total revenues accrual",NA,"OK",NA
"rw","Germany","Revenues","2022-02-15",15031,NA,NA,NA,NA,NA,NA,NA,2022-02-01,15031,"Total revenues accrual",NA,"OK",NA
"rw","Germany","Revenues","2022-02-24",15031,NA,NA,NA,NA,NA,NA,NA,2022-02-01,15031,"Total revenues accrual",NA,"OK",NA
"rw","Germany","Revenues","2022-02-27",15031,NA,NA,NA,NA,NA,NA,NA,2022-02-01,15031,"Total revenues accrual",NA,"OK",NA
"rw","Germany","Revenues","2022-03-01",15031,NA,NA,NA,NA,NA,NA,NA,2022-03-01,15031,"Total revenues accrual",NA,"OK",NA
"rw","Germany","Revenues","2022-03-02",15031,NA,NA,NA,NA,NA,NA,NA,2022-03-01,15031,"Total revenues accrual",NA,"OK",NA
"rw","Germany","Revenues","2022-03-05",15031,NA,NA,NA,NA,NA,NA,NA,2022-03-01,15031,"Total revenues accrual",NA,"OK",NA
"rw","Germany","Revenues","2022-03-15",1929,NA,NA,NA,NA,NA,NA,NA,2022-03-01,1929,"Total revenues accrual",NA,"OK",NA
"rw","Germany","Revenues","2022-03-27",1929,NA,NA,NA,NA,NA,NA,NA,2022-03-01,1929,"Total revenues accrual",NA,"OK",NA
"rw","Germany","Revenues","2022-03-31",1929,NA,NA,NA,NA,NA,NA,NA,2022-03-01,1929,"Total revenues accrual",NA,"OK",NA
"rw","Germany","Revenues","2022-04-01",1929,NA,NA,NA,NA,NA,NA,NA,2022-04-01,1929,"Total revenues accrual",NA,"OK",NA
"rw","Germany","Revenues","2022-04-05",1929,NA,NA,NA,NA,NA,NA,NA,2022-04-01,1929,"Total revenues accrual",NA,"OK",NA
"rw","Germany","Revenues","2022-04-15",1929,NA,NA,NA,NA,NA,NA,NA,2022-04-01,1929,"Total revenues accrual",NA,"OK",NA
"rw","Germany","Revenues","2022-04-27",1929,NA,NA,NA,NA,NA,NA,NA,2022-04-01,1929,"Total revenues accrual",NA,"OK",NA
"rw","Germany","Revenues","2022-04-28",1929,NA,NA,NA,NA,NA,NA,NA,2022-04-01,1929,"Total revenues accrual",NA,"OK",NA
"rw","Germany","Revenues","2022-05-01",1929,NA,NA,NA,NA,NA,NA,NA,2022-05-01,1929,"Total revenues accrual",NA,"OK",NA
"rw","Germany","Revenues","2022-05-05",1929,NA,NA,NA,NA,NA,NA,NA,2022-05-01,1929,"Total revenues accrual",NA,"OK",NA
"rw","Germany","Revenues","2022-05-07",1929,NA,NA,NA,NA,NA,NA,NA,2022-05-01,1929,"Total revenues accrual",NA,"OK",NA
"rw","Germany","Revenues","2022-05-15",1929,NA,NA,NA,NA,NA,NA,NA,2022-05-01,1929,"Total revenues accrual",NA,"OK",NA
"rw","Germany","Revenues","2022-05-26",1929,NA,NA,NA,NA,NA,NA,NA,2022-05-01,1929,"Total revenues accrual",NA,"OK",NA
"rw","Germany","Revenues","2022-05-27",1929,NA,NA,NA,NA,NA,NA,NA,2022-05-01,1929,"Total revenues accrual",NA,"OK",NA
"rw","Germany","Revenues","2022-06-01",1929,NA,NA,NA,NA,NA,NA,NA,2022-06-01,1929,"Total revenues accrual",NA,"OK",NA
"rw","Germany","Revenues","2022-06-03",1929,NA,NA,NA,NA,NA,NA,NA,2022-06-01,1929,"Total revenues accrual",NA,"OK",NA
"rw","Germany","Revenues","2022-06-05",1929,NA,NA,NA,NA,NA,NA,NA,2022-06-01,1929,"Total revenues accrual",NA,"OK",NA
"rw","Germany","Revenues","2022-06-15",-1799,NA,NA,NA,NA,NA,NA,NA,2022-06-01,-1799,"Total revenues accrual",NA,"OK",NA
"rw","Germany","Revenues","2022-06-27",-1799,NA,NA,NA,NA,NA,NA,NA,2022-06-01,-1799,"Total revenues accrual",NA,"OK",NA
"rw","Germany","Revenues","2022-06-30",-1799,NA,NA,NA,NA,NA,NA,NA,2022-06-01,-1799,"Total revenues accrual",NA,"OK",NA
"rw","Germany","Revenues","2022-07-01",-1799,NA,NA,NA,NA,NA,NA,NA,2022-07-01,-1799,"Total revenues accrual",NA,"OK",NA
"rw","Germany","Revenues","2022-07-05",-1799,NA,NA,NA,NA,NA,NA,NA,2022-07-01,-1799,"Total revenues accrual",NA,"OK",NA
"rw","Germany","Revenues","2022-07-15",-1799,NA,NA,NA,NA,NA,NA,NA,2022-07-01,-1799,"Total revenues accrual",NA,"OK",NA
"rw","Germany","Revenues","2022-07-27",-1799,NA,NA,NA,NA,NA,NA,NA,2022-07-01,-1799,"Total revenues accrual",NA,"OK",NA
"rw","Germany","Revenues","2022-07-28",-1799,NA,NA,NA,NA,NA,NA,NA,2022-07-01,-1799,"Total revenues accrual",NA,"OK",NA
"rw","Germany","Revenues","2022-08-01",-1799,NA,NA,NA,NA,NA,NA,NA,2022-08-01,-1799,"Total revenues accrual",NA,"OK",NA
"rw","Germany","Revenues","2022-08-05",-1799,NA,NA,NA,NA,NA,NA,NA,2022-08-01,-1799,"Total revenues accrual",NA,"OK",NA
"rw","Germany","Revenues","2022-08-15",-1799,NA,NA,NA,NA,NA,NA,NA,2022-08-01,-1799,"Total revenues accrual",NA,"OK",NA
"rw","Germany","Revenues","2022-08-25",-1799,NA,NA,NA,NA,NA,NA,NA,2022-08-01,-1799,"Total revenues accrual",NA,"OK",NA
"rw","Germany","Revenues","2022-08-27",-1799,NA,NA,NA,NA,NA,NA,NA,2022-08-01,-1799,"Total revenues accrual",NA,"OK",NA
"rw","Germany","Revenues","2022-09-01",-1799,NA,NA,NA,NA,NA,NA,NA,2022-09-01,-1799,"Total revenues accrual",NA,"OK",NA
"rw","Germany","Revenues","2022-09-04",-1799,NA,NA,NA,NA,NA,NA,NA,2022-09-01,-1799,"Total revenues accrual",NA,"OK",NA
"rw","Germany","Revenues","2022-09-05",-1799,NA,NA,NA,NA,NA,NA,NA,2022-09-01,-1799,"Total revenues accrual",NA,"OK",NA
"rw","Germany","Revenues","2022-09-15",6533,NA,NA,NA,NA,NA,NA,NA,2022-09-01,6533,"Total revenues accrual",NA,"OK",NA
"rw","Germany","Revenues","2022-09-27",6533,NA,NA,NA,NA,NA,NA,NA,2022-09-01,6533,"Total revenues accrual",NA,"OK",NA
"rw","Germany","Revenues","2022-09-29",6533,NA,NA,NA,NA,NA,NA,NA,2022-09-01,6533,"Total revenues accrual",NA,"OK",NA
"rw","Germany","Revenues","2022-10-01",6533,NA,NA,NA,NA,NA,NA,NA,2022-10-01,6533,"Total revenues accrual",NA,"OK",NA
"rw","Germany","Revenues","2022-10-05",6533,NA,NA,NA,NA,NA,NA,NA,2022-10-01,6533,"Total revenues accrual",NA,"OK",NA
"rw","Germany","Revenues","2022-10-06",6533,NA,NA,NA,NA,NA,NA,NA,2022-10-01,6533,"Total revenues accrual",NA,"OK",NA
"rw","Germany","Revenues","2022-10-15",6533,NA,NA,NA,NA,NA,NA,NA,2022-10-01,6533,"Total revenues accrual",NA,"OK",NA
"rw","Germany","Revenues","2022-10-27",6533,NA,NA,NA,NA,NA,NA,NA,2022-10-01,6533,"Total revenues accrual",NA,"OK",NA
"rw","Germany","Revenues","2022-11-01",6533,NA,NA,NA,NA,NA,NA,NA,2022-11-01,6533,"Total revenues accrual",NA,"OK",NA
"rw","Germany","Revenues","2022-11-02",6533,NA,NA,NA,NA,NA,NA,NA,2022-11-01,6533,"Total revenues accrual",NA,"OK",NA
"rw","Germany","Revenues","2022-11-05",6533,NA,NA,NA,NA,NA,NA,NA,2022-11-01,6533,"Total revenues accrual",NA,"OK",NA
"rw","Germany","Revenues","2022-11-15",6533,NA,NA,NA,NA,NA,NA,NA,2022-11-01,6533,"Total revenues accrual",NA,"OK",NA
"rw","Germany","Revenues","2022-11-24",6533,NA,NA,NA,NA,NA,NA,NA,2022-11-01,6533,"Total revenues accrual",NA,"OK",NA
"rw","Germany","Revenues","2022-11-27",6533,NA,NA,NA,NA,NA,NA,NA,2022-11-01,6533,"Total revenues accrual",NA,"OK",NA
"rw","Germany","Revenues","2022-12-01",6533,NA,NA,NA,NA,NA,NA,NA,2022-12-01,6533,"Total revenues accrual",NA,"OK",NA
"rw","Germany","Revenues","2022-12-04",6533,NA,NA,NA,NA,NA,NA,NA,2022-12-01,6533,"Total revenues accrual",NA,"OK",NA
"rw","Germany","Revenues","2022-12-05",6533,NA,NA,NA,NA,NA,NA,NA,2022-12-01,6533,"Total revenues accrual",NA,"OK",NA
"rw","Germany","Revenues","2022-12-15",6916,NA,NA,NA,NA,NA,NA,NA,2022-12-01,6916,"Total revenues accrual",NA,"OK",NA
"rw","Germany","Revenues","2022-12-27",6916,NA,NA,NA,NA,NA,NA,NA,2022-12-01,6916,"Total revenues accrual",NA,"OK",NA
"rw","Germany","Revenues","2022-12-29",6916,NA,NA,NA,NA,NA,NA,NA,2022-12-01,6916,"Total revenues accrual",NA,"OK",NA
"rw","Germany","Revenues","2023-01-01",6916,NA,NA,NA,NA,NA,NA,NA,2023-01-01,6916,"Total revenues accrual",NA,"OK",NA
"rw","Germany","Revenues","2023-01-05",6916,NA,NA,NA,NA,NA,NA,NA,2023-01-01,6916,"Total revenues accrual",NA,"OK",NA
"rw","Germany","Revenues","2023-01-07",6916,NA,NA,NA,NA,NA,NA,NA,2023-01-01,6916,"Total revenues accrual",NA,"OK",NA
"rw","Germany","Revenues","2023-01-15",6916,NA,NA,NA,NA,NA,NA,NA,2023-01-01,6916,"Total revenues accrual",NA,"OK",NA
"rw","Germany","Revenues","2023-01-26",6916,NA,NA,NA,NA,NA,NA,NA,2023-01-01,6916,"Total revenues accrual",NA,"OK",NA
"rw","Germany","Revenues","2023-01-27",6916,NA,NA,NA,NA,NA,NA,NA,2023-01-01,6916,"Total revenues accrual",NA,"OK",NA
"rw","Germany","Revenues","2023-02-01",6916,NA,NA,NA,NA,NA,NA,NA,2023-02-01,6916,"Total revenues accrual",NA,"OK",NA
"rw","Germany","Revenues","2023-02-03",6916,NA,NA,NA,NA,NA,NA,NA,2023-02-01,6916,"Total revenues accrual",NA,"OK",NA
"rw","Germany","Revenues","2023-02-05",6916,NA,NA,NA,NA,NA,NA,NA,2023-02-01,6916,"Total revenues accrual",NA,"OK",NA
"rw","Germany","Revenues","2023-02-15",6916,NA,NA,NA,NA,NA,NA,NA,2023-02-01,6916,"Total revenues accrual",NA,"OK",NA
"rw","Germany","Revenues","2023-02-23",6916,NA,NA,NA,NA,NA,NA,NA,2023-02-01,6916,"Total revenues accrual",NA,"OK",NA
"rw","Germany","Revenues","2023-02-27",6916,NA,NA,NA,NA,NA,NA,NA,2023-02-01,6916,"Total revenues accrual",NA,"OK",NA
"rw","Germany","Revenues","2023-03-01",6916,NA,NA,NA,NA,NA,NA,NA,2023-03-01,6916,"Total revenues accrual",NA,"OK",NA
"rw","Germany","Revenues","2023-03-03",6916,NA,NA,NA,NA,NA,NA,NA,2023-03-01,6916,"Total revenues accrual",NA,"OK",NA
"rw","Germany","Revenues","2023-03-05",6916,NA,NA,NA,NA,NA,NA,NA,2023-03-01,6916,"Total revenues accrual",NA,"OK",NA
"rw","Germany","Revenues","2023-03-15",-4102,NA,NA,NA,NA,NA,NA,NA,2023-03-01,-4102,"Total revenues accrual",NA,"OK",NA
"rw","Germany","Revenues","2023-03-27",-4102,NA,NA,NA,NA,NA,NA,NA,2023-03-01,-4102,"Total revenues accrual",NA,"OK",NA
"rw","Germany","Revenues","2023-03-30",-4102,NA,NA,NA,NA,NA,NA,NA,2023-03-01,-4102,"Total revenues accrual",NA,"OK",NA
"rw","Germany","Revenues","2023-04-01",-4102,NA,NA,NA,NA,NA,NA,NA,2023-04-01,-4102,"Total revenues accrual",NA,"OK",NA
"rw","Germany","Revenues","2023-04-05",-4102,NA,NA,NA,NA,NA,NA,NA,2023-04-01,-4102,"Total revenues accrual",NA,"OK",NA
"rw","Germany","Revenues","2023-04-06",-4102,NA,NA,NA,NA,NA,NA,NA,2023-04-01,-4102,"Total revenues accrual",NA,"OK",NA
"rw","Germany","Revenues","2023-04-15",-4102,NA,NA,NA,NA,NA,NA,NA,2023-04-01,-4102,"Total revenues accrual",NA,"OK",NA
"rw","Germany","Revenues","2023-04-27",-4102,NA,NA,NA,NA,NA,NA,NA,2023-04-01,-4102,"Total revenues accrual",NA,"OK",NA
"rw","Germany","Revenues","2023-05-01",-4102,NA,NA,NA,NA,NA,NA,NA,2023-05-01,-4102,"Total revenues accrual",NA,"OK",NA
"rw","Germany","Revenues","2023-05-05",-4102,NA,NA,NA,NA,NA,NA,NA,2023-05-01,-4102,"Total revenues accrual",NA,"OK",NA
"rw","Germany","Revenues","2023-05-15",-4102,NA,NA,NA,NA,NA,NA,NA,2023-05-01,-4102,"Total revenues accrual",NA,"OK",NA
"rw","Germany","Revenues","2023-05-25",-4102,NA,NA,NA,NA,NA,NA,NA,2023-05-01,-4102,"Total revenues accrual",NA,"OK",NA
"rw","Germany","Revenues","2023-05-27",-4102,NA,NA,NA,NA,NA,NA,NA,2023-05-01,-4102,"Total revenues accrual",NA,"OK",NA
"rw","Germany","Revenues","2023-06-01",-4102,NA,NA,NA,NA,NA,NA,NA,2023-06-01,-4102,"Total revenues accrual",NA,"OK",NA
"rw","Germany","Revenues","2023-06-04",-4102,NA,NA,NA,NA,NA,NA,NA,2023-06-01,-4102,"Total revenues accrual",NA,"OK",NA
"rw","Germany","Revenues","2023-06-05",-4102,NA,NA,NA,NA,NA,NA,NA,2023-06-01,-4102,"Total revenues accrual",NA,"OK",NA
"rw","Germany","Revenues","2023-06-15",8925,NA,NA,NA,NA,NA,NA,NA,2023-06-01,8925,"Total revenues accrual",NA,"OK",NA
"rw","Germany","Revenues","2023-06-27",8925,NA,NA,NA,NA,NA,NA,NA,2023-06-01,8925,"Total revenues accrual",NA,"OK",NA
"rw","Germany","Revenues","2023-06-29",8925,NA,NA,NA,NA,NA,NA,NA,2023-06-01,8925,"Total revenues accrual",NA,"OK",NA
"rw","Germany","Revenues","2023-07-01",8925,NA,NA,NA,NA,NA,NA,NA,2023-07-01,8925,"Total revenues accrual",NA,"OK",NA
"rw","Germany","Revenues","2023-07-05",8925,NA,NA,NA,NA,NA,NA,NA,2023-07-01,8925,"Total revenues accrual",NA,"OK",NA
"rw","Germany","Revenues","2023-07-06",8925,NA,NA,NA,NA,NA,NA,NA,2023-07-01,8925,"Total revenues accrual",NA,"OK",NA
"rw","Germany","Revenues","2023-07-15",8925,NA,NA,NA,NA,NA,NA,NA,2023-07-01,8925,"Total revenues accrual",NA,"OK",NA
"rw","Germany","Revenues","2023-07-27",8925,NA,NA,NA,NA,NA,NA,NA,2023-07-01,8925,"Total revenues accrual",NA,"OK",NA
"rw","Germany","Revenues","2023-08-01",8925,NA,NA,NA,NA,NA,NA,NA,2023-08-01,8925,"Total revenues accrual",NA,"OK",NA
"rw","Germany","Revenues","2023-08-02",8925,NA,NA,NA,NA,NA,NA,NA,2023-08-01,8925,"Total revenues accrual",NA,"OK",NA
"rw","Germany","Revenues","2023-08-05",8925,NA,NA,NA,NA,NA,NA,NA,2023-08-01,8925,"Total revenues accrual",NA,"OK",NA
"rw","Germany","Revenues","2023-08-15",8925,NA,NA,NA,NA,NA,NA,NA,2023-08-01,8925,"Total revenues accrual",NA,"OK",NA
"rw","Germany","Revenues","2023-08-27",8925,NA,NA,NA,NA,NA,NA,NA,2023-08-01,8925,"Total revenues accrual",NA,"OK",NA
"rw","Germany","Revenues","2023-08-31",8925,NA,NA,NA,NA,NA,NA,NA,2023-08-01,8925,"Total revenues accrual",NA,"OK",NA
"rw","Germany","Revenues","2023-09-01",8925,NA,NA,NA,NA,NA,NA,NA,2023-09-01,8925,"Total revenues accrual",NA,"OK",NA
"rw","Germany","Revenues","2023-09-05",8925,NA,NA,NA,NA,NA,NA,NA,2023-09-01,8925,"Total revenues accrual",NA,"OK",NA
"rw","Germany","Revenues","2023-09-15",9624,NA,NA,NA,NA,NA,NA,NA,2023-09-01,9624,"Total revenues accrual",NA,"OK",NA
"rw","Germany","Revenues","2023-09-27",9624,NA,NA,NA,NA,NA,NA,NA,2023-09-01,9624,"Total revenues accrual",NA,"OK",NA
"rw","Germany","Revenues","2023-09-28",9624,NA,NA,NA,NA,NA,NA,NA,2023-09-01,9624,"Total revenues accrual",NA,"OK",NA
"rw","Germany","Revenues","2023-10-01",9624,NA,NA,NA,NA,NA,NA,NA,2023-10-01,9624,"Total revenues accrual",NA,"OK",NA
"rw","Germany","Revenues","2023-10-05",9624,NA,NA,NA,NA,NA,NA,NA,2023-10-01,9624,"Total revenues accrual",NA,"OK",NA
"rw","Germany","Revenues","2023-10-07",9624,NA,NA,NA,NA,NA,NA,NA,2023-10-01,9624,"Total revenues accrual",NA,"OK",NA
"rw","Germany","Revenues","2023-10-15",9624,NA,NA,NA,NA,NA,NA,NA,2023-10-01,9624,"Total revenues accrual",NA,"OK",NA
"rw","Germany","Revenues","2023-10-26",9624,NA,NA,NA,NA,NA,NA,NA,2023-10-01,9624,"Total revenues accrual",NA,"OK",NA
"rw","Germany","Revenues","2023-10-27",9624,NA,NA,NA,NA,NA,NA,NA,2023-10-01,9624,"Total revenues accrual",NA,"OK",NA
"rw","Germany","Revenues","2023-11-01",9624,NA,NA,NA,NA,NA,NA,NA,2023-11-01,9624,"Total revenues accrual",NA,"OK",NA
"rw","Germany","Revenues","2023-11-03",9624,NA,NA,NA,NA,NA,NA,NA,2023-11-01,9624,"Total revenues accrual",NA,"OK",NA
"rw","Germany","Revenues","2023-11-05",9624,NA,NA,NA,NA,NA,NA,NA,2023-11-01,9624,"Total revenues accrual",NA,"OK",NA
"rw","Germany","Revenues","2023-11-15",9624,NA,NA,NA,NA,NA,NA,NA,2023-11-01,9624,"Total revenues accrual",NA,"OK",NA
"rw","Germany","Revenues","2023-11-27",9624,NA,NA,NA,NA,NA,NA,NA,2023-11-01,9624,"Total revenues accrual",NA,"OK",NA
"rw","Germany","Revenues","2023-11-30",9624,NA,NA,NA,NA,NA,NA,NA,2023-11-01,9624,"Total revenues accrual",NA,"OK",NA
"rw","Germany","Revenues","2023-12-01",9624,NA,NA,NA,NA,NA,NA,NA,2023-12-01,9624,"Total revenues accrual",NA,"OK",NA
"rw","Germany","Revenues","2023-12-05",9624,NA,NA,NA,NA,NA,NA,NA,2023-12-01,9624,"Total revenues accrual",NA,"OK",NA
"rw","Germany","Revenues","2023-12-15",1486,NA,NA,NA,NA,NA,NA,NA,2023-12-01,1486,"Total revenues accrual",NA,"OK",NA
"rw","Germany","Revenues","2023-12-27",1486,NA,NA,NA,NA,NA,NA,NA,2023-12-01,1486,"Total revenues accrual",NA,"OK",NA
"rw","Germany","Revenues","2023-12-28",1486,NA,NA,NA,NA,NA,NA,NA,2023-12-01,1486,"Total revenues accrual",NA,"OK",NA
"rw","Germany","Revenues","2024-01-01",1486,NA,NA,NA,NA,NA,NA,NA,2024-01-01,1486,"Total revenues accrual",NA,"OK",NA
"rw","Germany","Revenues","2024-01-05",1486,NA,NA,NA,NA,NA,NA,NA,2024-01-01,1486,"Total revenues accrual",NA,"OK",NA
"rw","Germany","Revenues","2024-01-15",1486,NA,NA,NA,NA,NA,NA,NA,2024-01-01,1486,"Total revenues accrual",NA,"OK",NA
"rw","Germany","Revenues","2024-01-25",1486,NA,NA,NA,NA,NA,NA,NA,2024-01-01,1486,"Total revenues accrual",NA,"OK",NA
"rw","Germany","Revenues","2024-01-27",1486,NA,NA,NA,NA,NA,NA,NA,2024-01-01,1486,"Total revenues accrual",NA,"OK",NA
"rw","Germany","Revenues","2024-02-01",1486,NA,NA,NA,NA,NA,NA,NA,2024-02-01,1486,"Total revenues accrual",NA,"OK",NA
"rw","Germany","Revenues","2024-02-04",1486,NA,NA,NA,NA,NA,NA,NA,2024-02-01,1486,"Total revenues accrual",NA,"OK",NA
"rw","Germany","Revenues","2024-02-05",1486,NA,NA,NA,NA,NA,NA,NA,2024-02-01,1486,"Total revenues accrual",NA,"OK",NA
"rw","Germany","Revenues","2024-02-15",1486,NA,NA,NA,NA,NA,NA,NA,2024-02-01,1486,"Total revenues accrual",NA,"OK",NA
"rw","Germany","Revenues","2024-02-27",1486,NA,NA,NA,NA,NA,NA,NA,2024-02-01,1486,"Total revenues accrual",NA,"OK",NA
"rw","Germany","Revenues","2024-02-29",1486,NA,NA,NA,NA,NA,NA,NA,2024-02-01,1486,"Total revenues accrual",NA,"OK",NA
"rw","Germany","Revenues","2024-03-01",1486,NA,NA,NA,NA,NA,NA,NA,2024-03-01,1486,"Total revenues accrual",NA,"OK",NA
"rw","Germany","Revenues","2024-03-05",1486,NA,NA,NA,NA,NA,NA,NA,2024-03-01,1486,"Total revenues accrual",NA,"OK",NA
"rw","Germany","Revenues","2024-03-15",2435,NA,NA,NA,NA,NA,NA,NA,2024-03-01,2435,"Total revenues accrual",NA,"OK",NA
"rw","Germany","Revenues","2024-03-27",2435,NA,NA,NA,NA,NA,NA,NA,2024-03-01,2435,"Total revenues accrual",NA,"OK",NA
"rw","Germany","Revenues","2024-03-28",2435,NA,NA,NA,NA,NA,NA,NA,2024-03-01,2435,"Total revenues accrual",NA,"OK",NA
"rw","Germany","Revenues","2024-04-01",2435,NA,NA,NA,NA,NA,NA,NA,2024-04-01,2435,"Total revenues accrual",NA,"OK",NA
"rw","Germany","Revenues","2024-04-05",2435,NA,NA,NA,NA,NA,NA,NA,2024-04-01,2435,"Total revenues accrual",NA,"OK",NA
"rw","Germany","Revenues","2024-04-15",2435,NA,NA,NA,NA,NA,NA,NA,2024-04-01,2435,"Total revenues accrual",NA,"OK",NA
"rw","Germany","Revenues","2024-04-25",2435,NA,NA,NA,NA,NA,NA,NA,2024-04-01,2435,"Total revenues accrual",NA,"OK",NA
"rw","Germany","Revenues","2024-04-27",2435,NA,NA,NA,NA,NA,NA,NA,2024-04-01,2435,"Total revenues accrual",NA,"OK",NA
"rw","Germany","Revenues","2024-05-01",2435,NA,NA,NA,NA,NA,NA,NA,2024-05-01,2435,"Total revenues accrual",NA,"OK",NA
"rw","Germany","Revenues","2024-05-03",2435,NA,NA,NA,NA,NA,NA,NA,2024-05-01,2435,"Total revenues accrual",NA,"OK",NA
"rw","Germany","Revenues","2024-05-05",2435,NA,NA,NA,NA,NA,NA,NA,2024-05-01,2435,"Total revenues accrual",NA,"OK",NA
"rw","Germany","Revenues","2024-05-15",2435,NA,NA,NA,NA,NA,NA,NA,2024-05-01,2435,"Total revenues accrual",NA,"OK",NA
"rw","Germany","Revenues","2024-05-27",2435,NA,NA,NA,NA,NA,NA,NA,2024-05-01,2435,"Total revenues accrual",NA,"OK",NA
"rw","Germany","Revenues","2024-05-30",2435,NA,NA,NA,NA,NA,NA,NA,2024-05-01,2435,"Total revenues accrual",NA,"OK",NA
"rw","Germany","Revenues","2024-06-01",2435,NA,NA,NA,NA,NA,NA,NA,2024-06-01,2435,"Total revenues accrual",NA,"OK",NA
"rw","Germany","Revenues","2024-06-05",2435,NA,NA,NA,NA,NA,NA,NA,2024-06-01,2435,"Total revenues accrual",NA,"OK",NA
"rw","Germany","Revenues","2024-06-06",2435,NA,NA,NA,NA,NA,NA,NA,2024-06-01,2435,"Total revenues accrual",NA,"OK",NA
"rw","Germany","Revenues","2024-06-15",9768,NA,NA,NA,NA,NA,NA,NA,2024-06-01,9768,"Total revenues accrual",NA,"OK",NA
"rw","Germany","Revenues","2024-06-27",9768,NA,NA,NA,NA,NA,NA,NA,2024-06-01,9768,"Total revenues accrual",NA,"OK",NA
"rw","Germany","Revenues","2024-07-01",9768,NA,NA,NA,NA,NA,NA,NA,2024-07-01,9768,"Total revenues accrual",NA,"OK",NA
"rw","Germany","Revenues","2024-07-05",9768,NA,NA,NA,NA,NA,NA,NA,2024-07-01,9768,"Total revenues accrual",NA,"OK",NA
"rw","Germany","Revenues","2024-07-15",9768,NA,NA,NA,NA,NA,NA,NA,2024-07-01,9768,"Total revenues accrual",NA,"OK",NA
"rw","Germany","Revenues","2024-07-25",9768,NA,NA,NA,NA,NA,NA,NA,2024-07-01,9768,"Total revenues accrual",NA,"OK",NA
"rw","Germany","Revenues","2024-07-27",9768,NA,NA,NA,NA,NA,NA,NA,2024-07-01,9768,"Total revenues accrual",NA,"OK",NA
"rw","Germany","Revenues","2024-08-01",9768,NA,NA,NA,NA,NA,NA,NA,2024-08-01,9768,"Total revenues accrual",NA,"OK",NA
"rw","Germany","Revenues","2024-08-04",9768,NA,NA,NA,NA,NA,NA,NA,2024-08-01,9768,"Total revenues accrual",NA,"OK",NA
"rw","Germany","Revenues","2024-08-05",9768,NA,NA,NA,NA,NA,NA,NA,2024-08-01,9768,"Total revenues accrual",NA,"OK",NA
"rw","Germany","Revenues","2024-08-15",9768,NA,NA,NA,NA,NA,NA,NA,2024-08-01,9768,"Total revenues accrual",NA,"OK",NA
"rw","Germany","Revenues","2024-08-27",9768,NA,NA,NA,NA,NA,NA,NA,2024-08-01,9768,"Total revenues accrual",NA,"OK",NA
"rw","Germany","Revenues","2024-08-29",9768,NA,NA,NA,NA,NA,NA,NA,2024-08-01,9768,"Total revenues accrual",NA,"OK",NA
"rw","Germany","Revenues","2024-09-01",9768,NA,NA,NA,NA,NA,NA,NA,2024-09-01,9768,"Total revenues accrual",NA,"OK",NA
"rw","Germany","Revenues","2024-09-05",9768,NA,NA,NA,NA,NA,NA,NA,2024-09-01,9768,"Total revenues accrual",NA,"OK",NA
"rw","Germany","Revenues","2024-09-07",9768,NA,NA,NA,NA,NA,NA,NA,2024-09-01,9768,"Total revenues accrual",NA,"OK",NA
"rw","Germany","Revenues","2024-09-15",8630,NA,NA,NA,NA,NA,NA,NA,2024-09-01,8630,"Total revenues accrual",NA,"OK",NA
"rw","Germany","Revenues","2024-09-26",8630,NA,NA,NA,NA,NA,NA,NA,2024-09-01,8630,"Total revenues accrual",NA,"OK",NA
"rw","Germany","Revenues","2024-09-27",8630,NA,NA,NA,NA,NA,NA,NA,2024-09-01,8630,"Total revenues accrual",NA,"OK",NA
"rw","Germany","Revenues","2024-10-01",8630,NA,NA,NA,NA,NA,NA,NA,2024-10-01,8630,"Total revenues accrual",NA,"OK",NA
"rw","Germany","Revenues","2024-10-02",8630,NA,NA,NA,NA,NA,NA,NA,2024-10-01,8630,"Total revenues accrual",NA,"OK",NA
"rw","Germany","Revenues","2024-10-05",8630,NA,NA,NA,NA,NA,NA,NA,2024-10-01,8630,"Total revenues accrual",NA,"OK",NA
"rw","Germany","Revenues","2024-10-15",8630,NA,NA,NA,NA,NA,NA,NA,2024-10-01,8630,"Total revenues accrual",NA,"OK",NA
"rw","Germany","Revenues","2024-10-27",8630,NA,NA,NA,NA,NA,NA,NA,2024-10-01,8630,"Total revenues accrual",NA,"OK",NA
"rw","Germany","Revenues","2024-10-31",8630,NA,NA,NA,NA,NA,NA,NA,2024-10-01,8630,"Total revenues accrual",NA,"OK",NA
"rw","Germany","Revenues","2024-11-01",8630,NA,NA,NA,NA,NA,NA,NA,2024-11-01,8630,"Total revenues accrual",NA,"OK",NA
"rw","Germany","Revenues","2024-11-05",8630,NA,NA,NA,NA,NA,NA,NA,2024-11-01,8630,"Total revenues accrual",NA,"OK",NA
"rw","Germany","Revenues","2024-11-15",8630,NA,NA,NA,NA,NA,NA,NA,2024-11-01,8630,"Total revenues accrual",NA,"OK",NA
"rw","Germany","Revenues","2024-11-27",8630,NA,NA,NA,NA,NA,NA,NA,2024-11-01,8630,"Total revenues accrual",NA,"OK",NA
"rw","Germany","Revenues","2024-11-28",8630,NA,NA,NA,NA,NA,NA,NA,2024-11-01,8630,"Total revenues accrual",NA,"OK",NA
"rw","Germany","Revenues","2024-12-01",8630,NA,NA,NA,NA,NA,NA,NA,2024-12-01,8630,"Total revenues accrual",NA,"OK",NA
"rw","Germany","Revenues","2024-12-05",8630,NA,NA,NA,NA,NA,NA,NA,2024-12-01,8630,"Total revenues accrual",NA,"OK",NA
"rw","Germany","Revenues","2024-12-07",8630,NA,NA,NA,NA,NA,NA,NA,2024-12-01,8630,"Total revenues accrual",NA,"OK",NA
"rw","Germany","Revenues","2024-12-15",9302,NA,NA,NA,NA,NA,NA,NA,2024-12-01,9302,"Total revenues accrual",NA,"OK",NA
"rw","Germany","Revenues","2024-12-26",9302,NA,NA,NA,NA,NA,NA,NA,2024-12-01,9302,"Total revenues accrual",NA,"OK",NA
"rw","Germany","Revenues","2024-12-27",9302,NA,NA,NA,NA,NA,NA,NA,2024-12-01,9302,"Total revenues accrual",NA,"OK",NA
"rw","Germany","Revenues","2025-01-01",9302,NA,NA,NA,NA,NA,NA,NA,2025-01-01,9302,"Total revenues accrual",NA,"OK",NA
"rw","Germany","Revenues","2025-01-03",9302,NA,NA,NA,NA,NA,NA,NA,2025-01-01,9302,"Total revenues accrual",NA,"OK",NA
"rw","Germany","Revenues","2025-01-05",9302,NA,NA,NA,NA,NA,NA,NA,2025-01-01,9302,"Total revenues accrual",NA,"OK",NA
"rw","Germany","Revenues","2025-01-15",9302,NA,NA,NA,NA,NA,NA,NA,2025-01-01,9302,"Total revenues accrual",NA,"OK",NA
"rw","Germany","Revenues","2025-01-27",9302,NA,NA,NA,NA,NA,NA,NA,2025-01-01,9302,"Total revenues accrual",NA,"OK",NA
"rw","Germany","Revenues","2025-01-30",9302,NA,NA,NA,NA,NA,NA,NA,2025-01-01,9302,"Total revenues accrual",NA,"OK",NA
"rw","Germany","Revenues","2025-02-01",9302,NA,NA,NA,NA,NA,NA,NA,2025-02-01,9302,"Total revenues accrual",NA,"OK",NA
"rw","Germany","Revenues","2025-02-05",9302,NA,NA,NA,NA,NA,NA,NA,2025-02-01,9302,"Total revenues accrual",NA,"OK",NA
"rw","Germany","Revenues","2025-02-06",9302,NA,NA,NA,NA,NA,NA,NA,2025-02-01,9302,"Total revenues accrual",NA,"OK",NA
"rw","Germany","Revenues","2025-02-15",9302,NA,NA,NA,NA,NA,NA,NA,2025-02-01,9302,"Total revenues accrual",NA,"OK",NA
"rw","Germany","Revenues","2025-02-27",9302,NA,NA,NA,NA,NA,NA,NA,2025-02-01,9302,"Total revenues accrual",NA,"OK",NA
"rw","Germany","Revenues","2025-03-01",9302,NA,NA,NA,NA,NA,NA,NA,2025-03-01,9302,"Total revenues accrual",NA,"OK",NA
"rw","Germany","Revenues","2025-03-05",9302,NA,NA,NA,NA,NA,NA,NA,2025-03-01,9302,"Total revenues accrual",NA,"OK",NA
"rw","Germany","Revenues","2025-03-06",9302,NA,NA,NA,NA,NA,NA,NA,2025-03-01,9302,"Total revenues accrual",NA,"OK",NA
"rw","Germany","Revenues","2025-03-15",6375,NA,NA,NA,NA,NA,NA,NA,2025-03-01,6375,"Total revenues accrual",NA,"OK",NA
"rw","Germany","Revenues","2025-03-27",6375,NA,NA,NA,NA,NA,NA,NA,2025-03-01,6375,"Total revenues accrual",NA,"OK",NA
"rw","Germany","Revenues","2025-04-01",6375,NA,NA,NA,NA,NA,NA,NA,2025-04-01,6375,"Total revenues accrual",NA,"OK",NA
"rw","Germany","Revenues","2025-04-02",6375,NA,NA,NA,NA,NA,NA,NA,2025-04-01,6375,"Total revenues accrual",NA,"OK",NA
"rw","Germany","Revenues","2025-04-05",6375,NA,NA,NA,NA,NA,NA,NA,2025-04-01,6375,"Total revenues accrual",NA,"OK",NA
"rw","Germany","Revenues","2025-04-15",6375,NA,NA,NA,NA,NA,NA,NA,2025-04-01,6375,"Total revenues accrual",NA,"OK",NA
"rw","Germany","Revenues","2025-04-24",6375,NA,NA,NA,NA,NA,NA,NA,2025-04-01,6375,"Total revenues accrual",NA,"OK",NA
"rw","Germany","Revenues","2025-04-27",6375,NA,NA,NA,NA,NA,NA,NA,2025-04-01,6375,"Total revenues accrual",NA,"OK",NA
"rw","Germany","Revenues","2025-05-01",6375,NA,NA,NA,NA,NA,NA,NA,2025-05-01,6375,"Total revenues accrual",NA,"OK",NA
"rw","Germany","Revenues","2025-05-04",6375,NA,NA,NA,NA,NA,NA,NA,2025-05-01,6375,"Total revenues accrual",NA,"OK",NA
"rw","Germany","Revenues","2025-05-05",6375,NA,NA,NA,NA,NA,NA,NA,2025-05-01,6375,"Total revenues accrual",NA,"OK",NA
"rw","Germany","Revenues","2025-05-15",6375,NA,NA,NA,NA,NA,NA,NA,2025-05-01,6375,"Total revenues accrual",NA,"OK",NA
"rw","Germany","Revenues","2025-05-27",6375,NA,NA,NA,NA,NA,NA,NA,2025-05-01,6375,"Total revenues accrual",NA,"OK",NA
"rw","Germany","Revenues","2025-05-29",6375,NA,NA,NA,NA,NA,NA,NA,2025-05-01,6375,"Total revenues accrual",NA,"OK",NA
"rw","Germany","Revenues","2025-06-01",6375,NA,NA,NA,NA,NA,NA,NA,2025-06-01,6375,"Total revenues accrual",NA,"OK",NA
"rw","Germany","Revenues","2025-06-05",6375,NA,NA,NA,NA,NA,NA,NA,2025-06-01,6375,"Total revenues accrual",NA,"OK",NA
"rw","Germany","Revenues","2025-06-07",6375,NA,NA,NA,NA,NA,NA,NA,2025-06-01,6375,"Total revenues accrual",NA,"OK",NA
"rw","Germany","Revenues","2025-06-15",8452,NA,NA,NA,NA,NA,NA,NA,2025-06-01,8452,"Total revenues accrual",NA,"OK",NA
"rw","Germany","Revenues","2025-06-26",8452,NA,NA,NA,NA,NA,NA,NA,2025-06-01,8452,"Total revenues accrual",NA,"OK",NA
"rw","Germany","Revenues","2025-06-27",8452,NA,NA,NA,NA,NA,NA,NA,2025-06-01,8452,"Total revenues accrual",NA,"OK",NA
"rw","Germany","Revenues","2025-07-01",8452,NA,NA,NA,NA,NA,NA,NA,2025-07-01,8452,"Total revenues accrual",NA,"OK",NA
"rw","Germany","Revenues","2025-07-02",8452,NA,NA,NA,NA,NA,NA,NA,2025-07-01,8452,"Total revenues accrual",NA,"OK",NA
"rw","Germany","Revenues","2025-07-05",8452,NA,NA,NA,NA,NA,NA,NA,2025-07-01,8452,"Total revenues accrual",NA,"OK",NA
"rw","Germany","Revenues","2025-07-15",8452,NA,NA,NA,NA,NA,NA,NA,2025-07-01,8452,"Total revenues accrual",NA,"OK",NA
"rw","Germany","Revenues","2025-07-27",8452,NA,NA,NA,NA,NA,NA,NA,2025-07-01,8452,"Total revenues accrual",NA,"OK",NA
"rw","Germany","Revenues","2025-07-31",8452,NA,NA,NA,NA,NA,NA,NA,2025-07-01,8452,"Total revenues accrual",NA,"OK",NA
"rw","Germany","Revenues","2025-08-01",8452,NA,NA,NA,NA,NA,NA,NA,2025-08-01,8452,"Total revenues accrual",NA,"OK",NA
"rw","Germany","Revenues","2025-08-05",8452,NA,NA,NA,NA,NA,NA,NA,2025-08-01,8452,"Total revenues accrual",NA,"OK",NA
"rw","Germany","Revenues","2025-08-15",8452,NA,NA,NA,NA,NA,NA,NA,2025-08-01,8452,"Total revenues accrual",NA,"OK",NA
"rw","Germany","Revenues","2025-08-27",8452,NA,NA,NA,NA,NA,NA,NA,2025-08-01,8452,"Total revenues accrual",NA,"OK",NA
"rw","Germany","Revenues","2025-08-28",8452,NA,NA,NA,NA,NA,NA,NA,2025-08-01,8452,"Total revenues accrual",NA,"OK",NA
"rw","Germany","Revenues","2025-09-01",8452,NA,NA,NA,NA,NA,NA,NA,2025-09-01,8452,"Total revenues accrual",NA,"OK",NA
"rw","Germany","Revenues","2025-09-05",8452,NA,NA,NA,NA,NA,NA,NA,2025-09-01,8452,"Total revenues accrual",NA,"OK",NA
"rw","Germany","Revenues","2025-09-15",707,NA,NA,NA,NA,NA,NA,NA,2025-09-01,707,"Total revenues accrual",NA,"OK",NA
"rw","Germany","Revenues","2025-09-25",707,NA,NA,NA,NA,NA,NA,NA,2025-09-01,707,"Total revenues accrual",NA,"OK",NA
"rw","Germany","Revenues","2025-09-27",707,NA,NA,NA,NA,NA,NA,NA,2025-09-01,707,"Total revenues accrual",NA,"OK",NA
"rw","Germany","Revenues","2025-10-01",707,NA,NA,NA,NA,NA,NA,NA,2025-10-01,707,"Total revenues accrual",NA,"OK",NA
"rw","Germany","Revenues","2025-10-03",707,NA,NA,NA,NA,NA,NA,NA,2025-10-01,707,"Total revenues accrual",NA,"OK",NA
"rw","Germany","Revenues","2025-10-05",707,NA,NA,NA,NA,NA,NA,NA,2025-10-01,707,"Total revenues accrual",NA,"OK",NA
"rw","Germany","Revenues","2025-10-15",707,NA,NA,NA,NA,NA,NA,NA,2025-10-01,707,"Total revenues accrual",NA,"OK",NA
"rw","Germany","Revenues","2025-10-27",707,NA,NA,NA,NA,NA,NA,NA,2025-10-01,707,"Total revenues accrual",NA,"OK",NA
"rw","Germany","Revenues","2025-10-30",707,NA,NA,NA,NA,NA,NA,NA,2025-10-01,707,"Total revenues accrual",NA,"OK",NA
"rw","Germany","Revenues","2025-11-01",707,NA,NA,NA,NA,NA,NA,NA,2025-11-01,707,"Total revenues accrual",NA,"OK",NA
"rw","Germany","Revenues","2025-11-05",707,NA,NA,NA,NA,NA,NA,NA,2025-11-01,707,"Total revenues accrual",NA,"OK",NA
"rw","Germany","Revenues","2025-11-06",707,NA,NA,NA,NA,NA,NA,NA,2025-11-01,707,"Total revenues accrual",NA,"OK",NA
"rw","Germany","Revenues","2025-11-15",707,NA,NA,NA,NA,NA,NA,NA,2025-11-01,707,"Total revenues accrual",NA,"OK",NA
"rw","Germany","Revenues","2025-11-27",707,NA,NA,NA,NA,NA,NA,NA,2025-11-01,707,"Total revenues accrual",NA,"OK",NA
"rw","Germany","Revenues","2025-12-01",707,NA,NA,NA,NA,NA,NA,NA,2025-12-01,707,"Total revenues accrual",NA,"OK",NA
"rw","Germany","Revenues","2025-12-05",707,NA,NA,NA,NA,NA,NA,NA,2025-12-01,707,"Total revenues accrual",NA,"OK",NA
"rw","Germany","Revenues","2025-12-15",707,NA,NA,NA,NA,NA,NA,NA,2025-12-01,707,"Total revenues accrual",NA,"OK",NA
"rw","Germany","Revenues","2025-12-25",707,NA,NA,NA,NA,NA,NA,NA,2025-12-01,707,"Total revenues accrual",NA,"OK",NA
"rw","Germany","Revenues","2025-12-27",707,NA,NA,NA,NA,NA,NA,NA,2025-12-01,707,"Total revenues accrual",NA,"OK",NA
"rw","Germany","Revenues","2026-01-05",707,NA,NA,NA,NA,NA,NA,NA,2026-01-01,707,"Total revenues accrual",NA,"OK",NA
"rw","Germany","Revenues","2026-01-15",707,NA,NA,NA,NA,NA,NA,NA,2026-01-01,707,"Total revenues accrual",NA,"OK",NA
"rw","Germany","Revenues","2026-02-05",707,NA,NA,NA,NA,NA,NA,NA,2026-02-01,707,"Total revenues accrual",NA,"OK",NA
"rw","Germany","Revenues","2026-02-15",707,NA,NA,NA,NA,NA,NA,NA,2026-02-01,707,"Total revenues accrual",NA,"OK",NA
"rw","Germany","Revenues","2026-03-15",707,NA,NA,NA,NA,NA,NA,NA,2026-03-01,707,"Total revenues accrual",NA,"OK",NA
