"model","country","block","publication_date","nowcast_value","nb_factors","lambda","gamma","cv_mse","df","n_selected","n_selected_groups","date_new","last_obs_y","target_name","selected_columns","status","error"
"sg_lasso","Germany","Revenues","2013-01-01",2171.80634407856,NA,0.417956080841756,0.5,0.377245158676716,3,3,3,2013-01-01,-4832,"Total revenues accrual","Y_lag1; Payroll Mass_leg0; Energy prices_leg0","OK",NA
"sg_lasso","Germany","Revenues","2013-01-02",2171.80634407856,NA,0.417956080841756,0.5,0.377245158676716,3,3,3,2013-01-01,-4832,"Total revenues accrual","Y_lag1; Payroll Mass_leg0; Energy prices_leg0","OK",NA
"sg_lasso","Germany","Revenues","2013-01-05",2171.80634407856,NA,0.417956080841756,0.5,0.377245158676716,3,3,3,2013-01-01,-4832,"Total revenues accrual","Y_lag1; Payroll Mass_leg0; Energy prices_leg0","OK",NA
"sg_lasso","Germany","Revenues","2013-01-15",2171.80634407856,NA,0.417956080841756,0.5,0.377245158676716,3,3,3,2013-01-01,-4832,"Total revenues accrual","Y_lag1; Payroll Mass_leg0; Energy prices_leg0","OK",NA
"sg_lasso","Germany","Revenues","2013-01-27",2842.47456299334,NA,0.417956080841756,0.5,0.377245158676716,3,3,3,2013-01-01,-4832,"Total revenues accrual","Y_lag1; Payroll Mass_leg0; Energy prices_leg0","OK",NA
"sg_lasso","Germany","Revenues","2013-01-31",2842.47456299334,NA,0.417956080841756,0.5,0.377245158676716,3,3,3,2013-01-01,-4832,"Total revenues accrual","Y_lag1; Payroll Mass_leg0; Energy prices_leg0","OK",NA
"sg_lasso","Germany","Revenues","2013-02-01",3555.91021489832,NA,0.417956080841756,0.5,0.377245158676716,3,3,3,2013-02-01,-4832,"Total revenues accrual","Y_lag1; Payroll Mass_leg0; Energy prices_leg0","OK",NA
"sg_lasso","Germany","Revenues","2013-02-05",3555.91021489832,NA,0.417956080841756,0.5,0.377245158676716,3,3,3,2013-02-01,-4832,"Total revenues accrual","Y_lag1; Payroll Mass_leg0; Energy prices_leg0","OK",NA
"sg_lasso","Germany","Revenues","2013-02-15",3555.91021489832,NA,0.417956080841756,0.5,0.377245158676716,3,3,3,2013-02-01,-4832,"Total revenues accrual","Y_lag1; Payroll Mass_leg0; Energy prices_leg0","OK",NA
"sg_lasso","Germany","Revenues","2013-02-27",3306.80487644425,NA,0.417956080841756,0.5,0.377245158676716,3,3,3,2013-02-01,-4832,"Total revenues accrual","Y_lag1; Payroll Mass_leg0; Energy prices_leg0","OK",NA
"sg_lasso","Germany","Revenues","2013-02-28",3306.80487644425,NA,0.417956080841756,0.5,0.377245158676716,3,3,3,2013-02-01,-4832,"Total revenues accrual","Y_lag1; Payroll Mass_leg0; Energy prices_leg0","OK",NA
"sg_lasso","Germany","Revenues","2013-03-01",3728.36775690498,NA,0.417956080841756,0.5,0.377245158676716,3,3,3,2013-03-01,-4832,"Total revenues accrual","Y_lag1; Payroll Mass_leg0; Energy prices_leg0","OK",NA
"sg_lasso","Germany","Revenues","2013-03-05",3728.36775690498,NA,0.417956080841756,0.5,0.377245158676716,3,3,3,2013-03-01,-4832,"Total revenues accrual","Y_lag1; Payroll Mass_leg0; Energy prices_leg0","OK",NA
"sg_lasso","Germany","Revenues","2013-03-15",1476.82306901232,NA,0.28220819044606,0.5,0.699948795837542,4,4,4,2013-03-01,1765,"Total revenues accrual","Y_lag1; Payroll Mass_leg0; ESI_leg0; Energy prices_leg0","OK",NA
"sg_lasso","Germany","Revenues","2013-03-27",1049.46414496555,NA,0.261412931104484,0.5,0.724726898708526,4,4,4,2013-03-01,1765,"Total revenues accrual","Y_lag1; Payroll Mass_leg0; ESI_leg0; Energy prices_leg0","OK",NA
"sg_lasso","Germany","Revenues","2013-03-28",1053.29897647981,NA,0.261412931104484,0.5,0.724726898708526,4,4,4,2013-03-01,1765,"Total revenues accrual","Y_lag1; Payroll Mass_leg0; ESI_leg0; Energy prices_leg0","OK",NA
"sg_lasso","Germany","Revenues","2013-04-01",-1452.96907952372,NA,0.261412931104484,0.5,0.724726898708526,4,4,4,2013-04-01,1765,"Total revenues accrual","Y_lag1; Payroll Mass_leg0; ESI_leg0; Energy prices_leg0","OK",NA
"sg_lasso","Germany","Revenues","2013-04-05",-1452.96907952372,NA,0.261412931104484,0.5,0.724726898708526,4,4,4,2013-04-01,1765,"Total revenues accrual","Y_lag1; Payroll Mass_leg0; ESI_leg0; Energy prices_leg0","OK",NA
"sg_lasso","Germany","Revenues","2013-04-15",-1452.96907952372,NA,0.261412931104484,0.5,0.724726898708526,4,4,4,2013-04-01,1765,"Total revenues accrual","Y_lag1; Payroll Mass_leg0; ESI_leg0; Energy prices_leg0","OK",NA
"sg_lasso","Germany","Revenues","2013-04-25",-1475.94515254931,NA,0.261412931104484,0.5,0.724726898708526,4,4,4,2013-04-01,1765,"Total revenues accrual","Y_lag1; Payroll Mass_leg0; ESI_leg0; Energy prices_leg0","OK",NA
"sg_lasso","Germany","Revenues","2013-04-27",-637.212792813939,NA,0.261412931104484,0.5,0.724726898708526,4,4,4,2013-04-01,1765,"Total revenues accrual","Y_lag1; Payroll Mass_leg0; ESI_leg0; Energy prices_leg0","OK",NA
"sg_lasso","Germany","Revenues","2013-05-01",-1825.61326009475,NA,0.261412931104484,0.5,0.724726898708526,4,4,4,2013-05-01,1765,"Total revenues accrual","Y_lag1; Payroll Mass_leg0; ESI_leg0; Energy prices_leg0","OK",NA
"sg_lasso","Germany","Revenues","2013-05-03",-1825.61326009475,NA,0.261412931104484,0.5,0.724726898708526,4,4,4,2013-05-01,1765,"Total revenues accrual","Y_lag1; Payroll Mass_leg0; ESI_leg0; Energy prices_leg0","OK",NA
"sg_lasso","Germany","Revenues","2013-05-05",-1825.61326009475,NA,0.261412931104484,0.5,0.724726898708526,4,4,4,2013-05-01,1765,"Total revenues accrual","Y_lag1; Payroll Mass_leg0; ESI_leg0; Energy prices_leg0","OK",NA
"sg_lasso","Germany","Revenues","2013-05-15",-1825.61326009475,NA,0.261412931104484,0.5,0.724726898708526,4,4,4,2013-05-01,1765,"Total revenues accrual","Y_lag1; Payroll Mass_leg0; ESI_leg0; Energy prices_leg0","OK",NA
"sg_lasso","Germany","Revenues","2013-05-27",-2225.0096218735,NA,0.261412931104484,0.5,0.724726898708526,4,4,4,2013-05-01,1765,"Total revenues accrual","Y_lag1; Payroll Mass_leg0; ESI_leg0; Energy prices_leg0","OK",NA
"sg_lasso","Germany","Revenues","2013-05-30",-2205.67898461156,NA,0.261412931104484,0.5,0.724726898708526,4,4,4,2013-05-01,1765,"Total revenues accrual","Y_lag1; Payroll Mass_leg0; ESI_leg0; Energy prices_leg0","OK",NA
"sg_lasso","Germany","Revenues","2013-06-01",-1769.9884224186,NA,0.261412931104484,0.5,0.724726898708526,4,4,4,2013-06-01,1765,"Total revenues accrual","Y_lag1; Payroll Mass_leg0; ESI_leg0; Energy prices_leg0","OK",NA
"sg_lasso","Germany","Revenues","2013-06-05",-1769.9884224186,NA,0.261412931104484,0.5,0.724726898708526,4,4,4,2013-06-01,1765,"Total revenues accrual","Y_lag1; Payroll Mass_leg0; ESI_leg0; Energy prices_leg0","OK",NA
"sg_lasso","Germany","Revenues","2013-06-06",-1769.9884224186,NA,0.261412931104484,0.5,0.724726898708526,4,4,4,2013-06-01,1765,"Total revenues accrual","Y_lag1; Payroll Mass_leg0; ESI_leg0; Energy prices_leg0","OK",NA
"sg_lasso","Germany","Revenues","2013-06-15",2142.03453175822,NA,0.316547390311237,0.5,0.608865499426275,2,2,2,2013-06-01,11186,"Total revenues accrual","Y_lag1; Energy prices_leg0","OK",NA
"sg_lasso","Germany","Revenues","2013-06-27",2183.26314391689,NA,0.335256834105349,0.5,0.612150763788019,2,2,2,2013-06-01,11186,"Total revenues accrual","Y_lag1; Energy prices_leg0","OK",NA
"sg_lasso","Germany","Revenues","2013-07-01",2103.17121971594,NA,0.335256834105349,0.5,0.612150763788019,2,2,2,2013-07-01,11186,"Total revenues accrual","Y_lag1; Energy prices_leg0","OK",NA
"sg_lasso","Germany","Revenues","2013-07-05",2103.17121971594,NA,0.335256834105349,0.5,0.612150763788019,2,2,2,2013-07-01,11186,"Total revenues accrual","Y_lag1; Energy prices_leg0","OK",NA
"sg_lasso","Germany","Revenues","2013-07-15",2103.17121971594,NA,0.335256834105349,0.5,0.612150763788019,2,2,2,2013-07-01,11186,"Total revenues accrual","Y_lag1; Energy prices_leg0","OK",NA
"sg_lasso","Germany","Revenues","2013-07-25",2103.17121971594,NA,0.335256834105349,0.5,0.612150763788019,2,2,2,2013-07-01,11186,"Total revenues accrual","Y_lag1; Energy prices_leg0","OK",NA
"sg_lasso","Germany","Revenues","2013-07-27",2276.70372215133,NA,0.335256834105349,0.5,0.612150763788019,2,2,2,2013-07-01,11186,"Total revenues accrual","Y_lag1; Energy prices_leg0","OK",NA
"sg_lasso","Germany","Revenues","2013-08-01",2503.63084072069,NA,0.335256834105349,0.5,0.612150763788019,2,2,2,2013-08-01,11186,"Total revenues accrual","Y_lag1; Energy prices_leg0","OK",NA
"sg_lasso","Germany","Revenues","2013-08-04",2503.63084072069,NA,0.335256834105349,0.5,0.612150763788019,2,2,2,2013-08-01,11186,"Total revenues accrual","Y_lag1; Energy prices_leg0","OK",NA
"sg_lasso","Germany","Revenues","2013-08-05",2503.63084072069,NA,0.335256834105349,0.5,0.612150763788019,2,2,2,2013-08-01,11186,"Total revenues accrual","Y_lag1; Energy prices_leg0","OK",NA
"sg_lasso","Germany","Revenues","2013-08-15",2503.63084072069,NA,0.335256834105349,0.5,0.612150763788019,2,2,2,2013-08-01,11186,"Total revenues accrual","Y_lag1; Energy prices_leg0","OK",NA
"sg_lasso","Germany","Revenues","2013-08-27",2316.74968425181,NA,0.335256834105349,0.5,0.612150763788019,2,2,2,2013-08-01,11186,"Total revenues accrual","Y_lag1; Energy prices_leg0","OK",NA
"sg_lasso","Germany","Revenues","2013-08-29",2316.74968425181,NA,0.335256834105349,0.5,0.612150763788019,2,2,2,2013-08-01,11186,"Total revenues accrual","Y_lag1; Energy prices_leg0","OK",NA
"sg_lasso","Germany","Revenues","2013-09-01",2303.40103021832,NA,0.335256834105349,0.5,0.612150763788019,2,2,2,2013-09-01,11186,"Total revenues accrual","Y_lag1; Energy prices_leg0","OK",NA
"sg_lasso","Germany","Revenues","2013-09-05",2303.40103021832,NA,0.335256834105349,0.5,0.612150763788019,2,2,2,2013-09-01,11186,"Total revenues accrual","Y_lag1; Energy prices_leg0","OK",NA
"sg_lasso","Germany","Revenues","2013-09-07",2303.40103021832,NA,0.335256834105349,0.5,0.612150763788019,2,2,2,2013-09-01,11186,"Total revenues accrual","Y_lag1; Energy prices_leg0","OK",NA
"sg_lasso","Germany","Revenues","2013-09-15",4263.5153218939,NA,0.241384282807893,0.5,0.684535312290356,3,3,3,2013-09-01,-1109,"Total revenues accrual","Y_lag1; ESI_leg0; Energy prices_leg0","OK",NA
"sg_lasso","Germany","Revenues","2013-09-26",4299.95578430352,NA,0.241384282807893,0.5,0.680256491791787,3,3,3,2013-09-01,-1109,"Total revenues accrual","Y_lag1; ESI_leg0; Energy prices_leg0","OK",NA
"sg_lasso","Germany","Revenues","2013-09-27",4472.2722348224,NA,0.23232717255169,0.5,0.695111938638274,3,3,3,2013-09-01,-1109,"Total revenues accrual","Y_lag1; ESI_leg0; Energy prices_leg0","OK",NA
"sg_lasso","Germany","Revenues","2013-10-01",4395.34250599102,NA,0.23232717255169,0.5,0.695111938638274,3,3,3,2013-10-01,-1109,"Total revenues accrual","Y_lag1; ESI_leg0; Energy prices_leg0","OK",NA
"sg_lasso","Germany","Revenues","2013-10-02",4395.34250599102,NA,0.23232717255169,0.5,0.695111938638274,3,3,3,2013-10-01,-1109,"Total revenues accrual","Y_lag1; ESI_leg0; Energy prices_leg0","OK",NA
"sg_lasso","Germany","Revenues","2013-10-05",4395.34250599102,NA,0.23232717255169,0.5,0.695111938638274,3,3,3,2013-10-01,-1109,"Total revenues accrual","Y_lag1; ESI_leg0; Energy prices_leg0","OK",NA
"sg_lasso","Germany","Revenues","2013-10-15",4395.34250599102,NA,0.23232717255169,0.5,0.695111938638274,3,3,3,2013-10-01,-1109,"Total revenues accrual","Y_lag1; ESI_leg0; Energy prices_leg0","OK",NA
"sg_lasso","Germany","Revenues","2013-10-27",3933.54409106369,NA,0.23232717255169,0.5,0.695111938638274,3,3,3,2013-10-01,-1109,"Total revenues accrual","Y_lag1; ESI_leg0; Energy prices_leg0","OK",NA
"sg_lasso","Germany","Revenues","2013-10-31",3941.49255786389,NA,0.23232717255169,0.5,0.695111938638274,3,3,3,2013-10-01,-1109,"Total revenues accrual","Y_lag1; ESI_leg0; Energy prices_leg0","OK",NA
"sg_lasso","Germany","Revenues","2013-11-01",3672.66625088642,NA,0.23232717255169,0.5,0.695111938638274,3,3,3,2013-11-01,-1109,"Total revenues accrual","Y_lag1; ESI_leg0; Energy prices_leg0","OK",NA
"sg_lasso","Germany","Revenues","2013-11-05",3672.66625088642,NA,0.23232717255169,0.5,0.695111938638274,3,3,3,2013-11-01,-1109,"Total revenues accrual","Y_lag1; ESI_leg0; Energy prices_leg0","OK",NA
"sg_lasso","Germany","Revenues","2013-11-15",3672.66625088642,NA,0.23232717255169,0.5,0.695111938638274,3,3,3,2013-11-01,-1109,"Total revenues accrual","Y_lag1; ESI_leg0; Energy prices_leg0","OK",NA
"sg_lasso","Germany","Revenues","2013-11-27",3811.20577536462,NA,0.23232717255169,0.5,0.695111938638274,3,3,3,2013-11-01,-1109,"Total revenues accrual","Y_lag1; ESI_leg0; Energy prices_leg0","OK",NA
"sg_lasso","Germany","Revenues","2013-11-28",3836.93992672078,NA,0.23232717255169,0.5,0.695111938638274,3,3,3,2013-11-01,-1109,"Total revenues accrual","Y_lag1; ESI_leg0; Energy prices_leg0","OK",NA
"sg_lasso","Germany","Revenues","2013-12-01",3547.36365442802,NA,0.23232717255169,0.5,0.695111938638274,3,3,3,2013-12-01,-1109,"Total revenues accrual","Y_lag1; ESI_leg0; Energy prices_leg0","OK",NA
"sg_lasso","Germany","Revenues","2013-12-05",3547.36365442802,NA,0.23232717255169,0.5,0.695111938638274,3,3,3,2013-12-01,-1109,"Total revenues accrual","Y_lag1; ESI_leg0; Energy prices_leg0","OK",NA
"sg_lasso","Germany","Revenues","2013-12-07",3547.36365442802,NA,0.23232717255169,0.5,0.695111938638274,3,3,3,2013-12-01,-1109,"Total revenues accrual","Y_lag1; ESI_leg0; Energy prices_leg0","OK",NA
"sg_lasso","Germany","Revenues","2013-12-15",1897.28505802725,NA,0.237984861336365,0.5,0.764233471093835,2,2,2,2013-12-01,-916,"Total revenues accrual","Y_lag1; Energy prices_leg0","OK",NA
"sg_lasso","Germany","Revenues","2013-12-26",1897.28505802725,NA,0.237984861336365,0.5,0.765349515875871,2,2,2,2013-12-01,-916,"Total revenues accrual","Y_lag1; Energy prices_leg0","OK",NA
"sg_lasso","Germany","Revenues","2013-12-27",2487.50179519884,NA,0.257224674859531,0.5,0.907860134205858,2,2,2,2013-12-01,-916,"Total revenues accrual","Y_lag1; Energy prices_leg0","OK",NA
"sg_lasso","Germany","Revenues","2014-01-01",3204.75190236268,NA,0.257224674859531,0.5,0.907860134205858,2,2,2,2014-01-01,-916,"Total revenues accrual","Y_lag1; Energy prices_leg0","OK",NA
"sg_lasso","Germany","Revenues","2014-01-03",3204.75190236268,NA,0.257224674859531,0.5,0.907860134205858,2,2,2,2014-01-01,-916,"Total revenues accrual","Y_lag1; Energy prices_leg0","OK",NA
"sg_lasso","Germany","Revenues","2014-01-05",3204.75190236268,NA,0.257224674859531,0.5,0.907860134205858,2,2,2,2014-01-01,-916,"Total revenues accrual","Y_lag1; Energy prices_leg0","OK",NA
"sg_lasso","Germany","Revenues","2014-01-15",3204.75190236268,NA,0.257224674859531,0.5,0.907860134205858,2,2,2,2014-01-01,-916,"Total revenues accrual","Y_lag1; Energy prices_leg0","OK",NA
"sg_lasso","Germany","Revenues","2014-01-27",2760.73993126126,NA,0.257224674859531,0.5,0.907860134205858,2,2,2,2014-01-01,-916,"Total revenues accrual","Y_lag1; Energy prices_leg0","OK",NA
"sg_lasso","Germany","Revenues","2014-01-30",2760.73993126126,NA,0.257224674859531,0.5,0.907860134205858,2,2,2,2014-01-01,-916,"Total revenues accrual","Y_lag1; Energy prices_leg0","OK",NA
"sg_lasso","Germany","Revenues","2014-02-01",2829.04946527686,NA,0.257224674859531,0.5,0.907860134205858,2,2,2,2014-02-01,-916,"Total revenues accrual","Y_lag1; Energy prices_leg0","OK",NA
"sg_lasso","Germany","Revenues","2014-02-05",2829.04946527686,NA,0.257224674859531,0.5,0.907860134205858,2,2,2,2014-02-01,-916,"Total revenues accrual","Y_lag1; Energy prices_leg0","OK",NA
"sg_lasso","Germany","Revenues","2014-02-06",2829.04946527686,NA,0.257224674859531,0.5,0.907860134205858,2,2,2,2014-02-01,-916,"Total revenues accrual","Y_lag1; Energy prices_leg0","OK",NA
"sg_lasso","Germany","Revenues","2014-02-15",2829.04946527686,NA,0.257224674859531,0.5,0.907860134205858,2,2,2,2014-02-01,-916,"Total revenues accrual","Y_lag1; Energy prices_leg0","OK",NA
"sg_lasso","Germany","Revenues","2014-02-27",3204.75190236268,NA,0.257224674859531,0.5,0.907860134205858,2,2,2,2014-02-01,-916,"Total revenues accrual","Y_lag1; Energy prices_leg0","OK",NA
"sg_lasso","Germany","Revenues","2014-03-01",3136.44236834708,NA,0.257224674859531,0.5,0.907860134205858,2,2,2,2014-03-01,-916,"Total revenues accrual","Y_lag1; Energy prices_leg0","OK",NA
"sg_lasso","Germany","Revenues","2014-03-05",3136.44236834708,NA,0.257224674859531,0.5,0.907860134205858,2,2,2,2014-03-01,-916,"Total revenues accrual","Y_lag1; Energy prices_leg0","OK",NA
"sg_lasso","Germany","Revenues","2014-03-06",3136.44236834708,NA,0.257224674859531,0.5,0.907860134205858,2,2,2,2014-03-01,-916,"Total revenues accrual","Y_lag1; Energy prices_leg0","OK",NA
"sg_lasso","Germany","Revenues","2014-03-15",2308.35631403426,NA,0.149606429190931,0.5,0.62993283626099,4,4,4,2014-03-01,6157,"Total revenues accrual","Y_lag1; Hours worked_leg0; ESI_leg0; Energy prices_leg0","OK",NA
"sg_lasso","Germany","Revenues","2014-03-27",1967.80573067146,NA,0.157539602954214,0.5,0.704350178632433,3,3,3,2014-03-01,6157,"Total revenues accrual","Y_lag1; ESI_leg0; Energy prices_leg0","OK",NA
"sg_lasso","Germany","Revenues","2014-04-01",2145.94891615236,NA,0.157539602954214,0.5,0.704350178632433,3,3,3,2014-04-01,6157,"Total revenues accrual","Y_lag1; ESI_leg0; Energy prices_leg0","OK",NA
"sg_lasso","Germany","Revenues","2014-04-02",2145.94891615236,NA,0.157539602954214,0.5,0.704350178632433,3,3,3,2014-04-01,6157,"Total revenues accrual","Y_lag1; ESI_leg0; Energy prices_leg0","OK",NA
"sg_lasso","Germany","Revenues","2014-04-05",2145.94891615236,NA,0.157539602954214,0.5,0.704350178632433,3,3,3,2014-04-01,6157,"Total revenues accrual","Y_lag1; ESI_leg0; Energy prices_leg0","OK",NA
"sg_lasso","Germany","Revenues","2014-04-15",2145.94891615236,NA,0.157539602954214,0.5,0.704350178632433,3,3,3,2014-04-01,6157,"Total revenues accrual","Y_lag1; ESI_leg0; Energy prices_leg0","OK",NA
"sg_lasso","Germany","Revenues","2014-04-24",2155.86750210281,NA,0.157539602954214,0.5,0.704350178632433,3,3,3,2014-04-01,6157,"Total revenues accrual","Y_lag1; ESI_leg0; Energy prices_leg0","OK",NA
"sg_lasso","Germany","Revenues","2014-04-27",2652.97961440282,NA,0.157539602954214,0.5,0.704350178632433,3,3,3,2014-04-01,6157,"Total revenues accrual","Y_lag1; ESI_leg0; Energy prices_leg0","OK",NA
"sg_lasso","Germany","Revenues","2014-05-01",2857.75276153538,NA,0.157539602954214,0.5,0.704350178632433,3,3,3,2014-05-01,6157,"Total revenues accrual","Y_lag1; ESI_leg0; Energy prices_leg0","OK",NA
"sg_lasso","Germany","Revenues","2014-05-04",2857.75276153538,NA,0.157539602954214,0.5,0.704350178632433,3,3,3,2014-05-01,6157,"Total revenues accrual","Y_lag1; ESI_leg0; Energy prices_leg0","OK",NA
"sg_lasso","Germany","Revenues","2014-05-05",2857.75276153538,NA,0.157539602954214,0.5,0.704350178632433,3,3,3,2014-05-01,6157,"Total revenues accrual","Y_lag1; ESI_leg0; Energy prices_leg0","OK",NA
"sg_lasso","Germany","Revenues","2014-05-15",2857.75276153538,NA,0.157539602954214,0.5,0.704350178632433,3,3,3,2014-05-01,6157,"Total revenues accrual","Y_lag1; ESI_leg0; Energy prices_leg0","OK",NA
"sg_lasso","Germany","Revenues","2014-05-27",2526.34468666871,NA,0.157539602954214,0.5,0.704350178632433,3,3,3,2014-05-01,6157,"Total revenues accrual","Y_lag1; ESI_leg0; Energy prices_leg0","OK",NA
"sg_lasso","Germany","Revenues","2014-05-29",2517.76821298582,NA,0.157539602954214,0.5,0.704350178632433,3,3,3,2014-05-01,6157,"Total revenues accrual","Y_lag1; ESI_leg0; Energy prices_leg0","OK",NA
"sg_lasso","Germany","Revenues","2014-06-01",2684.81436268673,NA,0.157539602954214,0.5,0.704350178632433,3,3,3,2014-06-01,6157,"Total revenues accrual","Y_lag1; ESI_leg0; Energy prices_leg0","OK",NA
"sg_lasso","Germany","Revenues","2014-06-05",2684.81436268673,NA,0.157539602954214,0.5,0.704350178632433,3,3,3,2014-06-01,6157,"Total revenues accrual","Y_lag1; ESI_leg0; Energy prices_leg0","OK",NA
"sg_lasso","Germany","Revenues","2014-06-07",2684.81436268673,NA,0.157539602954214,0.5,0.704350178632433,3,3,3,2014-06-01,6157,"Total revenues accrual","Y_lag1; ESI_leg0; Energy prices_leg0","OK",NA
"sg_lasso","Germany","Revenues","2014-06-15",3452.67953514264,NA,0.0296539623618864,0.5,0.390482345867515,10,10,10,2014-06-01,2966,"Total revenues accrual","Y_lag1; Payroll Mass_leg0; Hours worked_leg0; IP_leg0; Business turnover index_leg0; ESI_leg0; HICPX_leg0; Energy prices_leg0; Stock market_leg0; Cash revenues_leg0","OK",NA
"sg_lasso","Germany","Revenues","2014-06-26",3293.0023170315,NA,0.0296539623618864,0.5,0.453612119783919,10,10,10,2014-06-01,2966,"Total revenues accrual","Y_lag1; Payroll Mass_leg0; Hours worked_leg0; IP_leg0; Business turnover index_leg0; ESI_leg0; HICPX_leg0; Energy prices_leg0; Stock market_leg0; Cash revenues_leg0","OK",NA
"sg_lasso","Germany","Revenues","2014-06-27",3212.90627680807,NA,0.0356793190702398,0.5,0.419650284075417,9,9,9,2014-06-01,2966,"Total revenues accrual","Y_lag1; Payroll Mass_leg0; Hours worked_leg0; IP_leg0; ESI_leg0; HICPX_leg0; Energy prices_leg0; Stock market_leg0; Cash revenues_leg0","OK",NA
"sg_lasso","Germany","Revenues","2014-07-01",5298.44570615787,NA,0.0356793190702398,0.5,0.419650284075417,9,9,9,2014-07-01,2966,"Total revenues accrual","Y_lag1; Payroll Mass_leg0; Hours worked_leg0; IP_leg0; ESI_leg0; HICPX_leg0; Energy prices_leg0; Stock market_leg0; Cash revenues_leg0","OK",NA
"sg_lasso","Germany","Revenues","2014-07-02",5298.44570615787,NA,0.0356793190702398,0.5,0.419650284075417,9,9,9,2014-07-01,2966,"Total revenues accrual","Y_lag1; Payroll Mass_leg0; Hours worked_leg0; IP_leg0; ESI_leg0; HICPX_leg0; Energy prices_leg0; Stock market_leg0; Cash revenues_leg0","OK",NA
"sg_lasso","Germany","Revenues","2014-07-05",5298.44570615787,NA,0.0356793190702398,0.5,0.419650284075417,9,9,9,2014-07-01,2966,"Total revenues accrual","Y_lag1; Payroll Mass_leg0; Hours worked_leg0; IP_leg0; ESI_leg0; HICPX_leg0; Energy prices_leg0; Stock market_leg0; Cash revenues_leg0","OK",NA
"sg_lasso","Germany","Revenues","2014-07-15",4559.39527977923,NA,0.0356793190702398,0.5,0.419650284075417,9,9,9,2014-07-01,2966,"Total revenues accrual","Y_lag1; Payroll Mass_leg0; Hours worked_leg0; IP_leg0; ESI_leg0; HICPX_leg0; Energy prices_leg0; Stock market_leg0; Cash revenues_leg0","OK",NA
"sg_lasso","Germany","Revenues","2014-07-27",4522.94255473621,NA,0.0356793190702398,0.5,0.419650284075417,9,9,9,2014-07-01,2966,"Total revenues accrual","Y_lag1; Payroll Mass_leg0; Hours worked_leg0; IP_leg0; ESI_leg0; HICPX_leg0; Energy prices_leg0; Stock market_leg0; Cash revenues_leg0","OK",NA
"sg_lasso","Germany","Revenues","2014-07-31",4394.3854998989,NA,0.0356793190702398,0.5,0.419650284075417,9,9,9,2014-07-01,2966,"Total revenues accrual","Y_lag1; Payroll Mass_leg0; Hours worked_leg0; IP_leg0; ESI_leg0; HICPX_leg0; Energy prices_leg0; Stock market_leg0; Cash revenues_leg0","OK",NA
"sg_lasso","Germany","Revenues","2014-08-01",7085.98356065275,NA,0.0356793190702398,0.5,0.419650284075417,9,9,9,2014-08-01,2966,"Total revenues accrual","Y_lag1; Payroll Mass_leg0; Hours worked_leg0; IP_leg0; ESI_leg0; HICPX_leg0; Energy prices_leg0; Stock market_leg0; Cash revenues_leg0","OK",NA
"sg_lasso","Germany","Revenues","2014-08-05",7085.98356065275,NA,0.0356793190702398,0.5,0.419650284075417,9,9,9,2014-08-01,2966,"Total revenues accrual","Y_lag1; Payroll Mass_leg0; Hours worked_leg0; IP_leg0; ESI_leg0; HICPX_leg0; Energy prices_leg0; Stock market_leg0; Cash revenues_leg0","OK",NA
"sg_lasso","Germany","Revenues","2014-08-15",6995.71291033696,NA,0.0356793190702398,0.5,0.419650284075417,9,9,9,2014-08-01,2966,"Total revenues accrual","Y_lag1; Payroll Mass_leg0; Hours worked_leg0; IP_leg0; ESI_leg0; HICPX_leg0; Energy prices_leg0; Stock market_leg0; Cash revenues_leg0","OK",NA
"sg_lasso","Germany","Revenues","2014-08-27",7058.37459259022,NA,0.0356793190702398,0.5,0.419650284075417,9,9,9,2014-08-01,2966,"Total revenues accrual","Y_lag1; Payroll Mass_leg0; Hours worked_leg0; IP_leg0; ESI_leg0; HICPX_leg0; Energy prices_leg0; Stock market_leg0; Cash revenues_leg0","OK",NA
"sg_lasso","Germany","Revenues","2014-08-28",6503.69387662185,NA,0.0356793190702398,0.5,0.419650284075417,9,9,9,2014-08-01,2966,"Total revenues accrual","Y_lag1; Payroll Mass_leg0; Hours worked_leg0; IP_leg0; ESI_leg0; HICPX_leg0; Energy prices_leg0; Stock market_leg0; Cash revenues_leg0","OK",NA
"sg_lasso","Germany","Revenues","2014-09-01",6369.36943878653,NA,0.0356793190702398,0.5,0.419650284075417,9,9,9,2014-09-01,2966,"Total revenues accrual","Y_lag1; Payroll Mass_leg0; Hours worked_leg0; IP_leg0; ESI_leg0; HICPX_leg0; Energy prices_leg0; Stock market_leg0; Cash revenues_leg0","OK",NA
"sg_lasso","Germany","Revenues","2014-09-05",6369.36943878653,NA,0.0356793190702398,0.5,0.419650284075417,9,9,9,2014-09-01,2966,"Total revenues accrual","Y_lag1; Payroll Mass_leg0; Hours worked_leg0; IP_leg0; ESI_leg0; HICPX_leg0; Energy prices_leg0; Stock market_leg0; Cash revenues_leg0","OK",NA
"sg_lasso","Germany","Revenues","2014-09-15",3375.16006246625,NA,0.000630571985897823,0.5,0.371768289153888,13,13,13,2014-09-01,3466,"Total revenues accrual","Y_lag1; Payroll Mass_leg0; Hours worked_leg0; Hourly earnings_leg0; IP_leg0; Business turnover index_leg0; ESI_leg0; Retail sales_leg0; Private consumption_leg0; HICPX_leg0; Energy prices_leg0; Stock market_leg0; Cash revenues_leg0","OK",NA
"sg_lasso","Germany","Revenues","2014-09-25",4522.0560046721,NA,0.0378017974238082,0.5,0.516472890688523,11,11,11,2014-09-01,3466,"Total revenues accrual","Y_lag1; Payroll Mass_leg0; Hours worked_leg0; IP_leg0; Business turnover index_leg0; ESI_leg0; Private consumption_leg0; HICPX_leg0; Energy prices_leg0; Stock market_leg0; Cash revenues_leg0","OK",NA
"sg_lasso","Germany","Revenues","2014-09-27",4521.46835005984,NA,0.0384354855111959,0.5,0.505695144828622,11,11,11,2014-09-01,3466,"Total revenues accrual","Y_lag1; Payroll Mass_leg0; Hours worked_leg0; IP_leg0; Business turnover index_leg0; ESI_leg0; Private consumption_leg0; HICPX_leg0; Energy prices_leg0; Stock market_leg0; Cash revenues_leg0","OK",NA
"sg_lasso","Germany","Revenues","2014-10-01",6472.41082674741,NA,0.0384354855111959,0.5,0.505695144828622,11,11,11,2014-10-01,3466,"Total revenues accrual","Y_lag1; Payroll Mass_leg0; Hours worked_leg0; IP_leg0; Business turnover index_leg0; ESI_leg0; Private consumption_leg0; HICPX_leg0; Energy prices_leg0; Stock market_leg0; Cash revenues_leg0","OK",NA
"sg_lasso","Germany","Revenues","2014-10-03",6472.41082674741,NA,0.0384354855111959,0.5,0.505695144828622,11,11,11,2014-10-01,3466,"Total revenues accrual","Y_lag1; Payroll Mass_leg0; Hours worked_leg0; IP_leg0; Business turnover index_leg0; ESI_leg0; Private consumption_leg0; HICPX_leg0; Energy prices_leg0; Stock market_leg0; Cash revenues_leg0","OK",NA
"sg_lasso","Germany","Revenues","2014-10-05",6270.60027121376,NA,0.0384354855111959,0.5,0.505695144828622,11,11,11,2014-10-01,3466,"Total revenues accrual","Y_lag1; Payroll Mass_leg0; Hours worked_leg0; IP_leg0; Business turnover index_leg0; ESI_leg0; Private consumption_leg0; HICPX_leg0; Energy prices_leg0; Stock market_leg0; Cash revenues_leg0","OK",NA
"sg_lasso","Germany","Revenues","2014-10-15",5800.77677757694,NA,0.0384354855111959,0.5,0.505695144828622,11,11,11,2014-10-01,3466,"Total revenues accrual","Y_lag1; Payroll Mass_leg0; Hours worked_leg0; IP_leg0; Business turnover index_leg0; ESI_leg0; Private consumption_leg0; HICPX_leg0; Energy prices_leg0; Stock market_leg0; Cash revenues_leg0","OK",NA
"sg_lasso","Germany","Revenues","2014-10-27",5738.15154691393,NA,0.0384354855111959,0.5,0.505695144828622,11,11,11,2014-10-01,3466,"Total revenues accrual","Y_lag1; Payroll Mass_leg0; Hours worked_leg0; IP_leg0; Business turnover index_leg0; ESI_leg0; Private consumption_leg0; HICPX_leg0; Energy prices_leg0; Stock market_leg0; Cash revenues_leg0","OK",NA
"sg_lasso","Germany","Revenues","2014-10-30",5726.71838286482,NA,0.0384354855111959,0.5,0.505695144828622,11,11,11,2014-10-01,3466,"Total revenues accrual","Y_lag1; Payroll Mass_leg0; Hours worked_leg0; IP_leg0; Business turnover index_leg0; ESI_leg0; Private consumption_leg0; HICPX_leg0; Energy prices_leg0; Stock market_leg0; Cash revenues_leg0","OK",NA
"sg_lasso","Germany","Revenues","2014-11-01",3673.22091394008,NA,0.0384354855111959,0.5,0.505695144828622,11,11,11,2014-11-01,3466,"Total revenues accrual","Y_lag1; Payroll Mass_leg0; Hours worked_leg0; IP_leg0; Business turnover index_leg0; ESI_leg0; Private consumption_leg0; HICPX_leg0; Energy prices_leg0; Stock market_leg0; Cash revenues_leg0","OK",NA
"sg_lasso","Germany","Revenues","2014-11-05",3797.83816035715,NA,0.0384354855111959,0.5,0.505695144828622,11,11,11,2014-11-01,3466,"Total revenues accrual","Y_lag1; Payroll Mass_leg0; Hours worked_leg0; IP_leg0; Business turnover index_leg0; ESI_leg0; Private consumption_leg0; HICPX_leg0; Energy prices_leg0; Stock market_leg0; Cash revenues_leg0","OK",NA
"sg_lasso","Germany","Revenues","2014-11-06",3797.83816035715,NA,0.0384354855111959,0.5,0.505695144828622,11,11,11,2014-11-01,3466,"Total revenues accrual","Y_lag1; Payroll Mass_leg0; Hours worked_leg0; IP_leg0; Business turnover index_leg0; ESI_leg0; Private consumption_leg0; HICPX_leg0; Energy prices_leg0; Stock market_leg0; Cash revenues_leg0","OK",NA
"sg_lasso","Germany","Revenues","2014-11-15",4678.25321797654,NA,0.0384354855111959,0.5,0.505695144828622,11,11,11,2014-11-01,3466,"Total revenues accrual","Y_lag1; Payroll Mass_leg0; Hours worked_leg0; IP_leg0; Business turnover index_leg0; ESI_leg0; Private consumption_leg0; HICPX_leg0; Energy prices_leg0; Stock market_leg0; Cash revenues_leg0","OK",NA
"sg_lasso","Germany","Revenues","2014-11-27",4847.1840477959,NA,0.0384354855111959,0.5,0.505695144828622,11,11,11,2014-11-01,3466,"Total revenues accrual","Y_lag1; Payroll Mass_leg0; Hours worked_leg0; IP_leg0; Business turnover index_leg0; ESI_leg0; Private consumption_leg0; HICPX_leg0; Energy prices_leg0; Stock market_leg0; Cash revenues_leg0","OK",NA
"sg_lasso","Germany","Revenues","2014-12-01",9998.78994144208,NA,0.0384354855111959,0.5,0.505695144828622,11,11,11,2014-12-01,3466,"Total revenues accrual","Y_lag1; Payroll Mass_leg0; Hours worked_leg0; IP_leg0; Business turnover index_leg0; ESI_leg0; Private consumption_leg0; HICPX_leg0; Energy prices_leg0; Stock market_leg0; Cash revenues_leg0","OK",NA
"sg_lasso","Germany","Revenues","2014-12-05",10019.9788480953,NA,0.0384354855111959,0.5,0.505695144828622,11,11,11,2014-12-01,3466,"Total revenues accrual","Y_lag1; Payroll Mass_leg0; Hours worked_leg0; IP_leg0; Business turnover index_leg0; ESI_leg0; Private consumption_leg0; HICPX_leg0; Energy prices_leg0; Stock market_leg0; Cash revenues_leg0","OK",NA
"sg_lasso","Germany","Revenues","2014-12-15",5502.44113950515,NA,0.0566593202919494,0.5,0.590776299966312,9,9,9,2014-12-01,5375,"Total revenues accrual","Y_lag1; Hours worked_leg0; IP_leg0; ESI_leg0; Private consumption_leg0; HICPX_leg0; Energy prices_leg0; Stock market_leg0; Cash revenues_leg0","OK",NA
"sg_lasso","Germany","Revenues","2014-12-25",5569.67564995105,NA,0.0566593202919494,0.5,0.598185139838043,9,9,9,2014-12-01,5375,"Total revenues accrual","Y_lag1; Hours worked_leg0; IP_leg0; ESI_leg0; Private consumption_leg0; HICPX_leg0; Energy prices_leg0; Stock market_leg0; Cash revenues_leg0","OK",NA
"sg_lasso","Germany","Revenues","2014-12-27",5287.11205015997,NA,0.0582909636797295,0.5,0.578574156425799,8,8,8,2014-12-01,5375,"Total revenues accrual","Y_lag1; Hours worked_leg0; IP_leg0; ESI_leg0; HICPX_leg0; Energy prices_leg0; Stock market_leg0; Cash revenues_leg0","OK",NA
"sg_lasso","Germany","Revenues","2015-01-01",2870.22653136877,NA,0.0582909636797295,0.5,0.578574156425799,8,8,8,2015-01-01,5375,"Total revenues accrual","Y_lag1; Hours worked_leg0; IP_leg0; ESI_leg0; HICPX_leg0; Energy prices_leg0; Stock market_leg0; Cash revenues_leg0","OK",NA
"sg_lasso","Germany","Revenues","2015-01-04",2870.22653136877,NA,0.0582909636797295,0.5,0.578574156425799,8,8,8,2015-01-01,5375,"Total revenues accrual","Y_lag1; Hours worked_leg0; IP_leg0; ESI_leg0; HICPX_leg0; Energy prices_leg0; Stock market_leg0; Cash revenues_leg0","OK",NA
"sg_lasso","Germany","Revenues","2015-01-05",2870.22653136877,NA,0.0582909636797295,0.5,0.578574156425799,8,8,8,2015-01-01,5375,"Total revenues accrual","Y_lag1; Hours worked_leg0; IP_leg0; ESI_leg0; HICPX_leg0; Energy prices_leg0; Stock market_leg0; Cash revenues_leg0","OK",NA
"sg_lasso","Germany","Revenues","2015-01-15",3262.507499663,NA,0.0582909636797295,0.5,0.578574156425799,8,8,8,2015-01-01,5375,"Total revenues accrual","Y_lag1; Hours worked_leg0; IP_leg0; ESI_leg0; HICPX_leg0; Energy prices_leg0; Stock market_leg0; Cash revenues_leg0","OK",NA
"sg_lasso","Germany","Revenues","2015-01-27",3615.41329205447,NA,0.0582909636797295,0.5,0.578574156425799,8,8,8,2015-01-01,5375,"Total revenues accrual","Y_lag1; Hours worked_leg0; IP_leg0; ESI_leg0; HICPX_leg0; Energy prices_leg0; Stock market_leg0; Cash revenues_leg0","OK",NA
"sg_lasso","Germany","Revenues","2015-01-29",3951.56868929201,NA,0.0582909636797295,0.5,0.578574156425799,8,8,8,2015-01-01,5375,"Total revenues accrual","Y_lag1; Hours worked_leg0; IP_leg0; ESI_leg0; HICPX_leg0; Energy prices_leg0; Stock market_leg0; Cash revenues_leg0","OK",NA
"sg_lasso","Germany","Revenues","2015-02-01",4464.56491775085,NA,0.0582909636797295,0.5,0.578574156425799,8,8,8,2015-02-01,5375,"Total revenues accrual","Y_lag1; Hours worked_leg0; IP_leg0; ESI_leg0; HICPX_leg0; Energy prices_leg0; Stock market_leg0; Cash revenues_leg0","OK",NA
"sg_lasso","Germany","Revenues","2015-02-05",4464.56491775085,NA,0.0582909636797295,0.5,0.578574156425799,8,8,8,2015-02-01,5375,"Total revenues accrual","Y_lag1; Hours worked_leg0; IP_leg0; ESI_leg0; HICPX_leg0; Energy prices_leg0; Stock market_leg0; Cash revenues_leg0","OK",NA
"sg_lasso","Germany","Revenues","2015-02-07",4464.56491775085,NA,0.0582909636797295,0.5,0.578574156425799,8,8,8,2015-02-01,5375,"Total revenues accrual","Y_lag1; Hours worked_leg0; IP_leg0; ESI_leg0; HICPX_leg0; Energy prices_leg0; Stock market_leg0; Cash revenues_leg0","OK",NA
"sg_lasso","Germany","Revenues","2015-02-15",4494.15810011431,NA,0.0582909636797295,0.5,0.578574156425799,8,8,8,2015-02-01,5375,"Total revenues accrual","Y_lag1; Hours worked_leg0; IP_leg0; ESI_leg0; HICPX_leg0; Energy prices_leg0; Stock market_leg0; Cash revenues_leg0","OK",NA
"sg_lasso","Germany","Revenues","2015-02-26",4657.65184730446,NA,0.0582909636797295,0.5,0.578574156425799,8,8,8,2015-02-01,5375,"Total revenues accrual","Y_lag1; Hours worked_leg0; IP_leg0; ESI_leg0; HICPX_leg0; Energy prices_leg0; Stock market_leg0; Cash revenues_leg0","OK",NA
"sg_lasso","Germany","Revenues","2015-02-27",6296.08897465853,NA,0.0582909636797295,0.5,0.578574156425799,8,8,8,2015-02-01,5375,"Total revenues accrual","Y_lag1; Hours worked_leg0; IP_leg0; ESI_leg0; HICPX_leg0; Energy prices_leg0; Stock market_leg0; Cash revenues_leg0","OK",NA
"sg_lasso","Germany","Revenues","2015-03-01",4796.96751326216,NA,0.0582909636797295,0.5,0.578574156425799,8,8,8,2015-03-01,5375,"Total revenues accrual","Y_lag1; Hours worked_leg0; IP_leg0; ESI_leg0; HICPX_leg0; Energy prices_leg0; Stock market_leg0; Cash revenues_leg0","OK",NA
"sg_lasso","Germany","Revenues","2015-03-05",4796.96751326216,NA,0.0582909636797295,0.5,0.578574156425799,8,8,8,2015-03-01,5375,"Total revenues accrual","Y_lag1; Hours worked_leg0; IP_leg0; ESI_leg0; HICPX_leg0; Energy prices_leg0; Stock market_leg0; Cash revenues_leg0","OK",NA
"sg_lasso","Germany","Revenues","2015-03-07",4796.96751326216,NA,0.0582909636797295,0.5,0.578574156425799,8,8,8,2015-03-01,5375,"Total revenues accrual","Y_lag1; Hours worked_leg0; IP_leg0; ESI_leg0; HICPX_leg0; Energy prices_leg0; Stock market_leg0; Cash revenues_leg0","OK",NA
"sg_lasso","Germany","Revenues","2015-03-15",2387.4934069463,NA,0.0126756525594502,0.5,0.452395869891647,13,13,13,2015-03-01,1685,"Total revenues accrual","Y_lag1; Payroll Mass_leg0; Hours worked_leg0; Hourly earnings_leg0; IP_leg0; Business turnover index_leg0; ESI_leg0; Retail sales_leg0; Private consumption_leg0; HICPX_leg0; Energy prices_leg0; Stock market_leg0; Cash revenues_leg0","OK",NA
"sg_lasso","Germany","Revenues","2015-03-26",2461.19569947025,NA,0.0113925075542277,0.5,0.379440107233537,12,12,12,2015-03-01,1685,"Total revenues accrual","Y_lag1; Payroll Mass_leg0; Hours worked_leg0; Hourly earnings_leg0; IP_leg0; Business turnover index_leg0; ESI_leg0; Retail sales_leg0; HICPX_leg0; Energy prices_leg0; Stock market_leg0; Cash revenues_leg0","OK",NA
"sg_lasso","Germany","Revenues","2015-03-27",3224.40074916963,NA,0.0165285778189059,0.5,0.399673093661869,12,12,12,2015-03-01,1685,"Total revenues accrual","Y_lag1; Payroll Mass_leg0; Hours worked_leg0; Hourly earnings_leg0; IP_leg0; Business turnover index_leg0; ESI_leg0; Retail sales_leg0; HICPX_leg0; Energy prices_leg0; Stock market_leg0; Cash revenues_leg0","OK",NA
"sg_lasso","Germany","Revenues","2015-04-01",1992.02844622397,NA,0.0165285778189059,0.5,0.399673093661869,12,12,12,2015-04-01,1685,"Total revenues accrual","Y_lag1; Payroll Mass_leg0; Hours worked_leg0; Hourly earnings_leg0; IP_leg0; Business turnover index_leg0; ESI_leg0; Retail sales_leg0; HICPX_leg0; Energy prices_leg0; Stock market_leg0; Cash revenues_leg0","OK",NA
"sg_lasso","Germany","Revenues","2015-04-03",1782.08013162136,NA,0.0165285778189059,0.5,0.399673093661869,12,12,12,2015-04-01,1685,"Total revenues accrual","Y_lag1; Payroll Mass_leg0; Hours worked_leg0; Hourly earnings_leg0; IP_leg0; Business turnover index_leg0; ESI_leg0; Retail sales_leg0; HICPX_leg0; Energy prices_leg0; Stock market_leg0; Cash revenues_leg0","OK",NA
"sg_lasso","Germany","Revenues","2015-04-05",1723.98249386784,NA,0.0165285778189059,0.5,0.399673093661869,12,12,12,2015-04-01,1685,"Total revenues accrual","Y_lag1; Payroll Mass_leg0; Hours worked_leg0; Hourly earnings_leg0; IP_leg0; Business turnover index_leg0; ESI_leg0; Retail sales_leg0; HICPX_leg0; Energy prices_leg0; Stock market_leg0; Cash revenues_leg0","OK",NA
"sg_lasso","Germany","Revenues","2015-04-15",836.146644978995,NA,0.0165285778189059,0.5,0.399673093661869,12,12,12,2015-04-01,1685,"Total revenues accrual","Y_lag1; Payroll Mass_leg0; Hours worked_leg0; Hourly earnings_leg0; IP_leg0; Business turnover index_leg0; ESI_leg0; Retail sales_leg0; HICPX_leg0; Energy prices_leg0; Stock market_leg0; Cash revenues_leg0","OK",NA
"sg_lasso","Germany","Revenues","2015-04-27",-4559.10328169663,NA,0.0165285778189059,0.5,0.399673093661869,12,12,12,2015-04-01,1685,"Total revenues accrual","Y_lag1; Payroll Mass_leg0; Hours worked_leg0; Hourly earnings_leg0; IP_leg0; Business turnover index_leg0; ESI_leg0; Retail sales_leg0; HICPX_leg0; Energy prices_leg0; Stock market_leg0; Cash revenues_leg0","OK",NA
"sg_lasso","Germany","Revenues","2015-04-30",-4491.03066190513,NA,0.0165285778189059,0.5,0.399673093661869,12,12,12,2015-04-01,1685,"Total revenues accrual","Y_lag1; Payroll Mass_leg0; Hours worked_leg0; Hourly earnings_leg0; IP_leg0; Business turnover index_leg0; ESI_leg0; Retail sales_leg0; HICPX_leg0; Energy prices_leg0; Stock market_leg0; Cash revenues_leg0","OK",NA
"sg_lasso","Germany","Revenues","2015-05-01",-14096.0016993658,NA,0.0165285778189059,0.5,0.399673093661869,12,12,12,2015-05-01,1685,"Total revenues accrual","Y_lag1; Payroll Mass_leg0; Hours worked_leg0; Hourly earnings_leg0; IP_leg0; Business turnover index_leg0; ESI_leg0; Retail sales_leg0; HICPX_leg0; Energy prices_leg0; Stock market_leg0; Cash revenues_leg0","OK",NA
"sg_lasso","Germany","Revenues","2015-05-05",-14157.6341457533,NA,0.0165285778189059,0.5,0.399673093661869,12,12,12,2015-05-01,1685,"Total revenues accrual","Y_lag1; Payroll Mass_leg0; Hours worked_leg0; Hourly earnings_leg0; IP_leg0; Business turnover index_leg0; ESI_leg0; Retail sales_leg0; HICPX_leg0; Energy prices_leg0; Stock market_leg0; Cash revenues_leg0","OK",NA
"sg_lasso","Germany","Revenues","2015-05-15",-13028.8141576012,NA,0.0165285778189059,0.5,0.399673093661869,12,12,12,2015-05-01,1685,"Total revenues accrual","Y_lag1; Payroll Mass_leg0; Hours worked_leg0; Hourly earnings_leg0; IP_leg0; Business turnover index_leg0; ESI_leg0; Retail sales_leg0; HICPX_leg0; Energy prices_leg0; Stock market_leg0; Cash revenues_leg0","OK",NA
"sg_lasso","Germany","Revenues","2015-05-27",-9424.09458146899,NA,0.0165285778189059,0.5,0.399673093661869,12,12,12,2015-05-01,1685,"Total revenues accrual","Y_lag1; Payroll Mass_leg0; Hours worked_leg0; Hourly earnings_leg0; IP_leg0; Business turnover index_leg0; ESI_leg0; Retail sales_leg0; HICPX_leg0; Energy prices_leg0; Stock market_leg0; Cash revenues_leg0","OK",NA
"sg_lasso","Germany","Revenues","2015-05-28",-9396.50727972746,NA,0.0165285778189059,0.5,0.399673093661869,12,12,12,2015-05-01,1685,"Total revenues accrual","Y_lag1; Payroll Mass_leg0; Hours worked_leg0; Hourly earnings_leg0; IP_leg0; Business turnover index_leg0; ESI_leg0; Retail sales_leg0; HICPX_leg0; Energy prices_leg0; Stock market_leg0; Cash revenues_leg0","OK",NA
"sg_lasso","Germany","Revenues","2015-06-01",-6968.3750072129,NA,0.0165285778189059,0.5,0.399673093661869,12,12,12,2015-06-01,1685,"Total revenues accrual","Y_lag1; Payroll Mass_leg0; Hours worked_leg0; Hourly earnings_leg0; IP_leg0; Business turnover index_leg0; ESI_leg0; Retail sales_leg0; HICPX_leg0; Energy prices_leg0; Stock market_leg0; Cash revenues_leg0","OK",NA
"sg_lasso","Germany","Revenues","2015-06-05",-6806.44719722758,NA,0.0165285778189059,0.5,0.399673093661869,12,12,12,2015-06-01,1685,"Total revenues accrual","Y_lag1; Payroll Mass_leg0; Hours worked_leg0; Hourly earnings_leg0; IP_leg0; Business turnover index_leg0; ESI_leg0; Retail sales_leg0; HICPX_leg0; Energy prices_leg0; Stock market_leg0; Cash revenues_leg0","OK",NA
"sg_lasso","Germany","Revenues","2015-06-15",1535.55935142037,NA,0.0209314996568578,0.5,0.22427544300315,12,12,12,2015-06-01,2581,"Total revenues accrual","Y_lag1; Payroll Mass_leg0; Hours worked_leg0; Hourly earnings_leg0; IP_leg0; Business turnover index_leg0; ESI_leg0; Retail sales_leg0; Private consumption_leg0; Energy prices_leg0; Stock market_leg0; Cash revenues_leg0","OK",NA
"sg_lasso","Germany","Revenues","2015-06-25",1568.79848173061,NA,0.0208835880368355,0.5,0.222770454275279,12,12,12,2015-06-01,2581,"Total revenues accrual","Y_lag1; Payroll Mass_leg0; Hours worked_leg0; Hourly earnings_leg0; IP_leg0; Business turnover index_leg0; ESI_leg0; Retail sales_leg0; Private consumption_leg0; Energy prices_leg0; Stock market_leg0; Cash revenues_leg0","OK",NA
"sg_lasso","Germany","Revenues","2015-06-27",1035.57884440951,NA,0.017710718726921,0.5,0.287177896000369,13,13,13,2015-06-01,2581,"Total revenues accrual","Y_lag1; Payroll Mass_leg0; Hours worked_leg0; Hourly earnings_leg0; IP_leg0; Business turnover index_leg0; ESI_leg0; Retail sales_leg0; Private consumption_leg0; HICPX_leg0; Energy prices_leg0; Stock market_leg0; Cash revenues_leg0","OK",NA
"sg_lasso","Germany","Revenues","2015-07-01",-4722.30902394086,NA,0.017710718726921,0.5,0.287177896000369,13,13,13,2015-07-01,2581,"Total revenues accrual","Y_lag1; Payroll Mass_leg0; Hours worked_leg0; Hourly earnings_leg0; IP_leg0; Business turnover index_leg0; ESI_leg0; Retail sales_leg0; Private consumption_leg0; HICPX_leg0; Energy prices_leg0; Stock market_leg0; Cash revenues_leg0","OK",NA
"sg_lasso","Germany","Revenues","2015-07-03",-4829.90455821016,NA,0.017710718726921,0.5,0.287177896000369,13,13,13,2015-07-01,2581,"Total revenues accrual","Y_lag1; Payroll Mass_leg0; Hours worked_leg0; Hourly earnings_leg0; IP_leg0; Business turnover index_leg0; ESI_leg0; Retail sales_leg0; Private consumption_leg0; HICPX_leg0; Energy prices_leg0; Stock market_leg0; Cash revenues_leg0","OK",NA
"sg_lasso","Germany","Revenues","2015-07-05",-4719.92704762045,NA,0.017710718726921,0.5,0.287177896000369,13,13,13,2015-07-01,2581,"Total revenues accrual","Y_lag1; Payroll Mass_leg0; Hours worked_leg0; Hourly earnings_leg0; IP_leg0; Business turnover index_leg0; ESI_leg0; Retail sales_leg0; Private consumption_leg0; HICPX_leg0; Energy prices_leg0; Stock market_leg0; Cash revenues_leg0","OK",NA
"sg_lasso","Germany","Revenues","2015-07-15",-5130.49821507233,NA,0.017710718726921,0.5,0.287177896000369,13,13,13,2015-07-01,2581,"Total revenues accrual","Y_lag1; Payroll Mass_leg0; Hours worked_leg0; Hourly earnings_leg0; IP_leg0; Business turnover index_leg0; ESI_leg0; Retail sales_leg0; Private consumption_leg0; HICPX_leg0; Energy prices_leg0; Stock market_leg0; Cash revenues_leg0","OK",NA
"sg_lasso","Germany","Revenues","2015-07-27",-5291.90768446219,NA,0.017710718726921,0.5,0.287177896000369,13,13,13,2015-07-01,2581,"Total revenues accrual","Y_lag1; Payroll Mass_leg0; Hours worked_leg0; Hourly earnings_leg0; IP_leg0; Business turnover index_leg0; ESI_leg0; Retail sales_leg0; Private consumption_leg0; HICPX_leg0; Energy prices_leg0; Stock market_leg0; Cash revenues_leg0","OK",NA
"sg_lasso","Germany","Revenues","2015-07-30",-5267.3937783849,NA,0.017710718726921,0.5,0.287177896000369,13,13,13,2015-07-01,2581,"Total revenues accrual","Y_lag1; Payroll Mass_leg0; Hours worked_leg0; Hourly earnings_leg0; IP_leg0; Business turnover index_leg0; ESI_leg0; Retail sales_leg0; Private consumption_leg0; HICPX_leg0; Energy prices_leg0; Stock market_leg0; Cash revenues_leg0","OK",NA
"sg_lasso","Germany","Revenues","2015-08-01",-9316.68609159569,NA,0.017710718726921,0.5,0.287177896000369,13,13,13,2015-08-01,2581,"Total revenues accrual","Y_lag1; Payroll Mass_leg0; Hours worked_leg0; Hourly earnings_leg0; IP_leg0; Business turnover index_leg0; ESI_leg0; Retail sales_leg0; Private consumption_leg0; HICPX_leg0; Energy prices_leg0; Stock market_leg0; Cash revenues_leg0","OK",NA
"sg_lasso","Germany","Revenues","2015-08-05",-9429.16393425639,NA,0.017710718726921,0.5,0.287177896000369,13,13,13,2015-08-01,2581,"Total revenues accrual","Y_lag1; Payroll Mass_leg0; Hours worked_leg0; Hourly earnings_leg0; IP_leg0; Business turnover index_leg0; ESI_leg0; Retail sales_leg0; Private consumption_leg0; HICPX_leg0; Energy prices_leg0; Stock market_leg0; Cash revenues_leg0","OK",NA
"sg_lasso","Germany","Revenues","2015-08-06",-9370.57126599829,NA,0.017710718726921,0.5,0.287177896000369,13,13,13,2015-08-01,2581,"Total revenues accrual","Y_lag1; Payroll Mass_leg0; Hours worked_leg0; Hourly earnings_leg0; IP_leg0; Business turnover index_leg0; ESI_leg0; Retail sales_leg0; Private consumption_leg0; HICPX_leg0; Energy prices_leg0; Stock market_leg0; Cash revenues_leg0","OK",NA
"sg_lasso","Germany","Revenues","2015-08-15",-9085.62405901131,NA,0.017710718726921,0.5,0.287177896000369,13,13,13,2015-08-01,2581,"Total revenues accrual","Y_lag1; Payroll Mass_leg0; Hours worked_leg0; Hourly earnings_leg0; IP_leg0; Business turnover index_leg0; ESI_leg0; Retail sales_leg0; Private consumption_leg0; HICPX_leg0; Energy prices_leg0; Stock market_leg0; Cash revenues_leg0","OK",NA
"sg_lasso","Germany","Revenues","2015-08-27",-9545.04811391997,NA,0.017710718726921,0.5,0.287177896000369,13,13,13,2015-08-01,2581,"Total revenues accrual","Y_lag1; Payroll Mass_leg0; Hours worked_leg0; Hourly earnings_leg0; IP_leg0; Business turnover index_leg0; ESI_leg0; Retail sales_leg0; Private consumption_leg0; HICPX_leg0; Energy prices_leg0; Stock market_leg0; Cash revenues_leg0","OK",NA
"sg_lasso","Germany","Revenues","2015-09-01",-6722.71648236634,NA,0.017710718726921,0.5,0.287177896000369,13,13,13,2015-09-01,2581,"Total revenues accrual","Y_lag1; Payroll Mass_leg0; Hours worked_leg0; Hourly earnings_leg0; IP_leg0; Business turnover index_leg0; ESI_leg0; Retail sales_leg0; Private consumption_leg0; HICPX_leg0; Energy prices_leg0; Stock market_leg0; Cash revenues_leg0","OK",NA
"sg_lasso","Germany","Revenues","2015-09-02",-6741.67830862103,NA,0.017710718726921,0.5,0.287177896000369,13,13,13,2015-09-01,2581,"Total revenues accrual","Y_lag1; Payroll Mass_leg0; Hours worked_leg0; Hourly earnings_leg0; IP_leg0; Business turnover index_leg0; ESI_leg0; Retail sales_leg0; Private consumption_leg0; HICPX_leg0; Energy prices_leg0; Stock market_leg0; Cash revenues_leg0","OK",NA
"sg_lasso","Germany","Revenues","2015-09-05",-6362.89214270768,NA,0.017710718726921,0.5,0.287177896000369,13,13,13,2015-09-01,2581,"Total revenues accrual","Y_lag1; Payroll Mass_leg0; Hours worked_leg0; Hourly earnings_leg0; IP_leg0; Business turnover index_leg0; ESI_leg0; Retail sales_leg0; Private consumption_leg0; HICPX_leg0; Energy prices_leg0; Stock market_leg0; Cash revenues_leg0","OK",NA
"sg_lasso","Germany","Revenues","2015-09-15",2159.25061055546,NA,0.0324309162221305,0.5,1.08960356759812,9,9,9,2015-09-01,4977,"Total revenues accrual","Y_lag1; Hours worked_leg0; IP_leg0; ESI_leg0; Private consumption_leg0; HICPX_leg0; Energy prices_leg0; Stock market_leg0; Cash revenues_leg0","OK",NA
"sg_lasso","Germany","Revenues","2015-09-24",2209.51509000291,NA,0.0324748047047962,0.5,1.07580268880817,9,9,9,2015-09-01,4977,"Total revenues accrual","Y_lag1; Hours worked_leg0; IP_leg0; ESI_leg0; Private consumption_leg0; HICPX_leg0; Energy prices_leg0; Stock market_leg0; Cash revenues_leg0","OK",NA
"sg_lasso","Germany","Revenues","2015-09-27",2287.04377929713,NA,0.0324748047047962,0.5,1.04061275146508,9,9,9,2015-09-01,4977,"Total revenues accrual","Y_lag1; Hours worked_leg0; IP_leg0; ESI_leg0; Private consumption_leg0; HICPX_leg0; Energy prices_leg0; Stock market_leg0; Cash revenues_leg0","OK",NA
"sg_lasso","Germany","Revenues","2015-10-01",9704.98394577529,NA,0.0324748047047962,0.5,1.04061275146508,9,9,9,2015-10-01,4977,"Total revenues accrual","Y_lag1; Hours worked_leg0; IP_leg0; ESI_leg0; Private consumption_leg0; HICPX_leg0; Energy prices_leg0; Stock market_leg0; Cash revenues_leg0","OK",NA
"sg_lasso","Germany","Revenues","2015-10-04",9704.98394577529,NA,0.0324748047047962,0.5,1.04061275146508,9,9,9,2015-10-01,4977,"Total revenues accrual","Y_lag1; Hours worked_leg0; IP_leg0; ESI_leg0; Private consumption_leg0; HICPX_leg0; Energy prices_leg0; Stock market_leg0; Cash revenues_leg0","OK",NA
"sg_lasso","Germany","Revenues","2015-10-05",9704.98394577529,NA,0.0324748047047962,0.5,1.04061275146508,9,9,9,2015-10-01,4977,"Total revenues accrual","Y_lag1; Hours worked_leg0; IP_leg0; ESI_leg0; Private consumption_leg0; HICPX_leg0; Energy prices_leg0; Stock market_leg0; Cash revenues_leg0","OK",NA
"sg_lasso","Germany","Revenues","2015-10-15",9658.12979594148,NA,0.0324748047047962,0.5,1.04061275146508,9,9,9,2015-10-01,4977,"Total revenues accrual","Y_lag1; Hours worked_leg0; IP_leg0; ESI_leg0; Private consumption_leg0; HICPX_leg0; Energy prices_leg0; Stock market_leg0; Cash revenues_leg0","OK",NA
"sg_lasso","Germany","Revenues","2015-10-27",9629.56017487051,NA,0.0324748047047962,0.5,1.04061275146508,9,9,9,2015-10-01,4977,"Total revenues accrual","Y_lag1; Hours worked_leg0; IP_leg0; ESI_leg0; Private consumption_leg0; HICPX_leg0; Energy prices_leg0; Stock market_leg0; Cash revenues_leg0","OK",NA
"sg_lasso","Germany","Revenues","2015-10-29",9239.44349283813,NA,0.0324748047047962,0.5,1.04061275146508,9,9,9,2015-10-01,4977,"Total revenues accrual","Y_lag1; Hours worked_leg0; IP_leg0; ESI_leg0; Private consumption_leg0; HICPX_leg0; Energy prices_leg0; Stock market_leg0; Cash revenues_leg0","OK",NA
"sg_lasso","Germany","Revenues","2015-11-01",12115.3839801708,NA,0.0324748047047962,0.5,1.04061275146508,9,9,9,2015-11-01,4977,"Total revenues accrual","Y_lag1; Hours worked_leg0; IP_leg0; ESI_leg0; Private consumption_leg0; HICPX_leg0; Energy prices_leg0; Stock market_leg0; Cash revenues_leg0","OK",NA
"sg_lasso","Germany","Revenues","2015-11-05",12115.3839801708,NA,0.0324748047047962,0.5,1.04061275146508,9,9,9,2015-11-01,4977,"Total revenues accrual","Y_lag1; Hours worked_leg0; IP_leg0; ESI_leg0; Private consumption_leg0; HICPX_leg0; Energy prices_leg0; Stock market_leg0; Cash revenues_leg0","OK",NA
"sg_lasso","Germany","Revenues","2015-11-07",12115.3839801708,NA,0.0324748047047962,0.5,1.04061275146508,9,9,9,2015-11-01,4977,"Total revenues accrual","Y_lag1; Hours worked_leg0; IP_leg0; ESI_leg0; Private consumption_leg0; HICPX_leg0; Energy prices_leg0; Stock market_leg0; Cash revenues_leg0","OK",NA
"sg_lasso","Germany","Revenues","2015-11-15",12188.7258170686,NA,0.0324748047047962,0.5,1.04061275146508,9,9,9,2015-11-01,4977,"Total revenues accrual","Y_lag1; Hours worked_leg0; IP_leg0; ESI_leg0; Private consumption_leg0; HICPX_leg0; Energy prices_leg0; Stock market_leg0; Cash revenues_leg0","OK",NA
"sg_lasso","Germany","Revenues","2015-11-26",12463.657133814,NA,0.0324748047047962,0.5,1.04061275146508,9,9,9,2015-11-01,4977,"Total revenues accrual","Y_lag1; Hours worked_leg0; IP_leg0; ESI_leg0; Private consumption_leg0; HICPX_leg0; Energy prices_leg0; Stock market_leg0; Cash revenues_leg0","OK",NA
"sg_lasso","Germany","Revenues","2015-11-27",13918.8867420999,NA,0.0324748047047962,0.5,1.04061275146508,9,9,9,2015-11-01,4977,"Total revenues accrual","Y_lag1; Hours worked_leg0; IP_leg0; ESI_leg0; Private consumption_leg0; HICPX_leg0; Energy prices_leg0; Stock market_leg0; Cash revenues_leg0","OK",NA
"sg_lasso","Germany","Revenues","2015-12-01",8830.88946556842,NA,0.0324748047047962,0.5,1.04061275146508,9,9,9,2015-12-01,4977,"Total revenues accrual","Y_lag1; Hours worked_leg0; IP_leg0; ESI_leg0; Private consumption_leg0; HICPX_leg0; Energy prices_leg0; Stock market_leg0; Cash revenues_leg0","OK",NA
"sg_lasso","Germany","Revenues","2015-12-02",8830.88946556842,NA,0.0324748047047962,0.5,1.04061275146508,9,9,9,2015-12-01,4977,"Total revenues accrual","Y_lag1; Hours worked_leg0; IP_leg0; ESI_leg0; Private consumption_leg0; HICPX_leg0; Energy prices_leg0; Stock market_leg0; Cash revenues_leg0","OK",NA
"sg_lasso","Germany","Revenues","2015-12-05",8827.92943664515,NA,0.0324748047047962,0.5,1.04061275146508,9,9,9,2015-12-01,4977,"Total revenues accrual","Y_lag1; Hours worked_leg0; IP_leg0; ESI_leg0; Private consumption_leg0; HICPX_leg0; Energy prices_leg0; Stock market_leg0; Cash revenues_leg0","OK",NA
"sg_lasso","Germany","Revenues","2015-12-15",3056.24951676169,NA,0.0343124102694112,0.5,0.420892566222214,12,12,12,2015-12-01,907,"Total revenues accrual","Y_lag1; Hours worked_leg0; Hourly earnings_leg0; IP_leg0; Business turnover index_leg0; ESI_leg0; Retail sales_leg0; Private consumption_leg0; HICPX_leg0; Energy prices_leg0; Stock market_leg0; Cash revenues_leg0","OK",NA
"sg_lasso","Germany","Revenues","2015-12-27",3258.12716322345,NA,0.0343124102694112,0.5,0.382067198495393,9,9,9,2015-12-01,907,"Total revenues accrual","Y_lag1; Hours worked_leg0; IP_leg0; Business turnover index_leg0; ESI_leg0; Retail sales_leg0; Private consumption_leg0; Energy prices_leg0; Stock market_leg0","OK",NA
"sg_lasso","Germany","Revenues","2015-12-31",3246.18896495968,NA,0.0343751826485598,0.5,0.385307763000763,9,9,9,2015-12-01,907,"Total revenues accrual","Y_lag1; Hours worked_leg0; IP_leg0; Business turnover index_leg0; ESI_leg0; Retail sales_leg0; Private consumption_leg0; Energy prices_leg0; Stock market_leg0","OK",NA
"sg_lasso","Germany","Revenues","2016-01-01",-637.584766104324,NA,0.0343751826485598,0.5,0.385307763000763,9,9,9,2016-01-01,907,"Total revenues accrual","Y_lag1; Hours worked_leg0; IP_leg0; Business turnover index_leg0; ESI_leg0; Retail sales_leg0; Private consumption_leg0; Energy prices_leg0; Stock market_leg0","OK",NA
"sg_lasso","Germany","Revenues","2016-01-05",-769.593180740938,NA,0.0343751826485598,0.5,0.385307763000763,9,9,9,2016-01-01,907,"Total revenues accrual","Y_lag1; Hours worked_leg0; IP_leg0; Business turnover index_leg0; ESI_leg0; Retail sales_leg0; Private consumption_leg0; Energy prices_leg0; Stock market_leg0","OK",NA
"sg_lasso","Germany","Revenues","2016-01-15",-814.386038782727,NA,0.0343751826485598,0.5,0.385307763000763,9,9,9,2016-01-01,907,"Total revenues accrual","Y_lag1; Hours worked_leg0; IP_leg0; Business turnover index_leg0; ESI_leg0; Retail sales_leg0; Private consumption_leg0; Energy prices_leg0; Stock market_leg0","OK",NA
"sg_lasso","Germany","Revenues","2016-01-27",-711.191214641432,NA,0.0343751826485598,0.5,0.385307763000763,9,9,9,2016-01-01,907,"Total revenues accrual","Y_lag1; Hours worked_leg0; IP_leg0; Business turnover index_leg0; ESI_leg0; Retail sales_leg0; Private consumption_leg0; Energy prices_leg0; Stock market_leg0","OK",NA
"sg_lasso","Germany","Revenues","2016-01-28",-867.40839944899,NA,0.0343751826485598,0.5,0.385307763000763,9,9,9,2016-01-01,907,"Total revenues accrual","Y_lag1; Hours worked_leg0; IP_leg0; Business turnover index_leg0; ESI_leg0; Retail sales_leg0; Private consumption_leg0; Energy prices_leg0; Stock market_leg0","OK",NA
"sg_lasso","Germany","Revenues","2016-02-01",687.789262974558,NA,0.0343751826485598,0.5,0.385307763000763,9,9,9,2016-02-01,907,"Total revenues accrual","Y_lag1; Hours worked_leg0; IP_leg0; Business turnover index_leg0; ESI_leg0; Retail sales_leg0; Private consumption_leg0; Energy prices_leg0; Stock market_leg0","OK",NA
"sg_lasso","Germany","Revenues","2016-02-05",792.571863560436,NA,0.0343751826485598,0.5,0.385307763000763,9,9,9,2016-02-01,907,"Total revenues accrual","Y_lag1; Hours worked_leg0; IP_leg0; Business turnover index_leg0; ESI_leg0; Retail sales_leg0; Private consumption_leg0; Energy prices_leg0; Stock market_leg0","OK",NA
"sg_lasso","Germany","Revenues","2016-02-15",853.143108825976,NA,0.0343751826485598,0.5,0.385307763000763,9,9,9,2016-02-01,907,"Total revenues accrual","Y_lag1; Hours worked_leg0; IP_leg0; Business turnover index_leg0; ESI_leg0; Retail sales_leg0; Private consumption_leg0; Energy prices_leg0; Stock market_leg0","OK",NA
"sg_lasso","Germany","Revenues","2016-02-25",667.553979432553,NA,0.0343751826485598,0.5,0.385307763000763,9,9,9,2016-02-01,907,"Total revenues accrual","Y_lag1; Hours worked_leg0; IP_leg0; Business turnover index_leg0; ESI_leg0; Retail sales_leg0; Private consumption_leg0; Energy prices_leg0; Stock market_leg0","OK",NA
"sg_lasso","Germany","Revenues","2016-02-27",1028.73586392708,NA,0.0343751826485598,0.5,0.385307763000763,9,9,9,2016-02-01,907,"Total revenues accrual","Y_lag1; Hours worked_leg0; IP_leg0; Business turnover index_leg0; ESI_leg0; Retail sales_leg0; Private consumption_leg0; Energy prices_leg0; Stock market_leg0","OK",NA
"sg_lasso","Germany","Revenues","2016-03-01",4505.95833100792,NA,0.0343751826485598,0.5,0.385307763000763,9,9,9,2016-03-01,907,"Total revenues accrual","Y_lag1; Hours worked_leg0; IP_leg0; Business turnover index_leg0; ESI_leg0; Retail sales_leg0; Private consumption_leg0; Energy prices_leg0; Stock market_leg0","OK",NA
"sg_lasso","Germany","Revenues","2016-03-02",4527.83672290274,NA,0.0343751826485598,0.5,0.385307763000763,9,9,9,2016-03-01,907,"Total revenues accrual","Y_lag1; Hours worked_leg0; IP_leg0; Business turnover index_leg0; ESI_leg0; Retail sales_leg0; Private consumption_leg0; Energy prices_leg0; Stock market_leg0","OK",NA
"sg_lasso","Germany","Revenues","2016-03-05",4467.07524197071,NA,0.0343751826485598,0.5,0.385307763000763,9,9,9,2016-03-01,907,"Total revenues accrual","Y_lag1; Hours worked_leg0; IP_leg0; Business turnover index_leg0; ESI_leg0; Retail sales_leg0; Private consumption_leg0; Energy prices_leg0; Stock market_leg0","OK",NA
"sg_lasso","Germany","Revenues","2016-03-15",3630.98476209174,NA,0.0313287811182111,0.5,0.479628648478069,8,8,8,2016-03-01,6790,"Total revenues accrual","Y_lag1; Hours worked_leg0; Hourly earnings_leg0; IP_leg0; Business turnover index_leg0; ESI_leg0; Energy prices_leg0; Stock market_leg0","OK",NA
"sg_lasso","Germany","Revenues","2016-03-27",3969.07303898788,NA,0.0313287811182111,0.5,0.410578721821031,8,8,8,2016-03-01,6790,"Total revenues accrual","Y_lag1; Hours worked_leg0; IP_leg0; Business turnover index_leg0; ESI_leg0; Private consumption_leg0; Energy prices_leg0; Stock market_leg0","OK",NA
"sg_lasso","Germany","Revenues","2016-03-31",3986.736446174,NA,0.0313553966270045,0.5,0.410169925539696,8,8,8,2016-03-01,6790,"Total revenues accrual","Y_lag1; Hours worked_leg0; IP_leg0; Business turnover index_leg0; ESI_leg0; Private consumption_leg0; Energy prices_leg0; Stock market_leg0","OK",NA
"sg_lasso","Germany","Revenues","2016-04-01",5468.24069776406,NA,0.0313553966270045,0.5,0.410169925539696,8,8,8,2016-04-01,6790,"Total revenues accrual","Y_lag1; Hours worked_leg0; IP_leg0; Business turnover index_leg0; ESI_leg0; Private consumption_leg0; Energy prices_leg0; Stock market_leg0","OK",NA
"sg_lasso","Germany","Revenues","2016-04-05",5473.30457077303,NA,0.0313553966270045,0.5,0.410169925539696,8,8,8,2016-04-01,6790,"Total revenues accrual","Y_lag1; Hours worked_leg0; IP_leg0; Business turnover index_leg0; ESI_leg0; Private consumption_leg0; Energy prices_leg0; Stock market_leg0","OK",NA
"sg_lasso","Germany","Revenues","2016-04-15",5438.97548097213,NA,0.0313553966270045,0.5,0.410169925539696,8,8,8,2016-04-01,6790,"Total revenues accrual","Y_lag1; Hours worked_leg0; IP_leg0; Business turnover index_leg0; ESI_leg0; Private consumption_leg0; Energy prices_leg0; Stock market_leg0","OK",NA
"sg_lasso","Germany","Revenues","2016-04-27",5438.97548097213,NA,0.0313553966270045,0.5,0.410169925539696,8,8,8,2016-04-01,6790,"Total revenues accrual","Y_lag1; Hours worked_leg0; IP_leg0; Business turnover index_leg0; ESI_leg0; Private consumption_leg0; Energy prices_leg0; Stock market_leg0","OK",NA
"sg_lasso","Germany","Revenues","2016-04-28",5760.67879528164,NA,0.0313553966270045,0.5,0.410169925539696,8,8,8,2016-04-01,6790,"Total revenues accrual","Y_lag1; Hours worked_leg0; IP_leg0; Business turnover index_leg0; ESI_leg0; Private consumption_leg0; Energy prices_leg0; Stock market_leg0","OK",NA
"sg_lasso","Germany","Revenues","2016-05-01",1633.75347852139,NA,0.0313553966270045,0.5,0.410169925539696,8,8,8,2016-05-01,6790,"Total revenues accrual","Y_lag1; Hours worked_leg0; IP_leg0; Business turnover index_leg0; ESI_leg0; Private consumption_leg0; Energy prices_leg0; Stock market_leg0","OK",NA
"sg_lasso","Germany","Revenues","2016-05-05",1599.47108084122,NA,0.0313553966270045,0.5,0.410169925539696,8,8,8,2016-05-01,6790,"Total revenues accrual","Y_lag1; Hours worked_leg0; IP_leg0; Business turnover index_leg0; ESI_leg0; Private consumption_leg0; Energy prices_leg0; Stock market_leg0","OK",NA
"sg_lasso","Germany","Revenues","2016-05-07",1599.47108084122,NA,0.0313553966270045,0.5,0.410169925539696,8,8,8,2016-05-01,6790,"Total revenues accrual","Y_lag1; Hours worked_leg0; IP_leg0; Business turnover index_leg0; ESI_leg0; Private consumption_leg0; Energy prices_leg0; Stock market_leg0","OK",NA
"sg_lasso","Germany","Revenues","2016-05-15",1602.72987472913,NA,0.0313553966270045,0.5,0.410169925539696,8,8,8,2016-05-01,6790,"Total revenues accrual","Y_lag1; Hours worked_leg0; IP_leg0; Business turnover index_leg0; ESI_leg0; Private consumption_leg0; Energy prices_leg0; Stock market_leg0","OK",NA
"sg_lasso","Germany","Revenues","2016-05-26",1593.13471709508,NA,0.0313553966270045,0.5,0.410169925539696,8,8,8,2016-05-01,6790,"Total revenues accrual","Y_lag1; Hours worked_leg0; IP_leg0; Business turnover index_leg0; ESI_leg0; Private consumption_leg0; Energy prices_leg0; Stock market_leg0","OK",NA
"sg_lasso","Germany","Revenues","2016-05-27",1727.39759154699,NA,0.0313553966270045,0.5,0.410169925539696,8,8,8,2016-05-01,6790,"Total revenues accrual","Y_lag1; Hours worked_leg0; IP_leg0; Business turnover index_leg0; ESI_leg0; Private consumption_leg0; Energy prices_leg0; Stock market_leg0","OK",NA
"sg_lasso","Germany","Revenues","2016-06-01",4166.45749620963,NA,0.0313553966270045,0.5,0.410169925539696,8,8,8,2016-06-01,6790,"Total revenues accrual","Y_lag1; Hours worked_leg0; IP_leg0; Business turnover index_leg0; ESI_leg0; Private consumption_leg0; Energy prices_leg0; Stock market_leg0","OK",NA
"sg_lasso","Germany","Revenues","2016-06-03",4166.45749620963,NA,0.0313553966270045,0.5,0.410169925539696,8,8,8,2016-06-01,6790,"Total revenues accrual","Y_lag1; Hours worked_leg0; IP_leg0; Business turnover index_leg0; ESI_leg0; Private consumption_leg0; Energy prices_leg0; Stock market_leg0","OK",NA
"sg_lasso","Germany","Revenues","2016-06-05",4173.67464051962,NA,0.0313553966270045,0.5,0.410169925539696,8,8,8,2016-06-01,6790,"Total revenues accrual","Y_lag1; Hours worked_leg0; IP_leg0; Business turnover index_leg0; ESI_leg0; Private consumption_leg0; Energy prices_leg0; Stock market_leg0","OK",NA
"sg_lasso","Germany","Revenues","2016-06-15",4628.77891657021,NA,0.0402742278889008,0.5,0.536097370728049,7,7,7,2016-06-01,2903,"Total revenues accrual","Y_lag1; Hours worked_leg0; IP_leg0; Business turnover index_leg0; ESI_leg0; Energy prices_leg0; Stock market_leg0","OK",NA
"sg_lasso","Germany","Revenues","2016-06-27",4612.97248360445,NA,0.0402742278889008,0.5,0.527609410649955,7,7,7,2016-06-01,2903,"Total revenues accrual","Y_lag1; Hours worked_leg0; IP_leg0; Business turnover index_leg0; ESI_leg0; Energy prices_leg0; Stock market_leg0","OK",NA
"sg_lasso","Germany","Revenues","2016-06-30",4742.92993157483,NA,0.0401301943628599,0.5,0.524184924132838,7,7,7,2016-06-01,2903,"Total revenues accrual","Y_lag1; Hours worked_leg0; IP_leg0; Business turnover index_leg0; ESI_leg0; Energy prices_leg0; Stock market_leg0","OK",NA
"sg_lasso","Germany","Revenues","2016-07-01",5747.5157318784,NA,0.0401301943628599,0.5,0.524184924132838,7,7,7,2016-07-01,2903,"Total revenues accrual","Y_lag1; Hours worked_leg0; IP_leg0; Business turnover index_leg0; ESI_leg0; Energy prices_leg0; Stock market_leg0","OK",NA
"sg_lasso","Germany","Revenues","2016-07-05",5735.15427284951,NA,0.0401301943628599,0.5,0.524184924132838,7,7,7,2016-07-01,2903,"Total revenues accrual","Y_lag1; Hours worked_leg0; IP_leg0; Business turnover index_leg0; ESI_leg0; Energy prices_leg0; Stock market_leg0","OK",NA
"sg_lasso","Germany","Revenues","2016-07-15",5708.2248874458,NA,0.0401301943628599,0.5,0.524184924132838,7,7,7,2016-07-01,2903,"Total revenues accrual","Y_lag1; Hours worked_leg0; IP_leg0; Business turnover index_leg0; ESI_leg0; Energy prices_leg0; Stock market_leg0","OK",NA
"sg_lasso","Germany","Revenues","2016-07-27",5262.19973543602,NA,0.0401301943628599,0.5,0.524184924132838,7,7,7,2016-07-01,2903,"Total revenues accrual","Y_lag1; Hours worked_leg0; IP_leg0; Business turnover index_leg0; ESI_leg0; Energy prices_leg0; Stock market_leg0","OK",NA
"sg_lasso","Germany","Revenues","2016-07-28",5253.41141667576,NA,0.0401301943628599,0.5,0.524184924132838,7,7,7,2016-07-01,2903,"Total revenues accrual","Y_lag1; Hours worked_leg0; IP_leg0; Business turnover index_leg0; ESI_leg0; Energy prices_leg0; Stock market_leg0","OK",NA
"sg_lasso","Germany","Revenues","2016-08-01",7256.53864763943,NA,0.0401301943628599,0.5,0.524184924132838,7,7,7,2016-08-01,2903,"Total revenues accrual","Y_lag1; Hours worked_leg0; IP_leg0; Business turnover index_leg0; ESI_leg0; Energy prices_leg0; Stock market_leg0","OK",NA
"sg_lasso","Germany","Revenues","2016-08-05",7244.17718861054,NA,0.0401301943628599,0.5,0.524184924132838,7,7,7,2016-08-01,2903,"Total revenues accrual","Y_lag1; Hours worked_leg0; IP_leg0; Business turnover index_leg0; ESI_leg0; Energy prices_leg0; Stock market_leg0","OK",NA
"sg_lasso","Germany","Revenues","2016-08-15",7305.1477432835,NA,0.0401301943628599,0.5,0.524184924132838,7,7,7,2016-08-01,2903,"Total revenues accrual","Y_lag1; Hours worked_leg0; IP_leg0; Business turnover index_leg0; ESI_leg0; Energy prices_leg0; Stock market_leg0","OK",NA
"sg_lasso","Germany","Revenues","2016-08-25",7130.84658675427,NA,0.0401301943628599,0.5,0.524184924132838,7,7,7,2016-08-01,2903,"Total revenues accrual","Y_lag1; Hours worked_leg0; IP_leg0; Business turnover index_leg0; ESI_leg0; Energy prices_leg0; Stock market_leg0","OK",NA
"sg_lasso","Germany","Revenues","2016-08-27",7189.02378049467,NA,0.0401301943628599,0.5,0.524184924132838,7,7,7,2016-08-01,2903,"Total revenues accrual","Y_lag1; Hours worked_leg0; IP_leg0; Business turnover index_leg0; ESI_leg0; Energy prices_leg0; Stock market_leg0","OK",NA
"sg_lasso","Germany","Revenues","2016-09-01",4996.21589130323,NA,0.0401301943628599,0.5,0.524184924132838,7,7,7,2016-09-01,2903,"Total revenues accrual","Y_lag1; Hours worked_leg0; IP_leg0; Business turnover index_leg0; ESI_leg0; Energy prices_leg0; Stock market_leg0","OK",NA
"sg_lasso","Germany","Revenues","2016-09-04",4996.21589130323,NA,0.0401301943628599,0.5,0.524184924132838,7,7,7,2016-09-01,2903,"Total revenues accrual","Y_lag1; Hours worked_leg0; IP_leg0; Business turnover index_leg0; ESI_leg0; Energy prices_leg0; Stock market_leg0","OK",NA
"sg_lasso","Germany","Revenues","2016-09-05",4959.93795646161,NA,0.0401301943628599,0.5,0.524184924132838,7,7,7,2016-09-01,2903,"Total revenues accrual","Y_lag1; Hours worked_leg0; IP_leg0; Business turnover index_leg0; ESI_leg0; Energy prices_leg0; Stock market_leg0","OK",NA
"sg_lasso","Germany","Revenues","2016-09-15",4185.65992371051,NA,0.0768228091499689,0.5,0.557933578097969,6,6,6,2016-09-01,3547,"Total revenues accrual","Y_lag1; Hours worked_leg0; IP_leg0; ESI_leg0; Energy prices_leg0; Stock market_leg0","OK",NA
"sg_lasso","Germany","Revenues","2016-09-27",4391.05519827057,NA,0.0768228091499689,0.5,0.538249660650675,6,6,6,2016-09-01,3547,"Total revenues accrual","Y_lag1; Hours worked_leg0; IP_leg0; ESI_leg0; Energy prices_leg0; Stock market_leg0","OK",NA
"sg_lasso","Germany","Revenues","2016-09-29",4547.64407097376,NA,0.0766559711472192,0.5,0.538597995212075,6,6,6,2016-09-01,3547,"Total revenues accrual","Y_lag1; Hours worked_leg0; IP_leg0; ESI_leg0; Energy prices_leg0; Stock market_leg0","OK",NA
"sg_lasso","Germany","Revenues","2016-10-01",3944.99915950862,NA,0.0766559711472192,0.5,0.538597995212075,6,6,6,2016-10-01,3547,"Total revenues accrual","Y_lag1; Hours worked_leg0; IP_leg0; ESI_leg0; Energy prices_leg0; Stock market_leg0","OK",NA
"sg_lasso","Germany","Revenues","2016-10-05",3944.99915950862,NA,0.0766559711472192,0.5,0.538597995212075,6,6,6,2016-10-01,3547,"Total revenues accrual","Y_lag1; Hours worked_leg0; IP_leg0; ESI_leg0; Energy prices_leg0; Stock market_leg0","OK",NA
"sg_lasso","Germany","Revenues","2016-10-06",3944.99915950862,NA,0.0766559711472192,0.5,0.538597995212075,6,6,6,2016-10-01,3547,"Total revenues accrual","Y_lag1; Hours worked_leg0; IP_leg0; ESI_leg0; Energy prices_leg0; Stock market_leg0","OK",NA
"sg_lasso","Germany","Revenues","2016-10-15",3963.66485006245,NA,0.0766559711472192,0.5,0.538597995212075,6,6,6,2016-10-01,3547,"Total revenues accrual","Y_lag1; Hours worked_leg0; IP_leg0; ESI_leg0; Energy prices_leg0; Stock market_leg0","OK",NA
"sg_lasso","Germany","Revenues","2016-10-27",4238.38914158668,NA,0.0766559711472192,0.5,0.538597995212075,6,6,6,2016-10-01,3547,"Total revenues accrual","Y_lag1; Hours worked_leg0; IP_leg0; ESI_leg0; Energy prices_leg0; Stock market_leg0","OK",NA
"sg_lasso","Germany","Revenues","2016-11-01",6181.55227771564,NA,0.0766559711472192,0.5,0.538597995212075,6,6,6,2016-11-01,3547,"Total revenues accrual","Y_lag1; Hours worked_leg0; IP_leg0; ESI_leg0; Energy prices_leg0; Stock market_leg0","OK",NA
"sg_lasso","Germany","Revenues","2016-11-02",6181.55227771564,NA,0.0766559711472192,0.5,0.538597995212075,6,6,6,2016-11-01,3547,"Total revenues accrual","Y_lag1; Hours worked_leg0; IP_leg0; ESI_leg0; Energy prices_leg0; Stock market_leg0","OK",NA
"sg_lasso","Germany","Revenues","2016-11-05",6181.55227771564,NA,0.0766559711472192,0.5,0.538597995212075,6,6,6,2016-11-01,3547,"Total revenues accrual","Y_lag1; Hours worked_leg0; IP_leg0; ESI_leg0; Energy prices_leg0; Stock market_leg0","OK",NA
"sg_lasso","Germany","Revenues","2016-11-15",6157.41779256006,NA,0.0766559711472192,0.5,0.538597995212075,6,6,6,2016-11-01,3547,"Total revenues accrual","Y_lag1; Hours worked_leg0; IP_leg0; ESI_leg0; Energy prices_leg0; Stock market_leg0","OK",NA
"sg_lasso","Germany","Revenues","2016-11-24",6205.73350967041,NA,0.0766559711472192,0.5,0.538597995212075,6,6,6,2016-11-01,3547,"Total revenues accrual","Y_lag1; Hours worked_leg0; IP_leg0; ESI_leg0; Energy prices_leg0; Stock market_leg0","OK",NA
"sg_lasso","Germany","Revenues","2016-11-27",5817.04619583152,NA,0.0766559711472192,0.5,0.538597995212075,6,6,6,2016-11-01,3547,"Total revenues accrual","Y_lag1; Hours worked_leg0; IP_leg0; ESI_leg0; Energy prices_leg0; Stock market_leg0","OK",NA
"sg_lasso","Germany","Revenues","2016-12-01",5548.265498208,NA,0.0766559711472192,0.5,0.538597995212075,6,6,6,2016-12-01,3547,"Total revenues accrual","Y_lag1; Hours worked_leg0; IP_leg0; ESI_leg0; Energy prices_leg0; Stock market_leg0","OK",NA
"sg_lasso","Germany","Revenues","2016-12-04",5548.265498208,NA,0.0766559711472192,0.5,0.538597995212075,6,6,6,2016-12-01,3547,"Total revenues accrual","Y_lag1; Hours worked_leg0; IP_leg0; ESI_leg0; Energy prices_leg0; Stock market_leg0","OK",NA
"sg_lasso","Germany","Revenues","2016-12-05",5548.265498208,NA,0.0766559711472192,0.5,0.538597995212075,6,6,6,2016-12-01,3547,"Total revenues accrual","Y_lag1; Hours worked_leg0; IP_leg0; ESI_leg0; Energy prices_leg0; Stock market_leg0","OK",NA
"sg_lasso","Germany","Revenues","2016-12-15",5598.00584985745,NA,0.085102437970949,0.5,0.604565029108526,6,6,6,2016-12-01,5741,"Total revenues accrual","Y_lag1; Hours worked_leg0; IP_leg0; ESI_leg0; Energy prices_leg0; Stock market_leg0","OK",NA
"sg_lasso","Germany","Revenues","2016-12-27",6097.79179963964,NA,0.0775421719337573,0.5,0.605033758974407,6,6,6,2016-12-01,5741,"Total revenues accrual","Y_lag1; Hours worked_leg0; IP_leg0; ESI_leg0; Energy prices_leg0; Stock market_leg0","OK",NA
"sg_lasso","Germany","Revenues","2016-12-29",6228.44106252368,NA,0.0780132611792441,0.5,0.612405648311134,6,6,6,2016-12-01,5741,"Total revenues accrual","Y_lag1; Hours worked_leg0; IP_leg0; ESI_leg0; Energy prices_leg0; Stock market_leg0","OK",NA
"sg_lasso","Germany","Revenues","2017-01-01",7843.66236363328,NA,0.0780132611792441,0.5,0.612405648311134,6,6,6,2017-01-01,5741,"Total revenues accrual","Y_lag1; Hours worked_leg0; IP_leg0; ESI_leg0; Energy prices_leg0; Stock market_leg0","OK",NA
"sg_lasso","Germany","Revenues","2017-01-05",7843.66236363328,NA,0.0780132611792441,0.5,0.612405648311134,6,6,6,2017-01-01,5741,"Total revenues accrual","Y_lag1; Hours worked_leg0; IP_leg0; ESI_leg0; Energy prices_leg0; Stock market_leg0","OK",NA
"sg_lasso","Germany","Revenues","2017-01-07",7843.66236363328,NA,0.0780132611792441,0.5,0.612405648311134,6,6,6,2017-01-01,5741,"Total revenues accrual","Y_lag1; Hours worked_leg0; IP_leg0; ESI_leg0; Energy prices_leg0; Stock market_leg0","OK",NA
"sg_lasso","Germany","Revenues","2017-01-15",7832.41141352395,NA,0.0780132611792441,0.5,0.612405648311134,6,6,6,2017-01-01,5741,"Total revenues accrual","Y_lag1; Hours worked_leg0; IP_leg0; ESI_leg0; Energy prices_leg0; Stock market_leg0","OK",NA
"sg_lasso","Germany","Revenues","2017-01-26",7811.30378759777,NA,0.0780132611792441,0.5,0.612405648311134,6,6,6,2017-01-01,5741,"Total revenues accrual","Y_lag1; Hours worked_leg0; IP_leg0; ESI_leg0; Energy prices_leg0; Stock market_leg0","OK",NA
"sg_lasso","Germany","Revenues","2017-01-27",7634.66834511426,NA,0.0780132611792441,0.5,0.612405648311134,6,6,6,2017-01-01,5741,"Total revenues accrual","Y_lag1; Hours worked_leg0; IP_leg0; ESI_leg0; Energy prices_leg0; Stock market_leg0","OK",NA
"sg_lasso","Germany","Revenues","2017-02-01",8247.49844361613,NA,0.0780132611792441,0.5,0.612405648311134,6,6,6,2017-02-01,5741,"Total revenues accrual","Y_lag1; Hours worked_leg0; IP_leg0; ESI_leg0; Energy prices_leg0; Stock market_leg0","OK",NA
"sg_lasso","Germany","Revenues","2017-02-03",8247.49844361613,NA,0.0780132611792441,0.5,0.612405648311134,6,6,6,2017-02-01,5741,"Total revenues accrual","Y_lag1; Hours worked_leg0; IP_leg0; ESI_leg0; Energy prices_leg0; Stock market_leg0","OK",NA
"sg_lasso","Germany","Revenues","2017-02-05",8247.49844361613,NA,0.0780132611792441,0.5,0.612405648311134,6,6,6,2017-02-01,5741,"Total revenues accrual","Y_lag1; Hours worked_leg0; IP_leg0; ESI_leg0; Energy prices_leg0; Stock market_leg0","OK",NA
"sg_lasso","Germany","Revenues","2017-02-15",8250.41580922145,NA,0.0780132611792441,0.5,0.612405648311134,6,6,6,2017-02-01,5741,"Total revenues accrual","Y_lag1; Hours worked_leg0; IP_leg0; ESI_leg0; Energy prices_leg0; Stock market_leg0","OK",NA
"sg_lasso","Germany","Revenues","2017-02-23",8197.29261292404,NA,0.0780132611792441,0.5,0.612405648311134,6,6,6,2017-02-01,5741,"Total revenues accrual","Y_lag1; Hours worked_leg0; IP_leg0; ESI_leg0; Energy prices_leg0; Stock market_leg0","OK",NA
"sg_lasso","Germany","Revenues","2017-02-27",8094.25527147533,NA,0.0780132611792441,0.5,0.612405648311134,6,6,6,2017-02-01,5741,"Total revenues accrual","Y_lag1; Hours worked_leg0; IP_leg0; ESI_leg0; Energy prices_leg0; Stock market_leg0","OK",NA
"sg_lasso","Germany","Revenues","2017-03-01",7825.20190206147,NA,0.0780132611792441,0.5,0.612405648311134,6,6,6,2017-03-01,5741,"Total revenues accrual","Y_lag1; Hours worked_leg0; IP_leg0; ESI_leg0; Energy prices_leg0; Stock market_leg0","OK",NA
"sg_lasso","Germany","Revenues","2017-03-03",7825.20190206147,NA,0.0780132611792441,0.5,0.612405648311134,6,6,6,2017-03-01,5741,"Total revenues accrual","Y_lag1; Hours worked_leg0; IP_leg0; ESI_leg0; Energy prices_leg0; Stock market_leg0","OK",NA
"sg_lasso","Germany","Revenues","2017-03-05",7825.20190206147,NA,0.0780132611792441,0.5,0.612405648311134,6,6,6,2017-03-01,5741,"Total revenues accrual","Y_lag1; Hours worked_leg0; IP_leg0; ESI_leg0; Energy prices_leg0; Stock market_leg0","OK",NA
"sg_lasso","Germany","Revenues","2017-03-15",6992.43372341894,NA,0.0719503887832358,0.5,0.556999625890364,6,6,6,2017-03-01,6032,"Total revenues accrual","Y_lag1; Hours worked_leg0; IP_leg0; ESI_leg0; Energy prices_leg0; Stock market_leg0","OK",NA
"sg_lasso","Germany","Revenues","2017-03-27",6894.60829077032,NA,0.0719503887832358,0.5,0.569275496028061,6,6,6,2017-03-01,6032,"Total revenues accrual","Y_lag1; Hours worked_leg0; IP_leg0; ESI_leg0; Energy prices_leg0; Stock market_leg0","OK",NA
"sg_lasso","Germany","Revenues","2017-03-30",6985.77581500693,NA,0.0722315545421825,0.5,0.574082326282125,6,6,6,2017-03-01,6032,"Total revenues accrual","Y_lag1; Hours worked_leg0; IP_leg0; ESI_leg0; Energy prices_leg0; Stock market_leg0","OK",NA
"sg_lasso","Germany","Revenues","2017-04-01",6372.71863556618,NA,0.0722315545421825,0.5,0.574082326282125,6,6,6,2017-04-01,6032,"Total revenues accrual","Y_lag1; Hours worked_leg0; IP_leg0; ESI_leg0; Energy prices_leg0; Stock market_leg0","OK",NA
"sg_lasso","Germany","Revenues","2017-04-05",6372.71863556618,NA,0.0722315545421825,0.5,0.574082326282125,6,6,6,2017-04-01,6032,"Total revenues accrual","Y_lag1; Hours worked_leg0; IP_leg0; ESI_leg0; Energy prices_leg0; Stock market_leg0","OK",NA
"sg_lasso","Germany","Revenues","2017-04-06",6372.71863556618,NA,0.0722315545421825,0.5,0.574082326282125,6,6,6,2017-04-01,6032,"Total revenues accrual","Y_lag1; Hours worked_leg0; IP_leg0; ESI_leg0; Energy prices_leg0; Stock market_leg0","OK",NA
"sg_lasso","Germany","Revenues","2017-04-15",6334.34757339625,NA,0.0722315545421825,0.5,0.574082326282125,6,6,6,2017-04-01,6032,"Total revenues accrual","Y_lag1; Hours worked_leg0; IP_leg0; ESI_leg0; Energy prices_leg0; Stock market_leg0","OK",NA
"sg_lasso","Germany","Revenues","2017-04-27",6836.85250829564,NA,0.0722315545421825,0.5,0.574082326282125,6,6,6,2017-04-01,6032,"Total revenues accrual","Y_lag1; Hours worked_leg0; IP_leg0; ESI_leg0; Energy prices_leg0; Stock market_leg0","OK",NA
"sg_lasso","Germany","Revenues","2017-05-01",6018.3100051303,NA,0.0722315545421825,0.5,0.574082326282125,6,6,6,2017-05-01,6032,"Total revenues accrual","Y_lag1; Hours worked_leg0; IP_leg0; ESI_leg0; Energy prices_leg0; Stock market_leg0","OK",NA
"sg_lasso","Germany","Revenues","2017-05-05",6018.3100051303,NA,0.0722315545421825,0.5,0.574082326282125,6,6,6,2017-05-01,6032,"Total revenues accrual","Y_lag1; Hours worked_leg0; IP_leg0; ESI_leg0; Energy prices_leg0; Stock market_leg0","OK",NA
"sg_lasso","Germany","Revenues","2017-05-15",6000.84648367287,NA,0.0722315545421825,0.5,0.574082326282125,6,6,6,2017-05-01,6032,"Total revenues accrual","Y_lag1; Hours worked_leg0; IP_leg0; ESI_leg0; Energy prices_leg0; Stock market_leg0","OK",NA
"sg_lasso","Germany","Revenues","2017-05-25",5907.36443854484,NA,0.0722315545421825,0.5,0.574082326282125,6,6,6,2017-05-01,6032,"Total revenues accrual","Y_lag1; Hours worked_leg0; IP_leg0; ESI_leg0; Energy prices_leg0; Stock market_leg0","OK",NA
"sg_lasso","Germany","Revenues","2017-05-27",5576.44930275128,NA,0.0722315545421825,0.5,0.574082326282125,6,6,6,2017-05-01,6032,"Total revenues accrual","Y_lag1; Hours worked_leg0; IP_leg0; ESI_leg0; Energy prices_leg0; Stock market_leg0","OK",NA
"sg_lasso","Germany","Revenues","2017-06-01",5166.67266816465,NA,0.0722315545421825,0.5,0.574082326282125,6,6,6,2017-06-01,6032,"Total revenues accrual","Y_lag1; Hours worked_leg0; IP_leg0; ESI_leg0; Energy prices_leg0; Stock market_leg0","OK",NA
"sg_lasso","Germany","Revenues","2017-06-04",5166.67266816465,NA,0.0722315545421825,0.5,0.574082326282125,6,6,6,2017-06-01,6032,"Total revenues accrual","Y_lag1; Hours worked_leg0; IP_leg0; ESI_leg0; Energy prices_leg0; Stock market_leg0","OK",NA
"sg_lasso","Germany","Revenues","2017-06-05",5166.67266816465,NA,0.0722315545421825,0.5,0.574082326282125,6,6,6,2017-06-01,6032,"Total revenues accrual","Y_lag1; Hours worked_leg0; IP_leg0; ESI_leg0; Energy prices_leg0; Stock market_leg0","OK",NA
"sg_lasso","Germany","Revenues","2017-06-15",4830.63840669962,NA,0.0842284335534394,0.5,0.656526991749615,6,6,6,2017-06-01,309,"Total revenues accrual","Y_lag1; Hours worked_leg0; IP_leg0; ESI_leg0; Energy prices_leg0; Stock market_leg0","OK",NA
"sg_lasso","Germany","Revenues","2017-06-27",4917.66737302247,NA,0.0842284335534394,0.5,0.704014111810177,6,6,6,2017-06-01,309,"Total revenues accrual","Y_lag1; Hours worked_leg0; IP_leg0; ESI_leg0; Energy prices_leg0; Stock market_leg0","OK",NA
"sg_lasso","Germany","Revenues","2017-06-29",5021.60401814887,NA,0.0842284335534394,0.5,0.711410672612771,6,6,6,2017-06-01,309,"Total revenues accrual","Y_lag1; Hours worked_leg0; IP_leg0; ESI_leg0; Energy prices_leg0; Stock market_leg0","OK",NA
"sg_lasso","Germany","Revenues","2017-07-01",4053.64224342986,NA,0.0842284335534394,0.5,0.711410672612771,6,6,6,2017-07-01,309,"Total revenues accrual","Y_lag1; Hours worked_leg0; IP_leg0; ESI_leg0; Energy prices_leg0; Stock market_leg0","OK",NA
"sg_lasso","Germany","Revenues","2017-07-05",4053.64224342986,NA,0.0842284335534394,0.5,0.711410672612771,6,6,6,2017-07-01,309,"Total revenues accrual","Y_lag1; Hours worked_leg0; IP_leg0; ESI_leg0; Energy prices_leg0; Stock market_leg0","OK",NA
"sg_lasso","Germany","Revenues","2017-07-06",4053.64224342986,NA,0.0842284335534394,0.5,0.711410672612771,6,6,6,2017-07-01,309,"Total revenues accrual","Y_lag1; Hours worked_leg0; IP_leg0; ESI_leg0; Energy prices_leg0; Stock market_leg0","OK",NA
"sg_lasso","Germany","Revenues","2017-07-15",4024.15837913622,NA,0.0842284335534394,0.5,0.711410672612771,6,6,6,2017-07-01,309,"Total revenues accrual","Y_lag1; Hours worked_leg0; IP_leg0; ESI_leg0; Energy prices_leg0; Stock market_leg0","OK",NA
"sg_lasso","Germany","Revenues","2017-07-27",4210.58528772419,NA,0.0842284335534394,0.5,0.711410672612771,6,6,6,2017-07-01,309,"Total revenues accrual","Y_lag1; Hours worked_leg0; IP_leg0; ESI_leg0; Energy prices_leg0; Stock market_leg0","OK",NA
"sg_lasso","Germany","Revenues","2017-08-01",5331.25553640366,NA,0.0842284335534394,0.5,0.711410672612771,6,6,6,2017-08-01,309,"Total revenues accrual","Y_lag1; Hours worked_leg0; IP_leg0; ESI_leg0; Energy prices_leg0; Stock market_leg0","OK",NA
"sg_lasso","Germany","Revenues","2017-08-02",5331.25553640366,NA,0.0842284335534394,0.5,0.711410672612771,6,6,6,2017-08-01,309,"Total revenues accrual","Y_lag1; Hours worked_leg0; IP_leg0; ESI_leg0; Energy prices_leg0; Stock market_leg0","OK",NA
"sg_lasso","Germany","Revenues","2017-08-05",5331.25553640366,NA,0.0842284335534394,0.5,0.711410672612771,6,6,6,2017-08-01,309,"Total revenues accrual","Y_lag1; Hours worked_leg0; IP_leg0; ESI_leg0; Energy prices_leg0; Stock market_leg0","OK",NA
"sg_lasso","Germany","Revenues","2017-08-15",5326.39861357428,NA,0.0842284335534394,0.5,0.711410672612771,6,6,6,2017-08-01,309,"Total revenues accrual","Y_lag1; Hours worked_leg0; IP_leg0; ESI_leg0; Energy prices_leg0; Stock market_leg0","OK",NA
"sg_lasso","Germany","Revenues","2017-08-27",5423.57619618155,NA,0.0842284335534394,0.5,0.711410672612771,6,6,6,2017-08-01,309,"Total revenues accrual","Y_lag1; Hours worked_leg0; IP_leg0; ESI_leg0; Energy prices_leg0; Stock market_leg0","OK",NA
"sg_lasso","Germany","Revenues","2017-08-31",5338.05694502357,NA,0.0842284335534394,0.5,0.711410672612771,6,6,6,2017-08-01,309,"Total revenues accrual","Y_lag1; Hours worked_leg0; IP_leg0; ESI_leg0; Energy prices_leg0; Stock market_leg0","OK",NA
"sg_lasso","Germany","Revenues","2017-09-01",6183.68986999869,NA,0.0842284335534394,0.5,0.711410672612771,6,6,6,2017-09-01,309,"Total revenues accrual","Y_lag1; Hours worked_leg0; IP_leg0; ESI_leg0; Energy prices_leg0; Stock market_leg0","OK",NA
"sg_lasso","Germany","Revenues","2017-09-05",6183.68986999869,NA,0.0842284335534394,0.5,0.711410672612771,6,6,6,2017-09-01,309,"Total revenues accrual","Y_lag1; Hours worked_leg0; IP_leg0; ESI_leg0; Energy prices_leg0; Stock market_leg0","OK",NA
"sg_lasso","Germany","Revenues","2017-09-15",4790.86207246678,NA,0.0779988926747876,0.5,0.752479025149774,6,6,6,2017-09-01,4043,"Total revenues accrual","Y_lag1; Hours worked_leg0; IP_leg0; ESI_leg0; Energy prices_leg0; Stock market_leg0","OK",NA
"sg_lasso","Germany","Revenues","2017-09-27",4868.11684864538,NA,0.0779988926747876,0.5,0.739409030251988,6,6,6,2017-09-01,4043,"Total revenues accrual","Y_lag1; Hours worked_leg0; IP_leg0; ESI_leg0; Energy prices_leg0; Stock market_leg0","OK",NA
"sg_lasso","Germany","Revenues","2017-09-28",4896.73697875638,NA,0.0779988926747876,0.5,0.740626470401688,6,6,6,2017-09-01,4043,"Total revenues accrual","Y_lag1; Hours worked_leg0; IP_leg0; ESI_leg0; Energy prices_leg0; Stock market_leg0","OK",NA
"sg_lasso","Germany","Revenues","2017-10-01",5068.89429026548,NA,0.0779988926747876,0.5,0.740626470401688,6,6,6,2017-10-01,4043,"Total revenues accrual","Y_lag1; Hours worked_leg0; IP_leg0; ESI_leg0; Energy prices_leg0; Stock market_leg0","OK",NA
"sg_lasso","Germany","Revenues","2017-10-05",5068.89429026548,NA,0.0779988926747876,0.5,0.740626470401688,6,6,6,2017-10-01,4043,"Total revenues accrual","Y_lag1; Hours worked_leg0; IP_leg0; ESI_leg0; Energy prices_leg0; Stock market_leg0","OK",NA
"sg_lasso","Germany","Revenues","2017-10-07",5068.89429026548,NA,0.0779988926747876,0.5,0.740626470401688,6,6,6,2017-10-01,4043,"Total revenues accrual","Y_lag1; Hours worked_leg0; IP_leg0; ESI_leg0; Energy prices_leg0; Stock market_leg0","OK",NA
"sg_lasso","Germany","Revenues","2017-10-15",5052.69672500016,NA,0.0779988926747876,0.5,0.740626470401688,6,6,6,2017-10-01,4043,"Total revenues accrual","Y_lag1; Hours worked_leg0; IP_leg0; ESI_leg0; Energy prices_leg0; Stock market_leg0","OK",NA
"sg_lasso","Germany","Revenues","2017-10-26",5176.99755425354,NA,0.0779988926747876,0.5,0.740626470401688,6,6,6,2017-10-01,4043,"Total revenues accrual","Y_lag1; Hours worked_leg0; IP_leg0; ESI_leg0; Energy prices_leg0; Stock market_leg0","OK",NA
"sg_lasso","Germany","Revenues","2017-10-27",4981.62565144159,NA,0.0779988926747876,0.5,0.740626470401688,6,6,6,2017-10-01,4043,"Total revenues accrual","Y_lag1; Hours worked_leg0; IP_leg0; ESI_leg0; Energy prices_leg0; Stock market_leg0","OK",NA
"sg_lasso","Germany","Revenues","2017-11-01",4261.74019096009,NA,0.0779988926747876,0.5,0.740626470401688,6,6,6,2017-11-01,4043,"Total revenues accrual","Y_lag1; Hours worked_leg0; IP_leg0; ESI_leg0; Energy prices_leg0; Stock market_leg0","OK",NA
"sg_lasso","Germany","Revenues","2017-11-03",4261.74019096009,NA,0.0779988926747876,0.5,0.740626470401688,6,6,6,2017-11-01,4043,"Total revenues accrual","Y_lag1; Hours worked_leg0; IP_leg0; ESI_leg0; Energy prices_leg0; Stock market_leg0","OK",NA
"sg_lasso","Germany","Revenues","2017-11-05",4261.74019096009,NA,0.0779988926747876,0.5,0.740626470401688,6,6,6,2017-11-01,4043,"Total revenues accrual","Y_lag1; Hours worked_leg0; IP_leg0; ESI_leg0; Energy prices_leg0; Stock market_leg0","OK",NA
"sg_lasso","Germany","Revenues","2017-11-15",4188.04798894987,NA,0.0779988926747876,0.5,0.740626470401688,6,6,6,2017-11-01,4043,"Total revenues accrual","Y_lag1; Hours worked_leg0; IP_leg0; ESI_leg0; Energy prices_leg0; Stock market_leg0","OK",NA
"sg_lasso","Germany","Revenues","2017-11-27",4398.44849967043,NA,0.0779988926747876,0.5,0.740626470401688,6,6,6,2017-11-01,4043,"Total revenues accrual","Y_lag1; Hours worked_leg0; IP_leg0; ESI_leg0; Energy prices_leg0; Stock market_leg0","OK",NA
"sg_lasso","Germany","Revenues","2017-11-30",4444.33484312214,NA,0.0779988926747876,0.5,0.740626470401688,6,6,6,2017-11-01,4043,"Total revenues accrual","Y_lag1; Hours worked_leg0; IP_leg0; ESI_leg0; Energy prices_leg0; Stock market_leg0","OK",NA
"sg_lasso","Germany","Revenues","2017-12-01",4405.38213025771,NA,0.0779988926747876,0.5,0.740626470401688,6,6,6,2017-12-01,4043,"Total revenues accrual","Y_lag1; Hours worked_leg0; IP_leg0; ESI_leg0; Energy prices_leg0; Stock market_leg0","OK",NA
"sg_lasso","Germany","Revenues","2017-12-05",4405.38213025771,NA,0.0779988926747876,0.5,0.740626470401688,6,6,6,2017-12-01,4043,"Total revenues accrual","Y_lag1; Hours worked_leg0; IP_leg0; ESI_leg0; Energy prices_leg0; Stock market_leg0","OK",NA
"sg_lasso","Germany","Revenues","2017-12-15",4469.19306625989,NA,0.070972636263426,0.5,0.632772321938726,6,6,6,2017-12-01,3271,"Total revenues accrual","Y_lag1; Hours worked_leg0; IP_leg0; ESI_leg0; Energy prices_leg0; Stock market_leg0","OK",NA
"sg_lasso","Germany","Revenues","2017-12-27",4325.82543428255,NA,0.070972636263426,0.5,0.636908891846037,6,6,6,2017-12-01,3271,"Total revenues accrual","Y_lag1; Hours worked_leg0; IP_leg0; ESI_leg0; Energy prices_leg0; Stock market_leg0","OK",NA
"sg_lasso","Germany","Revenues","2017-12-28",4385.1427093206,NA,0.070972636263426,0.5,0.635490683005274,6,6,6,2017-12-01,3271,"Total revenues accrual","Y_lag1; Hours worked_leg0; IP_leg0; ESI_leg0; Energy prices_leg0; Stock market_leg0","OK",NA
"sg_lasso","Germany","Revenues","2018-01-01",4139.46883028384,NA,0.070972636263426,0.5,0.635490683005274,6,6,6,2018-01-01,3271,"Total revenues accrual","Y_lag1; Hours worked_leg0; IP_leg0; ESI_leg0; Energy prices_leg0; Stock market_leg0","OK",NA
"sg_lasso","Germany","Revenues","2018-01-05",4139.46883028384,NA,0.070972636263426,0.5,0.635490683005274,6,6,6,2018-01-01,3271,"Total revenues accrual","Y_lag1; Hours worked_leg0; IP_leg0; ESI_leg0; Energy prices_leg0; Stock market_leg0","OK",NA
"sg_lasso","Germany","Revenues","2018-01-15",4200.14890548269,NA,0.070972636263426,0.5,0.635490683005274,6,6,6,2018-01-01,3271,"Total revenues accrual","Y_lag1; Hours worked_leg0; IP_leg0; ESI_leg0; Energy prices_leg0; Stock market_leg0","OK",NA
"sg_lasso","Germany","Revenues","2018-01-25",4245.952501128,NA,0.070972636263426,0.5,0.635490683005274,6,6,6,2018-01-01,3271,"Total revenues accrual","Y_lag1; Hours worked_leg0; IP_leg0; ESI_leg0; Energy prices_leg0; Stock market_leg0","OK",NA
"sg_lasso","Germany","Revenues","2018-01-27",4336.2434772635,NA,0.070972636263426,0.5,0.635490683005274,6,6,6,2018-01-01,3271,"Total revenues accrual","Y_lag1; Hours worked_leg0; IP_leg0; ESI_leg0; Energy prices_leg0; Stock market_leg0","OK",NA
"sg_lasso","Germany","Revenues","2018-02-01",4465.49258952824,NA,0.070972636263426,0.5,0.635490683005274,6,6,6,2018-02-01,3271,"Total revenues accrual","Y_lag1; Hours worked_leg0; IP_leg0; ESI_leg0; Energy prices_leg0; Stock market_leg0","OK",NA
"sg_lasso","Germany","Revenues","2018-02-04",4465.49258952824,NA,0.070972636263426,0.5,0.635490683005274,6,6,6,2018-02-01,3271,"Total revenues accrual","Y_lag1; Hours worked_leg0; IP_leg0; ESI_leg0; Energy prices_leg0; Stock market_leg0","OK",NA
"sg_lasso","Germany","Revenues","2018-02-05",4465.49258952824,NA,0.070972636263426,0.5,0.635490683005274,6,6,6,2018-02-01,3271,"Total revenues accrual","Y_lag1; Hours worked_leg0; IP_leg0; ESI_leg0; Energy prices_leg0; Stock market_leg0","OK",NA
"sg_lasso","Germany","Revenues","2018-02-15",4316.76068526391,NA,0.070972636263426,0.5,0.635490683005274,6,6,6,2018-02-01,3271,"Total revenues accrual","Y_lag1; Hours worked_leg0; IP_leg0; ESI_leg0; Energy prices_leg0; Stock market_leg0","OK",NA
"sg_lasso","Germany","Revenues","2018-02-22",4215.80225719667,NA,0.070972636263426,0.5,0.635490683005274,6,6,6,2018-02-01,3271,"Total revenues accrual","Y_lag1; Hours worked_leg0; IP_leg0; ESI_leg0; Energy prices_leg0; Stock market_leg0","OK",NA
"sg_lasso","Germany","Revenues","2018-02-27",4095.41428901601,NA,0.070972636263426,0.5,0.635490683005274,6,6,6,2018-02-01,3271,"Total revenues accrual","Y_lag1; Hours worked_leg0; IP_leg0; ESI_leg0; Energy prices_leg0; Stock market_leg0","OK",NA
"sg_lasso","Germany","Revenues","2018-03-01",4221.24063647446,NA,0.070972636263426,0.5,0.635490683005274,6,6,6,2018-03-01,3271,"Total revenues accrual","Y_lag1; Hours worked_leg0; IP_leg0; ESI_leg0; Energy prices_leg0; Stock market_leg0","OK",NA
"sg_lasso","Germany","Revenues","2018-03-04",4221.24063647446,NA,0.070972636263426,0.5,0.635490683005274,6,6,6,2018-03-01,3271,"Total revenues accrual","Y_lag1; Hours worked_leg0; IP_leg0; ESI_leg0; Energy prices_leg0; Stock market_leg0","OK",NA
"sg_lasso","Germany","Revenues","2018-03-05",4221.24063647446,NA,0.070972636263426,0.5,0.635490683005274,6,6,6,2018-03-01,3271,"Total revenues accrual","Y_lag1; Hours worked_leg0; IP_leg0; ESI_leg0; Energy prices_leg0; Stock market_leg0","OK",NA
"sg_lasso","Germany","Revenues","2018-03-15",5225.78785805091,NA,0.0890234230125851,0.5,0.703155261050423,6,6,6,2018-03-01,7626,"Total revenues accrual","Y_lag1; Hours worked_leg0; ESI_leg0; Energy prices_leg0; Stock market_leg0; Cash revenues_leg0","OK",NA
"sg_lasso","Germany","Revenues","2018-03-27",5208.94393094513,NA,0.0890234230125851,0.5,0.69529907704246,6,6,6,2018-03-01,7626,"Total revenues accrual","Y_lag1; Hours worked_leg0; ESI_leg0; Energy prices_leg0; Stock market_leg0; Cash revenues_leg0","OK",NA
"sg_lasso","Germany","Revenues","2018-03-29",5160.0927849204,NA,0.0882795119324906,0.5,0.700153267273819,6,6,6,2018-03-01,7626,"Total revenues accrual","Y_lag1; Hours worked_leg0; ESI_leg0; Energy prices_leg0; Stock market_leg0; Cash revenues_leg0","OK",NA
"sg_lasso","Germany","Revenues","2018-04-01",6723.13126553704,NA,0.0882795119324906,0.5,0.700153267273819,6,6,6,2018-04-01,7626,"Total revenues accrual","Y_lag1; Hours worked_leg0; ESI_leg0; Energy prices_leg0; Stock market_leg0; Cash revenues_leg0","OK",NA
"sg_lasso","Germany","Revenues","2018-04-05",6723.13126553704,NA,0.0882795119324906,0.5,0.700153267273819,6,6,6,2018-04-01,7626,"Total revenues accrual","Y_lag1; Hours worked_leg0; ESI_leg0; Energy prices_leg0; Stock market_leg0; Cash revenues_leg0","OK",NA
"sg_lasso","Germany","Revenues","2018-04-07",6723.13126553704,NA,0.0882795119324906,0.5,0.700153267273819,6,6,6,2018-04-01,7626,"Total revenues accrual","Y_lag1; Hours worked_leg0; ESI_leg0; Energy prices_leg0; Stock market_leg0; Cash revenues_leg0","OK",NA
"sg_lasso","Germany","Revenues","2018-04-15",6696.67973865248,NA,0.0882795119324906,0.5,0.700153267273819,6,6,6,2018-04-01,7626,"Total revenues accrual","Y_lag1; Hours worked_leg0; ESI_leg0; Energy prices_leg0; Stock market_leg0; Cash revenues_leg0","OK",NA
"sg_lasso","Germany","Revenues","2018-04-26",6701.58898739981,NA,0.0882795119324906,0.5,0.700153267273819,6,6,6,2018-04-01,7626,"Total revenues accrual","Y_lag1; Hours worked_leg0; ESI_leg0; Energy prices_leg0; Stock market_leg0; Cash revenues_leg0","OK",NA
"sg_lasso","Germany","Revenues","2018-04-27",7026.29984375087,NA,0.0882795119324906,0.5,0.700153267273819,6,6,6,2018-04-01,7626,"Total revenues accrual","Y_lag1; Hours worked_leg0; ESI_leg0; Energy prices_leg0; Stock market_leg0; Cash revenues_leg0","OK",NA
"sg_lasso","Germany","Revenues","2018-05-01",8519.24972450866,NA,0.0882795119324906,0.5,0.700153267273819,6,6,6,2018-05-01,7626,"Total revenues accrual","Y_lag1; Hours worked_leg0; ESI_leg0; Energy prices_leg0; Stock market_leg0; Cash revenues_leg0","OK",NA
"sg_lasso","Germany","Revenues","2018-05-02",8519.24972450866,NA,0.0882795119324906,0.5,0.700153267273819,6,6,6,2018-05-01,7626,"Total revenues accrual","Y_lag1; Hours worked_leg0; ESI_leg0; Energy prices_leg0; Stock market_leg0; Cash revenues_leg0","OK",NA
"sg_lasso","Germany","Revenues","2018-05-05",8519.24972450866,NA,0.0882795119324906,0.5,0.700153267273819,6,6,6,2018-05-01,7626,"Total revenues accrual","Y_lag1; Hours worked_leg0; ESI_leg0; Energy prices_leg0; Stock market_leg0; Cash revenues_leg0","OK",NA
"sg_lasso","Germany","Revenues","2018-05-15",8523.50642315021,NA,0.0882795119324906,0.5,0.700153267273819,6,6,6,2018-05-01,7626,"Total revenues accrual","Y_lag1; Hours worked_leg0; ESI_leg0; Energy prices_leg0; Stock market_leg0; Cash revenues_leg0","OK",NA
"sg_lasso","Germany","Revenues","2018-05-27",8641.58309818696,NA,0.0882795119324906,0.5,0.700153267273819,6,6,6,2018-05-01,7626,"Total revenues accrual","Y_lag1; Hours worked_leg0; ESI_leg0; Energy prices_leg0; Stock market_leg0; Cash revenues_leg0","OK",NA
"sg_lasso","Germany","Revenues","2018-05-31",8617.67437861184,NA,0.0882795119324906,0.5,0.700153267273819,6,6,6,2018-05-01,7626,"Total revenues accrual","Y_lag1; Hours worked_leg0; ESI_leg0; Energy prices_leg0; Stock market_leg0; Cash revenues_leg0","OK",NA
"sg_lasso","Germany","Revenues","2018-06-01",8998.230933571,NA,0.0882795119324906,0.5,0.700153267273819,6,6,6,2018-06-01,7626,"Total revenues accrual","Y_lag1; Hours worked_leg0; ESI_leg0; Energy prices_leg0; Stock market_leg0; Cash revenues_leg0","OK",NA
"sg_lasso","Germany","Revenues","2018-06-05",8998.230933571,NA,0.0882795119324906,0.5,0.700153267273819,6,6,6,2018-06-01,7626,"Total revenues accrual","Y_lag1; Hours worked_leg0; ESI_leg0; Energy prices_leg0; Stock market_leg0; Cash revenues_leg0","OK",NA
"sg_lasso","Germany","Revenues","2018-06-15",7944.6998922259,NA,0.0456140833000139,0.5,0.658844161959107,8,8,8,2018-06-01,7701,"Total revenues accrual","Y_lag1; Hours worked_leg0; IP_leg0; ESI_leg0; Retail sales_leg0; Energy prices_leg0; Stock market_leg0; Cash revenues_leg0","OK",NA
"sg_lasso","Germany","Revenues","2018-06-27",6995.76601908168,NA,0.0797119060070906,0.5,0.693526294547022,7,7,7,2018-06-01,7701,"Total revenues accrual","Y_lag1; Hours worked_leg0; IP_leg0; ESI_leg0; Energy prices_leg0; Stock market_leg0; Cash revenues_leg0","OK",NA
"sg_lasso","Germany","Revenues","2018-06-28",6985.63827769692,NA,0.0796258366534933,0.5,0.69358960374397,7,7,7,2018-06-01,7701,"Total revenues accrual","Y_lag1; Hours worked_leg0; IP_leg0; ESI_leg0; Energy prices_leg0; Stock market_leg0; Cash revenues_leg0","OK",NA
"sg_lasso","Germany","Revenues","2018-07-01",3568.80882194763,NA,0.0796258366534933,0.5,0.69358960374397,7,7,7,2018-07-01,7701,"Total revenues accrual","Y_lag1; Hours worked_leg0; IP_leg0; ESI_leg0; Energy prices_leg0; Stock market_leg0; Cash revenues_leg0","OK",NA
"sg_lasso","Germany","Revenues","2018-07-05",3568.80882194763,NA,0.0796258366534933,0.5,0.69358960374397,7,7,7,2018-07-01,7701,"Total revenues accrual","Y_lag1; Hours worked_leg0; IP_leg0; ESI_leg0; Energy prices_leg0; Stock market_leg0; Cash revenues_leg0","OK",NA
"sg_lasso","Germany","Revenues","2018-07-07",3568.80882194763,NA,0.0796258366534933,0.5,0.69358960374397,7,7,7,2018-07-01,7701,"Total revenues accrual","Y_lag1; Hours worked_leg0; IP_leg0; ESI_leg0; Energy prices_leg0; Stock market_leg0; Cash revenues_leg0","OK",NA
"sg_lasso","Germany","Revenues","2018-07-15",3560.665307027,NA,0.0796258366534933,0.5,0.69358960374397,7,7,7,2018-07-01,7701,"Total revenues accrual","Y_lag1; Hours worked_leg0; IP_leg0; ESI_leg0; Energy prices_leg0; Stock market_leg0; Cash revenues_leg0","OK",NA
"sg_lasso","Germany","Revenues","2018-07-26",3633.49889684709,NA,0.0796258366534933,0.5,0.69358960374397,7,7,7,2018-07-01,7701,"Total revenues accrual","Y_lag1; Hours worked_leg0; IP_leg0; ESI_leg0; Energy prices_leg0; Stock market_leg0; Cash revenues_leg0","OK",NA
"sg_lasso","Germany","Revenues","2018-07-27",3534.45383630336,NA,0.0796258366534933,0.5,0.69358960374397,7,7,7,2018-07-01,7701,"Total revenues accrual","Y_lag1; Hours worked_leg0; IP_leg0; ESI_leg0; Energy prices_leg0; Stock market_leg0; Cash revenues_leg0","OK",NA
"sg_lasso","Germany","Revenues","2018-08-01",560.708775723296,NA,0.0796258366534933,0.5,0.69358960374397,7,7,7,2018-08-01,7701,"Total revenues accrual","Y_lag1; Hours worked_leg0; IP_leg0; ESI_leg0; Energy prices_leg0; Stock market_leg0; Cash revenues_leg0","OK",NA
"sg_lasso","Germany","Revenues","2018-08-03",560.708775723296,NA,0.0796258366534933,0.5,0.69358960374397,7,7,7,2018-08-01,7701,"Total revenues accrual","Y_lag1; Hours worked_leg0; IP_leg0; ESI_leg0; Energy prices_leg0; Stock market_leg0; Cash revenues_leg0","OK",NA
"sg_lasso","Germany","Revenues","2018-08-05",560.708775723296,NA,0.0796258366534933,0.5,0.69358960374397,7,7,7,2018-08-01,7701,"Total revenues accrual","Y_lag1; Hours worked_leg0; IP_leg0; ESI_leg0; Energy prices_leg0; Stock market_leg0; Cash revenues_leg0","OK",NA
"sg_lasso","Germany","Revenues","2018-08-15",532.284512121973,NA,0.0796258366534933,0.5,0.69358960374397,7,7,7,2018-08-01,7701,"Total revenues accrual","Y_lag1; Hours worked_leg0; IP_leg0; ESI_leg0; Energy prices_leg0; Stock market_leg0; Cash revenues_leg0","OK",NA
"sg_lasso","Germany","Revenues","2018-08-27",680.85210293757,NA,0.0796258366534933,0.5,0.69358960374397,7,7,7,2018-08-01,7701,"Total revenues accrual","Y_lag1; Hours worked_leg0; IP_leg0; ESI_leg0; Energy prices_leg0; Stock market_leg0; Cash revenues_leg0","OK",NA
"sg_lasso","Germany","Revenues","2018-08-30",661.400104418954,NA,0.0796258366534933,0.5,0.69358960374397,7,7,7,2018-08-01,7701,"Total revenues accrual","Y_lag1; Hours worked_leg0; IP_leg0; ESI_leg0; Energy prices_leg0; Stock market_leg0; Cash revenues_leg0","OK",NA
"sg_lasso","Germany","Revenues","2018-09-01",-581.76542152179,NA,0.0796258366534933,0.5,0.69358960374397,7,7,7,2018-09-01,7701,"Total revenues accrual","Y_lag1; Hours worked_leg0; IP_leg0; ESI_leg0; Energy prices_leg0; Stock market_leg0; Cash revenues_leg0","OK",NA
"sg_lasso","Germany","Revenues","2018-09-05",-581.76542152179,NA,0.0796258366534933,0.5,0.69358960374397,7,7,7,2018-09-01,7701,"Total revenues accrual","Y_lag1; Hours worked_leg0; IP_leg0; ESI_leg0; Energy prices_leg0; Stock market_leg0; Cash revenues_leg0","OK",NA
"sg_lasso","Germany","Revenues","2018-09-06",-581.76542152179,NA,0.0796258366534933,0.5,0.69358960374397,7,7,7,2018-09-01,7701,"Total revenues accrual","Y_lag1; Hours worked_leg0; IP_leg0; ESI_leg0; Energy prices_leg0; Stock market_leg0; Cash revenues_leg0","OK",NA
"sg_lasso","Germany","Revenues","2018-09-15",-1099.53231868906,NA,0.00925438097777048,0.5,0.42874851211669,12,12,12,2018-09-01,-1328,"Total revenues accrual","Y_lag1; Hours worked_leg0; Hourly earnings_leg0; IP_leg0; Business turnover index_leg0; ESI_leg0; Retail sales_leg0; Private consumption_leg0; HICPX_leg0; Energy prices_leg0; Stock market_leg0; Cash revenues_leg0","OK",NA
"sg_lasso","Germany","Revenues","2018-09-27",2354.37451201207,NA,0.0863066667320114,0.5,0.423558884740814,6,6,6,2018-09-01,-1328,"Total revenues accrual","Y_lag1; Hours worked_leg0; IP_leg0; ESI_leg0; Energy prices_leg0; Stock market_leg0","OK",NA
"sg_lasso","Germany","Revenues","2018-10-01",4839.41974717412,NA,0.0863066667320114,0.5,0.423558884740814,6,6,6,2018-10-01,-1328,"Total revenues accrual","Y_lag1; Hours worked_leg0; IP_leg0; ESI_leg0; Energy prices_leg0; Stock market_leg0","OK",NA
"sg_lasso","Germany","Revenues","2018-10-05",4839.41974717412,NA,0.0863066667320114,0.5,0.423558884740814,6,6,6,2018-10-01,-1328,"Total revenues accrual","Y_lag1; Hours worked_leg0; IP_leg0; ESI_leg0; Energy prices_leg0; Stock market_leg0","OK",NA
"sg_lasso","Germany","Revenues","2018-10-15",4860.00007294458,NA,0.0863066667320114,0.5,0.423558884740814,6,6,6,2018-10-01,-1328,"Total revenues accrual","Y_lag1; Hours worked_leg0; IP_leg0; ESI_leg0; Energy prices_leg0; Stock market_leg0","OK",NA
"sg_lasso","Germany","Revenues","2018-10-25",4753.1267546952,NA,0.0863066667320114,0.5,0.423558884740814,6,6,6,2018-10-01,-1328,"Total revenues accrual","Y_lag1; Hours worked_leg0; IP_leg0; ESI_leg0; Energy prices_leg0; Stock market_leg0","OK",NA
"sg_lasso","Germany","Revenues","2018-10-27",4617.56130921065,NA,0.0863066667320114,0.5,0.423558884740814,6,6,6,2018-10-01,-1328,"Total revenues accrual","Y_lag1; Hours worked_leg0; IP_leg0; ESI_leg0; Energy prices_leg0; Stock market_leg0","OK",NA
"sg_lasso","Germany","Revenues","2018-11-01",5791.91120368512,NA,0.0863066667320114,0.5,0.423558884740814,6,6,6,2018-11-01,-1328,"Total revenues accrual","Y_lag1; Hours worked_leg0; IP_leg0; ESI_leg0; Energy prices_leg0; Stock market_leg0","OK",NA
"sg_lasso","Germany","Revenues","2018-11-04",5791.91120368512,NA,0.0863066667320114,0.5,0.423558884740814,6,6,6,2018-11-01,-1328,"Total revenues accrual","Y_lag1; Hours worked_leg0; IP_leg0; ESI_leg0; Energy prices_leg0; Stock market_leg0","OK",NA
"sg_lasso","Germany","Revenues","2018-11-05",5791.91120368512,NA,0.0863066667320114,0.5,0.423558884740814,6,6,6,2018-11-01,-1328,"Total revenues accrual","Y_lag1; Hours worked_leg0; IP_leg0; ESI_leg0; Energy prices_leg0; Stock market_leg0","OK",NA
"sg_lasso","Germany","Revenues","2018-11-15",5775.82935177681,NA,0.0863066667320114,0.5,0.423558884740814,6,6,6,2018-11-01,-1328,"Total revenues accrual","Y_lag1; Hours worked_leg0; IP_leg0; ESI_leg0; Energy prices_leg0; Stock market_leg0","OK",NA
"sg_lasso","Germany","Revenues","2018-11-27",5897.83825271291,NA,0.0863066667320114,0.5,0.423558884740814,6,6,6,2018-11-01,-1328,"Total revenues accrual","Y_lag1; Hours worked_leg0; IP_leg0; ESI_leg0; Energy prices_leg0; Stock market_leg0","OK",NA
"sg_lasso","Germany","Revenues","2018-11-29",5975.5255551303,NA,0.0863066667320114,0.5,0.423558884740814,6,6,6,2018-11-01,-1328,"Total revenues accrual","Y_lag1; Hours worked_leg0; IP_leg0; ESI_leg0; Energy prices_leg0; Stock market_leg0","OK",NA
"sg_lasso","Germany","Revenues","2018-12-01",7644.22376782843,NA,0.0863066667320114,0.5,0.423558884740814,6,6,6,2018-12-01,-1328,"Total revenues accrual","Y_lag1; Hours worked_leg0; IP_leg0; ESI_leg0; Energy prices_leg0; Stock market_leg0","OK",NA
"sg_lasso","Germany","Revenues","2018-12-05",7644.22376782843,NA,0.0863066667320114,0.5,0.423558884740814,6,6,6,2018-12-01,-1328,"Total revenues accrual","Y_lag1; Hours worked_leg0; IP_leg0; ESI_leg0; Energy prices_leg0; Stock market_leg0","OK",NA
"sg_lasso","Germany","Revenues","2018-12-06",7644.22376782843,NA,0.0863066667320114,0.5,0.423558884740814,6,6,6,2018-12-01,-1328,"Total revenues accrual","Y_lag1; Hours worked_leg0; IP_leg0; ESI_leg0; Energy prices_leg0; Stock market_leg0","OK",NA
"sg_lasso","Germany","Revenues","2018-12-15",4159.64271175606,NA,0.157086749662974,0.5,0.629733834435864,4,4,4,2018-12-01,-288,"Total revenues accrual","Y_lag1; Hours worked_leg0; ESI_leg0; Stock market_leg0","OK",NA
"sg_lasso","Germany","Revenues","2018-12-27",3704.79425987707,NA,0.0184861564572552,0.5,0.582807761065359,10,10,10,2018-12-01,-288,"Total revenues accrual","Y_lag1; Hours worked_leg0; IP_leg0; Business turnover index_leg0; ESI_leg0; Retail sales_leg0; Private consumption_leg0; Energy prices_leg0; Stock market_leg0; Cash revenues_leg0","OK",NA
"sg_lasso","Germany","Revenues","2019-01-01",1125.97495584427,NA,0.0184861564572552,0.5,0.582807761065359,10,10,10,2019-01-01,-288,"Total revenues accrual","Y_lag1; Hours worked_leg0; IP_leg0; Business turnover index_leg0; ESI_leg0; Retail sales_leg0; Private consumption_leg0; Energy prices_leg0; Stock market_leg0; Cash revenues_leg0","OK",NA
"sg_lasso","Germany","Revenues","2019-01-02",835.725360507989,NA,0.0184861564572552,0.5,0.582807761065359,10,10,10,2019-01-01,-288,"Total revenues accrual","Y_lag1; Hours worked_leg0; IP_leg0; Business turnover index_leg0; ESI_leg0; Retail sales_leg0; Private consumption_leg0; Energy prices_leg0; Stock market_leg0; Cash revenues_leg0","OK",NA
"sg_lasso","Germany","Revenues","2019-01-05",768.807018312342,NA,0.0184861564572552,0.5,0.582807761065359,10,10,10,2019-01-01,-288,"Total revenues accrual","Y_lag1; Hours worked_leg0; IP_leg0; Business turnover index_leg0; ESI_leg0; Retail sales_leg0; Private consumption_leg0; Energy prices_leg0; Stock market_leg0; Cash revenues_leg0","OK",NA
"sg_lasso","Germany","Revenues","2019-01-15",767.636746984399,NA,0.0184861564572552,0.5,0.582807761065359,10,10,10,2019-01-01,-288,"Total revenues accrual","Y_lag1; Hours worked_leg0; IP_leg0; Business turnover index_leg0; ESI_leg0; Retail sales_leg0; Private consumption_leg0; Energy prices_leg0; Stock market_leg0; Cash revenues_leg0","OK",NA
"sg_lasso","Germany","Revenues","2019-01-27",1393.78319972362,NA,0.0184861564572552,0.5,0.582807761065359,10,10,10,2019-01-01,-288,"Total revenues accrual","Y_lag1; Hours worked_leg0; IP_leg0; Business turnover index_leg0; ESI_leg0; Retail sales_leg0; Private consumption_leg0; Energy prices_leg0; Stock market_leg0; Cash revenues_leg0","OK",NA
"sg_lasso","Germany","Revenues","2019-01-31",1161.27672790808,NA,0.0184861564572552,0.5,0.582807761065359,10,10,10,2019-01-01,-288,"Total revenues accrual","Y_lag1; Hours worked_leg0; IP_leg0; Business turnover index_leg0; ESI_leg0; Retail sales_leg0; Private consumption_leg0; Energy prices_leg0; Stock market_leg0; Cash revenues_leg0","OK",NA
"sg_lasso","Germany","Revenues","2019-02-01",-1115.1321560281,NA,0.0184861564572552,0.5,0.582807761065359,10,10,10,2019-02-01,-288,"Total revenues accrual","Y_lag1; Hours worked_leg0; IP_leg0; Business turnover index_leg0; ESI_leg0; Retail sales_leg0; Private consumption_leg0; Energy prices_leg0; Stock market_leg0; Cash revenues_leg0","OK",NA
"sg_lasso","Germany","Revenues","2019-02-05",-1010.01385423159,NA,0.0184861564572552,0.5,0.582807761065359,10,10,10,2019-02-01,-288,"Total revenues accrual","Y_lag1; Hours worked_leg0; IP_leg0; Business turnover index_leg0; ESI_leg0; Retail sales_leg0; Private consumption_leg0; Energy prices_leg0; Stock market_leg0; Cash revenues_leg0","OK",NA
"sg_lasso","Germany","Revenues","2019-02-15",-755.4775689854,NA,0.0184861564572552,0.5,0.582807761065359,10,10,10,2019-02-01,-288,"Total revenues accrual","Y_lag1; Hours worked_leg0; IP_leg0; Business turnover index_leg0; ESI_leg0; Retail sales_leg0; Private consumption_leg0; Energy prices_leg0; Stock market_leg0; Cash revenues_leg0","OK",NA
"sg_lasso","Germany","Revenues","2019-02-27",-204.468690574886,NA,0.0184861564572552,0.5,0.582807761065359,10,10,10,2019-02-01,-288,"Total revenues accrual","Y_lag1; Hours worked_leg0; IP_leg0; Business turnover index_leg0; ESI_leg0; Retail sales_leg0; Private consumption_leg0; Energy prices_leg0; Stock market_leg0; Cash revenues_leg0","OK",NA
"sg_lasso","Germany","Revenues","2019-02-28",-313.72311038349,NA,0.0184861564572552,0.5,0.582807761065359,10,10,10,2019-02-01,-288,"Total revenues accrual","Y_lag1; Hours worked_leg0; IP_leg0; Business turnover index_leg0; ESI_leg0; Retail sales_leg0; Private consumption_leg0; Energy prices_leg0; Stock market_leg0; Cash revenues_leg0","OK",NA
"sg_lasso","Germany","Revenues","2019-03-01",779.730944023383,NA,0.0184861564572552,0.5,0.582807761065359,10,10,10,2019-03-01,-288,"Total revenues accrual","Y_lag1; Hours worked_leg0; IP_leg0; Business turnover index_leg0; ESI_leg0; Retail sales_leg0; Private consumption_leg0; Energy prices_leg0; Stock market_leg0; Cash revenues_leg0","OK",NA
"sg_lasso","Germany","Revenues","2019-03-05",620.411378522856,NA,0.0184861564572552,0.5,0.582807761065359,10,10,10,2019-03-01,-288,"Total revenues accrual","Y_lag1; Hours worked_leg0; IP_leg0; Business turnover index_leg0; ESI_leg0; Retail sales_leg0; Private consumption_leg0; Energy prices_leg0; Stock market_leg0; Cash revenues_leg0","OK",NA
"sg_lasso","Germany","Revenues","2019-03-15",4451.89090510061,NA,0.0429558199665289,0.5,0.539746565193124,6,6,6,2019-03-01,7745,"Total revenues accrual","Y_lag1; Hours worked_leg0; IP_leg0; ESI_leg0; Energy prices_leg0; Stock market_leg0","OK",NA
"sg_lasso","Germany","Revenues","2019-03-27",4223.28619271738,NA,0.032494502509718,0.5,0.538769262065748,7,7,7,2019-03-01,7745,"Total revenues accrual","Y_lag1; Hours worked_leg0; IP_leg0; ESI_leg0; Retail sales_leg0; Energy prices_leg0; Stock market_leg0","OK",NA
"sg_lasso","Germany","Revenues","2019-03-28",4087.81757156526,NA,0.032494502509718,0.5,0.546214859624874,7,7,7,2019-03-01,7745,"Total revenues accrual","Y_lag1; Hours worked_leg0; IP_leg0; ESI_leg0; Retail sales_leg0; Energy prices_leg0; Stock market_leg0","OK",NA
"sg_lasso","Germany","Revenues","2019-04-01",4715.42691962773,NA,0.032494502509718,0.5,0.546214859624874,7,7,7,2019-04-01,7745,"Total revenues accrual","Y_lag1; Hours worked_leg0; IP_leg0; ESI_leg0; Retail sales_leg0; Energy prices_leg0; Stock market_leg0","OK",NA
"sg_lasso","Germany","Revenues","2019-04-05",4715.42691962773,NA,0.032494502509718,0.5,0.546214859624874,7,7,7,2019-04-01,7745,"Total revenues accrual","Y_lag1; Hours worked_leg0; IP_leg0; ESI_leg0; Retail sales_leg0; Energy prices_leg0; Stock market_leg0","OK",NA
"sg_lasso","Germany","Revenues","2019-04-15",4728.39133075757,NA,0.032494502509718,0.5,0.546214859624874,7,7,7,2019-04-01,7745,"Total revenues accrual","Y_lag1; Hours worked_leg0; IP_leg0; ESI_leg0; Retail sales_leg0; Energy prices_leg0; Stock market_leg0","OK",NA
"sg_lasso","Germany","Revenues","2019-04-25",4595.02499215869,NA,0.032494502509718,0.5,0.546214859624874,7,7,7,2019-04-01,7745,"Total revenues accrual","Y_lag1; Hours worked_leg0; IP_leg0; ESI_leg0; Retail sales_leg0; Energy prices_leg0; Stock market_leg0","OK",NA
"sg_lasso","Germany","Revenues","2019-04-27",4847.64934790677,NA,0.032494502509718,0.5,0.546214859624874,7,7,7,2019-04-01,7745,"Total revenues accrual","Y_lag1; Hours worked_leg0; IP_leg0; ESI_leg0; Retail sales_leg0; Energy prices_leg0; Stock market_leg0","OK",NA
"sg_lasso","Germany","Revenues","2019-05-01",8061.52605502895,NA,0.032494502509718,0.5,0.546214859624874,7,7,7,2019-05-01,7745,"Total revenues accrual","Y_lag1; Hours worked_leg0; IP_leg0; ESI_leg0; Retail sales_leg0; Energy prices_leg0; Stock market_leg0","OK",NA
"sg_lasso","Germany","Revenues","2019-05-03",8138.79020772543,NA,0.032494502509718,0.5,0.546214859624874,7,7,7,2019-05-01,7745,"Total revenues accrual","Y_lag1; Hours worked_leg0; IP_leg0; ESI_leg0; Retail sales_leg0; Energy prices_leg0; Stock market_leg0","OK",NA
"sg_lasso","Germany","Revenues","2019-05-05",8138.79020772543,NA,0.032494502509718,0.5,0.546214859624874,7,7,7,2019-05-01,7745,"Total revenues accrual","Y_lag1; Hours worked_leg0; IP_leg0; ESI_leg0; Retail sales_leg0; Energy prices_leg0; Stock market_leg0","OK",NA
"sg_lasso","Germany","Revenues","2019-05-15",8183.23573826092,NA,0.032494502509718,0.5,0.546214859624874,7,7,7,2019-05-01,7745,"Total revenues accrual","Y_lag1; Hours worked_leg0; IP_leg0; ESI_leg0; Retail sales_leg0; Energy prices_leg0; Stock market_leg0","OK",NA
"sg_lasso","Germany","Revenues","2019-05-27",8124.93781001136,NA,0.032494502509718,0.5,0.546214859624874,7,7,7,2019-05-01,7745,"Total revenues accrual","Y_lag1; Hours worked_leg0; IP_leg0; ESI_leg0; Retail sales_leg0; Energy prices_leg0; Stock market_leg0","OK",NA
"sg_lasso","Germany","Revenues","2019-05-30",8134.69012961471,NA,0.032494502509718,0.5,0.546214859624874,7,7,7,2019-05-01,7745,"Total revenues accrual","Y_lag1; Hours worked_leg0; IP_leg0; ESI_leg0; Retail sales_leg0; Energy prices_leg0; Stock market_leg0","OK",NA
"sg_lasso","Germany","Revenues","2019-06-01",6482.73863155736,NA,0.032494502509718,0.5,0.546214859624874,7,7,7,2019-06-01,7745,"Total revenues accrual","Y_lag1; Hours worked_leg0; IP_leg0; ESI_leg0; Retail sales_leg0; Energy prices_leg0; Stock market_leg0","OK",NA
"sg_lasso","Germany","Revenues","2019-06-05",6482.73863155736,NA,0.032494502509718,0.5,0.546214859624874,7,7,7,2019-06-01,7745,"Total revenues accrual","Y_lag1; Hours worked_leg0; IP_leg0; ESI_leg0; Retail sales_leg0; Energy prices_leg0; Stock market_leg0","OK",NA
"sg_lasso","Germany","Revenues","2019-06-06",6361.97279122073,NA,0.032494502509718,0.5,0.546214859624874,7,7,7,2019-06-01,7745,"Total revenues accrual","Y_lag1; Hours worked_leg0; IP_leg0; ESI_leg0; Retail sales_leg0; Energy prices_leg0; Stock market_leg0","OK",NA
"sg_lasso","Germany","Revenues","2019-06-15",7482.05708805646,NA,0.0347351800084916,0.5,0.545270335831875,6,6,6,2019-06-01,9333,"Total revenues accrual","Y_lag1; Hours worked_leg0; IP_leg0; ESI_leg0; Energy prices_leg0; Stock market_leg0","OK",NA
"sg_lasso","Germany","Revenues","2019-06-27",6769.52253921484,NA,0.0316494023507049,0.5,0.545667864794377,6,6,6,2019-06-01,9333,"Total revenues accrual","Y_lag1; Hours worked_leg0; IP_leg0; ESI_leg0; Energy prices_leg0; Stock market_leg0","OK",NA
"sg_lasso","Germany","Revenues","2019-07-01",6885.94522657376,NA,0.0316494023507049,0.5,0.545667864794377,6,6,6,2019-07-01,9333,"Total revenues accrual","Y_lag1; Hours worked_leg0; IP_leg0; ESI_leg0; Energy prices_leg0; Stock market_leg0","OK",NA
"sg_lasso","Germany","Revenues","2019-07-05",6885.94522657376,NA,0.0316494023507049,0.5,0.545667864794377,6,6,6,2019-07-01,9333,"Total revenues accrual","Y_lag1; Hours worked_leg0; IP_leg0; ESI_leg0; Energy prices_leg0; Stock market_leg0","OK",NA
"sg_lasso","Germany","Revenues","2019-07-15",6985.51425758786,NA,0.0316494023507049,0.5,0.545667864794377,6,6,6,2019-07-01,9333,"Total revenues accrual","Y_lag1; Hours worked_leg0; IP_leg0; ESI_leg0; Energy prices_leg0; Stock market_leg0","OK",NA
"sg_lasso","Germany","Revenues","2019-07-25",6654.14381892148,NA,0.0316494023507049,0.5,0.545667864794377,6,6,6,2019-07-01,9333,"Total revenues accrual","Y_lag1; Hours worked_leg0; IP_leg0; ESI_leg0; Energy prices_leg0; Stock market_leg0","OK",NA
"sg_lasso","Germany","Revenues","2019-07-27",6863.28887481183,NA,0.0316494023507049,0.5,0.545667864794377,6,6,6,2019-07-01,9333,"Total revenues accrual","Y_lag1; Hours worked_leg0; IP_leg0; ESI_leg0; Energy prices_leg0; Stock market_leg0","OK",NA
"sg_lasso","Germany","Revenues","2019-08-01",5956.88523760261,NA,0.0316494023507049,0.5,0.545667864794377,6,6,6,2019-08-01,9333,"Total revenues accrual","Y_lag1; Hours worked_leg0; IP_leg0; ESI_leg0; Energy prices_leg0; Stock market_leg0","OK",NA
"sg_lasso","Germany","Revenues","2019-08-04",5956.88523760261,NA,0.0316494023507049,0.5,0.545667864794377,6,6,6,2019-08-01,9333,"Total revenues accrual","Y_lag1; Hours worked_leg0; IP_leg0; ESI_leg0; Energy prices_leg0; Stock market_leg0","OK",NA
"sg_lasso","Germany","Revenues","2019-08-05",5956.88523760261,NA,0.0316494023507049,0.5,0.545667864794377,6,6,6,2019-08-01,9333,"Total revenues accrual","Y_lag1; Hours worked_leg0; IP_leg0; ESI_leg0; Energy prices_leg0; Stock market_leg0","OK",NA
"sg_lasso","Germany","Revenues","2019-08-15",5927.29623083552,NA,0.0316494023507049,0.5,0.545667864794377,6,6,6,2019-08-01,9333,"Total revenues accrual","Y_lag1; Hours worked_leg0; IP_leg0; ESI_leg0; Energy prices_leg0; Stock market_leg0","OK",NA
"sg_lasso","Germany","Revenues","2019-08-27",5780.89469171228,NA,0.0316494023507049,0.5,0.545667864794377,6,6,6,2019-08-01,9333,"Total revenues accrual","Y_lag1; Hours worked_leg0; IP_leg0; ESI_leg0; Energy prices_leg0; Stock market_leg0","OK",NA
"sg_lasso","Germany","Revenues","2019-08-29",5790.17980336177,NA,0.0316494023507049,0.5,0.545667864794377,6,6,6,2019-08-01,9333,"Total revenues accrual","Y_lag1; Hours worked_leg0; IP_leg0; ESI_leg0; Energy prices_leg0; Stock market_leg0","OK",NA
"sg_lasso","Germany","Revenues","2019-09-01",6737.61162790737,NA,0.0316494023507049,0.5,0.545667864794377,6,6,6,2019-09-01,9333,"Total revenues accrual","Y_lag1; Hours worked_leg0; IP_leg0; ESI_leg0; Energy prices_leg0; Stock market_leg0","OK",NA
"sg_lasso","Germany","Revenues","2019-09-05",6737.61162790737,NA,0.0316494023507049,0.5,0.545667864794377,6,6,6,2019-09-01,9333,"Total revenues accrual","Y_lag1; Hours worked_leg0; IP_leg0; ESI_leg0; Energy prices_leg0; Stock market_leg0","OK",NA
"sg_lasso","Germany","Revenues","2019-09-07",6737.61162790737,NA,0.0316494023507049,0.5,0.545667864794377,6,6,6,2019-09-01,9333,"Total revenues accrual","Y_lag1; Hours worked_leg0; IP_leg0; ESI_leg0; Energy prices_leg0; Stock market_leg0","OK",NA
"sg_lasso","Germany","Revenues","2019-09-15",2643.33557592573,NA,0.0297006024673064,0.5,0.497743993183179,10,10,10,2019-09-01,-1352,"Total revenues accrual","Y_lag1; Hours worked_leg0; Hourly earnings_leg0; IP_leg0; ESI_leg0; Retail sales_leg0; Private consumption_leg0; HICPX_leg0; Energy prices_leg0; Stock market_leg0","OK",NA
"sg_lasso","Germany","Revenues","2019-09-26",2584.22831583028,NA,0.0297006024673064,0.5,0.499192884260461,10,10,10,2019-09-01,-1352,"Total revenues accrual","Y_lag1; Hours worked_leg0; Hourly earnings_leg0; IP_leg0; ESI_leg0; Retail sales_leg0; Private consumption_leg0; HICPX_leg0; Energy prices_leg0; Stock market_leg0","OK",NA
"sg_lasso","Germany","Revenues","2019-09-27",2800.76970697591,NA,0.0297006024673064,0.5,0.492029440345947,11,11,11,2019-09-01,-1352,"Total revenues accrual","Y_lag1; Hours worked_leg0; Hourly earnings_leg0; IP_leg0; ESI_leg0; Retail sales_leg0; Private consumption_leg0; HICPX_leg0; Energy prices_leg0; Stock market_leg0; Cash revenues_leg0","OK",NA
"sg_lasso","Germany","Revenues","2019-10-01",694.705142883568,NA,0.0297006024673064,0.5,0.492029440345947,11,11,11,2019-10-01,-1352,"Total revenues accrual","Y_lag1; Hours worked_leg0; Hourly earnings_leg0; IP_leg0; ESI_leg0; Retail sales_leg0; Private consumption_leg0; HICPX_leg0; Energy prices_leg0; Stock market_leg0; Cash revenues_leg0","OK",NA
"sg_lasso","Germany","Revenues","2019-10-02",766.675315261615,NA,0.0297006024673064,0.5,0.492029440345947,11,11,11,2019-10-01,-1352,"Total revenues accrual","Y_lag1; Hours worked_leg0; Hourly earnings_leg0; IP_leg0; ESI_leg0; Retail sales_leg0; Private consumption_leg0; HICPX_leg0; Energy prices_leg0; Stock market_leg0; Cash revenues_leg0","OK",NA
"sg_lasso","Germany","Revenues","2019-10-05",766.675315261615,NA,0.0297006024673064,0.5,0.492029440345947,11,11,11,2019-10-01,-1352,"Total revenues accrual","Y_lag1; Hours worked_leg0; Hourly earnings_leg0; IP_leg0; ESI_leg0; Retail sales_leg0; Private consumption_leg0; HICPX_leg0; Energy prices_leg0; Stock market_leg0; Cash revenues_leg0","OK",NA
"sg_lasso","Germany","Revenues","2019-10-15",897.848135484151,NA,0.0297006024673064,0.5,0.492029440345947,11,11,11,2019-10-01,-1352,"Total revenues accrual","Y_lag1; Hours worked_leg0; Hourly earnings_leg0; IP_leg0; ESI_leg0; Retail sales_leg0; Private consumption_leg0; HICPX_leg0; Energy prices_leg0; Stock market_leg0; Cash revenues_leg0","OK",NA
"sg_lasso","Germany","Revenues","2019-10-27",871.32872856499,NA,0.0297006024673064,0.5,0.492029440345947,11,11,11,2019-10-01,-1352,"Total revenues accrual","Y_lag1; Hours worked_leg0; Hourly earnings_leg0; IP_leg0; ESI_leg0; Retail sales_leg0; Private consumption_leg0; HICPX_leg0; Energy prices_leg0; Stock market_leg0; Cash revenues_leg0","OK",NA
"sg_lasso","Germany","Revenues","2019-10-31",866.171599901626,NA,0.0297006024673064,0.5,0.492029440345947,11,11,11,2019-10-01,-1352,"Total revenues accrual","Y_lag1; Hours worked_leg0; Hourly earnings_leg0; IP_leg0; ESI_leg0; Retail sales_leg0; Private consumption_leg0; HICPX_leg0; Energy prices_leg0; Stock market_leg0; Cash revenues_leg0","OK",NA
"sg_lasso","Germany","Revenues","2019-11-01",-2785.57953510745,NA,0.0297006024673064,0.5,0.492029440345947,11,11,11,2019-11-01,-1352,"Total revenues accrual","Y_lag1; Hours worked_leg0; Hourly earnings_leg0; IP_leg0; ESI_leg0; Retail sales_leg0; Private consumption_leg0; HICPX_leg0; Energy prices_leg0; Stock market_leg0; Cash revenues_leg0","OK",NA
"sg_lasso","Germany","Revenues","2019-11-05",-2812.46611193265,NA,0.0297006024673064,0.5,0.492029440345947,11,11,11,2019-11-01,-1352,"Total revenues accrual","Y_lag1; Hours worked_leg0; Hourly earnings_leg0; IP_leg0; ESI_leg0; Retail sales_leg0; Private consumption_leg0; HICPX_leg0; Energy prices_leg0; Stock market_leg0; Cash revenues_leg0","OK",NA
"sg_lasso","Germany","Revenues","2019-11-15",-2851.87281568472,NA,0.0297006024673064,0.5,0.492029440345947,11,11,11,2019-11-01,-1352,"Total revenues accrual","Y_lag1; Hours worked_leg0; Hourly earnings_leg0; IP_leg0; ESI_leg0; Retail sales_leg0; Private consumption_leg0; HICPX_leg0; Energy prices_leg0; Stock market_leg0; Cash revenues_leg0","OK",NA
"sg_lasso","Germany","Revenues","2019-11-27",-2795.88751515342,NA,0.0297006024673064,0.5,0.492029440345947,11,11,11,2019-11-01,-1352,"Total revenues accrual","Y_lag1; Hours worked_leg0; Hourly earnings_leg0; IP_leg0; ESI_leg0; Retail sales_leg0; Private consumption_leg0; HICPX_leg0; Energy prices_leg0; Stock market_leg0; Cash revenues_leg0","OK",NA
"sg_lasso","Germany","Revenues","2019-11-28",-2542.04296273017,NA,0.0297006024673064,0.5,0.492029440345947,11,11,11,2019-11-01,-1352,"Total revenues accrual","Y_lag1; Hours worked_leg0; Hourly earnings_leg0; IP_leg0; ESI_leg0; Retail sales_leg0; Private consumption_leg0; HICPX_leg0; Energy prices_leg0; Stock market_leg0; Cash revenues_leg0","OK",NA
"sg_lasso","Germany","Revenues","2019-12-01",-3302.39648165781,NA,0.0297006024673064,0.5,0.492029440345947,11,11,11,2019-12-01,-1352,"Total revenues accrual","Y_lag1; Hours worked_leg0; Hourly earnings_leg0; IP_leg0; ESI_leg0; Retail sales_leg0; Private consumption_leg0; HICPX_leg0; Energy prices_leg0; Stock market_leg0; Cash revenues_leg0","OK",NA
"sg_lasso","Germany","Revenues","2019-12-05",-3029.90177166923,NA,0.0297006024673064,0.5,0.492029440345947,11,11,11,2019-12-01,-1352,"Total revenues accrual","Y_lag1; Hours worked_leg0; Hourly earnings_leg0; IP_leg0; ESI_leg0; Retail sales_leg0; Private consumption_leg0; HICPX_leg0; Energy prices_leg0; Stock market_leg0; Cash revenues_leg0","OK",NA
"sg_lasso","Germany","Revenues","2019-12-07",-3061.4958127422,NA,0.0297006024673064,0.5,0.492029440345947,11,11,11,2019-12-01,-1352,"Total revenues accrual","Y_lag1; Hours worked_leg0; Hourly earnings_leg0; IP_leg0; ESI_leg0; Retail sales_leg0; Private consumption_leg0; HICPX_leg0; Energy prices_leg0; Stock market_leg0; Cash revenues_leg0","OK",NA
"sg_lasso","Germany","Revenues","2019-12-15",108.196153163322,NA,0.0337379771960061,0.5,0.483670286256439,10,10,10,2019-12-01,-887,"Total revenues accrual","Y_lag1; Hours worked_leg0; Hourly earnings_leg0; IP_leg0; Business turnover index_leg0; ESI_leg0; Retail sales_leg0; Private consumption_leg0; Energy prices_leg0; Stock market_leg0","OK",NA
"sg_lasso","Germany","Revenues","2019-12-26",177.561062332501,NA,0.0337379771960061,0.5,0.481662084390949,10,10,10,2019-12-01,-887,"Total revenues accrual","Y_lag1; Hours worked_leg0; Hourly earnings_leg0; IP_leg0; Business turnover index_leg0; ESI_leg0; Retail sales_leg0; Private consumption_leg0; Energy prices_leg0; Stock market_leg0","OK",NA
"sg_lasso","Germany","Revenues","2019-12-27",177.561062332504,NA,0.0337379771960061,0.5,0.483790389258519,10,10,10,2019-12-01,-887,"Total revenues accrual","Y_lag1; Hours worked_leg0; Hourly earnings_leg0; IP_leg0; Business turnover index_leg0; ESI_leg0; Retail sales_leg0; Private consumption_leg0; Energy prices_leg0; Stock market_leg0","OK",NA
"sg_lasso","Germany","Revenues","2020-01-01",1843.34796705881,NA,0.0337379771960061,0.5,0.483790389258519,10,10,10,2020-01-01,-887,"Total revenues accrual","Y_lag1; Hours worked_leg0; Hourly earnings_leg0; IP_leg0; Business turnover index_leg0; ESI_leg0; Retail sales_leg0; Private consumption_leg0; Energy prices_leg0; Stock market_leg0","OK",NA
"sg_lasso","Germany","Revenues","2020-01-03",1845.18304646962,NA,0.0337379771960061,0.5,0.483790389258519,10,10,10,2020-01-01,-887,"Total revenues accrual","Y_lag1; Hours worked_leg0; Hourly earnings_leg0; IP_leg0; Business turnover index_leg0; ESI_leg0; Retail sales_leg0; Private consumption_leg0; Energy prices_leg0; Stock market_leg0","OK",NA
"sg_lasso","Germany","Revenues","2020-01-05",1836.24423730629,NA,0.0337379771960061,0.5,0.483790389258519,10,10,10,2020-01-01,-887,"Total revenues accrual","Y_lag1; Hours worked_leg0; Hourly earnings_leg0; IP_leg0; Business turnover index_leg0; ESI_leg0; Retail sales_leg0; Private consumption_leg0; Energy prices_leg0; Stock market_leg0","OK",NA
"sg_lasso","Germany","Revenues","2020-01-15",1887.67463691354,NA,0.0337379771960061,0.5,0.483790389258519,10,10,10,2020-01-01,-887,"Total revenues accrual","Y_lag1; Hours worked_leg0; Hourly earnings_leg0; IP_leg0; Business turnover index_leg0; ESI_leg0; Retail sales_leg0; Private consumption_leg0; Energy prices_leg0; Stock market_leg0","OK",NA
"sg_lasso","Germany","Revenues","2020-01-27",2213.04983441091,NA,0.0337379771960061,0.5,0.483790389258519,10,10,10,2020-01-01,-887,"Total revenues accrual","Y_lag1; Hours worked_leg0; Hourly earnings_leg0; IP_leg0; Business turnover index_leg0; ESI_leg0; Retail sales_leg0; Private consumption_leg0; Energy prices_leg0; Stock market_leg0","OK",NA
"sg_lasso","Germany","Revenues","2020-01-30",2521.26251132955,NA,0.0337379771960061,0.5,0.483790389258519,10,10,10,2020-01-01,-887,"Total revenues accrual","Y_lag1; Hours worked_leg0; Hourly earnings_leg0; IP_leg0; Business turnover index_leg0; ESI_leg0; Retail sales_leg0; Private consumption_leg0; Energy prices_leg0; Stock market_leg0","OK",NA
"sg_lasso","Germany","Revenues","2020-02-01",3330.5707015858,NA,0.0337379771960061,0.5,0.483790389258519,10,10,10,2020-02-01,-887,"Total revenues accrual","Y_lag1; Hours worked_leg0; Hourly earnings_leg0; IP_leg0; Business turnover index_leg0; ESI_leg0; Retail sales_leg0; Private consumption_leg0; Energy prices_leg0; Stock market_leg0","OK",NA
"sg_lasso","Germany","Revenues","2020-02-05",3330.92177663771,NA,0.0337379771960061,0.5,0.483790389258519,10,10,10,2020-02-01,-887,"Total revenues accrual","Y_lag1; Hours worked_leg0; Hourly earnings_leg0; IP_leg0; Business turnover index_leg0; ESI_leg0; Retail sales_leg0; Private consumption_leg0; Energy prices_leg0; Stock market_leg0","OK",NA
"sg_lasso","Germany","Revenues","2020-02-06",3313.67605286243,NA,0.0337379771960061,0.5,0.483790389258519,10,10,10,2020-02-01,-887,"Total revenues accrual","Y_lag1; Hours worked_leg0; Hourly earnings_leg0; IP_leg0; Business turnover index_leg0; ESI_leg0; Retail sales_leg0; Private consumption_leg0; Energy prices_leg0; Stock market_leg0","OK",NA
"sg_lasso","Germany","Revenues","2020-02-15",3274.03505948546,NA,0.0337379771960061,0.5,0.483790389258519,10,10,10,2020-02-01,-887,"Total revenues accrual","Y_lag1; Hours worked_leg0; Hourly earnings_leg0; IP_leg0; Business turnover index_leg0; ESI_leg0; Retail sales_leg0; Private consumption_leg0; Energy prices_leg0; Stock market_leg0","OK",NA
"sg_lasso","Germany","Revenues","2020-02-27",2734.23396219037,NA,0.0337379771960061,0.5,0.483790389258519,10,10,10,2020-02-01,-887,"Total revenues accrual","Y_lag1; Hours worked_leg0; Hourly earnings_leg0; IP_leg0; Business turnover index_leg0; ESI_leg0; Retail sales_leg0; Private consumption_leg0; Energy prices_leg0; Stock market_leg0","OK",NA
"sg_lasso","Germany","Revenues","2020-03-01",5164.81589604365,NA,0.0337379771960061,0.5,0.483790389258519,10,10,10,2020-03-01,-887,"Total revenues accrual","Y_lag1; Hours worked_leg0; Hourly earnings_leg0; IP_leg0; Business turnover index_leg0; ESI_leg0; Retail sales_leg0; Private consumption_leg0; Energy prices_leg0; Stock market_leg0","OK",NA
"sg_lasso","Germany","Revenues","2020-03-05",6065.8885493659,NA,0.0337379771960061,0.5,0.483790389258519,10,10,10,2020-03-01,-887,"Total revenues accrual","Y_lag1; Hours worked_leg0; Hourly earnings_leg0; IP_leg0; Business turnover index_leg0; ESI_leg0; Retail sales_leg0; Private consumption_leg0; Energy prices_leg0; Stock market_leg0","OK",NA
"sg_lasso","Germany","Revenues","2020-03-07",6124.96603833498,NA,0.0337379771960061,0.5,0.483790389258519,10,10,10,2020-03-01,-887,"Total revenues accrual","Y_lag1; Hours worked_leg0; Hourly earnings_leg0; IP_leg0; Business turnover index_leg0; ESI_leg0; Retail sales_leg0; Private consumption_leg0; Energy prices_leg0; Stock market_leg0","OK",NA
"sg_lasso","Germany","Revenues","2020-03-15",6054.80305795217,NA,0.0365203207241867,0.5,0.451185523675353,10,10,10,2020-03-01,5434,"Total revenues accrual","Y_lag1; Hours worked_leg0; Hourly earnings_leg0; IP_leg0; Business turnover index_leg0; ESI_leg0; Retail sales_leg0; Energy prices_leg0; Stock market_leg0; Cash revenues_leg0","OK",NA
"sg_lasso","Germany","Revenues","2020-03-26",5249.73245253701,NA,0.0332759560852716,0.5,0.462246459582371,9,9,9,2020-03-01,5434,"Total revenues accrual","Y_lag1; Hours worked_leg0; Hourly earnings_leg0; IP_leg0; Business turnover index_leg0; ESI_leg0; Retail sales_leg0; Energy prices_leg0; Stock market_leg0","OK",NA
"sg_lasso","Germany","Revenues","2020-03-27",5105.67859201787,NA,0.0332759560852716,0.5,0.46417477209294,9,9,9,2020-03-01,5434,"Total revenues accrual","Y_lag1; Hours worked_leg0; Hourly earnings_leg0; IP_leg0; Business turnover index_leg0; ESI_leg0; Retail sales_leg0; Energy prices_leg0; Stock market_leg0","OK",NA
"sg_lasso","Germany","Revenues","2020-04-01",9245.02981012864,NA,0.0332759560852716,0.5,0.46417477209294,9,9,9,2020-04-01,5434,"Total revenues accrual","Y_lag1; Hours worked_leg0; Hourly earnings_leg0; IP_leg0; Business turnover index_leg0; ESI_leg0; Retail sales_leg0; Energy prices_leg0; Stock market_leg0","OK",NA
"sg_lasso","Germany","Revenues","2020-04-03",9726.65868019921,NA,0.0332759560852716,0.5,0.46417477209294,9,9,9,2020-04-01,5434,"Total revenues accrual","Y_lag1; Hours worked_leg0; Hourly earnings_leg0; IP_leg0; Business turnover index_leg0; ESI_leg0; Retail sales_leg0; Energy prices_leg0; Stock market_leg0","OK",NA
"sg_lasso","Germany","Revenues","2020-04-05",9727.31805563424,NA,0.0332759560852716,0.5,0.46417477209294,9,9,9,2020-04-01,5434,"Total revenues accrual","Y_lag1; Hours worked_leg0; Hourly earnings_leg0; IP_leg0; Business turnover index_leg0; ESI_leg0; Retail sales_leg0; Energy prices_leg0; Stock market_leg0","OK",NA
"sg_lasso","Germany","Revenues","2020-04-15",9415.63576173254,NA,0.0332759560852716,0.5,0.46417477209294,9,9,9,2020-04-01,5434,"Total revenues accrual","Y_lag1; Hours worked_leg0; Hourly earnings_leg0; IP_leg0; Business turnover index_leg0; ESI_leg0; Retail sales_leg0; Energy prices_leg0; Stock market_leg0","OK",NA
"sg_lasso","Germany","Revenues","2020-04-27",9237.1984067332,NA,0.0332759560852716,0.5,0.46417477209294,9,9,9,2020-04-01,5434,"Total revenues accrual","Y_lag1; Hours worked_leg0; Hourly earnings_leg0; IP_leg0; Business turnover index_leg0; ESI_leg0; Retail sales_leg0; Energy prices_leg0; Stock market_leg0","OK",NA
"sg_lasso","Germany","Revenues","2020-04-30",5295.57329448039,NA,0.0332759560852716,0.5,0.46417477209294,9,9,9,2020-04-01,5434,"Total revenues accrual","Y_lag1; Hours worked_leg0; Hourly earnings_leg0; IP_leg0; Business turnover index_leg0; ESI_leg0; Retail sales_leg0; Energy prices_leg0; Stock market_leg0","OK",NA
"sg_lasso","Germany","Revenues","2020-05-01",8008.931312387,NA,0.0332759560852716,0.5,0.46417477209294,9,9,9,2020-05-01,5434,"Total revenues accrual","Y_lag1; Hours worked_leg0; Hourly earnings_leg0; IP_leg0; Business turnover index_leg0; ESI_leg0; Retail sales_leg0; Energy prices_leg0; Stock market_leg0","OK",NA
"sg_lasso","Germany","Revenues","2020-05-05",6950.21079283628,NA,0.0332759560852716,0.5,0.46417477209294,9,9,9,2020-05-01,5434,"Total revenues accrual","Y_lag1; Hours worked_leg0; Hourly earnings_leg0; IP_leg0; Business turnover index_leg0; ESI_leg0; Retail sales_leg0; Energy prices_leg0; Stock market_leg0","OK",NA
"sg_lasso","Germany","Revenues","2020-05-15",6884.45374447264,NA,0.0332759560852716,0.5,0.46417477209294,9,9,9,2020-05-01,5434,"Total revenues accrual","Y_lag1; Hours worked_leg0; Hourly earnings_leg0; IP_leg0; Business turnover index_leg0; ESI_leg0; Retail sales_leg0; Energy prices_leg0; Stock market_leg0","OK",NA
"sg_lasso","Germany","Revenues","2020-05-27",7343.29265732809,NA,0.0332759560852716,0.5,0.46417477209294,9,9,9,2020-05-01,5434,"Total revenues accrual","Y_lag1; Hours worked_leg0; Hourly earnings_leg0; IP_leg0; Business turnover index_leg0; ESI_leg0; Retail sales_leg0; Energy prices_leg0; Stock market_leg0","OK",NA
"sg_lasso","Germany","Revenues","2020-05-28",8212.90158290943,NA,0.0332759560852716,0.5,0.46417477209294,9,9,9,2020-05-01,5434,"Total revenues accrual","Y_lag1; Hours worked_leg0; Hourly earnings_leg0; IP_leg0; Business turnover index_leg0; ESI_leg0; Retail sales_leg0; Energy prices_leg0; Stock market_leg0","OK",NA
"sg_lasso","Germany","Revenues","2020-06-01",2574.72272317287,NA,0.0332759560852716,0.5,0.46417477209294,9,9,9,2020-06-01,5434,"Total revenues accrual","Y_lag1; Hours worked_leg0; Hourly earnings_leg0; IP_leg0; Business turnover index_leg0; ESI_leg0; Retail sales_leg0; Energy prices_leg0; Stock market_leg0","OK",NA
"sg_lasso","Germany","Revenues","2020-06-05",2218.49329046388,NA,0.0332759560852716,0.5,0.46417477209294,9,9,9,2020-06-01,5434,"Total revenues accrual","Y_lag1; Hours worked_leg0; Hourly earnings_leg0; IP_leg0; Business turnover index_leg0; ESI_leg0; Retail sales_leg0; Energy prices_leg0; Stock market_leg0","OK",NA
"sg_lasso","Germany","Revenues","2020-06-15",13026.6091094666,NA,0.770908195036017,0.5,0.119698395004438,2,2,2,2020-06-01,-34885,"Total revenues accrual","Y_lag1; Private consumption_leg0","OK",NA
"sg_lasso","Germany","Revenues","2020-06-25",13026.6091094666,NA,0.770908195036017,0.5,0.119698395004438,2,2,2,2020-06-01,-34885,"Total revenues accrual","Y_lag1; Private consumption_leg0","OK",NA
"sg_lasso","Germany","Revenues","2020-06-27",13026.6091094666,NA,0.770908195036017,0.5,0.119698395004438,2,2,2,2020-06-01,-34885,"Total revenues accrual","Y_lag1; Private consumption_leg0","OK",NA
"sg_lasso","Germany","Revenues","2020-07-01",13011.5016041047,NA,0.770908195036017,0.5,0.119698395004438,2,2,2,2020-07-01,-34885,"Total revenues accrual","Y_lag1; Private consumption_leg0","OK",NA
"sg_lasso","Germany","Revenues","2020-07-03",13011.5016041047,NA,0.770908195036017,0.5,0.119698395004438,2,2,2,2020-07-01,-34885,"Total revenues accrual","Y_lag1; Private consumption_leg0","OK",NA
"sg_lasso","Germany","Revenues","2020-07-05",13011.5016041047,NA,0.770908195036017,0.5,0.119698395004438,2,2,2,2020-07-01,-34885,"Total revenues accrual","Y_lag1; Private consumption_leg0","OK",NA
"sg_lasso","Germany","Revenues","2020-07-15",13011.5016041047,NA,0.770908195036017,0.5,0.119698395004438,2,2,2,2020-07-01,-34885,"Total revenues accrual","Y_lag1; Private consumption_leg0","OK",NA
"sg_lasso","Germany","Revenues","2020-07-27",13011.5016041047,NA,0.770908195036017,0.5,0.119698395004438,2,2,2,2020-07-01,-34885,"Total revenues accrual","Y_lag1; Private consumption_leg0","OK",NA
"sg_lasso","Germany","Revenues","2020-07-30",13011.5016041047,NA,0.770908195036017,0.5,0.119698395004438,2,2,2,2020-07-01,-34885,"Total revenues accrual","Y_lag1; Private consumption_leg0","OK",NA
"sg_lasso","Germany","Revenues","2020-08-01",12996.3940987427,NA,0.770908195036017,0.5,0.119698395004438,2,2,2,2020-08-01,-34885,"Total revenues accrual","Y_lag1; Private consumption_leg0","OK",NA
"sg_lasso","Germany","Revenues","2020-08-05",12996.3940987427,NA,0.770908195036017,0.5,0.119698395004438,2,2,2,2020-08-01,-34885,"Total revenues accrual","Y_lag1; Private consumption_leg0","OK",NA
"sg_lasso","Germany","Revenues","2020-08-06",12996.3940987427,NA,0.770908195036017,0.5,0.119698395004438,2,2,2,2020-08-01,-34885,"Total revenues accrual","Y_lag1; Private consumption_leg0","OK",NA
"sg_lasso","Germany","Revenues","2020-08-15",12996.3940987427,NA,0.770908195036017,0.5,0.119698395004438,2,2,2,2020-08-01,-34885,"Total revenues accrual","Y_lag1; Private consumption_leg0","OK",NA
"sg_lasso","Germany","Revenues","2020-08-27",12996.3940987427,NA,0.770908195036017,0.5,0.119698395004438,2,2,2,2020-08-01,-34885,"Total revenues accrual","Y_lag1; Private consumption_leg0","OK",NA
"sg_lasso","Germany","Revenues","2020-09-01",12996.3940987427,NA,0.770908195036017,0.5,0.119698395004438,2,2,2,2020-09-01,-34885,"Total revenues accrual","Y_lag1; Private consumption_leg0","OK",NA
"sg_lasso","Germany","Revenues","2020-09-02",12996.3940987427,NA,0.770908195036017,0.5,0.119698395004438,2,2,2,2020-09-01,-34885,"Total revenues accrual","Y_lag1; Private consumption_leg0","OK",NA
"sg_lasso","Germany","Revenues","2020-09-05",13042.940075456,NA,0.770908195036017,0.5,0.119698395004438,2,2,2,2020-09-01,-34885,"Total revenues accrual","Y_lag1; Private consumption_leg0","OK",NA
"sg_lasso","Germany","Revenues","2020-09-15",-2570.84282839945,NA,0.564829177880706,0.5,0.123796965217713,2,2,2,2020-09-01,11599,"Total revenues accrual","Y_lag1; Private consumption_leg0","OK",NA
"sg_lasso","Germany","Revenues","2020-09-24",-2440.78727299707,NA,0.56850751845648,0.5,0.123513422078718,2,2,2,2020-09-01,11599,"Total revenues accrual","Y_lag1; Private consumption_leg0","OK",NA
"sg_lasso","Germany","Revenues","2020-09-27",-2440.78727299707,NA,0.56850751845648,0.5,0.123513422078718,2,2,2,2020-09-01,11599,"Total revenues accrual","Y_lag1; Private consumption_leg0","OK",NA
"sg_lasso","Germany","Revenues","2020-10-01",1294.67998859665,NA,0.56850751845648,0.5,0.123513422078718,2,2,2,2020-10-01,11599,"Total revenues accrual","Y_lag1; Private consumption_leg0","OK",NA
"sg_lasso","Germany","Revenues","2020-10-04",1294.67998859665,NA,0.56850751845648,0.5,0.123513422078718,2,2,2,2020-10-01,11599,"Total revenues accrual","Y_lag1; Private consumption_leg0","OK",NA
"sg_lasso","Germany","Revenues","2020-10-05",1294.67998859665,NA,0.56850751845648,0.5,0.123513422078718,2,2,2,2020-10-01,11599,"Total revenues accrual","Y_lag1; Private consumption_leg0","OK",NA
"sg_lasso","Germany","Revenues","2020-10-15",1294.67998859665,NA,0.56850751845648,0.5,0.123513422078718,2,2,2,2020-10-01,11599,"Total revenues accrual","Y_lag1; Private consumption_leg0","OK",NA
"sg_lasso","Germany","Revenues","2020-10-27",1294.67998859665,NA,0.56850751845648,0.5,0.123513422078718,2,2,2,2020-10-01,11599,"Total revenues accrual","Y_lag1; Private consumption_leg0","OK",NA
"sg_lasso","Germany","Revenues","2020-10-29",1294.67998859665,NA,0.56850751845648,0.5,0.123513422078718,2,2,2,2020-10-01,11599,"Total revenues accrual","Y_lag1; Private consumption_leg0","OK",NA
"sg_lasso","Germany","Revenues","2020-11-01",5030.14725019036,NA,0.56850751845648,0.5,0.123513422078718,2,2,2,2020-11-01,11599,"Total revenues accrual","Y_lag1; Private consumption_leg0","OK",NA
"sg_lasso","Germany","Revenues","2020-11-05",5030.14725019036,NA,0.56850751845648,0.5,0.123513422078718,2,2,2,2020-11-01,11599,"Total revenues accrual","Y_lag1; Private consumption_leg0","OK",NA
"sg_lasso","Germany","Revenues","2020-11-07",5030.14725019036,NA,0.56850751845648,0.5,0.123513422078718,2,2,2,2020-11-01,11599,"Total revenues accrual","Y_lag1; Private consumption_leg0","OK",NA
"sg_lasso","Germany","Revenues","2020-11-15",5030.14725019036,NA,0.56850751845648,0.5,0.123513422078718,2,2,2,2020-11-01,11599,"Total revenues accrual","Y_lag1; Private consumption_leg0","OK",NA
"sg_lasso","Germany","Revenues","2020-11-26",5030.14725019036,NA,0.56850751845648,0.5,0.123513422078718,2,2,2,2020-11-01,11599,"Total revenues accrual","Y_lag1; Private consumption_leg0","OK",NA
"sg_lasso","Germany","Revenues","2020-11-27",5030.14725019036,NA,0.56850751845648,0.5,0.123513422078718,2,2,2,2020-11-01,11599,"Total revenues accrual","Y_lag1; Private consumption_leg0","OK",NA
"sg_lasso","Germany","Revenues","2020-12-01",5030.14725019036,NA,0.56850751845648,0.5,0.123513422078718,2,2,2,2020-12-01,11599,"Total revenues accrual","Y_lag1; Private consumption_leg0","OK",NA
"sg_lasso","Germany","Revenues","2020-12-02",5030.14725019036,NA,0.56850751845648,0.5,0.123513422078718,2,2,2,2020-12-01,11599,"Total revenues accrual","Y_lag1; Private consumption_leg0","OK",NA
"sg_lasso","Germany","Revenues","2020-12-05",3057.66945266311,NA,0.56850751845648,0.5,0.123513422078718,2,2,2,2020-12-01,11599,"Total revenues accrual","Y_lag1; Private consumption_leg0","OK",NA
"sg_lasso","Germany","Revenues","2020-12-15",10555.8432436594,NA,0.00396430716390241,0.5,0.181423053103333,12,12,12,2020-12-01,10842,"Total revenues accrual","Y_lag1; Payroll Mass_leg0; Hours worked_leg0; Hourly earnings_leg0; IP_leg0; ESI_leg0; Retail sales_leg0; Private consumption_leg0; HICPX_leg0; Energy prices_leg0; Stock market_leg0; Cash revenues_leg0","OK",NA
"sg_lasso","Germany","Revenues","2020-12-27",10702.6641719779,NA,0.0036121290415497,0.5,0.179348570984132,12,12,12,2020-12-01,10842,"Total revenues accrual","Y_lag1; Payroll Mass_leg0; Hours worked_leg0; Hourly earnings_leg0; IP_leg0; ESI_leg0; Retail sales_leg0; Private consumption_leg0; HICPX_leg0; Energy prices_leg0; Stock market_leg0; Cash revenues_leg0","OK",NA
"sg_lasso","Germany","Revenues","2020-12-31",10734.5623533195,NA,0.00362557399893672,0.5,0.17891875947887,12,12,12,2020-12-01,10842,"Total revenues accrual","Y_lag1; Payroll Mass_leg0; Hours worked_leg0; Hourly earnings_leg0; IP_leg0; ESI_leg0; Retail sales_leg0; Private consumption_leg0; HICPX_leg0; Energy prices_leg0; Stock market_leg0; Cash revenues_leg0","OK",NA
"sg_lasso","Germany","Revenues","2021-01-01",-5583.08873472919,NA,0.00362557399893672,0.5,0.17891875947887,12,12,12,2021-01-01,10842,"Total revenues accrual","Y_lag1; Payroll Mass_leg0; Hours worked_leg0; Hourly earnings_leg0; IP_leg0; ESI_leg0; Retail sales_leg0; Private consumption_leg0; HICPX_leg0; Energy prices_leg0; Stock market_leg0; Cash revenues_leg0","OK",NA
"sg_lasso","Germany","Revenues","2021-01-05",-2825.68481786103,NA,0.00362557399893672,0.5,0.17891875947887,12,12,12,2021-01-01,10842,"Total revenues accrual","Y_lag1; Payroll Mass_leg0; Hours worked_leg0; Hourly earnings_leg0; IP_leg0; ESI_leg0; Retail sales_leg0; Private consumption_leg0; HICPX_leg0; Energy prices_leg0; Stock market_leg0; Cash revenues_leg0","OK",NA
"sg_lasso","Germany","Revenues","2021-01-15",-4987.09510001769,NA,0.00362557399893672,0.5,0.17891875947887,12,12,12,2021-01-01,10842,"Total revenues accrual","Y_lag1; Payroll Mass_leg0; Hours worked_leg0; Hourly earnings_leg0; IP_leg0; ESI_leg0; Retail sales_leg0; Private consumption_leg0; HICPX_leg0; Energy prices_leg0; Stock market_leg0; Cash revenues_leg0","OK",NA
"sg_lasso","Germany","Revenues","2021-01-27",-3793.26278391486,NA,0.00362557399893672,0.5,0.17891875947887,12,12,12,2021-01-01,10842,"Total revenues accrual","Y_lag1; Payroll Mass_leg0; Hours worked_leg0; Hourly earnings_leg0; IP_leg0; ESI_leg0; Retail sales_leg0; Private consumption_leg0; HICPX_leg0; Energy prices_leg0; Stock market_leg0; Cash revenues_leg0","OK",NA
"sg_lasso","Germany","Revenues","2021-01-28",-4255.23841677942,NA,0.00362557399893672,0.5,0.17891875947887,12,12,12,2021-01-01,10842,"Total revenues accrual","Y_lag1; Payroll Mass_leg0; Hours worked_leg0; Hourly earnings_leg0; IP_leg0; ESI_leg0; Retail sales_leg0; Private consumption_leg0; HICPX_leg0; Energy prices_leg0; Stock market_leg0; Cash revenues_leg0","OK",NA
"sg_lasso","Germany","Revenues","2021-02-01",-15890.2041329636,NA,0.00362557399893672,0.5,0.17891875947887,12,12,12,2021-02-01,10842,"Total revenues accrual","Y_lag1; Payroll Mass_leg0; Hours worked_leg0; Hourly earnings_leg0; IP_leg0; ESI_leg0; Retail sales_leg0; Private consumption_leg0; HICPX_leg0; Energy prices_leg0; Stock market_leg0; Cash revenues_leg0","OK",NA
"sg_lasso","Germany","Revenues","2021-02-05",-15890.2041329636,NA,0.00362557399893672,0.5,0.17891875947887,12,12,12,2021-02-01,10842,"Total revenues accrual","Y_lag1; Payroll Mass_leg0; Hours worked_leg0; Hourly earnings_leg0; IP_leg0; ESI_leg0; Retail sales_leg0; Private consumption_leg0; HICPX_leg0; Energy prices_leg0; Stock market_leg0; Cash revenues_leg0","OK",NA
"sg_lasso","Germany","Revenues","2021-02-15",-16313.0922777225,NA,0.00362557399893672,0.5,0.17891875947887,12,12,12,2021-02-01,10842,"Total revenues accrual","Y_lag1; Payroll Mass_leg0; Hours worked_leg0; Hourly earnings_leg0; IP_leg0; ESI_leg0; Retail sales_leg0; Private consumption_leg0; HICPX_leg0; Energy prices_leg0; Stock market_leg0; Cash revenues_leg0","OK",NA
"sg_lasso","Germany","Revenues","2021-02-25",-15665.6251461159,NA,0.00362557399893672,0.5,0.17891875947887,12,12,12,2021-02-01,10842,"Total revenues accrual","Y_lag1; Payroll Mass_leg0; Hours worked_leg0; Hourly earnings_leg0; IP_leg0; ESI_leg0; Retail sales_leg0; Private consumption_leg0; HICPX_leg0; Energy prices_leg0; Stock market_leg0; Cash revenues_leg0","OK",NA
"sg_lasso","Germany","Revenues","2021-02-27",-16757.5097689036,NA,0.00362557399893672,0.5,0.17891875947887,12,12,12,2021-02-01,10842,"Total revenues accrual","Y_lag1; Payroll Mass_leg0; Hours worked_leg0; Hourly earnings_leg0; IP_leg0; ESI_leg0; Retail sales_leg0; Private consumption_leg0; HICPX_leg0; Energy prices_leg0; Stock market_leg0; Cash revenues_leg0","OK",NA
"sg_lasso","Germany","Revenues","2021-03-01",-19624.2265731396,NA,0.00362557399893672,0.5,0.17891875947887,12,12,12,2021-03-01,10842,"Total revenues accrual","Y_lag1; Payroll Mass_leg0; Hours worked_leg0; Hourly earnings_leg0; IP_leg0; ESI_leg0; Retail sales_leg0; Private consumption_leg0; HICPX_leg0; Energy prices_leg0; Stock market_leg0; Cash revenues_leg0","OK",NA
"sg_lasso","Germany","Revenues","2021-03-05",-19462.3937949083,NA,0.00362557399893672,0.5,0.17891875947887,12,12,12,2021-03-01,10842,"Total revenues accrual","Y_lag1; Payroll Mass_leg0; Hours worked_leg0; Hourly earnings_leg0; IP_leg0; ESI_leg0; Retail sales_leg0; Private consumption_leg0; HICPX_leg0; Energy prices_leg0; Stock market_leg0; Cash revenues_leg0","OK",NA
"sg_lasso","Germany","Revenues","2021-03-15",1081.5315928126,NA,0.52469137507191,0.5,0.181339293439955,3,3,3,2021-03-01,14210,"Total revenues accrual","Y_lag1; ESI_leg0; Private consumption_leg0","OK",NA
"sg_lasso","Germany","Revenues","2021-03-25",1328.44050031926,NA,0.535173081248248,0.5,0.183106057427148,3,3,3,2021-03-01,14210,"Total revenues accrual","Y_lag1; ESI_leg0; Private consumption_leg0","OK",NA
"sg_lasso","Germany","Revenues","2021-03-27",1328.44050031926,NA,0.535173081248248,0.5,0.183106057427148,3,3,3,2021-03-01,14210,"Total revenues accrual","Y_lag1; ESI_leg0; Private consumption_leg0","OK",NA
"sg_lasso","Germany","Revenues","2021-04-01",1383.18477223271,NA,0.535173081248248,0.5,0.183106057427148,3,3,3,2021-04-01,14210,"Total revenues accrual","Y_lag1; ESI_leg0; Private consumption_leg0","OK",NA
"sg_lasso","Germany","Revenues","2021-04-04",1383.18477223271,NA,0.535173081248248,0.5,0.183106057427148,3,3,3,2021-04-01,14210,"Total revenues accrual","Y_lag1; ESI_leg0; Private consumption_leg0","OK",NA
"sg_lasso","Germany","Revenues","2021-04-05",1383.18477223271,NA,0.535173081248248,0.5,0.183106057427148,3,3,3,2021-04-01,14210,"Total revenues accrual","Y_lag1; ESI_leg0; Private consumption_leg0","OK",NA
"sg_lasso","Germany","Revenues","2021-04-15",1383.18477223271,NA,0.535173081248248,0.5,0.183106057427148,3,3,3,2021-04-01,14210,"Total revenues accrual","Y_lag1; ESI_leg0; Private consumption_leg0","OK",NA
"sg_lasso","Germany","Revenues","2021-04-27",1383.18477223271,NA,0.535173081248248,0.5,0.183106057427148,3,3,3,2021-04-01,14210,"Total revenues accrual","Y_lag1; ESI_leg0; Private consumption_leg0","OK",NA
"sg_lasso","Germany","Revenues","2021-04-29",1382.40144924672,NA,0.535173081248248,0.5,0.183106057427148,3,3,3,2021-04-01,14210,"Total revenues accrual","Y_lag1; ESI_leg0; Private consumption_leg0","OK",NA
"sg_lasso","Germany","Revenues","2021-05-01",1416.9475686738,NA,0.535173081248248,0.5,0.183106057427148,3,3,3,2021-05-01,14210,"Total revenues accrual","Y_lag1; ESI_leg0; Private consumption_leg0","OK",NA
"sg_lasso","Germany","Revenues","2021-05-05",1416.9475686738,NA,0.535173081248248,0.5,0.183106057427148,3,3,3,2021-05-01,14210,"Total revenues accrual","Y_lag1; ESI_leg0; Private consumption_leg0","OK",NA
"sg_lasso","Germany","Revenues","2021-05-06",1416.9475686738,NA,0.535173081248248,0.5,0.183106057427148,3,3,3,2021-05-01,14210,"Total revenues accrual","Y_lag1; ESI_leg0; Private consumption_leg0","OK",NA
"sg_lasso","Germany","Revenues","2021-05-15",1416.9475686738,NA,0.535173081248248,0.5,0.183106057427148,3,3,3,2021-05-01,14210,"Total revenues accrual","Y_lag1; ESI_leg0; Private consumption_leg0","OK",NA
"sg_lasso","Germany","Revenues","2021-05-27",1438.14458809945,NA,0.535173081248248,0.5,0.183106057427148,3,3,3,2021-05-01,14210,"Total revenues accrual","Y_lag1; ESI_leg0; Private consumption_leg0","OK",NA
"sg_lasso","Germany","Revenues","2021-06-01",1458.55828453911,NA,0.535173081248248,0.5,0.183106057427148,3,3,3,2021-06-01,14210,"Total revenues accrual","Y_lag1; ESI_leg0; Private consumption_leg0","OK",NA
"sg_lasso","Germany","Revenues","2021-06-02",1458.55828453911,NA,0.535173081248248,0.5,0.183106057427148,3,3,3,2021-06-01,14210,"Total revenues accrual","Y_lag1; ESI_leg0; Private consumption_leg0","OK",NA
"sg_lasso","Germany","Revenues","2021-06-05",1504.48068426843,NA,0.535173081248248,0.5,0.183106057427148,3,3,3,2021-06-01,14210,"Total revenues accrual","Y_lag1; ESI_leg0; Private consumption_leg0","OK",NA
"sg_lasso","Germany","Revenues","2021-06-15",3939.86929676483,NA,0.511955014858672,0.5,0.185950369059248,3,3,3,2021-06-01,-1329,"Total revenues accrual","Y_lag1; ESI_leg0; Private consumption_leg0","OK",NA
"sg_lasso","Germany","Revenues","2021-06-24",3927.90394759295,NA,0.502575960151626,0.5,0.185922889580375,3,3,3,2021-06-01,-1329,"Total revenues accrual","Y_lag1; ESI_leg0; Private consumption_leg0","OK",NA
"sg_lasso","Germany","Revenues","2021-06-27",3927.90394759295,NA,0.502575960151626,0.5,0.185922889580375,3,3,3,2021-06-01,-1329,"Total revenues accrual","Y_lag1; ESI_leg0; Private consumption_leg0","OK",NA
"sg_lasso","Germany","Revenues","2021-07-01",4338.39059600755,NA,0.502575960151626,0.5,0.185922889580375,3,3,3,2021-07-01,-1329,"Total revenues accrual","Y_lag1; ESI_leg0; Private consumption_leg0","OK",NA
"sg_lasso","Germany","Revenues","2021-07-04",4338.39059600755,NA,0.502575960151626,0.5,0.185922889580375,3,3,3,2021-07-01,-1329,"Total revenues accrual","Y_lag1; ESI_leg0; Private consumption_leg0","OK",NA
"sg_lasso","Germany","Revenues","2021-07-05",4338.39059600755,NA,0.502575960151626,0.5,0.185922889580375,3,3,3,2021-07-01,-1329,"Total revenues accrual","Y_lag1; ESI_leg0; Private consumption_leg0","OK",NA
"sg_lasso","Germany","Revenues","2021-07-15",4338.39059600755,NA,0.502575960151626,0.5,0.185922889580375,3,3,3,2021-07-01,-1329,"Total revenues accrual","Y_lag1; ESI_leg0; Private consumption_leg0","OK",NA
"sg_lasso","Germany","Revenues","2021-07-27",4338.39059600755,NA,0.502575960151626,0.5,0.185922889580375,3,3,3,2021-07-01,-1329,"Total revenues accrual","Y_lag1; ESI_leg0; Private consumption_leg0","OK",NA
"sg_lasso","Germany","Revenues","2021-07-29",4339.28435747334,NA,0.502575960151626,0.5,0.185922889580375,3,3,3,2021-07-01,-1329,"Total revenues accrual","Y_lag1; ESI_leg0; Private consumption_leg0","OK",NA
"sg_lasso","Germany","Revenues","2021-08-01",4747.67914477126,NA,0.502575960151626,0.5,0.185922889580375,3,3,3,2021-08-01,-1329,"Total revenues accrual","Y_lag1; ESI_leg0; Private consumption_leg0","OK",NA
"sg_lasso","Germany","Revenues","2021-08-05",4747.67914477126,NA,0.502575960151626,0.5,0.185922889580375,3,3,3,2021-08-01,-1329,"Total revenues accrual","Y_lag1; ESI_leg0; Private consumption_leg0","OK",NA
"sg_lasso","Germany","Revenues","2021-08-07",4747.67914477126,NA,0.502575960151626,0.5,0.185922889580375,3,3,3,2021-08-01,-1329,"Total revenues accrual","Y_lag1; ESI_leg0; Private consumption_leg0","OK",NA
"sg_lasso","Germany","Revenues","2021-08-15",4747.67914477126,NA,0.502575960151626,0.5,0.185922889580375,3,3,3,2021-08-01,-1329,"Total revenues accrual","Y_lag1; ESI_leg0; Private consumption_leg0","OK",NA
"sg_lasso","Germany","Revenues","2021-08-26",4747.98718512437,NA,0.502575960151626,0.5,0.185922889580375,3,3,3,2021-08-01,-1329,"Total revenues accrual","Y_lag1; ESI_leg0; Private consumption_leg0","OK",NA
"sg_lasso","Germany","Revenues","2021-08-27",4747.98718512437,NA,0.502575960151626,0.5,0.185922889580375,3,3,3,2021-08-01,-1329,"Total revenues accrual","Y_lag1; ESI_leg0; Private consumption_leg0","OK",NA
"sg_lasso","Germany","Revenues","2021-09-01",4749.18898694328,NA,0.502575960151626,0.5,0.185922889580375,3,3,3,2021-09-01,-1329,"Total revenues accrual","Y_lag1; ESI_leg0; Private consumption_leg0","OK",NA
"sg_lasso","Germany","Revenues","2021-09-03",4749.18898694328,NA,0.502575960151626,0.5,0.185922889580375,3,3,3,2021-09-01,-1329,"Total revenues accrual","Y_lag1; ESI_leg0; Private consumption_leg0","OK",NA
"sg_lasso","Germany","Revenues","2021-09-05",4995.99536106014,NA,0.502575960151626,0.5,0.185922889580375,3,3,3,2021-09-01,-1329,"Total revenues accrual","Y_lag1; ESI_leg0; Private consumption_leg0","OK",NA
"sg_lasso","Germany","Revenues","2021-09-15",-347.557767965665,NA,0.565741858400074,0.5,0.170096099624898,2,2,2,2021-09-01,23907,"Total revenues accrual","Y_lag1; Private consumption_leg0","OK",NA
"sg_lasso","Germany","Revenues","2021-09-27",-347.557767965665,NA,0.565741858400074,0.5,0.170096099624898,2,2,2,2021-09-01,23907,"Total revenues accrual","Y_lag1; Private consumption_leg0","OK",NA
"sg_lasso","Germany","Revenues","2021-09-30",-365.683239127627,NA,0.567742379991197,0.5,0.170162615812508,2,2,2,2021-09-01,23907,"Total revenues accrual","Y_lag1; Private consumption_leg0","OK",NA
"sg_lasso","Germany","Revenues","2021-10-01",-138.398430706613,NA,0.567742379991197,0.5,0.170162615812508,2,2,2,2021-10-01,23907,"Total revenues accrual","Y_lag1; Private consumption_leg0","OK",NA
"sg_lasso","Germany","Revenues","2021-10-05",-138.398430706613,NA,0.567742379991197,0.5,0.170162615812508,2,2,2,2021-10-01,23907,"Total revenues accrual","Y_lag1; Private consumption_leg0","OK",NA
"sg_lasso","Germany","Revenues","2021-10-15",-138.398430706613,NA,0.567742379991197,0.5,0.170162615812508,2,2,2,2021-10-01,23907,"Total revenues accrual","Y_lag1; Private consumption_leg0","OK",NA
"sg_lasso","Germany","Revenues","2021-10-27",-138.398430706613,NA,0.567742379991197,0.5,0.170162615812508,2,2,2,2021-10-01,23907,"Total revenues accrual","Y_lag1; Private consumption_leg0","OK",NA
"sg_lasso","Germany","Revenues","2021-10-28",-138.398430706613,NA,0.567742379991197,0.5,0.170162615812508,2,2,2,2021-10-01,23907,"Total revenues accrual","Y_lag1; Private consumption_leg0","OK",NA
"sg_lasso","Germany","Revenues","2021-11-01",88.8863777144015,NA,0.567742379991197,0.5,0.170162615812508,2,2,2,2021-11-01,23907,"Total revenues accrual","Y_lag1; Private consumption_leg0","OK",NA
"sg_lasso","Germany","Revenues","2021-11-05",88.8863777144015,NA,0.567742379991197,0.5,0.170162615812508,2,2,2,2021-11-01,23907,"Total revenues accrual","Y_lag1; Private consumption_leg0","OK",NA
"sg_lasso","Germany","Revenues","2021-11-15",88.8863777144015,NA,0.567742379991197,0.5,0.170162615812508,2,2,2,2021-11-01,23907,"Total revenues accrual","Y_lag1; Private consumption_leg0","OK",NA
"sg_lasso","Germany","Revenues","2021-11-25",88.8863777144015,NA,0.567742379991197,0.5,0.170162615812508,2,2,2,2021-11-01,23907,"Total revenues accrual","Y_lag1; Private consumption_leg0","OK",NA
"sg_lasso","Germany","Revenues","2021-11-27",88.8863777144015,NA,0.567742379991197,0.5,0.170162615812508,2,2,2,2021-11-01,23907,"Total revenues accrual","Y_lag1; Private consumption_leg0","OK",NA
"sg_lasso","Germany","Revenues","2021-12-01",88.8863777144015,NA,0.567742379991197,0.5,0.170162615812508,2,2,2,2021-12-01,23907,"Total revenues accrual","Y_lag1; Private consumption_leg0","OK",NA
"sg_lasso","Germany","Revenues","2021-12-03",88.8863777144015,NA,0.567742379991197,0.5,0.170162615812508,2,2,2,2021-12-01,23907,"Total revenues accrual","Y_lag1; Private consumption_leg0","OK",NA
"sg_lasso","Germany","Revenues","2021-12-05",-209.604168002538,NA,0.567742379991197,0.5,0.170162615812508,2,2,2,2021-12-01,23907,"Total revenues accrual","Y_lag1; Private consumption_leg0","OK",NA
"sg_lasso","Germany","Revenues","2021-12-15",20089.6649723765,NA,0.0108487342612551,0.5,0.318663127977929,12,12,12,2021-12-01,15031,"Total revenues accrual","Y_lag1; Payroll Mass_leg0; Hours worked_leg0; Hourly earnings_leg0; IP_leg0; Business turnover index_leg0; ESI_leg0; Retail sales_leg0; Private consumption_leg0; Energy prices_leg0; Stock market_leg0; Cash revenues_leg0","OK",NA
"sg_lasso","Germany","Revenues","2021-12-27",19645.9951435758,NA,0.0090068097756892,0.5,0.306230152970945,12,12,12,2021-12-01,15031,"Total revenues accrual","Y_lag1; Payroll Mass_leg0; Hours worked_leg0; Hourly earnings_leg0; IP_leg0; Business turnover index_leg0; ESI_leg0; Retail sales_leg0; Private consumption_leg0; Energy prices_leg0; Stock market_leg0; Cash revenues_leg0","OK",NA
"sg_lasso","Germany","Revenues","2021-12-30",19549.5593032652,NA,0.0089977728576442,0.5,0.304778381559198,12,12,12,2021-12-01,15031,"Total revenues accrual","Y_lag1; Payroll Mass_leg0; Hours worked_leg0; Hourly earnings_leg0; IP_leg0; Business turnover index_leg0; ESI_leg0; Retail sales_leg0; Private consumption_leg0; Energy prices_leg0; Stock market_leg0; Cash revenues_leg0","OK",NA
"sg_lasso","Germany","Revenues","2022-01-01",7863.27685429961,NA,0.0089977728576442,0.5,0.304778381559198,12,12,12,2022-01-01,15031,"Total revenues accrual","Y_lag1; Payroll Mass_leg0; Hours worked_leg0; Hourly earnings_leg0; IP_leg0; Business turnover index_leg0; ESI_leg0; Retail sales_leg0; Private consumption_leg0; Energy prices_leg0; Stock market_leg0; Cash revenues_leg0","OK",NA
"sg_lasso","Germany","Revenues","2022-01-05",7633.794024357,NA,0.0089977728576442,0.5,0.304778381559198,12,12,12,2022-01-01,15031,"Total revenues accrual","Y_lag1; Payroll Mass_leg0; Hours worked_leg0; Hourly earnings_leg0; IP_leg0; Business turnover index_leg0; ESI_leg0; Retail sales_leg0; Private consumption_leg0; Energy prices_leg0; Stock market_leg0; Cash revenues_leg0","OK",NA
"sg_lasso","Germany","Revenues","2022-01-06",7482.58178867997,NA,0.0089977728576442,0.5,0.304778381559198,12,12,12,2022-01-01,15031,"Total revenues accrual","Y_lag1; Payroll Mass_leg0; Hours worked_leg0; Hourly earnings_leg0; IP_leg0; Business turnover index_leg0; ESI_leg0; Retail sales_leg0; Private consumption_leg0; Energy prices_leg0; Stock market_leg0; Cash revenues_leg0","OK",NA
"sg_lasso","Germany","Revenues","2022-01-15",8252.45748363445,NA,0.0089977728576442,0.5,0.304778381559198,12,12,12,2022-01-01,15031,"Total revenues accrual","Y_lag1; Payroll Mass_leg0; Hours worked_leg0; Hourly earnings_leg0; IP_leg0; Business turnover index_leg0; ESI_leg0; Retail sales_leg0; Private consumption_leg0; Energy prices_leg0; Stock market_leg0; Cash revenues_leg0","OK",NA
"sg_lasso","Germany","Revenues","2022-01-27",16120.972666407,NA,0.0089977728576442,0.5,0.304778381559198,12,12,12,2022-01-01,15031,"Total revenues accrual","Y_lag1; Payroll Mass_leg0; Hours worked_leg0; Hourly earnings_leg0; IP_leg0; Business turnover index_leg0; ESI_leg0; Retail sales_leg0; Private consumption_leg0; Energy prices_leg0; Stock market_leg0; Cash revenues_leg0","OK",NA
"sg_lasso","Germany","Revenues","2022-02-01",13782.0300126036,NA,0.0089977728576442,0.5,0.304778381559198,12,12,12,2022-02-01,15031,"Total revenues accrual","Y_lag1; Payroll Mass_leg0; Hours worked_leg0; Hourly earnings_leg0; IP_leg0; Business turnover index_leg0; ESI_leg0; Retail sales_leg0; Private consumption_leg0; Energy prices_leg0; Stock market_leg0; Cash revenues_leg0","OK",NA
"sg_lasso","Germany","Revenues","2022-02-02",13734.9646795332,NA,0.0089977728576442,0.5,0.304778381559198,12,12,12,2022-02-01,15031,"Total revenues accrual","Y_lag1; Payroll Mass_leg0; Hours worked_leg0; Hourly earnings_leg0; IP_leg0; Business turnover index_leg0; ESI_leg0; Retail sales_leg0; Private consumption_leg0; Energy prices_leg0; Stock market_leg0; Cash revenues_leg0","OK",NA
"sg_lasso","Germany","Revenues","2022-02-05",13677.215075367,NA,0.0089977728576442,0.5,0.304778381559198,12,12,12,2022-02-01,15031,"Total revenues accrual","Y_lag1; Payroll Mass_leg0; Hours worked_leg0; Hourly earnings_leg0; IP_leg0; Business turnover index_leg0; ESI_leg0; Retail sales_leg0; Private consumption_leg0; Energy prices_leg0; Stock market_leg0; Cash revenues_leg0","OK",NA
"sg_lasso","Germany","Revenues","2022-02-15",14028.062512466,NA,0.0089977728576442,0.5,0.304778381559198,12,12,12,2022-02-01,15031,"Total revenues accrual","Y_lag1; Payroll Mass_leg0; Hours worked_leg0; Hourly earnings_leg0; IP_leg0; Business turnover index_leg0; ESI_leg0; Retail sales_leg0; Private consumption_leg0; Energy prices_leg0; Stock market_leg0; Cash revenues_leg0","OK",NA
"sg_lasso","Germany","Revenues","2022-02-24",14240.0320669214,NA,0.0089977728576442,0.5,0.304778381559198,12,12,12,2022-02-01,15031,"Total revenues accrual","Y_lag1; Payroll Mass_leg0; Hours worked_leg0; Hourly earnings_leg0; IP_leg0; Business turnover index_leg0; ESI_leg0; Retail sales_leg0; Private consumption_leg0; Energy prices_leg0; Stock market_leg0; Cash revenues_leg0","OK",NA
"sg_lasso","Germany","Revenues","2022-02-27",10494.0137519524,NA,0.0089977728576442,0.5,0.304778381559198,12,12,12,2022-02-01,15031,"Total revenues accrual","Y_lag1; Payroll Mass_leg0; Hours worked_leg0; Hourly earnings_leg0; IP_leg0; Business turnover index_leg0; ESI_leg0; Retail sales_leg0; Private consumption_leg0; Energy prices_leg0; Stock market_leg0; Cash revenues_leg0","OK",NA
"sg_lasso","Germany","Revenues","2022-03-01",15474.9014511247,NA,0.0089977728576442,0.5,0.304778381559198,12,12,12,2022-03-01,15031,"Total revenues accrual","Y_lag1; Payroll Mass_leg0; Hours worked_leg0; Hourly earnings_leg0; IP_leg0; Business turnover index_leg0; ESI_leg0; Retail sales_leg0; Private consumption_leg0; Energy prices_leg0; Stock market_leg0; Cash revenues_leg0","OK",NA
"sg_lasso","Germany","Revenues","2022-03-02",15410.4783009533,NA,0.0089977728576442,0.5,0.304778381559198,12,12,12,2022-03-01,15031,"Total revenues accrual","Y_lag1; Payroll Mass_leg0; Hours worked_leg0; Hourly earnings_leg0; IP_leg0; Business turnover index_leg0; ESI_leg0; Retail sales_leg0; Private consumption_leg0; Energy prices_leg0; Stock market_leg0; Cash revenues_leg0","OK",NA
"sg_lasso","Germany","Revenues","2022-03-05",17546.0242667422,NA,0.0089977728576442,0.5,0.304778381559198,12,12,12,2022-03-01,15031,"Total revenues accrual","Y_lag1; Payroll Mass_leg0; Hours worked_leg0; Hourly earnings_leg0; IP_leg0; Business turnover index_leg0; ESI_leg0; Retail sales_leg0; Private consumption_leg0; Energy prices_leg0; Stock market_leg0; Cash revenues_leg0","OK",NA
"sg_lasso","Germany","Revenues","2022-03-15",15394.675415222,NA,0.00938825816128011,0.5,0.374694685714227,13,13,13,2022-03-01,1929,"Total revenues accrual","Y_lag1; Payroll Mass_leg0; Hours worked_leg0; Hourly earnings_leg0; IP_leg0; Business turnover index_leg0; ESI_leg0; Retail sales_leg0; Private consumption_leg0; HICPX_leg0; Energy prices_leg0; Stock market_leg0; Cash revenues_leg0","OK",NA
"sg_lasso","Germany","Revenues","2022-03-27",14387.8326310006,NA,0.00938825816128011,0.5,0.414547964481347,12,12,12,2022-03-01,1929,"Total revenues accrual","Y_lag1; Payroll Mass_leg0; Hours worked_leg0; Hourly earnings_leg0; IP_leg0; ESI_leg0; Retail sales_leg0; Private consumption_leg0; HICPX_leg0; Energy prices_leg0; Stock market_leg0; Cash revenues_leg0","OK",NA
"sg_lasso","Germany","Revenues","2022-03-31",14044.4058658013,NA,0.00953241158257071,0.5,0.445816316617438,12,12,12,2022-03-01,1929,"Total revenues accrual","Y_lag1; Payroll Mass_leg0; Hours worked_leg0; Hourly earnings_leg0; IP_leg0; ESI_leg0; Retail sales_leg0; Private consumption_leg0; HICPX_leg0; Energy prices_leg0; Stock market_leg0; Cash revenues_leg0","OK",NA
"sg_lasso","Germany","Revenues","2022-04-01",21684.0640024992,NA,0.00953241158257071,0.5,0.445816316617438,12,12,12,2022-04-01,1929,"Total revenues accrual","Y_lag1; Payroll Mass_leg0; Hours worked_leg0; Hourly earnings_leg0; IP_leg0; ESI_leg0; Retail sales_leg0; Private consumption_leg0; HICPX_leg0; Energy prices_leg0; Stock market_leg0; Cash revenues_leg0","OK",NA
"sg_lasso","Germany","Revenues","2022-04-05",22545.0020748958,NA,0.00953241158257071,0.5,0.445816316617438,12,12,12,2022-04-01,1929,"Total revenues accrual","Y_lag1; Payroll Mass_leg0; Hours worked_leg0; Hourly earnings_leg0; IP_leg0; ESI_leg0; Retail sales_leg0; Private consumption_leg0; HICPX_leg0; Energy prices_leg0; Stock market_leg0; Cash revenues_leg0","OK",NA
"sg_lasso","Germany","Revenues","2022-04-15",22569.4869356561,NA,0.00953241158257071,0.5,0.445816316617438,12,12,12,2022-04-01,1929,"Total revenues accrual","Y_lag1; Payroll Mass_leg0; Hours worked_leg0; Hourly earnings_leg0; IP_leg0; ESI_leg0; Retail sales_leg0; Private consumption_leg0; HICPX_leg0; Energy prices_leg0; Stock market_leg0; Cash revenues_leg0","OK",NA
"sg_lasso","Germany","Revenues","2022-04-27",19003.3164787242,NA,0.00953241158257071,0.5,0.445816316617438,12,12,12,2022-04-01,1929,"Total revenues accrual","Y_lag1; Payroll Mass_leg0; Hours worked_leg0; Hourly earnings_leg0; IP_leg0; ESI_leg0; Retail sales_leg0; Private consumption_leg0; HICPX_leg0; Energy prices_leg0; Stock market_leg0; Cash revenues_leg0","OK",NA
"sg_lasso","Germany","Revenues","2022-04-28",18912.6299257937,NA,0.00953241158257071,0.5,0.445816316617438,12,12,12,2022-04-01,1929,"Total revenues accrual","Y_lag1; Payroll Mass_leg0; Hours worked_leg0; Hourly earnings_leg0; IP_leg0; ESI_leg0; Retail sales_leg0; Private consumption_leg0; HICPX_leg0; Energy prices_leg0; Stock market_leg0; Cash revenues_leg0","OK",NA
"sg_lasso","Germany","Revenues","2022-05-01",19368.5528483321,NA,0.00953241158257071,0.5,0.445816316617438,12,12,12,2022-05-01,1929,"Total revenues accrual","Y_lag1; Payroll Mass_leg0; Hours worked_leg0; Hourly earnings_leg0; IP_leg0; ESI_leg0; Retail sales_leg0; Private consumption_leg0; HICPX_leg0; Energy prices_leg0; Stock market_leg0; Cash revenues_leg0","OK",NA
"sg_lasso","Germany","Revenues","2022-05-05",19368.5528483321,NA,0.00953241158257071,0.5,0.445816316617438,12,12,12,2022-05-01,1929,"Total revenues accrual","Y_lag1; Payroll Mass_leg0; Hours worked_leg0; Hourly earnings_leg0; IP_leg0; ESI_leg0; Retail sales_leg0; Private consumption_leg0; HICPX_leg0; Energy prices_leg0; Stock market_leg0; Cash revenues_leg0","OK",NA
"sg_lasso","Germany","Revenues","2022-05-07",19437.1243043756,NA,0.00953241158257071,0.5,0.445816316617438,12,12,12,2022-05-01,1929,"Total revenues accrual","Y_lag1; Payroll Mass_leg0; Hours worked_leg0; Hourly earnings_leg0; IP_leg0; ESI_leg0; Retail sales_leg0; Private consumption_leg0; HICPX_leg0; Energy prices_leg0; Stock market_leg0; Cash revenues_leg0","OK",NA
"sg_lasso","Germany","Revenues","2022-05-15",19540.8112214372,NA,0.00953241158257071,0.5,0.445816316617438,12,12,12,2022-05-01,1929,"Total revenues accrual","Y_lag1; Payroll Mass_leg0; Hours worked_leg0; Hourly earnings_leg0; IP_leg0; ESI_leg0; Retail sales_leg0; Private consumption_leg0; HICPX_leg0; Energy prices_leg0; Stock market_leg0; Cash revenues_leg0","OK",NA
"sg_lasso","Germany","Revenues","2022-05-26",19637.6843439486,NA,0.00953241158257071,0.5,0.445816316617438,12,12,12,2022-05-01,1929,"Total revenues accrual","Y_lag1; Payroll Mass_leg0; Hours worked_leg0; Hourly earnings_leg0; IP_leg0; ESI_leg0; Retail sales_leg0; Private consumption_leg0; HICPX_leg0; Energy prices_leg0; Stock market_leg0; Cash revenues_leg0","OK",NA
"sg_lasso","Germany","Revenues","2022-05-27",21259.3805045403,NA,0.00953241158257071,0.5,0.445816316617438,12,12,12,2022-05-01,1929,"Total revenues accrual","Y_lag1; Payroll Mass_leg0; Hours worked_leg0; Hourly earnings_leg0; IP_leg0; ESI_leg0; Retail sales_leg0; Private consumption_leg0; HICPX_leg0; Energy prices_leg0; Stock market_leg0; Cash revenues_leg0","OK",NA
"sg_lasso","Germany","Revenues","2022-06-01",20897.2127068683,NA,0.00953241158257071,0.5,0.445816316617438,12,12,12,2022-06-01,1929,"Total revenues accrual","Y_lag1; Payroll Mass_leg0; Hours worked_leg0; Hourly earnings_leg0; IP_leg0; ESI_leg0; Retail sales_leg0; Private consumption_leg0; HICPX_leg0; Energy prices_leg0; Stock market_leg0; Cash revenues_leg0","OK",NA
"sg_lasso","Germany","Revenues","2022-06-03",21257.7087057786,NA,0.00953241158257071,0.5,0.445816316617438,12,12,12,2022-06-01,1929,"Total revenues accrual","Y_lag1; Payroll Mass_leg0; Hours worked_leg0; Hourly earnings_leg0; IP_leg0; ESI_leg0; Retail sales_leg0; Private consumption_leg0; HICPX_leg0; Energy prices_leg0; Stock market_leg0; Cash revenues_leg0","OK",NA
"sg_lasso","Germany","Revenues","2022-06-05",20004.797476653,NA,0.00953241158257071,0.5,0.445816316617438,12,12,12,2022-06-01,1929,"Total revenues accrual","Y_lag1; Payroll Mass_leg0; Hours worked_leg0; Hourly earnings_leg0; IP_leg0; ESI_leg0; Retail sales_leg0; Private consumption_leg0; HICPX_leg0; Energy prices_leg0; Stock market_leg0; Cash revenues_leg0","OK",NA
"sg_lasso","Germany","Revenues","2022-06-15",4287.50374072281,NA,0.55421308070244,0.5,0.699017910302496,2,2,2,2022-06-01,-1799,"Total revenues accrual","Y_lag1; ESI_leg0","OK",NA
"sg_lasso","Germany","Revenues","2022-06-27",4287.50374072281,NA,0.55421308070244,0.5,0.699017910302496,2,2,2,2022-06-01,-1799,"Total revenues accrual","Y_lag1; ESI_leg0","OK",NA
"sg_lasso","Germany","Revenues","2022-06-30",4275.98070193667,NA,0.555762274620033,0.5,0.699180358940289,2,2,2,2022-06-01,-1799,"Total revenues accrual","Y_lag1; ESI_leg0","OK",NA
"sg_lasso","Germany","Revenues","2022-07-01",4268.13426540961,NA,0.555762274620033,0.5,0.699180358940289,2,2,2,2022-07-01,-1799,"Total revenues accrual","Y_lag1; ESI_leg0","OK",NA
"sg_lasso","Germany","Revenues","2022-07-05",4268.13426540961,NA,0.555762274620033,0.5,0.699180358940289,2,2,2,2022-07-01,-1799,"Total revenues accrual","Y_lag1; ESI_leg0","OK",NA
"sg_lasso","Germany","Revenues","2022-07-15",4268.13426540961,NA,0.555762274620033,0.5,0.699180358940289,2,2,2,2022-07-01,-1799,"Total revenues accrual","Y_lag1; ESI_leg0","OK",NA
"sg_lasso","Germany","Revenues","2022-07-27",4268.13426540961,NA,0.555762274620033,0.5,0.699180358940289,2,2,2,2022-07-01,-1799,"Total revenues accrual","Y_lag1; ESI_leg0","OK",NA
"sg_lasso","Germany","Revenues","2022-07-28",4227.16564277116,NA,0.555762274620033,0.5,0.699180358940289,2,2,2,2022-07-01,-1799,"Total revenues accrual","Y_lag1; ESI_leg0","OK",NA
"sg_lasso","Germany","Revenues","2022-08-01",4173.72486239805,NA,0.555762274620033,0.5,0.699180358940289,2,2,2,2022-08-01,-1799,"Total revenues accrual","Y_lag1; ESI_leg0","OK",NA
"sg_lasso","Germany","Revenues","2022-08-05",4173.72486239805,NA,0.555762274620033,0.5,0.699180358940289,2,2,2,2022-08-01,-1799,"Total revenues accrual","Y_lag1; ESI_leg0","OK",NA
"sg_lasso","Germany","Revenues","2022-08-15",4173.72486239805,NA,0.555762274620033,0.5,0.699180358940289,2,2,2,2022-08-01,-1799,"Total revenues accrual","Y_lag1; ESI_leg0","OK",NA
"sg_lasso","Germany","Revenues","2022-08-25",4162.06688937493,NA,0.555762274620033,0.5,0.699180358940289,2,2,2,2022-08-01,-1799,"Total revenues accrual","Y_lag1; ESI_leg0","OK",NA
"sg_lasso","Germany","Revenues","2022-08-27",4162.06688937493,NA,0.555762274620033,0.5,0.699180358940289,2,2,2,2022-08-01,-1799,"Total revenues accrual","Y_lag1; ESI_leg0","OK",NA
"sg_lasso","Germany","Revenues","2022-09-01",4109.44029371335,NA,0.555762274620033,0.5,0.699180358940289,2,2,2,2022-09-01,-1799,"Total revenues accrual","Y_lag1; ESI_leg0","OK",NA
"sg_lasso","Germany","Revenues","2022-09-04",4109.44029371335,NA,0.555762274620033,0.5,0.699180358940289,2,2,2,2022-09-01,-1799,"Total revenues accrual","Y_lag1; ESI_leg0","OK",NA
"sg_lasso","Germany","Revenues","2022-09-05",4109.44029371335,NA,0.555762274620033,0.5,0.699180358940289,2,2,2,2022-09-01,-1799,"Total revenues accrual","Y_lag1; ESI_leg0","OK",NA
"sg_lasso","Germany","Revenues","2022-09-15",3363.70056284264,NA,0.553130480960265,0.5,0.727032604538875,2,2,2,2022-09-01,6533,"Total revenues accrual","Y_lag1; ESI_leg0","OK",NA
"sg_lasso","Germany","Revenues","2022-09-27",3363.70056284264,NA,0.553130480960265,0.5,0.727032604538875,2,2,2,2022-09-01,6533,"Total revenues accrual","Y_lag1; ESI_leg0","OK",NA
"sg_lasso","Germany","Revenues","2022-09-29",3328.23470676098,NA,0.551122059328129,0.5,0.728437879855465,2,2,2,2022-09-01,6533,"Total revenues accrual","Y_lag1; ESI_leg0","OK",NA
"sg_lasso","Germany","Revenues","2022-10-01",3280.25449288418,NA,0.551122059328129,0.5,0.728437879855465,2,2,2,2022-10-01,6533,"Total revenues accrual","Y_lag1; ESI_leg0","OK",NA
"sg_lasso","Germany","Revenues","2022-10-05",3280.25449288418,NA,0.551122059328129,0.5,0.728437879855465,2,2,2,2022-10-01,6533,"Total revenues accrual","Y_lag1; ESI_leg0","OK",NA
"sg_lasso","Germany","Revenues","2022-10-06",3280.25449288418,NA,0.551122059328129,0.5,0.728437879855465,2,2,2,2022-10-01,6533,"Total revenues accrual","Y_lag1; ESI_leg0","OK",NA
"sg_lasso","Germany","Revenues","2022-10-15",3280.25449288418,NA,0.551122059328129,0.5,0.728437879855465,2,2,2,2022-10-01,6533,"Total revenues accrual","Y_lag1; ESI_leg0","OK",NA
"sg_lasso","Germany","Revenues","2022-10-27",3268.55863532786,NA,0.551122059328129,0.5,0.728437879855465,2,2,2,2022-10-01,6533,"Total revenues accrual","Y_lag1; ESI_leg0","OK",NA
"sg_lasso","Germany","Revenues","2022-11-01",3221.45658212121,NA,0.551122059328129,0.5,0.728437879855465,2,2,2,2022-11-01,6533,"Total revenues accrual","Y_lag1; ESI_leg0","OK",NA
"sg_lasso","Germany","Revenues","2022-11-02",3221.45658212121,NA,0.551122059328129,0.5,0.728437879855465,2,2,2,2022-11-01,6533,"Total revenues accrual","Y_lag1; ESI_leg0","OK",NA
"sg_lasso","Germany","Revenues","2022-11-05",3221.45658212121,NA,0.551122059328129,0.5,0.728437879855465,2,2,2,2022-11-01,6533,"Total revenues accrual","Y_lag1; ESI_leg0","OK",NA
"sg_lasso","Germany","Revenues","2022-11-15",3221.45658212121,NA,0.551122059328129,0.5,0.728437879855465,2,2,2,2022-11-01,6533,"Total revenues accrual","Y_lag1; ESI_leg0","OK",NA
"sg_lasso","Germany","Revenues","2022-11-24",3233.47106265892,NA,0.551122059328129,0.5,0.728437879855465,2,2,2,2022-11-01,6533,"Total revenues accrual","Y_lag1; ESI_leg0","OK",NA
"sg_lasso","Germany","Revenues","2022-11-27",3233.47106265892,NA,0.551122059328129,0.5,0.728437879855465,2,2,2,2022-11-01,6533,"Total revenues accrual","Y_lag1; ESI_leg0","OK",NA
"sg_lasso","Germany","Revenues","2022-12-01",3233.78968564032,NA,0.551122059328129,0.5,0.728437879855465,2,2,2,2022-12-01,6533,"Total revenues accrual","Y_lag1; ESI_leg0","OK",NA
"sg_lasso","Germany","Revenues","2022-12-04",3233.78968564032,NA,0.551122059328129,0.5,0.728437879855465,2,2,2,2022-12-01,6533,"Total revenues accrual","Y_lag1; ESI_leg0","OK",NA
"sg_lasso","Germany","Revenues","2022-12-05",3233.78968564032,NA,0.551122059328129,0.5,0.728437879855465,2,2,2,2022-12-01,6533,"Total revenues accrual","Y_lag1; ESI_leg0","OK",NA
"sg_lasso","Germany","Revenues","2022-12-15",3296.18595095488,NA,0.538704324661729,0.5,0.724357146850471,2,2,2,2022-12-01,6916,"Total revenues accrual","Y_lag1; ESI_leg0","OK",NA
"sg_lasso","Germany","Revenues","2022-12-27",3296.18595095488,NA,0.538704324661729,0.5,0.724357146850471,2,2,2,2022-12-01,6916,"Total revenues accrual","Y_lag1; ESI_leg0","OK",NA
"sg_lasso","Germany","Revenues","2022-12-29",3312.98533828609,NA,0.540455409103802,0.5,0.724634255214874,2,2,2,2022-12-01,6916,"Total revenues accrual","Y_lag1; ESI_leg0","OK",NA
"sg_lasso","Germany","Revenues","2023-01-01",3342.56000682394,NA,0.540455409103802,0.5,0.724634255214874,2,2,2,2023-01-01,6916,"Total revenues accrual","Y_lag1; ESI_leg0","OK",NA
"sg_lasso","Germany","Revenues","2023-01-05",3342.56000682394,NA,0.540455409103802,0.5,0.724634255214874,2,2,2,2023-01-01,6916,"Total revenues accrual","Y_lag1; ESI_leg0","OK",NA
"sg_lasso","Germany","Revenues","2023-01-07",3342.56000682394,NA,0.540455409103802,0.5,0.724634255214874,2,2,2,2023-01-01,6916,"Total revenues accrual","Y_lag1; ESI_leg0","OK",NA
"sg_lasso","Germany","Revenues","2023-01-15",3342.56000682394,NA,0.540455409103802,0.5,0.724634255214874,2,2,2,2023-01-01,6916,"Total revenues accrual","Y_lag1; ESI_leg0","OK",NA
"sg_lasso","Germany","Revenues","2023-01-26",3360.1939660684,NA,0.540455409103802,0.5,0.724634255214874,2,2,2,2023-01-01,6916,"Total revenues accrual","Y_lag1; ESI_leg0","OK",NA
"sg_lasso","Germany","Revenues","2023-01-27",3360.1939660684,NA,0.540455409103802,0.5,0.724634255214874,2,2,2,2023-01-01,6916,"Total revenues accrual","Y_lag1; ESI_leg0","OK",NA
"sg_lasso","Germany","Revenues","2023-02-01",3396.27520597891,NA,0.540455409103802,0.5,0.724634255214874,2,2,2,2023-02-01,6916,"Total revenues accrual","Y_lag1; ESI_leg0","OK",NA
"sg_lasso","Germany","Revenues","2023-02-03",3396.27520597891,NA,0.540455409103802,0.5,0.724634255214874,2,2,2,2023-02-01,6916,"Total revenues accrual","Y_lag1; ESI_leg0","OK",NA
"sg_lasso","Germany","Revenues","2023-02-05",3396.27520597891,NA,0.540455409103802,0.5,0.724634255214874,2,2,2,2023-02-01,6916,"Total revenues accrual","Y_lag1; ESI_leg0","OK",NA
"sg_lasso","Germany","Revenues","2023-02-15",3396.27520597891,NA,0.540455409103802,0.5,0.724634255214874,2,2,2,2023-02-01,6916,"Total revenues accrual","Y_lag1; ESI_leg0","OK",NA
"sg_lasso","Germany","Revenues","2023-02-23",3395.20277252697,NA,0.540455409103802,0.5,0.724634255214874,2,2,2,2023-02-01,6916,"Total revenues accrual","Y_lag1; ESI_leg0","OK",NA
"sg_lasso","Germany","Revenues","2023-02-27",3395.20277252697,NA,0.540455409103802,0.5,0.724634255214874,2,2,2,2023-02-01,6916,"Total revenues accrual","Y_lag1; ESI_leg0","OK",NA
"sg_lasso","Germany","Revenues","2023-03-01",3411.7642983195,NA,0.540455409103802,0.5,0.724634255214874,2,2,2,2023-03-01,6916,"Total revenues accrual","Y_lag1; ESI_leg0","OK",NA
"sg_lasso","Germany","Revenues","2023-03-03",3411.7642983195,NA,0.540455409103802,0.5,0.724634255214874,2,2,2,2023-03-01,6916,"Total revenues accrual","Y_lag1; ESI_leg0","OK",NA
"sg_lasso","Germany","Revenues","2023-03-05",3411.7642983195,NA,0.540455409103802,0.5,0.724634255214874,2,2,2,2023-03-01,6916,"Total revenues accrual","Y_lag1; ESI_leg0","OK",NA
"sg_lasso","Germany","Revenues","2023-03-15",4372.19028458879,NA,0.539183404896068,0.5,0.747373899613257,2,2,2,2023-03-01,-4102,"Total revenues accrual","Y_lag1; ESI_leg0","OK",NA
"sg_lasso","Germany","Revenues","2023-03-27",4372.19028458879,NA,0.539183404896068,0.5,0.747373899613257,2,2,2,2023-03-01,-4102,"Total revenues accrual","Y_lag1; ESI_leg0","OK",NA
"sg_lasso","Germany","Revenues","2023-03-30",4366.68545952244,NA,0.539677584494336,0.5,0.747406537330148,2,2,2,2023-03-01,-4102,"Total revenues accrual","Y_lag1; ESI_leg0","OK",NA
"sg_lasso","Germany","Revenues","2023-04-01",4359.97174612268,NA,0.539677584494336,0.5,0.747406537330148,2,2,2,2023-04-01,-4102,"Total revenues accrual","Y_lag1; ESI_leg0","OK",NA
"sg_lasso","Germany","Revenues","2023-04-05",4359.97174612268,NA,0.539677584494336,0.5,0.747406537330148,2,2,2,2023-04-01,-4102,"Total revenues accrual","Y_lag1; ESI_leg0","OK",NA
"sg_lasso","Germany","Revenues","2023-04-06",4359.97174612268,NA,0.539677584494336,0.5,0.747406537330148,2,2,2,2023-04-01,-4102,"Total revenues accrual","Y_lag1; ESI_leg0","OK",NA
"sg_lasso","Germany","Revenues","2023-04-15",4359.97174612268,NA,0.539677584494336,0.5,0.747406537330148,2,2,2,2023-04-01,-4102,"Total revenues accrual","Y_lag1; ESI_leg0","OK",NA
"sg_lasso","Germany","Revenues","2023-04-27",4368.4825223496,NA,0.539677584494336,0.5,0.747406537330148,2,2,2,2023-04-01,-4102,"Total revenues accrual","Y_lag1; ESI_leg0","OK",NA
"sg_lasso","Germany","Revenues","2023-05-01",4371.43873207538,NA,0.539677584494336,0.5,0.747406537330148,2,2,2,2023-05-01,-4102,"Total revenues accrual","Y_lag1; ESI_leg0","OK",NA
"sg_lasso","Germany","Revenues","2023-05-05",4371.43873207538,NA,0.539677584494336,0.5,0.747406537330148,2,2,2,2023-05-01,-4102,"Total revenues accrual","Y_lag1; ESI_leg0","OK",NA
"sg_lasso","Germany","Revenues","2023-05-15",4371.43873207538,NA,0.539677584494336,0.5,0.747406537330148,2,2,2,2023-05-01,-4102,"Total revenues accrual","Y_lag1; ESI_leg0","OK",NA
"sg_lasso","Germany","Revenues","2023-05-25",4343.90706756163,NA,0.539677584494336,0.5,0.747406537330148,2,2,2,2023-05-01,-4102,"Total revenues accrual","Y_lag1; ESI_leg0","OK",NA
"sg_lasso","Germany","Revenues","2023-05-27",4343.90706756163,NA,0.539677584494336,0.5,0.747406537330148,2,2,2,2023-05-01,-4102,"Total revenues accrual","Y_lag1; ESI_leg0","OK",NA
"sg_lasso","Germany","Revenues","2023-06-01",4324.8861792748,NA,0.539677584494336,0.5,0.747406537330148,2,2,2,2023-06-01,-4102,"Total revenues accrual","Y_lag1; ESI_leg0","OK",NA
"sg_lasso","Germany","Revenues","2023-06-04",4324.8861792748,NA,0.539677584494336,0.5,0.747406537330148,2,2,2,2023-06-01,-4102,"Total revenues accrual","Y_lag1; ESI_leg0","OK",NA
"sg_lasso","Germany","Revenues","2023-06-05",4324.8861792748,NA,0.539677584494336,0.5,0.747406537330148,2,2,2,2023-06-01,-4102,"Total revenues accrual","Y_lag1; ESI_leg0","OK",NA
"sg_lasso","Germany","Revenues","2023-06-15",2982.96364304288,NA,0.529938838741316,0.5,0.774253531143035,2,2,2,2023-06-01,8925,"Total revenues accrual","Y_lag1; ESI_leg0","OK",NA
"sg_lasso","Germany","Revenues","2023-06-27",2982.96364304288,NA,0.529938838741316,0.5,0.774253531143035,2,2,2,2023-06-01,8925,"Total revenues accrual","Y_lag1; ESI_leg0","OK",NA
"sg_lasso","Germany","Revenues","2023-06-29",2965.45849147988,NA,0.528572811793955,0.5,0.773977133827541,2,2,2,2023-06-01,8925,"Total revenues accrual","Y_lag1; ESI_leg0","OK",NA
"sg_lasso","Germany","Revenues","2023-07-01",2916.25736624461,NA,0.528572811793955,0.5,0.773977133827541,2,2,2,2023-07-01,8925,"Total revenues accrual","Y_lag1; ESI_leg0","OK",NA
"sg_lasso","Germany","Revenues","2023-07-05",2916.25736624461,NA,0.528572811793955,0.5,0.773977133827541,2,2,2,2023-07-01,8925,"Total revenues accrual","Y_lag1; ESI_leg0","OK",NA
"sg_lasso","Germany","Revenues","2023-07-06",2916.25736624461,NA,0.528572811793955,0.5,0.773977133827541,2,2,2,2023-07-01,8925,"Total revenues accrual","Y_lag1; ESI_leg0","OK",NA
"sg_lasso","Germany","Revenues","2023-07-15",2916.25736624461,NA,0.528572811793955,0.5,0.773977133827541,2,2,2,2023-07-01,8925,"Total revenues accrual","Y_lag1; ESI_leg0","OK",NA
"sg_lasso","Germany","Revenues","2023-07-27",2895.2717106019,NA,0.528572811793955,0.5,0.773977133827541,2,2,2,2023-07-01,8925,"Total revenues accrual","Y_lag1; ESI_leg0","OK",NA
"sg_lasso","Germany","Revenues","2023-08-01",2857.43172157354,NA,0.528572811793955,0.5,0.773977133827541,2,2,2,2023-08-01,8925,"Total revenues accrual","Y_lag1; ESI_leg0","OK",NA
"sg_lasso","Germany","Revenues","2023-08-02",2857.43172157354,NA,0.528572811793955,0.5,0.773977133827541,2,2,2,2023-08-01,8925,"Total revenues accrual","Y_lag1; ESI_leg0","OK",NA
"sg_lasso","Germany","Revenues","2023-08-05",2857.43172157354,NA,0.528572811793955,0.5,0.773977133827541,2,2,2,2023-08-01,8925,"Total revenues accrual","Y_lag1; ESI_leg0","OK",NA
"sg_lasso","Germany","Revenues","2023-08-15",2857.43172157354,NA,0.528572811793955,0.5,0.773977133827541,2,2,2,2023-08-01,8925,"Total revenues accrual","Y_lag1; ESI_leg0","OK",NA
"sg_lasso","Germany","Revenues","2023-08-27",2857.43172157354,NA,0.528572811793955,0.5,0.773977133827541,2,2,2,2023-08-01,8925,"Total revenues accrual","Y_lag1; ESI_leg0","OK",NA
"sg_lasso","Germany","Revenues","2023-08-31",2837.4788964951,NA,0.528572811793955,0.5,0.773977133827541,2,2,2,2023-08-01,8925,"Total revenues accrual","Y_lag1; ESI_leg0","OK",NA
"sg_lasso","Germany","Revenues","2023-09-01",2796.54041577395,NA,0.528572811793955,0.5,0.773977133827541,2,2,2,2023-09-01,8925,"Total revenues accrual","Y_lag1; ESI_leg0","OK",NA
"sg_lasso","Germany","Revenues","2023-09-05",2796.54041577395,NA,0.528572811793955,0.5,0.773977133827541,2,2,2,2023-09-01,8925,"Total revenues accrual","Y_lag1; ESI_leg0","OK",NA
"sg_lasso","Germany","Revenues","2023-09-15",3071.71416126359,NA,0.499201950742398,0.5,0.731644033511,3,3,3,2023-09-01,9624,"Total revenues accrual","Y_lag1; ESI_leg0; Private consumption_leg0","OK",NA
"sg_lasso","Germany","Revenues","2023-09-27",3071.71416126359,NA,0.499201950742398,0.5,0.731644033511,3,3,3,2023-09-01,9624,"Total revenues accrual","Y_lag1; ESI_leg0; Private consumption_leg0","OK",NA
"sg_lasso","Germany","Revenues","2023-09-28",3068.49175122394,NA,0.499878559514998,0.5,0.731871987853023,3,3,3,2023-09-01,9624,"Total revenues accrual","Y_lag1; ESI_leg0; Private consumption_leg0","OK",NA
"sg_lasso","Germany","Revenues","2023-10-01",3008.16763184802,NA,0.499878559514998,0.5,0.731871987853023,3,3,3,2023-10-01,9624,"Total revenues accrual","Y_lag1; ESI_leg0; Private consumption_leg0","OK",NA
"sg_lasso","Germany","Revenues","2023-10-05",3008.16763184802,NA,0.499878559514998,0.5,0.731871987853023,3,3,3,2023-10-01,9624,"Total revenues accrual","Y_lag1; ESI_leg0; Private consumption_leg0","OK",NA
"sg_lasso","Germany","Revenues","2023-10-07",3008.16763184802,NA,0.499878559514998,0.5,0.731871987853023,3,3,3,2023-10-01,9624,"Total revenues accrual","Y_lag1; ESI_leg0; Private consumption_leg0","OK",NA
"sg_lasso","Germany","Revenues","2023-10-15",3008.16763184802,NA,0.499878559514998,0.5,0.731871987853023,3,3,3,2023-10-01,9624,"Total revenues accrual","Y_lag1; ESI_leg0; Private consumption_leg0","OK",NA
"sg_lasso","Germany","Revenues","2023-10-26",3011.79556696831,NA,0.499878559514998,0.5,0.731871987853023,3,3,3,2023-10-01,9624,"Total revenues accrual","Y_lag1; ESI_leg0; Private consumption_leg0","OK",NA
"sg_lasso","Germany","Revenues","2023-10-27",3011.79556696831,NA,0.499878559514998,0.5,0.731871987853023,3,3,3,2023-10-01,9624,"Total revenues accrual","Y_lag1; ESI_leg0; Private consumption_leg0","OK",NA
"sg_lasso","Germany","Revenues","2023-11-01",2965.58916271204,NA,0.499878559514998,0.5,0.731871987853023,3,3,3,2023-11-01,9624,"Total revenues accrual","Y_lag1; ESI_leg0; Private consumption_leg0","OK",NA
"sg_lasso","Germany","Revenues","2023-11-03",2965.58916271204,NA,0.499878559514998,0.5,0.731871987853023,3,3,3,2023-11-01,9624,"Total revenues accrual","Y_lag1; ESI_leg0; Private consumption_leg0","OK",NA
"sg_lasso","Germany","Revenues","2023-11-05",2965.58916271204,NA,0.499878559514998,0.5,0.731871987853023,3,3,3,2023-11-01,9624,"Total revenues accrual","Y_lag1; ESI_leg0; Private consumption_leg0","OK",NA
"sg_lasso","Germany","Revenues","2023-11-15",2965.58916271204,NA,0.499878559514998,0.5,0.731871987853023,3,3,3,2023-11-01,9624,"Total revenues accrual","Y_lag1; ESI_leg0; Private consumption_leg0","OK",NA
"sg_lasso","Germany","Revenues","2023-11-27",2965.58916271204,NA,0.499878559514998,0.5,0.731871987853023,3,3,3,2023-11-01,9624,"Total revenues accrual","Y_lag1; ESI_leg0; Private consumption_leg0","OK",NA
"sg_lasso","Germany","Revenues","2023-11-30",2963.7872074017,NA,0.499878559514998,0.5,0.731871987853023,3,3,3,2023-11-01,9624,"Total revenues accrual","Y_lag1; ESI_leg0; Private consumption_leg0","OK",NA
"sg_lasso","Germany","Revenues","2023-12-01",2965.61318721166,NA,0.499878559514998,0.5,0.731871987853023,3,3,3,2023-12-01,9624,"Total revenues accrual","Y_lag1; ESI_leg0; Private consumption_leg0","OK",NA
"sg_lasso","Germany","Revenues","2023-12-05",2982.54289873685,NA,0.499878559514998,0.5,0.731871987853023,3,3,3,2023-12-01,9624,"Total revenues accrual","Y_lag1; ESI_leg0; Private consumption_leg0","OK",NA
"sg_lasso","Germany","Revenues","2023-12-15",3870.67805740202,NA,0.499771055967847,0.5,0.748989494958132,3,3,3,2023-12-01,1486,"Total revenues accrual","Y_lag1; ESI_leg0; Private consumption_leg0","OK",NA
"sg_lasso","Germany","Revenues","2023-12-27",3870.67805740202,NA,0.499771055967847,0.5,0.748989494958132,3,3,3,2023-12-01,1486,"Total revenues accrual","Y_lag1; ESI_leg0; Private consumption_leg0","OK",NA
"sg_lasso","Germany","Revenues","2023-12-28",3877.41845752385,NA,0.500345755915154,0.5,0.749310393647577,3,3,3,2023-12-01,1486,"Total revenues accrual","Y_lag1; ESI_leg0; Private consumption_leg0","OK",NA
"sg_lasso","Germany","Revenues","2024-01-01",3907.49030404649,NA,0.500345755915154,0.5,0.749310393647577,3,3,3,2024-01-01,1486,"Total revenues accrual","Y_lag1; ESI_leg0; Private consumption_leg0","OK",NA
"sg_lasso","Germany","Revenues","2024-01-05",3907.49030404649,NA,0.500345755915154,0.5,0.749310393647577,3,3,3,2024-01-01,1486,"Total revenues accrual","Y_lag1; ESI_leg0; Private consumption_leg0","OK",NA
"sg_lasso","Germany","Revenues","2024-01-15",3907.49030404649,NA,0.500345755915154,0.5,0.749310393647577,3,3,3,2024-01-01,1486,"Total revenues accrual","Y_lag1; ESI_leg0; Private consumption_leg0","OK",NA
"sg_lasso","Germany","Revenues","2024-01-25",3896.32856349291,NA,0.500345755915154,0.5,0.749310393647577,3,3,3,2024-01-01,1486,"Total revenues accrual","Y_lag1; ESI_leg0; Private consumption_leg0","OK",NA
"sg_lasso","Germany","Revenues","2024-01-27",3896.32856349291,NA,0.500345755915154,0.5,0.749310393647577,3,3,3,2024-01-01,1486,"Total revenues accrual","Y_lag1; ESI_leg0; Private consumption_leg0","OK",NA
"sg_lasso","Germany","Revenues","2024-02-01",3916.70167322288,NA,0.500345755915154,0.5,0.749310393647577,3,3,3,2024-02-01,1486,"Total revenues accrual","Y_lag1; ESI_leg0; Private consumption_leg0","OK",NA
"sg_lasso","Germany","Revenues","2024-02-04",3916.70167322288,NA,0.500345755915154,0.5,0.749310393647577,3,3,3,2024-02-01,1486,"Total revenues accrual","Y_lag1; ESI_leg0; Private consumption_leg0","OK",NA
"sg_lasso","Germany","Revenues","2024-02-05",3916.70167322288,NA,0.500345755915154,0.5,0.749310393647577,3,3,3,2024-02-01,1486,"Total revenues accrual","Y_lag1; ESI_leg0; Private consumption_leg0","OK",NA
"sg_lasso","Germany","Revenues","2024-02-15",3916.70167322288,NA,0.500345755915154,0.5,0.749310393647577,3,3,3,2024-02-01,1486,"Total revenues accrual","Y_lag1; ESI_leg0; Private consumption_leg0","OK",NA
"sg_lasso","Germany","Revenues","2024-02-27",3916.70167322288,NA,0.500345755915154,0.5,0.749310393647577,3,3,3,2024-02-01,1486,"Total revenues accrual","Y_lag1; ESI_leg0; Private consumption_leg0","OK",NA
"sg_lasso","Germany","Revenues","2024-02-29",3914.79781778957,NA,0.500345755915154,0.5,0.749310393647577,3,3,3,2024-02-01,1486,"Total revenues accrual","Y_lag1; ESI_leg0; Private consumption_leg0","OK",NA
"sg_lasso","Germany","Revenues","2024-03-01",3901.73222180267,NA,0.500345755915154,0.5,0.749310393647577,3,3,3,2024-03-01,1486,"Total revenues accrual","Y_lag1; ESI_leg0; Private consumption_leg0","OK",NA
"sg_lasso","Germany","Revenues","2024-03-05",3916.23419580426,NA,0.500345755915154,0.5,0.749310393647577,3,3,3,2024-03-01,1486,"Total revenues accrual","Y_lag1; ESI_leg0; Private consumption_leg0","OK",NA
"sg_lasso","Germany","Revenues","2024-03-15",3795.63508995469,NA,0.497628590842849,0.5,0.761450219573934,3,3,3,2024-03-01,2435,"Total revenues accrual","Y_lag1; ESI_leg0; Private consumption_leg0","OK",NA
"sg_lasso","Germany","Revenues","2024-03-27",3795.63508995469,NA,0.497628590842849,0.5,0.761450219573934,3,3,3,2024-03-01,2435,"Total revenues accrual","Y_lag1; ESI_leg0; Private consumption_leg0","OK",NA
"sg_lasso","Germany","Revenues","2024-03-28",3797.01645239113,NA,0.497920258277991,0.5,0.761533872037238,3,3,3,2024-03-01,2435,"Total revenues accrual","Y_lag1; ESI_leg0; Private consumption_leg0","OK",NA
"sg_lasso","Germany","Revenues","2024-04-01",3815.44274718712,NA,0.497920258277991,0.5,0.761533872037238,3,3,3,2024-04-01,2435,"Total revenues accrual","Y_lag1; ESI_leg0; Private consumption_leg0","OK",NA
"sg_lasso","Germany","Revenues","2024-04-05",3815.44274718712,NA,0.497920258277991,0.5,0.761533872037238,3,3,3,2024-04-01,2435,"Total revenues accrual","Y_lag1; ESI_leg0; Private consumption_leg0","OK",NA
"sg_lasso","Germany","Revenues","2024-04-15",3815.44274718712,NA,0.497920258277991,0.5,0.761533872037238,3,3,3,2024-04-01,2435,"Total revenues accrual","Y_lag1; ESI_leg0; Private consumption_leg0","OK",NA
"sg_lasso","Germany","Revenues","2024-04-25",3821.27615666879,NA,0.497920258277991,0.5,0.761533872037238,3,3,3,2024-04-01,2435,"Total revenues accrual","Y_lag1; ESI_leg0; Private consumption_leg0","OK",NA
"sg_lasso","Germany","Revenues","2024-04-27",3821.27615666879,NA,0.497920258277991,0.5,0.761533872037238,3,3,3,2024-04-01,2435,"Total revenues accrual","Y_lag1; ESI_leg0; Private consumption_leg0","OK",NA
"sg_lasso","Germany","Revenues","2024-05-01",3847.2517769478,NA,0.497920258277991,0.5,0.761533872037238,3,3,3,2024-05-01,2435,"Total revenues accrual","Y_lag1; ESI_leg0; Private consumption_leg0","OK",NA
"sg_lasso","Germany","Revenues","2024-05-03",3847.2517769478,NA,0.497920258277991,0.5,0.761533872037238,3,3,3,2024-05-01,2435,"Total revenues accrual","Y_lag1; ESI_leg0; Private consumption_leg0","OK",NA
"sg_lasso","Germany","Revenues","2024-05-05",3847.2517769478,NA,0.497920258277991,0.5,0.761533872037238,3,3,3,2024-05-01,2435,"Total revenues accrual","Y_lag1; ESI_leg0; Private consumption_leg0","OK",NA
"sg_lasso","Germany","Revenues","2024-05-15",3847.2517769478,NA,0.497920258277991,0.5,0.761533872037238,3,3,3,2024-05-01,2435,"Total revenues accrual","Y_lag1; ESI_leg0; Private consumption_leg0","OK",NA
"sg_lasso","Germany","Revenues","2024-05-27",3847.2517769478,NA,0.497920258277991,0.5,0.761533872037238,3,3,3,2024-05-01,2435,"Total revenues accrual","Y_lag1; ESI_leg0; Private consumption_leg0","OK",NA
"sg_lasso","Germany","Revenues","2024-05-30",3849.50919014805,NA,0.497920258277991,0.5,0.761533872037238,3,3,3,2024-05-01,2435,"Total revenues accrual","Y_lag1; ESI_leg0; Private consumption_leg0","OK",NA
"sg_lasso","Germany","Revenues","2024-06-01",3857.60001282997,NA,0.497920258277991,0.5,0.761533872037238,3,3,3,2024-06-01,2435,"Total revenues accrual","Y_lag1; ESI_leg0; Private consumption_leg0","OK",NA
"sg_lasso","Germany","Revenues","2024-06-05",3855.69091201784,NA,0.497920258277991,0.5,0.761533872037238,3,3,3,2024-06-01,2435,"Total revenues accrual","Y_lag1; ESI_leg0; Private consumption_leg0","OK",NA
"sg_lasso","Germany","Revenues","2024-06-06",3855.69091201784,NA,0.497920258277991,0.5,0.761533872037238,3,3,3,2024-06-01,2435,"Total revenues accrual","Y_lag1; ESI_leg0; Private consumption_leg0","OK",NA
"sg_lasso","Germany","Revenues","2024-06-15",3184.34198203099,NA,0.483725886672112,0.5,0.759165160197314,2,2,2,2024-06-01,9768,"Total revenues accrual","Y_lag1; Private consumption_leg0","OK",NA
"sg_lasso","Germany","Revenues","2024-06-27",3184.34407237053,NA,0.483725886672112,0.5,0.759104105529824,2,2,2,2024-06-01,9768,"Total revenues accrual","Y_lag1; Private consumption_leg0","OK",NA
"sg_lasso","Germany","Revenues","2024-07-01",3180.53310767961,NA,0.483725886672112,0.5,0.759104105529824,2,2,2,2024-07-01,9768,"Total revenues accrual","Y_lag1; Private consumption_leg0","OK",NA
"sg_lasso","Germany","Revenues","2024-07-05",3180.53310767961,NA,0.483725886672112,0.5,0.759104105529824,2,2,2,2024-07-01,9768,"Total revenues accrual","Y_lag1; Private consumption_leg0","OK",NA
"sg_lasso","Germany","Revenues","2024-07-15",3180.53310767961,NA,0.483725886672112,0.5,0.759104105529824,2,2,2,2024-07-01,9768,"Total revenues accrual","Y_lag1; Private consumption_leg0","OK",NA
"sg_lasso","Germany","Revenues","2024-07-25",3180.53310767961,NA,0.483725886672112,0.5,0.759104105529824,2,2,2,2024-07-01,9768,"Total revenues accrual","Y_lag1; Private consumption_leg0","OK",NA
"sg_lasso","Germany","Revenues","2024-07-27",3180.53310767961,NA,0.483725886672112,0.5,0.759104105529824,2,2,2,2024-07-01,9768,"Total revenues accrual","Y_lag1; Private consumption_leg0","OK",NA
"sg_lasso","Germany","Revenues","2024-08-01",3176.72214298869,NA,0.483725886672112,0.5,0.759104105529824,2,2,2,2024-08-01,9768,"Total revenues accrual","Y_lag1; Private consumption_leg0","OK",NA
"sg_lasso","Germany","Revenues","2024-08-04",3176.72214298869,NA,0.483725886672112,0.5,0.759104105529824,2,2,2,2024-08-01,9768,"Total revenues accrual","Y_lag1; Private consumption_leg0","OK",NA
"sg_lasso","Germany","Revenues","2024-08-05",3176.72214298869,NA,0.483725886672112,0.5,0.759104105529824,2,2,2,2024-08-01,9768,"Total revenues accrual","Y_lag1; Private consumption_leg0","OK",NA
"sg_lasso","Germany","Revenues","2024-08-15",3176.72214298869,NA,0.483725886672112,0.5,0.759104105529824,2,2,2,2024-08-01,9768,"Total revenues accrual","Y_lag1; Private consumption_leg0","OK",NA
"sg_lasso","Germany","Revenues","2024-08-27",3176.72214298869,NA,0.483725886672112,0.5,0.759104105529824,2,2,2,2024-08-01,9768,"Total revenues accrual","Y_lag1; Private consumption_leg0","OK",NA
"sg_lasso","Germany","Revenues","2024-08-29",3176.72214298869,NA,0.483725886672112,0.5,0.759104105529824,2,2,2,2024-08-01,9768,"Total revenues accrual","Y_lag1; Private consumption_leg0","OK",NA
"sg_lasso","Germany","Revenues","2024-09-01",3176.72214298869,NA,0.483725886672112,0.5,0.759104105529824,2,2,2,2024-09-01,9768,"Total revenues accrual","Y_lag1; Private consumption_leg0","OK",NA
"sg_lasso","Germany","Revenues","2024-09-05",3157.87204077781,NA,0.483725886672112,0.5,0.759104105529824,2,2,2,2024-09-01,9768,"Total revenues accrual","Y_lag1; Private consumption_leg0","OK",NA
"sg_lasso","Germany","Revenues","2024-09-07",3157.87204077781,NA,0.483725886672112,0.5,0.759104105529824,2,2,2,2024-09-01,9768,"Total revenues accrual","Y_lag1; Private consumption_leg0","OK",NA
"sg_lasso","Germany","Revenues","2024-09-15",3448.07785907614,NA,0.482989114646044,0.5,0.728397921269257,2,2,2,2024-09-01,8630,"Total revenues accrual","Y_lag1; Private consumption_leg0","OK",NA
"sg_lasso","Germany","Revenues","2024-09-26",3448.07786006913,NA,0.482989114646044,0.5,0.728026763498591,2,2,2,2024-09-01,8630,"Total revenues accrual","Y_lag1; Private consumption_leg0","OK",NA
"sg_lasso","Germany","Revenues","2024-09-27",3448.07786006913,NA,0.482989114646044,0.5,0.728026763498591,2,2,2,2024-09-01,8630,"Total revenues accrual","Y_lag1; Private consumption_leg0","OK",NA
"sg_lasso","Germany","Revenues","2024-10-01",3431.12418184894,NA,0.482989114646044,0.5,0.728026763498591,2,2,2,2024-10-01,8630,"Total revenues accrual","Y_lag1; Private consumption_leg0","OK",NA
"sg_lasso","Germany","Revenues","2024-10-02",3431.12418184894,NA,0.482989114646044,0.5,0.728026763498591,2,2,2,2024-10-01,8630,"Total revenues accrual","Y_lag1; Private consumption_leg0","OK",NA
"sg_lasso","Germany","Revenues","2024-10-05",3431.12418184894,NA,0.482989114646044,0.5,0.728026763498591,2,2,2,2024-10-01,8630,"Total revenues accrual","Y_lag1; Private consumption_leg0","OK",NA
"sg_lasso","Germany","Revenues","2024-10-15",3431.12418184894,NA,0.482989114646044,0.5,0.728026763498591,2,2,2,2024-10-01,8630,"Total revenues accrual","Y_lag1; Private consumption_leg0","OK",NA
"sg_lasso","Germany","Revenues","2024-10-27",3431.12418184894,NA,0.482989114646044,0.5,0.728026763498591,2,2,2,2024-10-01,8630,"Total revenues accrual","Y_lag1; Private consumption_leg0","OK",NA
"sg_lasso","Germany","Revenues","2024-10-31",3431.12418184894,NA,0.482989114646044,0.5,0.728026763498591,2,2,2,2024-10-01,8630,"Total revenues accrual","Y_lag1; Private consumption_leg0","OK",NA
"sg_lasso","Germany","Revenues","2024-11-01",3414.17050362875,NA,0.482989114646044,0.5,0.728026763498591,2,2,2,2024-11-01,8630,"Total revenues accrual","Y_lag1; Private consumption_leg0","OK",NA
"sg_lasso","Germany","Revenues","2024-11-05",3414.17050362875,NA,0.482989114646044,0.5,0.728026763498591,2,2,2,2024-11-01,8630,"Total revenues accrual","Y_lag1; Private consumption_leg0","OK",NA
"sg_lasso","Germany","Revenues","2024-11-15",3414.17050362875,NA,0.482989114646044,0.5,0.728026763498591,2,2,2,2024-11-01,8630,"Total revenues accrual","Y_lag1; Private consumption_leg0","OK",NA
"sg_lasso","Germany","Revenues","2024-11-27",3414.17050362875,NA,0.482989114646044,0.5,0.728026763498591,2,2,2,2024-11-01,8630,"Total revenues accrual","Y_lag1; Private consumption_leg0","OK",NA
"sg_lasso","Germany","Revenues","2024-11-28",3414.17050362875,NA,0.482989114646044,0.5,0.728026763498591,2,2,2,2024-11-01,8630,"Total revenues accrual","Y_lag1; Private consumption_leg0","OK",NA
"sg_lasso","Germany","Revenues","2024-12-01",3414.17050362875,NA,0.482989114646044,0.5,0.728026763498591,2,2,2,2024-12-01,8630,"Total revenues accrual","Y_lag1; Private consumption_leg0","OK",NA
"sg_lasso","Germany","Revenues","2024-12-05",3434.18349220446,NA,0.482989114646044,0.5,0.728026763498591,2,2,2,2024-12-01,8630,"Total revenues accrual","Y_lag1; Private consumption_leg0","OK",NA
"sg_lasso","Germany","Revenues","2024-12-07",3434.18349220446,NA,0.482989114646044,0.5,0.728026763498591,2,2,2,2024-12-01,8630,"Total revenues accrual","Y_lag1; Private consumption_leg0","OK",NA
"sg_lasso","Germany","Revenues","2024-12-15",3516.95735413326,NA,0.481357994296264,0.5,0.730077813276877,2,2,2,2024-12-01,9302,"Total revenues accrual","Y_lag1; Private consumption_leg0","OK",NA
"sg_lasso","Germany","Revenues","2024-12-26",3516.95735413326,NA,0.481357994296264,0.5,0.729709292218242,2,2,2,2024-12-01,9302,"Total revenues accrual","Y_lag1; Private consumption_leg0","OK",NA
"sg_lasso","Germany","Revenues","2024-12-27",3516.95735413326,NA,0.481357994296264,0.5,0.729709292218242,2,2,2,2024-12-01,9302,"Total revenues accrual","Y_lag1; Private consumption_leg0","OK",NA
"sg_lasso","Germany","Revenues","2025-01-01",3535.04551025205,NA,0.481357994296264,0.5,0.729709292218242,2,2,2,2025-01-01,9302,"Total revenues accrual","Y_lag1; Private consumption_leg0","OK",NA
"sg_lasso","Germany","Revenues","2025-01-03",3535.04551025205,NA,0.481357994296264,0.5,0.729709292218242,2,2,2,2025-01-01,9302,"Total revenues accrual","Y_lag1; Private consumption_leg0","OK",NA
"sg_lasso","Germany","Revenues","2025-01-05",3535.04551025205,NA,0.481357994296264,0.5,0.729709292218242,2,2,2,2025-01-01,9302,"Total revenues accrual","Y_lag1; Private consumption_leg0","OK",NA
"sg_lasso","Germany","Revenues","2025-01-15",3535.04551025205,NA,0.481357994296264,0.5,0.729709292218242,2,2,2,2025-01-01,9302,"Total revenues accrual","Y_lag1; Private consumption_leg0","OK",NA
"sg_lasso","Germany","Revenues","2025-01-27",3535.04551025205,NA,0.481357994296264,0.5,0.729709292218242,2,2,2,2025-01-01,9302,"Total revenues accrual","Y_lag1; Private consumption_leg0","OK",NA
"sg_lasso","Germany","Revenues","2025-01-30",3535.04551025205,NA,0.481357994296264,0.5,0.729709292218242,2,2,2,2025-01-01,9302,"Total revenues accrual","Y_lag1; Private consumption_leg0","OK",NA
"sg_lasso","Germany","Revenues","2025-02-01",3553.13366637084,NA,0.481357994296264,0.5,0.729709292218242,2,2,2,2025-02-01,9302,"Total revenues accrual","Y_lag1; Private consumption_leg0","OK",NA
"sg_lasso","Germany","Revenues","2025-02-05",3553.13366637084,NA,0.481357994296264,0.5,0.729709292218242,2,2,2,2025-02-01,9302,"Total revenues accrual","Y_lag1; Private consumption_leg0","OK",NA
"sg_lasso","Germany","Revenues","2025-02-06",3553.13366637084,NA,0.481357994296264,0.5,0.729709292218242,2,2,2,2025-02-01,9302,"Total revenues accrual","Y_lag1; Private consumption_leg0","OK",NA
"sg_lasso","Germany","Revenues","2025-02-15",3553.13366637084,NA,0.481357994296264,0.5,0.729709292218242,2,2,2,2025-02-01,9302,"Total revenues accrual","Y_lag1; Private consumption_leg0","OK",NA
"sg_lasso","Germany","Revenues","2025-02-27",3553.13366637084,NA,0.481357994296264,0.5,0.729709292218242,2,2,2,2025-02-01,9302,"Total revenues accrual","Y_lag1; Private consumption_leg0","OK",NA
"sg_lasso","Germany","Revenues","2025-03-01",3553.13366637084,NA,0.481357994296264,0.5,0.729709292218242,2,2,2,2025-03-01,9302,"Total revenues accrual","Y_lag1; Private consumption_leg0","OK",NA
"sg_lasso","Germany","Revenues","2025-03-05",3588.32428291051,NA,0.481357994296264,0.5,0.729709292218242,2,2,2,2025-03-01,9302,"Total revenues accrual","Y_lag1; Private consumption_leg0","OK",NA
"sg_lasso","Germany","Revenues","2025-03-06",3588.32428291051,NA,0.481357994296264,0.5,0.729709292218242,2,2,2,2025-03-01,9302,"Total revenues accrual","Y_lag1; Private consumption_leg0","OK",NA
"sg_lasso","Germany","Revenues","2025-03-15",3931.97067234556,NA,0.482309641849213,0.5,0.726940480121305,2,2,2,2025-03-01,6375,"Total revenues accrual","Y_lag1; Private consumption_leg0","OK",NA
"sg_lasso","Germany","Revenues","2025-03-27",3931.97067234556,NA,0.482309641849213,0.5,0.726940480526471,2,2,2,2025-03-01,6375,"Total revenues accrual","Y_lag1; Private consumption_leg0","OK",NA
"sg_lasso","Germany","Revenues","2025-04-01",3965.45721873907,NA,0.482309641849213,0.5,0.726940480526471,2,2,2,2025-04-01,6375,"Total revenues accrual","Y_lag1; Private consumption_leg0","OK",NA
"sg_lasso","Germany","Revenues","2025-04-02",3965.45721873907,NA,0.482309641849213,0.5,0.726940480526471,2,2,2,2025-04-01,6375,"Total revenues accrual","Y_lag1; Private consumption_leg0","OK",NA
"sg_lasso","Germany","Revenues","2025-04-05",3965.45721873907,NA,0.482309641849213,0.5,0.726940480526471,2,2,2,2025-04-01,6375,"Total revenues accrual","Y_lag1; Private consumption_leg0","OK",NA
"sg_lasso","Germany","Revenues","2025-04-15",3965.45721873907,NA,0.482309641849213,0.5,0.726940480526471,2,2,2,2025-04-01,6375,"Total revenues accrual","Y_lag1; Private consumption_leg0","OK",NA
"sg_lasso","Germany","Revenues","2025-04-24",3965.45721873907,NA,0.482309641849213,0.5,0.726940480526471,2,2,2,2025-04-01,6375,"Total revenues accrual","Y_lag1; Private consumption_leg0","OK",NA
"sg_lasso","Germany","Revenues","2025-04-27",3965.45721873907,NA,0.482309641849213,0.5,0.726940480526471,2,2,2,2025-04-01,6375,"Total revenues accrual","Y_lag1; Private consumption_leg0","OK",NA
"sg_lasso","Germany","Revenues","2025-05-01",3998.94376513258,NA,0.482309641849213,0.5,0.726940480526471,2,2,2,2025-05-01,6375,"Total revenues accrual","Y_lag1; Private consumption_leg0","OK",NA
"sg_lasso","Germany","Revenues","2025-05-04",3998.94376513258,NA,0.482309641849213,0.5,0.726940480526471,2,2,2,2025-05-01,6375,"Total revenues accrual","Y_lag1; Private consumption_leg0","OK",NA
"sg_lasso","Germany","Revenues","2025-05-05",3998.94376513258,NA,0.482309641849213,0.5,0.726940480526471,2,2,2,2025-05-01,6375,"Total revenues accrual","Y_lag1; Private consumption_leg0","OK",NA
"sg_lasso","Germany","Revenues","2025-05-15",3998.94376513258,NA,0.482309641849213,0.5,0.726940480526471,2,2,2,2025-05-01,6375,"Total revenues accrual","Y_lag1; Private consumption_leg0","OK",NA
"sg_lasso","Germany","Revenues","2025-05-27",3998.94376513258,NA,0.482309641849213,0.5,0.726940480526471,2,2,2,2025-05-01,6375,"Total revenues accrual","Y_lag1; Private consumption_leg0","OK",NA
"sg_lasso","Germany","Revenues","2025-05-29",3998.94376513258,NA,0.482309641849213,0.5,0.726940480526471,2,2,2,2025-05-01,6375,"Total revenues accrual","Y_lag1; Private consumption_leg0","OK",NA
"sg_lasso","Germany","Revenues","2025-06-01",3998.94376513258,NA,0.482309641849213,0.5,0.726940480526471,2,2,2,2025-06-01,6375,"Total revenues accrual","Y_lag1; Private consumption_leg0","OK",NA
"sg_lasso","Germany","Revenues","2025-06-05",3956.30902072469,NA,0.482309641849213,0.5,0.726940480526471,2,2,2,2025-06-01,6375,"Total revenues accrual","Y_lag1; Private consumption_leg0","OK",NA
"sg_lasso","Germany","Revenues","2025-06-07",3956.30902072469,NA,0.482309641849213,0.5,0.726940480526471,2,2,2,2025-06-01,6375,"Total revenues accrual","Y_lag1; Private consumption_leg0","OK",NA
"sg_lasso","Germany","Revenues","2025-06-15",3851.10266674706,NA,0.484194587419806,0.5,0.721894917899073,2,2,2,2025-06-01,8452,"Total revenues accrual","Y_lag1; Private consumption_leg0","OK",NA
"sg_lasso","Germany","Revenues","2025-06-26",3851.10266674706,NA,0.484194587419806,0.5,0.721894915966177,2,2,2,2025-06-01,8452,"Total revenues accrual","Y_lag1; Private consumption_leg0","OK",NA
"sg_lasso","Germany","Revenues","2025-06-27",3851.10266674706,NA,0.484194587419806,0.5,0.721894915966177,2,2,2,2025-06-01,8452,"Total revenues accrual","Y_lag1; Private consumption_leg0","OK",NA
"sg_lasso","Germany","Revenues","2025-07-01",3810.12925737017,NA,0.484194587419806,0.5,0.721894915966177,2,2,2,2025-07-01,8452,"Total revenues accrual","Y_lag1; Private consumption_leg0","OK",NA
"sg_lasso","Germany","Revenues","2025-07-02",3810.12925737017,NA,0.484194587419806,0.5,0.721894915966177,2,2,2,2025-07-01,8452,"Total revenues accrual","Y_lag1; Private consumption_leg0","OK",NA
"sg_lasso","Germany","Revenues","2025-07-05",3810.12925737017,NA,0.484194587419806,0.5,0.721894915966177,2,2,2,2025-07-01,8452,"Total revenues accrual","Y_lag1; Private consumption_leg0","OK",NA
"sg_lasso","Germany","Revenues","2025-07-15",3810.12925737017,NA,0.484194587419806,0.5,0.721894915966177,2,2,2,2025-07-01,8452,"Total revenues accrual","Y_lag1; Private consumption_leg0","OK",NA
"sg_lasso","Germany","Revenues","2025-07-27",3810.12925737017,NA,0.484194587419806,0.5,0.721894915966177,2,2,2,2025-07-01,8452,"Total revenues accrual","Y_lag1; Private consumption_leg0","OK",NA
"sg_lasso","Germany","Revenues","2025-07-31",3810.12925737017,NA,0.484194587419806,0.5,0.721894915966177,2,2,2,2025-07-01,8452,"Total revenues accrual","Y_lag1; Private consumption_leg0","OK",NA
"sg_lasso","Germany","Revenues","2025-08-01",3769.15584799328,NA,0.484194587419806,0.5,0.721894915966177,2,2,2,2025-08-01,8452,"Total revenues accrual","Y_lag1; Private consumption_leg0","OK",NA
"sg_lasso","Germany","Revenues","2025-08-05",3769.15584799328,NA,0.484194587419806,0.5,0.721894915966177,2,2,2,2025-08-01,8452,"Total revenues accrual","Y_lag1; Private consumption_leg0","OK",NA
"sg_lasso","Germany","Revenues","2025-08-15",3769.15584799328,NA,0.484194587419806,0.5,0.721894915966177,2,2,2,2025-08-01,8452,"Total revenues accrual","Y_lag1; Private consumption_leg0","OK",NA
"sg_lasso","Germany","Revenues","2025-08-27",3769.15584799328,NA,0.484194587419806,0.5,0.721894915966177,2,2,2,2025-08-01,8452,"Total revenues accrual","Y_lag1; Private consumption_leg0","OK",NA
"sg_lasso","Germany","Revenues","2025-08-28",3769.15584799328,NA,0.484194587419806,0.5,0.721894915966177,2,2,2,2025-08-01,8452,"Total revenues accrual","Y_lag1; Private consumption_leg0","OK",NA
"sg_lasso","Germany","Revenues","2025-09-01",3769.15584799328,NA,0.484194587419806,0.5,0.721894915966177,2,2,2,2025-09-01,8452,"Total revenues accrual","Y_lag1; Private consumption_leg0","OK",NA
"sg_lasso","Germany","Revenues","2025-09-05",3743.31918670905,NA,0.484194587419806,0.5,0.721894915966177,2,2,2,2025-09-01,8452,"Total revenues accrual","Y_lag1; Private consumption_leg0","OK",NA
"sg_lasso","Germany","Revenues","2025-09-15",4399.56527386467,NA,0.483776100147131,0.5,0.741107106971624,2,2,2,2025-09-01,707,"Total revenues accrual","Y_lag1; Private consumption_leg0","OK",NA
"sg_lasso","Germany","Revenues","2025-09-25",4399.56527386467,NA,0.483776100147131,0.5,0.741107107206727,2,2,2,2025-09-01,707,"Total revenues accrual","Y_lag1; Private consumption_leg0","OK",NA
"sg_lasso","Germany","Revenues","2025-09-27",4399.56527386467,NA,0.483776100147131,0.5,0.741107107206727,2,2,2,2025-09-01,707,"Total revenues accrual","Y_lag1; Private consumption_leg0","OK",NA
"sg_lasso","Germany","Revenues","2025-10-01",4372.32778527791,NA,0.483776100147131,0.5,0.741107107206727,2,2,2,2025-10-01,707,"Total revenues accrual","Y_lag1; Private consumption_leg0","OK",NA
"sg_lasso","Germany","Revenues","2025-10-03",4372.32778527791,NA,0.483776100147131,0.5,0.741107107206727,2,2,2,2025-10-01,707,"Total revenues accrual","Y_lag1; Private consumption_leg0","OK",NA
"sg_lasso","Germany","Revenues","2025-10-05",4372.32778527791,NA,0.483776100147131,0.5,0.741107107206727,2,2,2,2025-10-01,707,"Total revenues accrual","Y_lag1; Private consumption_leg0","OK",NA
"sg_lasso","Germany","Revenues","2025-10-15",4372.32778527791,NA,0.483776100147131,0.5,0.741107107206727,2,2,2,2025-10-01,707,"Total revenues accrual","Y_lag1; Private consumption_leg0","OK",NA
"sg_lasso","Germany","Revenues","2025-10-27",4372.32778527791,NA,0.483776100147131,0.5,0.741107107206727,2,2,2,2025-10-01,707,"Total revenues accrual","Y_lag1; Private consumption_leg0","OK",NA
"sg_lasso","Germany","Revenues","2025-10-30",4372.32778527791,NA,0.483776100147131,0.5,0.741107107206727,2,2,2,2025-10-01,707,"Total revenues accrual","Y_lag1; Private consumption_leg0","OK",NA
"sg_lasso","Germany","Revenues","2025-11-01",4345.09029669115,NA,0.483776100147131,0.5,0.741107107206727,2,2,2,2025-11-01,707,"Total revenues accrual","Y_lag1; Private consumption_leg0","OK",NA
"sg_lasso","Germany","Revenues","2025-11-05",4345.09029669115,NA,0.483776100147131,0.5,0.741107107206727,2,2,2,2025-11-01,707,"Total revenues accrual","Y_lag1; Private consumption_leg0","OK",NA
"sg_lasso","Germany","Revenues","2025-11-06",4345.09029669115,NA,0.483776100147131,0.5,0.741107107206727,2,2,2,2025-11-01,707,"Total revenues accrual","Y_lag1; Private consumption_leg0","OK",NA
"sg_lasso","Germany","Revenues","2025-11-15",4345.09029669115,NA,0.483776100147131,0.5,0.741107107206727,2,2,2,2025-11-01,707,"Total revenues accrual","Y_lag1; Private consumption_leg0","OK",NA
"sg_lasso","Germany","Revenues","2025-11-27",4345.09029669115,NA,0.483776100147131,0.5,0.741107107206727,2,2,2,2025-11-01,707,"Total revenues accrual","Y_lag1; Private consumption_leg0","OK",NA
"sg_lasso","Germany","Revenues","2025-12-01",4345.09029669115,NA,0.483776100147131,0.5,0.741107107206727,2,2,2,2025-12-01,707,"Total revenues accrual","Y_lag1; Private consumption_leg0","OK",NA
"sg_lasso","Germany","Revenues","2025-12-05",4345.09029669115,NA,0.483776100147131,0.5,0.741107107206727,2,2,2,2025-12-01,707,"Total revenues accrual","Y_lag1; Private consumption_leg0","OK",NA
"sg_lasso","Germany","Revenues","2025-12-15",4273.1189545993,NA,0.484691920846892,0.5,0.748293614710035,2,2,2,2025-12-01,707,"Total revenues accrual","Y_lag1; Private consumption_leg0","OK",NA
"sg_lasso","Germany","Revenues","2025-12-25",4273.1189545993,NA,0.484691920846892,0.5,0.748293615244619,2,2,2,2025-12-01,707,"Total revenues accrual","Y_lag1; Private consumption_leg0","OK",NA
"sg_lasso","Germany","Revenues","2025-12-27",4273.1189545993,NA,0.484691920846892,0.5,0.748293615244619,2,2,2,2025-12-01,707,"Total revenues accrual","Y_lag1; Private consumption_leg0","OK",NA
"sg_lasso","Germany","Revenues","2026-01-05",4273.1189545993,NA,0.484691920846892,0.5,0.748293615244619,2,2,2,2026-01-01,707,"Total revenues accrual","Y_lag1; Private consumption_leg0","OK",NA
"sg_lasso","Germany","Revenues","2026-01-15",4273.1189545993,NA,0.484691920846892,0.5,0.748293615244619,2,2,2,2026-01-01,707,"Total revenues accrual","Y_lag1; Private consumption_leg0","OK",NA
"sg_lasso","Germany","Revenues","2026-02-05",4273.1189545993,NA,0.484691920846892,0.5,0.748293615244619,2,2,2,2026-02-01,707,"Total revenues accrual","Y_lag1; Private consumption_leg0","OK",NA
"sg_lasso","Germany","Revenues","2026-02-15",4273.1189545993,NA,0.484691920846892,0.5,0.748293615244619,2,2,2,2026-02-01,707,"Total revenues accrual","Y_lag1; Private consumption_leg0","OK",NA
"sg_lasso","Germany","Revenues","2026-03-15",4273.1189545993,NA,0.484691920846892,0.5,0.748293615244619,2,2,2,2026-03-01,707,"Total revenues accrual","Y_lag1; Private consumption_leg0","OK",NA
