"model","country","block","publication_date","nowcast_value","nb_factors","lambda","gamma","cv_mse","df","n_selected","n_selected_groups","date_new","last_obs_y","target_name","selected_columns","status","error"
"factor_midas","France","Revenues","2013-01-01",NA,NA,NA,NA,NA,NA,NA,NA,NA,NA,"Total revenues accrual",NA,"KO","Not possible to estimate MIDAS model, more parameters than observations"
"factor_midas","France","Revenues","2013-01-02",NA,NA,NA,NA,NA,NA,NA,NA,NA,NA,"Total revenues accrual",NA,"KO","Not possible to estimate MIDAS model, more parameters than observations"
"factor_midas","France","Revenues","2013-01-05",NA,NA,NA,NA,NA,NA,NA,NA,NA,NA,"Total revenues accrual",NA,"KO","Not possible to estimate MIDAS model, more parameters than observations"
"factor_midas","France","Revenues","2013-01-15",NA,NA,NA,NA,NA,NA,NA,NA,NA,NA,"Total revenues accrual",NA,"KO","Not possible to estimate MIDAS model, more parameters than observations"
"factor_midas","France","Revenues","2013-01-27",NA,NA,NA,NA,NA,NA,NA,NA,NA,NA,"Total revenues accrual",NA,"KO","Not possible to estimate MIDAS model, more parameters than observations"
"factor_midas","France","Revenues","2013-01-31",NA,NA,NA,NA,NA,NA,NA,NA,NA,NA,"Total revenues accrual",NA,"KO","Not possible to estimate MIDAS model, more parameters than observations"
"factor_midas","France","Revenues","2013-02-01",NA,NA,NA,NA,NA,NA,NA,NA,NA,NA,"Total revenues accrual",NA,"KO","Not possible to estimate MIDAS model, more parameters than observations"
"factor_midas","France","Revenues","2013-02-05",NA,NA,NA,NA,NA,NA,NA,NA,NA,NA,"Total revenues accrual",NA,"KO","Not possible to estimate MIDAS model, more parameters than observations"
"factor_midas","France","Revenues","2013-02-15",NA,NA,NA,NA,NA,NA,NA,NA,NA,NA,"Total revenues accrual",NA,"KO","Not possible to estimate MIDAS model, more parameters than observations"
"factor_midas","France","Revenues","2013-02-27",NA,NA,NA,NA,NA,NA,NA,NA,NA,NA,"Total revenues accrual",NA,"KO","Not possible to estimate MIDAS model, more parameters than observations"
"factor_midas","France","Revenues","2013-02-28",NA,NA,NA,NA,NA,NA,NA,NA,NA,NA,"Total revenues accrual",NA,"KO","Not possible to estimate MIDAS model, more parameters than observations"
"factor_midas","France","Revenues","2013-03-01",NA,NA,NA,NA,NA,NA,NA,NA,NA,NA,"Total revenues accrual",NA,"KO","Not possible to estimate MIDAS model, more parameters than observations"
"factor_midas","France","Revenues","2013-03-05",NA,NA,NA,NA,NA,NA,NA,NA,NA,NA,"Total revenues accrual",NA,"KO","Not possible to estimate MIDAS model, more parameters than observations"
"factor_midas","France","Revenues","2013-03-15",NA,NA,NA,NA,NA,NA,NA,NA,NA,NA,"Total revenues accrual",NA,"KO","Not possible to estimate MIDAS model, more parameters than observations"
"factor_midas","France","Revenues","2013-03-27",NA,NA,NA,NA,NA,NA,NA,NA,NA,NA,"Total revenues accrual",NA,"KO","Not possible to estimate MIDAS model, more parameters than observations"
"factor_midas","France","Revenues","2013-03-28",NA,NA,NA,NA,NA,NA,NA,NA,NA,NA,"Total revenues accrual",NA,"KO","Not possible to estimate MIDAS model, more parameters than observations"
"factor_midas","France","Revenues","2013-04-01",NA,NA,NA,NA,NA,NA,NA,NA,NA,NA,"Total revenues accrual",NA,"KO","Not possible to estimate MIDAS model, more parameters than observations"
"factor_midas","France","Revenues","2013-04-05",NA,NA,NA,NA,NA,NA,NA,NA,NA,NA,"Total revenues accrual",NA,"KO","Not possible to estimate MIDAS model, more parameters than observations"
"factor_midas","France","Revenues","2013-04-15",NA,NA,NA,NA,NA,NA,NA,NA,NA,NA,"Total revenues accrual",NA,"KO","Not possible to estimate MIDAS model, more parameters than observations"
"factor_midas","France","Revenues","2013-04-25",NA,NA,NA,NA,NA,NA,NA,NA,NA,NA,"Total revenues accrual",NA,"KO","Not possible to estimate MIDAS model, more parameters than observations"
"factor_midas","France","Revenues","2013-04-27",NA,NA,NA,NA,NA,NA,NA,NA,NA,NA,"Total revenues accrual",NA,"KO","Not possible to estimate MIDAS model, more parameters than observations"
"factor_midas","France","Revenues","2013-05-01",5790.12576675609,2,NA,NA,NA,NA,NA,NA,2013-05-01,-3982.10000000003,"Total revenues accrual",NA,"OK",NA
"factor_midas","France","Revenues","2013-05-03",5812.14016231877,2,NA,NA,NA,NA,NA,NA,2013-05-01,-3982.10000000003,"Total revenues accrual",NA,"OK",NA
"factor_midas","France","Revenues","2013-05-05",5755.715182944,2,NA,NA,NA,NA,NA,NA,2013-05-01,-3982.10000000003,"Total revenues accrual",NA,"OK",NA
"factor_midas","France","Revenues","2013-05-15",4664.20747129355,2,NA,NA,NA,NA,NA,NA,2013-05-01,-3982.10000000003,"Total revenues accrual",NA,"OK",NA
"factor_midas","France","Revenues","2013-05-27",1959.23560390076,2,NA,NA,NA,NA,NA,NA,2013-05-01,-3982.10000000003,"Total revenues accrual",NA,"OK",NA
"factor_midas","France","Revenues","2013-05-30",2062.72671193053,2,NA,NA,NA,NA,NA,NA,2013-05-01,-3982.10000000003,"Total revenues accrual",NA,"OK",NA
"factor_midas","France","Revenues","2013-06-01",4529.80075343878,2,NA,NA,NA,NA,NA,NA,2013-06-01,-3982.10000000003,"Total revenues accrual",NA,"OK",NA
"factor_midas","France","Revenues","2013-06-05",4152.69045325649,2,NA,NA,NA,NA,NA,NA,2013-06-01,-3982.10000000003,"Total revenues accrual",NA,"OK",NA
"factor_midas","France","Revenues","2013-06-06",4728.87307608271,2,NA,NA,NA,NA,NA,NA,2013-06-01,-3982.10000000003,"Total revenues accrual",NA,"OK",NA
"factor_midas","France","Revenues","2013-06-15",461.941289326102,2,NA,NA,NA,NA,NA,NA,2013-06-01,3542.70000000001,"Total revenues accrual",NA,"OK",NA
"factor_midas","France","Revenues","2013-06-27",2448.7082059668,2,NA,NA,NA,NA,NA,NA,2013-06-01,3542.70000000001,"Total revenues accrual",NA,"OK",NA
"factor_midas","France","Revenues","2013-07-01",1137.53976856234,2,NA,NA,NA,NA,NA,NA,2013-07-01,3542.70000000001,"Total revenues accrual",NA,"OK",NA
"factor_midas","France","Revenues","2013-07-05",993.173575950039,2,NA,NA,NA,NA,NA,NA,2013-07-01,3542.70000000001,"Total revenues accrual",NA,"OK",NA
"factor_midas","France","Revenues","2013-07-15",-2717.5625227132,2,NA,NA,NA,NA,NA,NA,2013-07-01,3542.70000000001,"Total revenues accrual",NA,"OK",NA
"factor_midas","France","Revenues","2013-07-25",-2713.7473677218,2,NA,NA,NA,NA,NA,NA,2013-07-01,3542.70000000001,"Total revenues accrual",NA,"OK",NA
"factor_midas","France","Revenues","2013-07-27",-4281.67080394491,2,NA,NA,NA,NA,NA,NA,2013-07-01,3542.70000000001,"Total revenues accrual",NA,"OK",NA
"factor_midas","France","Revenues","2013-08-01",-2674.03506268769,2,NA,NA,NA,NA,NA,NA,2013-08-01,3542.70000000001,"Total revenues accrual",NA,"OK",NA
"factor_midas","France","Revenues","2013-08-04",-3232.74521526407,2,NA,NA,NA,NA,NA,NA,2013-08-01,3542.70000000001,"Total revenues accrual",NA,"OK",NA
"factor_midas","France","Revenues","2013-08-05",-3540.63672723814,2,NA,NA,NA,NA,NA,NA,2013-08-01,3542.70000000001,"Total revenues accrual",NA,"OK",NA
"factor_midas","France","Revenues","2013-08-15",-3534.37223827504,2,NA,NA,NA,NA,NA,NA,2013-08-01,3542.70000000001,"Total revenues accrual",NA,"OK",NA
"factor_midas","France","Revenues","2013-08-27",-2034.54379013565,2,NA,NA,NA,NA,NA,NA,2013-08-01,3542.70000000001,"Total revenues accrual",NA,"OK",NA
"factor_midas","France","Revenues","2013-08-29",-2262.48409205283,2,NA,NA,NA,NA,NA,NA,2013-08-01,3542.70000000001,"Total revenues accrual",NA,"OK",NA
"factor_midas","France","Revenues","2013-09-01",-2278.09397435973,2,NA,NA,NA,NA,NA,NA,2013-09-01,3542.70000000001,"Total revenues accrual",NA,"OK",NA
"factor_midas","France","Revenues","2013-09-05",-2384.35328436193,2,NA,NA,NA,NA,NA,NA,2013-09-01,3542.70000000001,"Total revenues accrual",NA,"OK",NA
"factor_midas","France","Revenues","2013-09-07",-2101.5901465809,2,NA,NA,NA,NA,NA,NA,2013-09-01,3542.70000000001,"Total revenues accrual",NA,"OK",NA
"factor_midas","France","Revenues","2013-09-15",2231.03630791444,2,NA,NA,NA,NA,NA,NA,2013-09-01,2809.29999999999,"Total revenues accrual",NA,"OK",NA
"factor_midas","France","Revenues","2013-09-26",2223.43328442204,2,NA,NA,NA,NA,NA,NA,2013-09-01,2809.29999999999,"Total revenues accrual",NA,"OK",NA
"factor_midas","France","Revenues","2013-09-27",2103.49787052922,2,NA,NA,NA,NA,NA,NA,2013-09-01,2809.29999999999,"Total revenues accrual",NA,"OK",NA
"factor_midas","France","Revenues","2013-10-01",1736.19528377976,2,NA,NA,NA,NA,NA,NA,2013-10-01,2809.29999999999,"Total revenues accrual",NA,"OK",NA
"factor_midas","France","Revenues","2013-10-02",1732.54369750261,2,NA,NA,NA,NA,NA,NA,2013-10-01,2809.29999999999,"Total revenues accrual",NA,"OK",NA
"factor_midas","France","Revenues","2013-10-05",2258.39180969087,2,NA,NA,NA,NA,NA,NA,2013-10-01,2809.29999999999,"Total revenues accrual",NA,"OK",NA
"factor_midas","France","Revenues","2013-10-15",3035.02400803226,2,NA,NA,NA,NA,NA,NA,2013-10-01,2809.29999999999,"Total revenues accrual",NA,"OK",NA
"factor_midas","France","Revenues","2013-10-27",4107.08426544037,2,NA,NA,NA,NA,NA,NA,2013-10-01,2809.29999999999,"Total revenues accrual",NA,"OK",NA
"factor_midas","France","Revenues","2013-10-31",4109.49645829072,2,NA,NA,NA,NA,NA,NA,2013-10-01,2809.29999999999,"Total revenues accrual",NA,"OK",NA
"factor_midas","France","Revenues","2013-11-01",4438.77724252258,2,NA,NA,NA,NA,NA,NA,2013-11-01,2809.29999999999,"Total revenues accrual",NA,"OK",NA
"factor_midas","France","Revenues","2013-11-05",3630.39156328859,2,NA,NA,NA,NA,NA,NA,2013-11-01,2809.29999999999,"Total revenues accrual",NA,"OK",NA
"factor_midas","France","Revenues","2013-11-15",4671.46611587025,2,NA,NA,NA,NA,NA,NA,2013-11-01,2809.29999999999,"Total revenues accrual",NA,"OK",NA
"factor_midas","France","Revenues","2013-11-27",251.153666929278,2,NA,NA,NA,NA,NA,NA,2013-11-01,2809.29999999999,"Total revenues accrual",NA,"OK",NA
"factor_midas","France","Revenues","2013-11-28",888.227571514117,2,NA,NA,NA,NA,NA,NA,2013-11-01,2809.29999999999,"Total revenues accrual",NA,"OK",NA
"factor_midas","France","Revenues","2013-12-01",772.283189036832,2,NA,NA,NA,NA,NA,NA,2013-12-01,2809.29999999999,"Total revenues accrual",NA,"OK",NA
"factor_midas","France","Revenues","2013-12-05",1304.65429184639,2,NA,NA,NA,NA,NA,NA,2013-12-01,2809.29999999999,"Total revenues accrual",NA,"OK",NA
"factor_midas","France","Revenues","2013-12-07",1171.39174255936,2,NA,NA,NA,NA,NA,NA,2013-12-01,2809.29999999999,"Total revenues accrual",NA,"OK",NA
"factor_midas","France","Revenues","2013-12-15",1932.52352417126,2,NA,NA,NA,NA,NA,NA,2013-12-01,1908.20000000001,"Total revenues accrual",NA,"OK",NA
"factor_midas","France","Revenues","2013-12-26",1930.47227808137,2,NA,NA,NA,NA,NA,NA,2013-12-01,1908.20000000001,"Total revenues accrual",NA,"OK",NA
"factor_midas","France","Revenues","2013-12-27",3057.74573436288,2,NA,NA,NA,NA,NA,NA,2013-12-01,1908.20000000001,"Total revenues accrual",NA,"OK",NA
"factor_midas","France","Revenues","2014-01-01",3968.39674162065,2,NA,NA,NA,NA,NA,NA,2014-01-01,1908.20000000001,"Total revenues accrual",NA,"OK",NA
"factor_midas","France","Revenues","2014-01-03",3921.64725562703,2,NA,NA,NA,NA,NA,NA,2014-01-01,1908.20000000001,"Total revenues accrual",NA,"OK",NA
"factor_midas","France","Revenues","2014-01-05",3586.89072995098,2,NA,NA,NA,NA,NA,NA,2014-01-01,1908.20000000001,"Total revenues accrual",NA,"OK",NA
"factor_midas","France","Revenues","2014-01-15",4350.8989617863,2,NA,NA,NA,NA,NA,NA,2014-01-01,1908.20000000001,"Total revenues accrual",NA,"OK",NA
"factor_midas","France","Revenues","2014-01-27",3846.32979710703,2,NA,NA,NA,NA,NA,NA,2014-01-01,1908.20000000001,"Total revenues accrual",NA,"OK",NA
"factor_midas","France","Revenues","2014-01-30",3839.83882099906,2,NA,NA,NA,NA,NA,NA,2014-01-01,1908.20000000001,"Total revenues accrual",NA,"OK",NA
"factor_midas","France","Revenues","2014-02-01",2400.3518483153,2,NA,NA,NA,NA,NA,NA,2014-02-01,1908.20000000001,"Total revenues accrual",NA,"OK",NA
"factor_midas","France","Revenues","2014-02-05",2459.39967672891,2,NA,NA,NA,NA,NA,NA,2014-02-01,1908.20000000001,"Total revenues accrual",NA,"OK",NA
"factor_midas","France","Revenues","2014-02-06",4342.54923004721,2,NA,NA,NA,NA,NA,NA,2014-02-01,1908.20000000001,"Total revenues accrual",NA,"OK",NA
"factor_midas","France","Revenues","2014-02-15",2624.25504068979,2,NA,NA,NA,NA,NA,NA,2014-02-01,1908.20000000001,"Total revenues accrual",NA,"OK",NA
"factor_midas","France","Revenues","2014-02-27",-858.01034451642,2,NA,NA,NA,NA,NA,NA,2014-02-01,1908.20000000001,"Total revenues accrual",NA,"OK",NA
"factor_midas","France","Revenues","2014-03-01",83.4150167101789,2,NA,NA,NA,NA,NA,NA,2014-03-01,1908.20000000001,"Total revenues accrual",NA,"OK",NA
"factor_midas","France","Revenues","2014-03-05",-465.107025185553,2,NA,NA,NA,NA,NA,NA,2014-03-01,1908.20000000001,"Total revenues accrual",NA,"OK",NA
"factor_midas","France","Revenues","2014-03-06",-15.5324964079159,2,NA,NA,NA,NA,NA,NA,2014-03-01,1908.20000000001,"Total revenues accrual",NA,"OK",NA
"factor_midas","France","Revenues","2014-03-15",1702.02283162356,2,NA,NA,NA,NA,NA,NA,2014-03-01,1217.90000000002,"Total revenues accrual",NA,"OK",NA
"factor_midas","France","Revenues","2014-03-27",4710.96406353015,2,NA,NA,NA,NA,NA,NA,2014-03-01,1217.90000000002,"Total revenues accrual",NA,"OK",NA
"factor_midas","France","Revenues","2014-04-01",4563.14656214178,2,NA,NA,NA,NA,NA,NA,2014-04-01,1217.90000000002,"Total revenues accrual",NA,"OK",NA
"factor_midas","France","Revenues","2014-04-02",4714.9941268969,2,NA,NA,NA,NA,NA,NA,2014-04-01,1217.90000000002,"Total revenues accrual",NA,"OK",NA
"factor_midas","France","Revenues","2014-04-05",3708.20746376906,2,NA,NA,NA,NA,NA,NA,2014-04-01,1217.90000000002,"Total revenues accrual",NA,"OK",NA
"factor_midas","France","Revenues","2014-04-15",5232.22164383617,2,NA,NA,NA,NA,NA,NA,2014-04-01,1217.90000000002,"Total revenues accrual",NA,"OK",NA
"factor_midas","France","Revenues","2014-04-24",5230.35743911747,2,NA,NA,NA,NA,NA,NA,2014-04-01,1217.90000000002,"Total revenues accrual",NA,"OK",NA
"factor_midas","France","Revenues","2014-04-27",3770.24050291138,2,NA,NA,NA,NA,NA,NA,2014-04-01,1217.90000000002,"Total revenues accrual",NA,"OK",NA
"factor_midas","France","Revenues","2014-05-01",3079.04926897071,2,NA,NA,NA,NA,NA,NA,2014-05-01,1217.90000000002,"Total revenues accrual",NA,"OK",NA
"factor_midas","France","Revenues","2014-05-04",2487.36621322064,2,NA,NA,NA,NA,NA,NA,2014-05-01,1217.90000000002,"Total revenues accrual",NA,"OK",NA
"factor_midas","France","Revenues","2014-05-05",2270.65485891259,2,NA,NA,NA,NA,NA,NA,2014-05-01,1217.90000000002,"Total revenues accrual",NA,"OK",NA
"factor_midas","France","Revenues","2014-05-15",-719.56977056029,2,NA,NA,NA,NA,NA,NA,2014-05-01,1217.90000000002,"Total revenues accrual",NA,"OK",NA
"factor_midas","France","Revenues","2014-05-27",2059.44239774249,2,NA,NA,NA,NA,NA,NA,2014-05-01,1217.90000000002,"Total revenues accrual",NA,"OK",NA
"factor_midas","France","Revenues","2014-05-29",2807.88819760486,2,NA,NA,NA,NA,NA,NA,2014-05-01,1217.90000000002,"Total revenues accrual",NA,"OK",NA
"factor_midas","France","Revenues","2014-06-01",3107.38826859742,2,NA,NA,NA,NA,NA,NA,2014-06-01,1217.90000000002,"Total revenues accrual",NA,"OK",NA
"factor_midas","France","Revenues","2014-06-05",3472.5234273274,2,NA,NA,NA,NA,NA,NA,2014-06-01,1217.90000000002,"Total revenues accrual",NA,"OK",NA
"factor_midas","France","Revenues","2014-06-07",3471.9169429616,2,NA,NA,NA,NA,NA,NA,2014-06-01,1217.90000000002,"Total revenues accrual",NA,"OK",NA
"factor_midas","France","Revenues","2014-06-15",3595.98628474713,2,NA,NA,NA,NA,NA,NA,2014-06-01,-567.5,"Total revenues accrual",NA,"OK",NA
"factor_midas","France","Revenues","2014-06-26",3636.82105098244,2,NA,NA,NA,NA,NA,NA,2014-06-01,-567.5,"Total revenues accrual",NA,"OK",NA
"factor_midas","France","Revenues","2014-06-27",3710.49665510117,2,NA,NA,NA,NA,NA,NA,2014-06-01,-567.5,"Total revenues accrual",NA,"OK",NA
"factor_midas","France","Revenues","2014-07-01",4732.78934431674,2,NA,NA,NA,NA,NA,NA,2014-07-01,-567.5,"Total revenues accrual",NA,"OK",NA
"factor_midas","France","Revenues","2014-07-02",4845.63295025599,2,NA,NA,NA,NA,NA,NA,2014-07-01,-567.5,"Total revenues accrual",NA,"OK",NA
"factor_midas","France","Revenues","2014-07-05",4147.50858869909,2,NA,NA,NA,NA,NA,NA,2014-07-01,-567.5,"Total revenues accrual",NA,"OK",NA
"factor_midas","France","Revenues","2014-07-15",6845.91576951911,2,NA,NA,NA,NA,NA,NA,2014-07-01,-567.5,"Total revenues accrual",NA,"OK",NA
"factor_midas","France","Revenues","2014-07-27",6466.69741662299,2,NA,NA,NA,NA,NA,NA,2014-07-01,-567.5,"Total revenues accrual",NA,"OK",NA
"factor_midas","France","Revenues","2014-07-31",6503.66531974987,2,NA,NA,NA,NA,NA,NA,2014-07-01,-567.5,"Total revenues accrual",NA,"OK",NA
"factor_midas","France","Revenues","2014-08-01",5665.99783107658,2,NA,NA,NA,NA,NA,NA,2014-08-01,-567.5,"Total revenues accrual",NA,"OK",NA
"factor_midas","France","Revenues","2014-08-05",3043.62267195664,2,NA,NA,NA,NA,NA,NA,2014-08-01,-567.5,"Total revenues accrual",NA,"OK",NA
"factor_midas","France","Revenues","2014-08-15",6148.2651641603,2,NA,NA,NA,NA,NA,NA,2014-08-01,-567.5,"Total revenues accrual",NA,"OK",NA
"factor_midas","France","Revenues","2014-08-27",4387.40406485044,2,NA,NA,NA,NA,NA,NA,2014-08-01,-567.5,"Total revenues accrual",NA,"OK",NA
"factor_midas","France","Revenues","2014-08-28",5298.74406483646,2,NA,NA,NA,NA,NA,NA,2014-08-01,-567.5,"Total revenues accrual",NA,"OK",NA
"factor_midas","France","Revenues","2014-09-01",6280.87729774203,2,NA,NA,NA,NA,NA,NA,2014-09-01,-567.5,"Total revenues accrual",NA,"OK",NA
"factor_midas","France","Revenues","2014-09-05",1269.13829822756,2,NA,NA,NA,NA,NA,NA,2014-09-01,-567.5,"Total revenues accrual",NA,"OK",NA
"factor_midas","France","Revenues","2014-09-15",1868.14746313044,2,NA,NA,NA,NA,NA,NA,2014-09-01,2032.89999999997,"Total revenues accrual",NA,"OK",NA
"factor_midas","France","Revenues","2014-09-25",1861.87713147732,2,NA,NA,NA,NA,NA,NA,2014-09-01,2032.89999999997,"Total revenues accrual",NA,"OK",NA
"factor_midas","France","Revenues","2014-09-27",2817.21755319519,2,NA,NA,NA,NA,NA,NA,2014-09-01,2032.89999999997,"Total revenues accrual",NA,"OK",NA
"factor_midas","France","Revenues","2014-10-01",3642.11470938948,2,NA,NA,NA,NA,NA,NA,2014-10-01,2032.89999999997,"Total revenues accrual",NA,"OK",NA
"factor_midas","France","Revenues","2014-10-03",3734.89573528211,2,NA,NA,NA,NA,NA,NA,2014-10-01,2032.89999999997,"Total revenues accrual",NA,"OK",NA
"factor_midas","France","Revenues","2014-10-05",3894.50613521666,2,NA,NA,NA,NA,NA,NA,2014-10-01,2032.89999999997,"Total revenues accrual",NA,"OK",NA
"factor_midas","France","Revenues","2014-10-15",2978.83142032577,2,NA,NA,NA,NA,NA,NA,2014-10-01,2032.89999999997,"Total revenues accrual",NA,"OK",NA
"factor_midas","France","Revenues","2014-10-27",2401.89089929775,2,NA,NA,NA,NA,NA,NA,2014-10-01,2032.89999999997,"Total revenues accrual",NA,"OK",NA
"factor_midas","France","Revenues","2014-10-30",2386.29597289691,2,NA,NA,NA,NA,NA,NA,2014-10-01,2032.89999999997,"Total revenues accrual",NA,"OK",NA
"factor_midas","France","Revenues","2014-11-01",1233.75153698265,2,NA,NA,NA,NA,NA,NA,2014-11-01,2032.89999999997,"Total revenues accrual",NA,"OK",NA
"factor_midas","France","Revenues","2014-11-05",668.054704553948,2,NA,NA,NA,NA,NA,NA,2014-11-01,2032.89999999997,"Total revenues accrual",NA,"OK",NA
"factor_midas","France","Revenues","2014-11-06",691.825378142922,2,NA,NA,NA,NA,NA,NA,2014-11-01,2032.89999999997,"Total revenues accrual",NA,"OK",NA
"factor_midas","France","Revenues","2014-11-15",3267.30801544979,2,NA,NA,NA,NA,NA,NA,2014-11-01,2032.89999999997,"Total revenues accrual",NA,"OK",NA
"factor_midas","France","Revenues","2014-11-27",6794.96771707846,2,NA,NA,NA,NA,NA,NA,2014-11-01,2032.89999999997,"Total revenues accrual",NA,"OK",NA
"factor_midas","France","Revenues","2014-12-01",7306.00830030054,2,NA,NA,NA,NA,NA,NA,2014-12-01,2032.89999999997,"Total revenues accrual",NA,"OK",NA
"factor_midas","France","Revenues","2014-12-05",7256.33292980785,2,NA,NA,NA,NA,NA,NA,2014-12-01,2032.89999999997,"Total revenues accrual",NA,"OK",NA
"factor_midas","France","Revenues","2014-12-15",3406.26668798851,2,NA,NA,NA,NA,NA,NA,2014-12-01,-482.399999999965,"Total revenues accrual",NA,"OK",NA
"factor_midas","France","Revenues","2014-12-25",3400.56062724595,2,NA,NA,NA,NA,NA,NA,2014-12-01,-482.399999999965,"Total revenues accrual",NA,"OK",NA
"factor_midas","France","Revenues","2014-12-27",3234.93614387946,2,NA,NA,NA,NA,NA,NA,2014-12-01,-482.399999999965,"Total revenues accrual",NA,"OK",NA
"factor_midas","France","Revenues","2015-01-01",3332.05112470327,2,NA,NA,NA,NA,NA,NA,2015-01-01,-482.399999999965,"Total revenues accrual",NA,"OK",NA
"factor_midas","France","Revenues","2015-01-04",3327.12438606724,2,NA,NA,NA,NA,NA,NA,2015-01-01,-482.399999999965,"Total revenues accrual",NA,"OK",NA
"factor_midas","France","Revenues","2015-01-05",3507.00931402692,2,NA,NA,NA,NA,NA,NA,2015-01-01,-482.399999999965,"Total revenues accrual",NA,"OK",NA
"factor_midas","France","Revenues","2015-01-15",4277.02407549091,2,NA,NA,NA,NA,NA,NA,2015-01-01,-482.399999999965,"Total revenues accrual",NA,"OK",NA
"factor_midas","France","Revenues","2015-01-27",4575.02824187613,2,NA,NA,NA,NA,NA,NA,2015-01-01,-482.399999999965,"Total revenues accrual",NA,"OK",NA
"factor_midas","France","Revenues","2015-01-29",4601.28150299945,2,NA,NA,NA,NA,NA,NA,2015-01-01,-482.399999999965,"Total revenues accrual",NA,"OK",NA
"factor_midas","France","Revenues","2015-02-01",3628.78218146042,2,NA,NA,NA,NA,NA,NA,2015-02-01,-482.399999999965,"Total revenues accrual",NA,"OK",NA
"factor_midas","France","Revenues","2015-02-05",3535.93944378494,2,NA,NA,NA,NA,NA,NA,2015-02-01,-482.399999999965,"Total revenues accrual",NA,"OK",NA
"factor_midas","France","Revenues","2015-02-07",4048.06427484938,2,NA,NA,NA,NA,NA,NA,2015-02-01,-482.399999999965,"Total revenues accrual",NA,"OK",NA
"factor_midas","France","Revenues","2015-02-15",4989.11908283811,2,NA,NA,NA,NA,NA,NA,2015-02-01,-482.399999999965,"Total revenues accrual",NA,"OK",NA
"factor_midas","France","Revenues","2015-02-26",4348.37360780981,2,NA,NA,NA,NA,NA,NA,2015-02-01,-482.399999999965,"Total revenues accrual",NA,"OK",NA
"factor_midas","France","Revenues","2015-02-27",1807.41375966187,2,NA,NA,NA,NA,NA,NA,2015-02-01,-482.399999999965,"Total revenues accrual",NA,"OK",NA
"factor_midas","France","Revenues","2015-03-01",2128.25688978181,2,NA,NA,NA,NA,NA,NA,2015-03-01,-482.399999999965,"Total revenues accrual",NA,"OK",NA
"factor_midas","France","Revenues","2015-03-05",1887.02676913197,2,NA,NA,NA,NA,NA,NA,2015-03-01,-482.399999999965,"Total revenues accrual",NA,"OK",NA
"factor_midas","France","Revenues","2015-03-07",1845.65250383709,2,NA,NA,NA,NA,NA,NA,2015-03-01,-482.399999999965,"Total revenues accrual",NA,"OK",NA
"factor_midas","France","Revenues","2015-03-15",2214.47707440357,2,NA,NA,NA,NA,NA,NA,2015-03-01,3563.79999999999,"Total revenues accrual",NA,"OK",NA
"factor_midas","France","Revenues","2015-03-26",2237.05921642465,2,NA,NA,NA,NA,NA,NA,2015-03-01,3563.79999999999,"Total revenues accrual",NA,"OK",NA
"factor_midas","France","Revenues","2015-03-27",1876.22435072009,2,NA,NA,NA,NA,NA,NA,2015-03-01,3563.79999999999,"Total revenues accrual",NA,"OK",NA
"factor_midas","France","Revenues","2015-04-01",1821.04021536327,2,NA,NA,NA,NA,NA,NA,2015-04-01,3563.79999999999,"Total revenues accrual",NA,"OK",NA
"factor_midas","France","Revenues","2015-04-03",1829.1602628685,2,NA,NA,NA,NA,NA,NA,2015-04-01,3563.79999999999,"Total revenues accrual",NA,"OK",NA
"factor_midas","France","Revenues","2015-04-05",2134.93668334361,2,NA,NA,NA,NA,NA,NA,2015-04-01,3563.79999999999,"Total revenues accrual",NA,"OK",NA
"factor_midas","France","Revenues","2015-04-15",2022.84908824901,2,NA,NA,NA,NA,NA,NA,2015-04-01,3563.79999999999,"Total revenues accrual",NA,"OK",NA
"factor_midas","France","Revenues","2015-04-27",1850.69306818366,2,NA,NA,NA,NA,NA,NA,2015-04-01,3563.79999999999,"Total revenues accrual",NA,"OK",NA
"factor_midas","France","Revenues","2015-04-30",1852.02660400054,2,NA,NA,NA,NA,NA,NA,2015-04-01,3563.79999999999,"Total revenues accrual",NA,"OK",NA
"factor_midas","France","Revenues","2015-05-01",1572.98919815752,2,NA,NA,NA,NA,NA,NA,2015-05-01,3563.79999999999,"Total revenues accrual",NA,"OK",NA
"factor_midas","France","Revenues","2015-05-05",1798.23238174462,2,NA,NA,NA,NA,NA,NA,2015-05-01,3563.79999999999,"Total revenues accrual",NA,"OK",NA
"factor_midas","France","Revenues","2015-05-15",1182.92359030408,2,NA,NA,NA,NA,NA,NA,2015-05-01,3563.79999999999,"Total revenues accrual",NA,"OK",NA
"factor_midas","France","Revenues","2015-05-27",1503.46159162813,2,NA,NA,NA,NA,NA,NA,2015-05-01,3563.79999999999,"Total revenues accrual",NA,"OK",NA
"factor_midas","France","Revenues","2015-05-28",1548.06816966757,2,NA,NA,NA,NA,NA,NA,2015-05-01,3563.79999999999,"Total revenues accrual",NA,"OK",NA
"factor_midas","France","Revenues","2015-06-01",1630.43932962554,2,NA,NA,NA,NA,NA,NA,2015-06-01,3563.79999999999,"Total revenues accrual",NA,"OK",NA
"factor_midas","France","Revenues","2015-06-05",1911.04412321749,2,NA,NA,NA,NA,NA,NA,2015-06-01,3563.79999999999,"Total revenues accrual",NA,"OK",NA
"factor_midas","France","Revenues","2015-06-15",2429.54310764193,2,NA,NA,NA,NA,NA,NA,2015-06-01,660.299999999988,"Total revenues accrual",NA,"OK",NA
"factor_midas","France","Revenues","2015-06-25",2432.26338944496,2,NA,NA,NA,NA,NA,NA,2015-06-01,660.299999999988,"Total revenues accrual",NA,"OK",NA
"factor_midas","France","Revenues","2015-06-27",2395.68795544786,2,NA,NA,NA,NA,NA,NA,2015-06-01,660.299999999988,"Total revenues accrual",NA,"OK",NA
"factor_midas","France","Revenues","2015-07-01",1809.26241885576,2,NA,NA,NA,NA,NA,NA,2015-07-01,660.299999999988,"Total revenues accrual",NA,"OK",NA
"factor_midas","France","Revenues","2015-07-03",1807.44123031098,2,NA,NA,NA,NA,NA,NA,2015-07-01,660.299999999988,"Total revenues accrual",NA,"OK",NA
"factor_midas","France","Revenues","2015-07-05",1801.88272227098,2,NA,NA,NA,NA,NA,NA,2015-07-01,660.299999999988,"Total revenues accrual",NA,"OK",NA
"factor_midas","France","Revenues","2015-07-15",3036.29527043014,2,NA,NA,NA,NA,NA,NA,2015-07-01,660.299999999988,"Total revenues accrual",NA,"OK",NA
"factor_midas","France","Revenues","2015-07-27",3105.48453689276,2,NA,NA,NA,NA,NA,NA,2015-07-01,660.299999999988,"Total revenues accrual",NA,"OK",NA
"factor_midas","France","Revenues","2015-07-30",3120.16627586776,2,NA,NA,NA,NA,NA,NA,2015-07-01,660.299999999988,"Total revenues accrual",NA,"OK",NA
"factor_midas","France","Revenues","2015-08-01",3569.60655003305,2,NA,NA,NA,NA,NA,NA,2015-08-01,660.299999999988,"Total revenues accrual",NA,"OK",NA
"factor_midas","France","Revenues","2015-08-05",3229.30884843211,2,NA,NA,NA,NA,NA,NA,2015-08-01,660.299999999988,"Total revenues accrual",NA,"OK",NA
"factor_midas","France","Revenues","2015-08-06",2114.50783493257,2,NA,NA,NA,NA,NA,NA,2015-08-01,660.299999999988,"Total revenues accrual",NA,"OK",NA
"factor_midas","France","Revenues","2015-08-15",1607.94204528378,2,NA,NA,NA,NA,NA,NA,2015-08-01,660.299999999988,"Total revenues accrual",NA,"OK",NA
"factor_midas","France","Revenues","2015-08-27",2290.46670375148,2,NA,NA,NA,NA,NA,NA,2015-08-01,660.299999999988,"Total revenues accrual",NA,"OK",NA
"factor_midas","France","Revenues","2015-09-01",2381.49443091144,2,NA,NA,NA,NA,NA,NA,2015-09-01,660.299999999988,"Total revenues accrual",NA,"OK",NA
"factor_midas","France","Revenues","2015-09-02",2348.34019630921,2,NA,NA,NA,NA,NA,NA,2015-09-01,660.299999999988,"Total revenues accrual",NA,"OK",NA
"factor_midas","France","Revenues","2015-09-05",836.914437650861,2,NA,NA,NA,NA,NA,NA,2015-09-01,660.299999999988,"Total revenues accrual",NA,"OK",NA
"factor_midas","France","Revenues","2015-09-15",2009.06753541021,2,NA,NA,NA,NA,NA,NA,2015-09-01,2243.90000000002,"Total revenues accrual",NA,"OK",NA
"factor_midas","France","Revenues","2015-09-24",2022.74635830621,2,NA,NA,NA,NA,NA,NA,2015-09-01,2243.90000000002,"Total revenues accrual",NA,"OK",NA
"factor_midas","France","Revenues","2015-09-27",1846.68215475382,2,NA,NA,NA,NA,NA,NA,2015-09-01,2243.90000000002,"Total revenues accrual",NA,"OK",NA
"factor_midas","France","Revenues","2015-10-01",1664.76415090817,2,NA,NA,NA,NA,NA,NA,2015-10-01,2243.90000000002,"Total revenues accrual",NA,"OK",NA
"factor_midas","France","Revenues","2015-10-04",1653.42543751211,2,NA,NA,NA,NA,NA,NA,2015-10-01,2243.90000000002,"Total revenues accrual",NA,"OK",NA
"factor_midas","France","Revenues","2015-10-05",2235.07064594451,2,NA,NA,NA,NA,NA,NA,2015-10-01,2243.90000000002,"Total revenues accrual",NA,"OK",NA
"factor_midas","France","Revenues","2015-10-15",2221.85678141005,2,NA,NA,NA,NA,NA,NA,2015-10-01,2243.90000000002,"Total revenues accrual",NA,"OK",NA
"factor_midas","France","Revenues","2015-10-27",2291.9342201095,2,NA,NA,NA,NA,NA,NA,2015-10-01,2243.90000000002,"Total revenues accrual",NA,"OK",NA
"factor_midas","France","Revenues","2015-10-29",2357.80927040052,2,NA,NA,NA,NA,NA,NA,2015-10-01,2243.90000000002,"Total revenues accrual",NA,"OK",NA
"factor_midas","France","Revenues","2015-11-01",1775.33365524667,2,NA,NA,NA,NA,NA,NA,2015-11-01,2243.90000000002,"Total revenues accrual",NA,"OK",NA
"factor_midas","France","Revenues","2015-11-05",1721.05226421771,2,NA,NA,NA,NA,NA,NA,2015-11-01,2243.90000000002,"Total revenues accrual",NA,"OK",NA
"factor_midas","France","Revenues","2015-11-07",3963.96342855746,2,NA,NA,NA,NA,NA,NA,2015-11-01,2243.90000000002,"Total revenues accrual",NA,"OK",NA
"factor_midas","France","Revenues","2015-11-15",3361.03240346179,2,NA,NA,NA,NA,NA,NA,2015-11-01,2243.90000000002,"Total revenues accrual",NA,"OK",NA
"factor_midas","France","Revenues","2015-11-26",3912.23982892457,2,NA,NA,NA,NA,NA,NA,2015-11-01,2243.90000000002,"Total revenues accrual",NA,"OK",NA
"factor_midas","France","Revenues","2015-11-27",4804.20191086888,2,NA,NA,NA,NA,NA,NA,2015-11-01,2243.90000000002,"Total revenues accrual",NA,"OK",NA
"factor_midas","France","Revenues","2015-12-01",4579.24124325505,2,NA,NA,NA,NA,NA,NA,2015-12-01,2243.90000000002,"Total revenues accrual",NA,"OK",NA
"factor_midas","France","Revenues","2015-12-02",5836.3166482154,2,NA,NA,NA,NA,NA,NA,2015-12-01,2243.90000000002,"Total revenues accrual",NA,"OK",NA
"factor_midas","France","Revenues","2015-12-05",4912.82909658046,2,NA,NA,NA,NA,NA,NA,2015-12-01,2243.90000000002,"Total revenues accrual",NA,"OK",NA
"factor_midas","France","Revenues","2015-12-15",2253.75372982449,2,NA,NA,NA,NA,NA,NA,2015-12-01,108.5,"Total revenues accrual",NA,"OK",NA
"factor_midas","France","Revenues","2015-12-27",1834.16405583884,2,NA,NA,NA,NA,NA,NA,2015-12-01,108.5,"Total revenues accrual",NA,"OK",NA
"factor_midas","France","Revenues","2015-12-31",1833.75524521894,2,NA,NA,NA,NA,NA,NA,2015-12-01,108.5,"Total revenues accrual",NA,"OK",NA
"factor_midas","France","Revenues","2016-01-01",1780.73105743285,2,NA,NA,NA,NA,NA,NA,2016-01-01,108.5,"Total revenues accrual",NA,"OK",NA
"factor_midas","France","Revenues","2016-01-05",2196.54839016232,2,NA,NA,NA,NA,NA,NA,2016-01-01,108.5,"Total revenues accrual",NA,"OK",NA
"factor_midas","France","Revenues","2016-01-15",1869.81410302681,2,NA,NA,NA,NA,NA,NA,2016-01-01,108.5,"Total revenues accrual",NA,"OK",NA
"factor_midas","France","Revenues","2016-01-27",2016.94385878646,2,NA,NA,NA,NA,NA,NA,2016-01-01,108.5,"Total revenues accrual",NA,"OK",NA
"factor_midas","France","Revenues","2016-01-28",2094.90283439657,2,NA,NA,NA,NA,NA,NA,2016-01-01,108.5,"Total revenues accrual",NA,"OK",NA
"factor_midas","France","Revenues","2016-02-01",2453.75945276142,2,NA,NA,NA,NA,NA,NA,2016-02-01,108.5,"Total revenues accrual",NA,"OK",NA
"factor_midas","France","Revenues","2016-02-05",2624.59912590169,2,NA,NA,NA,NA,NA,NA,2016-02-01,108.5,"Total revenues accrual",NA,"OK",NA
"factor_midas","France","Revenues","2016-02-15",3688.34422180875,2,NA,NA,NA,NA,NA,NA,2016-02-01,108.5,"Total revenues accrual",NA,"OK",NA
"factor_midas","France","Revenues","2016-02-25",3717.91115691102,2,NA,NA,NA,NA,NA,NA,2016-02-01,108.5,"Total revenues accrual",NA,"OK",NA
"factor_midas","France","Revenues","2016-02-27",4147.84461292271,2,NA,NA,NA,NA,NA,NA,2016-02-01,108.5,"Total revenues accrual",NA,"OK",NA
"factor_midas","France","Revenues","2016-03-01",4055.7477102091,2,NA,NA,NA,NA,NA,NA,2016-03-01,108.5,"Total revenues accrual",NA,"OK",NA
"factor_midas","France","Revenues","2016-03-02",3854.86670430435,2,NA,NA,NA,NA,NA,NA,2016-03-01,108.5,"Total revenues accrual",NA,"OK",NA
"factor_midas","France","Revenues","2016-03-05",5402.17772822192,2,NA,NA,NA,NA,NA,NA,2016-03-01,108.5,"Total revenues accrual",NA,"OK",NA
"factor_midas","France","Revenues","2016-03-15",3002.5991847461,2,NA,NA,NA,NA,NA,NA,2016-03-01,-322.200000000012,"Total revenues accrual",NA,"OK",NA
"factor_midas","France","Revenues","2016-03-27",3112.37535441971,2,NA,NA,NA,NA,NA,NA,2016-03-01,-322.200000000012,"Total revenues accrual",NA,"OK",NA
"factor_midas","France","Revenues","2016-03-31",3070.81170371029,2,NA,NA,NA,NA,NA,NA,2016-03-01,-322.200000000012,"Total revenues accrual",NA,"OK",NA
"factor_midas","France","Revenues","2016-04-01",3076.87818417077,2,NA,NA,NA,NA,NA,NA,2016-04-01,-322.200000000012,"Total revenues accrual",NA,"OK",NA
"factor_midas","France","Revenues","2016-04-05",2809.46035660241,2,NA,NA,NA,NA,NA,NA,2016-04-01,-322.200000000012,"Total revenues accrual",NA,"OK",NA
"factor_midas","France","Revenues","2016-04-15",2333.73867129325,2,NA,NA,NA,NA,NA,NA,2016-04-01,-322.200000000012,"Total revenues accrual",NA,"OK",NA
"factor_midas","France","Revenues","2016-04-27",2328.01025538621,2,NA,NA,NA,NA,NA,NA,2016-04-01,-322.200000000012,"Total revenues accrual",NA,"OK",NA
"factor_midas","France","Revenues","2016-04-28",2286.58805140338,2,NA,NA,NA,NA,NA,NA,2016-04-01,-322.200000000012,"Total revenues accrual",NA,"OK",NA
"factor_midas","France","Revenues","2016-05-01",2183.97266590612,2,NA,NA,NA,NA,NA,NA,2016-05-01,-322.200000000012,"Total revenues accrual",NA,"OK",NA
"factor_midas","France","Revenues","2016-05-05",2226.50210597278,2,NA,NA,NA,NA,NA,NA,2016-05-01,-322.200000000012,"Total revenues accrual",NA,"OK",NA
"factor_midas","France","Revenues","2016-05-07",2253.4897855452,2,NA,NA,NA,NA,NA,NA,2016-05-01,-322.200000000012,"Total revenues accrual",NA,"OK",NA
"factor_midas","France","Revenues","2016-05-15",2248.61003772264,2,NA,NA,NA,NA,NA,NA,2016-05-01,-322.200000000012,"Total revenues accrual",NA,"OK",NA
"factor_midas","France","Revenues","2016-05-26",2245.94831031036,2,NA,NA,NA,NA,NA,NA,2016-05-01,-322.200000000012,"Total revenues accrual",NA,"OK",NA
"factor_midas","France","Revenues","2016-05-27",2197.38339871965,2,NA,NA,NA,NA,NA,NA,2016-05-01,-322.200000000012,"Total revenues accrual",NA,"OK",NA
"factor_midas","France","Revenues","2016-06-01",2149.72452290962,2,NA,NA,NA,NA,NA,NA,2016-06-01,-322.200000000012,"Total revenues accrual",NA,"OK",NA
"factor_midas","France","Revenues","2016-06-03",2230.47125677903,2,NA,NA,NA,NA,NA,NA,2016-06-01,-322.200000000012,"Total revenues accrual",NA,"OK",NA
"factor_midas","France","Revenues","2016-06-05",1995.77209488233,2,NA,NA,NA,NA,NA,NA,2016-06-01,-322.200000000012,"Total revenues accrual",NA,"OK",NA
"factor_midas","France","Revenues","2016-06-15",2887.87113030981,2,NA,NA,NA,NA,NA,NA,2016-06-01,1595.79999999999,"Total revenues accrual",NA,"OK",NA
"factor_midas","France","Revenues","2016-06-27",2894.05834931112,2,NA,NA,NA,NA,NA,NA,2016-06-01,1595.79999999999,"Total revenues accrual",NA,"OK",NA
"factor_midas","France","Revenues","2016-06-30",2806.32974712051,2,NA,NA,NA,NA,NA,NA,2016-06-01,1595.79999999999,"Total revenues accrual",NA,"OK",NA
"factor_midas","France","Revenues","2016-07-01",2776.97643000733,2,NA,NA,NA,NA,NA,NA,2016-07-01,1595.79999999999,"Total revenues accrual",NA,"OK",NA
"factor_midas","France","Revenues","2016-07-05",2840.45715101438,2,NA,NA,NA,NA,NA,NA,2016-07-01,1595.79999999999,"Total revenues accrual",NA,"OK",NA
"factor_midas","France","Revenues","2016-07-15",2366.60774007089,2,NA,NA,NA,NA,NA,NA,2016-07-01,1595.79999999999,"Total revenues accrual",NA,"OK",NA
"factor_midas","France","Revenues","2016-07-27",1909.77917664744,2,NA,NA,NA,NA,NA,NA,2016-07-01,1595.79999999999,"Total revenues accrual",NA,"OK",NA
"factor_midas","France","Revenues","2016-07-28",1884.19583435269,2,NA,NA,NA,NA,NA,NA,2016-07-01,1595.79999999999,"Total revenues accrual",NA,"OK",NA
"factor_midas","France","Revenues","2016-08-01",1958.97945596698,2,NA,NA,NA,NA,NA,NA,2016-08-01,1595.79999999999,"Total revenues accrual",NA,"OK",NA
"factor_midas","France","Revenues","2016-08-05",1949.11209887508,2,NA,NA,NA,NA,NA,NA,2016-08-01,1595.79999999999,"Total revenues accrual",NA,"OK",NA
"factor_midas","France","Revenues","2016-08-15",2084.39489426536,2,NA,NA,NA,NA,NA,NA,2016-08-01,1595.79999999999,"Total revenues accrual",NA,"OK",NA
"factor_midas","France","Revenues","2016-08-25",2012.91792416062,2,NA,NA,NA,NA,NA,NA,2016-08-01,1595.79999999999,"Total revenues accrual",NA,"OK",NA
"factor_midas","France","Revenues","2016-08-27",2093.46501500763,2,NA,NA,NA,NA,NA,NA,2016-08-01,1595.79999999999,"Total revenues accrual",NA,"OK",NA
"factor_midas","France","Revenues","2016-09-01",2093.04658532253,2,NA,NA,NA,NA,NA,NA,2016-09-01,1595.79999999999,"Total revenues accrual",NA,"OK",NA
"factor_midas","France","Revenues","2016-09-04",2117.39702417519,2,NA,NA,NA,NA,NA,NA,2016-09-01,1595.79999999999,"Total revenues accrual",NA,"OK",NA
"factor_midas","France","Revenues","2016-09-05",1901.2563241093,2,NA,NA,NA,NA,NA,NA,2016-09-01,1595.79999999999,"Total revenues accrual",NA,"OK",NA
"factor_midas","France","Revenues","2016-09-15",2372.45696552197,2,NA,NA,NA,NA,NA,NA,2016-09-01,276.799999999988,"Total revenues accrual",NA,"OK",NA
"factor_midas","France","Revenues","2016-09-27",2655.88848918576,2,NA,NA,NA,NA,NA,NA,2016-09-01,276.799999999988,"Total revenues accrual",NA,"OK",NA
"factor_midas","France","Revenues","2016-09-29",2686.1029808622,2,NA,NA,NA,NA,NA,NA,2016-09-01,276.799999999988,"Total revenues accrual",NA,"OK",NA
"factor_midas","France","Revenues","2016-10-01",2701.72324915453,2,NA,NA,NA,NA,NA,NA,2016-10-01,276.799999999988,"Total revenues accrual",NA,"OK",NA
"factor_midas","France","Revenues","2016-10-05",2856.57055819675,2,NA,NA,NA,NA,NA,NA,2016-10-01,276.799999999988,"Total revenues accrual",NA,"OK",NA
"factor_midas","France","Revenues","2016-10-06",2976.50205357518,2,NA,NA,NA,NA,NA,NA,2016-10-01,276.799999999988,"Total revenues accrual",NA,"OK",NA
"factor_midas","France","Revenues","2016-10-15",2825.19582180604,2,NA,NA,NA,NA,NA,NA,2016-10-01,276.799999999988,"Total revenues accrual",NA,"OK",NA
"factor_midas","France","Revenues","2016-10-27",2878.57360913333,2,NA,NA,NA,NA,NA,NA,2016-10-01,276.799999999988,"Total revenues accrual",NA,"OK",NA
"factor_midas","France","Revenues","2016-11-01",2888.11378570773,2,NA,NA,NA,NA,NA,NA,2016-11-01,276.799999999988,"Total revenues accrual",NA,"OK",NA
"factor_midas","France","Revenues","2016-11-02",2913.58083957971,2,NA,NA,NA,NA,NA,NA,2016-11-01,276.799999999988,"Total revenues accrual",NA,"OK",NA
"factor_midas","France","Revenues","2016-11-05",2922.98573931609,2,NA,NA,NA,NA,NA,NA,2016-11-01,276.799999999988,"Total revenues accrual",NA,"OK",NA
"factor_midas","France","Revenues","2016-11-15",3003.17889633351,2,NA,NA,NA,NA,NA,NA,2016-11-01,276.799999999988,"Total revenues accrual",NA,"OK",NA
"factor_midas","France","Revenues","2016-11-24",2991.97476296909,2,NA,NA,NA,NA,NA,NA,2016-11-01,276.799999999988,"Total revenues accrual",NA,"OK",NA
"factor_midas","France","Revenues","2016-11-27",2999.99211881822,2,NA,NA,NA,NA,NA,NA,2016-11-01,276.799999999988,"Total revenues accrual",NA,"OK",NA
"factor_midas","France","Revenues","2016-12-01",2974.06908656983,2,NA,NA,NA,NA,NA,NA,2016-12-01,276.799999999988,"Total revenues accrual",NA,"OK",NA
"factor_midas","France","Revenues","2016-12-04",2996.0014466401,2,NA,NA,NA,NA,NA,NA,2016-12-01,276.799999999988,"Total revenues accrual",NA,"OK",NA
"factor_midas","France","Revenues","2016-12-05",3181.69349024518,2,NA,NA,NA,NA,NA,NA,2016-12-01,276.799999999988,"Total revenues accrual",NA,"OK",NA
"factor_midas","France","Revenues","2016-12-15",2562.03838921229,2,NA,NA,NA,NA,NA,NA,2016-12-01,4501.60000000003,"Total revenues accrual",NA,"OK",NA
"factor_midas","France","Revenues","2016-12-27",2685.36418476757,2,NA,NA,NA,NA,NA,NA,2016-12-01,4501.60000000003,"Total revenues accrual",NA,"OK",NA
"factor_midas","France","Revenues","2016-12-29",2731.65513231145,2,NA,NA,NA,NA,NA,NA,2016-12-01,4501.60000000003,"Total revenues accrual",NA,"OK",NA
"factor_midas","France","Revenues","2017-01-01",2732.33153494995,2,NA,NA,NA,NA,NA,NA,2017-01-01,4501.60000000003,"Total revenues accrual",NA,"OK",NA
"factor_midas","France","Revenues","2017-01-05",3151.06880138003,2,NA,NA,NA,NA,NA,NA,2017-01-01,4501.60000000003,"Total revenues accrual",NA,"OK",NA
"factor_midas","France","Revenues","2017-01-07",3198.31421318466,2,NA,NA,NA,NA,NA,NA,2017-01-01,4501.60000000003,"Total revenues accrual",NA,"OK",NA
"factor_midas","France","Revenues","2017-01-15",2644.33240274159,2,NA,NA,NA,NA,NA,NA,2017-01-01,4501.60000000003,"Total revenues accrual",NA,"OK",NA
"factor_midas","France","Revenues","2017-01-26",2652.69792321814,2,NA,NA,NA,NA,NA,NA,2017-01-01,4501.60000000003,"Total revenues accrual",NA,"OK",NA
"factor_midas","France","Revenues","2017-01-27",2871.90914240295,2,NA,NA,NA,NA,NA,NA,2017-01-01,4501.60000000003,"Total revenues accrual",NA,"OK",NA
"factor_midas","France","Revenues","2017-02-01",2944.2927325249,2,NA,NA,NA,NA,NA,NA,2017-02-01,4501.60000000003,"Total revenues accrual",NA,"OK",NA
"factor_midas","France","Revenues","2017-02-03",2935.74558956785,2,NA,NA,NA,NA,NA,NA,2017-02-01,4501.60000000003,"Total revenues accrual",NA,"OK",NA
"factor_midas","France","Revenues","2017-02-05",2959.84899008963,2,NA,NA,NA,NA,NA,NA,2017-02-01,4501.60000000003,"Total revenues accrual",NA,"OK",NA
"factor_midas","France","Revenues","2017-02-15",2956.9197805814,2,NA,NA,NA,NA,NA,NA,2017-02-01,4501.60000000003,"Total revenues accrual",NA,"OK",NA
"factor_midas","France","Revenues","2017-02-23",2950.53537025994,2,NA,NA,NA,NA,NA,NA,2017-02-01,4501.60000000003,"Total revenues accrual",NA,"OK",NA
"factor_midas","France","Revenues","2017-02-27",2931.65426476655,2,NA,NA,NA,NA,NA,NA,2017-02-01,4501.60000000003,"Total revenues accrual",NA,"OK",NA
"factor_midas","France","Revenues","2017-03-01",2840.14671392053,2,NA,NA,NA,NA,NA,NA,2017-03-01,4501.60000000003,"Total revenues accrual",NA,"OK",NA
"factor_midas","France","Revenues","2017-03-03",2880.4376498865,2,NA,NA,NA,NA,NA,NA,2017-03-01,4501.60000000003,"Total revenues accrual",NA,"OK",NA
"factor_midas","France","Revenues","2017-03-05",2625.09508160905,2,NA,NA,NA,NA,NA,NA,2017-03-01,4501.60000000003,"Total revenues accrual",NA,"OK",NA
"factor_midas","France","Revenues","2017-03-15",2815.22241673801,2,NA,NA,NA,NA,NA,NA,2017-03-01,2344.89999999997,"Total revenues accrual",NA,"OK",NA
"factor_midas","France","Revenues","2017-03-27",2493.5744970439,2,NA,NA,NA,NA,NA,NA,2017-03-01,2344.89999999997,"Total revenues accrual",NA,"OK",NA
"factor_midas","France","Revenues","2017-03-30",2482.16643336515,2,NA,NA,NA,NA,NA,NA,2017-03-01,2344.89999999997,"Total revenues accrual",NA,"OK",NA
"factor_midas","France","Revenues","2017-04-01",2324.5867453037,2,NA,NA,NA,NA,NA,NA,2017-04-01,2344.89999999997,"Total revenues accrual",NA,"OK",NA
"factor_midas","France","Revenues","2017-04-05",3028.85548179588,2,NA,NA,NA,NA,NA,NA,2017-04-01,2344.89999999997,"Total revenues accrual",NA,"OK",NA
"factor_midas","France","Revenues","2017-04-06",2934.55534149343,2,NA,NA,NA,NA,NA,NA,2017-04-01,2344.89999999997,"Total revenues accrual",NA,"OK",NA
"factor_midas","France","Revenues","2017-04-15",3385.80296707863,2,NA,NA,NA,NA,NA,NA,2017-04-01,2344.89999999997,"Total revenues accrual",NA,"OK",NA
"factor_midas","France","Revenues","2017-04-27",3417.25862753229,2,NA,NA,NA,NA,NA,NA,2017-04-01,2344.89999999997,"Total revenues accrual",NA,"OK",NA
"factor_midas","France","Revenues","2017-05-01",3320.06414164341,2,NA,NA,NA,NA,NA,NA,2017-05-01,2344.89999999997,"Total revenues accrual",NA,"OK",NA
"factor_midas","France","Revenues","2017-05-05",3307.63748705979,2,NA,NA,NA,NA,NA,NA,2017-05-01,2344.89999999997,"Total revenues accrual",NA,"OK",NA
"factor_midas","France","Revenues","2017-05-15",3323.00148502888,2,NA,NA,NA,NA,NA,NA,2017-05-01,2344.89999999997,"Total revenues accrual",NA,"OK",NA
"factor_midas","France","Revenues","2017-05-25",3316.00016502933,2,NA,NA,NA,NA,NA,NA,2017-05-01,2344.89999999997,"Total revenues accrual",NA,"OK",NA
"factor_midas","France","Revenues","2017-05-27",3412.21845896032,2,NA,NA,NA,NA,NA,NA,2017-05-01,2344.89999999997,"Total revenues accrual",NA,"OK",NA
"factor_midas","France","Revenues","2017-06-01",3456.82282856553,2,NA,NA,NA,NA,NA,NA,2017-06-01,2344.89999999997,"Total revenues accrual",NA,"OK",NA
"factor_midas","France","Revenues","2017-06-04",3446.02999570047,2,NA,NA,NA,NA,NA,NA,2017-06-01,2344.89999999997,"Total revenues accrual",NA,"OK",NA
"factor_midas","France","Revenues","2017-06-05",2998.21728431407,2,NA,NA,NA,NA,NA,NA,2017-06-01,2344.89999999997,"Total revenues accrual",NA,"OK",NA
"factor_midas","France","Revenues","2017-06-15",1758.21048307752,2,NA,NA,NA,NA,NA,NA,2017-06-01,4735.80000000005,"Total revenues accrual",NA,"OK",NA
"factor_midas","France","Revenues","2017-06-27",1723.95574320904,2,NA,NA,NA,NA,NA,NA,2017-06-01,4735.80000000005,"Total revenues accrual",NA,"OK",NA
"factor_midas","France","Revenues","2017-06-29",1749.69640801948,2,NA,NA,NA,NA,NA,NA,2017-06-01,4735.80000000005,"Total revenues accrual",NA,"OK",NA
"factor_midas","France","Revenues","2017-07-01",1715.28563698853,2,NA,NA,NA,NA,NA,NA,2017-07-01,4735.80000000005,"Total revenues accrual",NA,"OK",NA
"factor_midas","France","Revenues","2017-07-05",2280.9740041195,2,NA,NA,NA,NA,NA,NA,2017-07-01,4735.80000000005,"Total revenues accrual",NA,"OK",NA
"factor_midas","France","Revenues","2017-07-06",2424.82332224764,2,NA,NA,NA,NA,NA,NA,2017-07-01,4735.80000000005,"Total revenues accrual",NA,"OK",NA
"factor_midas","France","Revenues","2017-07-15",1457.51393456599,2,NA,NA,NA,NA,NA,NA,2017-07-01,4735.80000000005,"Total revenues accrual",NA,"OK",NA
"factor_midas","France","Revenues","2017-07-27",1607.00171663033,2,NA,NA,NA,NA,NA,NA,2017-07-01,4735.80000000005,"Total revenues accrual",NA,"OK",NA
"factor_midas","France","Revenues","2017-08-01",2257.18360330436,1,NA,NA,NA,NA,NA,NA,2017-08-01,4735.80000000005,"Total revenues accrual",NA,"OK",NA
"factor_midas","France","Revenues","2017-08-02",1862.80414464254,1,NA,NA,NA,NA,NA,NA,2017-08-01,4735.80000000005,"Total revenues accrual",NA,"OK",NA
"factor_midas","France","Revenues","2017-08-05",1356.2672070925,2,NA,NA,NA,NA,NA,NA,2017-08-01,4735.80000000005,"Total revenues accrual",NA,"OK",NA
"factor_midas","France","Revenues","2017-08-15",1965.92373455603,1,NA,NA,NA,NA,NA,NA,2017-08-01,4735.80000000005,"Total revenues accrual",NA,"OK",NA
"factor_midas","France","Revenues","2017-08-27",2125.0228130172,1,NA,NA,NA,NA,NA,NA,2017-08-01,4735.80000000005,"Total revenues accrual",NA,"OK",NA
"factor_midas","France","Revenues","2017-08-31",2215.75633370508,1,NA,NA,NA,NA,NA,NA,2017-08-01,4735.80000000005,"Total revenues accrual",NA,"OK",NA
"factor_midas","France","Revenues","2017-09-01",2289.69518245614,1,NA,NA,NA,NA,NA,NA,2017-09-01,4735.80000000005,"Total revenues accrual",NA,"OK",NA
"factor_midas","France","Revenues","2017-09-05",2657.36351676952,1,NA,NA,NA,NA,NA,NA,2017-09-01,4735.80000000005,"Total revenues accrual",NA,"OK",NA
"factor_midas","France","Revenues","2017-09-15",3879.1387683972,1,NA,NA,NA,NA,NA,NA,2017-09-01,2237,"Total revenues accrual",NA,"OK",NA
"factor_midas","France","Revenues","2017-09-27",3971.26875160984,1,NA,NA,NA,NA,NA,NA,2017-09-01,2237,"Total revenues accrual",NA,"OK",NA
"factor_midas","France","Revenues","2017-09-28",4046.11567330215,1,NA,NA,NA,NA,NA,NA,2017-09-01,2237,"Total revenues accrual",NA,"OK",NA
"factor_midas","France","Revenues","2017-10-01",4164.83524029556,1,NA,NA,NA,NA,NA,NA,2017-10-01,2237,"Total revenues accrual",NA,"OK",NA
"factor_midas","France","Revenues","2017-10-05",3920.85937482883,1,NA,NA,NA,NA,NA,NA,2017-10-01,2237,"Total revenues accrual",NA,"OK",NA
"factor_midas","France","Revenues","2017-10-07",3323.10747129794,1,NA,NA,NA,NA,NA,NA,2017-10-01,2237,"Total revenues accrual",NA,"OK",NA
"factor_midas","France","Revenues","2017-10-15",3642.30434273723,1,NA,NA,NA,NA,NA,NA,2017-10-01,2237,"Total revenues accrual",NA,"OK",NA
"factor_midas","France","Revenues","2017-10-26",3606.94607554246,1,NA,NA,NA,NA,NA,NA,2017-10-01,2237,"Total revenues accrual",NA,"OK",NA
"factor_midas","France","Revenues","2017-10-27",3604.47126254926,1,NA,NA,NA,NA,NA,NA,2017-10-01,2237,"Total revenues accrual",NA,"OK",NA
"factor_midas","France","Revenues","2017-11-01",3657.09196502877,1,NA,NA,NA,NA,NA,NA,2017-11-01,2237,"Total revenues accrual",NA,"OK",NA
"factor_midas","France","Revenues","2017-11-03",4395.14397556989,1,NA,NA,NA,NA,NA,NA,2017-11-01,2237,"Total revenues accrual",NA,"OK",NA
"factor_midas","France","Revenues","2017-11-05",4554.15142265038,1,NA,NA,NA,NA,NA,NA,2017-11-01,2237,"Total revenues accrual",NA,"OK",NA
"factor_midas","France","Revenues","2017-11-15",4610.31546220665,1,NA,NA,NA,NA,NA,NA,2017-11-01,2237,"Total revenues accrual",NA,"OK",NA
"factor_midas","France","Revenues","2017-11-27",4681.91886460541,1,NA,NA,NA,NA,NA,NA,2017-11-01,2237,"Total revenues accrual",NA,"OK",NA
"factor_midas","France","Revenues","2017-11-30",4696.88111135028,1,NA,NA,NA,NA,NA,NA,2017-11-01,2237,"Total revenues accrual",NA,"OK",NA
"factor_midas","France","Revenues","2017-12-01",4637.34878721406,1,NA,NA,NA,NA,NA,NA,2017-12-01,2237,"Total revenues accrual",NA,"OK",NA
"factor_midas","France","Revenues","2017-12-05",4628.61441751138,1,NA,NA,NA,NA,NA,NA,2017-12-01,2237,"Total revenues accrual",NA,"OK",NA
"factor_midas","France","Revenues","2017-12-15",3658.59089422401,1,NA,NA,NA,NA,NA,NA,2017-12-01,4519,"Total revenues accrual",NA,"OK",NA
"factor_midas","France","Revenues","2017-12-27",3504.57697212861,1,NA,NA,NA,NA,NA,NA,2017-12-01,4519,"Total revenues accrual",NA,"OK",NA
"factor_midas","France","Revenues","2017-12-28",3625.56034629171,1,NA,NA,NA,NA,NA,NA,2017-12-01,4519,"Total revenues accrual",NA,"OK",NA
"factor_midas","France","Revenues","2018-01-01",3559.56724594743,1,NA,NA,NA,NA,NA,NA,2018-01-01,4519,"Total revenues accrual",NA,"OK",NA
"factor_midas","France","Revenues","2018-01-05",3517.47429694094,1,NA,NA,NA,NA,NA,NA,2018-01-01,4519,"Total revenues accrual",NA,"OK",NA
"factor_midas","France","Revenues","2018-01-15",3397.99893934786,1,NA,NA,NA,NA,NA,NA,2018-01-01,4519,"Total revenues accrual",NA,"OK",NA
"factor_midas","France","Revenues","2018-01-25",3388.8972368135,1,NA,NA,NA,NA,NA,NA,2018-01-01,4519,"Total revenues accrual",NA,"OK",NA
"factor_midas","France","Revenues","2018-01-27",3949.80343239813,1,NA,NA,NA,NA,NA,NA,2018-01-01,4519,"Total revenues accrual",NA,"OK",NA
"factor_midas","France","Revenues","2018-02-01",4075.45000143007,1,NA,NA,NA,NA,NA,NA,2018-02-01,4519,"Total revenues accrual",NA,"OK",NA
"factor_midas","France","Revenues","2018-02-04",4114.63375113427,1,NA,NA,NA,NA,NA,NA,2018-02-01,4519,"Total revenues accrual",NA,"OK",NA
"factor_midas","France","Revenues","2018-02-05",4176.82545715663,1,NA,NA,NA,NA,NA,NA,2018-02-01,4519,"Total revenues accrual",NA,"OK",NA
"factor_midas","France","Revenues","2018-02-15",4107.41687375272,1,NA,NA,NA,NA,NA,NA,2018-02-01,4519,"Total revenues accrual",NA,"OK",NA
"factor_midas","France","Revenues","2018-02-22",3941.2474800135,1,NA,NA,NA,NA,NA,NA,2018-02-01,4519,"Total revenues accrual",NA,"OK",NA
"factor_midas","France","Revenues","2018-02-27",3024.33643736746,1,NA,NA,NA,NA,NA,NA,2018-02-01,4519,"Total revenues accrual",NA,"OK",NA
"factor_midas","France","Revenues","2018-03-01",3045.26611094072,1,NA,NA,NA,NA,NA,NA,2018-03-01,4519,"Total revenues accrual",NA,"OK",NA
"factor_midas","France","Revenues","2018-03-04",3082.63032895708,1,NA,NA,NA,NA,NA,NA,2018-03-01,4519,"Total revenues accrual",NA,"OK",NA
"factor_midas","France","Revenues","2018-03-05",2998.88443933614,1,NA,NA,NA,NA,NA,NA,2018-03-01,4519,"Total revenues accrual",NA,"OK",NA
"factor_midas","France","Revenues","2018-03-15",4451.67998059113,1,NA,NA,NA,NA,NA,NA,2018-03-01,673,"Total revenues accrual",NA,"OK",NA
"factor_midas","France","Revenues","2018-03-27",4834.59625909757,1,NA,NA,NA,NA,NA,NA,2018-03-01,673,"Total revenues accrual",NA,"OK",NA
"factor_midas","France","Revenues","2018-03-29",4782.64327395976,1,NA,NA,NA,NA,NA,NA,2018-03-01,673,"Total revenues accrual",NA,"OK",NA
"factor_midas","France","Revenues","2018-04-01",4880.19546711065,1,NA,NA,NA,NA,NA,NA,2018-04-01,673,"Total revenues accrual",NA,"OK",NA
"factor_midas","France","Revenues","2018-04-05",4919.91717446037,1,NA,NA,NA,NA,NA,NA,2018-04-01,673,"Total revenues accrual",NA,"OK",NA
"factor_midas","France","Revenues","2018-04-07",4788.44905581318,1,NA,NA,NA,NA,NA,NA,2018-04-01,673,"Total revenues accrual",NA,"OK",NA
"factor_midas","France","Revenues","2018-04-15",4469.80013276203,1,NA,NA,NA,NA,NA,NA,2018-04-01,673,"Total revenues accrual",NA,"OK",NA
"factor_midas","France","Revenues","2018-04-26",4509.91107448607,1,NA,NA,NA,NA,NA,NA,2018-04-01,673,"Total revenues accrual",NA,"OK",NA
"factor_midas","France","Revenues","2018-04-27",4306.842958392,1,NA,NA,NA,NA,NA,NA,2018-04-01,673,"Total revenues accrual",NA,"OK",NA
"factor_midas","France","Revenues","2018-05-01",4311.74986096705,1,NA,NA,NA,NA,NA,NA,2018-05-01,673,"Total revenues accrual",NA,"OK",NA
"factor_midas","France","Revenues","2018-05-02",4496.23914647906,1,NA,NA,NA,NA,NA,NA,2018-05-01,673,"Total revenues accrual",NA,"OK",NA
"factor_midas","France","Revenues","2018-05-05",4753.42358956882,1,NA,NA,NA,NA,NA,NA,2018-05-01,673,"Total revenues accrual",NA,"OK",NA
"factor_midas","France","Revenues","2018-05-15",5009.1543428375,1,NA,NA,NA,NA,NA,NA,2018-05-01,673,"Total revenues accrual",NA,"OK",NA
"factor_midas","France","Revenues","2018-05-27",5400.70595480238,1,NA,NA,NA,NA,NA,NA,2018-05-01,673,"Total revenues accrual",NA,"OK",NA
"factor_midas","France","Revenues","2018-05-31",5185.60520017026,1,NA,NA,NA,NA,NA,NA,2018-05-01,673,"Total revenues accrual",NA,"OK",NA
"factor_midas","France","Revenues","2018-06-01",5172.10176919354,1,NA,NA,NA,NA,NA,NA,2018-06-01,673,"Total revenues accrual",NA,"OK",NA
"factor_midas","France","Revenues","2018-06-05",4982.15232692492,1,NA,NA,NA,NA,NA,NA,2018-06-01,673,"Total revenues accrual",NA,"OK",NA
"factor_midas","France","Revenues","2018-06-15",3620.4133011142,1,NA,NA,NA,NA,NA,NA,2018-06-01,-378.5,"Total revenues accrual",NA,"OK",NA
"factor_midas","France","Revenues","2018-06-27",3389.48894902167,1,NA,NA,NA,NA,NA,NA,2018-06-01,-378.5,"Total revenues accrual",NA,"OK",NA
"factor_midas","France","Revenues","2018-06-28",3413.01000834099,1,NA,NA,NA,NA,NA,NA,2018-06-01,-378.5,"Total revenues accrual",NA,"OK",NA
"factor_midas","France","Revenues","2018-07-01",3463.44198470565,1,NA,NA,NA,NA,NA,NA,2018-07-01,-378.5,"Total revenues accrual",NA,"OK",NA
"factor_midas","France","Revenues","2018-07-05",3420.68487992007,1,NA,NA,NA,NA,NA,NA,2018-07-01,-378.5,"Total revenues accrual",NA,"OK",NA
"factor_midas","France","Revenues","2018-07-07",3470.98653796085,1,NA,NA,NA,NA,NA,NA,2018-07-01,-378.5,"Total revenues accrual",NA,"OK",NA
"factor_midas","France","Revenues","2018-07-15",3457.09055878098,1,NA,NA,NA,NA,NA,NA,2018-07-01,-378.5,"Total revenues accrual",NA,"OK",NA
"factor_midas","France","Revenues","2018-07-26",3439.78612569942,1,NA,NA,NA,NA,NA,NA,2018-07-01,-378.5,"Total revenues accrual",NA,"OK",NA
"factor_midas","France","Revenues","2018-07-27",3554.40912816034,1,NA,NA,NA,NA,NA,NA,2018-07-01,-378.5,"Total revenues accrual",NA,"OK",NA
"factor_midas","France","Revenues","2018-08-01",3545.30538161407,1,NA,NA,NA,NA,NA,NA,2018-08-01,-378.5,"Total revenues accrual",NA,"OK",NA
"factor_midas","France","Revenues","2018-08-03",3487.76952062659,1,NA,NA,NA,NA,NA,NA,2018-08-01,-378.5,"Total revenues accrual",NA,"OK",NA
"factor_midas","France","Revenues","2018-08-05",3632.6065246467,1,NA,NA,NA,NA,NA,NA,2018-08-01,-378.5,"Total revenues accrual",NA,"OK",NA
"factor_midas","France","Revenues","2018-08-15",3532.64380310637,1,NA,NA,NA,NA,NA,NA,2018-08-01,-378.5,"Total revenues accrual",NA,"OK",NA
"factor_midas","France","Revenues","2018-08-27",3485.97381866777,1,NA,NA,NA,NA,NA,NA,2018-08-01,-378.5,"Total revenues accrual",NA,"OK",NA
"factor_midas","France","Revenues","2018-08-30",3411.01298976474,1,NA,NA,NA,NA,NA,NA,2018-08-01,-378.5,"Total revenues accrual",NA,"OK",NA
"factor_midas","France","Revenues","2018-09-01",3492.10076697282,1,NA,NA,NA,NA,NA,NA,2018-09-01,-378.5,"Total revenues accrual",NA,"OK",NA
"factor_midas","France","Revenues","2018-09-05",3352.95518414508,1,NA,NA,NA,NA,NA,NA,2018-09-01,-378.5,"Total revenues accrual",NA,"OK",NA
"factor_midas","France","Revenues","2018-09-06",3351.4420067146,1,NA,NA,NA,NA,NA,NA,2018-09-01,-378.5,"Total revenues accrual",NA,"OK",NA
"factor_midas","France","Revenues","2018-09-15",3251.90546724518,1,NA,NA,NA,NA,NA,NA,2018-09-01,-489.5,"Total revenues accrual",NA,"OK",NA
"factor_midas","France","Revenues","2018-09-27",3209.95188888956,1,NA,NA,NA,NA,NA,NA,2018-09-01,-489.5,"Total revenues accrual",NA,"OK",NA
"factor_midas","France","Revenues","2018-10-01",3263.34456697267,1,NA,NA,NA,NA,NA,NA,2018-10-01,-489.5,"Total revenues accrual",NA,"OK",NA
"factor_midas","France","Revenues","2018-10-05",3361.71156376812,1,NA,NA,NA,NA,NA,NA,2018-10-01,-489.5,"Total revenues accrual",NA,"OK",NA
"factor_midas","France","Revenues","2018-10-15",3170.67184345661,1,NA,NA,NA,NA,NA,NA,2018-10-01,-489.5,"Total revenues accrual",NA,"OK",NA
"factor_midas","France","Revenues","2018-10-25",3161.1924268023,1,NA,NA,NA,NA,NA,NA,2018-10-01,-489.5,"Total revenues accrual",NA,"OK",NA
"factor_midas","France","Revenues","2018-10-27",3218.33076815671,1,NA,NA,NA,NA,NA,NA,2018-10-01,-489.5,"Total revenues accrual",NA,"OK",NA
"factor_midas","France","Revenues","2018-11-01",3277.74515616164,1,NA,NA,NA,NA,NA,NA,2018-11-01,-489.5,"Total revenues accrual",NA,"OK",NA
"factor_midas","France","Revenues","2018-11-04",3082.39336171862,1,NA,NA,NA,NA,NA,NA,2018-11-01,-489.5,"Total revenues accrual",NA,"OK",NA
"factor_midas","France","Revenues","2018-11-05",2900.08936728852,1,NA,NA,NA,NA,NA,NA,2018-11-01,-489.5,"Total revenues accrual",NA,"OK",NA
"factor_midas","France","Revenues","2018-11-15",2954.10642330631,1,NA,NA,NA,NA,NA,NA,2018-11-01,-489.5,"Total revenues accrual",NA,"OK",NA
"factor_midas","France","Revenues","2018-11-27",2623.77879479902,1,NA,NA,NA,NA,NA,NA,2018-11-01,-489.5,"Total revenues accrual",NA,"OK",NA
"factor_midas","France","Revenues","2018-11-29",2641.80328690787,1,NA,NA,NA,NA,NA,NA,2018-11-01,-489.5,"Total revenues accrual",NA,"OK",NA
"factor_midas","France","Revenues","2018-12-01",2534.53045287448,1,NA,NA,NA,NA,NA,NA,2018-12-01,-489.5,"Total revenues accrual",NA,"OK",NA
"factor_midas","France","Revenues","2018-12-05",2657.05872359343,1,NA,NA,NA,NA,NA,NA,2018-12-01,-489.5,"Total revenues accrual",NA,"OK",NA
"factor_midas","France","Revenues","2018-12-06",2583.91368428191,1,NA,NA,NA,NA,NA,NA,2018-12-01,-489.5,"Total revenues accrual",NA,"OK",NA
"factor_midas","France","Revenues","2018-12-15",1397.50747048755,1,NA,NA,NA,NA,NA,NA,2018-12-01,5247.89999999997,"Total revenues accrual",NA,"OK",NA
"factor_midas","France","Revenues","2018-12-27",1242.77766622777,1,NA,NA,NA,NA,NA,NA,2018-12-01,5247.89999999997,"Total revenues accrual",NA,"OK",NA
"factor_midas","France","Revenues","2019-01-01",1257.39885465989,1,NA,NA,NA,NA,NA,NA,2019-01-01,5247.89999999997,"Total revenues accrual",NA,"OK",NA
"factor_midas","France","Revenues","2019-01-02",1362.02188679268,1,NA,NA,NA,NA,NA,NA,2019-01-01,5247.89999999997,"Total revenues accrual",NA,"OK",NA
"factor_midas","France","Revenues","2019-01-05",1215.00329726939,1,NA,NA,NA,NA,NA,NA,2019-01-01,5247.89999999997,"Total revenues accrual",NA,"OK",NA
"factor_midas","France","Revenues","2019-01-15",1451.65268287855,1,NA,NA,NA,NA,NA,NA,2019-01-01,5247.89999999997,"Total revenues accrual",NA,"OK",NA
"factor_midas","France","Revenues","2019-01-27",1562.1966183272,1,NA,NA,NA,NA,NA,NA,2019-01-01,5247.89999999997,"Total revenues accrual",NA,"OK",NA
"factor_midas","France","Revenues","2019-01-31",1632.58292171744,1,NA,NA,NA,NA,NA,NA,2019-01-01,5247.89999999997,"Total revenues accrual",NA,"OK",NA
"factor_midas","France","Revenues","2019-02-01",1679.78421609255,1,NA,NA,NA,NA,NA,NA,2019-02-01,5247.89999999997,"Total revenues accrual",NA,"OK",NA
"factor_midas","France","Revenues","2019-02-05",1892.46605494054,1,NA,NA,NA,NA,NA,NA,2019-02-01,5247.89999999997,"Total revenues accrual",NA,"OK",NA
"factor_midas","France","Revenues","2019-02-15",1851.35170411913,1,NA,NA,NA,NA,NA,NA,2019-02-01,5247.89999999997,"Total revenues accrual",NA,"OK",NA
"factor_midas","France","Revenues","2019-02-27",1982.02418452934,1,NA,NA,NA,NA,NA,NA,2019-02-01,5247.89999999997,"Total revenues accrual",NA,"OK",NA
"factor_midas","France","Revenues","2019-02-28",1941.01665865847,1,NA,NA,NA,NA,NA,NA,2019-02-01,5247.89999999997,"Total revenues accrual",NA,"OK",NA
"factor_midas","France","Revenues","2019-03-01",1929.31394928906,1,NA,NA,NA,NA,NA,NA,2019-03-01,5247.89999999997,"Total revenues accrual",NA,"OK",NA
"factor_midas","France","Revenues","2019-03-05",1982.08034000054,1,NA,NA,NA,NA,NA,NA,2019-03-01,5247.89999999997,"Total revenues accrual",NA,"OK",NA
"factor_midas","France","Revenues","2019-03-15",4084.31292589384,1,NA,NA,NA,NA,NA,NA,2019-03-01,-1778.59999999998,"Total revenues accrual",NA,"OK",NA
"factor_midas","France","Revenues","2019-03-27",3932.05321669423,1,NA,NA,NA,NA,NA,NA,2019-03-01,-1778.59999999998,"Total revenues accrual",NA,"OK",NA
"factor_midas","France","Revenues","2019-03-28",3957.62046559171,1,NA,NA,NA,NA,NA,NA,2019-03-01,-1778.59999999998,"Total revenues accrual",NA,"OK",NA
"factor_midas","France","Revenues","2019-04-01",4169.89258034522,1,NA,NA,NA,NA,NA,NA,2019-04-01,-1778.59999999998,"Total revenues accrual",NA,"OK",NA
"factor_midas","France","Revenues","2019-04-05",4309.32282539364,1,NA,NA,NA,NA,NA,NA,2019-04-01,-1778.59999999998,"Total revenues accrual",NA,"OK",NA
"factor_midas","France","Revenues","2019-04-15",4161.41576833849,1,NA,NA,NA,NA,NA,NA,2019-04-01,-1778.59999999998,"Total revenues accrual",NA,"OK",NA
"factor_midas","France","Revenues","2019-04-25",4121.16023544951,1,NA,NA,NA,NA,NA,NA,2019-04-01,-1778.59999999998,"Total revenues accrual",NA,"OK",NA
"factor_midas","France","Revenues","2019-04-27",4271.21546992938,1,NA,NA,NA,NA,NA,NA,2019-04-01,-1778.59999999998,"Total revenues accrual",NA,"OK",NA
"factor_midas","France","Revenues","2019-05-01",4277.87905827559,1,NA,NA,NA,NA,NA,NA,2019-05-01,-1778.59999999998,"Total revenues accrual",NA,"OK",NA
"factor_midas","France","Revenues","2019-05-03",4261.88855802612,1,NA,NA,NA,NA,NA,NA,2019-05-01,-1778.59999999998,"Total revenues accrual",NA,"OK",NA
"factor_midas","France","Revenues","2019-05-05",4148.12875468702,1,NA,NA,NA,NA,NA,NA,2019-05-01,-1778.59999999998,"Total revenues accrual",NA,"OK",NA
"factor_midas","France","Revenues","2019-05-15",4148.56146370039,1,NA,NA,NA,NA,NA,NA,2019-05-01,-1778.59999999998,"Total revenues accrual",NA,"OK",NA
"factor_midas","France","Revenues","2019-05-27",4099.25198717347,1,NA,NA,NA,NA,NA,NA,2019-05-01,-1778.59999999998,"Total revenues accrual",NA,"OK",NA
"factor_midas","France","Revenues","2019-05-30",4153.35710688496,1,NA,NA,NA,NA,NA,NA,2019-05-01,-1778.59999999998,"Total revenues accrual",NA,"OK",NA
"factor_midas","France","Revenues","2019-06-01",4162.439263808,1,NA,NA,NA,NA,NA,NA,2019-06-01,-1778.59999999998,"Total revenues accrual",NA,"OK",NA
"factor_midas","France","Revenues","2019-06-05",4303.7304993282,1,NA,NA,NA,NA,NA,NA,2019-06-01,-1778.59999999998,"Total revenues accrual",NA,"OK",NA
"factor_midas","France","Revenues","2019-06-06",4312.63628060704,1,NA,NA,NA,NA,NA,NA,2019-06-01,-1778.59999999998,"Total revenues accrual",NA,"OK",NA
"factor_midas","France","Revenues","2019-06-15",2678.7861713843,1,NA,NA,NA,NA,NA,NA,2019-06-01,1483.70000000001,"Total revenues accrual",NA,"OK",NA
"factor_midas","France","Revenues","2019-06-27",2738.56950071344,1,NA,NA,NA,NA,NA,NA,2019-06-01,1483.70000000001,"Total revenues accrual",NA,"OK",NA
"factor_midas","France","Revenues","2019-07-01",2737.14471842524,1,NA,NA,NA,NA,NA,NA,2019-07-01,1483.70000000001,"Total revenues accrual",NA,"OK",NA
"factor_midas","France","Revenues","2019-07-05",2763.19620224116,1,NA,NA,NA,NA,NA,NA,2019-07-01,1483.70000000001,"Total revenues accrual",NA,"OK",NA
"factor_midas","France","Revenues","2019-07-15",2599.16584112553,1,NA,NA,NA,NA,NA,NA,2019-07-01,1483.70000000001,"Total revenues accrual",NA,"OK",NA
"factor_midas","France","Revenues","2019-07-25",2573.81855183546,1,NA,NA,NA,NA,NA,NA,2019-07-01,1483.70000000001,"Total revenues accrual",NA,"OK",NA
"factor_midas","France","Revenues","2019-07-27",2414.94782912294,1,NA,NA,NA,NA,NA,NA,2019-07-01,1483.70000000001,"Total revenues accrual",NA,"OK",NA
"factor_midas","France","Revenues","2019-08-01",2416.05307736316,1,NA,NA,NA,NA,NA,NA,2019-08-01,1483.70000000001,"Total revenues accrual",NA,"OK",NA
"factor_midas","France","Revenues","2019-08-04",2533.12709819015,1,NA,NA,NA,NA,NA,NA,2019-08-01,1483.70000000001,"Total revenues accrual",NA,"OK",NA
"factor_midas","France","Revenues","2019-08-05",2429.74559757456,1,NA,NA,NA,NA,NA,NA,2019-08-01,1483.70000000001,"Total revenues accrual",NA,"OK",NA
"factor_midas","France","Revenues","2019-08-15",2604.60694107164,1,NA,NA,NA,NA,NA,NA,2019-08-01,1483.70000000001,"Total revenues accrual",NA,"OK",NA
"factor_midas","France","Revenues","2019-08-27",2672.92151645507,1,NA,NA,NA,NA,NA,NA,2019-08-01,1483.70000000001,"Total revenues accrual",NA,"OK",NA
"factor_midas","France","Revenues","2019-08-29",2684.256036764,1,NA,NA,NA,NA,NA,NA,2019-08-01,1483.70000000001,"Total revenues accrual",NA,"OK",NA
"factor_midas","France","Revenues","2019-09-01",2863.59521123739,1,NA,NA,NA,NA,NA,NA,2019-09-01,1483.70000000001,"Total revenues accrual",NA,"OK",NA
"factor_midas","France","Revenues","2019-09-05",2548.12324941119,1,NA,NA,NA,NA,NA,NA,2019-09-01,1483.70000000001,"Total revenues accrual",NA,"OK",NA
"factor_midas","France","Revenues","2019-09-07",2438.2856433605,1,NA,NA,NA,NA,NA,NA,2019-09-01,1483.70000000001,"Total revenues accrual",NA,"OK",NA
"factor_midas","France","Revenues","2019-09-15",1411.03846075405,1,NA,NA,NA,NA,NA,NA,2019-09-01,4246,"Total revenues accrual",NA,"OK",NA
"factor_midas","France","Revenues","2019-09-26",1392.36890571188,1,NA,NA,NA,NA,NA,NA,2019-09-01,4246,"Total revenues accrual",NA,"OK",NA
"factor_midas","France","Revenues","2019-09-27",1379.52598484046,1,NA,NA,NA,NA,NA,NA,2019-09-01,4246,"Total revenues accrual",NA,"OK",NA
"factor_midas","France","Revenues","2019-10-01",1388.94032648782,1,NA,NA,NA,NA,NA,NA,2019-10-01,4246,"Total revenues accrual",NA,"OK",NA
"factor_midas","France","Revenues","2019-10-02",1398.86071813975,1,NA,NA,NA,NA,NA,NA,2019-10-01,4246,"Total revenues accrual",NA,"OK",NA
"factor_midas","France","Revenues","2019-10-05",1413.79343389196,1,NA,NA,NA,NA,NA,NA,2019-10-01,4246,"Total revenues accrual",NA,"OK",NA
"factor_midas","France","Revenues","2019-10-15",1605.34357338179,1,NA,NA,NA,NA,NA,NA,2019-10-01,4246,"Total revenues accrual",NA,"OK",NA
"factor_midas","France","Revenues","2019-10-27",1620.82179934983,1,NA,NA,NA,NA,NA,NA,2019-10-01,4246,"Total revenues accrual",NA,"OK",NA
"factor_midas","France","Revenues","2019-10-31",1642.46701713651,1,NA,NA,NA,NA,NA,NA,2019-10-01,4246,"Total revenues accrual",NA,"OK",NA
"factor_midas","France","Revenues","2019-11-01",1668.03060438326,1,NA,NA,NA,NA,NA,NA,2019-11-01,4246,"Total revenues accrual",NA,"OK",NA
"factor_midas","France","Revenues","2019-11-05",1578.05583303267,1,NA,NA,NA,NA,NA,NA,2019-11-01,4246,"Total revenues accrual",NA,"OK",NA
"factor_midas","France","Revenues","2019-11-15",1493.49955749848,1,NA,NA,NA,NA,NA,NA,2019-11-01,4246,"Total revenues accrual",NA,"OK",NA
"factor_midas","France","Revenues","2019-11-27",1617.5467803724,1,NA,NA,NA,NA,NA,NA,2019-11-01,4246,"Total revenues accrual",NA,"OK",NA
"factor_midas","France","Revenues","2019-11-28",1567.81645308994,1,NA,NA,NA,NA,NA,NA,2019-11-01,4246,"Total revenues accrual",NA,"OK",NA
"factor_midas","France","Revenues","2019-12-01",1600.44997476963,1,NA,NA,NA,NA,NA,NA,2019-12-01,4246,"Total revenues accrual",NA,"OK",NA
"factor_midas","France","Revenues","2019-12-05",1627.41092374442,1,NA,NA,NA,NA,NA,NA,2019-12-01,4246,"Total revenues accrual",NA,"OK",NA
"factor_midas","France","Revenues","2019-12-07",1608.19049233572,1,NA,NA,NA,NA,NA,NA,2019-12-01,4246,"Total revenues accrual",NA,"OK",NA
"factor_midas","France","Revenues","2019-12-15",4601.67365372579,1,NA,NA,NA,NA,NA,NA,2019-12-01,-5251.20000000001,"Total revenues accrual",NA,"OK",NA
"factor_midas","France","Revenues","2019-12-26",4591.67812108365,1,NA,NA,NA,NA,NA,NA,2019-12-01,-5251.20000000001,"Total revenues accrual",NA,"OK",NA
"factor_midas","France","Revenues","2019-12-27",4588.87951793609,1,NA,NA,NA,NA,NA,NA,2019-12-01,-5251.20000000001,"Total revenues accrual",NA,"OK",NA
"factor_midas","France","Revenues","2020-01-01",4621.30597381383,1,NA,NA,NA,NA,NA,NA,2020-01-01,-5251.20000000001,"Total revenues accrual",NA,"OK",NA
"factor_midas","France","Revenues","2020-01-03",4686.24865550351,1,NA,NA,NA,NA,NA,NA,2020-01-01,-5251.20000000001,"Total revenues accrual",NA,"OK",NA
"factor_midas","France","Revenues","2020-01-05",4685.31953018242,1,NA,NA,NA,NA,NA,NA,2020-01-01,-5251.20000000001,"Total revenues accrual",NA,"OK",NA
"factor_midas","France","Revenues","2020-01-15",4594.14450769666,1,NA,NA,NA,NA,NA,NA,2020-01-01,-5251.20000000001,"Total revenues accrual",NA,"OK",NA
"factor_midas","France","Revenues","2020-01-27",4524.71411568941,1,NA,NA,NA,NA,NA,NA,2020-01-01,-5251.20000000001,"Total revenues accrual",NA,"OK",NA
"factor_midas","France","Revenues","2020-01-30",4617.4787625702,1,NA,NA,NA,NA,NA,NA,2020-01-01,-5251.20000000001,"Total revenues accrual",NA,"OK",NA
"factor_midas","France","Revenues","2020-02-01",4659.18334845553,1,NA,NA,NA,NA,NA,NA,2020-02-01,-5251.20000000001,"Total revenues accrual",NA,"OK",NA
"factor_midas","France","Revenues","2020-02-05",4623.3208200005,1,NA,NA,NA,NA,NA,NA,2020-02-01,-5251.20000000001,"Total revenues accrual",NA,"OK",NA
"factor_midas","France","Revenues","2020-02-06",4531.24579432568,1,NA,NA,NA,NA,NA,NA,2020-02-01,-5251.20000000001,"Total revenues accrual",NA,"OK",NA
"factor_midas","France","Revenues","2020-02-15",4566.79296996399,1,NA,NA,NA,NA,NA,NA,2020-02-01,-5251.20000000001,"Total revenues accrual",NA,"OK",NA
"factor_midas","France","Revenues","2020-02-27",4553.10277504469,1,NA,NA,NA,NA,NA,NA,2020-02-01,-5251.20000000001,"Total revenues accrual",NA,"OK",NA
"factor_midas","France","Revenues","2020-03-01",4544.64711717258,1,NA,NA,NA,NA,NA,NA,2020-03-01,-5251.20000000001,"Total revenues accrual",NA,"OK",NA
"factor_midas","France","Revenues","2020-03-05",4264.204461767,1,NA,NA,NA,NA,NA,NA,2020-03-01,-5251.20000000001,"Total revenues accrual",NA,"OK",NA
"factor_midas","France","Revenues","2020-03-07",4237.6159917403,1,NA,NA,NA,NA,NA,NA,2020-03-01,-5251.20000000001,"Total revenues accrual",NA,"OK",NA
"factor_midas","France","Revenues","2020-03-15",-6636.1310140154,1,NA,NA,NA,NA,NA,NA,2020-03-01,-9414.79999999999,"Total revenues accrual",NA,"OK",NA
"factor_midas","France","Revenues","2020-03-26",-5512.65731895275,1,NA,NA,NA,NA,NA,NA,2020-03-01,-9414.79999999999,"Total revenues accrual",NA,"OK",NA
"factor_midas","France","Revenues","2020-03-27",-3958.22460622882,1,NA,NA,NA,NA,NA,NA,2020-03-01,-9414.79999999999,"Total revenues accrual",NA,"OK",NA
"factor_midas","France","Revenues","2020-04-01",-25049.1950354348,2,NA,NA,NA,NA,NA,NA,2020-04-01,-9414.79999999999,"Total revenues accrual",NA,"OK",NA
"factor_midas","France","Revenues","2020-04-03",-29817.3575697919,2,NA,NA,NA,NA,NA,NA,2020-04-01,-9414.79999999999,"Total revenues accrual",NA,"OK",NA
"factor_midas","France","Revenues","2020-04-05",-4677.6104638865,1,NA,NA,NA,NA,NA,NA,2020-04-01,-9414.79999999999,"Total revenues accrual",NA,"OK",NA
"factor_midas","France","Revenues","2020-04-15",-28763.7481470588,2,NA,NA,NA,NA,NA,NA,2020-04-01,-9414.79999999999,"Total revenues accrual",NA,"OK",NA
"factor_midas","France","Revenues","2020-04-27",-31124.3992676068,2,NA,NA,NA,NA,NA,NA,2020-04-01,-9414.79999999999,"Total revenues accrual",NA,"OK",NA
"factor_midas","France","Revenues","2020-04-30",-5034.27591889334,1,NA,NA,NA,NA,NA,NA,2020-04-01,-9414.79999999999,"Total revenues accrual",NA,"OK",NA
"factor_midas","France","Revenues","2020-05-01",-5312.39144803147,1,NA,NA,NA,NA,NA,NA,2020-05-01,-9414.79999999999,"Total revenues accrual",NA,"OK",NA
"factor_midas","France","Revenues","2020-05-05",-5254.40067530203,1,NA,NA,NA,NA,NA,NA,2020-05-01,-9414.79999999999,"Total revenues accrual",NA,"OK",NA
"factor_midas","France","Revenues","2020-05-15",-5593.40103553905,1,NA,NA,NA,NA,NA,NA,2020-05-01,-9414.79999999999,"Total revenues accrual",NA,"OK",NA
"factor_midas","France","Revenues","2020-05-27",-6419.87900185757,1,NA,NA,NA,NA,NA,NA,2020-05-01,-9414.79999999999,"Total revenues accrual",NA,"OK",NA
"factor_midas","France","Revenues","2020-05-28",-6354.93695280933,1,NA,NA,NA,NA,NA,NA,2020-05-01,-9414.79999999999,"Total revenues accrual",NA,"OK",NA
"factor_midas","France","Revenues","2020-06-01",-19760.9917391971,2,NA,NA,NA,NA,NA,NA,2020-06-01,-9414.79999999999,"Total revenues accrual",NA,"OK",NA
"factor_midas","France","Revenues","2020-06-05",-22012.8195215286,2,NA,NA,NA,NA,NA,NA,2020-06-01,-9414.79999999999,"Total revenues accrual",NA,"OK",NA
"factor_midas","France","Revenues","2020-06-15",-18089.6773251871,4,NA,NA,NA,NA,NA,NA,2020-06-01,-27588.3,"Total revenues accrual",NA,"OK",NA
"factor_midas","France","Revenues","2020-06-25",-25101.5146910875,4,NA,NA,NA,NA,NA,NA,2020-06-01,-27588.3,"Total revenues accrual",NA,"OK",NA
"factor_midas","France","Revenues","2020-06-27",-26635.217579941,4,NA,NA,NA,NA,NA,NA,2020-06-01,-27588.3,"Total revenues accrual",NA,"OK",NA
"factor_midas","France","Revenues","2020-07-01",-14911.5790539039,4,NA,NA,NA,NA,NA,NA,2020-07-01,-27588.3,"Total revenues accrual",NA,"OK",NA
"factor_midas","France","Revenues","2020-07-03",-16888.5161611696,4,NA,NA,NA,NA,NA,NA,2020-07-01,-27588.3,"Total revenues accrual",NA,"OK",NA
"factor_midas","France","Revenues","2020-07-05",-6322.50867141631,4,NA,NA,NA,NA,NA,NA,2020-07-01,-27588.3,"Total revenues accrual",NA,"OK",NA
"factor_midas","France","Revenues","2020-07-15",10585.8309525565,4,NA,NA,NA,NA,NA,NA,2020-07-01,-27588.3,"Total revenues accrual",NA,"OK",NA
"factor_midas","France","Revenues","2020-07-27",5133.55776699652,4,NA,NA,NA,NA,NA,NA,2020-07-01,-27588.3,"Total revenues accrual",NA,"OK",NA
"factor_midas","France","Revenues","2020-07-30",5397.34147073024,4,NA,NA,NA,NA,NA,NA,2020-07-01,-27588.3,"Total revenues accrual",NA,"OK",NA
"factor_midas","France","Revenues","2020-08-01",9047.6413229193,4,NA,NA,NA,NA,NA,NA,2020-08-01,-27588.3,"Total revenues accrual",NA,"OK",NA
"factor_midas","France","Revenues","2020-08-05",8134.25722353019,4,NA,NA,NA,NA,NA,NA,2020-08-01,-27588.3,"Total revenues accrual",NA,"OK",NA
"factor_midas","France","Revenues","2020-08-06",8831.85249813686,4,NA,NA,NA,NA,NA,NA,2020-08-01,-27588.3,"Total revenues accrual",NA,"OK",NA
"factor_midas","France","Revenues","2020-08-15",6952.67662706567,4,NA,NA,NA,NA,NA,NA,2020-08-01,-27588.3,"Total revenues accrual",NA,"OK",NA
"factor_midas","France","Revenues","2020-08-27",13165.3493430098,4,NA,NA,NA,NA,NA,NA,2020-08-01,-27588.3,"Total revenues accrual",NA,"OK",NA
"factor_midas","France","Revenues","2020-09-01",13774.5961146444,4,NA,NA,NA,NA,NA,NA,2020-09-01,-27588.3,"Total revenues accrual",NA,"OK",NA
"factor_midas","France","Revenues","2020-09-02",12375.8362981851,4,NA,NA,NA,NA,NA,NA,2020-09-01,-27588.3,"Total revenues accrual",NA,"OK",NA
"factor_midas","France","Revenues","2020-09-05",25434.4528981241,4,NA,NA,NA,NA,NA,NA,2020-09-01,-27588.3,"Total revenues accrual",NA,"OK",NA
"factor_midas","France","Revenues","2020-09-15",48900.5944522044,4,NA,NA,NA,NA,NA,NA,2020-09-01,34163.7,"Total revenues accrual",NA,"OK",NA
"factor_midas","France","Revenues","2020-09-24",46573.4632918546,4,NA,NA,NA,NA,NA,NA,2020-09-01,34163.7,"Total revenues accrual",NA,"OK",NA
"factor_midas","France","Revenues","2020-09-27",23665.3565782192,4,NA,NA,NA,NA,NA,NA,2020-09-01,34163.7,"Total revenues accrual",NA,"OK",NA
"factor_midas","France","Revenues","2020-10-01",49234.7106716183,4,NA,NA,NA,NA,NA,NA,2020-10-01,34163.7,"Total revenues accrual",NA,"OK",NA
"factor_midas","France","Revenues","2020-10-04",49362.1055618334,4,NA,NA,NA,NA,NA,NA,2020-10-01,34163.7,"Total revenues accrual",NA,"OK",NA
"factor_midas","France","Revenues","2020-10-05",49166.2118959581,4,NA,NA,NA,NA,NA,NA,2020-10-01,34163.7,"Total revenues accrual",NA,"OK",NA
"factor_midas","France","Revenues","2020-10-15",37407.5929426396,4,NA,NA,NA,NA,NA,NA,2020-10-01,34163.7,"Total revenues accrual",NA,"OK",NA
"factor_midas","France","Revenues","2020-10-27",36215.5260636623,4,NA,NA,NA,NA,NA,NA,2020-10-01,34163.7,"Total revenues accrual",NA,"OK",NA
"factor_midas","France","Revenues","2020-10-29",36011.4957441728,4,NA,NA,NA,NA,NA,NA,2020-10-01,34163.7,"Total revenues accrual",NA,"OK",NA
"factor_midas","France","Revenues","2020-11-01",30281.5909577674,4,NA,NA,NA,NA,NA,NA,2020-11-01,34163.7,"Total revenues accrual",NA,"OK",NA
"factor_midas","France","Revenues","2020-11-05",28186.8052771613,4,NA,NA,NA,NA,NA,NA,2020-11-01,34163.7,"Total revenues accrual",NA,"OK",NA
"factor_midas","France","Revenues","2020-11-07",28548.9514462434,4,NA,NA,NA,NA,NA,NA,2020-11-01,34163.7,"Total revenues accrual",NA,"OK",NA
"factor_midas","France","Revenues","2020-11-15",25831.8156608071,4,NA,NA,NA,NA,NA,NA,2020-11-01,34163.7,"Total revenues accrual",NA,"OK",NA
"factor_midas","France","Revenues","2020-11-26",25472.0489593045,4,NA,NA,NA,NA,NA,NA,2020-11-01,34163.7,"Total revenues accrual",NA,"OK",NA
"factor_midas","France","Revenues","2020-11-27",25411.7614191393,4,NA,NA,NA,NA,NA,NA,2020-11-01,34163.7,"Total revenues accrual",NA,"OK",NA
"factor_midas","France","Revenues","2020-12-01",24797.4010752801,4,NA,NA,NA,NA,NA,NA,2020-12-01,34163.7,"Total revenues accrual",NA,"OK",NA
"factor_midas","France","Revenues","2020-12-02",26492.3538808479,4,NA,NA,NA,NA,NA,NA,2020-12-01,34163.7,"Total revenues accrual",NA,"OK",NA
"factor_midas","France","Revenues","2020-12-05",15270.3367088936,4,NA,NA,NA,NA,NA,NA,2020-12-01,34163.7,"Total revenues accrual",NA,"OK",NA
"factor_midas","France","Revenues","2020-12-15",-1966.02124486974,4,NA,NA,NA,NA,NA,NA,2020-12-01,-7272.20000000001,"Total revenues accrual",NA,"OK",NA
"factor_midas","France","Revenues","2020-12-27",-1038.47282025266,4,NA,NA,NA,NA,NA,NA,2020-12-01,-7272.20000000001,"Total revenues accrual",NA,"OK",NA
"factor_midas","France","Revenues","2020-12-31",-875.775799909453,4,NA,NA,NA,NA,NA,NA,2020-12-01,-7272.20000000001,"Total revenues accrual",NA,"OK",NA
"factor_midas","France","Revenues","2021-01-01",734.933478015714,4,NA,NA,NA,NA,NA,NA,2021-01-01,-7272.20000000001,"Total revenues accrual",NA,"OK",NA
"factor_midas","France","Revenues","2021-01-05",-403.673959582595,4,NA,NA,NA,NA,NA,NA,2021-01-01,-7272.20000000001,"Total revenues accrual",NA,"OK",NA
"factor_midas","France","Revenues","2021-01-15",1549.03338291249,4,NA,NA,NA,NA,NA,NA,2021-01-01,-7272.20000000001,"Total revenues accrual",NA,"OK",NA
"factor_midas","France","Revenues","2021-01-27",772.988156208879,4,NA,NA,NA,NA,NA,NA,2021-01-01,-7272.20000000001,"Total revenues accrual",NA,"OK",NA
"factor_midas","France","Revenues","2021-01-28",731.814041181328,4,NA,NA,NA,NA,NA,NA,2021-01-01,-7272.20000000001,"Total revenues accrual",NA,"OK",NA
"factor_midas","France","Revenues","2021-02-01",87.3719159554103,4,NA,NA,NA,NA,NA,NA,2021-02-01,-7272.20000000001,"Total revenues accrual",NA,"OK",NA
"factor_midas","France","Revenues","2021-02-05",93.7125085834239,4,NA,NA,NA,NA,NA,NA,2021-02-01,-7272.20000000001,"Total revenues accrual",NA,"OK",NA
"factor_midas","France","Revenues","2021-02-15",1292.34683412479,4,NA,NA,NA,NA,NA,NA,2021-02-01,-7272.20000000001,"Total revenues accrual",NA,"OK",NA
"factor_midas","France","Revenues","2021-02-25",1278.21256821523,4,NA,NA,NA,NA,NA,NA,2021-02-01,-7272.20000000001,"Total revenues accrual",NA,"OK",NA
"factor_midas","France","Revenues","2021-02-27",2791.17667863255,4,NA,NA,NA,NA,NA,NA,2021-02-01,-7272.20000000001,"Total revenues accrual",NA,"OK",NA
"factor_midas","France","Revenues","2021-03-01",2784.42709420425,4,NA,NA,NA,NA,NA,NA,2021-03-01,-7272.20000000001,"Total revenues accrual",NA,"OK",NA
"factor_midas","France","Revenues","2021-03-05",8196.14557443129,4,NA,NA,NA,NA,NA,NA,2021-03-01,-7272.20000000001,"Total revenues accrual",NA,"OK",NA
"factor_midas","France","Revenues","2021-03-15",5757.88861560664,4,NA,NA,NA,NA,NA,NA,2021-03-01,9587.60000000003,"Total revenues accrual",NA,"OK",NA
"factor_midas","France","Revenues","2021-03-25",5898.9712906633,4,NA,NA,NA,NA,NA,NA,2021-03-01,9587.60000000003,"Total revenues accrual",NA,"OK",NA
"factor_midas","France","Revenues","2021-03-27",5602.56535235546,4,NA,NA,NA,NA,NA,NA,2021-03-01,9587.60000000003,"Total revenues accrual",NA,"OK",NA
"factor_midas","France","Revenues","2021-04-01",5619.38706201525,4,NA,NA,NA,NA,NA,NA,2021-04-01,9587.60000000003,"Total revenues accrual",NA,"OK",NA
"factor_midas","France","Revenues","2021-04-04",5830.68805100195,4,NA,NA,NA,NA,NA,NA,2021-04-01,9587.60000000003,"Total revenues accrual",NA,"OK",NA
"factor_midas","France","Revenues","2021-04-05",-2154.9881349382,4,NA,NA,NA,NA,NA,NA,2021-04-01,9587.60000000003,"Total revenues accrual",NA,"OK",NA
"factor_midas","France","Revenues","2021-04-15",-5127.29932106517,4,NA,NA,NA,NA,NA,NA,2021-04-01,9587.60000000003,"Total revenues accrual",NA,"OK",NA
"factor_midas","France","Revenues","2021-04-27",-5125.76250761845,4,NA,NA,NA,NA,NA,NA,2021-04-01,9587.60000000003,"Total revenues accrual",NA,"OK",NA
"factor_midas","France","Revenues","2021-04-29",-5078.93311149223,4,NA,NA,NA,NA,NA,NA,2021-04-01,9587.60000000003,"Total revenues accrual",NA,"OK",NA
"factor_midas","France","Revenues","2021-05-01",-5739.11631742756,4,NA,NA,NA,NA,NA,NA,2021-05-01,9587.60000000003,"Total revenues accrual",NA,"OK",NA
"factor_midas","France","Revenues","2021-05-05",1898.33882815748,4,NA,NA,NA,NA,NA,NA,2021-05-01,9587.60000000003,"Total revenues accrual",NA,"OK",NA
"factor_midas","France","Revenues","2021-05-06",1415.88193516304,4,NA,NA,NA,NA,NA,NA,2021-05-01,9587.60000000003,"Total revenues accrual",NA,"OK",NA
"factor_midas","France","Revenues","2021-05-15",2880.50630462715,4,NA,NA,NA,NA,NA,NA,2021-05-01,9587.60000000003,"Total revenues accrual",NA,"OK",NA
"factor_midas","France","Revenues","2021-05-27",2770.49787362292,4,NA,NA,NA,NA,NA,NA,2021-05-01,9587.60000000003,"Total revenues accrual",NA,"OK",NA
"factor_midas","France","Revenues","2021-06-01",2856.50384739549,4,NA,NA,NA,NA,NA,NA,2021-06-01,9587.60000000003,"Total revenues accrual",NA,"OK",NA
"factor_midas","France","Revenues","2021-06-02",3161.29520020776,4,NA,NA,NA,NA,NA,NA,2021-06-01,9587.60000000003,"Total revenues accrual",NA,"OK",NA
"factor_midas","France","Revenues","2021-06-05",1554.4135664612,4,NA,NA,NA,NA,NA,NA,2021-06-01,9587.60000000003,"Total revenues accrual",NA,"OK",NA
"factor_midas","France","Revenues","2021-06-15",4575.16431338522,4,NA,NA,NA,NA,NA,NA,2021-06-01,4095.39999999997,"Total revenues accrual",NA,"OK",NA
"factor_midas","France","Revenues","2021-06-24",4701.20989328425,4,NA,NA,NA,NA,NA,NA,2021-06-01,4095.39999999997,"Total revenues accrual",NA,"OK",NA
"factor_midas","France","Revenues","2021-06-27",4616.63789172361,4,NA,NA,NA,NA,NA,NA,2021-06-01,4095.39999999997,"Total revenues accrual",NA,"OK",NA
"factor_midas","France","Revenues","2021-07-01",4476.80625946287,4,NA,NA,NA,NA,NA,NA,2021-07-01,4095.39999999997,"Total revenues accrual",NA,"OK",NA
"factor_midas","France","Revenues","2021-07-04",4473.499120257,4,NA,NA,NA,NA,NA,NA,2021-07-01,4095.39999999997,"Total revenues accrual",NA,"OK",NA
"factor_midas","France","Revenues","2021-07-05",1904.07083958038,4,NA,NA,NA,NA,NA,NA,2021-07-01,4095.39999999997,"Total revenues accrual",NA,"OK",NA
"factor_midas","France","Revenues","2021-07-15",2019.1815258904,4,NA,NA,NA,NA,NA,NA,2021-07-01,4095.39999999997,"Total revenues accrual",NA,"OK",NA
"factor_midas","France","Revenues","2021-07-27",2033.89992760036,4,NA,NA,NA,NA,NA,NA,2021-07-01,4095.39999999997,"Total revenues accrual",NA,"OK",NA
"factor_midas","France","Revenues","2021-07-29",2150.95163126482,4,NA,NA,NA,NA,NA,NA,2021-07-01,4095.39999999997,"Total revenues accrual",NA,"OK",NA
"factor_midas","France","Revenues","2021-08-01",1164.94663302266,4,NA,NA,NA,NA,NA,NA,2021-08-01,4095.39999999997,"Total revenues accrual",NA,"OK",NA
"factor_midas","France","Revenues","2021-08-05",7150.24192619965,4,NA,NA,NA,NA,NA,NA,2021-08-01,4095.39999999997,"Total revenues accrual",NA,"OK",NA
"factor_midas","France","Revenues","2021-08-07",7156.57124736093,4,NA,NA,NA,NA,NA,NA,2021-08-01,4095.39999999997,"Total revenues accrual",NA,"OK",NA
"factor_midas","France","Revenues","2021-08-15",7468.70647357258,4,NA,NA,NA,NA,NA,NA,2021-08-01,4095.39999999997,"Total revenues accrual",NA,"OK",NA
"factor_midas","France","Revenues","2021-08-26",7468.53586754005,4,NA,NA,NA,NA,NA,NA,2021-08-01,4095.39999999997,"Total revenues accrual",NA,"OK",NA
"factor_midas","France","Revenues","2021-08-27",8816.46627473292,4,NA,NA,NA,NA,NA,NA,2021-08-01,4095.39999999997,"Total revenues accrual",NA,"OK",NA
"factor_midas","France","Revenues","2021-09-01",10643.0389380531,4,NA,NA,NA,NA,NA,NA,2021-09-01,4095.39999999997,"Total revenues accrual",NA,"OK",NA
"factor_midas","France","Revenues","2021-09-03",10625.8948021165,4,NA,NA,NA,NA,NA,NA,2021-09-01,4095.39999999997,"Total revenues accrual",NA,"OK",NA
"factor_midas","France","Revenues","2021-09-05",7094.38814953891,4,NA,NA,NA,NA,NA,NA,2021-09-01,4095.39999999997,"Total revenues accrual",NA,"OK",NA
"factor_midas","France","Revenues","2021-09-15",9408.8060421447,4,NA,NA,NA,NA,NA,NA,2021-09-01,10775.2,"Total revenues accrual",NA,"OK",NA
"factor_midas","France","Revenues","2021-09-27",7591.15501032156,4,NA,NA,NA,NA,NA,NA,2021-09-01,10775.2,"Total revenues accrual",NA,"OK",NA
"factor_midas","France","Revenues","2021-09-30",7568.80754372726,4,NA,NA,NA,NA,NA,NA,2021-09-01,10775.2,"Total revenues accrual",NA,"OK",NA
"factor_midas","France","Revenues","2021-10-01",6655.65340137113,4,NA,NA,NA,NA,NA,NA,2021-10-01,10775.2,"Total revenues accrual",NA,"OK",NA
"factor_midas","France","Revenues","2021-10-05",8491.83277804179,4,NA,NA,NA,NA,NA,NA,2021-10-01,10775.2,"Total revenues accrual",NA,"OK",NA
"factor_midas","France","Revenues","2021-10-15",7671.24847773025,4,NA,NA,NA,NA,NA,NA,2021-10-01,10775.2,"Total revenues accrual",NA,"OK",NA
"factor_midas","France","Revenues","2021-10-27",7597.10725702705,4,NA,NA,NA,NA,NA,NA,2021-10-01,10775.2,"Total revenues accrual",NA,"OK",NA
"factor_midas","France","Revenues","2021-10-28",7621.9143388092,4,NA,NA,NA,NA,NA,NA,2021-10-01,10775.2,"Total revenues accrual",NA,"OK",NA
"factor_midas","France","Revenues","2021-11-01",8963.73630241805,4,NA,NA,NA,NA,NA,NA,2021-11-01,10775.2,"Total revenues accrual",NA,"OK",NA
"factor_midas","France","Revenues","2021-11-05",9923.05933471747,4,NA,NA,NA,NA,NA,NA,2021-11-01,10775.2,"Total revenues accrual",NA,"OK",NA
"factor_midas","France","Revenues","2021-11-15",9921.48037759917,4,NA,NA,NA,NA,NA,NA,2021-11-01,10775.2,"Total revenues accrual",NA,"OK",NA
"factor_midas","France","Revenues","2021-11-25",9941.96817421597,4,NA,NA,NA,NA,NA,NA,2021-11-01,10775.2,"Total revenues accrual",NA,"OK",NA
"factor_midas","France","Revenues","2021-11-27",10085.0409523619,4,NA,NA,NA,NA,NA,NA,2021-11-01,10775.2,"Total revenues accrual",NA,"OK",NA
"factor_midas","France","Revenues","2021-12-01",8936.16083356305,4,NA,NA,NA,NA,NA,NA,2021-12-01,10775.2,"Total revenues accrual",NA,"OK",NA
"factor_midas","France","Revenues","2021-12-03",8978.79997140322,4,NA,NA,NA,NA,NA,NA,2021-12-01,10775.2,"Total revenues accrual",NA,"OK",NA
"factor_midas","France","Revenues","2021-12-05",5193.75238236744,4,NA,NA,NA,NA,NA,NA,2021-12-01,10775.2,"Total revenues accrual",NA,"OK",NA
"factor_midas","France","Revenues","2021-12-15",4359.64773083446,4,NA,NA,NA,NA,NA,NA,2021-12-01,11573.8,"Total revenues accrual",NA,"OK",NA
"factor_midas","France","Revenues","2021-12-27",3578.11259212811,4,NA,NA,NA,NA,NA,NA,2021-12-01,11573.8,"Total revenues accrual",NA,"OK",NA
"factor_midas","France","Revenues","2021-12-30",3436.72288515161,4,NA,NA,NA,NA,NA,NA,2021-12-01,11573.8,"Total revenues accrual",NA,"OK",NA
"factor_midas","France","Revenues","2022-01-01",3129.97894174767,4,NA,NA,NA,NA,NA,NA,2022-01-01,11573.8,"Total revenues accrual",NA,"OK",NA
"factor_midas","France","Revenues","2022-01-05",6147.49962379541,4,NA,NA,NA,NA,NA,NA,2022-01-01,11573.8,"Total revenues accrual",NA,"OK",NA
"factor_midas","France","Revenues","2022-01-06",5999.60293288127,4,NA,NA,NA,NA,NA,NA,2022-01-01,11573.8,"Total revenues accrual",NA,"OK",NA
"factor_midas","France","Revenues","2022-01-15",5685.77483965262,4,NA,NA,NA,NA,NA,NA,2022-01-01,11573.8,"Total revenues accrual",NA,"OK",NA
"factor_midas","France","Revenues","2022-01-27",5989.77628872521,4,NA,NA,NA,NA,NA,NA,2022-01-01,11573.8,"Total revenues accrual",NA,"OK",NA
"factor_midas","France","Revenues","2022-02-01",6877.14091422386,4,NA,NA,NA,NA,NA,NA,2022-02-01,11573.8,"Total revenues accrual",NA,"OK",NA
"factor_midas","France","Revenues","2022-02-02",6883.66642828888,4,NA,NA,NA,NA,NA,NA,2022-02-01,11573.8,"Total revenues accrual",NA,"OK",NA
"factor_midas","France","Revenues","2022-02-05",6408.07890110159,4,NA,NA,NA,NA,NA,NA,2022-02-01,11573.8,"Total revenues accrual",NA,"OK",NA
"factor_midas","France","Revenues","2022-02-15",6695.60127221283,4,NA,NA,NA,NA,NA,NA,2022-02-01,11573.8,"Total revenues accrual",NA,"OK",NA
"factor_midas","France","Revenues","2022-02-24",6789.27663230583,4,NA,NA,NA,NA,NA,NA,2022-02-01,11573.8,"Total revenues accrual",NA,"OK",NA
"factor_midas","France","Revenues","2022-02-27",9789.23573954847,4,NA,NA,NA,NA,NA,NA,2022-02-01,11573.8,"Total revenues accrual",NA,"OK",NA
"factor_midas","France","Revenues","2022-03-01",9556.32801350558,4,NA,NA,NA,NA,NA,NA,2022-03-01,11573.8,"Total revenues accrual",NA,"OK",NA
"factor_midas","France","Revenues","2022-03-02",9607.37440576138,4,NA,NA,NA,NA,NA,NA,2022-03-01,11573.8,"Total revenues accrual",NA,"OK",NA
"factor_midas","France","Revenues","2022-03-05",10917.6939937879,4,NA,NA,NA,NA,NA,NA,2022-03-01,11573.8,"Total revenues accrual",NA,"OK",NA
"factor_midas","France","Revenues","2022-03-15",10344.0225886811,4,NA,NA,NA,NA,NA,NA,2022-03-01,1355.90000000002,"Total revenues accrual",NA,"OK",NA
"factor_midas","France","Revenues","2022-03-27",10016.2227234966,4,NA,NA,NA,NA,NA,NA,2022-03-01,1355.90000000002,"Total revenues accrual",NA,"OK",NA
"factor_midas","France","Revenues","2022-03-31",10041.5096454314,4,NA,NA,NA,NA,NA,NA,2022-03-01,1355.90000000002,"Total revenues accrual",NA,"OK",NA
"factor_midas","France","Revenues","2022-04-01",10554.5097634053,4,NA,NA,NA,NA,NA,NA,2022-04-01,1355.90000000002,"Total revenues accrual",NA,"OK",NA
"factor_midas","France","Revenues","2022-04-05",6248.80255105732,4,NA,NA,NA,NA,NA,NA,2022-04-01,1355.90000000002,"Total revenues accrual",NA,"OK",NA
"factor_midas","France","Revenues","2022-04-15",6283.27544303971,4,NA,NA,NA,NA,NA,NA,2022-04-01,1355.90000000002,"Total revenues accrual",NA,"OK",NA
"factor_midas","France","Revenues","2022-04-27",5115.90259382255,4,NA,NA,NA,NA,NA,NA,2022-04-01,1355.90000000002,"Total revenues accrual",NA,"OK",NA
"factor_midas","France","Revenues","2022-04-28",5100.23604397687,4,NA,NA,NA,NA,NA,NA,2022-04-01,1355.90000000002,"Total revenues accrual",NA,"OK",NA
"factor_midas","France","Revenues","2022-05-01",4028.25268844404,4,NA,NA,NA,NA,NA,NA,2022-05-01,1355.90000000002,"Total revenues accrual",NA,"OK",NA
"factor_midas","France","Revenues","2022-05-05",7614.40799370124,4,NA,NA,NA,NA,NA,NA,2022-05-01,1355.90000000002,"Total revenues accrual",NA,"OK",NA
"factor_midas","France","Revenues","2022-05-07",7613.38171099575,4,NA,NA,NA,NA,NA,NA,2022-05-01,1355.90000000002,"Total revenues accrual",NA,"OK",NA
"factor_midas","France","Revenues","2022-05-15",7426.61668645975,4,NA,NA,NA,NA,NA,NA,2022-05-01,1355.90000000002,"Total revenues accrual",NA,"OK",NA
"factor_midas","France","Revenues","2022-05-26",7460.33418119626,4,NA,NA,NA,NA,NA,NA,2022-05-01,1355.90000000002,"Total revenues accrual",NA,"OK",NA
"factor_midas","France","Revenues","2022-05-27",4949.12704194411,4,NA,NA,NA,NA,NA,NA,2022-05-01,1355.90000000002,"Total revenues accrual",NA,"OK",NA
"factor_midas","France","Revenues","2022-06-01",7035.97309920948,4,NA,NA,NA,NA,NA,NA,2022-06-01,1355.90000000002,"Total revenues accrual",NA,"OK",NA
"factor_midas","France","Revenues","2022-06-03",6983.73915124852,4,NA,NA,NA,NA,NA,NA,2022-06-01,1355.90000000002,"Total revenues accrual",NA,"OK",NA
"factor_midas","France","Revenues","2022-06-05",5404.16998848827,4,NA,NA,NA,NA,NA,NA,2022-06-01,1355.90000000002,"Total revenues accrual",NA,"OK",NA
"factor_midas","France","Revenues","2022-06-15",7874.98662753829,4,NA,NA,NA,NA,NA,NA,2022-06-01,9941.70000000001,"Total revenues accrual",NA,"OK",NA
"factor_midas","France","Revenues","2022-06-27",7775.39443589561,4,NA,NA,NA,NA,NA,NA,2022-06-01,9941.70000000001,"Total revenues accrual",NA,"OK",NA
"factor_midas","France","Revenues","2022-06-30",7790.6134239003,4,NA,NA,NA,NA,NA,NA,2022-06-01,9941.70000000001,"Total revenues accrual",NA,"OK",NA
"factor_midas","France","Revenues","2022-07-01",4763.06072696869,4,NA,NA,NA,NA,NA,NA,2022-07-01,9941.70000000001,"Total revenues accrual",NA,"OK",NA
"factor_midas","France","Revenues","2022-07-05",8046.50824510883,4,NA,NA,NA,NA,NA,NA,2022-07-01,9941.70000000001,"Total revenues accrual",NA,"OK",NA
"factor_midas","France","Revenues","2022-07-15",7670.54000312101,4,NA,NA,NA,NA,NA,NA,2022-07-01,9941.70000000001,"Total revenues accrual",NA,"OK",NA
"factor_midas","France","Revenues","2022-07-27",8174.67073599754,4,NA,NA,NA,NA,NA,NA,2022-07-01,9941.70000000001,"Total revenues accrual",NA,"OK",NA
"factor_midas","France","Revenues","2022-07-28",8167.85020658054,4,NA,NA,NA,NA,NA,NA,2022-07-01,9941.70000000001,"Total revenues accrual",NA,"OK",NA
"factor_midas","France","Revenues","2022-08-01",8304.86476295145,4,NA,NA,NA,NA,NA,NA,2022-08-01,9941.70000000001,"Total revenues accrual",NA,"OK",NA
"factor_midas","France","Revenues","2022-08-05",6899.66841915212,4,NA,NA,NA,NA,NA,NA,2022-08-01,9941.70000000001,"Total revenues accrual",NA,"OK",NA
"factor_midas","France","Revenues","2022-08-15",5998.06768968506,4,NA,NA,NA,NA,NA,NA,2022-08-01,9941.70000000001,"Total revenues accrual",NA,"OK",NA
"factor_midas","France","Revenues","2022-08-25",5996.21253756035,4,NA,NA,NA,NA,NA,NA,2022-08-01,9941.70000000001,"Total revenues accrual",NA,"OK",NA
"factor_midas","France","Revenues","2022-08-27",4429.97022988277,4,NA,NA,NA,NA,NA,NA,2022-08-01,9941.70000000001,"Total revenues accrual",NA,"OK",NA
"factor_midas","France","Revenues","2022-09-01",6674.94064788115,4,NA,NA,NA,NA,NA,NA,2022-09-01,9941.70000000001,"Total revenues accrual",NA,"OK",NA
"factor_midas","France","Revenues","2022-09-04",6782.30556879113,4,NA,NA,NA,NA,NA,NA,2022-09-01,9941.70000000001,"Total revenues accrual",NA,"OK",NA
"factor_midas","France","Revenues","2022-09-05",4213.8404201858,4,NA,NA,NA,NA,NA,NA,2022-09-01,9941.70000000001,"Total revenues accrual",NA,"OK",NA
"factor_midas","France","Revenues","2022-09-15",6649.0260930659,4,NA,NA,NA,NA,NA,NA,2022-09-01,1444.09999999998,"Total revenues accrual",NA,"OK",NA
"factor_midas","France","Revenues","2022-09-27",5145.86766506594,4,NA,NA,NA,NA,NA,NA,2022-09-01,1444.09999999998,"Total revenues accrual",NA,"OK",NA
"factor_midas","France","Revenues","2022-09-29",5092.70354061146,4,NA,NA,NA,NA,NA,NA,2022-09-01,1444.09999999998,"Total revenues accrual",NA,"OK",NA
"factor_midas","France","Revenues","2022-10-01",5282.44078676163,4,NA,NA,NA,NA,NA,NA,2022-10-01,1444.09999999998,"Total revenues accrual",NA,"OK",NA
"factor_midas","France","Revenues","2022-10-05",8374.23321112252,4,NA,NA,NA,NA,NA,NA,2022-10-01,1444.09999999998,"Total revenues accrual",NA,"OK",NA
"factor_midas","France","Revenues","2022-10-06",8183.8476587087,4,NA,NA,NA,NA,NA,NA,2022-10-01,1444.09999999998,"Total revenues accrual",NA,"OK",NA
"factor_midas","France","Revenues","2022-10-15",11643.0053692557,4,NA,NA,NA,NA,NA,NA,2022-10-01,1444.09999999998,"Total revenues accrual",NA,"OK",NA
"factor_midas","France","Revenues","2022-10-27",16230.0409957538,4,NA,NA,NA,NA,NA,NA,2022-10-01,1444.09999999998,"Total revenues accrual",NA,"OK",NA
"factor_midas","France","Revenues","2022-11-01",13385.922537822,4,NA,NA,NA,NA,NA,NA,2022-11-01,1444.09999999998,"Total revenues accrual",NA,"OK",NA
"factor_midas","France","Revenues","2022-11-02",13381.6189376704,4,NA,NA,NA,NA,NA,NA,2022-11-01,1444.09999999998,"Total revenues accrual",NA,"OK",NA
"factor_midas","France","Revenues","2022-11-05",13441.3509589964,4,NA,NA,NA,NA,NA,NA,2022-11-01,1444.09999999998,"Total revenues accrual",NA,"OK",NA
"factor_midas","France","Revenues","2022-11-15",13317.3179811893,4,NA,NA,NA,NA,NA,NA,2022-11-01,1444.09999999998,"Total revenues accrual",NA,"OK",NA
"factor_midas","France","Revenues","2022-11-24",13315.3337310517,4,NA,NA,NA,NA,NA,NA,2022-11-01,1444.09999999998,"Total revenues accrual",NA,"OK",NA
"factor_midas","France","Revenues","2022-11-27",8213.25123432164,4,NA,NA,NA,NA,NA,NA,2022-11-01,1444.09999999998,"Total revenues accrual",NA,"OK",NA
"factor_midas","France","Revenues","2022-12-01",10434.4411369951,4,NA,NA,NA,NA,NA,NA,2022-12-01,1444.09999999998,"Total revenues accrual",NA,"OK",NA
"factor_midas","France","Revenues","2022-12-04",10432.6930214289,4,NA,NA,NA,NA,NA,NA,2022-12-01,1444.09999999998,"Total revenues accrual",NA,"OK",NA
"factor_midas","France","Revenues","2022-12-05",9265.62640518307,4,NA,NA,NA,NA,NA,NA,2022-12-01,1444.09999999998,"Total revenues accrual",NA,"OK",NA
"factor_midas","France","Revenues","2022-12-15",7919.97926602106,4,NA,NA,NA,NA,NA,NA,2022-12-01,-108.5,"Total revenues accrual",NA,"OK",NA
"factor_midas","France","Revenues","2022-12-27",6752.17334543328,4,NA,NA,NA,NA,NA,NA,2022-12-01,-108.5,"Total revenues accrual",NA,"OK",NA
"factor_midas","France","Revenues","2022-12-29",6751.52431984457,4,NA,NA,NA,NA,NA,NA,2022-12-01,-108.5,"Total revenues accrual",NA,"OK",NA
"factor_midas","France","Revenues","2023-01-01",5225.09163729651,4,NA,NA,NA,NA,NA,NA,2023-01-01,-108.5,"Total revenues accrual",NA,"OK",NA
"factor_midas","France","Revenues","2023-01-05",6616.63941211046,4,NA,NA,NA,NA,NA,NA,2023-01-01,-108.5,"Total revenues accrual",NA,"OK",NA
"factor_midas","France","Revenues","2023-01-07",6580.82984105612,4,NA,NA,NA,NA,NA,NA,2023-01-01,-108.5,"Total revenues accrual",NA,"OK",NA
"factor_midas","France","Revenues","2023-01-15",6967.46740249517,4,NA,NA,NA,NA,NA,NA,2023-01-01,-108.5,"Total revenues accrual",NA,"OK",NA
"factor_midas","France","Revenues","2023-01-26",7033.50804420287,4,NA,NA,NA,NA,NA,NA,2023-01-01,-108.5,"Total revenues accrual",NA,"OK",NA
"factor_midas","France","Revenues","2023-01-27",9097.98548676344,4,NA,NA,NA,NA,NA,NA,2023-01-01,-108.5,"Total revenues accrual",NA,"OK",NA
"factor_midas","France","Revenues","2023-02-01",8186.3971267327,4,NA,NA,NA,NA,NA,NA,2023-02-01,-108.5,"Total revenues accrual",NA,"OK",NA
"factor_midas","France","Revenues","2023-02-03",8186.01901118627,4,NA,NA,NA,NA,NA,NA,2023-02-01,-108.5,"Total revenues accrual",NA,"OK",NA
"factor_midas","France","Revenues","2023-02-05",7116.23929716062,4,NA,NA,NA,NA,NA,NA,2023-02-01,-108.5,"Total revenues accrual",NA,"OK",NA
"factor_midas","France","Revenues","2023-02-15",7191.12560340841,4,NA,NA,NA,NA,NA,NA,2023-02-01,-108.5,"Total revenues accrual",NA,"OK",NA
"factor_midas","France","Revenues","2023-02-23",7129.81679786708,4,NA,NA,NA,NA,NA,NA,2023-02-01,-108.5,"Total revenues accrual",NA,"OK",NA
"factor_midas","France","Revenues","2023-02-27",7643.98297533894,4,NA,NA,NA,NA,NA,NA,2023-02-01,-108.5,"Total revenues accrual",NA,"OK",NA
"factor_midas","France","Revenues","2023-03-01",7944.98320557931,4,NA,NA,NA,NA,NA,NA,2023-03-01,-108.5,"Total revenues accrual",NA,"OK",NA
"factor_midas","France","Revenues","2023-03-03",7853.87375295609,4,NA,NA,NA,NA,NA,NA,2023-03-01,-108.5,"Total revenues accrual",NA,"OK",NA
"factor_midas","France","Revenues","2023-03-05",9157.67910321412,4,NA,NA,NA,NA,NA,NA,2023-03-01,-108.5,"Total revenues accrual",NA,"OK",NA
"factor_midas","France","Revenues","2023-03-15",7875.59056634594,4,NA,NA,NA,NA,NA,NA,2023-03-01,3403.90000000002,"Total revenues accrual",NA,"OK",NA
"factor_midas","France","Revenues","2023-03-27",7285.78979558517,4,NA,NA,NA,NA,NA,NA,2023-03-01,3403.90000000002,"Total revenues accrual",NA,"OK",NA
"factor_midas","France","Revenues","2023-03-30",7287.42005372177,4,NA,NA,NA,NA,NA,NA,2023-03-01,3403.90000000002,"Total revenues accrual",NA,"OK",NA
"factor_midas","France","Revenues","2023-04-01",3102.69722889685,2,NA,NA,NA,NA,NA,NA,2023-04-01,3403.90000000002,"Total revenues accrual",NA,"OK",NA
"factor_midas","France","Revenues","2023-04-05",2747.24292601047,2,NA,NA,NA,NA,NA,NA,2023-04-01,3403.90000000002,"Total revenues accrual",NA,"OK",NA
"factor_midas","France","Revenues","2023-04-06",2604.68391518825,2,NA,NA,NA,NA,NA,NA,2023-04-01,3403.90000000002,"Total revenues accrual",NA,"OK",NA
"factor_midas","France","Revenues","2023-04-15",3913.26988828214,4,NA,NA,NA,NA,NA,NA,2023-04-01,3403.90000000002,"Total revenues accrual",NA,"OK",NA
"factor_midas","France","Revenues","2023-04-27",2017.98582603014,4,NA,NA,NA,NA,NA,NA,2023-04-01,3403.90000000002,"Total revenues accrual",NA,"OK",NA
"factor_midas","France","Revenues","2023-05-01",4135.04298835192,4,NA,NA,NA,NA,NA,NA,2023-05-01,3403.90000000002,"Total revenues accrual",NA,"OK",NA
"factor_midas","France","Revenues","2023-05-05",5527.95504854532,4,NA,NA,NA,NA,NA,NA,2023-05-01,3403.90000000002,"Total revenues accrual",NA,"OK",NA
"factor_midas","France","Revenues","2023-05-15",5865.36179252465,4,NA,NA,NA,NA,NA,NA,2023-05-01,3403.90000000002,"Total revenues accrual",NA,"OK",NA
"factor_midas","France","Revenues","2023-05-25",6084.87127521134,4,NA,NA,NA,NA,NA,NA,2023-05-01,3403.90000000002,"Total revenues accrual",NA,"OK",NA
"factor_midas","France","Revenues","2023-05-27",3822.03204146787,4,NA,NA,NA,NA,NA,NA,2023-05-01,3403.90000000002,"Total revenues accrual",NA,"OK",NA
"factor_midas","France","Revenues","2023-06-01",2521.25294827679,2,NA,NA,NA,NA,NA,NA,2023-06-01,3403.90000000002,"Total revenues accrual",NA,"OK",NA
"factor_midas","France","Revenues","2023-06-04",2647.17744284454,2,NA,NA,NA,NA,NA,NA,2023-06-01,3403.90000000002,"Total revenues accrual",NA,"OK",NA
"factor_midas","France","Revenues","2023-06-05",1412.8308655374,2,NA,NA,NA,NA,NA,NA,2023-06-01,3403.90000000002,"Total revenues accrual",NA,"OK",NA
"factor_midas","France","Revenues","2023-06-15",1177.31440342026,2,NA,NA,NA,NA,NA,NA,2023-06-01,500.700000000012,"Total revenues accrual",NA,"OK",NA
"factor_midas","France","Revenues","2023-06-27",3615.17252119503,4,NA,NA,NA,NA,NA,NA,2023-06-01,500.700000000012,"Total revenues accrual",NA,"OK",NA
"factor_midas","France","Revenues","2023-06-29",3642.16809787386,4,NA,NA,NA,NA,NA,NA,2023-06-01,500.700000000012,"Total revenues accrual",NA,"OK",NA
"factor_midas","France","Revenues","2023-07-01",2973.6782704219,4,NA,NA,NA,NA,NA,NA,2023-07-01,500.700000000012,"Total revenues accrual",NA,"OK",NA
"factor_midas","France","Revenues","2023-07-05",5641.52104775672,4,NA,NA,NA,NA,NA,NA,2023-07-01,500.700000000012,"Total revenues accrual",NA,"OK",NA
"factor_midas","France","Revenues","2023-07-06",5661.39578689408,4,NA,NA,NA,NA,NA,NA,2023-07-01,500.700000000012,"Total revenues accrual",NA,"OK",NA
"factor_midas","France","Revenues","2023-07-15",2876.72801550351,2,NA,NA,NA,NA,NA,NA,2023-07-01,500.700000000012,"Total revenues accrual",NA,"OK",NA
"factor_midas","France","Revenues","2023-07-27",1685.68938261949,2,NA,NA,NA,NA,NA,NA,2023-07-01,500.700000000012,"Total revenues accrual",NA,"OK",NA
"factor_midas","France","Revenues","2023-08-01",1625.49327683464,2,NA,NA,NA,NA,NA,NA,2023-08-01,500.700000000012,"Total revenues accrual",NA,"OK",NA
"factor_midas","France","Revenues","2023-08-02",1370.34044516906,2,NA,NA,NA,NA,NA,NA,2023-08-01,500.700000000012,"Total revenues accrual",NA,"OK",NA
"factor_midas","France","Revenues","2023-08-05",638.951014734824,2,NA,NA,NA,NA,NA,NA,2023-08-01,500.700000000012,"Total revenues accrual",NA,"OK",NA
"factor_midas","France","Revenues","2023-08-15",1496.22336587912,2,NA,NA,NA,NA,NA,NA,2023-08-01,500.700000000012,"Total revenues accrual",NA,"OK",NA
"factor_midas","France","Revenues","2023-08-27",2630.55209823283,2,NA,NA,NA,NA,NA,NA,2023-08-01,500.700000000012,"Total revenues accrual",NA,"OK",NA
"factor_midas","France","Revenues","2023-08-31",2484.74642922179,2,NA,NA,NA,NA,NA,NA,2023-08-01,500.700000000012,"Total revenues accrual",NA,"OK",NA
"factor_midas","France","Revenues","2023-09-01",2426.21932628134,2,NA,NA,NA,NA,NA,NA,2023-09-01,500.700000000012,"Total revenues accrual",NA,"OK",NA
"factor_midas","France","Revenues","2023-09-05",3537.00572236747,2,NA,NA,NA,NA,NA,NA,2023-09-01,500.700000000012,"Total revenues accrual",NA,"OK",NA
"factor_midas","France","Revenues","2023-09-15",2813.26543531564,2,NA,NA,NA,NA,NA,NA,2023-09-01,-541.200000000012,"Total revenues accrual",NA,"OK",NA
"factor_midas","France","Revenues","2023-09-27",1884.91811724718,2,NA,NA,NA,NA,NA,NA,2023-09-01,-541.200000000012,"Total revenues accrual",NA,"OK",NA
"factor_midas","France","Revenues","2023-09-28",2184.78456871768,2,NA,NA,NA,NA,NA,NA,2023-09-01,-541.200000000012,"Total revenues accrual",NA,"OK",NA
"factor_midas","France","Revenues","2023-10-01",2339.98232046529,2,NA,NA,NA,NA,NA,NA,2023-10-01,-541.200000000012,"Total revenues accrual",NA,"OK",NA
"factor_midas","France","Revenues","2023-10-05",1880.59427117236,2,NA,NA,NA,NA,NA,NA,2023-10-01,-541.200000000012,"Total revenues accrual",NA,"OK",NA
"factor_midas","France","Revenues","2023-10-07",1879.30872028488,2,NA,NA,NA,NA,NA,NA,2023-10-01,-541.200000000012,"Total revenues accrual",NA,"OK",NA
"factor_midas","France","Revenues","2023-10-15",1960.19411493838,2,NA,NA,NA,NA,NA,NA,2023-10-01,-541.200000000012,"Total revenues accrual",NA,"OK",NA
"factor_midas","France","Revenues","2023-10-26",1662.55234843128,2,NA,NA,NA,NA,NA,NA,2023-10-01,-541.200000000012,"Total revenues accrual",NA,"OK",NA
"factor_midas","France","Revenues","2023-10-27",1243.33329261615,2,NA,NA,NA,NA,NA,NA,2023-10-01,-541.200000000012,"Total revenues accrual",NA,"OK",NA
"factor_midas","France","Revenues","2023-11-01",1178.54525684795,2,NA,NA,NA,NA,NA,NA,2023-11-01,-541.200000000012,"Total revenues accrual",NA,"OK",NA
"factor_midas","France","Revenues","2023-11-03",1283.28952349169,2,NA,NA,NA,NA,NA,NA,2023-11-01,-541.200000000012,"Total revenues accrual",NA,"OK",NA
"factor_midas","France","Revenues","2023-11-05",1417.38475016361,2,NA,NA,NA,NA,NA,NA,2023-11-01,-541.200000000012,"Total revenues accrual",NA,"OK",NA
"factor_midas","France","Revenues","2023-11-15",1302.69650039191,2,NA,NA,NA,NA,NA,NA,2023-11-01,-541.200000000012,"Total revenues accrual",NA,"OK",NA
"factor_midas","France","Revenues","2023-11-27",1219.81554691392,2,NA,NA,NA,NA,NA,NA,2023-11-01,-541.200000000012,"Total revenues accrual",NA,"OK",NA
"factor_midas","France","Revenues","2023-11-30",1423.17335009579,2,NA,NA,NA,NA,NA,NA,2023-11-01,-541.200000000012,"Total revenues accrual",NA,"OK",NA
"factor_midas","France","Revenues","2023-12-01",1434.22972459831,2,NA,NA,NA,NA,NA,NA,2023-12-01,-541.200000000012,"Total revenues accrual",NA,"OK",NA
"factor_midas","France","Revenues","2023-12-05",1103.64667550282,2,NA,NA,NA,NA,NA,NA,2023-12-01,-541.200000000012,"Total revenues accrual",NA,"OK",NA
"factor_midas","France","Revenues","2023-12-15",10.7803858784537,2,NA,NA,NA,NA,NA,NA,2023-12-01,5422.5,"Total revenues accrual",NA,"OK",NA
"factor_midas","France","Revenues","2023-12-27",624.395455093732,2,NA,NA,NA,NA,NA,NA,2023-12-01,5422.5,"Total revenues accrual",NA,"OK",NA
"factor_midas","France","Revenues","2023-12-28",579.215814731741,2,NA,NA,NA,NA,NA,NA,2023-12-01,5422.5,"Total revenues accrual",NA,"OK",NA
"factor_midas","France","Revenues","2024-01-01",617.514470029001,2,NA,NA,NA,NA,NA,NA,2024-01-01,5422.5,"Total revenues accrual",NA,"OK",NA
"factor_midas","France","Revenues","2024-01-05",284.120361658138,2,NA,NA,NA,NA,NA,NA,2024-01-01,5422.5,"Total revenues accrual",NA,"OK",NA
"factor_midas","France","Revenues","2024-01-15",1485.7212750998,2,NA,NA,NA,NA,NA,NA,2024-01-01,5422.5,"Total revenues accrual",NA,"OK",NA
"factor_midas","France","Revenues","2024-01-25",1780.6456854116,2,NA,NA,NA,NA,NA,NA,2024-01-01,5422.5,"Total revenues accrual",NA,"OK",NA
"factor_midas","France","Revenues","2024-01-27",1734.55864921539,2,NA,NA,NA,NA,NA,NA,2024-01-01,5422.5,"Total revenues accrual",NA,"OK",NA
"factor_midas","France","Revenues","2024-02-01",1530.27665008341,2,NA,NA,NA,NA,NA,NA,2024-02-01,5422.5,"Total revenues accrual",NA,"OK",NA
"factor_midas","France","Revenues","2024-02-04",1640.86984860098,2,NA,NA,NA,NA,NA,NA,2024-02-01,5422.5,"Total revenues accrual",NA,"OK",NA
"factor_midas","France","Revenues","2024-02-05",1934.23804465515,2,NA,NA,NA,NA,NA,NA,2024-02-01,5422.5,"Total revenues accrual",NA,"OK",NA
"factor_midas","France","Revenues","2024-02-15",850.813487738527,2,NA,NA,NA,NA,NA,NA,2024-02-01,5422.5,"Total revenues accrual",NA,"OK",NA
"factor_midas","France","Revenues","2024-02-27",1289.874860278,2,NA,NA,NA,NA,NA,NA,2024-02-01,5422.5,"Total revenues accrual",NA,"OK",NA
"factor_midas","France","Revenues","2024-02-29",1234.93079390743,2,NA,NA,NA,NA,NA,NA,2024-02-01,5422.5,"Total revenues accrual",NA,"OK",NA
"factor_midas","France","Revenues","2024-03-01",1265.15259815355,2,NA,NA,NA,NA,NA,NA,2024-03-01,5422.5,"Total revenues accrual",NA,"OK",NA
"factor_midas","France","Revenues","2024-03-05",636.092452943133,2,NA,NA,NA,NA,NA,NA,2024-03-01,5422.5,"Total revenues accrual",NA,"OK",NA
"factor_midas","France","Revenues","2024-03-15",1602.38723183935,2,NA,NA,NA,NA,NA,NA,2024-03-01,3679.29999999999,"Total revenues accrual",NA,"OK",NA
"factor_midas","France","Revenues","2024-03-27",1.86628264744559,2,NA,NA,NA,NA,NA,NA,2024-03-01,3679.29999999999,"Total revenues accrual",NA,"OK",NA
"factor_midas","France","Revenues","2024-03-28",373.419630004226,2,NA,NA,NA,NA,NA,NA,2024-03-01,3679.29999999999,"Total revenues accrual",NA,"OK",NA
"factor_midas","France","Revenues","2024-04-01",417.42359694922,2,NA,NA,NA,NA,NA,NA,2024-04-01,3679.29999999999,"Total revenues accrual",NA,"OK",NA
"factor_midas","France","Revenues","2024-04-05",1001.19391024288,2,NA,NA,NA,NA,NA,NA,2024-04-01,3679.29999999999,"Total revenues accrual",NA,"OK",NA
"factor_midas","France","Revenues","2024-04-15",1181.08673321735,2,NA,NA,NA,NA,NA,NA,2024-04-01,3679.29999999999,"Total revenues accrual",NA,"OK",NA
"factor_midas","France","Revenues","2024-04-25",556.764423417,2,NA,NA,NA,NA,NA,NA,2024-04-01,3679.29999999999,"Total revenues accrual",NA,"OK",NA
"factor_midas","France","Revenues","2024-04-27",1762.42638532135,2,NA,NA,NA,NA,NA,NA,2024-04-01,3679.29999999999,"Total revenues accrual",NA,"OK",NA
"factor_midas","France","Revenues","2024-05-01",1673.38272665865,2,NA,NA,NA,NA,NA,NA,2024-05-01,3679.29999999999,"Total revenues accrual",NA,"OK",NA
"factor_midas","France","Revenues","2024-05-03",1647.28324625331,2,NA,NA,NA,NA,NA,NA,2024-05-01,3679.29999999999,"Total revenues accrual",NA,"OK",NA
"factor_midas","France","Revenues","2024-05-05",1404.63918747152,2,NA,NA,NA,NA,NA,NA,2024-05-01,3679.29999999999,"Total revenues accrual",NA,"OK",NA
"factor_midas","France","Revenues","2024-05-15",84.3118130337562,2,NA,NA,NA,NA,NA,NA,2024-05-01,3679.29999999999,"Total revenues accrual",NA,"OK",NA
"factor_midas","France","Revenues","2024-05-27",177.168583266561,2,NA,NA,NA,NA,NA,NA,2024-05-01,3679.29999999999,"Total revenues accrual",NA,"OK",NA
"factor_midas","France","Revenues","2024-05-30",555.085349784807,2,NA,NA,NA,NA,NA,NA,2024-05-01,3679.29999999999,"Total revenues accrual",NA,"OK",NA
"factor_midas","France","Revenues","2024-06-01",997.051609826212,2,NA,NA,NA,NA,NA,NA,2024-06-01,3679.29999999999,"Total revenues accrual",NA,"OK",NA
"factor_midas","France","Revenues","2024-06-05",193.435938251342,2,NA,NA,NA,NA,NA,NA,2024-06-01,3679.29999999999,"Total revenues accrual",NA,"OK",NA
"factor_midas","France","Revenues","2024-06-06",-2.81315485757614,2,NA,NA,NA,NA,NA,NA,2024-06-01,3679.29999999999,"Total revenues accrual",NA,"OK",NA
"factor_midas","France","Revenues","2024-06-15",2325.75201235345,2,NA,NA,NA,NA,NA,NA,2024-06-01,3907.59999999998,"Total revenues accrual",NA,"OK",NA
"factor_midas","France","Revenues","2024-06-27",2171.92212424083,2,NA,NA,NA,NA,NA,NA,2024-06-01,3907.59999999998,"Total revenues accrual",NA,"OK",NA
"factor_midas","France","Revenues","2024-07-01",1925.82605646767,2,NA,NA,NA,NA,NA,NA,2024-07-01,3907.59999999998,"Total revenues accrual",NA,"OK",NA
"factor_midas","France","Revenues","2024-07-05",1359.22511708401,2,NA,NA,NA,NA,NA,NA,2024-07-01,3907.59999999998,"Total revenues accrual",NA,"OK",NA
"factor_midas","France","Revenues","2024-07-15",689.193358246373,2,NA,NA,NA,NA,NA,NA,2024-07-01,3907.59999999998,"Total revenues accrual",NA,"OK",NA
"factor_midas","France","Revenues","2024-07-25",372.614403323249,2,NA,NA,NA,NA,NA,NA,2024-07-01,3907.59999999998,"Total revenues accrual",NA,"OK",NA
"factor_midas","France","Revenues","2024-07-27",598.978959723499,2,NA,NA,NA,NA,NA,NA,2024-07-01,3907.59999999998,"Total revenues accrual",NA,"OK",NA
"factor_midas","France","Revenues","2024-08-01",573.999978553389,2,NA,NA,NA,NA,NA,NA,2024-08-01,3907.59999999998,"Total revenues accrual",NA,"OK",NA
"factor_midas","France","Revenues","2024-08-04",882.052946611178,2,NA,NA,NA,NA,NA,NA,2024-08-01,3907.59999999998,"Total revenues accrual",NA,"OK",NA
"factor_midas","France","Revenues","2024-08-05",1435.44105465393,2,NA,NA,NA,NA,NA,NA,2024-08-01,3907.59999999998,"Total revenues accrual",NA,"OK",NA
"factor_midas","France","Revenues","2024-08-15",1059.76828409869,2,NA,NA,NA,NA,NA,NA,2024-08-01,3907.59999999998,"Total revenues accrual",NA,"OK",NA
"factor_midas","France","Revenues","2024-08-27",1235.6310536536,2,NA,NA,NA,NA,NA,NA,2024-08-01,3907.59999999998,"Total revenues accrual",NA,"OK",NA
"factor_midas","France","Revenues","2024-08-29",1642.42304799794,2,NA,NA,NA,NA,NA,NA,2024-08-01,3907.59999999998,"Total revenues accrual",NA,"OK",NA
"factor_midas","France","Revenues","2024-09-01",1594.44593367128,2,NA,NA,NA,NA,NA,NA,2024-09-01,3907.59999999998,"Total revenues accrual",NA,"OK",NA
"factor_midas","France","Revenues","2024-09-05",1836.65281140353,2,NA,NA,NA,NA,NA,NA,2024-09-01,3907.59999999998,"Total revenues accrual",NA,"OK",NA
"factor_midas","France","Revenues","2024-09-07",1674.84914081374,2,NA,NA,NA,NA,NA,NA,2024-09-01,3907.59999999998,"Total revenues accrual",NA,"OK",NA
"factor_midas","France","Revenues","2024-09-15",2442.34372684665,2,NA,NA,NA,NA,NA,NA,2024-09-01,268.800000000047,"Total revenues accrual",NA,"OK",NA
"factor_midas","France","Revenues","2024-09-26",2319.08952481761,2,NA,NA,NA,NA,NA,NA,2024-09-01,268.800000000047,"Total revenues accrual",NA,"OK",NA
"factor_midas","France","Revenues","2024-09-27",1142.43266433807,2,NA,NA,NA,NA,NA,NA,2024-09-01,268.800000000047,"Total revenues accrual",NA,"OK",NA
"factor_midas","France","Revenues","2024-10-01",1155.62837403847,2,NA,NA,NA,NA,NA,NA,2024-10-01,268.800000000047,"Total revenues accrual",NA,"OK",NA
"factor_midas","France","Revenues","2024-10-02",1073.97423919151,2,NA,NA,NA,NA,NA,NA,2024-10-01,268.800000000047,"Total revenues accrual",NA,"OK",NA
"factor_midas","France","Revenues","2024-10-05",1510.8164077543,2,NA,NA,NA,NA,NA,NA,2024-10-01,268.800000000047,"Total revenues accrual",NA,"OK",NA
"factor_midas","France","Revenues","2024-10-15",1866.62093670213,2,NA,NA,NA,NA,NA,NA,2024-10-01,268.800000000047,"Total revenues accrual",NA,"OK",NA
"factor_midas","France","Revenues","2024-10-27",3098.07026743223,2,NA,NA,NA,NA,NA,NA,2024-10-01,268.800000000047,"Total revenues accrual",NA,"OK",NA
"factor_midas","France","Revenues","2024-10-31",2632.08801523277,2,NA,NA,NA,NA,NA,NA,2024-10-01,268.800000000047,"Total revenues accrual",NA,"OK",NA
"factor_midas","France","Revenues","2024-11-01",2706.57275762951,2,NA,NA,NA,NA,NA,NA,2024-11-01,268.800000000047,"Total revenues accrual",NA,"OK",NA
"factor_midas","France","Revenues","2024-11-05",2263.22776538121,2,NA,NA,NA,NA,NA,NA,2024-11-01,268.800000000047,"Total revenues accrual",NA,"OK",NA
"factor_midas","France","Revenues","2024-11-15",2301.49531202927,2,NA,NA,NA,NA,NA,NA,2024-11-01,268.800000000047,"Total revenues accrual",NA,"OK",NA
"factor_midas","France","Revenues","2024-11-27",2036.07083270863,2,NA,NA,NA,NA,NA,NA,2024-11-01,268.800000000047,"Total revenues accrual",NA,"OK",NA
"factor_midas","France","Revenues","2024-11-28",2296.46582759261,2,NA,NA,NA,NA,NA,NA,2024-11-01,268.800000000047,"Total revenues accrual",NA,"OK",NA
"factor_midas","France","Revenues","2024-12-01",2357.03130382611,2,NA,NA,NA,NA,NA,NA,2024-12-01,268.800000000047,"Total revenues accrual",NA,"OK",NA
"factor_midas","France","Revenues","2024-12-05",1821.33957655987,2,NA,NA,NA,NA,NA,NA,2024-12-01,268.800000000047,"Total revenues accrual",NA,"OK",NA
"factor_midas","France","Revenues","2024-12-07",1702.014766334,2,NA,NA,NA,NA,NA,NA,2024-12-01,268.800000000047,"Total revenues accrual",NA,"OK",NA
"factor_midas","France","Revenues","2024-12-15",1303.42094890894,2,NA,NA,NA,NA,NA,NA,2024-12-01,3463,"Total revenues accrual",NA,"OK",NA
"factor_midas","France","Revenues","2024-12-26",933.743629952808,2,NA,NA,NA,NA,NA,NA,2024-12-01,3463,"Total revenues accrual",NA,"OK",NA
"factor_midas","France","Revenues","2024-12-27",1049.31983462058,2,NA,NA,NA,NA,NA,NA,2024-12-01,3463,"Total revenues accrual",NA,"OK",NA
"factor_midas","France","Revenues","2025-01-01",979.181402501375,2,NA,NA,NA,NA,NA,NA,2025-01-01,3463,"Total revenues accrual",NA,"OK",NA
"factor_midas","France","Revenues","2025-01-03",1069.18064945286,2,NA,NA,NA,NA,NA,NA,2025-01-01,3463,"Total revenues accrual",NA,"OK",NA
"factor_midas","France","Revenues","2025-01-05",1417.01822131166,2,NA,NA,NA,NA,NA,NA,2025-01-01,3463,"Total revenues accrual",NA,"OK",NA
"factor_midas","France","Revenues","2025-01-15",1028.02205029734,2,NA,NA,NA,NA,NA,NA,2025-01-01,3463,"Total revenues accrual",NA,"OK",NA
"factor_midas","France","Revenues","2025-01-27",1374.40521194427,2,NA,NA,NA,NA,NA,NA,2025-01-01,3463,"Total revenues accrual",NA,"OK",NA
"factor_midas","France","Revenues","2025-01-30",1713.07706323499,2,NA,NA,NA,NA,NA,NA,2025-01-01,3463,"Total revenues accrual",NA,"OK",NA
"factor_midas","France","Revenues","2025-02-01",1587.4939993575,2,NA,NA,NA,NA,NA,NA,2025-02-01,3463,"Total revenues accrual",NA,"OK",NA
"factor_midas","France","Revenues","2025-02-05",1455.02651460256,2,NA,NA,NA,NA,NA,NA,2025-02-01,3463,"Total revenues accrual",NA,"OK",NA
"factor_midas","France","Revenues","2025-02-06",1390.9021458756,2,NA,NA,NA,NA,NA,NA,2025-02-01,3463,"Total revenues accrual",NA,"OK",NA
"factor_midas","France","Revenues","2025-02-15",1322.11427277968,2,NA,NA,NA,NA,NA,NA,2025-02-01,3463,"Total revenues accrual",NA,"OK",NA
"factor_midas","France","Revenues","2025-02-27",303.316355998826,2,NA,NA,NA,NA,NA,NA,2025-02-01,3463,"Total revenues accrual",NA,"OK",NA
"factor_midas","France","Revenues","2025-03-01",349.618302317257,2,NA,NA,NA,NA,NA,NA,2025-03-01,3463,"Total revenues accrual",NA,"OK",NA
"factor_midas","France","Revenues","2025-03-05",533.44246108293,2,NA,NA,NA,NA,NA,NA,2025-03-01,3463,"Total revenues accrual",NA,"OK",NA
"factor_midas","France","Revenues","2025-03-06",571.614317786172,2,NA,NA,NA,NA,NA,NA,2025-03-01,3463,"Total revenues accrual",NA,"OK",NA
"factor_midas","France","Revenues","2025-03-15",188.243548088559,2,NA,NA,NA,NA,NA,NA,2025-03-01,5449.19999999995,"Total revenues accrual",NA,"OK",NA
"factor_midas","France","Revenues","2025-03-27",730.901736607033,2,NA,NA,NA,NA,NA,NA,2025-03-01,5449.19999999995,"Total revenues accrual",NA,"OK",NA
"factor_midas","France","Revenues","2025-04-01",772.968119853871,2,NA,NA,NA,NA,NA,NA,2025-04-01,5449.19999999995,"Total revenues accrual",NA,"OK",NA
"factor_midas","France","Revenues","2025-04-02",833.749935025096,2,NA,NA,NA,NA,NA,NA,2025-04-01,5449.19999999995,"Total revenues accrual",NA,"OK",NA
"factor_midas","France","Revenues","2025-04-05",774.318322307358,2,NA,NA,NA,NA,NA,NA,2025-04-01,5449.19999999995,"Total revenues accrual",NA,"OK",NA
"factor_midas","France","Revenues","2025-04-15",876.903468216335,2,NA,NA,NA,NA,NA,NA,2025-04-01,5449.19999999995,"Total revenues accrual",NA,"OK",NA
"factor_midas","France","Revenues","2025-04-24",916.279893002324,2,NA,NA,NA,NA,NA,NA,2025-04-01,5449.19999999995,"Total revenues accrual",NA,"OK",NA
"factor_midas","France","Revenues","2025-04-27",1026.68612521258,2,NA,NA,NA,NA,NA,NA,2025-04-01,5449.19999999995,"Total revenues accrual",NA,"OK",NA
"factor_midas","France","Revenues","2025-05-01",968.181362583885,2,NA,NA,NA,NA,NA,NA,2025-05-01,5449.19999999995,"Total revenues accrual",NA,"OK",NA
"factor_midas","France","Revenues","2025-05-04",977.37534196742,2,NA,NA,NA,NA,NA,NA,2025-05-01,5449.19999999995,"Total revenues accrual",NA,"OK",NA
"factor_midas","France","Revenues","2025-05-05",1130.02736106076,2,NA,NA,NA,NA,NA,NA,2025-05-01,5449.19999999995,"Total revenues accrual",NA,"OK",NA
"factor_midas","France","Revenues","2025-05-15",1349.79530113563,2,NA,NA,NA,NA,NA,NA,2025-05-01,5449.19999999995,"Total revenues accrual",NA,"OK",NA
"factor_midas","France","Revenues","2025-05-27",746.573218984988,2,NA,NA,NA,NA,NA,NA,2025-05-01,5449.19999999995,"Total revenues accrual",NA,"OK",NA
"factor_midas","France","Revenues","2025-05-29",436.331071240686,2,NA,NA,NA,NA,NA,NA,2025-05-01,5449.19999999995,"Total revenues accrual",NA,"OK",NA
"factor_midas","France","Revenues","2025-06-01",473.435998879741,2,NA,NA,NA,NA,NA,NA,2025-06-01,5449.19999999995,"Total revenues accrual",NA,"OK",NA
"factor_midas","France","Revenues","2025-06-05",-166.829076845927,2,NA,NA,NA,NA,NA,NA,2025-06-01,5449.19999999995,"Total revenues accrual",NA,"OK",NA
"factor_midas","France","Revenues","2025-06-07",-247.172424249549,2,NA,NA,NA,NA,NA,NA,2025-06-01,5449.19999999995,"Total revenues accrual",NA,"OK",NA
"factor_midas","France","Revenues","2025-06-15",500.72423733428,2,NA,NA,NA,NA,NA,NA,2025-06-01,2150,"Total revenues accrual",NA,"OK",NA
"factor_midas","France","Revenues","2025-06-26",225.009361790386,2,NA,NA,NA,NA,NA,NA,2025-06-01,2150,"Total revenues accrual",NA,"OK",NA
"factor_midas","France","Revenues","2025-06-27",1338.7179869632,2,NA,NA,NA,NA,NA,NA,2025-06-01,2150,"Total revenues accrual",NA,"OK",NA
"factor_midas","France","Revenues","2025-07-01",1298.57947526233,2,NA,NA,NA,NA,NA,NA,2025-07-01,2150,"Total revenues accrual",NA,"OK",NA
"factor_midas","France","Revenues","2025-07-02",1328.18978514992,2,NA,NA,NA,NA,NA,NA,2025-07-01,2150,"Total revenues accrual",NA,"OK",NA
"factor_midas","France","Revenues","2025-07-05",1210.06112913999,2,NA,NA,NA,NA,NA,NA,2025-07-01,2150,"Total revenues accrual",NA,"OK",NA
"factor_midas","France","Revenues","2025-07-15",1241.83229977502,2,NA,NA,NA,NA,NA,NA,2025-07-01,2150,"Total revenues accrual",NA,"OK",NA
"factor_midas","France","Revenues","2025-07-27",1313.24766705035,2,NA,NA,NA,NA,NA,NA,2025-07-01,2150,"Total revenues accrual",NA,"OK",NA
"factor_midas","France","Revenues","2025-07-31",1536.42660804969,2,NA,NA,NA,NA,NA,NA,2025-07-01,2150,"Total revenues accrual",NA,"OK",NA
"factor_midas","France","Revenues","2025-08-01",1614.52541219635,2,NA,NA,NA,NA,NA,NA,2025-08-01,2150,"Total revenues accrual",NA,"OK",NA
"factor_midas","France","Revenues","2025-08-05",1922.3548322515,2,NA,NA,NA,NA,NA,NA,2025-08-01,2150,"Total revenues accrual",NA,"OK",NA
"factor_midas","France","Revenues","2025-08-15",1815.71301300358,2,NA,NA,NA,NA,NA,NA,2025-08-01,2150,"Total revenues accrual",NA,"OK",NA
"factor_midas","France","Revenues","2025-08-27",1108.10996802595,2,NA,NA,NA,NA,NA,NA,2025-08-01,2150,"Total revenues accrual",NA,"OK",NA
"factor_midas","France","Revenues","2025-08-28",1147.67244086858,2,NA,NA,NA,NA,NA,NA,2025-08-01,2150,"Total revenues accrual",NA,"OK",NA
"factor_midas","France","Revenues","2025-09-01",1078.76346268242,2,NA,NA,NA,NA,NA,NA,2025-09-01,2150,"Total revenues accrual",NA,"OK",NA
"factor_midas","France","Revenues","2025-09-05",960.115352923587,2,NA,NA,NA,NA,NA,NA,2025-09-01,2150,"Total revenues accrual",NA,"OK",NA
"factor_midas","France","Revenues","2025-09-15",1535.90778415424,2,NA,NA,NA,NA,NA,NA,2025-09-01,2745.10000000003,"Total revenues accrual",NA,"OK",NA
"factor_midas","France","Revenues","2025-09-25",1543.18731187778,2,NA,NA,NA,NA,NA,NA,2025-09-01,2745.10000000003,"Total revenues accrual",NA,"OK",NA
"factor_midas","France","Revenues","2025-09-27",2110.19797884038,2,NA,NA,NA,NA,NA,NA,2025-09-01,2745.10000000003,"Total revenues accrual",NA,"OK",NA
"factor_midas","France","Revenues","2025-10-01",2071.40563895024,2,NA,NA,NA,NA,NA,NA,2025-10-01,2745.10000000003,"Total revenues accrual",NA,"OK",NA
"factor_midas","France","Revenues","2025-10-03",2024.70447826701,2,NA,NA,NA,NA,NA,NA,2025-10-01,2745.10000000003,"Total revenues accrual",NA,"OK",NA
"factor_midas","France","Revenues","2025-10-05",2114.95938561204,2,NA,NA,NA,NA,NA,NA,2025-10-01,2745.10000000003,"Total revenues accrual",NA,"OK",NA
"factor_midas","France","Revenues","2025-10-15",2004.13551717405,2,NA,NA,NA,NA,NA,NA,2025-10-01,2745.10000000003,"Total revenues accrual",NA,"OK",NA
"factor_midas","France","Revenues","2025-10-27",1639.55527615816,2,NA,NA,NA,NA,NA,NA,2025-10-01,2745.10000000003,"Total revenues accrual",NA,"OK",NA
"factor_midas","France","Revenues","2025-10-30",1818.87205698587,2,NA,NA,NA,NA,NA,NA,2025-10-01,2745.10000000003,"Total revenues accrual",NA,"OK",NA
"factor_midas","France","Revenues","2025-11-01",1850.06727820304,2,NA,NA,NA,NA,NA,NA,2025-11-01,2745.10000000003,"Total revenues accrual",NA,"OK",NA
"factor_midas","France","Revenues","2025-11-05",1823.76972767285,2,NA,NA,NA,NA,NA,NA,2025-11-01,2745.10000000003,"Total revenues accrual",NA,"OK",NA
"factor_midas","France","Revenues","2025-11-06",1823.76972767285,2,NA,NA,NA,NA,NA,NA,2025-11-01,2745.10000000003,"Total revenues accrual",NA,"OK",NA
"factor_midas","France","Revenues","2025-11-15",1721.04198517824,2,NA,NA,NA,NA,NA,NA,2025-11-01,2745.10000000003,"Total revenues accrual",NA,"OK",NA
"factor_midas","France","Revenues","2025-11-27",1863.15185503498,2,NA,NA,NA,NA,NA,NA,2025-11-01,2745.10000000003,"Total revenues accrual",NA,"OK",NA
"factor_midas","France","Revenues","2025-12-01",1858.9227608075,2,NA,NA,NA,NA,NA,NA,2025-12-01,2745.10000000003,"Total revenues accrual",NA,"OK",NA
"factor_midas","France","Revenues","2025-12-05",1755.19419330418,2,NA,NA,NA,NA,NA,NA,2025-12-01,2745.10000000003,"Total revenues accrual",NA,"OK",NA
"factor_midas","France","Revenues","2025-12-15",2026.95240806271,2,NA,NA,NA,NA,NA,NA,2025-12-01,2745.10000000003,"Total revenues accrual",NA,"OK",NA
"factor_midas","France","Revenues","2025-12-25",1938.23706137476,2,NA,NA,NA,NA,NA,NA,2025-12-01,2745.10000000003,"Total revenues accrual",NA,"OK",NA
"factor_midas","France","Revenues","2025-12-27",1808.35862046869,2,NA,NA,NA,NA,NA,NA,2025-12-01,2745.10000000003,"Total revenues accrual",NA,"OK",NA
"factor_midas","France","Revenues","2026-01-05",1844.8045985048,2,NA,NA,NA,NA,NA,NA,2026-01-01,2745.10000000003,"Total revenues accrual",NA,"OK",NA
"factor_midas","France","Revenues","2026-01-15",1844.8045985048,2,NA,NA,NA,NA,NA,NA,2026-01-01,2745.10000000003,"Total revenues accrual",NA,"OK",NA
"factor_midas","France","Revenues","2026-02-05",1844.29279997711,2,NA,NA,NA,NA,NA,NA,2026-02-01,2745.10000000003,"Total revenues accrual",NA,"OK",NA
"factor_midas","France","Revenues","2026-02-15",1844.29279997711,2,NA,NA,NA,NA,NA,NA,2026-02-01,2745.10000000003,"Total revenues accrual",NA,"OK",NA
"factor_midas","France","Revenues","2026-03-15",1843.78568566701,2,NA,NA,NA,NA,NA,NA,2026-03-01,2745.10000000003,"Total revenues accrual",NA,"OK",NA
